{"level":"info","message":"✅ Redis Clients (Pub/Sub) Connected and Ready","timestamp":"2026-07-08 10:48:51"}
{"level":"info","message":"🚀 Server running on http://localhost:5000","timestamp":"2026-07-08 10:48:51"}
{"level":"info","message":"📡 Socket.IO server ready for connections","timestamp":"2026-07-08 10:48:51"}
{"level":"info","message":"OPTIONS /api/calls/sip-config 200 0 - 1.534 ms","timestamp":"2026-07-08 10:48:53"}
{"level":"info","message":"OPTIONS /api/messages/unread-count 200 0 - 0.295 ms","timestamp":"2026-07-08 10:48:53"}
{"level":"info","message":"OPTIONS /api/calls/sip-config 200 0 - 0.292 ms","timestamp":"2026-07-08 10:48:53"}
{"level":"info","message":"OPTIONS /api/messages/unread-count 200 0 - 0.157 ms","timestamp":"2026-07-08 10:48:53"}
{"level":"info","message":"GET /api/calls/sip-config 304 - - 54.617 ms","timestamp":"2026-07-08 10:48:53"}
{"level":"info","message":"GET /api/messages/unread-count 304 - - 87.348 ms","timestamp":"2026-07-08 10:48:53"}
{"level":"info","message":"GET /api/calls/sip-config 304 - - 45.033 ms","timestamp":"2026-07-08 10:48:53"}
{"level":"info","message":"GET /api/messages/unread-count 304 - - 84.656 ms","timestamp":"2026-07-08 10:48:53"}
{"level":"info","message":"OPTIONS /api/attendance/2026/7 200 0 - 0.158 ms","timestamp":"2026-07-08 10:48:54"}
{"level":"info","message":"OPTIONS /api/appointments/revenue/reports 200 0 - 0.154 ms","timestamp":"2026-07-08 10:48:54"}
{"level":"info","message":"OPTIONS /api/appointments/all 200 0 - 0.135 ms","timestamp":"2026-07-08 10:48:54"}
{"level":"info","message":"OPTIONS /api/tasks 200 0 - 0.110 ms","timestamp":"2026-07-08 10:48:54"}
{"level":"info","message":"OPTIONS /api/users/all 200 0 - 0.090 ms","timestamp":"2026-07-08 10:48:54"}
{"level":"info","message":"OPTIONS /api/attendance/range?start=2026-06-30T18:30:00.000Z&end=2026-07-31T18:29:59.999Z 200 0 - 0.156 ms","timestamp":"2026-07-08 10:48:54"}
{"level":"info","message":"OPTIONS /api/admin-status 200 0 - 0.125 ms","timestamp":"2026-07-08 10:48:54"}
{"level":"info","message":"OPTIONS /api/appointments/stats?month=7&year=2026 200 0 - 0.060 ms","timestamp":"2026-07-08 10:48:54"}
{"level":"info","message":"OPTIONS /api/appointments/stats?month=6&year=2026 200 0 - 0.076 ms","timestamp":"2026-07-08 10:48:54"}
{"level":"info","message":"OPTIONS /api/appointments/revenue 200 0 - 0.082 ms","timestamp":"2026-07-08 10:48:54"}
{"level":"info","message":"OPTIONS /api/users 200 0 - 0.098 ms","timestamp":"2026-07-08 10:48:54"}
{"level":"info","message":"OPTIONS /api/appointments/stats?month=7&year=2026 200 0 - 0.079 ms","timestamp":"2026-07-08 10:48:54"}
{"level":"info","message":"OPTIONS /api/appointments/stats?month=6&year=2026 200 0 - 0.078 ms","timestamp":"2026-07-08 10:48:54"}
{"level":"info","message":"OPTIONS /api/appointments/revenue 200 0 - 0.051 ms","timestamp":"2026-07-08 10:48:54"}
{"level":"info","message":"GET /api/appointments/revenue/reports 304 - - 985.014 ms","timestamp":"2026-07-08 10:48:55"}
{"level":"info","message":"GET /api/users/all 200 - - 1075.861 ms","timestamp":"2026-07-08 10:48:55"}
{"level":"info","message":"GET /api/appointments/stats?month=7&year=2026 304 - - 150.262 ms","timestamp":"2026-07-08 10:48:55"}
{"level":"info","message":"GET /api/attendance/2026/7 200 - - 1246.539 ms","timestamp":"2026-07-08 10:48:55"}
{"level":"info","message":"GET /api/attendance/range?start=2026-06-30T18:30:00.000Z&end=2026-07-31T18:29:59.999Z 200 - - 1229.039 ms","timestamp":"2026-07-08 10:48:55"}
{"level":"info","message":"GET /api/appointments/all 304 - - 1269.655 ms","timestamp":"2026-07-08 10:48:55"}
{"level":"info","message":"GET /api/appointments/revenue/reports 304 - - 54.425 ms","timestamp":"2026-07-08 10:48:55"}
{"level":"info","message":"GET /api/appointments/stats?month=6&year=2026 304 - - 90.987 ms","timestamp":"2026-07-08 10:48:55"}
{"level":"info","message":"GET /api/admin-status 200 48 - 338.797 ms","timestamp":"2026-07-08 10:48:55"}
{"level":"info","message":"GET /api/appointments/revenue 304 - - 121.734 ms","timestamp":"2026-07-08 10:48:55"}
{"level":"info","message":"GET /api/tasks 304 - - 1387.772 ms","timestamp":"2026-07-08 10:48:55"}
{"level":"info","message":"GET /api/appointments/stats?month=7&year=2026 304 - - 65.332 ms","timestamp":"2026-07-08 10:48:55"}
{"level":"info","message":"GET /api/users 200 - - 174.312 ms","timestamp":"2026-07-08 10:48:55"}
{"level":"info","message":"GET /api/users/all 304 - - 116.947 ms","timestamp":"2026-07-08 10:48:55"}
{"level":"info","message":"GET /api/appointments/stats?month=6&year=2026 304 - - 58.932 ms","timestamp":"2026-07-08 10:48:55"}
{"level":"info","message":"GET /api/attendance/2026/7 304 - - 125.625 ms","timestamp":"2026-07-08 10:48:55"}
{"level":"info","message":"GET /api/admin-status 304 - - 60.018 ms","timestamp":"2026-07-08 10:48:55"}
{"level":"info","message":"GET /api/attendance/range?start=2026-06-30T18:30:00.000Z&end=2026-07-31T18:29:59.999Z 304 - - 121.589 ms","timestamp":"2026-07-08 10:48:55"}
{"level":"info","message":"GET /api/appointments/revenue 304 - - 88.567 ms","timestamp":"2026-07-08 10:48:55"}
{"level":"info","message":"GET /api/tasks 304 - - 128.428 ms","timestamp":"2026-07-08 10:48:55"}
{"level":"info","message":"GET /api/users 304 - - 144.328 ms","timestamp":"2026-07-08 10:48:55"}
{"level":"info","message":"GET /api/appointments/all 304 - - 268.634 ms","timestamp":"2026-07-08 10:48:55"}
{"level":"info","message":"GET /api/tasks 304 - - 98.754 ms","timestamp":"2026-07-08 10:48:55"}
{"level":"info","message":"GET /api/tasks 304 - - 85.264 ms","timestamp":"2026-07-08 10:48:55"}
{"level":"info","message":"OPTIONS /api/calls/sip-config 200 0 - 0.228 ms","timestamp":"2026-07-08 10:49:03"}
{"level":"info","message":"OPTIONS /api/messages/unread-count 200 0 - 0.084 ms","timestamp":"2026-07-08 10:49:03"}
{"level":"info","message":"OPTIONS /api/messages/unread-count 200 0 - 0.092 ms","timestamp":"2026-07-08 10:49:03"}
{"level":"info","message":"OPTIONS /api/calls/sip-config 200 0 - 0.091 ms","timestamp":"2026-07-08 10:49:03"}
{"level":"info","message":"GET /api/calls/sip-config 304 - - 41.746 ms","timestamp":"2026-07-08 10:49:03"}
{"level":"info","message":"GET /api/messages/unread-count 304 - - 61.365 ms","timestamp":"2026-07-08 10:49:03"}
{"level":"info","message":"GET /api/calls/sip-config 304 - - 30.446 ms","timestamp":"2026-07-08 10:49:03"}
{"level":"info","message":"GET /api/messages/unread-count 304 - - 55.347 ms","timestamp":"2026-07-08 10:49:03"}
{"level":"info","message":"OPTIONS /api/attendance/2026/7 200 0 - 0.057 ms","timestamp":"2026-07-08 10:49:04"}
{"level":"info","message":"OPTIONS /api/users 200 0 - 0.037 ms","timestamp":"2026-07-08 10:49:04"}
{"level":"info","message":"OPTIONS /api/attendance/2026/7 200 0 - 0.036 ms","timestamp":"2026-07-08 10:49:04"}
{"level":"info","message":"OPTIONS /api/users 200 0 - 0.049 ms","timestamp":"2026-07-08 10:49:04"}
{"level":"info","message":"GET /api/attendance/2026/7 304 - - 107.888 ms","timestamp":"2026-07-08 10:49:04"}
{"level":"info","message":"GET /api/users 200 - - 145.161 ms","timestamp":"2026-07-08 10:49:04"}
{"level":"info","message":"GET /api/attendance/2026/7 304 - - 120.248 ms","timestamp":"2026-07-08 10:49:04"}
{"level":"info","message":"GET /api/users 304 - - 98.664 ms","timestamp":"2026-07-08 10:49:04"}
{"level":"info","message":"OPTIONS /api/attendance/2026/7 200 0 - 0.236 ms","timestamp":"2026-07-08 10:49:34"}
{"level":"info","message":"GET /api/attendance/2026/7 304 - - 129.426 ms","timestamp":"2026-07-08 10:49:34"}
{"level":"info","message":"OPTIONS /api/attendance/2026/7 200 0 - 0.195 ms","timestamp":"2026-07-08 10:50:04"}
{"level":"info","message":"GET /api/attendance/2026/7 304 - - 119.219 ms","timestamp":"2026-07-08 10:50:04"}
{"level":"info","message":"OPTIONS /api/attendance/2026/7 200 0 - 0.183 ms","timestamp":"2026-07-08 10:50:34"}
{"level":"info","message":"GET /api/attendance/2026/7 304 - - 109.732 ms","timestamp":"2026-07-08 10:50:34"}
{"level":"info","message":"OPTIONS /api/attendance/2026/7 200 0 - 0.061 ms","timestamp":"2026-07-08 10:51:04"}
{"level":"info","message":"GET /api/attendance/2026/7 304 - - 119.246 ms","timestamp":"2026-07-08 10:51:04"}
{"level":"info","message":"OPTIONS /api/attendance/2026/7 200 0 - 0.200 ms","timestamp":"2026-07-08 10:51:34"}
{"level":"info","message":"GET /api/attendance/2026/7 304 - - 136.895 ms","timestamp":"2026-07-08 10:51:34"}
{"level":"info","message":"OPTIONS /api/attendance/2026/7 200 0 - 0.194 ms","timestamp":"2026-07-08 10:52:04"}
{"level":"info","message":"GET /api/attendance/2026/7 304 - - 124.430 ms","timestamp":"2026-07-08 10:52:04"}
{"level":"info","message":"OPTIONS /api/attendance/2026/7 200 0 - 0.056 ms","timestamp":"2026-07-08 10:52:34"}
{"level":"info","message":"GET /api/attendance/2026/7 304 - - 113.899 ms","timestamp":"2026-07-08 10:52:34"}
{"level":"info","message":"OPTIONS /api/attendance/2026/7 200 0 - 0.321 ms","timestamp":"2026-07-08 10:53:04"}
{"level":"info","message":"GET /api/attendance/2026/7 304 - - 124.444 ms","timestamp":"2026-07-08 10:53:04"}
{"level":"info","message":"OPTIONS /api/attendance/2026/7 200 0 - 0.191 ms","timestamp":"2026-07-08 10:53:34"}
{"level":"info","message":"GET /api/attendance/2026/7 304 - - 123.285 ms","timestamp":"2026-07-08 10:53:34"}
{"level":"info","message":"OPTIONS /api/attendance/2026/7 200 0 - 0.187 ms","timestamp":"2026-07-08 10:54:04"}
{"level":"info","message":"GET /api/attendance/2026/7 304 - - 125.335 ms","timestamp":"2026-07-08 10:54:04"}
{"level":"info","message":"OPTIONS /api/attendance/2026/7 200 0 - 0.191 ms","timestamp":"2026-07-08 10:54:34"}
{"level":"info","message":"GET /api/attendance/2026/7 304 - - 143.516 ms","timestamp":"2026-07-08 10:54:34"}
{"level":"info","message":"OPTIONS /api/attendance/2026/7 200 0 - 0.076 ms","timestamp":"2026-07-08 10:55:04"}
{"level":"info","message":"GET /api/attendance/2026/7 304 - - 106.324 ms","timestamp":"2026-07-08 10:55:04"}
{"level":"info","message":"OPTIONS /api/attendance/2026/7 200 0 - 0.055 ms","timestamp":"2026-07-08 10:55:34"}
{"level":"info","message":"GET /api/attendance/2026/7 304 - - 105.289 ms","timestamp":"2026-07-08 10:55:34"}
{"level":"info","message":"OPTIONS /api/attendance/2026/7 200 0 - 0.065 ms","timestamp":"2026-07-08 10:56:04"}
{"level":"info","message":"GET /api/attendance/2026/7 304 - - 106.266 ms","timestamp":"2026-07-08 10:56:04"}
{"level":"info","message":"OPTIONS /api/attendance/2026/7 200 0 - 0.065 ms","timestamp":"2026-07-08 10:56:34"}
{"level":"info","message":"GET /api/attendance/2026/7 304 - - 118.106 ms","timestamp":"2026-07-08 10:56:34"}
{"level":"info","message":"OPTIONS /api/attendance/2026/7 200 0 - 0.051 ms","timestamp":"2026-07-08 10:57:04"}
{"level":"info","message":"GET /api/attendance/2026/7 304 - - 108.536 ms","timestamp":"2026-07-08 10:57:04"}
{"level":"info","message":"OPTIONS /api/attendance/2026/7 200 0 - 0.192 ms","timestamp":"2026-07-08 10:57:34"}
{"level":"info","message":"GET /api/attendance/2026/7 304 - - 123.166 ms","timestamp":"2026-07-08 10:57:34"}
{"level":"info","message":"OPTIONS /api/attendance/2026/7 200 0 - 0.174 ms","timestamp":"2026-07-08 10:58:04"}
{"level":"info","message":"GET /api/attendance/2026/7 304 - - 126.191 ms","timestamp":"2026-07-08 10:58:04"}
{"level":"info","message":"OPTIONS /api/attendance/2026/7 200 0 - 0.197 ms","timestamp":"2026-07-08 10:58:34"}
{"level":"info","message":"GET /api/attendance/2026/7 304 - - 110.600 ms","timestamp":"2026-07-08 10:58:34"}
{"level":"info","message":"OPTIONS /api/attendance/2026/7 200 0 - 0.183 ms","timestamp":"2026-07-08 10:59:04"}
{"level":"info","message":"GET /api/attendance/2026/7 304 - - 125.816 ms","timestamp":"2026-07-08 10:59:04"}
{"level":"info","message":"OPTIONS /api/attendance/2026/7 200 0 - 0.309 ms","timestamp":"2026-07-08 10:59:34"}
{"level":"info","message":"GET /api/attendance/2026/7 304 - - 125.899 ms","timestamp":"2026-07-08 10:59:34"}
{"level":"info","message":"OPTIONS /api/attendance/2026/7 200 0 - 0.186 ms","timestamp":"2026-07-08 11:00:04"}
{"level":"info","message":"GET /api/attendance/2026/7 304 - - 124.624 ms","timestamp":"2026-07-08 11:00:04"}
{"level":"info","message":"OPTIONS /api/attendance/2026/7 200 0 - 0.054 ms","timestamp":"2026-07-08 11:00:34"}
{"level":"info","message":"GET /api/attendance/2026/7 304 - - 104.864 ms","timestamp":"2026-07-08 11:00:34"}
{"level":"info","message":"OPTIONS /api/attendance/2026/7 200 0 - 0.095 ms","timestamp":"2026-07-08 11:01:04"}
{"level":"info","message":"GET /api/attendance/2026/7 304 - - 122.887 ms","timestamp":"2026-07-08 11:01:04"}
{"level":"info","message":"OPTIONS /api/attendance/2026/7 200 0 - 0.124 ms","timestamp":"2026-07-08 11:01:34"}
{"level":"info","message":"GET /api/attendance/2026/7 200 - - 115.071 ms","timestamp":"2026-07-08 11:01:34"}
{"level":"info","message":"OPTIONS /api/attendance/2026/7 200 0 - 0.171 ms","timestamp":"2026-07-08 11:02:35"}
{"level":"info","message":"GET /api/attendance/2026/7 304 - - 112.272 ms","timestamp":"2026-07-08 11:02:35"}
{"level":"info","message":"OPTIONS /api/attendance/2026/7 200 0 - 0.093 ms","timestamp":"2026-07-08 11:03:36"}
{"level":"info","message":"GET /api/attendance/2026/7 304 - - 112.171 ms","timestamp":"2026-07-08 11:03:36"}
{"level":"info","message":"OPTIONS /api/attendance/2026/7 200 0 - 0.080 ms","timestamp":"2026-07-08 11:04:37"}
{"level":"info","message":"GET /api/attendance/2026/7 304 - - 122.899 ms","timestamp":"2026-07-08 11:04:37"}
{"level":"info","message":"OPTIONS /api/attendance/2026/7 200 0 - 0.090 ms","timestamp":"2026-07-08 11:05:04"}
{"level":"info","message":"GET /api/attendance/2026/7 304 - - 130.216 ms","timestamp":"2026-07-08 11:05:04"}
{"level":"info","message":"OPTIONS /api/attendance/2026/7 200 0 - 0.177 ms","timestamp":"2026-07-08 11:05:34"}
{"level":"info","message":"GET /api/attendance/2026/7 304 - - 125.203 ms","timestamp":"2026-07-08 11:05:34"}
{"level":"info","message":"OPTIONS /api/attendance/2026/7 200 0 - 0.170 ms","timestamp":"2026-07-08 11:06:04"}
{"level":"info","message":"GET /api/attendance/2026/7 304 - - 119.261 ms","timestamp":"2026-07-08 11:06:04"}
{"level":"info","message":"OPTIONS /api/attendance/2026/7 200 0 - 0.188 ms","timestamp":"2026-07-08 11:06:42"}
{"level":"info","message":"GET /api/attendance/2026/7 304 - - 123.103 ms","timestamp":"2026-07-08 11:06:42"}
{"level":"info","message":"OPTIONS /api/attendance/2026/7 200 0 - 0.093 ms","timestamp":"2026-07-08 11:07:14"}
{"level":"info","message":"GET /api/attendance/2026/7 304 - - 119.713 ms","timestamp":"2026-07-08 11:07:14"}
{"level":"info","message":"OPTIONS /api/calls/sip-config 200 0 - 0.056 ms","timestamp":"2026-07-08 11:07:16"}
{"level":"info","message":"OPTIONS /api/messages/unread-count 200 0 - 0.066 ms","timestamp":"2026-07-08 11:07:16"}
{"level":"info","message":"OPTIONS /api/messages/unread-count 200 0 - 0.065 ms","timestamp":"2026-07-08 11:07:16"}
{"level":"info","message":"GET /api/calls/sip-config 304 - - 27.438 ms","timestamp":"2026-07-08 11:07:17"}
{"level":"info","message":"GET /api/calls/sip-config 304 - - 31.673 ms","timestamp":"2026-07-08 11:07:17"}
{"level":"info","message":"GET /api/messages/unread-count 304 - - 59.620 ms","timestamp":"2026-07-08 11:07:17"}
{"level":"info","message":"GET /api/messages/unread-count 304 - - 59.159 ms","timestamp":"2026-07-08 11:07:17"}
{"level":"info","message":"OPTIONS /api/users 200 0 - 0.106 ms","timestamp":"2026-07-08 11:07:17"}
{"level":"info","message":"OPTIONS /api/users 200 0 - 0.095 ms","timestamp":"2026-07-08 11:07:17"}
{"level":"info","message":"GET /api/attendance/2026/7 304 - - 111.062 ms","timestamp":"2026-07-08 11:07:17"}
{"level":"info","message":"GET /api/users 200 - - 137.747 ms","timestamp":"2026-07-08 11:07:17"}
{"level":"info","message":"GET /api/attendance/2026/7 304 - - 109.033 ms","timestamp":"2026-07-08 11:07:17"}
{"level":"info","message":"GET /api/users 304 - - 98.355 ms","timestamp":"2026-07-08 11:07:17"}
{"level":"info","message":"OPTIONS /api/attendance/2026/7 200 0 - 0.333 ms","timestamp":"2026-07-08 11:07:47"}
{"level":"info","message":"GET /api/attendance/2026/7 304 - - 110.109 ms","timestamp":"2026-07-08 11:07:47"}
{"level":"info","message":"OPTIONS /api/attendance/2026/7 200 0 - 0.189 ms","timestamp":"2026-07-08 11:08:17"}
{"level":"info","message":"GET /api/attendance/2026/7 304 - - 124.263 ms","timestamp":"2026-07-08 11:08:17"}
{"level":"info","message":"OPTIONS /api/attendance/2026/7 200 0 - 0.207 ms","timestamp":"2026-07-08 11:08:47"}
{"level":"info","message":"GET /api/attendance/2026/7 304 - - 123.557 ms","timestamp":"2026-07-08 11:08:47"}
{"level":"info","message":"OPTIONS /api/attendance/2026/7 200 0 - 0.195 ms","timestamp":"2026-07-08 11:09:17"}
{"level":"info","message":"GET /api/attendance/2026/7 304 - - 124.054 ms","timestamp":"2026-07-08 11:09:17"}
{"level":"info","message":"OPTIONS /api/attendance/2026/7 200 0 - 0.103 ms","timestamp":"2026-07-08 11:10:10"}
{"level":"info","message":"OPTIONS /api/calls/sip-config 200 0 - 0.147 ms","timestamp":"2026-07-08 11:10:10"}
{"level":"info","message":"GET /api/calls/sip-config 304 - - 27.709 ms","timestamp":"2026-07-08 11:10:10"}
{"level":"info","message":"GET /api/attendance/2026/7 304 - - 108.394 ms","timestamp":"2026-07-08 11:10:10"}
{"level":"info","message":"OPTIONS /api/attendance/2026/7 200 0 - 0.099 ms","timestamp":"2026-07-08 11:10:41"}
{"level":"info","message":"GET /api/attendance/2026/7 304 - - 113.320 ms","timestamp":"2026-07-08 11:10:41"}
{"level":"info","message":"OPTIONS /api/attendance/2026/7 200 0 - 0.201 ms","timestamp":"2026-07-08 11:11:11"}
{"level":"info","message":"GET /api/attendance/2026/7 304 - - 125.405 ms","timestamp":"2026-07-08 11:11:11"}
{"level":"info","message":"OPTIONS /api/attendance/2026/7 200 0 - 0.202 ms","timestamp":"2026-07-08 11:11:41"}
{"level":"info","message":"GET /api/attendance/2026/7 304 - - 114.426 ms","timestamp":"2026-07-08 11:11:41"}
{"level":"info","message":"OPTIONS /api/attendance/2026/7 200 0 - 0.178 ms","timestamp":"2026-07-08 11:12:11"}
{"level":"info","message":"GET /api/attendance/2026/7 304 - - 126.072 ms","timestamp":"2026-07-08 11:12:11"}
{"level":"info","message":"OPTIONS /api/attendance/2026/7 200 0 - 0.089 ms","timestamp":"2026-07-08 11:12:41"}
{"level":"info","message":"GET /api/attendance/2026/7 304 - - 113.745 ms","timestamp":"2026-07-08 11:12:41"}
{"level":"info","message":"OPTIONS /api/attendance/2026/7 200 0 - 0.172 ms","timestamp":"2026-07-08 11:13:10"}
{"level":"info","message":"GET /api/attendance/2026/7 304 - - 124.196 ms","timestamp":"2026-07-08 11:13:10"}
{"level":"info","message":"OPTIONS /api/attendance/2026/7 200 0 - 0.075 ms","timestamp":"2026-07-08 11:13:41"}
{"level":"info","message":"GET /api/attendance/2026/7 304 - - 105.440 ms","timestamp":"2026-07-08 11:13:41"}
{"level":"info","message":"OPTIONS /api/attendance/2026/7 200 0 - 0.180 ms","timestamp":"2026-07-08 11:14:11"}
{"level":"info","message":"GET /api/attendance/2026/7 304 - - 120.658 ms","timestamp":"2026-07-08 11:14:11"}
{"level":"info","message":"OPTIONS /api/attendance/2026/7 200 0 - 0.280 ms","timestamp":"2026-07-08 11:14:42"}
{"level":"info","message":"GET /api/attendance/2026/7 304 - - 127.412 ms","timestamp":"2026-07-08 11:14:42"}
{"level":"info","message":"OPTIONS /api/attendance/2026/7 200 0 - 0.170 ms","timestamp":"2026-07-08 11:15:42"}
{"level":"info","message":"GET /api/attendance/2026/7 304 - - 122.539 ms","timestamp":"2026-07-08 11:15:42"}
{"level":"info","message":"OPTIONS /api/attendance/2026/7 200 0 - 0.147 ms","timestamp":"2026-07-08 11:16:32"}
{"level":"info","message":"GET /api/attendance/2026/7 304 - - 108.860 ms","timestamp":"2026-07-08 11:16:32"}
{"level":"info","message":"OPTIONS /api/attendance/2026/7 200 0 - 0.170 ms","timestamp":"2026-07-08 11:16:40"}
{"level":"info","message":"GET /api/attendance/2026/7 304 - - 125.678 ms","timestamp":"2026-07-08 11:16:40"}
{"level":"info","message":"OPTIONS /api/attendance/2026/7 200 0 - 0.178 ms","timestamp":"2026-07-08 11:17:10"}
{"level":"info","message":"GET /api/attendance/2026/7 304 - - 118.808 ms","timestamp":"2026-07-08 11:17:10"}
{"level":"info","message":"OPTIONS /api/attendance/2026/7 200 0 - 0.189 ms","timestamp":"2026-07-08 11:17:40"}
{"level":"info","message":"GET /api/attendance/2026/7 304 - - 115.278 ms","timestamp":"2026-07-08 11:17:40"}
{"level":"info","message":"✅ Redis Clients (Pub/Sub) Connected and Ready","timestamp":"2026-07-08 11:18:06"}
{"level":"info","message":"🚀 Server running on http://localhost:5000","timestamp":"2026-07-08 11:18:06"}
{"level":"info","message":"📡 Socket.IO server ready for connections","timestamp":"2026-07-08 11:18:06"}
{"level":"info","message":"OPTIONS /api/attendance/2026/7 200 0 - 2.605 ms","timestamp":"2026-07-08 11:18:10"}
{"level":"info","message":"GET /api/attendance/2026/7 304 - - 166.434 ms","timestamp":"2026-07-08 11:18:10"}
{"level":"info","message":"OPTIONS /api/calls/sip-config 200 0 - 0.232 ms","timestamp":"2026-07-08 11:18:11"}
{"level":"info","message":"OPTIONS /api/messages/unread-count 200 0 - 0.166 ms","timestamp":"2026-07-08 11:18:11"}
{"level":"info","message":"OPTIONS /api/messages/unread-count 200 0 - 0.168 ms","timestamp":"2026-07-08 11:18:11"}
{"level":"info","message":"GET /api/calls/sip-config 304 - - 32.597 ms","timestamp":"2026-07-08 11:18:11"}
{"level":"info","message":"GET /api/messages/unread-count 304 - - 61.651 ms","timestamp":"2026-07-08 11:18:11"}
{"level":"info","message":"GET /api/calls/sip-config 304 - - 30.390 ms","timestamp":"2026-07-08 11:18:11"}
{"level":"info","message":"GET /api/messages/unread-count 304 - - 58.328 ms","timestamp":"2026-07-08 11:18:11"}
{"level":"info","message":"OPTIONS /api/users 200 0 - 0.124 ms","timestamp":"2026-07-08 11:18:12"}
{"level":"info","message":"OPTIONS /api/users 200 0 - 0.135 ms","timestamp":"2026-07-08 11:18:12"}
{"level":"info","message":"GET /api/attendance/2026/7 304 - - 114.433 ms","timestamp":"2026-07-08 11:18:12"}
{"level":"info","message":"GET /api/users 200 - - 141.002 ms","timestamp":"2026-07-08 11:18:12"}
{"level":"info","message":"GET /api/attendance/2026/7 304 - - 112.992 ms","timestamp":"2026-07-08 11:18:12"}
{"level":"info","message":"GET /api/users 304 - - 98.139 ms","timestamp":"2026-07-08 11:18:12"}
{"level":"info","message":"OPTIONS /api/calls/sip-config 200 0 - 0.231 ms","timestamp":"2026-07-08 11:18:13"}
{"level":"info","message":"OPTIONS /api/messages/unread-count 200 0 - 0.170 ms","timestamp":"2026-07-08 11:18:13"}
{"level":"info","message":"OPTIONS /api/calls/sip-config 200 0 - 0.159 ms","timestamp":"2026-07-08 11:18:13"}
{"level":"info","message":"OPTIONS /api/messages/unread-count 200 0 - 0.163 ms","timestamp":"2026-07-08 11:18:13"}
{"level":"info","message":"GET /api/calls/sip-config 200 197 - 28.276 ms","timestamp":"2026-07-08 11:18:13"}
{"level":"info","message":"GET /api/calls/sip-config 200 197 - 33.912 ms","timestamp":"2026-07-08 11:18:13"}
{"level":"info","message":"GET /api/messages/unread-count 200 17 - 62.835 ms","timestamp":"2026-07-08 11:18:13"}
{"level":"info","message":"GET /api/messages/unread-count 200 17 - 63.937 ms","timestamp":"2026-07-08 11:18:13"}
{"level":"info","message":"GET /api/attendance/2026/7 304 - - 122.941 ms","timestamp":"2026-07-08 11:18:14"}
{"level":"info","message":"GET /api/users 200 - - 156.636 ms","timestamp":"2026-07-08 11:18:14"}
{"level":"info","message":"GET /api/attendance/2026/7 304 - - 117.439 ms","timestamp":"2026-07-08 11:18:14"}
{"level":"info","message":"GET /api/users 304 - - 98.758 ms","timestamp":"2026-07-08 11:18:14"}
{"level":"info","message":"OPTIONS /api/attendance/2026/7 200 0 - 0.584 ms","timestamp":"2026-07-08 11:18:43"}
{"level":"info","message":"GET /api/attendance/2026/7 304 - - 136.426 ms","timestamp":"2026-07-08 11:18:44"}
{"level":"info","message":"OPTIONS /api/attendance/2026/7 200 0 - 0.192 ms","timestamp":"2026-07-08 11:19:14"}
{"level":"info","message":"GET /api/attendance/2026/7 304 - - 117.743 ms","timestamp":"2026-07-08 11:19:14"}
{"level":"info","message":"OPTIONS /api/attendance/2026/7 200 0 - 0.072 ms","timestamp":"2026-07-08 11:19:44"}
{"level":"info","message":"GET /api/attendance/2026/7 200 - - 113.233 ms","timestamp":"2026-07-08 11:19:44"}
{"level":"info","message":"OPTIONS /api/attendance/2026/7 200 0 - 0.120 ms","timestamp":"2026-07-08 11:20:14"}
{"level":"info","message":"GET /api/attendance/2026/7 200 - - 118.655 ms","timestamp":"2026-07-08 11:20:14"}
{"level":"info","message":"OPTIONS /api/attendance/2026/7 200 0 - 0.317 ms","timestamp":"2026-07-08 11:20:44"}
{"level":"info","message":"GET /api/attendance/2026/7 200 - - 114.930 ms","timestamp":"2026-07-08 11:20:44"}
{"level":"info","message":"OPTIONS /api/attendance/2026/7 200 0 - 0.229 ms","timestamp":"2026-07-08 11:21:14"}
{"level":"info","message":"GET /api/attendance/2026/7 200 - - 111.661 ms","timestamp":"2026-07-08 11:21:14"}
{"level":"info","message":"OPTIONS /api/attendance/2026/7 200 0 - 0.216 ms","timestamp":"2026-07-08 11:22:42"}
{"level":"info","message":"GET /api/attendance/2026/7 200 - - 121.640 ms","timestamp":"2026-07-08 11:22:42"}
{"level":"info","message":"OPTIONS /api/attendance/2026/7 200 0 - 0.128 ms","timestamp":"2026-07-08 11:23:42"}
{"level":"info","message":"GET /api/attendance/2026/7 200 - - 110.616 ms","timestamp":"2026-07-08 11:23:42"}
{"level":"info","message":"OPTIONS /api/attendance/2026/7 200 0 - 0.098 ms","timestamp":"2026-07-08 11:24:12"}
{"level":"info","message":"GET /api/attendance/2026/7 200 - - 113.270 ms","timestamp":"2026-07-08 11:24:12"}
{"level":"info","message":"OPTIONS /api/attendance/2026/7 200 0 - 0.197 ms","timestamp":"2026-07-08 11:24:13"}
{"level":"info","message":"GET /api/attendance/2026/7 200 - - 129.793 ms","timestamp":"2026-07-08 11:24:14"}
{"level":"info","message":"OPTIONS /api/calls/sip-config 200 0 - 0.109 ms","timestamp":"2026-07-08 11:24:17"}
{"level":"info","message":"OPTIONS /api/messages/unread-count 200 0 - 0.085 ms","timestamp":"2026-07-08 11:24:17"}
{"level":"info","message":"OPTIONS /api/messages/unread-count 200 0 - 0.080 ms","timestamp":"2026-07-08 11:24:17"}
{"level":"info","message":"GET /api/calls/sip-config 304 - - 28.954 ms","timestamp":"2026-07-08 11:24:17"}
{"level":"info","message":"GET /api/calls/sip-config 304 - - 28.458 ms","timestamp":"2026-07-08 11:24:17"}
{"level":"info","message":"GET /api/messages/unread-count 304 - - 61.580 ms","timestamp":"2026-07-08 11:24:17"}
{"level":"info","message":"GET /api/messages/unread-count 304 - - 55.415 ms","timestamp":"2026-07-08 11:24:17"}
{"level":"info","message":"OPTIONS /api/users 200 0 - 0.054 ms","timestamp":"2026-07-08 11:24:18"}
{"level":"info","message":"OPTIONS /api/users 200 0 - 0.100 ms","timestamp":"2026-07-08 11:24:18"}
{"level":"info","message":"GET /api/attendance/2026/7 304 - - 111.521 ms","timestamp":"2026-07-08 11:24:18"}
{"level":"info","message":"GET /api/users 200 - - 137.221 ms","timestamp":"2026-07-08 11:24:18"}
{"level":"info","message":"GET /api/attendance/2026/7 304 - - 108.441 ms","timestamp":"2026-07-08 11:24:18"}
{"level":"info","message":"GET /api/users 304 - - 96.020 ms","timestamp":"2026-07-08 11:24:18"}
{"level":"info","message":"GET /api/calls/sip-config 304 - - 30.783 ms","timestamp":"2026-07-08 11:24:19"}
{"level":"info","message":"GET /api/messages/unread-count 304 - - 58.490 ms","timestamp":"2026-07-08 11:24:19"}
{"level":"info","message":"GET /api/calls/sip-config 304 - - 28.813 ms","timestamp":"2026-07-08 11:24:19"}
{"level":"info","message":"GET /api/messages/unread-count 304 - - 59.177 ms","timestamp":"2026-07-08 11:24:19"}
{"level":"info","message":"OPTIONS /api/attendance/2026/7 200 0 - 0.135 ms","timestamp":"2026-07-08 11:24:20"}
{"level":"info","message":"OPTIONS /api/attendance/2026/7 200 0 - 0.127 ms","timestamp":"2026-07-08 11:24:20"}
{"level":"info","message":"GET /api/attendance/2026/7 304 - - 108.192 ms","timestamp":"2026-07-08 11:24:20"}
{"level":"info","message":"GET /api/users 200 - - 137.328 ms","timestamp":"2026-07-08 11:24:20"}
{"level":"info","message":"GET /api/attendance/2026/7 304 - - 106.025 ms","timestamp":"2026-07-08 11:24:20"}
{"level":"info","message":"GET /api/users 304 - - 100.478 ms","timestamp":"2026-07-08 11:24:20"}
{"level":"info","message":"OPTIONS /api/attendance/2026/7 200 0 - 0.203 ms","timestamp":"2026-07-08 11:24:50"}
{"level":"info","message":"GET /api/attendance/2026/7 304 - - 122.647 ms","timestamp":"2026-07-08 11:24:50"}
{"level":"info","message":"OPTIONS /api/attendance/2026/7 200 0 - 0.181 ms","timestamp":"2026-07-08 11:25:20"}
{"level":"info","message":"GET /api/attendance/2026/7 304 - - 121.288 ms","timestamp":"2026-07-08 11:25:20"}
{"level":"info","message":"OPTIONS /api/attendance/2026/7 200 0 - 0.220 ms","timestamp":"2026-07-08 11:25:50"}
{"level":"info","message":"GET /api/attendance/2026/7 304 - - 120.391 ms","timestamp":"2026-07-08 11:25:50"}
{"level":"info","message":"OPTIONS /api/attendance/2026/7 200 0 - 0.108 ms","timestamp":"2026-07-08 11:26:20"}
{"level":"info","message":"GET /api/attendance/2026/7 200 - - 112.397 ms","timestamp":"2026-07-08 11:26:20"}
{"level":"info","message":"OPTIONS /api/attendance/2026/7 200 0 - 0.178 ms","timestamp":"2026-07-08 11:26:50"}
{"level":"info","message":"GET /api/attendance/2026/7 200 - - 148.823 ms","timestamp":"2026-07-08 11:26:50"}
{"level":"info","message":"OPTIONS /api/appointments/all 200 0 - 0.126 ms","timestamp":"2026-07-08 11:27:02"}
{"level":"info","message":"GET /api/appointments/all 200 - - 198.674 ms","timestamp":"2026-07-08 11:27:02"}
{"level":"info","message":"OPTIONS /api/attendance/2026/7 200 0 - 0.303 ms","timestamp":"2026-07-08 11:27:20"}
{"level":"info","message":"GET /api/attendance/2026/7 200 - - 111.013 ms","timestamp":"2026-07-08 11:27:20"}
{"level":"info","message":"OPTIONS /api/attendance/2026/7 200 0 - 0.111 ms","timestamp":"2026-07-08 11:27:50"}
{"level":"info","message":"GET /api/attendance/2026/7 304 - - 108.991 ms","timestamp":"2026-07-08 11:27:50"}
{"level":"info","message":"OPTIONS /api/attendance/2026/7 200 0 - 0.193 ms","timestamp":"2026-07-08 11:28:42"}
{"level":"info","message":"GET /api/attendance/2026/7 304 - - 124.169 ms","timestamp":"2026-07-08 11:28:42"}
{"level":"info","message":"OPTIONS /api/calls/sip-config 200 0 - 0.076 ms","timestamp":"2026-07-08 11:28:48"}
{"level":"info","message":"OPTIONS /api/messages/unread-count 200 0 - 0.085 ms","timestamp":"2026-07-08 11:28:48"}
{"level":"info","message":"OPTIONS /api/calls/sip-config 200 0 - 0.053 ms","timestamp":"2026-07-08 11:28:48"}
{"level":"info","message":"OPTIONS /api/messages/unread-count 200 0 - 0.059 ms","timestamp":"2026-07-08 11:28:48"}
{"level":"info","message":"GET /api/calls/sip-config 304 - - 31.068 ms","timestamp":"2026-07-08 11:28:48"}
{"level":"info","message":"GET /api/messages/unread-count 304 - - 58.989 ms","timestamp":"2026-07-08 11:28:48"}
{"level":"info","message":"GET /api/calls/sip-config 304 - - 28.364 ms","timestamp":"2026-07-08 11:28:48"}
{"level":"info","message":"GET /api/messages/unread-count 304 - - 54.393 ms","timestamp":"2026-07-08 11:28:48"}
{"level":"info","message":"OPTIONS /api/attendance/2026/7 200 0 - 0.059 ms","timestamp":"2026-07-08 11:28:48"}
{"level":"info","message":"OPTIONS /api/users 200 0 - 0.037 ms","timestamp":"2026-07-08 11:28:48"}
{"level":"info","message":"OPTIONS /api/attendance/2026/7 200 0 - 0.054 ms","timestamp":"2026-07-08 11:28:48"}
{"level":"info","message":"OPTIONS /api/users 200 0 - 0.083 ms","timestamp":"2026-07-08 11:28:48"}
{"level":"info","message":"GET /api/attendance/2026/7 304 - - 114.277 ms","timestamp":"2026-07-08 11:28:48"}
{"level":"info","message":"GET /api/users 200 - - 138.907 ms","timestamp":"2026-07-08 11:28:48"}
{"level":"info","message":"GET /api/attendance/2026/7 304 - - 112.709 ms","timestamp":"2026-07-08 11:28:49"}
{"level":"info","message":"GET /api/users 304 - - 95.564 ms","timestamp":"2026-07-08 11:28:49"}
{"level":"info","message":"OPTIONS /api/attendance/2026/7 200 0 - 0.162 ms","timestamp":"2026-07-08 11:29:19"}
{"level":"info","message":"GET /api/attendance/2026/7 304 - - 109.481 ms","timestamp":"2026-07-08 11:29:19"}
{"level":"info","message":"OPTIONS /api/attendance/2026/7 200 0 - 0.182 ms","timestamp":"2026-07-08 11:29:49"}
{"level":"info","message":"GET /api/attendance/2026/7 304 - - 117.117 ms","timestamp":"2026-07-08 11:29:49"}
{"level":"info","message":"OPTIONS /api/attendance/2026/7 200 0 - 0.187 ms","timestamp":"2026-07-08 11:30:19"}
{"level":"info","message":"GET /api/attendance/2026/7 304 - - 120.034 ms","timestamp":"2026-07-08 11:30:19"}
{"level":"info","message":"OPTIONS /api/attendance/2026/7 200 0 - 0.183 ms","timestamp":"2026-07-08 11:30:49"}
{"level":"info","message":"GET /api/attendance/2026/7 304 - - 126.340 ms","timestamp":"2026-07-08 11:30:49"}
{"level":"info","message":"OPTIONS /api/attendance/2026/7 200 0 - 0.155 ms","timestamp":"2026-07-08 11:31:19"}
{"level":"info","message":"GET /api/attendance/2026/7 304 - - 124.247 ms","timestamp":"2026-07-08 11:31:19"}
{"level":"info","message":"OPTIONS /api/attendance/2026/7 200 0 - 0.181 ms","timestamp":"2026-07-08 11:31:49"}
{"level":"info","message":"GET /api/attendance/2026/7 304 - - 113.333 ms","timestamp":"2026-07-08 11:31:49"}
{"level":"info","message":"OPTIONS /api/attendance/2026/7 200 0 - 0.180 ms","timestamp":"2026-07-08 11:32:42"}
{"level":"info","message":"GET /api/attendance/2026/7 304 - - 121.911 ms","timestamp":"2026-07-08 11:32:42"}
{"level":"info","message":"OPTIONS /api/attendance/2026/7 200 0 - 0.119 ms","timestamp":"2026-07-08 11:33:06"}
{"level":"info","message":"GET /api/attendance/2026/7 304 - - 109.221 ms","timestamp":"2026-07-08 11:33:06"}
{"level":"info","message":"OPTIONS /api/attendance/2026/7 200 0 - 0.077 ms","timestamp":"2026-07-08 11:33:19"}
{"level":"info","message":"GET /api/attendance/2026/7 304 - - 111.112 ms","timestamp":"2026-07-08 11:33:19"}
{"level":"info","message":"OPTIONS /api/attendance/2026/7 200 0 - 0.315 ms","timestamp":"2026-07-08 11:33:49"}
{"level":"info","message":"GET /api/attendance/2026/7 304 - - 120.116 ms","timestamp":"2026-07-08 11:33:49"}
{"level":"info","message":"OPTIONS /api/attendance/2026/7 200 0 - 0.106 ms","timestamp":"2026-07-08 11:34:42"}
{"level":"info","message":"GET /api/attendance/2026/7 304 - - 108.276 ms","timestamp":"2026-07-08 11:34:42"}
{"level":"info","message":"OPTIONS /api/attendance/2026/7 200 0 - 0.198 ms","timestamp":"2026-07-08 11:35:42"}
{"level":"info","message":"GET /api/attendance/2026/7 304 - - 114.982 ms","timestamp":"2026-07-08 11:35:42"}
{"level":"info","message":"OPTIONS /api/attendance/2026/7 200 0 - 0.062 ms","timestamp":"2026-07-08 11:36:42"}
{"level":"info","message":"GET /api/attendance/2026/7 304 - - 118.164 ms","timestamp":"2026-07-08 11:36:42"}
{"level":"info","message":"OPTIONS /api/attendance/2026/7 200 0 - 0.178 ms","timestamp":"2026-07-08 11:37:42"}
{"level":"info","message":"GET /api/attendance/2026/7 304 - - 110.646 ms","timestamp":"2026-07-08 11:37:42"}
{"level":"info","message":"OPTIONS /api/attendance/2026/7 200 0 - 0.052 ms","timestamp":"2026-07-08 11:38:42"}
{"level":"info","message":"GET /api/attendance/2026/7 304 - - 108.773 ms","timestamp":"2026-07-08 11:38:42"}
{"level":"info","message":"OPTIONS /api/attendance/2026/7 200 0 - 0.187 ms","timestamp":"2026-07-08 11:39:42"}
{"level":"info","message":"GET /api/attendance/2026/7 304 - - 107.582 ms","timestamp":"2026-07-08 11:39:42"}
{"level":"info","message":"OPTIONS /api/attendance/2026/7 200 0 - 0.175 ms","timestamp":"2026-07-08 11:40:42"}
{"level":"info","message":"GET /api/attendance/2026/7 304 - - 116.144 ms","timestamp":"2026-07-08 11:40:42"}
{"level":"info","message":"OPTIONS /api/attendance/2026/7 200 0 - 0.213 ms","timestamp":"2026-07-08 11:41:42"}
{"level":"info","message":"GET /api/attendance/2026/7 304 - - 112.999 ms","timestamp":"2026-07-08 11:41:42"}
{"level":"info","message":"OPTIONS /api/attendance/2026/7 200 0 - 0.168 ms","timestamp":"2026-07-08 11:42:42"}
{"level":"info","message":"GET /api/attendance/2026/7 304 - - 112.539 ms","timestamp":"2026-07-08 11:42:42"}
{"level":"info","message":"OPTIONS /api/attendance/2026/7 200 0 - 0.173 ms","timestamp":"2026-07-08 11:42:53"}
{"level":"info","message":"GET /api/attendance/2026/7 304 - - 106.191 ms","timestamp":"2026-07-08 11:42:53"}
{"level":"info","message":"OPTIONS /api/calls/sip-config 200 0 - 0.084 ms","timestamp":"2026-07-08 11:42:55"}
{"level":"info","message":"OPTIONS /api/messages/unread-count 200 0 - 0.048 ms","timestamp":"2026-07-08 11:42:55"}
{"level":"info","message":"OPTIONS /api/messages/unread-count 200 0 - 0.043 ms","timestamp":"2026-07-08 11:42:55"}
{"level":"info","message":"GET /api/calls/sip-config 304 - - 28.206 ms","timestamp":"2026-07-08 11:42:55"}
{"level":"info","message":"GET /api/calls/sip-config 304 - - 29.172 ms","timestamp":"2026-07-08 11:42:55"}
{"level":"info","message":"GET /api/messages/unread-count 304 - - 61.956 ms","timestamp":"2026-07-08 11:42:55"}
{"level":"info","message":"GET /api/messages/unread-count 304 - - 61.601 ms","timestamp":"2026-07-08 11:42:55"}
{"level":"info","message":"OPTIONS /api/users 200 0 - 0.145 ms","timestamp":"2026-07-08 11:42:55"}
{"level":"info","message":"OPTIONS /api/users 200 0 - 0.068 ms","timestamp":"2026-07-08 11:42:55"}
{"level":"info","message":"GET /api/attendance/2026/7 304 - - 127.359 ms","timestamp":"2026-07-08 11:42:55"}
{"level":"info","message":"GET /api/users 200 - - 153.059 ms","timestamp":"2026-07-08 11:42:55"}
{"level":"info","message":"GET /api/attendance/2026/7 304 - - 118.389 ms","timestamp":"2026-07-08 11:42:56"}
{"level":"info","message":"GET /api/users 304 - - 95.488 ms","timestamp":"2026-07-08 11:42:56"}
{"level":"info","message":"OPTIONS /api/attendance/2026/7 200 0 - 0.315 ms","timestamp":"2026-07-08 11:43:26"}
{"level":"info","message":"GET /api/attendance/2026/7 304 - - 136.715 ms","timestamp":"2026-07-08 11:43:26"}
{"level":"info","message":"OPTIONS /api/attendance/2026/7 200 0 - 0.214 ms","timestamp":"2026-07-08 11:43:56"}
{"level":"info","message":"GET /api/attendance/2026/7 304 - - 109.109 ms","timestamp":"2026-07-08 11:43:56"}
{"level":"info","message":"OPTIONS /api/attendance/2026/7 200 0 - 0.059 ms","timestamp":"2026-07-08 11:44:26"}
{"level":"info","message":"GET /api/attendance/2026/7 304 - - 128.204 ms","timestamp":"2026-07-08 11:44:26"}
{"level":"info","message":"OPTIONS /api/attendance/2026/7 200 0 - 0.161 ms","timestamp":"2026-07-08 11:44:56"}
{"level":"info","message":"GET /api/attendance/2026/7 304 - - 117.027 ms","timestamp":"2026-07-08 11:44:56"}
{"level":"info","message":"OPTIONS /api/attendance/2026/7 200 0 - 0.223 ms","timestamp":"2026-07-08 11:45:26"}
{"level":"info","message":"GET /api/attendance/2026/7 304 - - 130.770 ms","timestamp":"2026-07-08 11:45:26"}
{"level":"info","message":"OPTIONS /api/attendance/2026/7 200 0 - 0.180 ms","timestamp":"2026-07-08 11:45:56"}
{"level":"info","message":"GET /api/attendance/2026/7 304 - - 113.751 ms","timestamp":"2026-07-08 11:45:56"}
{"level":"info","message":"OPTIONS /api/attendance/2026/7 200 0 - 0.251 ms","timestamp":"2026-07-08 11:46:42"}
{"level":"info","message":"GET /api/attendance/2026/7 304 - - 111.482 ms","timestamp":"2026-07-08 11:46:42"}
{"level":"info","message":"OPTIONS /api/attendance/2026/7 200 0 - 0.213 ms","timestamp":"2026-07-08 11:47:22"}
{"level":"info","message":"GET /api/attendance/2026/7 304 - - 108.521 ms","timestamp":"2026-07-08 11:47:22"}
{"level":"info","message":"GET /api/attendance/2026/7 304 - - 121.911 ms","timestamp":"2026-07-08 11:47:25"}
{"level":"info","message":"OPTIONS /api/attendance/2026/7 200 0 - 0.167 ms","timestamp":"2026-07-08 11:47:56"}
{"level":"info","message":"GET /api/attendance/2026/7 304 - - 115.197 ms","timestamp":"2026-07-08 11:47:56"}
{"level":"info","message":"OPTIONS /api/attendance/2026/7 200 0 - 0.180 ms","timestamp":"2026-07-08 11:48:26"}
{"level":"info","message":"GET /api/attendance/2026/7 304 - - 116.808 ms","timestamp":"2026-07-08 11:48:26"}
{"level":"info","message":"OPTIONS /api/attendance/2026/7 200 0 - 0.198 ms","timestamp":"2026-07-08 11:49:33"}
{"level":"info","message":"GET /api/attendance/2026/7 304 - - 137.032 ms","timestamp":"2026-07-08 11:49:33"}
{"level":"info","message":"OPTIONS /api/attendance/2026/7 200 0 - 0.113 ms","timestamp":"2026-07-08 11:49:55"}
{"level":"info","message":"GET /api/attendance/2026/7 304 - - 110.711 ms","timestamp":"2026-07-08 11:49:55"}
{"level":"info","message":"OPTIONS /api/attendance/2026/7 200 0 - 0.104 ms","timestamp":"2026-07-08 11:50:26"}
{"level":"info","message":"GET /api/attendance/2026/7 304 - - 143.889 ms","timestamp":"2026-07-08 11:50:26"}
{"level":"info","message":"OPTIONS /api/attendance/2026/7 200 0 - 0.096 ms","timestamp":"2026-07-08 11:50:56"}
{"level":"info","message":"GET /api/attendance/2026/7 304 - - 116.734 ms","timestamp":"2026-07-08 11:50:56"}
{"level":"info","message":"OPTIONS /api/attendance/2026/7 200 0 - 0.137 ms","timestamp":"2026-07-08 11:51:42"}
{"level":"info","message":"GET /api/attendance/2026/7 304 - - 109.230 ms","timestamp":"2026-07-08 11:51:42"}
{"level":"info","message":"OPTIONS /api/attendance/2026/7 200 0 - 0.203 ms","timestamp":"2026-07-08 11:52:42"}
{"level":"info","message":"GET /api/attendance/2026/7 304 - - 124.762 ms","timestamp":"2026-07-08 11:52:42"}
{"level":"info","message":"OPTIONS /api/attendance/2026/7 200 0 - 0.060 ms","timestamp":"2026-07-08 11:53:32"}
{"level":"info","message":"GET /api/attendance/2026/7 304 - - 107.003 ms","timestamp":"2026-07-08 11:53:32"}
{"level":"info","message":"OPTIONS /api/attendance/2026/7 200 0 - 0.424 ms","timestamp":"2026-07-08 11:53:56"}
{"level":"info","message":"GET /api/attendance/2026/7 304 - - 118.230 ms","timestamp":"2026-07-08 11:53:56"}
{"level":"info","message":"OPTIONS /api/attendance/2026/7 200 0 - 0.287 ms","timestamp":"2026-07-08 11:54:26"}
{"level":"info","message":"GET /api/attendance/2026/7 304 - - 113.891 ms","timestamp":"2026-07-08 11:54:26"}
{"level":"info","message":"OPTIONS /api/attendance/2026/7 200 0 - 0.053 ms","timestamp":"2026-07-08 11:54:55"}
{"level":"info","message":"GET /api/attendance/2026/7 304 - - 106.279 ms","timestamp":"2026-07-08 11:54:55"}
{"level":"info","message":"OPTIONS /api/attendance/2026/7 200 0 - 0.168 ms","timestamp":"2026-07-08 11:55:25"}
{"level":"info","message":"GET /api/attendance/2026/7 304 - - 116.499 ms","timestamp":"2026-07-08 11:55:25"}
{"level":"info","message":"OPTIONS /api/attendance/2026/7 200 0 - 0.103 ms","timestamp":"2026-07-08 11:55:55"}
{"level":"info","message":"GET /api/attendance/2026/7 304 - - 134.970 ms","timestamp":"2026-07-08 11:55:55"}
{"level":"info","message":"OPTIONS /api/attendance/2026/7 200 0 - 0.177 ms","timestamp":"2026-07-08 11:56:26"}
{"level":"info","message":"GET /api/attendance/2026/7 304 - - 124.711 ms","timestamp":"2026-07-08 11:56:26"}
{"level":"info","message":"OPTIONS /api/attendance/2026/7 200 0 - 0.171 ms","timestamp":"2026-07-08 11:56:56"}
{"level":"info","message":"GET /api/attendance/2026/7 304 - - 122.386 ms","timestamp":"2026-07-08 11:56:56"}
{"level":"info","message":"OPTIONS /api/attendance/2026/7 200 0 - 0.177 ms","timestamp":"2026-07-08 11:57:42"}
{"level":"info","message":"GET /api/attendance/2026/7 304 - - 113.907 ms","timestamp":"2026-07-08 11:57:42"}
{"level":"info","message":"OPTIONS /api/attendance/2026/7 200 0 - 0.081 ms","timestamp":"2026-07-08 11:58:00"}
{"level":"info","message":"GET /api/attendance/2026/7 304 - - 113.447 ms","timestamp":"2026-07-08 11:58:00"}
{"level":"info","message":"OPTIONS /api/calls/sip-config 200 0 - 0.217 ms","timestamp":"2026-07-08 11:58:11"}
{"level":"info","message":"OPTIONS /api/messages/unread-count 200 0 - 0.108 ms","timestamp":"2026-07-08 11:58:11"}
{"level":"info","message":"OPTIONS /api/calls/sip-config 200 0 - 0.069 ms","timestamp":"2026-07-08 11:58:11"}
{"level":"info","message":"OPTIONS /api/messages/unread-count 200 0 - 0.078 ms","timestamp":"2026-07-08 11:58:11"}
{"level":"info","message":"GET /api/calls/sip-config 304 - - 33.294 ms","timestamp":"2026-07-08 11:58:11"}
{"level":"info","message":"GET /api/calls/sip-config 304 - - 29.818 ms","timestamp":"2026-07-08 11:58:11"}
{"level":"info","message":"GET /api/messages/unread-count 304 - - 64.640 ms","timestamp":"2026-07-08 11:58:11"}
{"level":"info","message":"GET /api/messages/unread-count 304 - - 53.503 ms","timestamp":"2026-07-08 11:58:11"}
{"level":"info","message":"OPTIONS /api/attendance/2026/7 200 0 - 0.055 ms","timestamp":"2026-07-08 11:58:11"}
{"level":"info","message":"OPTIONS /api/users 200 0 - 0.083 ms","timestamp":"2026-07-08 11:58:11"}
{"level":"info","message":"GET /api/attendance/2026/7 304 - - 108.406 ms","timestamp":"2026-07-08 11:58:11"}
{"level":"info","message":"GET /api/users 200 - - 136.984 ms","timestamp":"2026-07-08 11:58:11"}
{"level":"info","message":"GET /api/attendance/2026/7 304 - - 109.001 ms","timestamp":"2026-07-08 11:58:12"}
{"level":"info","message":"GET /api/users 304 - - 97.382 ms","timestamp":"2026-07-08 11:58:12"}
{"level":"info","message":"OPTIONS /api/attendance/2026/7 200 0 - 0.223 ms","timestamp":"2026-07-08 11:58:41"}
{"level":"info","message":"GET /api/attendance/2026/7 304 - - 126.063 ms","timestamp":"2026-07-08 11:58:41"}
{"level":"info","message":"OPTIONS /api/attendance/2026/7 200 0 - 0.097 ms","timestamp":"2026-07-08 11:59:11"}
{"level":"info","message":"GET /api/attendance/2026/7 304 - - 110.035 ms","timestamp":"2026-07-08 11:59:11"}
{"level":"info","message":"OPTIONS /api/attendance/2026/7 200 0 - 0.167 ms","timestamp":"2026-07-08 11:59:41"}
{"level":"info","message":"GET /api/attendance/2026/7 304 - - 112.973 ms","timestamp":"2026-07-08 11:59:41"}
{"level":"info","message":"OPTIONS /api/attendance/2026/7 200 0 - 0.172 ms","timestamp":"2026-07-08 12:00:11"}
{"level":"info","message":"GET /api/attendance/2026/7 304 - - 125.351 ms","timestamp":"2026-07-08 12:00:11"}
{"level":"info","message":"OPTIONS /api/attendance/2026/7 200 0 - 0.177 ms","timestamp":"2026-07-08 12:00:41"}
{"level":"info","message":"GET /api/attendance/2026/7 304 - - 125.008 ms","timestamp":"2026-07-08 12:00:41"}
{"level":"info","message":"OPTIONS /api/attendance/2026/7 200 0 - 0.140 ms","timestamp":"2026-07-08 12:01:11"}
{"level":"info","message":"GET /api/attendance/2026/7 304 - - 115.226 ms","timestamp":"2026-07-08 12:01:11"}
{"level":"info","message":"OPTIONS /api/attendance/2026/7 200 0 - 0.167 ms","timestamp":"2026-07-08 12:01:41"}
{"level":"info","message":"GET /api/attendance/2026/7 304 - - 129.030 ms","timestamp":"2026-07-08 12:01:42"}
{"level":"info","message":"OPTIONS /api/attendance/2026/7 200 0 - 0.165 ms","timestamp":"2026-07-08 12:02:12"}
{"level":"info","message":"GET /api/attendance/2026/7 304 - - 124.489 ms","timestamp":"2026-07-08 12:02:12"}
{"level":"info","message":"OPTIONS /api/attendance/2026/7 200 0 - 0.210 ms","timestamp":"2026-07-08 12:02:42"}
{"level":"info","message":"GET /api/attendance/2026/7 304 - - 119.055 ms","timestamp":"2026-07-08 12:02:42"}
{"level":"info","message":"OPTIONS /api/attendance/2026/7 200 0 - 0.089 ms","timestamp":"2026-07-08 12:03:35"}
{"level":"info","message":"GET /api/attendance/2026/7 304 - - 108.508 ms","timestamp":"2026-07-08 12:03:35"}
{"level":"info","message":"OPTIONS /api/attendance/2026/7 200 0 - 0.253 ms","timestamp":"2026-07-08 12:03:41"}
{"level":"info","message":"GET /api/attendance/2026/7 304 - - 116.000 ms","timestamp":"2026-07-08 12:03:41"}
{"level":"info","message":"OPTIONS /api/attendance/2026/7 200 0 - 0.403 ms","timestamp":"2026-07-08 12:04:12"}
{"level":"info","message":"GET /api/attendance/2026/7 304 - - 121.754 ms","timestamp":"2026-07-08 12:04:12"}
{"level":"info","message":"OPTIONS /api/appointments/revenue/reports 200 0 - 0.074 ms","timestamp":"2026-07-08 12:04:23"}
{"level":"info","message":"OPTIONS /api/appointments/all 200 0 - 0.074 ms","timestamp":"2026-07-08 12:04:23"}
{"level":"info","message":"OPTIONS /api/tasks 200 0 - 0.098 ms","timestamp":"2026-07-08 12:04:23"}
{"level":"info","message":"OPTIONS /api/users/all 200 0 - 0.060 ms","timestamp":"2026-07-08 12:04:23"}
{"level":"info","message":"OPTIONS /api/attendance/range?start=2026-06-30T18:30:00.000Z&end=2026-07-31T18:29:59.999Z 200 0 - 0.063 ms","timestamp":"2026-07-08 12:04:23"}
{"level":"info","message":"OPTIONS /api/admin-status 200 0 - 0.064 ms","timestamp":"2026-07-08 12:04:23"}
{"level":"info","message":"OPTIONS /api/appointments/stats?month=7&year=2026 200 0 - 0.048 ms","timestamp":"2026-07-08 12:04:23"}
{"level":"info","message":"OPTIONS /api/appointments/stats?month=6&year=2026 200 0 - 0.040 ms","timestamp":"2026-07-08 12:04:23"}
{"level":"info","message":"OPTIONS /api/appointments/revenue 200 0 - 0.052 ms","timestamp":"2026-07-08 12:04:23"}
{"level":"info","message":"OPTIONS /api/users 200 0 - 0.042 ms","timestamp":"2026-07-08 12:04:23"}
{"level":"info","message":"GET /api/appointments/revenue/reports 304 - - 56.637 ms","timestamp":"2026-07-08 12:04:23"}
{"level":"info","message":"GET /api/admin-status 200 48 - 59.821 ms","timestamp":"2026-07-08 12:04:23"}
{"level":"info","message":"GET /api/appointments/stats?month=7&year=2026 200 11 - 109.733 ms","timestamp":"2026-07-08 12:04:23"}
{"level":"info","message":"GET /api/appointments/stats?month=6&year=2026 304 - - 97.091 ms","timestamp":"2026-07-08 12:04:23"}
{"level":"info","message":"GET /api/users/all 200 - - 124.419 ms","timestamp":"2026-07-08 12:04:23"}
{"level":"info","message":"GET /api/attendance/range?start=2026-06-30T18:30:00.000Z&end=2026-07-31T18:29:59.999Z 200 - - 160.793 ms","timestamp":"2026-07-08 12:04:23"}
{"level":"info","message":"GET /api/appointments/all 304 - - 211.749 ms","timestamp":"2026-07-08 12:04:23"}
{"level":"info","message":"GET /api/appointments/revenue/reports 304 - - 66.414 ms","timestamp":"2026-07-08 12:04:23"}
{"level":"info","message":"GET /api/admin-status 304 - - 70.346 ms","timestamp":"2026-07-08 12:04:23"}
{"level":"info","message":"GET /api/appointments/revenue 200 45 - 103.645 ms","timestamp":"2026-07-08 12:04:23"}
{"level":"info","message":"GET /api/appointments/stats?month=7&year=2026 304 - - 58.639 ms","timestamp":"2026-07-08 12:04:23"}
{"level":"info","message":"GET /api/appointments/stats?month=6&year=2026 304 - - 54.730 ms","timestamp":"2026-07-08 12:04:23"}
{"level":"info","message":"GET /api/tasks 304 - - 315.445 ms","timestamp":"2026-07-08 12:04:23"}
{"level":"info","message":"GET /api/users/all 304 - - 75.542 ms","timestamp":"2026-07-08 12:04:23"}
{"level":"info","message":"GET /api/users 200 - - 170.636 ms","timestamp":"2026-07-08 12:04:23"}
{"level":"info","message":"GET /api/appointments/revenue 304 - - 115.302 ms","timestamp":"2026-07-08 12:04:24"}
{"level":"info","message":"GET /api/attendance/range?start=2026-06-30T18:30:00.000Z&end=2026-07-31T18:29:59.999Z 304 - - 149.561 ms","timestamp":"2026-07-08 12:04:24"}
{"level":"info","message":"GET /api/appointments/all 304 - - 172.006 ms","timestamp":"2026-07-08 12:04:24"}
{"level":"info","message":"GET /api/tasks 304 - - 140.452 ms","timestamp":"2026-07-08 12:04:24"}
{"level":"info","message":"GET /api/users 304 - - 147.531 ms","timestamp":"2026-07-08 12:04:24"}
{"level":"info","message":"GET /api/tasks 304 - - 130.248 ms","timestamp":"2026-07-08 12:04:24"}
{"level":"info","message":"GET /api/tasks 304 - - 93.412 ms","timestamp":"2026-07-08 12:04:24"}
{"level":"info","message":"OPTIONS /api/appointments/stats?month=7&year=2026 200 0 - 0.084 ms","timestamp":"2026-07-08 12:04:33"}
{"level":"info","message":"OPTIONS /api/appointments/stats?month=6&year=2026 200 0 - 0.054 ms","timestamp":"2026-07-08 12:04:33"}
{"level":"info","message":"OPTIONS /api/appointments/revenue 200 0 - 0.044 ms","timestamp":"2026-07-08 12:04:33"}
{"level":"info","message":"OPTIONS /api/users 200 0 - 0.034 ms","timestamp":"2026-07-08 12:04:33"}
{"level":"info","message":"GET /api/appointments/stats?month=7&year=2026 304 - - 53.148 ms","timestamp":"2026-07-08 12:04:33"}
{"level":"info","message":"GET /api/appointments/stats?month=6&year=2026 304 - - 52.332 ms","timestamp":"2026-07-08 12:04:33"}
{"level":"info","message":"GET /api/appointments/revenue 304 - - 82.152 ms","timestamp":"2026-07-08 12:04:33"}
{"level":"info","message":"GET /api/users 200 - - 139.379 ms","timestamp":"2026-07-08 12:04:33"}
{"level":"info","message":"OPTIONS /api/attendance/2026/7 200 0 - 0.335 ms","timestamp":"2026-07-08 12:04:42"}
{"level":"info","message":"GET /api/attendance/2026/7 304 - - 111.630 ms","timestamp":"2026-07-08 12:04:42"}
{"level":"info","message":"OPTIONS /api/appointments/stats?month=7&year=2026 200 0 - 0.077 ms","timestamp":"2026-07-08 12:04:44"}
{"level":"info","message":"OPTIONS /api/appointments/stats?month=6&year=2026 200 0 - 0.065 ms","timestamp":"2026-07-08 12:04:44"}
{"level":"info","message":"OPTIONS /api/appointments/revenue 200 0 - 0.038 ms","timestamp":"2026-07-08 12:04:44"}
{"level":"info","message":"OPTIONS /api/users 200 0 - 0.033 ms","timestamp":"2026-07-08 12:04:44"}
{"level":"info","message":"GET /api/appointments/stats?month=6&year=2026 304 - - 51.391 ms","timestamp":"2026-07-08 12:04:44"}
{"level":"info","message":"GET /api/appointments/stats?month=7&year=2026 304 - - 57.114 ms","timestamp":"2026-07-08 12:04:44"}
{"level":"info","message":"GET /api/appointments/revenue 304 - - 81.144 ms","timestamp":"2026-07-08 12:04:44"}
{"level":"info","message":"GET /api/users 200 - - 138.300 ms","timestamp":"2026-07-08 12:04:44"}
{"level":"info","message":"OPTIONS /api/users/all 200 0 - 0.322 ms","timestamp":"2026-07-08 12:04:54"}
{"level":"info","message":"OPTIONS /api/attendance/range?start=2026-06-30T18:30:00.000Z&end=2026-07-31T18:29:59.999Z 200 0 - 0.251 ms","timestamp":"2026-07-08 12:04:54"}
{"level":"info","message":"OPTIONS /api/appointments/stats?month=7&year=2026 200 0 - 0.071 ms","timestamp":"2026-07-08 12:04:54"}
{"level":"info","message":"OPTIONS /api/appointments/stats?month=6&year=2026 200 0 - 0.049 ms","timestamp":"2026-07-08 12:04:54"}
{"level":"info","message":"OPTIONS /api/appointments/revenue 200 0 - 0.047 ms","timestamp":"2026-07-08 12:04:54"}
{"level":"info","message":"OPTIONS /api/users 200 0 - 0.037 ms","timestamp":"2026-07-08 12:04:54"}
{"level":"info","message":"GET /api/attendance/range?start=2026-06-30T18:30:00.000Z&end=2026-07-31T18:29:59.999Z 304 - - 119.943 ms","timestamp":"2026-07-08 12:04:54"}
{"level":"info","message":"GET /api/users/all 200 - - 124.180 ms","timestamp":"2026-07-08 12:04:54"}
{"level":"info","message":"GET /api/appointments/stats?month=7&year=2026 304 - - 58.397 ms","timestamp":"2026-07-08 12:04:54"}
{"level":"info","message":"GET /api/appointments/stats?month=6&year=2026 304 - - 58.055 ms","timestamp":"2026-07-08 12:04:54"}
{"level":"info","message":"GET /api/appointments/revenue 304 - - 87.437 ms","timestamp":"2026-07-08 12:04:54"}
{"level":"info","message":"GET /api/users 304 - - 148.609 ms","timestamp":"2026-07-08 12:04:54"}
{"level":"info","message":"OPTIONS /api/appointments/stats?month=7&year=2026 200 0 - 0.052 ms","timestamp":"2026-07-08 12:05:04"}
{"level":"info","message":"OPTIONS /api/appointments/stats?month=6&year=2026 200 0 - 0.057 ms","timestamp":"2026-07-08 12:05:04"}
{"level":"info","message":"OPTIONS /api/appointments/revenue 200 0 - 0.029 ms","timestamp":"2026-07-08 12:05:04"}
{"level":"info","message":"OPTIONS /api/users 200 0 - 0.030 ms","timestamp":"2026-07-08 12:05:04"}
{"level":"info","message":"GET /api/appointments/stats?month=7&year=2026 304 - - 51.943 ms","timestamp":"2026-07-08 12:05:04"}
{"level":"info","message":"GET /api/appointments/stats?month=6&year=2026 304 - - 51.297 ms","timestamp":"2026-07-08 12:05:04"}
{"level":"info","message":"GET /api/appointments/revenue 304 - - 87.168 ms","timestamp":"2026-07-08 12:05:04"}
{"level":"info","message":"GET /api/users 304 - - 143.811 ms","timestamp":"2026-07-08 12:05:04"}
{"level":"info","message":"OPTIONS /api/attendance/2026/7 200 0 - 0.179 ms","timestamp":"2026-07-08 12:05:11"}
{"level":"info","message":"GET /api/attendance/2026/7 304 - - 124.074 ms","timestamp":"2026-07-08 12:05:11"}
{"level":"info","message":"OPTIONS /api/appointments/stats?month=7&year=2026 200 0 - 0.064 ms","timestamp":"2026-07-08 12:05:14"}
{"level":"info","message":"OPTIONS /api/appointments/stats?month=6&year=2026 200 0 - 0.051 ms","timestamp":"2026-07-08 12:05:14"}
{"level":"info","message":"OPTIONS /api/appointments/revenue 200 0 - 0.037 ms","timestamp":"2026-07-08 12:05:14"}
{"level":"info","message":"OPTIONS /api/users 200 0 - 0.033 ms","timestamp":"2026-07-08 12:05:14"}
{"level":"info","message":"GET /api/appointments/stats?month=7&year=2026 304 - - 52.637 ms","timestamp":"2026-07-08 12:05:14"}
{"level":"info","message":"GET /api/appointments/stats?month=6&year=2026 304 - - 53.578 ms","timestamp":"2026-07-08 12:05:14"}
{"level":"info","message":"GET /api/appointments/revenue 304 - - 96.154 ms","timestamp":"2026-07-08 12:05:14"}
{"level":"info","message":"GET /api/users 200 - - 152.190 ms","timestamp":"2026-07-08 12:05:14"}
{"level":"info","message":"OPTIONS /api/users/all 200 0 - 0.189 ms","timestamp":"2026-07-08 12:05:23"}
{"level":"info","message":"OPTIONS /api/attendance/range?start=2026-06-30T18:30:00.000Z&end=2026-07-31T18:29:59.999Z 200 0 - 0.151 ms","timestamp":"2026-07-08 12:05:23"}
{"level":"info","message":"OPTIONS /api/appointments/stats?month=7&year=2026 200 0 - 0.070 ms","timestamp":"2026-07-08 12:05:23"}
{"level":"info","message":"OPTIONS /api/appointments/stats?month=6&year=2026 200 0 - 0.065 ms","timestamp":"2026-07-08 12:05:23"}
{"level":"info","message":"OPTIONS /api/appointments/revenue 200 0 - 0.078 ms","timestamp":"2026-07-08 12:05:23"}
{"level":"info","message":"OPTIONS /api/users 200 0 - 0.063 ms","timestamp":"2026-07-08 12:05:23"}
{"level":"info","message":"GET /api/attendance/range?start=2026-06-30T18:30:00.000Z&end=2026-07-31T18:29:59.999Z 304 - - 123.177 ms","timestamp":"2026-07-08 12:05:23"}
{"level":"info","message":"GET /api/appointments/stats?month=7&year=2026 304 - - 55.636 ms","timestamp":"2026-07-08 12:05:23"}
{"level":"info","message":"GET /api/appointments/stats?month=6&year=2026 304 - - 55.070 ms","timestamp":"2026-07-08 12:05:23"}
{"level":"info","message":"GET /api/users/all 200 - - 127.760 ms","timestamp":"2026-07-08 12:05:23"}
{"level":"info","message":"GET /api/appointments/revenue 304 - - 86.465 ms","timestamp":"2026-07-08 12:05:23"}
{"level":"info","message":"GET /api/users 200 - - 148.701 ms","timestamp":"2026-07-08 12:05:23"}
{"level":"info","message":"OPTIONS /api/appointments/stats?month=7&year=2026 200 0 - 0.136 ms","timestamp":"2026-07-08 12:05:34"}
{"level":"info","message":"OPTIONS /api/appointments/stats?month=6&year=2026 200 0 - 0.056 ms","timestamp":"2026-07-08 12:05:34"}
{"level":"info","message":"OPTIONS /api/appointments/revenue 200 0 - 0.033 ms","timestamp":"2026-07-08 12:05:34"}
{"level":"info","message":"OPTIONS /api/users 200 0 - 0.033 ms","timestamp":"2026-07-08 12:05:34"}
{"level":"info","message":"GET /api/appointments/stats?month=7&year=2026 304 - - 52.363 ms","timestamp":"2026-07-08 12:05:34"}
{"level":"info","message":"GET /api/appointments/stats?month=6&year=2026 304 - - 51.174 ms","timestamp":"2026-07-08 12:05:34"}
{"level":"info","message":"GET /api/appointments/revenue 304 - - 81.403 ms","timestamp":"2026-07-08 12:05:34"}
{"level":"info","message":"GET /api/users 304 - - 134.990 ms","timestamp":"2026-07-08 12:05:34"}
{"level":"info","message":"OPTIONS /api/attendance/2026/7 200 0 - 0.188 ms","timestamp":"2026-07-08 12:05:42"}
{"level":"info","message":"GET /api/attendance/2026/7 304 - - 114.841 ms","timestamp":"2026-07-08 12:05:42"}
{"level":"info","message":"OPTIONS /api/appointments/stats?month=7&year=2026 200 0 - 0.050 ms","timestamp":"2026-07-08 12:05:44"}
{"level":"info","message":"OPTIONS /api/appointments/stats?month=6&year=2026 200 0 - 0.056 ms","timestamp":"2026-07-08 12:05:44"}
{"level":"info","message":"OPTIONS /api/appointments/revenue 200 0 - 0.052 ms","timestamp":"2026-07-08 12:05:44"}
{"level":"info","message":"OPTIONS /api/users 200 0 - 0.050 ms","timestamp":"2026-07-08 12:05:44"}
{"level":"info","message":"GET /api/appointments/stats?month=7&year=2026 304 - - 51.632 ms","timestamp":"2026-07-08 12:05:44"}
{"level":"info","message":"GET /api/appointments/stats?month=6&year=2026 304 - - 51.076 ms","timestamp":"2026-07-08 12:05:44"}
{"level":"info","message":"GET /api/appointments/revenue 304 - - 81.254 ms","timestamp":"2026-07-08 12:05:44"}
{"level":"info","message":"GET /api/users 200 - - 134.907 ms","timestamp":"2026-07-08 12:05:44"}
{"level":"info","message":"OPTIONS /api/users/all 200 0 - 0.151 ms","timestamp":"2026-07-08 12:05:54"}
{"level":"info","message":"OPTIONS /api/attendance/range?start=2026-06-30T18:30:00.000Z&end=2026-07-31T18:29:59.999Z 200 0 - 0.088 ms","timestamp":"2026-07-08 12:05:54"}
{"level":"info","message":"OPTIONS /api/appointments/stats?month=7&year=2026 200 0 - 0.088 ms","timestamp":"2026-07-08 12:05:54"}
{"level":"info","message":"OPTIONS /api/appointments/stats?month=6&year=2026 200 0 - 0.065 ms","timestamp":"2026-07-08 12:05:54"}
{"level":"info","message":"OPTIONS /api/users 200 0 - 0.058 ms","timestamp":"2026-07-08 12:05:54"}
{"level":"info","message":"OPTIONS /api/appointments/revenue 200 0 - 0.052 ms","timestamp":"2026-07-08 12:05:54"}
{"level":"info","message":"GET /api/attendance/range?start=2026-06-30T18:30:00.000Z&end=2026-07-31T18:29:59.999Z 304 - - 116.050 ms","timestamp":"2026-07-08 12:05:54"}
{"level":"info","message":"GET /api/appointments/stats?month=7&year=2026 304 - - 57.340 ms","timestamp":"2026-07-08 12:05:54"}
{"level":"info","message":"GET /api/appointments/stats?month=6&year=2026 304 - - 56.950 ms","timestamp":"2026-07-08 12:05:54"}
{"level":"info","message":"GET /api/users/all 200 - - 116.503 ms","timestamp":"2026-07-08 12:05:54"}
{"level":"info","message":"GET /api/appointments/revenue 304 - - 86.941 ms","timestamp":"2026-07-08 12:05:54"}
{"level":"info","message":"GET /api/users 304 - - 136.788 ms","timestamp":"2026-07-08 12:05:54"}
{"level":"info","message":"OPTIONS /api/appointments/stats?month=7&year=2026 200 0 - 0.078 ms","timestamp":"2026-07-08 12:06:04"}
{"level":"info","message":"OPTIONS /api/appointments/stats?month=6&year=2026 200 0 - 0.043 ms","timestamp":"2026-07-08 12:06:04"}
{"level":"info","message":"OPTIONS /api/appointments/revenue 200 0 - 0.038 ms","timestamp":"2026-07-08 12:06:04"}
{"level":"info","message":"OPTIONS /api/users 200 0 - 0.039 ms","timestamp":"2026-07-08 12:06:04"}
{"level":"info","message":"GET /api/appointments/stats?month=7&year=2026 304 - - 51.421 ms","timestamp":"2026-07-08 12:06:04"}
{"level":"info","message":"GET /api/appointments/stats?month=6&year=2026 304 - - 50.815 ms","timestamp":"2026-07-08 12:06:04"}
{"level":"info","message":"GET /api/appointments/revenue 304 - - 81.904 ms","timestamp":"2026-07-08 12:06:04"}
{"level":"info","message":"GET /api/users 304 - - 137.212 ms","timestamp":"2026-07-08 12:06:04"}
{"level":"info","message":"OPTIONS /api/attendance/2026/7 200 0 - 0.074 ms","timestamp":"2026-07-08 12:06:12"}
{"level":"info","message":"GET /api/attendance/2026/7 304 - - 107.312 ms","timestamp":"2026-07-08 12:06:12"}
{"level":"info","message":"OPTIONS /api/appointments/stats?month=7&year=2026 200 0 - 0.086 ms","timestamp":"2026-07-08 12:06:14"}
{"level":"info","message":"OPTIONS /api/appointments/stats?month=6&year=2026 200 0 - 0.052 ms","timestamp":"2026-07-08 12:06:14"}
{"level":"info","message":"OPTIONS /api/appointments/revenue 200 0 - 0.053 ms","timestamp":"2026-07-08 12:06:14"}
{"level":"info","message":"OPTIONS /api/users 200 0 - 0.038 ms","timestamp":"2026-07-08 12:06:14"}
{"level":"info","message":"GET /api/appointments/stats?month=7&year=2026 304 - - 51.089 ms","timestamp":"2026-07-08 12:06:14"}
{"level":"info","message":"GET /api/appointments/stats?month=6&year=2026 304 - - 51.582 ms","timestamp":"2026-07-08 12:06:14"}
{"level":"info","message":"GET /api/appointments/revenue 304 - - 81.120 ms","timestamp":"2026-07-08 12:06:14"}
{"level":"info","message":"GET /api/users 200 - - 155.895 ms","timestamp":"2026-07-08 12:06:14"}
{"level":"info","message":"OPTIONS /api/users/all 200 0 - 0.331 ms","timestamp":"2026-07-08 12:06:24"}
{"level":"info","message":"OPTIONS /api/attendance/range?start=2026-06-30T18:30:00.000Z&end=2026-07-31T18:29:59.999Z 200 0 - 0.205 ms","timestamp":"2026-07-08 12:06:24"}
{"level":"info","message":"OPTIONS /api/appointments/stats?month=7&year=2026 200 0 - 0.050 ms","timestamp":"2026-07-08 12:06:24"}
{"level":"info","message":"OPTIONS /api/appointments/stats?month=6&year=2026 200 0 - 0.031 ms","timestamp":"2026-07-08 12:06:24"}
{"level":"info","message":"OPTIONS /api/appointments/revenue 200 0 - 0.058 ms","timestamp":"2026-07-08 12:06:24"}
{"level":"info","message":"OPTIONS /api/users 200 0 - 0.027 ms","timestamp":"2026-07-08 12:06:24"}
{"level":"info","message":"GET /api/attendance/range?start=2026-06-30T18:30:00.000Z&end=2026-07-31T18:29:59.999Z 304 - - 111.313 ms","timestamp":"2026-07-08 12:06:24"}
{"level":"info","message":"GET /api/users/all 200 - - 121.085 ms","timestamp":"2026-07-08 12:06:24"}
{"level":"info","message":"GET /api/appointments/stats?month=7&year=2026 304 - - 51.129 ms","timestamp":"2026-07-08 12:06:24"}
{"level":"info","message":"GET /api/appointments/stats?month=6&year=2026 304 - - 51.193 ms","timestamp":"2026-07-08 12:06:24"}
{"level":"info","message":"GET /api/appointments/revenue 304 - - 81.537 ms","timestamp":"2026-07-08 12:06:24"}
{"level":"info","message":"GET /api/users 200 - - 137.066 ms","timestamp":"2026-07-08 12:06:24"}
{"level":"info","message":"OPTIONS /api/appointments/stats?month=7&year=2026 200 0 - 0.055 ms","timestamp":"2026-07-08 12:06:42"}
{"level":"info","message":"OPTIONS /api/appointments/stats?month=6&year=2026 200 0 - 0.049 ms","timestamp":"2026-07-08 12:06:42"}
{"level":"info","message":"OPTIONS /api/appointments/revenue 200 0 - 0.076 ms","timestamp":"2026-07-08 12:06:42"}
{"level":"info","message":"OPTIONS /api/users 200 0 - 0.035 ms","timestamp":"2026-07-08 12:06:42"}
{"level":"info","message":"OPTIONS /api/attendance/2026/7 200 0 - 0.041 ms","timestamp":"2026-07-08 12:06:42"}
{"level":"info","message":"GET /api/appointments/stats?month=7&year=2026 304 - - 52.693 ms","timestamp":"2026-07-08 12:06:42"}
{"level":"info","message":"GET /api/appointments/stats?month=6&year=2026 304 - - 51.574 ms","timestamp":"2026-07-08 12:06:42"}
{"level":"info","message":"GET /api/appointments/revenue 304 - - 81.225 ms","timestamp":"2026-07-08 12:06:42"}
{"level":"info","message":"GET /api/attendance/2026/7 304 - - 117.715 ms","timestamp":"2026-07-08 12:06:42"}
{"level":"info","message":"GET /api/users 304 - - 144.694 ms","timestamp":"2026-07-08 12:06:42"}
{"level":"info","message":"OPTIONS /api/users/all 200 0 - 0.193 ms","timestamp":"2026-07-08 12:06:54"}
{"level":"info","message":"OPTIONS /api/attendance/range?start=2026-06-30T18:30:00.000Z&end=2026-07-31T18:29:59.999Z 200 0 - 0.102 ms","timestamp":"2026-07-08 12:06:54"}
{"level":"info","message":"GET /api/attendance/range?start=2026-06-30T18:30:00.000Z&end=2026-07-31T18:29:59.999Z 304 - - 135.707 ms","timestamp":"2026-07-08 12:06:54"}
{"level":"info","message":"GET /api/users/all 200 - - 133.199 ms","timestamp":"2026-07-08 12:06:54"}
{"level":"info","message":"OPTIONS /api/appointments/stats?month=7&year=2026 200 0 - 0.055 ms","timestamp":"2026-07-08 12:07:10"}
{"level":"info","message":"OPTIONS /api/appointments/stats?month=6&year=2026 200 0 - 0.068 ms","timestamp":"2026-07-08 12:07:10"}
{"level":"info","message":"OPTIONS /api/appointments/revenue 200 0 - 0.057 ms","timestamp":"2026-07-08 12:07:10"}
{"level":"info","message":"OPTIONS /api/users 200 0 - 0.055 ms","timestamp":"2026-07-08 12:07:10"}
{"level":"info","message":"GET /api/appointments/stats?month=7&year=2026 304 - - 54.147 ms","timestamp":"2026-07-08 12:07:10"}
{"level":"info","message":"GET /api/appointments/stats?month=6&year=2026 304 - - 53.260 ms","timestamp":"2026-07-08 12:07:10"}
{"level":"info","message":"GET /api/appointments/revenue 304 - - 82.033 ms","timestamp":"2026-07-08 12:07:10"}
{"level":"info","message":"GET /api/users 200 - - 151.784 ms","timestamp":"2026-07-08 12:07:10"}
{"level":"info","message":"OPTIONS /api/calls/sip-config 200 0 - 0.098 ms","timestamp":"2026-07-08 12:07:11"}
{"level":"info","message":"OPTIONS /api/messages/unread-count 200 0 - 0.054 ms","timestamp":"2026-07-08 12:07:11"}
{"level":"info","message":"OPTIONS /api/calls/sip-config 200 0 - 0.044 ms","timestamp":"2026-07-08 12:07:11"}
{"level":"info","message":"OPTIONS /api/messages/unread-count 200 0 - 0.051 ms","timestamp":"2026-07-08 12:07:11"}
{"level":"info","message":"GET /api/calls/sip-config 304 - - 32.965 ms","timestamp":"2026-07-08 12:07:11"}
{"level":"info","message":"GET /api/messages/unread-count 304 - - 59.282 ms","timestamp":"2026-07-08 12:07:11"}
{"level":"info","message":"GET /api/calls/sip-config 304 - - 41.582 ms","timestamp":"2026-07-08 12:07:11"}
{"level":"info","message":"GET /api/messages/unread-count 304 - - 80.004 ms","timestamp":"2026-07-08 12:07:11"}
{"level":"info","message":"OPTIONS /api/attendance/2026/7 200 0 - 0.070 ms","timestamp":"2026-07-08 12:07:12"}
{"level":"info","message":"OPTIONS /api/appointments/revenue/reports 200 0 - 0.067 ms","timestamp":"2026-07-08 12:07:12"}
{"level":"info","message":"OPTIONS /api/appointments/all 200 0 - 0.063 ms","timestamp":"2026-07-08 12:07:12"}
{"level":"info","message":"OPTIONS /api/tasks 200 0 - 0.064 ms","timestamp":"2026-07-08 12:07:12"}
{"level":"info","message":"OPTIONS /api/users/all 200 0 - 0.052 ms","timestamp":"2026-07-08 12:07:12"}
{"level":"info","message":"OPTIONS /api/attendance/range?start=2026-06-30T18:30:00.000Z&end=2026-07-31T18:29:59.999Z 200 0 - 0.072 ms","timestamp":"2026-07-08 12:07:12"}
{"level":"info","message":"OPTIONS /api/admin-status 200 0 - 0.066 ms","timestamp":"2026-07-08 12:07:12"}
{"level":"info","message":"GET /api/appointments/revenue/reports 304 - - 54.649 ms","timestamp":"2026-07-08 12:07:12"}
{"level":"info","message":"GET /api/appointments/stats?month=7&year=2026 304 - - 53.230 ms","timestamp":"2026-07-08 12:07:12"}
{"level":"info","message":"GET /api/tasks 304 - - 91.323 ms","timestamp":"2026-07-08 12:07:12"}
{"level":"info","message":"GET /api/attendance/2026/7 304 - - 161.396 ms","timestamp":"2026-07-08 12:07:12"}
{"level":"info","message":"GET /api/appointments/stats?month=6&year=2026 304 - - 105.045 ms","timestamp":"2026-07-08 12:07:12"}
{"level":"info","message":"GET /api/appointments/all 304 - - 212.213 ms","timestamp":"2026-07-08 12:07:12"}
{"level":"info","message":"GET /api/appointments/revenue 304 - - 151.846 ms","timestamp":"2026-07-08 12:07:12"}
{"level":"info","message":"GET /api/users/all 200 - - 175.757 ms","timestamp":"2026-07-08 12:07:12"}
{"level":"info","message":"GET /api/admin-status 304 - - 89.548 ms","timestamp":"2026-07-08 12:07:12"}
{"level":"info","message":"GET /api/appointments/revenue/reports 304 - - 87.049 ms","timestamp":"2026-07-08 12:07:12"}
{"level":"info","message":"GET /api/appointments/stats?month=7&year=2026 304 - - 84.098 ms","timestamp":"2026-07-08 12:07:12"}
{"level":"info","message":"GET /api/users 200 - - 221.582 ms","timestamp":"2026-07-08 12:07:12"}
{"level":"info","message":"GET /api/tasks 304 - - 130.856 ms","timestamp":"2026-07-08 12:07:12"}
{"level":"info","message":"GET /api/attendance/range?start=2026-06-30T18:30:00.000Z&end=2026-07-31T18:29:59.999Z 304 - - 166.990 ms","timestamp":"2026-07-08 12:07:12"}
{"level":"info","message":"GET /api/appointments/stats?month=6&year=2026 304 - - 53.630 ms","timestamp":"2026-07-08 12:07:12"}
{"level":"info","message":"GET /api/admin-status 304 - - 53.334 ms","timestamp":"2026-07-08 12:07:12"}
{"level":"info","message":"GET /api/attendance/2026/7 304 - - 137.215 ms","timestamp":"2026-07-08 12:07:12"}
{"level":"info","message":"GET /api/appointments/revenue 304 - - 88.136 ms","timestamp":"2026-07-08 12:07:12"}
{"level":"info","message":"GET /api/users/all 304 - - 129.081 ms","timestamp":"2026-07-08 12:07:12"}
{"level":"info","message":"GET /api/appointments/all 304 - - 206.850 ms","timestamp":"2026-07-08 12:07:12"}
{"level":"info","message":"GET /api/users 304 - - 163.478 ms","timestamp":"2026-07-08 12:07:12"}
{"level":"info","message":"GET /api/tasks 304 - - 120.685 ms","timestamp":"2026-07-08 12:07:12"}
{"level":"info","message":"GET /api/attendance/range?start=2026-06-30T18:30:00.000Z&end=2026-07-31T18:29:59.999Z 304 - - 134.975 ms","timestamp":"2026-07-08 12:07:12"}
{"level":"info","message":"GET /api/tasks 304 - - 81.062 ms","timestamp":"2026-07-08 12:07:12"}
{"level":"info","message":"OPTIONS /api/appointments/stats?month=7&year=2026 200 0 - 0.056 ms","timestamp":"2026-07-08 12:07:22"}
{"level":"info","message":"OPTIONS /api/appointments/stats?month=6&year=2026 200 0 - 0.084 ms","timestamp":"2026-07-08 12:07:22"}
{"level":"info","message":"OPTIONS /api/appointments/revenue 200 0 - 0.067 ms","timestamp":"2026-07-08 12:07:22"}
{"level":"info","message":"OPTIONS /api/users 200 0 - 0.095 ms","timestamp":"2026-07-08 12:07:22"}
{"level":"info","message":"GET /api/appointments/stats?month=7&year=2026 304 - - 51.965 ms","timestamp":"2026-07-08 12:07:22"}
{"level":"info","message":"GET /api/appointments/stats?month=6&year=2026 304 - - 53.256 ms","timestamp":"2026-07-08 12:07:22"}
{"level":"info","message":"GET /api/appointments/revenue 304 - - 87.021 ms","timestamp":"2026-07-08 12:07:22"}
{"level":"info","message":"GET /api/users 200 - - 134.766 ms","timestamp":"2026-07-08 12:07:22"}
{"level":"info","message":"OPTIONS /api/appointments/stats?month=7&year=2026 200 0 - 0.076 ms","timestamp":"2026-07-08 12:07:32"}
{"level":"info","message":"OPTIONS /api/appointments/stats?month=6&year=2026 200 0 - 0.048 ms","timestamp":"2026-07-08 12:07:32"}
{"level":"info","message":"OPTIONS /api/appointments/revenue 200 0 - 0.047 ms","timestamp":"2026-07-08 12:07:32"}
{"level":"info","message":"OPTIONS /api/users 200 0 - 0.030 ms","timestamp":"2026-07-08 12:07:32"}
{"level":"info","message":"GET /api/appointments/stats?month=6&year=2026 304 - - 52.094 ms","timestamp":"2026-07-08 12:07:32"}
{"level":"info","message":"GET /api/appointments/stats?month=7&year=2026 304 - - 54.431 ms","timestamp":"2026-07-08 12:07:32"}
{"level":"info","message":"GET /api/appointments/revenue 304 - - 85.991 ms","timestamp":"2026-07-08 12:07:32"}
{"level":"info","message":"GET /api/users 304 - - 135.342 ms","timestamp":"2026-07-08 12:07:32"}
{"level":"info","message":"OPTIONS /api/attendance/2026/7 200 0 - 0.119 ms","timestamp":"2026-07-08 12:07:42"}
{"level":"info","message":"OPTIONS /api/users/all 200 0 - 0.135 ms","timestamp":"2026-07-08 12:07:42"}
{"level":"info","message":"OPTIONS /api/attendance/range?start=2026-06-30T18:30:00.000Z&end=2026-07-31T18:29:59.999Z 200 0 - 0.169 ms","timestamp":"2026-07-08 12:07:42"}
{"level":"info","message":"OPTIONS /api/appointments/stats?month=7&year=2026 200 0 - 0.125 ms","timestamp":"2026-07-08 12:07:42"}
{"level":"info","message":"OPTIONS /api/appointments/stats?month=6&year=2026 200 0 - 0.071 ms","timestamp":"2026-07-08 12:07:42"}
{"level":"info","message":"OPTIONS /api/appointments/revenue 200 0 - 0.061 ms","timestamp":"2026-07-08 12:07:42"}
{"level":"info","message":"OPTIONS /api/users 200 0 - 0.057 ms","timestamp":"2026-07-08 12:07:42"}
{"level":"info","message":"GET /api/attendance/2026/7 304 - - 120.479 ms","timestamp":"2026-07-08 12:07:42"}
{"level":"info","message":"GET /api/attendance/range?start=2026-06-30T18:30:00.000Z&end=2026-07-31T18:29:59.999Z 304 - - 119.977 ms","timestamp":"2026-07-08 12:07:42"}
{"level":"info","message":"GET /api/users/all 200 - - 115.156 ms","timestamp":"2026-07-08 12:07:42"}
{"level":"info","message":"GET /api/appointments/stats?month=7&year=2026 304 - - 55.284 ms","timestamp":"2026-07-08 12:07:42"}
{"level":"info","message":"GET /api/appointments/stats?month=6&year=2026 304 - - 54.988 ms","timestamp":"2026-07-08 12:07:42"}
{"level":"info","message":"GET /api/appointments/revenue 304 - - 84.489 ms","timestamp":"2026-07-08 12:07:42"}
{"level":"info","message":"GET /api/users 304 - - 116.907 ms","timestamp":"2026-07-08 12:07:42"}
{"level":"info","message":"OPTIONS /api/appointments/stats?month=7&year=2026 200 0 - 0.099 ms","timestamp":"2026-07-08 12:07:52"}
{"level":"info","message":"OPTIONS /api/appointments/stats?month=6&year=2026 200 0 - 0.092 ms","timestamp":"2026-07-08 12:07:52"}
{"level":"info","message":"OPTIONS /api/appointments/revenue 200 0 - 0.092 ms","timestamp":"2026-07-08 12:07:52"}
{"level":"info","message":"OPTIONS /api/users 200 0 - 0.062 ms","timestamp":"2026-07-08 12:07:52"}
{"level":"info","message":"GET /api/appointments/stats?month=7&year=2026 304 - - 52.897 ms","timestamp":"2026-07-08 12:07:52"}
{"level":"info","message":"GET /api/appointments/stats?month=6&year=2026 304 - - 68.905 ms","timestamp":"2026-07-08 12:07:52"}
{"level":"info","message":"GET /api/appointments/revenue 304 - - 92.852 ms","timestamp":"2026-07-08 12:07:52"}
{"level":"info","message":"GET /api/users 200 - - 149.694 ms","timestamp":"2026-07-08 12:07:52"}
{"level":"info","message":"OPTIONS /api/appointments/stats?month=7&year=2026 200 0 - 0.142 ms","timestamp":"2026-07-08 12:08:02"}
{"level":"info","message":"OPTIONS /api/appointments/stats?month=6&year=2026 200 0 - 0.049 ms","timestamp":"2026-07-08 12:08:02"}
{"level":"info","message":"OPTIONS /api/appointments/revenue 200 0 - 0.031 ms","timestamp":"2026-07-08 12:08:02"}
{"level":"info","message":"OPTIONS /api/users 200 0 - 0.030 ms","timestamp":"2026-07-08 12:08:02"}
{"level":"info","message":"GET /api/appointments/stats?month=7&year=2026 304 - - 50.845 ms","timestamp":"2026-07-08 12:08:02"}
{"level":"info","message":"GET /api/appointments/stats?month=6&year=2026 304 - - 51.261 ms","timestamp":"2026-07-08 12:08:02"}
{"level":"info","message":"GET /api/appointments/revenue 304 - - 81.693 ms","timestamp":"2026-07-08 12:08:02"}
{"level":"info","message":"GET /api/users 304 - - 140.094 ms","timestamp":"2026-07-08 12:08:02"}
{"level":"info","message":"OPTIONS /api/attendance/2026/7 200 0 - 0.109 ms","timestamp":"2026-07-08 12:08:12"}
{"level":"info","message":"OPTIONS /api/users/all 200 0 - 0.121 ms","timestamp":"2026-07-08 12:08:12"}
{"level":"info","message":"OPTIONS /api/attendance/range?start=2026-06-30T18:30:00.000Z&end=2026-07-31T18:29:59.999Z 200 0 - 0.074 ms","timestamp":"2026-07-08 12:08:12"}
{"level":"info","message":"OPTIONS /api/appointments/stats?month=7&year=2026 200 0 - 0.053 ms","timestamp":"2026-07-08 12:08:12"}
{"level":"info","message":"OPTIONS /api/appointments/stats?month=6&year=2026 200 0 - 0.078 ms","timestamp":"2026-07-08 12:08:12"}
{"level":"info","message":"OPTIONS /api/appointments/revenue 200 0 - 0.028 ms","timestamp":"2026-07-08 12:08:12"}
{"level":"info","message":"OPTIONS /api/users 200 0 - 0.030 ms","timestamp":"2026-07-08 12:08:12"}
{"level":"info","message":"GET /api/appointments/stats?month=7&year=2026 304 - - 62.842 ms","timestamp":"2026-07-08 12:08:12"}
{"level":"info","message":"GET /api/appointments/stats?month=6&year=2026 304 - - 62.594 ms","timestamp":"2026-07-08 12:08:12"}
{"level":"info","message":"GET /api/attendance/2026/7 304 - - 144.623 ms","timestamp":"2026-07-08 12:08:12"}
{"level":"info","message":"GET /api/attendance/range?start=2026-06-30T18:30:00.000Z&end=2026-07-31T18:29:59.999Z 304 - - 155.777 ms","timestamp":"2026-07-08 12:08:12"}
{"level":"info","message":"GET /api/appointments/revenue 304 - - 96.201 ms","timestamp":"2026-07-08 12:08:12"}
{"level":"info","message":"GET /api/users/all 200 - - 153.885 ms","timestamp":"2026-07-08 12:08:12"}
{"level":"info","message":"GET /api/users 200 - - 161.458 ms","timestamp":"2026-07-08 12:08:12"}
{"level":"info","message":"OPTIONS /api/appointments/stats?month=7&year=2026 200 0 - 0.078 ms","timestamp":"2026-07-08 12:08:42"}
{"level":"info","message":"OPTIONS /api/appointments/stats?month=6&year=2026 200 0 - 0.062 ms","timestamp":"2026-07-08 12:08:42"}
{"level":"info","message":"OPTIONS /api/appointments/revenue 200 0 - 0.038 ms","timestamp":"2026-07-08 12:08:42"}
{"level":"info","message":"OPTIONS /api/users 200 0 - 0.039 ms","timestamp":"2026-07-08 12:08:42"}
{"level":"info","message":"OPTIONS /api/attendance/2026/7 200 0 - 0.027 ms","timestamp":"2026-07-08 12:08:42"}
{"level":"info","message":"OPTIONS /api/users/all 200 0 - 0.031 ms","timestamp":"2026-07-08 12:08:42"}
{"level":"info","message":"OPTIONS /api/attendance/range?start=2026-06-30T18:30:00.000Z&end=2026-07-31T18:29:59.999Z 200 0 - 0.024 ms","timestamp":"2026-07-08 12:08:42"}
{"level":"info","message":"GET /api/appointments/stats?month=7&year=2026 304 - - 52.356 ms","timestamp":"2026-07-08 12:08:42"}
{"level":"info","message":"GET /api/appointments/stats?month=6&year=2026 304 - - 53.293 ms","timestamp":"2026-07-08 12:08:42"}
{"level":"info","message":"GET /api/appointments/revenue 304 - - 83.600 ms","timestamp":"2026-07-08 12:08:42"}
{"level":"info","message":"GET /api/attendance/2026/7 304 - - 123.698 ms","timestamp":"2026-07-08 12:08:42"}
{"level":"info","message":"GET /api/users/all 200 - - 117.312 ms","timestamp":"2026-07-08 12:08:42"}
{"level":"info","message":"GET /api/users 200 - - 143.620 ms","timestamp":"2026-07-08 12:08:42"}
{"level":"info","message":"GET /api/attendance/range?start=2026-06-30T18:30:00.000Z&end=2026-07-31T18:29:59.999Z 304 - - 112.388 ms","timestamp":"2026-07-08 12:08:42"}
{"level":"info","message":"OPTIONS /api/attendance/2026/7 200 0 - 0.046 ms","timestamp":"2026-07-08 12:09:12"}
{"level":"info","message":"OPTIONS /api/users/all 200 0 - 0.056 ms","timestamp":"2026-07-08 12:09:12"}
{"level":"info","message":"OPTIONS /api/attendance/range?start=2026-06-30T18:30:00.000Z&end=2026-07-31T18:29:59.999Z 200 0 - 0.027 ms","timestamp":"2026-07-08 12:09:12"}
{"level":"info","message":"GET /api/attendance/range?start=2026-06-30T18:30:00.000Z&end=2026-07-31T18:29:59.999Z 304 - - 121.215 ms","timestamp":"2026-07-08 12:09:12"}
{"level":"info","message":"GET /api/users/all 200 - - 120.731 ms","timestamp":"2026-07-08 12:09:12"}
{"level":"info","message":"GET /api/attendance/2026/7 304 - - 131.205 ms","timestamp":"2026-07-08 12:09:12"}
{"level":"info","message":"OPTIONS /api/appointments/stats?month=7&year=2026 200 0 - 0.066 ms","timestamp":"2026-07-08 12:09:42"}
{"level":"info","message":"OPTIONS /api/appointments/stats?month=6&year=2026 200 0 - 0.070 ms","timestamp":"2026-07-08 12:09:42"}
{"level":"info","message":"OPTIONS /api/appointments/revenue 200 0 - 0.047 ms","timestamp":"2026-07-08 12:09:42"}
{"level":"info","message":"OPTIONS /api/users 200 0 - 0.062 ms","timestamp":"2026-07-08 12:09:42"}
{"level":"info","message":"OPTIONS /api/attendance/2026/7 200 0 - 0.067 ms","timestamp":"2026-07-08 12:09:42"}
{"level":"info","message":"OPTIONS /api/users/all 200 0 - 0.093 ms","timestamp":"2026-07-08 12:09:42"}
{"level":"info","message":"OPTIONS /api/attendance/range?start=2026-06-30T18:30:00.000Z&end=2026-07-31T18:29:59.999Z 200 0 - 0.050 ms","timestamp":"2026-07-08 12:09:42"}
{"level":"info","message":"GET /api/appointments/stats?month=7&year=2026 304 - - 54.024 ms","timestamp":"2026-07-08 12:09:42"}
{"level":"info","message":"GET /api/appointments/stats?month=6&year=2026 304 - - 53.296 ms","timestamp":"2026-07-08 12:09:42"}
{"level":"info","message":"GET /api/appointments/revenue 304 - - 111.958 ms","timestamp":"2026-07-08 12:09:42"}
{"level":"info","message":"GET /api/attendance/2026/7 304 - - 134.966 ms","timestamp":"2026-07-08 12:09:42"}
{"level":"info","message":"GET /api/users/all 200 - - 122.892 ms","timestamp":"2026-07-08 12:09:42"}
{"level":"info","message":"GET /api/users 200 - - 145.283 ms","timestamp":"2026-07-08 12:09:42"}
{"level":"info","message":"GET /api/attendance/range?start=2026-06-30T18:30:00.000Z&end=2026-07-31T18:29:59.999Z 304 - - 138.731 ms","timestamp":"2026-07-08 12:09:42"}
{"level":"info","message":"OPTIONS /api/appointments/stats?month=7&year=2026 200 0 - 0.075 ms","timestamp":"2026-07-08 12:10:42"}
{"level":"info","message":"OPTIONS /api/appointments/stats?month=6&year=2026 200 0 - 0.048 ms","timestamp":"2026-07-08 12:10:42"}
{"level":"info","message":"OPTIONS /api/appointments/revenue 200 0 - 0.064 ms","timestamp":"2026-07-08 12:10:42"}
{"level":"info","message":"OPTIONS /api/users 200 0 - 0.050 ms","timestamp":"2026-07-08 12:10:42"}
{"level":"info","message":"OPTIONS /api/attendance/2026/7 200 0 - 0.038 ms","timestamp":"2026-07-08 12:10:42"}
{"level":"info","message":"OPTIONS /api/users/all 200 0 - 0.047 ms","timestamp":"2026-07-08 12:10:42"}
{"level":"info","message":"OPTIONS /api/attendance/range?start=2026-06-30T18:30:00.000Z&end=2026-07-31T18:29:59.999Z 200 0 - 0.073 ms","timestamp":"2026-07-08 12:10:42"}
{"level":"info","message":"GET /api/appointments/stats?month=7&year=2026 304 - - 52.956 ms","timestamp":"2026-07-08 12:10:42"}
{"level":"info","message":"GET /api/appointments/stats?month=6&year=2026 304 - - 51.762 ms","timestamp":"2026-07-08 12:10:42"}
{"level":"info","message":"GET /api/appointments/revenue 304 - - 82.426 ms","timestamp":"2026-07-08 12:10:42"}
{"level":"info","message":"GET /api/attendance/2026/7 304 - - 108.288 ms","timestamp":"2026-07-08 12:10:42"}
{"level":"info","message":"GET /api/users/all 200 - - 118.202 ms","timestamp":"2026-07-08 12:10:42"}
{"level":"info","message":"GET /api/users 200 - - 135.382 ms","timestamp":"2026-07-08 12:10:42"}
{"level":"info","message":"GET /api/attendance/range?start=2026-06-30T18:30:00.000Z&end=2026-07-31T18:29:59.999Z 304 - - 106.525 ms","timestamp":"2026-07-08 12:10:42"}
{"level":"info","message":"OPTIONS /api/appointments/stats?month=7&year=2026 200 0 - 0.049 ms","timestamp":"2026-07-08 12:10:54"}
{"level":"info","message":"OPTIONS /api/appointments/stats?month=6&year=2026 200 0 - 0.048 ms","timestamp":"2026-07-08 12:10:54"}
{"level":"info","message":"OPTIONS /api/appointments/revenue 200 0 - 0.038 ms","timestamp":"2026-07-08 12:10:54"}
{"level":"info","message":"OPTIONS /api/users 200 0 - 0.039 ms","timestamp":"2026-07-08 12:10:54"}
{"level":"info","message":"GET /api/appointments/stats?month=7&year=2026 304 - - 53.701 ms","timestamp":"2026-07-08 12:10:54"}
{"level":"info","message":"GET /api/appointments/stats?month=6&year=2026 304 - - 53.052 ms","timestamp":"2026-07-08 12:10:54"}
{"level":"info","message":"GET /api/appointments/revenue 304 - - 83.202 ms","timestamp":"2026-07-08 12:10:54"}
{"level":"info","message":"GET /api/users 200 - - 151.432 ms","timestamp":"2026-07-08 12:10:54"}
{"level":"info","message":"OPTIONS /api/appointments/stats?month=7&year=2026 200 0 - 0.051 ms","timestamp":"2026-07-08 12:11:02"}
{"level":"info","message":"OPTIONS /api/appointments/stats?month=6&year=2026 200 0 - 0.061 ms","timestamp":"2026-07-08 12:11:02"}
{"level":"info","message":"OPTIONS /api/appointments/revenue 200 0 - 0.045 ms","timestamp":"2026-07-08 12:11:02"}
{"level":"info","message":"OPTIONS /api/users 200 0 - 0.050 ms","timestamp":"2026-07-08 12:11:02"}
{"level":"info","message":"GET /api/appointments/stats?month=7&year=2026 304 - - 52.763 ms","timestamp":"2026-07-08 12:11:02"}
{"level":"info","message":"GET /api/appointments/stats?month=6&year=2026 304 - - 51.698 ms","timestamp":"2026-07-08 12:11:02"}
{"level":"info","message":"GET /api/appointments/revenue 304 - - 84.428 ms","timestamp":"2026-07-08 12:11:02"}
{"level":"info","message":"GET /api/users 304 - - 135.976 ms","timestamp":"2026-07-08 12:11:02"}
{"level":"info","message":"OPTIONS /api/attendance/2026/7 200 0 - 0.249 ms","timestamp":"2026-07-08 12:11:12"}
{"level":"info","message":"OPTIONS /api/users/all 200 0 - 0.161 ms","timestamp":"2026-07-08 12:11:12"}
{"level":"info","message":"OPTIONS /api/attendance/range?start=2026-06-30T18:30:00.000Z&end=2026-07-31T18:29:59.999Z 200 0 - 0.160 ms","timestamp":"2026-07-08 12:11:12"}
{"level":"info","message":"OPTIONS /api/appointments/stats?month=7&year=2026 200 0 - 0.071 ms","timestamp":"2026-07-08 12:11:12"}
{"level":"info","message":"OPTIONS /api/appointments/stats?month=6&year=2026 200 0 - 0.045 ms","timestamp":"2026-07-08 12:11:12"}
{"level":"info","message":"OPTIONS /api/appointments/revenue 200 0 - 0.065 ms","timestamp":"2026-07-08 12:11:12"}
{"level":"info","message":"OPTIONS /api/users 200 0 - 0.091 ms","timestamp":"2026-07-08 12:11:12"}
{"level":"info","message":"GET /api/attendance/range?start=2026-06-30T18:30:00.000Z&end=2026-07-31T18:29:59.999Z 304 - - 139.177 ms","timestamp":"2026-07-08 12:11:12"}
{"level":"info","message":"GET /api/attendance/2026/7 304 - - 178.576 ms","timestamp":"2026-07-08 12:11:12"}
{"level":"info","message":"GET /api/users/all 200 - - 162.011 ms","timestamp":"2026-07-08 12:11:12"}
{"level":"info","message":"GET /api/appointments/stats?month=7&year=2026 304 - - 65.985 ms","timestamp":"2026-07-08 12:11:12"}
{"level":"info","message":"GET /api/appointments/stats?month=6&year=2026 304 - - 62.146 ms","timestamp":"2026-07-08 12:11:12"}
{"level":"info","message":"GET /api/appointments/revenue 304 - - 87.725 ms","timestamp":"2026-07-08 12:11:12"}
{"level":"info","message":"GET /api/users 200 - - 121.266 ms","timestamp":"2026-07-08 12:11:12"}
{"level":"info","message":"OPTIONS /api/appointments/stats?month=7&year=2026 200 0 - 0.061 ms","timestamp":"2026-07-08 12:11:22"}
{"level":"info","message":"OPTIONS /api/appointments/stats?month=6&year=2026 200 0 - 0.062 ms","timestamp":"2026-07-08 12:11:22"}
{"level":"info","message":"OPTIONS /api/appointments/revenue 200 0 - 0.033 ms","timestamp":"2026-07-08 12:11:22"}
{"level":"info","message":"OPTIONS /api/users 200 0 - 0.036 ms","timestamp":"2026-07-08 12:11:22"}
{"level":"info","message":"GET /api/appointments/stats?month=7&year=2026 304 - - 53.160 ms","timestamp":"2026-07-08 12:11:22"}
{"level":"info","message":"GET /api/appointments/stats?month=6&year=2026 304 - - 52.516 ms","timestamp":"2026-07-08 12:11:22"}
{"level":"info","message":"GET /api/appointments/revenue 304 - - 82.159 ms","timestamp":"2026-07-08 12:11:22"}
{"level":"info","message":"GET /api/users 200 - - 138.023 ms","timestamp":"2026-07-08 12:11:22"}
{"level":"info","message":"OPTIONS /api/appointments/stats?month=7&year=2026 200 0 - 0.053 ms","timestamp":"2026-07-08 12:11:32"}
{"level":"info","message":"OPTIONS /api/appointments/stats?month=6&year=2026 200 0 - 0.053 ms","timestamp":"2026-07-08 12:11:32"}
{"level":"info","message":"OPTIONS /api/appointments/revenue 200 0 - 0.027 ms","timestamp":"2026-07-08 12:11:32"}
{"level":"info","message":"OPTIONS /api/users 200 0 - 0.038 ms","timestamp":"2026-07-08 12:11:32"}
{"level":"info","message":"GET /api/appointments/stats?month=7&year=2026 304 - - 51.232 ms","timestamp":"2026-07-08 12:11:32"}
{"level":"info","message":"GET /api/appointments/stats?month=6&year=2026 304 - - 50.635 ms","timestamp":"2026-07-08 12:11:32"}
{"level":"info","message":"GET /api/appointments/revenue 304 - - 81.436 ms","timestamp":"2026-07-08 12:11:32"}
{"level":"info","message":"GET /api/users 304 - - 134.844 ms","timestamp":"2026-07-08 12:11:32"}
{"level":"info","message":"OPTIONS /api/attendance/2026/7 200 0 - 0.184 ms","timestamp":"2026-07-08 12:11:42"}
{"level":"info","message":"OPTIONS /api/users/all 200 0 - 0.220 ms","timestamp":"2026-07-08 12:11:42"}
{"level":"info","message":"OPTIONS /api/attendance/range?start=2026-06-30T18:30:00.000Z&end=2026-07-31T18:29:59.999Z 200 0 - 0.259 ms","timestamp":"2026-07-08 12:11:42"}
{"level":"info","message":"OPTIONS /api/appointments/stats?month=7&year=2026 200 0 - 0.062 ms","timestamp":"2026-07-08 12:11:42"}
{"level":"info","message":"OPTIONS /api/appointments/stats?month=6&year=2026 200 0 - 0.061 ms","timestamp":"2026-07-08 12:11:42"}
{"level":"info","message":"OPTIONS /api/appointments/revenue 200 0 - 0.044 ms","timestamp":"2026-07-08 12:11:42"}
{"level":"info","message":"OPTIONS /api/users 200 0 - 0.036 ms","timestamp":"2026-07-08 12:11:42"}
{"level":"info","message":"GET /api/attendance/2026/7 304 - - 114.460 ms","timestamp":"2026-07-08 12:11:42"}
{"level":"info","message":"GET /api/users/all 200 - - 117.657 ms","timestamp":"2026-07-08 12:11:42"}
{"level":"info","message":"GET /api/attendance/range?start=2026-06-30T18:30:00.000Z&end=2026-07-31T18:29:59.999Z 304 - - 112.019 ms","timestamp":"2026-07-08 12:11:42"}
{"level":"info","message":"GET /api/appointments/stats?month=7&year=2026 304 - - 50.997 ms","timestamp":"2026-07-08 12:11:42"}
{"level":"info","message":"GET /api/appointments/stats?month=6&year=2026 304 - - 50.537 ms","timestamp":"2026-07-08 12:11:42"}
{"level":"info","message":"GET /api/appointments/revenue 304 - - 82.266 ms","timestamp":"2026-07-08 12:11:42"}
{"level":"info","message":"GET /api/users 304 - - 115.808 ms","timestamp":"2026-07-08 12:11:42"}
{"level":"info","message":"OPTIONS /api/appointments/stats?month=7&year=2026 200 0 - 0.065 ms","timestamp":"2026-07-08 12:11:52"}
{"level":"info","message":"OPTIONS /api/appointments/stats?month=6&year=2026 200 0 - 0.038 ms","timestamp":"2026-07-08 12:11:52"}
{"level":"info","message":"OPTIONS /api/appointments/revenue 200 0 - 0.026 ms","timestamp":"2026-07-08 12:11:52"}
{"level":"info","message":"OPTIONS /api/users 200 0 - 0.032 ms","timestamp":"2026-07-08 12:11:52"}
{"level":"info","message":"GET /api/appointments/stats?month=7&year=2026 304 - - 51.712 ms","timestamp":"2026-07-08 12:11:52"}
{"level":"info","message":"GET /api/appointments/stats?month=6&year=2026 304 - - 50.367 ms","timestamp":"2026-07-08 12:11:52"}
{"level":"info","message":"GET /api/appointments/revenue 304 - - 80.328 ms","timestamp":"2026-07-08 12:11:52"}
{"level":"info","message":"GET /api/users 200 - - 133.664 ms","timestamp":"2026-07-08 12:11:52"}
{"level":"info","message":"OPTIONS /api/appointments/stats?month=7&year=2026 200 0 - 0.055 ms","timestamp":"2026-07-08 12:12:02"}
{"level":"info","message":"OPTIONS /api/appointments/stats?month=6&year=2026 200 0 - 0.045 ms","timestamp":"2026-07-08 12:12:02"}
{"level":"info","message":"OPTIONS /api/appointments/revenue 200 0 - 0.035 ms","timestamp":"2026-07-08 12:12:02"}
{"level":"info","message":"OPTIONS /api/users 200 0 - 0.038 ms","timestamp":"2026-07-08 12:12:02"}
{"level":"info","message":"GET /api/appointments/stats?month=7&year=2026 304 - - 50.705 ms","timestamp":"2026-07-08 12:12:02"}
{"level":"info","message":"GET /api/appointments/stats?month=6&year=2026 304 - - 50.046 ms","timestamp":"2026-07-08 12:12:02"}
{"level":"info","message":"GET /api/appointments/revenue 304 - - 80.524 ms","timestamp":"2026-07-08 12:12:02"}
{"level":"info","message":"GET /api/users 304 - - 132.408 ms","timestamp":"2026-07-08 12:12:02"}
{"level":"info","message":"OPTIONS /api/attendance/2026/7 200 0 - 0.242 ms","timestamp":"2026-07-08 12:12:12"}
{"level":"info","message":"OPTIONS /api/users/all 200 0 - 0.266 ms","timestamp":"2026-07-08 12:12:12"}
{"level":"info","message":"OPTIONS /api/attendance/range?start=2026-06-30T18:30:00.000Z&end=2026-07-31T18:29:59.999Z 200 0 - 0.143 ms","timestamp":"2026-07-08 12:12:12"}
{"level":"info","message":"OPTIONS /api/appointments/stats?month=7&year=2026 200 0 - 0.046 ms","timestamp":"2026-07-08 12:12:12"}
{"level":"info","message":"OPTIONS /api/appointments/stats?month=6&year=2026 200 0 - 0.051 ms","timestamp":"2026-07-08 12:12:12"}
{"level":"info","message":"OPTIONS /api/appointments/revenue 200 0 - 0.041 ms","timestamp":"2026-07-08 12:12:12"}
{"level":"info","message":"OPTIONS /api/users 200 0 - 0.024 ms","timestamp":"2026-07-08 12:12:12"}
{"level":"info","message":"GET /api/attendance/2026/7 304 - - 108.292 ms","timestamp":"2026-07-08 12:12:12"}
{"level":"info","message":"GET /api/appointments/stats?month=7&year=2026 304 - - 53.193 ms","timestamp":"2026-07-08 12:12:12"}
{"level":"info","message":"GET /api/appointments/stats?month=6&year=2026 304 - - 52.882 ms","timestamp":"2026-07-08 12:12:12"}
{"level":"info","message":"GET /api/attendance/range?start=2026-06-30T18:30:00.000Z&end=2026-07-31T18:29:59.999Z 304 - - 123.690 ms","timestamp":"2026-07-08 12:12:12"}
{"level":"info","message":"GET /api/users/all 200 - - 123.164 ms","timestamp":"2026-07-08 12:12:12"}
{"level":"info","message":"GET /api/appointments/revenue 304 - - 94.624 ms","timestamp":"2026-07-08 12:12:12"}
{"level":"info","message":"GET /api/users 200 - - 115.852 ms","timestamp":"2026-07-08 12:12:12"}
{"level":"info","message":"OPTIONS /api/appointments/stats?month=7&year=2026 200 0 - 0.074 ms","timestamp":"2026-07-08 12:12:22"}
{"level":"info","message":"OPTIONS /api/appointments/stats?month=6&year=2026 200 0 - 0.050 ms","timestamp":"2026-07-08 12:12:22"}
{"level":"info","message":"OPTIONS /api/appointments/revenue 200 0 - 0.026 ms","timestamp":"2026-07-08 12:12:22"}
{"level":"info","message":"OPTIONS /api/users 200 0 - 0.041 ms","timestamp":"2026-07-08 12:12:22"}
{"level":"info","message":"GET /api/appointments/stats?month=7&year=2026 304 - - 51.682 ms","timestamp":"2026-07-08 12:12:22"}
{"level":"info","message":"GET /api/appointments/stats?month=6&year=2026 304 - - 51.452 ms","timestamp":"2026-07-08 12:12:22"}
{"level":"info","message":"GET /api/appointments/revenue 304 - - 82.342 ms","timestamp":"2026-07-08 12:12:22"}
{"level":"info","message":"GET /api/users 200 - - 134.339 ms","timestamp":"2026-07-08 12:12:22"}
{"level":"info","message":"OPTIONS /api/appointments/stats?month=7&year=2026 200 0 - 0.148 ms","timestamp":"2026-07-08 12:12:42"}
{"level":"info","message":"OPTIONS /api/appointments/stats?month=6&year=2026 200 0 - 0.053 ms","timestamp":"2026-07-08 12:12:42"}
{"level":"info","message":"OPTIONS /api/appointments/revenue 200 0 - 0.025 ms","timestamp":"2026-07-08 12:12:42"}
{"level":"info","message":"OPTIONS /api/users 200 0 - 0.030 ms","timestamp":"2026-07-08 12:12:42"}
{"level":"info","message":"OPTIONS /api/attendance/2026/7 200 0 - 0.034 ms","timestamp":"2026-07-08 12:12:42"}
{"level":"info","message":"OPTIONS /api/users/all 200 0 - 0.063 ms","timestamp":"2026-07-08 12:12:42"}
{"level":"info","message":"OPTIONS /api/attendance/range?start=2026-06-30T18:30:00.000Z&end=2026-07-31T18:29:59.999Z 200 0 - 0.053 ms","timestamp":"2026-07-08 12:12:42"}
{"level":"info","message":"GET /api/appointments/stats?month=7&year=2026 304 - - 52.382 ms","timestamp":"2026-07-08 12:12:42"}
{"level":"info","message":"GET /api/appointments/stats?month=6&year=2026 304 - - 50.730 ms","timestamp":"2026-07-08 12:12:42"}
{"level":"info","message":"GET /api/appointments/revenue 304 - - 84.142 ms","timestamp":"2026-07-08 12:12:42"}
{"level":"info","message":"GET /api/attendance/2026/7 304 - - 119.095 ms","timestamp":"2026-07-08 12:12:42"}
{"level":"info","message":"GET /api/users/all 200 - - 115.293 ms","timestamp":"2026-07-08 12:12:42"}
{"level":"info","message":"GET /api/users 304 - - 136.444 ms","timestamp":"2026-07-08 12:12:42"}
{"level":"info","message":"GET /api/attendance/range?start=2026-06-30T18:30:00.000Z&end=2026-07-31T18:29:59.999Z 304 - - 109.584 ms","timestamp":"2026-07-08 12:12:42"}
{"level":"info","message":"OPTIONS /api/appointments/stats?month=7&year=2026 200 0 - 0.096 ms","timestamp":"2026-07-08 12:13:42"}
{"level":"info","message":"OPTIONS /api/appointments/stats?month=6&year=2026 200 0 - 0.043 ms","timestamp":"2026-07-08 12:13:42"}
{"level":"info","message":"OPTIONS /api/appointments/revenue 200 0 - 0.027 ms","timestamp":"2026-07-08 12:13:42"}
{"level":"info","message":"OPTIONS /api/users 200 0 - 0.059 ms","timestamp":"2026-07-08 12:13:42"}
{"level":"info","message":"OPTIONS /api/attendance/2026/7 200 0 - 0.033 ms","timestamp":"2026-07-08 12:13:42"}
{"level":"info","message":"OPTIONS /api/users/all 200 0 - 0.041 ms","timestamp":"2026-07-08 12:13:42"}
{"level":"info","message":"OPTIONS /api/attendance/range?start=2026-06-30T18:30:00.000Z&end=2026-07-31T18:29:59.999Z 200 0 - 0.030 ms","timestamp":"2026-07-08 12:13:42"}
{"level":"info","message":"GET /api/appointments/stats?month=7&year=2026 304 - - 51.453 ms","timestamp":"2026-07-08 12:13:42"}
{"level":"info","message":"GET /api/appointments/stats?month=6&year=2026 304 - - 52.603 ms","timestamp":"2026-07-08 12:13:42"}
{"level":"info","message":"GET /api/appointments/revenue 304 - - 80.842 ms","timestamp":"2026-07-08 12:13:42"}
{"level":"info","message":"GET /api/attendance/2026/7 304 - - 113.141 ms","timestamp":"2026-07-08 12:13:42"}
{"level":"info","message":"GET /api/users/all 200 - - 130.598 ms","timestamp":"2026-07-08 12:13:42"}
{"level":"info","message":"GET /api/users 200 - - 149.613 ms","timestamp":"2026-07-08 12:13:42"}
{"level":"info","message":"GET /api/attendance/range?start=2026-06-30T18:30:00.000Z&end=2026-07-31T18:29:59.999Z 304 - - 140.297 ms","timestamp":"2026-07-08 12:13:42"}
{"level":"info","message":"OPTIONS /api/calls/sip-config 200 0 - 0.081 ms","timestamp":"2026-07-08 12:13:50"}
{"level":"info","message":"OPTIONS /api/messages/unread-count 200 0 - 0.058 ms","timestamp":"2026-07-08 12:13:50"}
{"level":"info","message":"OPTIONS /api/calls/sip-config 200 0 - 0.075 ms","timestamp":"2026-07-08 12:13:50"}
{"level":"info","message":"OPTIONS /api/messages/unread-count 200 0 - 0.071 ms","timestamp":"2026-07-08 12:13:50"}
{"level":"info","message":"GET /api/calls/sip-config 304 - - 34.853 ms","timestamp":"2026-07-08 12:13:50"}
{"level":"info","message":"GET /api/messages/unread-count 304 - - 58.670 ms","timestamp":"2026-07-08 12:13:50"}
{"level":"info","message":"GET /api/calls/sip-config 304 - - 35.670 ms","timestamp":"2026-07-08 12:13:50"}
{"level":"info","message":"GET /api/messages/unread-count 304 - - 55.569 ms","timestamp":"2026-07-08 12:13:50"}
{"level":"info","message":"OPTIONS /api/attendance/2026/7 200 0 - 0.052 ms","timestamp":"2026-07-08 12:13:51"}
{"level":"info","message":"OPTIONS /api/appointments/revenue/reports 200 0 - 0.033 ms","timestamp":"2026-07-08 12:13:51"}
{"level":"info","message":"OPTIONS /api/appointments/all 200 0 - 0.090 ms","timestamp":"2026-07-08 12:13:51"}
{"level":"info","message":"OPTIONS /api/tasks 200 0 - 0.076 ms","timestamp":"2026-07-08 12:13:51"}
{"level":"info","message":"OPTIONS /api/users/all 200 0 - 0.072 ms","timestamp":"2026-07-08 12:13:51"}
{"level":"info","message":"OPTIONS /api/attendance/range?start=2026-06-30T18:30:00.000Z&end=2026-07-31T18:29:59.999Z 200 0 - 0.061 ms","timestamp":"2026-07-08 12:13:51"}
{"level":"info","message":"OPTIONS /api/admin-status 200 0 - 0.050 ms","timestamp":"2026-07-08 12:13:51"}
{"level":"info","message":"OPTIONS /api/appointments/stats?month=7&year=2026 200 0 - 0.048 ms","timestamp":"2026-07-08 12:13:51"}
{"level":"info","message":"OPTIONS /api/appointments/stats?month=6&year=2026 200 0 - 0.044 ms","timestamp":"2026-07-08 12:13:51"}
{"level":"info","message":"OPTIONS /api/appointments/stats?month=6&year=2026 200 0 - 0.080 ms","timestamp":"2026-07-08 12:13:51"}
{"level":"info","message":"OPTIONS /api/appointments/revenue 200 0 - 0.062 ms","timestamp":"2026-07-08 12:13:51"}
{"level":"info","message":"OPTIONS /api/appointments/revenue 200 0 - 0.059 ms","timestamp":"2026-07-08 12:13:51"}
{"level":"info","message":"OPTIONS /api/users 200 0 - 0.056 ms","timestamp":"2026-07-08 12:13:51"}
{"level":"info","message":"GET /api/appointments/revenue/reports 304 - - 57.108 ms","timestamp":"2026-07-08 12:13:51"}
{"level":"info","message":"GET /api/tasks 304 - - 87.969 ms","timestamp":"2026-07-08 12:13:51"}
{"level":"info","message":"GET /api/attendance/2026/7 304 - - 108.890 ms","timestamp":"2026-07-08 12:13:51"}
{"level":"info","message":"GET /api/attendance/range?start=2026-06-30T18:30:00.000Z&end=2026-07-31T18:29:59.999Z 304 - - 160.508 ms","timestamp":"2026-07-08 12:13:51"}
{"level":"info","message":"GET /api/users/all 200 - - 160.101 ms","timestamp":"2026-07-08 12:13:51"}
{"level":"info","message":"GET /api/appointments/all 304 - - 199.348 ms","timestamp":"2026-07-08 12:13:51"}
{"level":"info","message":"GET /api/appointments/stats?month=6&year=2026 304 - - 102.367 ms","timestamp":"2026-07-08 12:13:51"}
{"level":"info","message":"GET /api/appointments/stats?month=7&year=2026 304 - - 117.197 ms","timestamp":"2026-07-08 12:13:51"}
{"level":"info","message":"GET /api/appointments/revenue/reports 304 - - 52.127 ms","timestamp":"2026-07-08 12:13:51"}
{"level":"info","message":"GET /api/appointments/revenue 304 - - 94.395 ms","timestamp":"2026-07-08 12:13:51"}
{"level":"info","message":"GET /api/users 200 - - 95.233 ms","timestamp":"2026-07-08 12:13:51"}
{"level":"info","message":"GET /api/tasks 304 - - 95.914 ms","timestamp":"2026-07-08 12:13:51"}
{"level":"info","message":"GET /api/attendance/2026/7 304 - - 105.901 ms","timestamp":"2026-07-08 12:13:51"}
{"level":"info","message":"GET /api/admin-status 304 - - 298.451 ms","timestamp":"2026-07-08 12:13:51"}
{"level":"info","message":"GET /api/appointments/stats?month=6&year=2026 304 - - 54.111 ms","timestamp":"2026-07-08 12:13:51"}
{"level":"info","message":"GET /api/appointments/stats?month=7&year=2026 304 - - 51.780 ms","timestamp":"2026-07-08 12:13:51"}
{"level":"info","message":"GET /api/users/all 304 - - 133.110 ms","timestamp":"2026-07-08 12:13:51"}
{"level":"info","message":"GET /api/attendance/range?start=2026-06-30T18:30:00.000Z&end=2026-07-31T18:29:59.999Z 304 - - 152.687 ms","timestamp":"2026-07-08 12:13:51"}
{"level":"info","message":"GET /api/appointments/revenue 304 - - 104.242 ms","timestamp":"2026-07-08 12:13:51"}
{"level":"info","message":"GET /api/tasks 304 - - 117.358 ms","timestamp":"2026-07-08 12:13:51"}
{"level":"info","message":"GET /api/users 304 - - 135.064 ms","timestamp":"2026-07-08 12:13:51"}
{"level":"info","message":"GET /api/admin-status 304 - - 82.626 ms","timestamp":"2026-07-08 12:13:51"}
{"level":"info","message":"GET /api/appointments/all 304 - - 221.166 ms","timestamp":"2026-07-08 12:13:51"}
{"level":"info","message":"GET /api/tasks 304 - - 94.621 ms","timestamp":"2026-07-08 12:13:51"}
{"level":"info","message":"OPTIONS /api/appointments/stats?month=7&year=2026 200 0 - 0.080 ms","timestamp":"2026-07-08 12:14:01"}
{"level":"info","message":"OPTIONS /api/appointments/stats?month=6&year=2026 200 0 - 0.042 ms","timestamp":"2026-07-08 12:14:01"}
{"level":"info","message":"OPTIONS /api/appointments/revenue 200 0 - 0.043 ms","timestamp":"2026-07-08 12:14:01"}
{"level":"info","message":"OPTIONS /api/users 200 0 - 0.041 ms","timestamp":"2026-07-08 12:14:01"}
{"level":"info","message":"GET /api/appointments/stats?month=7&year=2026 304 - - 51.638 ms","timestamp":"2026-07-08 12:14:01"}
{"level":"info","message":"GET /api/appointments/stats?month=6&year=2026 304 - - 52.906 ms","timestamp":"2026-07-08 12:14:01"}
{"level":"info","message":"GET /api/appointments/revenue 304 - - 84.943 ms","timestamp":"2026-07-08 12:14:01"}
{"level":"info","message":"GET /api/users 304 - - 136.236 ms","timestamp":"2026-07-08 12:14:01"}
{"level":"info","message":"OPTIONS /api/appointments/stats?month=7&year=2026 200 0 - 0.070 ms","timestamp":"2026-07-08 12:14:11"}
{"level":"info","message":"OPTIONS /api/appointments/stats?month=6&year=2026 200 0 - 0.055 ms","timestamp":"2026-07-08 12:14:11"}
{"level":"info","message":"OPTIONS /api/appointments/revenue 200 0 - 0.063 ms","timestamp":"2026-07-08 12:14:11"}
{"level":"info","message":"OPTIONS /api/users 200 0 - 0.051 ms","timestamp":"2026-07-08 12:14:11"}
{"level":"info","message":"GET /api/appointments/stats?month=7&year=2026 304 - - 50.874 ms","timestamp":"2026-07-08 12:14:11"}
{"level":"info","message":"GET /api/appointments/stats?month=6&year=2026 304 - - 53.618 ms","timestamp":"2026-07-08 12:14:11"}
{"level":"info","message":"GET /api/appointments/revenue 304 - - 79.710 ms","timestamp":"2026-07-08 12:14:11"}
{"level":"info","message":"GET /api/users 200 - - 133.522 ms","timestamp":"2026-07-08 12:14:11"}
{"level":"info","message":"OPTIONS /api/attendance/2026/7 200 0 - 0.277 ms","timestamp":"2026-07-08 12:14:21"}
{"level":"info","message":"OPTIONS /api/users/all 200 0 - 0.070 ms","timestamp":"2026-07-08 12:14:21"}
{"level":"info","message":"OPTIONS /api/attendance/range?start=2026-06-30T18:30:00.000Z&end=2026-07-31T18:29:59.999Z 200 0 - 0.065 ms","timestamp":"2026-07-08 12:14:21"}
{"level":"info","message":"OPTIONS /api/appointments/stats?month=7&year=2026 200 0 - 0.068 ms","timestamp":"2026-07-08 12:14:21"}
{"level":"info","message":"OPTIONS /api/appointments/stats?month=6&year=2026 200 0 - 0.050 ms","timestamp":"2026-07-08 12:14:21"}
{"level":"info","message":"OPTIONS /api/appointments/revenue 200 0 - 0.097 ms","timestamp":"2026-07-08 12:14:21"}
{"level":"info","message":"OPTIONS /api/users 200 0 - 0.070 ms","timestamp":"2026-07-08 12:14:21"}
{"level":"info","message":"GET /api/attendance/2026/7 304 - - 112.883 ms","timestamp":"2026-07-08 12:14:21"}
{"level":"info","message":"GET /api/attendance/range?start=2026-06-30T18:30:00.000Z&end=2026-07-31T18:29:59.999Z 304 - - 128.229 ms","timestamp":"2026-07-08 12:14:21"}
{"level":"info","message":"GET /api/users/all 200 - - 125.263 ms","timestamp":"2026-07-08 12:14:21"}
{"level":"info","message":"GET /api/appointments/stats?month=7&year=2026 304 - - 59.148 ms","timestamp":"2026-07-08 12:14:21"}
{"level":"info","message":"GET /api/appointments/stats?month=6&year=2026 304 - - 58.845 ms","timestamp":"2026-07-08 12:14:21"}
{"level":"info","message":"GET /api/appointments/revenue 304 - - 90.530 ms","timestamp":"2026-07-08 12:14:21"}
{"level":"info","message":"GET /api/users 200 - - 95.921 ms","timestamp":"2026-07-08 12:14:21"}
{"level":"info","message":"OPTIONS /api/appointments/stats?month=7&year=2026 200 0 - 0.107 ms","timestamp":"2026-07-08 12:14:31"}
{"level":"info","message":"OPTIONS /api/appointments/stats?month=6&year=2026 200 0 - 0.046 ms","timestamp":"2026-07-08 12:14:31"}
{"level":"info","message":"OPTIONS /api/appointments/revenue 200 0 - 0.032 ms","timestamp":"2026-07-08 12:14:31"}
{"level":"info","message":"OPTIONS /api/users 200 0 - 0.052 ms","timestamp":"2026-07-08 12:14:31"}
{"level":"info","message":"GET /api/appointments/stats?month=7&year=2026 304 - - 52.857 ms","timestamp":"2026-07-08 12:14:31"}
{"level":"info","message":"GET /api/appointments/stats?month=6&year=2026 304 - - 53.299 ms","timestamp":"2026-07-08 12:14:31"}
{"level":"info","message":"GET /api/appointments/revenue 304 - - 82.443 ms","timestamp":"2026-07-08 12:14:31"}
{"level":"info","message":"GET /api/users 200 - - 142.707 ms","timestamp":"2026-07-08 12:14:31"}
{"level":"info","message":"OPTIONS /api/appointments/stats?month=7&year=2026 200 0 - 0.057 ms","timestamp":"2026-07-08 12:14:41"}
{"level":"info","message":"OPTIONS /api/appointments/stats?month=6&year=2026 200 0 - 0.099 ms","timestamp":"2026-07-08 12:14:41"}
{"level":"info","message":"OPTIONS /api/appointments/revenue 200 0 - 0.028 ms","timestamp":"2026-07-08 12:14:41"}
{"level":"info","message":"OPTIONS /api/users 200 0 - 0.038 ms","timestamp":"2026-07-08 12:14:41"}
{"level":"info","message":"GET /api/appointments/stats?month=7&year=2026 304 - - 53.375 ms","timestamp":"2026-07-08 12:14:41"}
{"level":"info","message":"GET /api/appointments/stats?month=6&year=2026 304 - - 54.511 ms","timestamp":"2026-07-08 12:14:41"}
{"level":"info","message":"GET /api/appointments/revenue 304 - - 84.973 ms","timestamp":"2026-07-08 12:14:41"}
{"level":"info","message":"GET /api/users 304 - - 166.495 ms","timestamp":"2026-07-08 12:14:41"}
{"level":"info","message":"OPTIONS /api/attendance/2026/7 200 0 - 0.042 ms","timestamp":"2026-07-08 12:14:51"}
{"level":"info","message":"OPTIONS /api/users/all 200 0 - 0.039 ms","timestamp":"2026-07-08 12:14:51"}
{"level":"info","message":"OPTIONS /api/attendance/range?start=2026-06-30T18:30:00.000Z&end=2026-07-31T18:29:59.999Z 200 0 - 0.028 ms","timestamp":"2026-07-08 12:14:51"}
{"level":"info","message":"OPTIONS /api/appointments/stats?month=7&year=2026 200 0 - 0.082 ms","timestamp":"2026-07-08 12:14:51"}
{"level":"info","message":"OPTIONS /api/appointments/stats?month=6&year=2026 200 0 - 0.036 ms","timestamp":"2026-07-08 12:14:51"}
{"level":"info","message":"OPTIONS /api/appointments/revenue 200 0 - 0.069 ms","timestamp":"2026-07-08 12:14:51"}
{"level":"info","message":"OPTIONS /api/users 200 0 - 0.042 ms","timestamp":"2026-07-08 12:14:51"}
{"level":"info","message":"GET /api/attendance/2026/7 304 - - 108.736 ms","timestamp":"2026-07-08 12:14:51"}
{"level":"info","message":"GET /api/appointments/stats?month=7&year=2026 304 - - 58.313 ms","timestamp":"2026-07-08 12:14:51"}
{"level":"info","message":"GET /api/attendance/range?start=2026-06-30T18:30:00.000Z&end=2026-07-31T18:29:59.999Z 304 - - 122.654 ms","timestamp":"2026-07-08 12:14:51"}
{"level":"info","message":"GET /api/appointments/stats?month=6&year=2026 304 - - 57.999 ms","timestamp":"2026-07-08 12:14:51"}
{"level":"info","message":"GET /api/users/all 200 - - 119.288 ms","timestamp":"2026-07-08 12:14:51"}
{"level":"info","message":"GET /api/appointments/revenue 304 - - 88.486 ms","timestamp":"2026-07-08 12:14:51"}
{"level":"info","message":"GET /api/users 200 - - 104.315 ms","timestamp":"2026-07-08 12:14:51"}
{"level":"info","message":"OPTIONS /api/appointments/stats?month=7&year=2026 200 0 - 0.096 ms","timestamp":"2026-07-08 12:15:01"}
{"level":"info","message":"OPTIONS /api/appointments/stats?month=6&year=2026 200 0 - 0.036 ms","timestamp":"2026-07-08 12:15:01"}
{"level":"info","message":"OPTIONS /api/appointments/revenue 200 0 - 0.023 ms","timestamp":"2026-07-08 12:15:01"}
{"level":"info","message":"OPTIONS /api/users 200 0 - 0.036 ms","timestamp":"2026-07-08 12:15:01"}
{"level":"info","message":"GET /api/appointments/stats?month=6&year=2026 304 - - 51.069 ms","timestamp":"2026-07-08 12:15:01"}
{"level":"info","message":"GET /api/appointments/stats?month=7&year=2026 304 - - 56.474 ms","timestamp":"2026-07-08 12:15:01"}
{"level":"info","message":"GET /api/appointments/revenue 304 - - 83.989 ms","timestamp":"2026-07-08 12:15:01"}
{"level":"info","message":"GET /api/users 304 - - 151.022 ms","timestamp":"2026-07-08 12:15:01"}
{"level":"info","message":"OPTIONS /api/appointments/stats?month=7&year=2026 200 0 - 0.071 ms","timestamp":"2026-07-08 12:15:11"}
{"level":"info","message":"OPTIONS /api/appointments/stats?month=6&year=2026 200 0 - 0.047 ms","timestamp":"2026-07-08 12:15:11"}
{"level":"info","message":"OPTIONS /api/appointments/revenue 200 0 - 0.040 ms","timestamp":"2026-07-08 12:15:11"}
{"level":"info","message":"OPTIONS /api/users 200 0 - 0.050 ms","timestamp":"2026-07-08 12:15:11"}
{"level":"info","message":"GET /api/appointments/stats?month=7&year=2026 304 - - 52.424 ms","timestamp":"2026-07-08 12:15:11"}
{"level":"info","message":"GET /api/appointments/stats?month=6&year=2026 304 - - 53.542 ms","timestamp":"2026-07-08 12:15:11"}
{"level":"info","message":"GET /api/appointments/revenue 304 - - 80.303 ms","timestamp":"2026-07-08 12:15:11"}
{"level":"info","message":"GET /api/users 200 - - 135.172 ms","timestamp":"2026-07-08 12:15:11"}
{"level":"info","message":"OPTIONS /api/attendance/2026/7 200 0 - 0.069 ms","timestamp":"2026-07-08 12:15:21"}
{"level":"info","message":"OPTIONS /api/users/all 200 0 - 0.075 ms","timestamp":"2026-07-08 12:15:21"}
{"level":"info","message":"OPTIONS /api/attendance/range?start=2026-06-30T18:30:00.000Z&end=2026-07-31T18:29:59.999Z 200 0 - 0.062 ms","timestamp":"2026-07-08 12:15:21"}
{"level":"info","message":"GET /api/attendance/2026/7 304 - - 117.048 ms","timestamp":"2026-07-08 12:15:21"}
{"level":"info","message":"GET /api/attendance/range?start=2026-06-30T18:30:00.000Z&end=2026-07-31T18:29:59.999Z 304 - - 115.256 ms","timestamp":"2026-07-08 12:15:21"}
{"level":"info","message":"GET /api/users/all 200 - - 113.097 ms","timestamp":"2026-07-08 12:15:21"}
{"level":"info","message":"OPTIONS /api/appointments/stats?month=7&year=2026 200 0 - 0.106 ms","timestamp":"2026-07-08 12:15:42"}
{"level":"info","message":"OPTIONS /api/appointments/stats?month=6&year=2026 200 0 - 0.048 ms","timestamp":"2026-07-08 12:15:42"}
{"level":"info","message":"OPTIONS /api/appointments/revenue 200 0 - 0.057 ms","timestamp":"2026-07-08 12:15:42"}
{"level":"info","message":"OPTIONS /api/users 200 0 - 0.053 ms","timestamp":"2026-07-08 12:15:42"}
{"level":"info","message":"GET /api/appointments/stats?month=7&year=2026 304 - - 53.691 ms","timestamp":"2026-07-08 12:15:42"}
{"level":"info","message":"GET /api/appointments/stats?month=6&year=2026 304 - - 52.323 ms","timestamp":"2026-07-08 12:15:42"}
{"level":"info","message":"GET /api/appointments/revenue 304 - - 82.267 ms","timestamp":"2026-07-08 12:15:42"}
{"level":"info","message":"GET /api/users 200 - - 136.066 ms","timestamp":"2026-07-08 12:15:42"}
{"level":"info","message":"OPTIONS /api/attendance/2026/7 200 0 - 0.276 ms","timestamp":"2026-07-08 12:15:51"}
{"level":"info","message":"OPTIONS /api/users/all 200 0 - 0.223 ms","timestamp":"2026-07-08 12:15:51"}
{"level":"info","message":"OPTIONS /api/attendance/range?start=2026-06-30T18:30:00.000Z&end=2026-07-31T18:29:59.999Z 200 0 - 0.180 ms","timestamp":"2026-07-08 12:15:51"}
{"level":"info","message":"GET /api/attendance/2026/7 304 - - 134.758 ms","timestamp":"2026-07-08 12:15:51"}
{"level":"info","message":"GET /api/attendance/range?start=2026-06-30T18:30:00.000Z&end=2026-07-31T18:29:59.999Z 304 - - 128.975 ms","timestamp":"2026-07-08 12:15:51"}
{"level":"info","message":"GET /api/users/all 200 - - 125.719 ms","timestamp":"2026-07-08 12:15:51"}
{"level":"info","message":"OPTIONS /api/appointments/stats?month=7&year=2026 200 0 - 0.070 ms","timestamp":"2026-07-08 12:16:06"}
{"level":"info","message":"OPTIONS /api/appointments/stats?month=6&year=2026 200 0 - 0.075 ms","timestamp":"2026-07-08 12:16:06"}
{"level":"info","message":"OPTIONS /api/appointments/revenue 200 0 - 0.035 ms","timestamp":"2026-07-08 12:16:06"}
{"level":"info","message":"OPTIONS /api/users 200 0 - 0.045 ms","timestamp":"2026-07-08 12:16:06"}
{"level":"info","message":"GET /api/appointments/stats?month=6&year=2026 304 - - 61.191 ms","timestamp":"2026-07-08 12:16:07"}
{"level":"info","message":"GET /api/appointments/stats?month=7&year=2026 304 - - 65.017 ms","timestamp":"2026-07-08 12:16:07"}
{"level":"info","message":"GET /api/appointments/revenue 304 - - 98.984 ms","timestamp":"2026-07-08 12:16:07"}
{"level":"info","message":"GET /api/users 200 - - 163.722 ms","timestamp":"2026-07-08 12:16:07"}
{"level":"info","message":"GET /api/appointments/stats?month=7&year=2026 304 - - 50.332 ms","timestamp":"2026-07-08 12:16:11"}
{"level":"info","message":"GET /api/appointments/stats?month=6&year=2026 304 - - 50.810 ms","timestamp":"2026-07-08 12:16:11"}
{"level":"info","message":"GET /api/appointments/revenue 304 - - 80.381 ms","timestamp":"2026-07-08 12:16:11"}
{"level":"info","message":"GET /api/users 200 - - 133.993 ms","timestamp":"2026-07-08 12:16:11"}
{"level":"info","message":"OPTIONS /api/attendance/2026/7 200 0 - 0.254 ms","timestamp":"2026-07-08 12:16:21"}
{"level":"info","message":"OPTIONS /api/users/all 200 0 - 0.135 ms","timestamp":"2026-07-08 12:16:21"}
{"level":"info","message":"OPTIONS /api/attendance/range?start=2026-06-30T18:30:00.000Z&end=2026-07-31T18:29:59.999Z 200 0 - 0.192 ms","timestamp":"2026-07-08 12:16:21"}
{"level":"info","message":"OPTIONS /api/appointments/stats?month=7&year=2026 200 0 - 0.049 ms","timestamp":"2026-07-08 12:16:21"}
{"level":"info","message":"OPTIONS /api/appointments/stats?month=6&year=2026 200 0 - 0.061 ms","timestamp":"2026-07-08 12:16:21"}
{"level":"info","message":"OPTIONS /api/appointments/revenue 200 0 - 0.069 ms","timestamp":"2026-07-08 12:16:21"}
{"level":"info","message":"OPTIONS /api/users 200 0 - 0.068 ms","timestamp":"2026-07-08 12:16:21"}
{"level":"info","message":"GET /api/attendance/2026/7 304 - - 110.698 ms","timestamp":"2026-07-08 12:16:21"}
{"level":"info","message":"GET /api/attendance/range?start=2026-06-30T18:30:00.000Z&end=2026-07-31T18:29:59.999Z 304 - - 112.885 ms","timestamp":"2026-07-08 12:16:21"}
{"level":"info","message":"GET /api/appointments/stats?month=7&year=2026 304 - - 61.783 ms","timestamp":"2026-07-08 12:16:21"}
{"level":"info","message":"GET /api/appointments/stats?month=6&year=2026 304 - - 64.450 ms","timestamp":"2026-07-08 12:16:21"}
{"level":"info","message":"GET /api/users/all 200 - - 129.250 ms","timestamp":"2026-07-08 12:16:21"}
{"level":"info","message":"GET /api/appointments/revenue 304 - - 89.938 ms","timestamp":"2026-07-08 12:16:21"}
{"level":"info","message":"GET /api/users 200 - - 118.534 ms","timestamp":"2026-07-08 12:16:21"}
{"level":"info","message":"OPTIONS /api/appointments/stats?month=7&year=2026 200 0 - 0.069 ms","timestamp":"2026-07-08 12:16:31"}
{"level":"info","message":"OPTIONS /api/appointments/stats?month=6&year=2026 200 0 - 0.045 ms","timestamp":"2026-07-08 12:16:31"}
{"level":"info","message":"OPTIONS /api/appointments/revenue 200 0 - 0.035 ms","timestamp":"2026-07-08 12:16:31"}
{"level":"info","message":"OPTIONS /api/users 200 0 - 0.041 ms","timestamp":"2026-07-08 12:16:31"}
{"level":"info","message":"GET /api/appointments/stats?month=7&year=2026 304 - - 51.999 ms","timestamp":"2026-07-08 12:16:31"}
{"level":"info","message":"GET /api/appointments/stats?month=6&year=2026 304 - - 67.388 ms","timestamp":"2026-07-08 12:16:31"}
{"level":"info","message":"GET /api/appointments/revenue 304 - - 105.174 ms","timestamp":"2026-07-08 12:16:31"}
{"level":"info","message":"GET /api/users 200 - - 145.416 ms","timestamp":"2026-07-08 12:16:31"}
{"level":"info","message":"OPTIONS /api/appointments/stats?month=7&year=2026 200 0 - 0.055 ms","timestamp":"2026-07-08 12:16:41"}
{"level":"info","message":"OPTIONS /api/appointments/stats?month=6&year=2026 200 0 - 0.045 ms","timestamp":"2026-07-08 12:16:41"}
{"level":"info","message":"OPTIONS /api/appointments/revenue 200 0 - 0.024 ms","timestamp":"2026-07-08 12:16:41"}
{"level":"info","message":"OPTIONS /api/users 200 0 - 0.034 ms","timestamp":"2026-07-08 12:16:41"}
{"level":"info","message":"GET /api/appointments/stats?month=7&year=2026 304 - - 50.361 ms","timestamp":"2026-07-08 12:16:41"}
{"level":"info","message":"GET /api/appointments/stats?month=6&year=2026 304 - - 50.300 ms","timestamp":"2026-07-08 12:16:41"}
{"level":"info","message":"GET /api/appointments/revenue 304 - - 86.897 ms","timestamp":"2026-07-08 12:16:41"}
{"level":"info","message":"GET /api/users 304 - - 135.035 ms","timestamp":"2026-07-08 12:16:41"}
{"level":"info","message":"OPTIONS /api/attendance/2026/7 200 0 - 0.083 ms","timestamp":"2026-07-08 12:16:51"}
{"level":"info","message":"OPTIONS /api/users/all 200 0 - 0.071 ms","timestamp":"2026-07-08 12:16:51"}
{"level":"info","message":"OPTIONS /api/attendance/range?start=2026-06-30T18:30:00.000Z&end=2026-07-31T18:29:59.999Z 200 0 - 0.057 ms","timestamp":"2026-07-08 12:16:51"}
{"level":"info","message":"OPTIONS /api/appointments/stats?month=7&year=2026 200 0 - 0.047 ms","timestamp":"2026-07-08 12:16:51"}
{"level":"info","message":"OPTIONS /api/appointments/stats?month=6&year=2026 200 0 - 0.041 ms","timestamp":"2026-07-08 12:16:51"}
{"level":"info","message":"OPTIONS /api/appointments/revenue 200 0 - 0.055 ms","timestamp":"2026-07-08 12:16:51"}
{"level":"info","message":"OPTIONS /api/users 200 0 - 0.024 ms","timestamp":"2026-07-08 12:16:51"}
{"level":"info","message":"GET /api/appointments/stats?month=6&year=2026 304 - - 64.201 ms","timestamp":"2026-07-08 12:16:51"}
{"level":"info","message":"GET /api/appointments/stats?month=7&year=2026 304 - - 70.020 ms","timestamp":"2026-07-08 12:16:51"}
{"level":"info","message":"GET /api/attendance/range?start=2026-06-30T18:30:00.000Z&end=2026-07-31T18:29:59.999Z 200 - - 118.244 ms","timestamp":"2026-07-08 12:16:51"}
{"level":"info","message":"GET /api/appointments/revenue 304 - - 99.799 ms","timestamp":"2026-07-08 12:16:51"}
{"level":"info","message":"GET /api/users/all 200 - - 140.349 ms","timestamp":"2026-07-08 12:16:51"}
{"level":"info","message":"GET /api/attendance/2026/7 200 - - 159.394 ms","timestamp":"2026-07-08 12:16:51"}
{"level":"info","message":"GET /api/users 200 - - 124.349 ms","timestamp":"2026-07-08 12:16:51"}
{"level":"info","message":"OPTIONS /api/appointments/stats?month=7&year=2026 200 0 - 0.083 ms","timestamp":"2026-07-08 12:17:01"}
{"level":"info","message":"OPTIONS /api/appointments/stats?month=6&year=2026 200 0 - 0.054 ms","timestamp":"2026-07-08 12:17:01"}
{"level":"info","message":"OPTIONS /api/appointments/revenue 200 0 - 0.045 ms","timestamp":"2026-07-08 12:17:01"}
{"level":"info","message":"OPTIONS /api/users 200 0 - 0.038 ms","timestamp":"2026-07-08 12:17:01"}
{"level":"info","message":"GET /api/appointments/stats?month=6&year=2026 304 - - 51.085 ms","timestamp":"2026-07-08 12:17:01"}
{"level":"info","message":"GET /api/appointments/stats?month=7&year=2026 304 - - 58.319 ms","timestamp":"2026-07-08 12:17:01"}
{"level":"info","message":"GET /api/appointments/revenue 304 - - 94.428 ms","timestamp":"2026-07-08 12:17:01"}
{"level":"info","message":"GET /api/users 304 - - 148.691 ms","timestamp":"2026-07-08 12:17:01"}
{"level":"info","message":"OPTIONS /api/appointments/stats?month=7&year=2026 200 0 - 0.091 ms","timestamp":"2026-07-08 12:17:42"}
{"level":"info","message":"OPTIONS /api/appointments/stats?month=6&year=2026 200 0 - 0.043 ms","timestamp":"2026-07-08 12:17:42"}
{"level":"info","message":"OPTIONS /api/appointments/revenue 200 0 - 0.022 ms","timestamp":"2026-07-08 12:17:42"}
{"level":"info","message":"OPTIONS /api/users 200 0 - 0.022 ms","timestamp":"2026-07-08 12:17:42"}
{"level":"info","message":"OPTIONS /api/attendance/2026/7 200 0 - 0.038 ms","timestamp":"2026-07-08 12:17:42"}
{"level":"info","message":"OPTIONS /api/users/all 200 0 - 0.043 ms","timestamp":"2026-07-08 12:17:42"}
{"level":"info","message":"OPTIONS /api/attendance/range?start=2026-06-30T18:30:00.000Z&end=2026-07-31T18:29:59.999Z 200 0 - 0.056 ms","timestamp":"2026-07-08 12:17:42"}
{"level":"info","message":"GET /api/appointments/stats?month=6&year=2026 304 - - 65.969 ms","timestamp":"2026-07-08 12:17:42"}
{"level":"info","message":"GET /api/appointments/stats?month=7&year=2026 304 - - 68.338 ms","timestamp":"2026-07-08 12:17:42"}
{"level":"info","message":"GET /api/appointments/revenue 304 - - 95.379 ms","timestamp":"2026-07-08 12:17:42"}
{"level":"info","message":"GET /api/attendance/2026/7 200 - - 112.603 ms","timestamp":"2026-07-08 12:17:42"}
{"level":"info","message":"GET /api/users/all 200 - - 128.289 ms","timestamp":"2026-07-08 12:17:42"}
{"level":"info","message":"GET /api/users 200 - - 142.876 ms","timestamp":"2026-07-08 12:17:42"}
{"level":"info","message":"GET /api/attendance/range?start=2026-06-30T18:30:00.000Z&end=2026-07-31T18:29:59.999Z 200 - - 120.859 ms","timestamp":"2026-07-08 12:17:42"}
{"level":"info","message":"OPTIONS /api/attendance/2026/7 200 0 - 0.057 ms","timestamp":"2026-07-08 12:18:42"}
{"level":"info","message":"OPTIONS /api/users/all 200 0 - 0.056 ms","timestamp":"2026-07-08 12:18:42"}
{"level":"info","message":"OPTIONS /api/attendance/range?start=2026-06-30T18:30:00.000Z&end=2026-07-31T18:29:59.999Z 200 0 - 0.076 ms","timestamp":"2026-07-08 12:18:42"}
{"level":"info","message":"OPTIONS /api/appointments/stats?month=7&year=2026 200 0 - 0.060 ms","timestamp":"2026-07-08 12:18:42"}
{"level":"info","message":"OPTIONS /api/appointments/stats?month=6&year=2026 200 0 - 0.033 ms","timestamp":"2026-07-08 12:18:42"}
{"level":"info","message":"OPTIONS /api/appointments/revenue 200 0 - 0.048 ms","timestamp":"2026-07-08 12:18:42"}
{"level":"info","message":"OPTIONS /api/users 200 0 - 0.033 ms","timestamp":"2026-07-08 12:18:42"}
{"level":"info","message":"GET /api/users/all 200 - - 111.519 ms","timestamp":"2026-07-08 12:18:42"}
{"level":"info","message":"GET /api/attendance/2026/7 304 - - 123.821 ms","timestamp":"2026-07-08 12:18:42"}
{"level":"info","message":"GET /api/appointments/stats?month=6&year=2026 304 - - 62.828 ms","timestamp":"2026-07-08 12:18:42"}
{"level":"info","message":"GET /api/attendance/range?start=2026-06-30T18:30:00.000Z&end=2026-07-31T18:29:59.999Z 304 - - 124.954 ms","timestamp":"2026-07-08 12:18:42"}
{"level":"info","message":"GET /api/appointments/stats?month=7&year=2026 304 - - 68.096 ms","timestamp":"2026-07-08 12:18:42"}
{"level":"info","message":"GET /api/appointments/revenue 304 - - 98.675 ms","timestamp":"2026-07-08 12:18:42"}
{"level":"info","message":"GET /api/users 200 - - 94.553 ms","timestamp":"2026-07-08 12:18:42"}
{"level":"info","message":"OPTIONS /api/attendance/2026/7 200 0 - 0.177 ms","timestamp":"2026-07-08 12:19:04"}
{"level":"info","message":"OPTIONS /api/users/all 200 0 - 0.120 ms","timestamp":"2026-07-08 12:19:04"}
{"level":"info","message":"OPTIONS /api/attendance/range?start=2026-06-30T18:30:00.000Z&end=2026-07-31T18:29:59.999Z 200 0 - 0.086 ms","timestamp":"2026-07-08 12:19:04"}
{"level":"info","message":"OPTIONS /api/appointments/stats?month=7&year=2026 200 0 - 0.064 ms","timestamp":"2026-07-08 12:19:04"}
{"level":"info","message":"OPTIONS /api/appointments/stats?month=6&year=2026 200 0 - 0.083 ms","timestamp":"2026-07-08 12:19:04"}
{"level":"info","message":"OPTIONS /api/appointments/revenue 200 0 - 0.048 ms","timestamp":"2026-07-08 12:19:04"}
{"level":"info","message":"OPTIONS /api/users 200 0 - 0.076 ms","timestamp":"2026-07-08 12:19:04"}
{"level":"info","message":"GET /api/appointments/stats?month=6&year=2026 304 - - 67.224 ms","timestamp":"2026-07-08 12:19:04"}
{"level":"info","message":"GET /api/appointments/stats?month=7&year=2026 304 - - 69.329 ms","timestamp":"2026-07-08 12:19:04"}
{"level":"info","message":"GET /api/attendance/range?start=2026-06-30T18:30:00.000Z&end=2026-07-31T18:29:59.999Z 304 - - 124.561 ms","timestamp":"2026-07-08 12:19:04"}
{"level":"info","message":"GET /api/attendance/2026/7 304 - - 134.611 ms","timestamp":"2026-07-08 12:19:04"}
{"level":"info","message":"GET /api/users/all 200 - - 120.285 ms","timestamp":"2026-07-08 12:19:04"}
{"level":"info","message":"GET /api/appointments/revenue 304 - - 98.549 ms","timestamp":"2026-07-08 12:19:04"}
{"level":"info","message":"GET /api/users 200 - - 115.003 ms","timestamp":"2026-07-08 12:19:04"}
{"level":"info","message":"OPTIONS /api/appointments/stats?month=7&year=2026 200 0 - 0.062 ms","timestamp":"2026-07-08 12:19:11"}
{"level":"info","message":"OPTIONS /api/appointments/stats?month=6&year=2026 200 0 - 0.042 ms","timestamp":"2026-07-08 12:19:11"}
{"level":"info","message":"OPTIONS /api/appointments/revenue 200 0 - 0.032 ms","timestamp":"2026-07-08 12:19:11"}
{"level":"info","message":"OPTIONS /api/users 200 0 - 0.031 ms","timestamp":"2026-07-08 12:19:11"}
{"level":"info","message":"GET /api/appointments/stats?month=7&year=2026 304 - - 51.411 ms","timestamp":"2026-07-08 12:19:11"}
{"level":"info","message":"GET /api/appointments/stats?month=6&year=2026 304 - - 51.155 ms","timestamp":"2026-07-08 12:19:11"}
{"level":"info","message":"GET /api/appointments/revenue 304 - - 80.108 ms","timestamp":"2026-07-08 12:19:11"}
{"level":"info","message":"GET /api/users 200 - - 138.109 ms","timestamp":"2026-07-08 12:19:11"}
{"level":"info","message":"OPTIONS /api/attendance/2026/7 200 0 - 0.146 ms","timestamp":"2026-07-08 12:19:21"}
{"level":"info","message":"OPTIONS /api/users/all 200 0 - 0.135 ms","timestamp":"2026-07-08 12:19:21"}
{"level":"info","message":"OPTIONS /api/attendance/range?start=2026-06-30T18:30:00.000Z&end=2026-07-31T18:29:59.999Z 200 0 - 0.182 ms","timestamp":"2026-07-08 12:19:21"}
{"level":"info","message":"OPTIONS /api/appointments/stats?month=7&year=2026 200 0 - 0.059 ms","timestamp":"2026-07-08 12:19:21"}
{"level":"info","message":"OPTIONS /api/appointments/stats?month=6&year=2026 200 0 - 0.040 ms","timestamp":"2026-07-08 12:19:21"}
{"level":"info","message":"OPTIONS /api/appointments/revenue 200 0 - 1.375 ms","timestamp":"2026-07-08 12:19:21"}
{"level":"info","message":"OPTIONS /api/users 200 0 - 0.037 ms","timestamp":"2026-07-08 12:19:21"}
{"level":"info","message":"GET /api/attendance/range?start=2026-06-30T18:30:00.000Z&end=2026-07-31T18:29:59.999Z 304 - - 128.794 ms","timestamp":"2026-07-08 12:19:21"}
{"level":"info","message":"GET /api/attendance/2026/7 304 - - 143.878 ms","timestamp":"2026-07-08 12:19:21"}
{"level":"info","message":"GET /api/appointments/stats?month=6&year=2026 304 - - 59.786 ms","timestamp":"2026-07-08 12:19:21"}
{"level":"info","message":"GET /api/appointments/stats?month=7&year=2026 304 - - 65.066 ms","timestamp":"2026-07-08 12:19:21"}
{"level":"info","message":"GET /api/users/all 200 - - 130.810 ms","timestamp":"2026-07-08 12:19:21"}
{"level":"info","message":"GET /api/appointments/revenue 304 - - 99.354 ms","timestamp":"2026-07-08 12:19:21"}
{"level":"info","message":"GET /api/users 200 - - 139.514 ms","timestamp":"2026-07-08 12:19:21"}
{"level":"info","message":"OPTIONS /api/appointments/stats?month=7&year=2026 200 0 - 0.083 ms","timestamp":"2026-07-08 12:19:31"}
{"level":"info","message":"OPTIONS /api/appointments/stats?month=6&year=2026 200 0 - 0.036 ms","timestamp":"2026-07-08 12:19:31"}
{"level":"info","message":"OPTIONS /api/appointments/revenue 200 0 - 0.022 ms","timestamp":"2026-07-08 12:19:31"}
{"level":"info","message":"OPTIONS /api/users 200 0 - 0.024 ms","timestamp":"2026-07-08 12:19:31"}
{"level":"info","message":"GET /api/appointments/stats?month=7&year=2026 304 - - 51.882 ms","timestamp":"2026-07-08 12:19:31"}
{"level":"info","message":"GET /api/appointments/stats?month=6&year=2026 304 - - 50.968 ms","timestamp":"2026-07-08 12:19:31"}
{"level":"info","message":"GET /api/appointments/revenue 304 - - 79.849 ms","timestamp":"2026-07-08 12:19:31"}
{"level":"info","message":"GET /api/users 200 - - 146.245 ms","timestamp":"2026-07-08 12:19:31"}
{"level":"info","message":"OPTIONS /api/appointments/stats?month=7&year=2026 200 0 - 0.055 ms","timestamp":"2026-07-08 12:19:41"}
{"level":"info","message":"OPTIONS /api/appointments/stats?month=6&year=2026 200 0 - 0.042 ms","timestamp":"2026-07-08 12:19:41"}
{"level":"info","message":"OPTIONS /api/appointments/revenue 200 0 - 0.034 ms","timestamp":"2026-07-08 12:19:41"}
{"level":"info","message":"OPTIONS /api/users 200 0 - 0.032 ms","timestamp":"2026-07-08 12:19:41"}
{"level":"info","message":"GET /api/appointments/stats?month=7&year=2026 304 - - 52.112 ms","timestamp":"2026-07-08 12:19:41"}
{"level":"info","message":"GET /api/appointments/stats?month=6&year=2026 304 - - 50.933 ms","timestamp":"2026-07-08 12:19:41"}
{"level":"info","message":"GET /api/appointments/revenue 304 - - 80.470 ms","timestamp":"2026-07-08 12:19:41"}
{"level":"info","message":"GET /api/users 304 - - 137.686 ms","timestamp":"2026-07-08 12:19:41"}
{"level":"info","message":"OPTIONS /api/attendance/2026/7 200 0 - 0.095 ms","timestamp":"2026-07-08 12:19:51"}
{"level":"info","message":"OPTIONS /api/users/all 200 0 - 0.223 ms","timestamp":"2026-07-08 12:19:51"}
{"level":"info","message":"OPTIONS /api/attendance/range?start=2026-06-30T18:30:00.000Z&end=2026-07-31T18:29:59.999Z 200 0 - 0.110 ms","timestamp":"2026-07-08 12:19:51"}
{"level":"info","message":"OPTIONS /api/appointments/stats?month=7&year=2026 200 0 - 0.045 ms","timestamp":"2026-07-08 12:19:51"}
{"level":"info","message":"OPTIONS /api/appointments/stats?month=6&year=2026 200 0 - 0.026 ms","timestamp":"2026-07-08 12:19:51"}
{"level":"info","message":"OPTIONS /api/appointments/revenue 200 0 - 0.042 ms","timestamp":"2026-07-08 12:19:51"}
{"level":"info","message":"OPTIONS /api/users 200 0 - 0.066 ms","timestamp":"2026-07-08 12:19:51"}
{"level":"info","message":"GET /api/appointments/stats?month=7&year=2026 304 - - 64.536 ms","timestamp":"2026-07-08 12:19:51"}
{"level":"info","message":"GET /api/attendance/2026/7 304 - - 125.414 ms","timestamp":"2026-07-08 12:19:51"}
{"level":"info","message":"GET /api/appointments/stats?month=6&year=2026 304 - - 68.542 ms","timestamp":"2026-07-08 12:19:51"}
{"level":"info","message":"GET /api/users/all 200 - - 115.818 ms","timestamp":"2026-07-08 12:19:51"}
{"level":"info","message":"GET /api/attendance/range?start=2026-06-30T18:30:00.000Z&end=2026-07-31T18:29:59.999Z 304 - - 135.780 ms","timestamp":"2026-07-08 12:19:51"}
{"level":"info","message":"GET /api/appointments/revenue 304 - - 94.226 ms","timestamp":"2026-07-08 12:19:51"}
{"level":"info","message":"GET /api/users 200 - - 150.701 ms","timestamp":"2026-07-08 12:19:51"}
{"level":"info","message":"OPTIONS /api/appointments/stats?month=7&year=2026 200 0 - 0.076 ms","timestamp":"2026-07-08 12:20:01"}
{"level":"info","message":"OPTIONS /api/appointments/stats?month=6&year=2026 200 0 - 0.066 ms","timestamp":"2026-07-08 12:20:01"}
{"level":"info","message":"OPTIONS /api/appointments/revenue 200 0 - 0.039 ms","timestamp":"2026-07-08 12:20:01"}
{"level":"info","message":"OPTIONS /api/users 200 0 - 0.045 ms","timestamp":"2026-07-08 12:20:01"}
{"level":"info","message":"GET /api/appointments/stats?month=7&year=2026 304 - - 51.250 ms","timestamp":"2026-07-08 12:20:01"}
{"level":"info","message":"GET /api/appointments/stats?month=6&year=2026 304 - - 50.035 ms","timestamp":"2026-07-08 12:20:01"}
{"level":"info","message":"GET /api/appointments/revenue 304 - - 81.316 ms","timestamp":"2026-07-08 12:20:01"}
{"level":"info","message":"GET /api/users 304 - - 132.842 ms","timestamp":"2026-07-08 12:20:01"}
{"level":"info","message":"OPTIONS /api/appointments/stats?month=7&year=2026 200 0 - 0.049 ms","timestamp":"2026-07-08 12:20:11"}
{"level":"info","message":"OPTIONS /api/appointments/stats?month=6&year=2026 200 0 - 0.051 ms","timestamp":"2026-07-08 12:20:11"}
{"level":"info","message":"OPTIONS /api/appointments/revenue 200 0 - 0.034 ms","timestamp":"2026-07-08 12:20:11"}
{"level":"info","message":"OPTIONS /api/users 200 0 - 0.043 ms","timestamp":"2026-07-08 12:20:11"}
{"level":"info","message":"GET /api/appointments/stats?month=7&year=2026 304 - - 51.194 ms","timestamp":"2026-07-08 12:20:11"}
{"level":"info","message":"GET /api/appointments/stats?month=6&year=2026 304 - - 59.171 ms","timestamp":"2026-07-08 12:20:11"}
{"level":"info","message":"GET /api/appointments/revenue 304 - - 80.961 ms","timestamp":"2026-07-08 12:20:11"}
{"level":"info","message":"GET /api/users 304 - - 136.866 ms","timestamp":"2026-07-08 12:20:11"}
{"level":"info","message":"OPTIONS /api/attendance/2026/7 200 0 - 0.156 ms","timestamp":"2026-07-08 12:20:21"}
{"level":"info","message":"OPTIONS /api/users/all 200 0 - 0.128 ms","timestamp":"2026-07-08 12:20:21"}
{"level":"info","message":"OPTIONS /api/attendance/range?start=2026-06-30T18:30:00.000Z&end=2026-07-31T18:29:59.999Z 200 0 - 0.130 ms","timestamp":"2026-07-08 12:20:21"}
{"level":"info","message":"OPTIONS /api/appointments/stats?month=7&year=2026 200 0 - 0.068 ms","timestamp":"2026-07-08 12:20:21"}
{"level":"info","message":"OPTIONS /api/appointments/stats?month=6&year=2026 200 0 - 0.050 ms","timestamp":"2026-07-08 12:20:21"}
{"level":"info","message":"OPTIONS /api/appointments/revenue 200 0 - 0.039 ms","timestamp":"2026-07-08 12:20:21"}
{"level":"info","message":"OPTIONS /api/users 200 0 - 0.086 ms","timestamp":"2026-07-08 12:20:21"}
{"level":"info","message":"GET /api/attendance/2026/7 304 - - 111.506 ms","timestamp":"2026-07-08 12:20:21"}
{"level":"info","message":"GET /api/attendance/range?start=2026-06-30T18:30:00.000Z&end=2026-07-31T18:29:59.999Z 304 - - 118.860 ms","timestamp":"2026-07-08 12:20:21"}
{"level":"info","message":"GET /api/users/all 200 - - 118.976 ms","timestamp":"2026-07-08 12:20:21"}
{"level":"info","message":"GET /api/appointments/stats?month=7&year=2026 304 - - 51.837 ms","timestamp":"2026-07-08 12:20:21"}
{"level":"info","message":"GET /api/appointments/stats?month=6&year=2026 304 - - 54.438 ms","timestamp":"2026-07-08 12:20:21"}
{"level":"info","message":"GET /api/appointments/revenue 304 - - 98.234 ms","timestamp":"2026-07-08 12:20:21"}
{"level":"info","message":"GET /api/users 200 - - 107.980 ms","timestamp":"2026-07-08 12:20:21"}
{"level":"info","message":"OPTIONS /api/appointments/stats?month=7&year=2026 200 0 - 0.069 ms","timestamp":"2026-07-08 12:20:31"}
{"level":"info","message":"OPTIONS /api/appointments/stats?month=6&year=2026 200 0 - 0.066 ms","timestamp":"2026-07-08 12:20:31"}
{"level":"info","message":"OPTIONS /api/appointments/revenue 200 0 - 0.032 ms","timestamp":"2026-07-08 12:20:31"}
{"level":"info","message":"OPTIONS /api/users 200 0 - 0.054 ms","timestamp":"2026-07-08 12:20:31"}
{"level":"info","message":"GET /api/appointments/stats?month=7&year=2026 304 - - 52.063 ms","timestamp":"2026-07-08 12:20:31"}
{"level":"info","message":"GET /api/appointments/stats?month=6&year=2026 304 - - 50.871 ms","timestamp":"2026-07-08 12:20:31"}
{"level":"info","message":"GET /api/appointments/revenue 304 - - 84.943 ms","timestamp":"2026-07-08 12:20:31"}
{"level":"info","message":"GET /api/users 304 - - 133.564 ms","timestamp":"2026-07-08 12:20:31"}
{"level":"info","message":"OPTIONS /api/appointments/stats?month=7&year=2026 200 0 - 0.067 ms","timestamp":"2026-07-08 12:20:41"}
{"level":"info","message":"OPTIONS /api/appointments/stats?month=6&year=2026 200 0 - 0.071 ms","timestamp":"2026-07-08 12:20:41"}
{"level":"info","message":"OPTIONS /api/appointments/revenue 200 0 - 0.054 ms","timestamp":"2026-07-08 12:20:41"}
{"level":"info","message":"OPTIONS /api/users 200 0 - 0.058 ms","timestamp":"2026-07-08 12:20:41"}
{"level":"info","message":"GET /api/appointments/stats?month=7&year=2026 304 - - 60.738 ms","timestamp":"2026-07-08 12:20:41"}
{"level":"info","message":"GET /api/appointments/stats?month=6&year=2026 304 - - 59.925 ms","timestamp":"2026-07-08 12:20:41"}
{"level":"info","message":"GET /api/appointments/revenue 304 - - 90.206 ms","timestamp":"2026-07-08 12:20:41"}
{"level":"info","message":"GET /api/users 304 - - 146.835 ms","timestamp":"2026-07-08 12:20:41"}
{"level":"info","message":"OPTIONS /api/attendance/2026/7 200 0 - 0.151 ms","timestamp":"2026-07-08 12:20:51"}
{"level":"info","message":"OPTIONS /api/users/all 200 0 - 0.131 ms","timestamp":"2026-07-08 12:20:51"}
{"level":"info","message":"OPTIONS /api/attendance/range?start=2026-06-30T18:30:00.000Z&end=2026-07-31T18:29:59.999Z 200 0 - 0.109 ms","timestamp":"2026-07-08 12:20:51"}
{"level":"info","message":"OPTIONS /api/appointments/stats?month=7&year=2026 200 0 - 0.045 ms","timestamp":"2026-07-08 12:20:51"}
{"level":"info","message":"OPTIONS /api/appointments/stats?month=6&year=2026 200 0 - 0.048 ms","timestamp":"2026-07-08 12:20:51"}
{"level":"info","message":"OPTIONS /api/appointments/revenue 200 0 - 0.053 ms","timestamp":"2026-07-08 12:20:51"}
{"level":"info","message":"OPTIONS /api/users 200 0 - 0.037 ms","timestamp":"2026-07-08 12:20:51"}
{"level":"info","message":"GET /api/attendance/2026/7 304 - - 131.089 ms","timestamp":"2026-07-08 12:20:51"}
{"level":"info","message":"GET /api/appointments/stats?month=6&year=2026 304 - - 56.991 ms","timestamp":"2026-07-08 12:20:51"}
{"level":"info","message":"GET /api/users/all 200 - - 122.992 ms","timestamp":"2026-07-08 12:20:51"}
{"level":"info","message":"GET /api/appointments/stats?month=7&year=2026 304 - - 64.396 ms","timestamp":"2026-07-08 12:20:51"}
{"level":"info","message":"GET /api/attendance/range?start=2026-06-30T18:30:00.000Z&end=2026-07-31T18:29:59.999Z 304 - - 149.177 ms","timestamp":"2026-07-08 12:20:51"}
{"level":"info","message":"GET /api/appointments/revenue 304 - - 106.590 ms","timestamp":"2026-07-08 12:20:51"}
{"level":"info","message":"GET /api/users 200 - - 118.672 ms","timestamp":"2026-07-08 12:20:51"}
{"level":"info","message":"OPTIONS /api/appointments/stats?month=7&year=2026 200 0 - 0.052 ms","timestamp":"2026-07-08 12:21:01"}
{"level":"info","message":"OPTIONS /api/appointments/stats?month=6&year=2026 200 0 - 0.038 ms","timestamp":"2026-07-08 12:21:01"}
{"level":"info","message":"OPTIONS /api/appointments/revenue 200 0 - 0.029 ms","timestamp":"2026-07-08 12:21:01"}
{"level":"info","message":"OPTIONS /api/users 200 0 - 0.045 ms","timestamp":"2026-07-08 12:21:01"}
{"level":"info","message":"GET /api/appointments/stats?month=7&year=2026 304 - - 76.290 ms","timestamp":"2026-07-08 12:21:01"}
{"level":"info","message":"GET /api/appointments/stats?month=6&year=2026 304 - - 91.337 ms","timestamp":"2026-07-08 12:21:01"}
{"level":"info","message":"GET /api/appointments/revenue 304 - - 105.334 ms","timestamp":"2026-07-08 12:21:01"}
{"level":"info","message":"GET /api/users 304 - - 176.622 ms","timestamp":"2026-07-08 12:21:01"}
{"level":"info","message":"OPTIONS /api/appointments/stats?month=7&year=2026 200 0 - 0.071 ms","timestamp":"2026-07-08 12:21:11"}
{"level":"info","message":"OPTIONS /api/appointments/stats?month=6&year=2026 200 0 - 0.041 ms","timestamp":"2026-07-08 12:21:11"}
{"level":"info","message":"OPTIONS /api/appointments/revenue 200 0 - 0.039 ms","timestamp":"2026-07-08 12:21:11"}
{"level":"info","message":"OPTIONS /api/users 200 0 - 0.033 ms","timestamp":"2026-07-08 12:21:11"}
{"level":"info","message":"GET /api/appointments/stats?month=7&year=2026 304 - - 50.945 ms","timestamp":"2026-07-08 12:21:11"}
{"level":"info","message":"GET /api/appointments/stats?month=6&year=2026 304 - - 52.264 ms","timestamp":"2026-07-08 12:21:11"}
{"level":"info","message":"GET /api/appointments/revenue 304 - - 83.460 ms","timestamp":"2026-07-08 12:21:11"}
{"level":"info","message":"GET /api/users 304 - - 134.446 ms","timestamp":"2026-07-08 12:21:11"}
{"level":"info","message":"OPTIONS /api/attendance/2026/7 200 0 - 0.150 ms","timestamp":"2026-07-08 12:21:21"}
{"level":"info","message":"OPTIONS /api/users/all 200 0 - 0.128 ms","timestamp":"2026-07-08 12:21:21"}
{"level":"info","message":"OPTIONS /api/attendance/range?start=2026-06-30T18:30:00.000Z&end=2026-07-31T18:29:59.999Z 200 0 - 0.225 ms","timestamp":"2026-07-08 12:21:21"}
{"level":"info","message":"OPTIONS /api/appointments/stats?month=7&year=2026 200 0 - 0.043 ms","timestamp":"2026-07-08 12:21:21"}
{"level":"info","message":"OPTIONS /api/appointments/stats?month=6&year=2026 200 0 - 0.028 ms","timestamp":"2026-07-08 12:21:21"}
{"level":"info","message":"OPTIONS /api/appointments/revenue 200 0 - 0.039 ms","timestamp":"2026-07-08 12:21:21"}
{"level":"info","message":"OPTIONS /api/users 200 0 - 0.074 ms","timestamp":"2026-07-08 12:21:21"}
{"level":"info","message":"GET /api/attendance/2026/7 304 - - 108.828 ms","timestamp":"2026-07-08 12:21:21"}
{"level":"info","message":"GET /api/attendance/range?start=2026-06-30T18:30:00.000Z&end=2026-07-31T18:29:59.999Z 304 - - 115.827 ms","timestamp":"2026-07-08 12:21:21"}
{"level":"info","message":"GET /api/appointments/stats?month=7&year=2026 304 - - 53.374 ms","timestamp":"2026-07-08 12:21:21"}
{"level":"info","message":"GET /api/users/all 200 - - 115.250 ms","timestamp":"2026-07-08 12:21:21"}
{"level":"info","message":"GET /api/appointments/stats?month=6&year=2026 304 - - 67.128 ms","timestamp":"2026-07-08 12:21:21"}
{"level":"info","message":"GET /api/appointments/revenue 304 - - 96.508 ms","timestamp":"2026-07-08 12:21:21"}
{"level":"info","message":"GET /api/users 200 - - 92.907 ms","timestamp":"2026-07-08 12:21:21"}
{"level":"info","message":"OPTIONS /api/appointments/stats?month=7&year=2026 200 0 - 0.061 ms","timestamp":"2026-07-08 12:21:31"}
{"level":"info","message":"OPTIONS /api/appointments/stats?month=6&year=2026 200 0 - 0.037 ms","timestamp":"2026-07-08 12:21:31"}
{"level":"info","message":"OPTIONS /api/appointments/revenue 200 0 - 0.029 ms","timestamp":"2026-07-08 12:21:31"}
{"level":"info","message":"OPTIONS /api/users 200 0 - 0.046 ms","timestamp":"2026-07-08 12:21:31"}
{"level":"info","message":"GET /api/appointments/stats?month=7&year=2026 304 - - 65.386 ms","timestamp":"2026-07-08 12:21:31"}
{"level":"info","message":"GET /api/appointments/stats?month=6&year=2026 304 - - 65.596 ms","timestamp":"2026-07-08 12:21:31"}
{"level":"info","message":"GET /api/appointments/revenue 304 - - 100.346 ms","timestamp":"2026-07-08 12:21:31"}
{"level":"info","message":"GET /api/users 200 - - 161.225 ms","timestamp":"2026-07-08 12:21:31"}
{"level":"info","message":"OPTIONS /api/appointments/stats?month=7&year=2026 200 0 - 0.047 ms","timestamp":"2026-07-08 12:21:41"}
{"level":"info","message":"OPTIONS /api/appointments/stats?month=6&year=2026 200 0 - 0.037 ms","timestamp":"2026-07-08 12:21:41"}
{"level":"info","message":"OPTIONS /api/appointments/revenue 200 0 - 0.024 ms","timestamp":"2026-07-08 12:21:41"}
{"level":"info","message":"OPTIONS /api/users 200 0 - 0.041 ms","timestamp":"2026-07-08 12:21:41"}
{"level":"info","message":"GET /api/appointments/stats?month=7&year=2026 304 - - 50.543 ms","timestamp":"2026-07-08 12:21:41"}
{"level":"info","message":"GET /api/appointments/stats?month=6&year=2026 304 - - 50.375 ms","timestamp":"2026-07-08 12:21:41"}
{"level":"info","message":"GET /api/appointments/revenue 304 - - 80.526 ms","timestamp":"2026-07-08 12:21:41"}
{"level":"info","message":"GET /api/users 304 - - 137.286 ms","timestamp":"2026-07-08 12:21:41"}
{"level":"info","message":"OPTIONS /api/attendance/2026/7 200 0 - 0.064 ms","timestamp":"2026-07-08 12:21:51"}
{"level":"info","message":"OPTIONS /api/users/all 200 0 - 0.038 ms","timestamp":"2026-07-08 12:21:51"}
{"level":"info","message":"OPTIONS /api/attendance/range?start=2026-06-30T18:30:00.000Z&end=2026-07-31T18:29:59.999Z 200 0 - 0.060 ms","timestamp":"2026-07-08 12:21:51"}
{"level":"info","message":"OPTIONS /api/appointments/stats?month=7&year=2026 200 0 - 0.078 ms","timestamp":"2026-07-08 12:21:51"}
{"level":"info","message":"OPTIONS /api/appointments/stats?month=6&year=2026 200 0 - 0.028 ms","timestamp":"2026-07-08 12:21:51"}
{"level":"info","message":"OPTIONS /api/appointments/revenue 200 0 - 0.046 ms","timestamp":"2026-07-08 12:21:51"}
{"level":"info","message":"OPTIONS /api/users 200 0 - 0.032 ms","timestamp":"2026-07-08 12:21:51"}
{"level":"info","message":"GET /api/appointments/stats?month=7&year=2026 304 - - 51.810 ms","timestamp":"2026-07-08 12:21:51"}
{"level":"info","message":"GET /api/appointments/stats?month=6&year=2026 304 - - 51.336 ms","timestamp":"2026-07-08 12:21:51"}
{"level":"info","message":"GET /api/attendance/2026/7 304 - - 105.545 ms","timestamp":"2026-07-08 12:21:51"}
{"level":"info","message":"GET /api/attendance/range?start=2026-06-30T18:30:00.000Z&end=2026-07-31T18:29:59.999Z 304 - - 114.649 ms","timestamp":"2026-07-08 12:21:51"}
{"level":"info","message":"GET /api/users/all 200 - - 114.264 ms","timestamp":"2026-07-08 12:21:51"}
{"level":"info","message":"GET /api/appointments/revenue 304 - - 89.623 ms","timestamp":"2026-07-08 12:21:51"}
{"level":"info","message":"GET /api/users 200 - - 147.796 ms","timestamp":"2026-07-08 12:21:51"}
{"level":"info","message":"OPTIONS /api/appointments/stats?month=7&year=2026 200 0 - 0.089 ms","timestamp":"2026-07-08 12:22:01"}
{"level":"info","message":"OPTIONS /api/appointments/stats?month=6&year=2026 200 0 - 0.045 ms","timestamp":"2026-07-08 12:22:01"}
{"level":"info","message":"OPTIONS /api/appointments/revenue 200 0 - 0.037 ms","timestamp":"2026-07-08 12:22:01"}
{"level":"info","message":"OPTIONS /api/users 200 0 - 0.030 ms","timestamp":"2026-07-08 12:22:01"}
{"level":"info","message":"GET /api/appointments/stats?month=6&year=2026 304 - - 50.745 ms","timestamp":"2026-07-08 12:22:01"}
{"level":"info","message":"GET /api/appointments/stats?month=7&year=2026 304 - - 57.939 ms","timestamp":"2026-07-08 12:22:01"}
{"level":"info","message":"GET /api/appointments/revenue 304 - - 80.837 ms","timestamp":"2026-07-08 12:22:01"}
{"level":"info","message":"GET /api/users 304 - - 146.639 ms","timestamp":"2026-07-08 12:22:01"}
{"level":"info","message":"OPTIONS /api/appointments/stats?month=7&year=2026 200 0 - 0.073 ms","timestamp":"2026-07-08 12:22:11"}
{"level":"info","message":"OPTIONS /api/appointments/stats?month=6&year=2026 200 0 - 0.095 ms","timestamp":"2026-07-08 12:22:11"}
{"level":"info","message":"OPTIONS /api/appointments/revenue 200 0 - 0.036 ms","timestamp":"2026-07-08 12:22:11"}
{"level":"info","message":"OPTIONS /api/users 200 0 - 0.033 ms","timestamp":"2026-07-08 12:22:11"}
{"level":"info","message":"GET /api/appointments/stats?month=7&year=2026 304 - - 51.359 ms","timestamp":"2026-07-08 12:22:11"}
{"level":"info","message":"GET /api/appointments/stats?month=6&year=2026 304 - - 50.666 ms","timestamp":"2026-07-08 12:22:11"}
{"level":"info","message":"GET /api/appointments/revenue 304 - - 82.999 ms","timestamp":"2026-07-08 12:22:11"}
{"level":"info","message":"GET /api/users 200 - - 141.430 ms","timestamp":"2026-07-08 12:22:11"}
{"level":"info","message":"OPTIONS /api/attendance/2026/7 200 0 - 0.297 ms","timestamp":"2026-07-08 12:22:42"}
{"level":"info","message":"OPTIONS /api/users/all 200 0 - 0.094 ms","timestamp":"2026-07-08 12:22:42"}
{"level":"info","message":"OPTIONS /api/attendance/range?start=2026-06-30T18:30:00.000Z&end=2026-07-31T18:29:59.999Z 200 0 - 0.109 ms","timestamp":"2026-07-08 12:22:42"}
{"level":"info","message":"OPTIONS /api/appointments/stats?month=7&year=2026 200 0 - 0.053 ms","timestamp":"2026-07-08 12:22:42"}
{"level":"info","message":"OPTIONS /api/appointments/stats?month=6&year=2026 200 0 - 0.043 ms","timestamp":"2026-07-08 12:22:42"}
{"level":"info","message":"OPTIONS /api/appointments/revenue 200 0 - 0.059 ms","timestamp":"2026-07-08 12:22:42"}
{"level":"info","message":"OPTIONS /api/users 200 0 - 0.043 ms","timestamp":"2026-07-08 12:22:42"}
{"level":"info","message":"GET /api/attendance/2026/7 304 - - 151.552 ms","timestamp":"2026-07-08 12:22:42"}
{"level":"info","message":"GET /api/attendance/range?start=2026-06-30T18:30:00.000Z&end=2026-07-31T18:29:59.999Z 304 - - 147.928 ms","timestamp":"2026-07-08 12:22:42"}
{"level":"info","message":"GET /api/users/all 200 - - 145.676 ms","timestamp":"2026-07-08 12:22:42"}
{"level":"info","message":"GET /api/appointments/stats?month=7&year=2026 304 - - 66.639 ms","timestamp":"2026-07-08 12:22:42"}
{"level":"info","message":"GET /api/appointments/stats?month=6&year=2026 304 - - 65.889 ms","timestamp":"2026-07-08 12:22:42"}
{"level":"info","message":"GET /api/appointments/revenue 304 - - 90.575 ms","timestamp":"2026-07-08 12:22:42"}
{"level":"info","message":"GET /api/users 200 - - 127.640 ms","timestamp":"2026-07-08 12:22:42"}
{"level":"info","message":"OPTIONS /api/attendance/2026/7 200 0 - 0.223 ms","timestamp":"2026-07-08 12:23:42"}
{"level":"info","message":"OPTIONS /api/users/all 200 0 - 0.143 ms","timestamp":"2026-07-08 12:23:42"}
{"level":"info","message":"OPTIONS /api/attendance/range?start=2026-06-30T18:30:00.000Z&end=2026-07-31T18:29:59.999Z 200 0 - 0.199 ms","timestamp":"2026-07-08 12:23:42"}
{"level":"info","message":"OPTIONS /api/appointments/stats?month=7&year=2026 200 0 - 0.061 ms","timestamp":"2026-07-08 12:23:42"}
{"level":"info","message":"OPTIONS /api/appointments/stats?month=6&year=2026 200 0 - 0.022 ms","timestamp":"2026-07-08 12:23:42"}
{"level":"info","message":"OPTIONS /api/appointments/revenue 200 0 - 0.024 ms","timestamp":"2026-07-08 12:23:42"}
{"level":"info","message":"OPTIONS /api/users 200 0 - 0.024 ms","timestamp":"2026-07-08 12:23:42"}
{"level":"info","message":"GET /api/attendance/2026/7 304 - - 109.390 ms","timestamp":"2026-07-08 12:23:42"}
{"level":"info","message":"GET /api/appointments/stats?month=7&year=2026 304 - - 52.136 ms","timestamp":"2026-07-08 12:23:42"}
{"level":"info","message":"GET /api/appointments/stats?month=6&year=2026 304 - - 62.413 ms","timestamp":"2026-07-08 12:23:42"}
{"level":"info","message":"GET /api/attendance/range?start=2026-06-30T18:30:00.000Z&end=2026-07-31T18:29:59.999Z 304 - - 120.042 ms","timestamp":"2026-07-08 12:23:42"}
{"level":"info","message":"GET /api/users/all 200 - - 120.422 ms","timestamp":"2026-07-08 12:23:42"}
{"level":"info","message":"GET /api/appointments/revenue 304 - - 90.875 ms","timestamp":"2026-07-08 12:23:42"}
{"level":"info","message":"GET /api/users 200 - - 113.331 ms","timestamp":"2026-07-08 12:23:42"}
{"level":"info","message":"OPTIONS /api/attendance/2026/7 200 0 - 0.232 ms","timestamp":"2026-07-08 12:24:42"}
{"level":"info","message":"OPTIONS /api/users/all 200 0 - 0.135 ms","timestamp":"2026-07-08 12:24:42"}
{"level":"info","message":"OPTIONS /api/attendance/range?start=2026-06-30T18:30:00.000Z&end=2026-07-31T18:29:59.999Z 200 0 - 0.101 ms","timestamp":"2026-07-08 12:24:42"}
{"level":"info","message":"OPTIONS /api/appointments/stats?month=7&year=2026 200 0 - 0.051 ms","timestamp":"2026-07-08 12:24:42"}
{"level":"info","message":"OPTIONS /api/appointments/stats?month=6&year=2026 200 0 - 0.034 ms","timestamp":"2026-07-08 12:24:42"}
{"level":"info","message":"OPTIONS /api/appointments/revenue 200 0 - 0.024 ms","timestamp":"2026-07-08 12:24:42"}
{"level":"info","message":"OPTIONS /api/users 200 0 - 0.031 ms","timestamp":"2026-07-08 12:24:42"}
{"level":"info","message":"GET /api/attendance/2026/7 304 - - 117.294 ms","timestamp":"2026-07-08 12:24:42"}
{"level":"info","message":"GET /api/appointments/stats?month=7&year=2026 304 - - 53.918 ms","timestamp":"2026-07-08 12:24:42"}
{"level":"info","message":"GET /api/appointments/stats?month=6&year=2026 304 - - 53.486 ms","timestamp":"2026-07-08 12:24:42"}
{"level":"info","message":"GET /api/attendance/range?start=2026-06-30T18:30:00.000Z&end=2026-07-31T18:29:59.999Z 304 - - 118.990 ms","timestamp":"2026-07-08 12:24:42"}
{"level":"info","message":"GET /api/users/all 200 - - 112.057 ms","timestamp":"2026-07-08 12:24:42"}
{"level":"info","message":"GET /api/appointments/revenue 304 - - 84.056 ms","timestamp":"2026-07-08 12:24:42"}
{"level":"info","message":"GET /api/users 200 - - 130.093 ms","timestamp":"2026-07-08 12:24:42"}
{"level":"info","message":"OPTIONS /api/attendance/2026/7 200 0 - 0.174 ms","timestamp":"2026-07-08 12:25:42"}
{"level":"info","message":"OPTIONS /api/users/all 200 0 - 0.234 ms","timestamp":"2026-07-08 12:25:42"}
{"level":"info","message":"OPTIONS /api/attendance/range?start=2026-06-30T18:30:00.000Z&end=2026-07-31T18:29:59.999Z 200 0 - 0.180 ms","timestamp":"2026-07-08 12:25:42"}
{"level":"info","message":"OPTIONS /api/appointments/stats?month=7&year=2026 200 0 - 0.043 ms","timestamp":"2026-07-08 12:25:42"}
{"level":"info","message":"OPTIONS /api/appointments/stats?month=6&year=2026 200 0 - 0.022 ms","timestamp":"2026-07-08 12:25:42"}
{"level":"info","message":"OPTIONS /api/appointments/revenue 200 0 - 0.035 ms","timestamp":"2026-07-08 12:25:42"}
{"level":"info","message":"OPTIONS /api/users 200 0 - 0.023 ms","timestamp":"2026-07-08 12:25:42"}
{"level":"info","message":"GET /api/attendance/2026/7 304 - - 107.774 ms","timestamp":"2026-07-08 12:25:42"}
{"level":"info","message":"GET /api/appointments/stats?month=7&year=2026 304 - - 59.470 ms","timestamp":"2026-07-08 12:25:42"}
{"level":"info","message":"GET /api/attendance/range?start=2026-06-30T18:30:00.000Z&end=2026-07-31T18:29:59.999Z 304 - - 120.069 ms","timestamp":"2026-07-08 12:25:42"}
{"level":"info","message":"GET /api/users/all 200 - - 118.546 ms","timestamp":"2026-07-08 12:25:42"}
{"level":"info","message":"GET /api/appointments/stats?month=6&year=2026 304 - - 65.676 ms","timestamp":"2026-07-08 12:25:42"}
{"level":"info","message":"GET /api/appointments/revenue 304 - - 87.922 ms","timestamp":"2026-07-08 12:25:42"}
{"level":"info","message":"GET /api/users 200 - - 130.953 ms","timestamp":"2026-07-08 12:25:42"}
{"level":"info","message":"OPTIONS /api/attendance/2026/7 200 0 - 0.151 ms","timestamp":"2026-07-08 12:26:07"}
{"level":"info","message":"OPTIONS /api/users/all 200 0 - 0.075 ms","timestamp":"2026-07-08 12:26:07"}
{"level":"info","message":"OPTIONS /api/attendance/range?start=2026-06-30T18:30:00.000Z&end=2026-07-31T18:29:59.999Z 200 0 - 0.085 ms","timestamp":"2026-07-08 12:26:07"}
{"level":"info","message":"GET /api/attendance/2026/7 304 - - 134.146 ms","timestamp":"2026-07-08 12:26:07"}
{"level":"info","message":"GET /api/attendance/range?start=2026-06-30T18:30:00.000Z&end=2026-07-31T18:29:59.999Z 304 - - 137.155 ms","timestamp":"2026-07-08 12:26:07"}
{"level":"info","message":"GET /api/users/all 200 - - 135.995 ms","timestamp":"2026-07-08 12:26:07"}
{"level":"info","message":"OPTIONS /api/appointments/stats?month=7&year=2026 200 0 - 0.116 ms","timestamp":"2026-07-08 12:26:07"}
{"level":"info","message":"OPTIONS /api/appointments/stats?month=6&year=2026 200 0 - 0.071 ms","timestamp":"2026-07-08 12:26:07"}
{"level":"info","message":"OPTIONS /api/appointments/revenue 200 0 - 0.068 ms","timestamp":"2026-07-08 12:26:07"}
{"level":"info","message":"OPTIONS /api/users 200 0 - 0.093 ms","timestamp":"2026-07-08 12:26:07"}
{"level":"info","message":"GET /api/appointments/stats?month=6&year=2026 304 - - 50.667 ms","timestamp":"2026-07-08 12:26:07"}
{"level":"info","message":"GET /api/appointments/stats?month=7&year=2026 304 - - 56.642 ms","timestamp":"2026-07-08 12:26:07"}
{"level":"info","message":"GET /api/appointments/revenue 304 - - 91.980 ms","timestamp":"2026-07-08 12:26:07"}
{"level":"info","message":"GET /api/users 200 - - 147.647 ms","timestamp":"2026-07-08 12:26:07"}
{"level":"info","message":"OPTIONS /api/calls/sip-config 200 0 - 0.101 ms","timestamp":"2026-07-08 12:26:10"}
{"level":"info","message":"OPTIONS /api/messages/unread-count 200 0 - 0.058 ms","timestamp":"2026-07-08 12:26:10"}
{"level":"info","message":"GET /api/calls/sip-config 304 - - 29.089 ms","timestamp":"2026-07-08 12:26:10"}
{"level":"info","message":"GET /api/messages/unread-count 304 - - 58.560 ms","timestamp":"2026-07-08 12:26:10"}
{"level":"info","message":"GET /api/calls/sip-config 304 - - 29.752 ms","timestamp":"2026-07-08 12:26:10"}
{"level":"info","message":"GET /api/messages/unread-count 304 - - 54.902 ms","timestamp":"2026-07-08 12:26:10"}
{"level":"info","message":"OPTIONS /api/appointments/revenue/reports 200 0 - 0.049 ms","timestamp":"2026-07-08 12:26:10"}
{"level":"info","message":"OPTIONS /api/appointments/all 200 0 - 0.053 ms","timestamp":"2026-07-08 12:26:10"}
{"level":"info","message":"OPTIONS /api/tasks 200 0 - 0.059 ms","timestamp":"2026-07-08 12:26:10"}
{"level":"info","message":"OPTIONS /api/admin-status 200 0 - 0.065 ms","timestamp":"2026-07-08 12:26:10"}
{"level":"info","message":"GET /api/appointments/revenue/reports 304 - - 53.945 ms","timestamp":"2026-07-08 12:26:10"}
{"level":"info","message":"GET /api/tasks 304 - - 87.822 ms","timestamp":"2026-07-08 12:26:10"}
{"level":"info","message":"GET /api/attendance/2026/7 304 - - 105.808 ms","timestamp":"2026-07-08 12:26:10"}
{"level":"info","message":"GET /api/appointments/stats?month=7&year=2026 304 - - 62.364 ms","timestamp":"2026-07-08 12:26:10"}
{"level":"info","message":"GET /api/users/all 200 - - 115.671 ms","timestamp":"2026-07-08 12:26:10"}
{"level":"info","message":"GET /api/attendance/range?start=2026-06-30T18:30:00.000Z&end=2026-07-31T18:29:59.999Z 304 - - 120.253 ms","timestamp":"2026-07-08 12:26:10"}
{"level":"info","message":"GET /api/appointments/stats?month=6&year=2026 304 - - 77.354 ms","timestamp":"2026-07-08 12:26:10"}
{"level":"info","message":"GET /api/appointments/all 304 - - 211.552 ms","timestamp":"2026-07-08 12:26:10"}
{"level":"info","message":"GET /api/appointments/revenue/reports 304 - - 84.632 ms","timestamp":"2026-07-08 12:26:10"}
{"level":"info","message":"GET /api/admin-status 304 - - 86.846 ms","timestamp":"2026-07-08 12:26:10"}
{"level":"info","message":"GET /api/appointments/revenue 304 - - 112.884 ms","timestamp":"2026-07-08 12:26:10"}
{"level":"info","message":"GET /api/appointments/stats?month=7&year=2026 304 - - 61.507 ms","timestamp":"2026-07-08 12:26:11"}
{"level":"info","message":"GET /api/users/all 304 - - 70.185 ms","timestamp":"2026-07-08 12:26:11"}
{"level":"info","message":"GET /api/tasks 304 - - 132.078 ms","timestamp":"2026-07-08 12:26:11"}
{"level":"info","message":"GET /api/users 200 - - 186.882 ms","timestamp":"2026-07-08 12:26:11"}
{"level":"info","message":"GET /api/attendance/2026/7 304 - - 122.072 ms","timestamp":"2026-07-08 12:26:11"}
{"level":"info","message":"GET /api/appointments/stats?month=6&year=2026 304 - - 57.999 ms","timestamp":"2026-07-08 12:26:11"}
{"level":"info","message":"GET /api/attendance/range?start=2026-06-30T18:30:00.000Z&end=2026-07-31T18:29:59.999Z 304 - - 133.886 ms","timestamp":"2026-07-08 12:26:11"}
{"level":"info","message":"GET /api/admin-status 304 - - 60.036 ms","timestamp":"2026-07-08 12:26:11"}
{"level":"info","message":"GET /api/appointments/revenue 304 - - 91.695 ms","timestamp":"2026-07-08 12:26:11"}
{"level":"info","message":"GET /api/tasks 304 - - 90.925 ms","timestamp":"2026-07-08 12:26:11"}
{"level":"info","message":"GET /api/appointments/all 304 - - 169.696 ms","timestamp":"2026-07-08 12:26:11"}
{"level":"info","message":"GET /api/users 304 - - 126.813 ms","timestamp":"2026-07-08 12:26:11"}
{"level":"info","message":"GET /api/tasks 304 - - 97.644 ms","timestamp":"2026-07-08 12:26:11"}
{"level":"info","message":"OPTIONS /api/appointments/stats?month=7&year=2026 200 0 - 0.054 ms","timestamp":"2026-07-08 12:26:20"}
{"level":"info","message":"OPTIONS /api/appointments/stats?month=6&year=2026 200 0 - 0.040 ms","timestamp":"2026-07-08 12:26:20"}
{"level":"info","message":"OPTIONS /api/appointments/revenue 200 0 - 0.034 ms","timestamp":"2026-07-08 12:26:20"}
{"level":"info","message":"OPTIONS /api/users 200 0 - 0.043 ms","timestamp":"2026-07-08 12:26:20"}
{"level":"info","message":"GET /api/appointments/stats?month=7&year=2026 304 - - 51.085 ms","timestamp":"2026-07-08 12:26:20"}
{"level":"info","message":"GET /api/appointments/stats?month=6&year=2026 304 - - 51.183 ms","timestamp":"2026-07-08 12:26:20"}
{"level":"info","message":"GET /api/appointments/revenue 304 - - 79.937 ms","timestamp":"2026-07-08 12:26:20"}
{"level":"info","message":"GET /api/users 200 - - 135.349 ms","timestamp":"2026-07-08 12:26:20"}
{"level":"info","message":"OPTIONS /api/appointments/stats?month=7&year=2026 200 0 - 0.075 ms","timestamp":"2026-07-08 12:26:30"}
{"level":"info","message":"OPTIONS /api/appointments/stats?month=6&year=2026 200 0 - 0.045 ms","timestamp":"2026-07-08 12:26:30"}
{"level":"info","message":"OPTIONS /api/appointments/revenue 200 0 - 0.026 ms","timestamp":"2026-07-08 12:26:30"}
{"level":"info","message":"OPTIONS /api/users 200 0 - 0.023 ms","timestamp":"2026-07-08 12:26:30"}
{"level":"info","message":"GET /api/appointments/stats?month=7&year=2026 304 - - 51.090 ms","timestamp":"2026-07-08 12:26:30"}
{"level":"info","message":"GET /api/appointments/stats?month=6&year=2026 304 - - 50.464 ms","timestamp":"2026-07-08 12:26:30"}
{"level":"info","message":"GET /api/appointments/revenue 304 - - 79.873 ms","timestamp":"2026-07-08 12:26:30"}
{"level":"info","message":"GET /api/users 304 - - 134.061 ms","timestamp":"2026-07-08 12:26:30"}
{"level":"info","message":"OPTIONS /api/attendance/2026/7 200 0 - 0.278 ms","timestamp":"2026-07-08 12:26:40"}
{"level":"info","message":"OPTIONS /api/users/all 200 0 - 0.158 ms","timestamp":"2026-07-08 12:26:40"}
{"level":"info","message":"OPTIONS /api/attendance/range?start=2026-06-30T18:30:00.000Z&end=2026-07-31T18:29:59.999Z 200 0 - 0.158 ms","timestamp":"2026-07-08 12:26:40"}
{"level":"info","message":"OPTIONS /api/appointments/stats?month=7&year=2026 200 0 - 0.060 ms","timestamp":"2026-07-08 12:26:40"}
{"level":"info","message":"OPTIONS /api/appointments/stats?month=6&year=2026 200 0 - 0.057 ms","timestamp":"2026-07-08 12:26:40"}
{"level":"info","message":"OPTIONS /api/appointments/revenue 200 0 - 0.071 ms","timestamp":"2026-07-08 12:26:40"}
{"level":"info","message":"OPTIONS /api/users 200 0 - 0.104 ms","timestamp":"2026-07-08 12:26:40"}
{"level":"info","message":"GET /api/attendance/range?start=2026-06-30T18:30:00.000Z&end=2026-07-31T18:29:59.999Z 304 - - 115.520 ms","timestamp":"2026-07-08 12:26:40"}
{"level":"info","message":"GET /api/attendance/2026/7 304 - - 127.867 ms","timestamp":"2026-07-08 12:26:40"}
{"level":"info","message":"GET /api/appointments/stats?month=7&year=2026 304 - - 54.815 ms","timestamp":"2026-07-08 12:26:40"}
{"level":"info","message":"GET /api/users/all 200 - - 112.835 ms","timestamp":"2026-07-08 12:26:40"}
{"level":"info","message":"GET /api/appointments/stats?month=6&year=2026 304 - - 56.307 ms","timestamp":"2026-07-08 12:26:40"}
{"level":"info","message":"GET /api/appointments/revenue 304 - - 98.109 ms","timestamp":"2026-07-08 12:26:40"}
{"level":"info","message":"GET /api/users 304 - - 113.101 ms","timestamp":"2026-07-08 12:26:40"}
{"level":"info","message":"OPTIONS /api/appointments/stats?month=7&year=2026 200 0 - 0.067 ms","timestamp":"2026-07-08 12:26:50"}
{"level":"info","message":"OPTIONS /api/appointments/stats?month=6&year=2026 200 0 - 0.048 ms","timestamp":"2026-07-08 12:26:50"}
{"level":"info","message":"OPTIONS /api/appointments/revenue 200 0 - 0.040 ms","timestamp":"2026-07-08 12:26:50"}
{"level":"info","message":"OPTIONS /api/users 200 0 - 0.045 ms","timestamp":"2026-07-08 12:26:50"}
{"level":"info","message":"GET /api/appointments/stats?month=7&year=2026 304 - - 51.756 ms","timestamp":"2026-07-08 12:26:50"}
{"level":"info","message":"GET /api/appointments/stats?month=6&year=2026 304 - - 59.040 ms","timestamp":"2026-07-08 12:26:50"}
{"level":"info","message":"GET /api/appointments/revenue 304 - - 88.889 ms","timestamp":"2026-07-08 12:26:50"}
{"level":"info","message":"GET /api/users 200 - - 136.569 ms","timestamp":"2026-07-08 12:26:50"}
{"level":"info","message":"OPTIONS /api/appointments/stats?month=7&year=2026 200 0 - 0.051 ms","timestamp":"2026-07-08 12:27:00"}
{"level":"info","message":"OPTIONS /api/appointments/stats?month=6&year=2026 200 0 - 0.043 ms","timestamp":"2026-07-08 12:27:00"}
{"level":"info","message":"OPTIONS /api/appointments/revenue 200 0 - 0.033 ms","timestamp":"2026-07-08 12:27:00"}
{"level":"info","message":"OPTIONS /api/users 200 0 - 0.053 ms","timestamp":"2026-07-08 12:27:00"}
{"level":"info","message":"GET /api/appointments/stats?month=6&year=2026 304 - - 52.710 ms","timestamp":"2026-07-08 12:27:00"}
{"level":"info","message":"GET /api/appointments/stats?month=7&year=2026 304 - - 60.610 ms","timestamp":"2026-07-08 12:27:00"}
{"level":"info","message":"GET /api/appointments/revenue 304 - - 82.422 ms","timestamp":"2026-07-08 12:27:00"}
{"level":"info","message":"GET /api/users 304 - - 142.299 ms","timestamp":"2026-07-08 12:27:00"}
{"level":"info","message":"OPTIONS /api/attendance/2026/7 200 0 - 0.160 ms","timestamp":"2026-07-08 12:27:10"}
{"level":"info","message":"OPTIONS /api/users/all 200 0 - 0.232 ms","timestamp":"2026-07-08 12:27:10"}
{"level":"info","message":"OPTIONS /api/attendance/range?start=2026-06-30T18:30:00.000Z&end=2026-07-31T18:29:59.999Z 200 0 - 0.190 ms","timestamp":"2026-07-08 12:27:10"}
{"level":"info","message":"OPTIONS /api/appointments/stats?month=7&year=2026 200 0 - 0.063 ms","timestamp":"2026-07-08 12:27:10"}
{"level":"info","message":"OPTIONS /api/appointments/stats?month=6&year=2026 200 0 - 0.056 ms","timestamp":"2026-07-08 12:27:10"}
{"level":"info","message":"OPTIONS /api/appointments/revenue 200 0 - 0.044 ms","timestamp":"2026-07-08 12:27:10"}
{"level":"info","message":"OPTIONS /api/users 200 0 - 0.038 ms","timestamp":"2026-07-08 12:27:10"}
{"level":"info","message":"GET /api/attendance/2026/7 304 - - 110.918 ms","timestamp":"2026-07-08 12:27:10"}
{"level":"info","message":"GET /api/attendance/range?start=2026-06-30T18:30:00.000Z&end=2026-07-31T18:29:59.999Z 304 - - 118.821 ms","timestamp":"2026-07-08 12:27:10"}
{"level":"info","message":"GET /api/appointments/stats?month=6&year=2026 304 - - 60.127 ms","timestamp":"2026-07-08 12:27:10"}
{"level":"info","message":"GET /api/appointments/stats?month=7&year=2026 304 - - 64.374 ms","timestamp":"2026-07-08 12:27:10"}
{"level":"info","message":"GET /api/users/all 200 - - 121.017 ms","timestamp":"2026-07-08 12:27:10"}
{"level":"info","message":"GET /api/appointments/revenue 304 - - 89.764 ms","timestamp":"2026-07-08 12:27:10"}
{"level":"info","message":"GET /api/users 200 - - 123.183 ms","timestamp":"2026-07-08 12:27:10"}
{"level":"info","message":"OPTIONS /api/appointments/stats?month=7&year=2026 200 0 - 0.111 ms","timestamp":"2026-07-08 12:27:20"}
{"level":"info","message":"OPTIONS /api/appointments/stats?month=6&year=2026 200 0 - 0.036 ms","timestamp":"2026-07-08 12:27:20"}
{"level":"info","message":"OPTIONS /api/appointments/revenue 200 0 - 0.034 ms","timestamp":"2026-07-08 12:27:20"}
{"level":"info","message":"OPTIONS /api/users 200 0 - 0.044 ms","timestamp":"2026-07-08 12:27:20"}
{"level":"info","message":"GET /api/appointments/stats?month=7&year=2026 304 - - 51.095 ms","timestamp":"2026-07-08 12:27:20"}
{"level":"info","message":"GET /api/appointments/stats?month=6&year=2026 304 - - 52.488 ms","timestamp":"2026-07-08 12:27:20"}
{"level":"info","message":"GET /api/appointments/revenue 304 - - 84.723 ms","timestamp":"2026-07-08 12:27:20"}
{"level":"info","message":"GET /api/users 200 - - 132.284 ms","timestamp":"2026-07-08 12:27:20"}
{"level":"info","message":"OPTIONS /api/appointments/stats?month=7&year=2026 200 0 - 0.052 ms","timestamp":"2026-07-08 12:27:30"}
{"level":"info","message":"OPTIONS /api/appointments/stats?month=6&year=2026 200 0 - 0.061 ms","timestamp":"2026-07-08 12:27:30"}
{"level":"info","message":"OPTIONS /api/appointments/revenue 200 0 - 0.034 ms","timestamp":"2026-07-08 12:27:30"}
{"level":"info","message":"OPTIONS /api/users 200 0 - 0.034 ms","timestamp":"2026-07-08 12:27:30"}
{"level":"info","message":"GET /api/appointments/stats?month=7&year=2026 304 - - 51.696 ms","timestamp":"2026-07-08 12:27:30"}
{"level":"info","message":"GET /api/appointments/stats?month=6&year=2026 304 - - 53.479 ms","timestamp":"2026-07-08 12:27:30"}
{"level":"info","message":"GET /api/appointments/revenue 304 - - 80.391 ms","timestamp":"2026-07-08 12:27:30"}
{"level":"info","message":"GET /api/users 304 - - 136.255 ms","timestamp":"2026-07-08 12:27:30"}
{"level":"info","message":"OPTIONS /api/attendance/2026/7 200 0 - 0.248 ms","timestamp":"2026-07-08 12:27:40"}
{"level":"info","message":"OPTIONS /api/users/all 200 0 - 0.205 ms","timestamp":"2026-07-08 12:27:40"}
{"level":"info","message":"OPTIONS /api/attendance/range?start=2026-06-30T18:30:00.000Z&end=2026-07-31T18:29:59.999Z 200 0 - 0.122 ms","timestamp":"2026-07-08 12:27:40"}
{"level":"info","message":"OPTIONS /api/appointments/stats?month=7&year=2026 200 0 - 0.070 ms","timestamp":"2026-07-08 12:27:40"}
{"level":"info","message":"OPTIONS /api/appointments/stats?month=6&year=2026 200 0 - 0.066 ms","timestamp":"2026-07-08 12:27:40"}
{"level":"info","message":"OPTIONS /api/appointments/revenue 200 0 - 0.051 ms","timestamp":"2026-07-08 12:27:40"}
{"level":"info","message":"OPTIONS /api/users 200 0 - 0.067 ms","timestamp":"2026-07-08 12:27:40"}
{"level":"info","message":"GET /api/attendance/2026/7 304 - - 116.268 ms","timestamp":"2026-07-08 12:27:40"}
{"level":"info","message":"GET /api/attendance/range?start=2026-06-30T18:30:00.000Z&end=2026-07-31T18:29:59.999Z 304 - - 128.788 ms","timestamp":"2026-07-08 12:27:40"}
{"level":"info","message":"GET /api/appointments/stats?month=7&year=2026 304 - - 66.273 ms","timestamp":"2026-07-08 12:27:40"}
{"level":"info","message":"GET /api/appointments/stats?month=6&year=2026 304 - - 65.113 ms","timestamp":"2026-07-08 12:27:40"}
{"level":"info","message":"GET /api/users/all 200 - - 124.883 ms","timestamp":"2026-07-08 12:27:40"}
{"level":"info","message":"GET /api/appointments/revenue 304 - - 95.464 ms","timestamp":"2026-07-08 12:27:40"}
{"level":"info","message":"GET /api/users 304 - - 107.048 ms","timestamp":"2026-07-08 12:27:40"}
{"level":"info","message":"OPTIONS /api/appointments/stats?month=7&year=2026 200 0 - 0.078 ms","timestamp":"2026-07-08 12:27:50"}
{"level":"info","message":"OPTIONS /api/appointments/stats?month=6&year=2026 200 0 - 0.045 ms","timestamp":"2026-07-08 12:27:50"}
{"level":"info","message":"OPTIONS /api/appointments/revenue 200 0 - 0.023 ms","timestamp":"2026-07-08 12:27:50"}
{"level":"info","message":"OPTIONS /api/users 200 0 - 0.028 ms","timestamp":"2026-07-08 12:27:50"}
{"level":"info","message":"GET /api/appointments/stats?month=7&year=2026 304 - - 51.496 ms","timestamp":"2026-07-08 12:27:50"}
{"level":"info","message":"GET /api/appointments/stats?month=6&year=2026 304 - - 51.771 ms","timestamp":"2026-07-08 12:27:50"}
{"level":"info","message":"GET /api/appointments/revenue 304 - - 83.684 ms","timestamp":"2026-07-08 12:27:50"}
{"level":"info","message":"GET /api/users 200 - - 134.958 ms","timestamp":"2026-07-08 12:27:50"}
{"level":"info","message":"OPTIONS /api/appointments/stats?month=7&year=2026 200 0 - 0.055 ms","timestamp":"2026-07-08 12:28:00"}
{"level":"info","message":"OPTIONS /api/appointments/stats?month=6&year=2026 200 0 - 0.040 ms","timestamp":"2026-07-08 12:28:00"}
{"level":"info","message":"OPTIONS /api/appointments/revenue 200 0 - 0.027 ms","timestamp":"2026-07-08 12:28:00"}
{"level":"info","message":"OPTIONS /api/users 200 0 - 0.032 ms","timestamp":"2026-07-08 12:28:00"}
{"level":"info","message":"GET /api/appointments/stats?month=7&year=2026 304 - - 57.900 ms","timestamp":"2026-07-08 12:28:00"}
{"level":"info","message":"GET /api/appointments/stats?month=6&year=2026 304 - - 60.409 ms","timestamp":"2026-07-08 12:28:00"}
{"level":"info","message":"GET /api/appointments/revenue 304 - - 88.086 ms","timestamp":"2026-07-08 12:28:00"}
{"level":"info","message":"GET /api/users 304 - - 151.674 ms","timestamp":"2026-07-08 12:28:00"}
{"level":"info","message":"OPTIONS /api/attendance/2026/7 200 0 - 0.183 ms","timestamp":"2026-07-08 12:28:10"}
{"level":"info","message":"OPTIONS /api/users/all 200 0 - 0.150 ms","timestamp":"2026-07-08 12:28:10"}
{"level":"info","message":"OPTIONS /api/attendance/range?start=2026-06-30T18:30:00.000Z&end=2026-07-31T18:29:59.999Z 200 0 - 0.129 ms","timestamp":"2026-07-08 12:28:10"}
{"level":"info","message":"OPTIONS /api/appointments/stats?month=7&year=2026 200 0 - 0.050 ms","timestamp":"2026-07-08 12:28:10"}
{"level":"info","message":"OPTIONS /api/appointments/stats?month=6&year=2026 200 0 - 0.026 ms","timestamp":"2026-07-08 12:28:10"}
{"level":"info","message":"OPTIONS /api/appointments/revenue 200 0 - 0.043 ms","timestamp":"2026-07-08 12:28:10"}
{"level":"info","message":"OPTIONS /api/users 200 0 - 0.043 ms","timestamp":"2026-07-08 12:28:10"}
{"level":"info","message":"GET /api/attendance/2026/7 304 - - 123.445 ms","timestamp":"2026-07-08 12:28:10"}
{"level":"info","message":"GET /api/appointments/stats?month=7&year=2026 304 - - 53.380 ms","timestamp":"2026-07-08 12:28:10"}
{"level":"info","message":"GET /api/users/all 200 - - 116.675 ms","timestamp":"2026-07-08 12:28:10"}
{"level":"info","message":"GET /api/appointments/stats?month=6&year=2026 304 - - 54.404 ms","timestamp":"2026-07-08 12:28:10"}
{"level":"info","message":"GET /api/attendance/range?start=2026-06-30T18:30:00.000Z&end=2026-07-31T18:29:59.999Z 304 - - 122.231 ms","timestamp":"2026-07-08 12:28:10"}
{"level":"info","message":"GET /api/appointments/revenue 304 - - 86.327 ms","timestamp":"2026-07-08 12:28:10"}
{"level":"info","message":"GET /api/users 200 - - 136.901 ms","timestamp":"2026-07-08 12:28:10"}
{"level":"info","message":"OPTIONS /api/appointments/stats?month=7&year=2026 200 0 - 0.070 ms","timestamp":"2026-07-08 12:28:20"}
{"level":"info","message":"OPTIONS /api/appointments/stats?month=6&year=2026 200 0 - 0.040 ms","timestamp":"2026-07-08 12:28:20"}
{"level":"info","message":"OPTIONS /api/appointments/revenue 200 0 - 0.024 ms","timestamp":"2026-07-08 12:28:20"}
{"level":"info","message":"OPTIONS /api/users 200 0 - 0.026 ms","timestamp":"2026-07-08 12:28:20"}
{"level":"info","message":"GET /api/appointments/stats?month=7&year=2026 304 - - 52.942 ms","timestamp":"2026-07-08 12:28:20"}
{"level":"info","message":"GET /api/appointments/stats?month=6&year=2026 304 - - 54.401 ms","timestamp":"2026-07-08 12:28:20"}
{"level":"info","message":"GET /api/appointments/revenue 304 - - 81.458 ms","timestamp":"2026-07-08 12:28:20"}
{"level":"info","message":"GET /api/users 200 - - 165.899 ms","timestamp":"2026-07-08 12:28:20"}
{"level":"info","message":"OPTIONS /api/appointments/stats?month=7&year=2026 200 0 - 0.087 ms","timestamp":"2026-07-08 12:28:30"}
{"level":"info","message":"OPTIONS /api/appointments/stats?month=6&year=2026 200 0 - 0.071 ms","timestamp":"2026-07-08 12:28:30"}
{"level":"info","message":"OPTIONS /api/appointments/revenue 200 0 - 0.082 ms","timestamp":"2026-07-08 12:28:30"}
{"level":"info","message":"OPTIONS /api/users 200 0 - 0.064 ms","timestamp":"2026-07-08 12:28:30"}
{"level":"info","message":"GET /api/appointments/stats?month=7&year=2026 304 - - 52.811 ms","timestamp":"2026-07-08 12:28:30"}
{"level":"info","message":"GET /api/appointments/stats?month=6&year=2026 304 - - 51.510 ms","timestamp":"2026-07-08 12:28:30"}
{"level":"info","message":"GET /api/appointments/revenue 304 - - 82.085 ms","timestamp":"2026-07-08 12:28:30"}
{"level":"info","message":"GET /api/users 304 - - 136.887 ms","timestamp":"2026-07-08 12:28:30"}
{"level":"info","message":"OPTIONS /api/attendance/2026/7 200 0 - 0.247 ms","timestamp":"2026-07-08 12:28:41"}
{"level":"info","message":"OPTIONS /api/users/all 200 0 - 0.240 ms","timestamp":"2026-07-08 12:28:41"}
{"level":"info","message":"OPTIONS /api/attendance/range?start=2026-06-30T18:30:00.000Z&end=2026-07-31T18:29:59.999Z 200 0 - 0.201 ms","timestamp":"2026-07-08 12:28:41"}
{"level":"info","message":"OPTIONS /api/appointments/stats?month=7&year=2026 200 0 - 0.081 ms","timestamp":"2026-07-08 12:28:41"}
{"level":"info","message":"OPTIONS /api/appointments/stats?month=6&year=2026 200 0 - 0.053 ms","timestamp":"2026-07-08 12:28:41"}
{"level":"info","message":"OPTIONS /api/appointments/revenue 200 0 - 0.058 ms","timestamp":"2026-07-08 12:28:41"}
{"level":"info","message":"OPTIONS /api/users 200 0 - 0.025 ms","timestamp":"2026-07-08 12:28:41"}
{"level":"info","message":"GET /api/attendance/range?start=2026-06-30T18:30:00.000Z&end=2026-07-31T18:29:59.999Z 304 - - 107.271 ms","timestamp":"2026-07-08 12:28:41"}
{"level":"info","message":"GET /api/attendance/2026/7 304 - - 117.558 ms","timestamp":"2026-07-08 12:28:41"}
{"level":"info","message":"GET /api/appointments/stats?month=7&year=2026 304 - - 59.146 ms","timestamp":"2026-07-08 12:28:41"}
{"level":"info","message":"GET /api/appointments/stats?month=6&year=2026 304 - - 58.452 ms","timestamp":"2026-07-08 12:28:41"}
{"level":"info","message":"GET /api/users/all 200 - - 123.696 ms","timestamp":"2026-07-08 12:28:41"}
{"level":"info","message":"GET /api/appointments/revenue 304 - - 86.881 ms","timestamp":"2026-07-08 12:28:41"}
{"level":"info","message":"GET /api/users 304 - - 115.613 ms","timestamp":"2026-07-08 12:28:41"}
{"level":"info","message":"OPTIONS /api/appointments/stats?month=7&year=2026 200 0 - 0.110 ms","timestamp":"2026-07-08 12:28:51"}
{"level":"info","message":"OPTIONS /api/appointments/stats?month=6&year=2026 200 0 - 0.035 ms","timestamp":"2026-07-08 12:28:51"}
{"level":"info","message":"OPTIONS /api/appointments/revenue 200 0 - 0.022 ms","timestamp":"2026-07-08 12:28:51"}
{"level":"info","message":"OPTIONS /api/users 200 0 - 0.037 ms","timestamp":"2026-07-08 12:28:51"}
{"level":"info","message":"GET /api/appointments/stats?month=7&year=2026 304 - - 51.229 ms","timestamp":"2026-07-08 12:28:51"}
{"level":"info","message":"GET /api/appointments/stats?month=6&year=2026 304 - - 51.150 ms","timestamp":"2026-07-08 12:28:51"}
{"level":"info","message":"GET /api/appointments/revenue 304 - - 81.227 ms","timestamp":"2026-07-08 12:28:51"}
{"level":"info","message":"GET /api/users 200 - - 136.846 ms","timestamp":"2026-07-08 12:28:51"}
{"level":"info","message":"OPTIONS /api/appointments/stats?month=7&year=2026 200 0 - 0.056 ms","timestamp":"2026-07-08 12:29:01"}
{"level":"info","message":"OPTIONS /api/appointments/stats?month=6&year=2026 200 0 - 0.043 ms","timestamp":"2026-07-08 12:29:01"}
{"level":"info","message":"OPTIONS /api/appointments/revenue 200 0 - 0.046 ms","timestamp":"2026-07-08 12:29:01"}
{"level":"info","message":"OPTIONS /api/users 200 0 - 0.031 ms","timestamp":"2026-07-08 12:29:01"}
{"level":"info","message":"GET /api/appointments/stats?month=7&year=2026 304 - - 55.050 ms","timestamp":"2026-07-08 12:29:01"}
{"level":"info","message":"GET /api/appointments/stats?month=6&year=2026 304 - - 55.849 ms","timestamp":"2026-07-08 12:29:01"}
{"level":"info","message":"GET /api/appointments/revenue 304 - - 94.190 ms","timestamp":"2026-07-08 12:29:01"}
{"level":"info","message":"GET /api/users 304 - - 149.186 ms","timestamp":"2026-07-08 12:29:01"}
{"level":"info","message":"OPTIONS /api/attendance/2026/7 200 0 - 0.156 ms","timestamp":"2026-07-08 12:29:11"}
{"level":"info","message":"OPTIONS /api/users/all 200 0 - 0.200 ms","timestamp":"2026-07-08 12:29:11"}
{"level":"info","message":"OPTIONS /api/attendance/range?start=2026-06-30T18:30:00.000Z&end=2026-07-31T18:29:59.999Z 200 0 - 0.205 ms","timestamp":"2026-07-08 12:29:11"}
{"level":"info","message":"OPTIONS /api/appointments/stats?month=7&year=2026 200 0 - 0.053 ms","timestamp":"2026-07-08 12:29:11"}
{"level":"info","message":"OPTIONS /api/appointments/stats?month=6&year=2026 200 0 - 0.028 ms","timestamp":"2026-07-08 12:29:11"}
{"level":"info","message":"OPTIONS /api/appointments/revenue 200 0 - 0.041 ms","timestamp":"2026-07-08 12:29:11"}
{"level":"info","message":"OPTIONS /api/users 200 0 - 0.040 ms","timestamp":"2026-07-08 12:29:11"}
{"level":"info","message":"GET /api/attendance/2026/7 304 - - 111.545 ms","timestamp":"2026-07-08 12:29:11"}
{"level":"info","message":"GET /api/attendance/range?start=2026-06-30T18:30:00.000Z&end=2026-07-31T18:29:59.999Z 304 - - 117.874 ms","timestamp":"2026-07-08 12:29:11"}
{"level":"info","message":"GET /api/appointments/stats?month=7&year=2026 304 - - 51.745 ms","timestamp":"2026-07-08 12:29:11"}
{"level":"info","message":"GET /api/users/all 200 - - 117.641 ms","timestamp":"2026-07-08 12:29:11"}
{"level":"info","message":"GET /api/appointments/stats?month=6&year=2026 304 - - 57.567 ms","timestamp":"2026-07-08 12:29:11"}
{"level":"info","message":"GET /api/appointments/revenue 304 - - 81.129 ms","timestamp":"2026-07-08 12:29:11"}
{"level":"info","message":"GET /api/users 200 - - 94.358 ms","timestamp":"2026-07-08 12:29:11"}
{"level":"info","message":"OPTIONS /api/appointments/stats?month=7&year=2026 200 0 - 0.064 ms","timestamp":"2026-07-08 12:29:21"}
{"level":"info","message":"OPTIONS /api/appointments/stats?month=6&year=2026 200 0 - 0.035 ms","timestamp":"2026-07-08 12:29:21"}
{"level":"info","message":"OPTIONS /api/appointments/revenue 200 0 - 0.024 ms","timestamp":"2026-07-08 12:29:21"}
{"level":"info","message":"OPTIONS /api/users 200 0 - 0.033 ms","timestamp":"2026-07-08 12:29:21"}
{"level":"info","message":"GET /api/appointments/stats?month=7&year=2026 304 - - 51.432 ms","timestamp":"2026-07-08 12:29:21"}
{"level":"info","message":"GET /api/appointments/stats?month=6&year=2026 304 - - 50.822 ms","timestamp":"2026-07-08 12:29:21"}
{"level":"info","message":"GET /api/appointments/revenue 304 - - 80.438 ms","timestamp":"2026-07-08 12:29:21"}
{"level":"info","message":"GET /api/users 200 - - 133.503 ms","timestamp":"2026-07-08 12:29:21"}
{"level":"info","message":"OPTIONS /api/appointments/stats?month=7&year=2026 200 0 - 0.050 ms","timestamp":"2026-07-08 12:29:31"}
{"level":"info","message":"OPTIONS /api/appointments/stats?month=6&year=2026 200 0 - 0.053 ms","timestamp":"2026-07-08 12:29:31"}
{"level":"info","message":"OPTIONS /api/appointments/revenue 200 0 - 0.043 ms","timestamp":"2026-07-08 12:29:31"}
{"level":"info","message":"OPTIONS /api/users 200 0 - 0.042 ms","timestamp":"2026-07-08 12:29:31"}
{"level":"info","message":"GET /api/appointments/stats?month=7&year=2026 304 - - 51.042 ms","timestamp":"2026-07-08 12:29:31"}
{"level":"info","message":"GET /api/appointments/stats?month=6&year=2026 304 - - 50.223 ms","timestamp":"2026-07-08 12:29:31"}
{"level":"info","message":"GET /api/appointments/revenue 304 - - 80.818 ms","timestamp":"2026-07-08 12:29:31"}
{"level":"info","message":"GET /api/users 304 - - 134.167 ms","timestamp":"2026-07-08 12:29:31"}
{"level":"info","message":"OPTIONS /api/attendance/2026/7 200 0 - 0.120 ms","timestamp":"2026-07-08 12:29:42"}
{"level":"info","message":"OPTIONS /api/users/all 200 0 - 0.149 ms","timestamp":"2026-07-08 12:29:42"}
{"level":"info","message":"OPTIONS /api/attendance/range?start=2026-06-30T18:30:00.000Z&end=2026-07-31T18:29:59.999Z 200 0 - 0.068 ms","timestamp":"2026-07-08 12:29:42"}
{"level":"info","message":"OPTIONS /api/appointments/stats?month=7&year=2026 200 0 - 0.074 ms","timestamp":"2026-07-08 12:29:42"}
{"level":"info","message":"OPTIONS /api/appointments/stats?month=6&year=2026 200 0 - 0.051 ms","timestamp":"2026-07-08 12:29:42"}
{"level":"info","message":"OPTIONS /api/appointments/revenue 200 0 - 0.044 ms","timestamp":"2026-07-08 12:29:42"}
{"level":"info","message":"OPTIONS /api/users 200 0 - 0.050 ms","timestamp":"2026-07-08 12:29:42"}
{"level":"info","message":"GET /api/appointments/stats?month=6&year=2026 304 - - 60.505 ms","timestamp":"2026-07-08 12:29:42"}
{"level":"info","message":"GET /api/appointments/stats?month=7&year=2026 304 - - 63.192 ms","timestamp":"2026-07-08 12:29:42"}
{"level":"info","message":"GET /api/attendance/2026/7 304 - - 123.483 ms","timestamp":"2026-07-08 12:29:42"}
{"level":"info","message":"GET /api/attendance/range?start=2026-06-30T18:30:00.000Z&end=2026-07-31T18:29:59.999Z 304 - - 122.031 ms","timestamp":"2026-07-08 12:29:42"}
{"level":"info","message":"GET /api/users/all 200 - - 113.942 ms","timestamp":"2026-07-08 12:29:42"}
{"level":"info","message":"GET /api/appointments/revenue 304 - - 95.170 ms","timestamp":"2026-07-08 12:29:42"}
{"level":"info","message":"GET /api/users 304 - - 122.245 ms","timestamp":"2026-07-08 12:29:42"}
{"level":"info","message":"OPTIONS /api/appointments/stats?month=7&year=2026 200 0 - 0.059 ms","timestamp":"2026-07-08 12:30:42"}
{"level":"info","message":"OPTIONS /api/appointments/stats?month=6&year=2026 200 0 - 0.053 ms","timestamp":"2026-07-08 12:30:42"}
{"level":"info","message":"OPTIONS /api/appointments/revenue 200 0 - 0.028 ms","timestamp":"2026-07-08 12:30:42"}
{"level":"info","message":"OPTIONS /api/users 200 0 - 0.038 ms","timestamp":"2026-07-08 12:30:42"}
{"level":"info","message":"OPTIONS /api/attendance/2026/7 200 0 - 0.036 ms","timestamp":"2026-07-08 12:30:42"}
{"level":"info","message":"OPTIONS /api/users/all 200 0 - 0.051 ms","timestamp":"2026-07-08 12:30:42"}
{"level":"info","message":"OPTIONS /api/attendance/range?start=2026-06-30T18:30:00.000Z&end=2026-07-31T18:29:59.999Z 200 0 - 0.040 ms","timestamp":"2026-07-08 12:30:42"}
{"level":"info","message":"GET /api/appointments/stats?month=7&year=2026 304 - - 52.431 ms","timestamp":"2026-07-08 12:30:42"}
{"level":"info","message":"GET /api/appointments/stats?month=6&year=2026 304 - - 51.308 ms","timestamp":"2026-07-08 12:30:42"}
{"level":"info","message":"GET /api/appointments/revenue 304 - - 81.350 ms","timestamp":"2026-07-08 12:30:42"}
{"level":"info","message":"GET /api/attendance/2026/7 304 - - 115.163 ms","timestamp":"2026-07-08 12:30:42"}
{"level":"info","message":"GET /api/users/all 200 - - 112.717 ms","timestamp":"2026-07-08 12:30:42"}
{"level":"info","message":"GET /api/users 200 - - 138.421 ms","timestamp":"2026-07-08 12:30:42"}
{"level":"info","message":"GET /api/attendance/range?start=2026-06-30T18:30:00.000Z&end=2026-07-31T18:29:59.999Z 304 - - 118.895 ms","timestamp":"2026-07-08 12:30:42"}
{"level":"info","message":"OPTIONS /api/appointments/stats?month=7&year=2026 200 0 - 0.075 ms","timestamp":"2026-07-08 12:31:03"}
{"level":"info","message":"OPTIONS /api/appointments/stats?month=6&year=2026 200 0 - 0.057 ms","timestamp":"2026-07-08 12:31:03"}
{"level":"info","message":"OPTIONS /api/appointments/revenue 200 0 - 0.057 ms","timestamp":"2026-07-08 12:31:03"}
{"level":"info","message":"OPTIONS /api/users 200 0 - 0.039 ms","timestamp":"2026-07-08 12:31:03"}
{"level":"info","message":"GET /api/appointments/stats?month=6&year=2026 304 - - 50.598 ms","timestamp":"2026-07-08 12:31:03"}
{"level":"info","message":"GET /api/appointments/stats?month=7&year=2026 304 - - 53.624 ms","timestamp":"2026-07-08 12:31:03"}
{"level":"info","message":"GET /api/appointments/revenue 304 - - 111.265 ms","timestamp":"2026-07-08 12:31:03"}
{"level":"info","message":"GET /api/users 200 - - 168.606 ms","timestamp":"2026-07-08 12:31:03"}
{"level":"info","message":"OPTIONS /api/attendance/2026/7 200 0 - 0.155 ms","timestamp":"2026-07-08 12:31:10"}
{"level":"info","message":"OPTIONS /api/users/all 200 0 - 0.135 ms","timestamp":"2026-07-08 12:31:10"}
{"level":"info","message":"OPTIONS /api/attendance/range?start=2026-06-30T18:30:00.000Z&end=2026-07-31T18:29:59.999Z 200 0 - 0.120 ms","timestamp":"2026-07-08 12:31:10"}
{"level":"info","message":"OPTIONS /api/appointments/stats?month=7&year=2026 200 0 - 0.081 ms","timestamp":"2026-07-08 12:31:10"}
{"level":"info","message":"OPTIONS /api/appointments/stats?month=6&year=2026 200 0 - 0.054 ms","timestamp":"2026-07-08 12:31:10"}
{"level":"info","message":"OPTIONS /api/appointments/revenue 200 0 - 0.042 ms","timestamp":"2026-07-08 12:31:10"}
{"level":"info","message":"OPTIONS /api/users 200 0 - 0.060 ms","timestamp":"2026-07-08 12:31:10"}
{"level":"info","message":"GET /api/appointments/stats?month=7&year=2026 304 - - 62.112 ms","timestamp":"2026-07-08 12:31:10"}
{"level":"info","message":"GET /api/appointments/stats?month=6&year=2026 304 - - 58.541 ms","timestamp":"2026-07-08 12:31:10"}
{"level":"info","message":"GET /api/attendance/2026/7 304 - - 123.915 ms","timestamp":"2026-07-08 12:31:10"}
{"level":"info","message":"GET /api/users/all 200 - - 116.309 ms","timestamp":"2026-07-08 12:31:10"}
{"level":"info","message":"GET /api/attendance/range?start=2026-06-30T18:30:00.000Z&end=2026-07-31T18:29:59.999Z 304 - - 125.905 ms","timestamp":"2026-07-08 12:31:10"}
{"level":"info","message":"GET /api/appointments/revenue 304 - - 81.365 ms","timestamp":"2026-07-08 12:31:10"}
{"level":"info","message":"GET /api/users 200 - - 138.835 ms","timestamp":"2026-07-08 12:31:10"}
{"level":"info","message":"OPTIONS /api/appointments/stats?month=7&year=2026 200 0 - 0.047 ms","timestamp":"2026-07-08 12:31:20"}
{"level":"info","message":"OPTIONS /api/appointments/stats?month=6&year=2026 200 0 - 0.045 ms","timestamp":"2026-07-08 12:31:20"}
{"level":"info","message":"OPTIONS /api/appointments/revenue 200 0 - 0.034 ms","timestamp":"2026-07-08 12:31:20"}
{"level":"info","message":"OPTIONS /api/users 200 0 - 0.038 ms","timestamp":"2026-07-08 12:31:20"}
{"level":"info","message":"GET /api/appointments/stats?month=7&year=2026 304 - - 52.420 ms","timestamp":"2026-07-08 12:31:20"}
{"level":"info","message":"GET /api/appointments/stats?month=6&year=2026 304 - - 51.154 ms","timestamp":"2026-07-08 12:31:20"}
{"level":"info","message":"GET /api/appointments/revenue 304 - - 82.843 ms","timestamp":"2026-07-08 12:31:20"}
{"level":"info","message":"GET /api/users 200 - - 136.129 ms","timestamp":"2026-07-08 12:31:20"}
{"level":"info","message":"OPTIONS /api/appointments/stats?month=7&year=2026 200 0 - 0.058 ms","timestamp":"2026-07-08 12:31:31"}
{"level":"info","message":"OPTIONS /api/appointments/stats?month=6&year=2026 200 0 - 0.041 ms","timestamp":"2026-07-08 12:31:31"}
{"level":"info","message":"OPTIONS /api/appointments/revenue 200 0 - 0.031 ms","timestamp":"2026-07-08 12:31:31"}
{"level":"info","message":"OPTIONS /api/users 200 0 - 0.030 ms","timestamp":"2026-07-08 12:31:31"}
{"level":"info","message":"GET /api/appointments/stats?month=7&year=2026 304 - - 51.362 ms","timestamp":"2026-07-08 12:31:31"}
{"level":"info","message":"GET /api/appointments/stats?month=6&year=2026 304 - - 51.907 ms","timestamp":"2026-07-08 12:31:31"}
{"level":"info","message":"GET /api/appointments/revenue 304 - - 84.757 ms","timestamp":"2026-07-08 12:31:31"}
{"level":"info","message":"GET /api/users 200 - - 136.583 ms","timestamp":"2026-07-08 12:31:31"}
{"level":"info","message":"OPTIONS /api/attendance/2026/7 200 0 - 0.165 ms","timestamp":"2026-07-08 12:31:40"}
{"level":"info","message":"OPTIONS /api/users/all 200 0 - 0.135 ms","timestamp":"2026-07-08 12:31:40"}
{"level":"info","message":"OPTIONS /api/attendance/range?start=2026-06-30T18:30:00.000Z&end=2026-07-31T18:29:59.999Z 200 0 - 0.118 ms","timestamp":"2026-07-08 12:31:40"}
{"level":"info","message":"OPTIONS /api/appointments/stats?month=7&year=2026 200 0 - 0.057 ms","timestamp":"2026-07-08 12:31:40"}
{"level":"info","message":"OPTIONS /api/appointments/stats?month=6&year=2026 200 0 - 0.066 ms","timestamp":"2026-07-08 12:31:40"}
{"level":"info","message":"OPTIONS /api/appointments/revenue 200 0 - 0.045 ms","timestamp":"2026-07-08 12:31:40"}
{"level":"info","message":"OPTIONS /api/users 200 0 - 0.037 ms","timestamp":"2026-07-08 12:31:40"}
{"level":"info","message":"GET /api/attendance/2026/7 304 - - 109.412 ms","timestamp":"2026-07-08 12:31:40"}
{"level":"info","message":"GET /api/users/all 200 - - 117.900 ms","timestamp":"2026-07-08 12:31:40"}
{"level":"info","message":"GET /api/appointments/stats?month=7&year=2026 304 - - 54.759 ms","timestamp":"2026-07-08 12:31:40"}
{"level":"info","message":"GET /api/attendance/range?start=2026-06-30T18:30:00.000Z&end=2026-07-31T18:29:59.999Z 304 - - 128.042 ms","timestamp":"2026-07-08 12:31:40"}
{"level":"info","message":"GET /api/appointments/stats?month=6&year=2026 304 - - 58.843 ms","timestamp":"2026-07-08 12:31:40"}
{"level":"info","message":"GET /api/appointments/revenue 304 - - 87.558 ms","timestamp":"2026-07-08 12:31:40"}
{"level":"info","message":"GET /api/users 304 - - 123.462 ms","timestamp":"2026-07-08 12:31:40"}
{"level":"info","message":"OPTIONS /api/appointments/stats?month=7&year=2026 200 0 - 0.075 ms","timestamp":"2026-07-08 12:31:50"}
{"level":"info","message":"OPTIONS /api/appointments/stats?month=6&year=2026 200 0 - 0.048 ms","timestamp":"2026-07-08 12:31:50"}
{"level":"info","message":"OPTIONS /api/appointments/revenue 200 0 - 0.036 ms","timestamp":"2026-07-08 12:31:50"}
{"level":"info","message":"OPTIONS /api/users 200 0 - 0.037 ms","timestamp":"2026-07-08 12:31:50"}
{"level":"info","message":"GET /api/appointments/stats?month=7&year=2026 304 - - 51.067 ms","timestamp":"2026-07-08 12:31:50"}
{"level":"info","message":"GET /api/appointments/stats?month=6&year=2026 304 - - 51.956 ms","timestamp":"2026-07-08 12:31:50"}
{"level":"info","message":"GET /api/appointments/revenue 304 - - 82.379 ms","timestamp":"2026-07-08 12:31:50"}
{"level":"info","message":"GET /api/users 200 - - 134.823 ms","timestamp":"2026-07-08 12:31:50"}
{"level":"info","message":"OPTIONS /api/appointments/stats?month=7&year=2026 200 0 - 0.053 ms","timestamp":"2026-07-08 12:32:00"}
{"level":"info","message":"OPTIONS /api/appointments/stats?month=6&year=2026 200 0 - 0.044 ms","timestamp":"2026-07-08 12:32:00"}
{"level":"info","message":"OPTIONS /api/appointments/revenue 200 0 - 0.036 ms","timestamp":"2026-07-08 12:32:00"}
{"level":"info","message":"OPTIONS /api/users 200 0 - 0.046 ms","timestamp":"2026-07-08 12:32:00"}
{"level":"info","message":"GET /api/appointments/stats?month=7&year=2026 304 - - 51.244 ms","timestamp":"2026-07-08 12:32:00"}
{"level":"info","message":"GET /api/appointments/stats?month=6&year=2026 304 - - 50.572 ms","timestamp":"2026-07-08 12:32:00"}
{"level":"info","message":"GET /api/appointments/revenue 304 - - 86.147 ms","timestamp":"2026-07-08 12:32:00"}
{"level":"info","message":"GET /api/users 304 - - 145.052 ms","timestamp":"2026-07-08 12:32:00"}
{"level":"info","message":"OPTIONS /api/attendance/2026/7 200 0 - 0.104 ms","timestamp":"2026-07-08 12:32:10"}
{"level":"info","message":"OPTIONS /api/users/all 200 0 - 0.052 ms","timestamp":"2026-07-08 12:32:10"}
{"level":"info","message":"OPTIONS /api/attendance/range?start=2026-06-30T18:30:00.000Z&end=2026-07-31T18:29:59.999Z 200 0 - 0.043 ms","timestamp":"2026-07-08 12:32:10"}
{"level":"info","message":"OPTIONS /api/appointments/stats?month=7&year=2026 200 0 - 0.047 ms","timestamp":"2026-07-08 12:32:10"}
{"level":"info","message":"OPTIONS /api/appointments/stats?month=6&year=2026 200 0 - 0.042 ms","timestamp":"2026-07-08 12:32:10"}
{"level":"info","message":"OPTIONS /api/appointments/revenue 200 0 - 0.060 ms","timestamp":"2026-07-08 12:32:10"}
{"level":"info","message":"OPTIONS /api/users 200 0 - 0.115 ms","timestamp":"2026-07-08 12:32:10"}
{"level":"info","message":"GET /api/attendance/2026/7 304 - - 121.707 ms","timestamp":"2026-07-08 12:32:10"}
{"level":"info","message":"GET /api/attendance/range?start=2026-06-30T18:30:00.000Z&end=2026-07-31T18:29:59.999Z 304 - - 122.322 ms","timestamp":"2026-07-08 12:32:10"}
{"level":"info","message":"GET /api/appointments/stats?month=7&year=2026 304 - - 62.608 ms","timestamp":"2026-07-08 12:32:10"}
{"level":"info","message":"GET /api/appointments/stats?month=6&year=2026 304 - - 60.445 ms","timestamp":"2026-07-08 12:32:10"}
{"level":"info","message":"GET /api/users/all 200 - - 117.645 ms","timestamp":"2026-07-08 12:32:10"}
{"level":"info","message":"GET /api/appointments/revenue 304 - - 90.934 ms","timestamp":"2026-07-08 12:32:10"}
{"level":"info","message":"GET /api/users 200 - - 153.745 ms","timestamp":"2026-07-08 12:32:10"}
{"level":"info","message":"OPTIONS /api/appointments/stats?month=7&year=2026 200 0 - 0.077 ms","timestamp":"2026-07-08 12:32:21"}
{"level":"info","message":"OPTIONS /api/appointments/stats?month=6&year=2026 200 0 - 0.046 ms","timestamp":"2026-07-08 12:32:21"}
{"level":"info","message":"OPTIONS /api/appointments/revenue 200 0 - 0.035 ms","timestamp":"2026-07-08 12:32:21"}
{"level":"info","message":"OPTIONS /api/users 200 0 - 0.062 ms","timestamp":"2026-07-08 12:32:21"}
{"level":"info","message":"GET /api/appointments/stats?month=7&year=2026 304 - - 52.184 ms","timestamp":"2026-07-08 12:32:21"}
{"level":"info","message":"GET /api/appointments/stats?month=6&year=2026 304 - - 52.596 ms","timestamp":"2026-07-08 12:32:21"}
{"level":"info","message":"GET /api/appointments/revenue 304 - - 95.429 ms","timestamp":"2026-07-08 12:32:21"}
{"level":"info","message":"GET /api/users 200 - - 140.425 ms","timestamp":"2026-07-08 12:32:21"}
{"level":"info","message":"OPTIONS /api/appointments/stats?month=7&year=2026 200 0 - 0.050 ms","timestamp":"2026-07-08 12:32:31"}
{"level":"info","message":"OPTIONS /api/appointments/stats?month=6&year=2026 200 0 - 0.038 ms","timestamp":"2026-07-08 12:32:31"}
{"level":"info","message":"OPTIONS /api/appointments/revenue 200 0 - 0.024 ms","timestamp":"2026-07-08 12:32:31"}
{"level":"info","message":"OPTIONS /api/users 200 0 - 0.035 ms","timestamp":"2026-07-08 12:32:31"}
{"level":"info","message":"GET /api/appointments/stats?month=7&year=2026 304 - - 51.483 ms","timestamp":"2026-07-08 12:32:31"}
{"level":"info","message":"GET /api/appointments/stats?month=6&year=2026 304 - - 52.279 ms","timestamp":"2026-07-08 12:32:31"}
{"level":"info","message":"GET /api/appointments/revenue 304 - - 79.399 ms","timestamp":"2026-07-08 12:32:31"}
{"level":"info","message":"GET /api/users 200 - - 136.891 ms","timestamp":"2026-07-08 12:32:31"}
{"level":"info","message":"OPTIONS /api/attendance/2026/7 200 0 - 0.151 ms","timestamp":"2026-07-08 12:32:41"}
{"level":"info","message":"OPTIONS /api/users/all 200 0 - 0.131 ms","timestamp":"2026-07-08 12:32:41"}
{"level":"info","message":"OPTIONS /api/attendance/range?start=2026-06-30T18:30:00.000Z&end=2026-07-31T18:29:59.999Z 200 0 - 0.199 ms","timestamp":"2026-07-08 12:32:41"}
{"level":"info","message":"OPTIONS /api/appointments/stats?month=7&year=2026 200 0 - 0.065 ms","timestamp":"2026-07-08 12:32:41"}
{"level":"info","message":"OPTIONS /api/appointments/stats?month=6&year=2026 200 0 - 0.047 ms","timestamp":"2026-07-08 12:32:41"}
{"level":"info","message":"OPTIONS /api/appointments/revenue 200 0 - 0.055 ms","timestamp":"2026-07-08 12:32:41"}
{"level":"info","message":"OPTIONS /api/users 200 0 - 0.039 ms","timestamp":"2026-07-08 12:32:41"}
{"level":"info","message":"GET /api/attendance/2026/7 304 - - 112.311 ms","timestamp":"2026-07-08 12:32:41"}
{"level":"info","message":"GET /api/attendance/range?start=2026-06-30T18:30:00.000Z&end=2026-07-31T18:29:59.999Z 304 - - 120.345 ms","timestamp":"2026-07-08 12:32:41"}
{"level":"info","message":"GET /api/users/all 200 - - 118.492 ms","timestamp":"2026-07-08 12:32:41"}
{"level":"info","message":"GET /api/appointments/stats?month=7&year=2026 304 - - 52.609 ms","timestamp":"2026-07-08 12:32:41"}
{"level":"info","message":"GET /api/appointments/stats?month=6&year=2026 304 - - 53.951 ms","timestamp":"2026-07-08 12:32:41"}
{"level":"info","message":"GET /api/appointments/revenue 304 - - 112.632 ms","timestamp":"2026-07-08 12:32:41"}
{"level":"info","message":"GET /api/users 304 - - 115.367 ms","timestamp":"2026-07-08 12:32:41"}
{"level":"info","message":"OPTIONS /api/appointments/stats?month=7&year=2026 200 0 - 0.068 ms","timestamp":"2026-07-08 12:32:51"}
{"level":"info","message":"OPTIONS /api/appointments/stats?month=6&year=2026 200 0 - 0.038 ms","timestamp":"2026-07-08 12:32:51"}
{"level":"info","message":"OPTIONS /api/appointments/revenue 200 0 - 0.027 ms","timestamp":"2026-07-08 12:32:51"}
{"level":"info","message":"OPTIONS /api/users 200 0 - 0.035 ms","timestamp":"2026-07-08 12:32:51"}
{"level":"info","message":"GET /api/appointments/stats?month=7&year=2026 304 - - 50.980 ms","timestamp":"2026-07-08 12:32:51"}
{"level":"info","message":"GET /api/appointments/stats?month=6&year=2026 304 - - 53.681 ms","timestamp":"2026-07-08 12:32:51"}
{"level":"info","message":"GET /api/appointments/revenue 304 - - 80.132 ms","timestamp":"2026-07-08 12:32:51"}
{"level":"info","message":"GET /api/users 200 - - 134.379 ms","timestamp":"2026-07-08 12:32:51"}
{"level":"info","message":"OPTIONS /api/appointments/stats?month=7&year=2026 200 0 - 0.073 ms","timestamp":"2026-07-08 12:33:01"}
{"level":"info","message":"OPTIONS /api/appointments/stats?month=6&year=2026 200 0 - 0.046 ms","timestamp":"2026-07-08 12:33:01"}
{"level":"info","message":"OPTIONS /api/appointments/revenue 200 0 - 0.035 ms","timestamp":"2026-07-08 12:33:01"}
{"level":"info","message":"OPTIONS /api/users 200 0 - 0.117 ms","timestamp":"2026-07-08 12:33:01"}
{"level":"info","message":"GET /api/appointments/stats?month=7&year=2026 304 - - 51.991 ms","timestamp":"2026-07-08 12:33:01"}
{"level":"info","message":"GET /api/appointments/stats?month=6&year=2026 304 - - 66.108 ms","timestamp":"2026-07-08 12:33:01"}
{"level":"info","message":"GET /api/appointments/revenue 304 - - 87.627 ms","timestamp":"2026-07-08 12:33:01"}
{"level":"info","message":"GET /api/users 304 - - 161.421 ms","timestamp":"2026-07-08 12:33:01"}
{"level":"info","message":"OPTIONS /api/attendance/2026/7 200 0 - 0.058 ms","timestamp":"2026-07-08 12:33:10"}
{"level":"info","message":"OPTIONS /api/users/all 200 0 - 0.058 ms","timestamp":"2026-07-08 12:33:10"}
{"level":"info","message":"OPTIONS /api/attendance/range?start=2026-06-30T18:30:00.000Z&end=2026-07-31T18:29:59.999Z 200 0 - 0.030 ms","timestamp":"2026-07-08 12:33:10"}
{"level":"info","message":"OPTIONS /api/appointments/stats?month=7&year=2026 200 0 - 0.051 ms","timestamp":"2026-07-08 12:33:10"}
{"level":"info","message":"OPTIONS /api/appointments/stats?month=6&year=2026 200 0 - 0.041 ms","timestamp":"2026-07-08 12:33:10"}
{"level":"info","message":"OPTIONS /api/appointments/revenue 200 0 - 0.082 ms","timestamp":"2026-07-08 12:33:10"}
{"level":"info","message":"OPTIONS /api/users 200 0 - 0.056 ms","timestamp":"2026-07-08 12:33:10"}
{"level":"info","message":"GET /api/appointments/stats?month=7&year=2026 304 - - 52.488 ms","timestamp":"2026-07-08 12:33:10"}
{"level":"info","message":"GET /api/appointments/stats?month=6&year=2026 304 - - 51.100 ms","timestamp":"2026-07-08 12:33:10"}
{"level":"info","message":"GET /api/attendance/2026/7 304 - - 118.997 ms","timestamp":"2026-07-08 12:33:10"}
{"level":"info","message":"GET /api/users/all 200 - - 115.669 ms","timestamp":"2026-07-08 12:33:10"}
{"level":"info","message":"GET /api/attendance/range?start=2026-06-30T18:30:00.000Z&end=2026-07-31T18:29:59.999Z 304 - - 122.336 ms","timestamp":"2026-07-08 12:33:10"}
{"level":"info","message":"GET /api/appointments/revenue 304 - - 86.571 ms","timestamp":"2026-07-08 12:33:10"}
{"level":"info","message":"GET /api/users 200 - - 152.421 ms","timestamp":"2026-07-08 12:33:10"}
{"level":"info","message":"OPTIONS /api/appointments/stats?month=7&year=2026 200 0 - 0.064 ms","timestamp":"2026-07-08 12:33:21"}
{"level":"info","message":"OPTIONS /api/appointments/stats?month=6&year=2026 200 0 - 0.055 ms","timestamp":"2026-07-08 12:33:21"}
{"level":"info","message":"OPTIONS /api/appointments/revenue 200 0 - 0.053 ms","timestamp":"2026-07-08 12:33:21"}
{"level":"info","message":"OPTIONS /api/users 200 0 - 0.048 ms","timestamp":"2026-07-08 12:33:21"}
{"level":"info","message":"GET /api/appointments/stats?month=7&year=2026 304 - - 51.987 ms","timestamp":"2026-07-08 12:33:21"}
{"level":"info","message":"GET /api/appointments/stats?month=6&year=2026 304 - - 52.065 ms","timestamp":"2026-07-08 12:33:21"}
{"level":"info","message":"GET /api/appointments/revenue 304 - - 82.703 ms","timestamp":"2026-07-08 12:33:21"}
{"level":"info","message":"GET /api/users 200 - - 134.840 ms","timestamp":"2026-07-08 12:33:21"}
{"level":"info","message":"OPTIONS /api/appointments/stats?month=7&year=2026 200 0 - 0.050 ms","timestamp":"2026-07-08 12:33:31"}
{"level":"info","message":"OPTIONS /api/appointments/stats?month=6&year=2026 200 0 - 0.043 ms","timestamp":"2026-07-08 12:33:31"}
{"level":"info","message":"OPTIONS /api/appointments/revenue 200 0 - 0.035 ms","timestamp":"2026-07-08 12:33:31"}
{"level":"info","message":"OPTIONS /api/users 200 0 - 0.033 ms","timestamp":"2026-07-08 12:33:31"}
{"level":"info","message":"GET /api/appointments/stats?month=7&year=2026 304 - - 50.944 ms","timestamp":"2026-07-08 12:33:31"}
{"level":"info","message":"GET /api/appointments/stats?month=6&year=2026 304 - - 50.478 ms","timestamp":"2026-07-08 12:33:31"}
{"level":"info","message":"GET /api/appointments/revenue 304 - - 80.571 ms","timestamp":"2026-07-08 12:33:31"}
{"level":"info","message":"GET /api/users 200 - - 134.782 ms","timestamp":"2026-07-08 12:33:31"}
{"level":"info","message":"OPTIONS /api/attendance/2026/7 200 0 - 0.076 ms","timestamp":"2026-07-08 12:33:41"}
{"level":"info","message":"OPTIONS /api/users/all 200 0 - 0.040 ms","timestamp":"2026-07-08 12:33:41"}
{"level":"info","message":"OPTIONS /api/attendance/range?start=2026-06-30T18:30:00.000Z&end=2026-07-31T18:29:59.999Z 200 0 - 0.029 ms","timestamp":"2026-07-08 12:33:41"}
{"level":"info","message":"OPTIONS /api/appointments/stats?month=7&year=2026 200 0 - 0.088 ms","timestamp":"2026-07-08 12:33:41"}
{"level":"info","message":"OPTIONS /api/appointments/stats?month=6&year=2026 200 0 - 0.062 ms","timestamp":"2026-07-08 12:33:41"}
{"level":"info","message":"OPTIONS /api/appointments/revenue 200 0 - 0.039 ms","timestamp":"2026-07-08 12:33:41"}
{"level":"info","message":"OPTIONS /api/users 200 0 - 0.035 ms","timestamp":"2026-07-08 12:33:41"}
{"level":"info","message":"GET /api/appointments/stats?month=7&year=2026 304 - - 51.364 ms","timestamp":"2026-07-08 12:33:41"}
{"level":"info","message":"GET /api/appointments/stats?month=6&year=2026 304 - - 64.251 ms","timestamp":"2026-07-08 12:33:41"}
{"level":"info","message":"GET /api/attendance/range?start=2026-06-30T18:30:00.000Z&end=2026-07-31T18:29:59.999Z 304 - - 118.496 ms","timestamp":"2026-07-08 12:33:41"}
{"level":"info","message":"GET /api/attendance/2026/7 304 - - 124.834 ms","timestamp":"2026-07-08 12:33:41"}
{"level":"info","message":"GET /api/users/all 200 - - 114.730 ms","timestamp":"2026-07-08 12:33:41"}
{"level":"info","message":"GET /api/appointments/revenue 304 - - 93.049 ms","timestamp":"2026-07-08 12:33:41"}
{"level":"info","message":"GET /api/users 304 - - 135.743 ms","timestamp":"2026-07-08 12:33:41"}
{"level":"info","message":"OPTIONS /api/appointments/stats?month=7&year=2026 200 0 - 0.094 ms","timestamp":"2026-07-08 12:33:51"}
{"level":"info","message":"OPTIONS /api/appointments/stats?month=6&year=2026 200 0 - 0.037 ms","timestamp":"2026-07-08 12:33:51"}
{"level":"info","message":"OPTIONS /api/appointments/revenue 200 0 - 0.024 ms","timestamp":"2026-07-08 12:33:51"}
{"level":"info","message":"OPTIONS /api/users 200 0 - 0.038 ms","timestamp":"2026-07-08 12:33:51"}
{"level":"info","message":"GET /api/appointments/stats?month=7&year=2026 304 - - 52.889 ms","timestamp":"2026-07-08 12:33:51"}
{"level":"info","message":"GET /api/appointments/stats?month=6&year=2026 304 - - 51.227 ms","timestamp":"2026-07-08 12:33:51"}
{"level":"info","message":"GET /api/appointments/revenue 304 - - 80.226 ms","timestamp":"2026-07-08 12:33:51"}
{"level":"info","message":"GET /api/users 200 - - 134.045 ms","timestamp":"2026-07-08 12:33:51"}
{"level":"info","message":"OPTIONS /api/appointments/stats?month=7&year=2026 200 0 - 0.070 ms","timestamp":"2026-07-08 12:34:01"}
{"level":"info","message":"OPTIONS /api/appointments/stats?month=6&year=2026 200 0 - 0.037 ms","timestamp":"2026-07-08 12:34:01"}
{"level":"info","message":"OPTIONS /api/appointments/revenue 200 0 - 0.036 ms","timestamp":"2026-07-08 12:34:01"}
{"level":"info","message":"OPTIONS /api/users 200 0 - 0.039 ms","timestamp":"2026-07-08 12:34:01"}
{"level":"info","message":"GET /api/appointments/stats?month=7&year=2026 304 - - 50.552 ms","timestamp":"2026-07-08 12:34:01"}
{"level":"info","message":"GET /api/appointments/stats?month=6&year=2026 304 - - 50.544 ms","timestamp":"2026-07-08 12:34:01"}
{"level":"info","message":"GET /api/appointments/revenue 304 - - 80.279 ms","timestamp":"2026-07-08 12:34:01"}
{"level":"info","message":"GET /api/users 304 - - 143.474 ms","timestamp":"2026-07-08 12:34:01"}
{"level":"info","message":"OPTIONS /api/attendance/2026/7 200 0 - 0.146 ms","timestamp":"2026-07-08 12:34:10"}
{"level":"info","message":"OPTIONS /api/users/all 200 0 - 0.083 ms","timestamp":"2026-07-08 12:34:10"}
{"level":"info","message":"OPTIONS /api/attendance/range?start=2026-06-30T18:30:00.000Z&end=2026-07-31T18:29:59.999Z 200 0 - 0.063 ms","timestamp":"2026-07-08 12:34:10"}
{"level":"info","message":"OPTIONS /api/appointments/stats?month=7&year=2026 200 0 - 0.048 ms","timestamp":"2026-07-08 12:34:10"}
{"level":"info","message":"OPTIONS /api/appointments/stats?month=6&year=2026 200 0 - 0.043 ms","timestamp":"2026-07-08 12:34:10"}
{"level":"info","message":"OPTIONS /api/appointments/revenue 200 0 - 0.033 ms","timestamp":"2026-07-08 12:34:10"}
{"level":"info","message":"OPTIONS /api/users 200 0 - 0.061 ms","timestamp":"2026-07-08 12:34:10"}
{"level":"info","message":"GET /api/attendance/2026/7 304 - - 107.938 ms","timestamp":"2026-07-08 12:34:10"}
{"level":"info","message":"GET /api/appointments/stats?month=7&year=2026 304 - - 58.234 ms","timestamp":"2026-07-08 12:34:10"}
{"level":"info","message":"GET /api/attendance/range?start=2026-06-30T18:30:00.000Z&end=2026-07-31T18:29:59.999Z 304 - - 117.097 ms","timestamp":"2026-07-08 12:34:10"}
{"level":"info","message":"GET /api/appointments/stats?month=6&year=2026 304 - - 57.988 ms","timestamp":"2026-07-08 12:34:10"}
{"level":"info","message":"GET /api/users/all 200 - - 116.472 ms","timestamp":"2026-07-08 12:34:10"}
{"level":"info","message":"GET /api/appointments/revenue 304 - - 102.489 ms","timestamp":"2026-07-08 12:34:10"}
{"level":"info","message":"GET /api/users 200 - - 116.594 ms","timestamp":"2026-07-08 12:34:10"}
{"level":"info","message":"OPTIONS /api/appointments/stats?month=7&year=2026 200 0 - 0.079 ms","timestamp":"2026-07-08 12:34:21"}
{"level":"info","message":"OPTIONS /api/appointments/stats?month=6&year=2026 200 0 - 0.050 ms","timestamp":"2026-07-08 12:34:21"}
{"level":"info","message":"OPTIONS /api/appointments/revenue 200 0 - 0.045 ms","timestamp":"2026-07-08 12:34:21"}
{"level":"info","message":"OPTIONS /api/users 200 0 - 0.052 ms","timestamp":"2026-07-08 12:34:21"}
{"level":"info","message":"GET /api/appointments/stats?month=7&year=2026 304 - - 60.019 ms","timestamp":"2026-07-08 12:34:21"}
{"level":"info","message":"GET /api/appointments/stats?month=6&year=2026 304 - - 63.325 ms","timestamp":"2026-07-08 12:34:21"}
{"level":"info","message":"GET /api/appointments/revenue 304 - - 84.155 ms","timestamp":"2026-07-08 12:34:21"}
{"level":"info","message":"GET /api/users 200 - - 140.668 ms","timestamp":"2026-07-08 12:34:21"}
{"level":"info","message":"OPTIONS /api/appointments/stats?month=7&year=2026 200 0 - 0.055 ms","timestamp":"2026-07-08 12:34:31"}
{"level":"info","message":"OPTIONS /api/appointments/stats?month=6&year=2026 200 0 - 0.041 ms","timestamp":"2026-07-08 12:34:31"}
{"level":"info","message":"OPTIONS /api/appointments/revenue 200 0 - 0.032 ms","timestamp":"2026-07-08 12:34:31"}
{"level":"info","message":"OPTIONS /api/users 200 0 - 0.031 ms","timestamp":"2026-07-08 12:34:31"}
{"level":"info","message":"GET /api/appointments/stats?month=7&year=2026 304 - - 52.002 ms","timestamp":"2026-07-08 12:34:31"}
{"level":"info","message":"GET /api/appointments/stats?month=6&year=2026 304 - - 53.515 ms","timestamp":"2026-07-08 12:34:31"}
{"level":"info","message":"GET /api/appointments/revenue 304 - - 80.173 ms","timestamp":"2026-07-08 12:34:31"}
{"level":"info","message":"GET /api/users 200 - - 140.935 ms","timestamp":"2026-07-08 12:34:31"}
{"level":"info","message":"OPTIONS /api/attendance/2026/7 200 0 - 0.163 ms","timestamp":"2026-07-08 12:34:41"}
{"level":"info","message":"OPTIONS /api/users/all 200 0 - 0.133 ms","timestamp":"2026-07-08 12:34:41"}
{"level":"info","message":"OPTIONS /api/attendance/range?start=2026-06-30T18:30:00.000Z&end=2026-07-31T18:29:59.999Z 200 0 - 0.112 ms","timestamp":"2026-07-08 12:34:41"}
{"level":"info","message":"OPTIONS /api/appointments/stats?month=7&year=2026 200 0 - 0.069 ms","timestamp":"2026-07-08 12:34:41"}
{"level":"info","message":"OPTIONS /api/appointments/stats?month=6&year=2026 200 0 - 0.038 ms","timestamp":"2026-07-08 12:34:41"}
{"level":"info","message":"OPTIONS /api/appointments/revenue 200 0 - 0.038 ms","timestamp":"2026-07-08 12:34:41"}
{"level":"info","message":"OPTIONS /api/users 200 0 - 0.036 ms","timestamp":"2026-07-08 12:34:41"}
{"level":"info","message":"GET /api/attendance/2026/7 304 - - 108.386 ms","timestamp":"2026-07-08 12:34:41"}
{"level":"info","message":"GET /api/users/all 200 - - 116.163 ms","timestamp":"2026-07-08 12:34:41"}
{"level":"info","message":"GET /api/appointments/stats?month=6&year=2026 304 - - 58.875 ms","timestamp":"2026-07-08 12:34:41"}
{"level":"info","message":"GET /api/attendance/range?start=2026-06-30T18:30:00.000Z&end=2026-07-31T18:29:59.999Z 304 - - 123.250 ms","timestamp":"2026-07-08 12:34:41"}
{"level":"info","message":"GET /api/appointments/stats?month=7&year=2026 304 - - 67.995 ms","timestamp":"2026-07-08 12:34:41"}
{"level":"info","message":"GET /api/appointments/revenue 304 - - 85.835 ms","timestamp":"2026-07-08 12:34:41"}
{"level":"info","message":"GET /api/users 304 - - 116.902 ms","timestamp":"2026-07-08 12:34:41"}
{"level":"info","message":"OPTIONS /api/appointments/stats?month=7&year=2026 200 0 - 0.099 ms","timestamp":"2026-07-08 12:34:51"}
{"level":"info","message":"OPTIONS /api/appointments/stats?month=6&year=2026 200 0 - 0.043 ms","timestamp":"2026-07-08 12:34:51"}
{"level":"info","message":"OPTIONS /api/appointments/revenue 200 0 - 0.024 ms","timestamp":"2026-07-08 12:34:51"}
{"level":"info","message":"OPTIONS /api/users 200 0 - 0.033 ms","timestamp":"2026-07-08 12:34:51"}
{"level":"info","message":"GET /api/appointments/stats?month=6&year=2026 304 - - 59.770 ms","timestamp":"2026-07-08 12:34:51"}
{"level":"info","message":"GET /api/appointments/stats?month=7&year=2026 304 - - 62.308 ms","timestamp":"2026-07-08 12:34:51"}
{"level":"info","message":"GET /api/appointments/revenue 304 - - 96.432 ms","timestamp":"2026-07-08 12:34:51"}
{"level":"info","message":"GET /api/users 200 - - 160.191 ms","timestamp":"2026-07-08 12:34:51"}
{"level":"info","message":"OPTIONS /api/appointments/stats?month=7&year=2026 200 0 - 0.076 ms","timestamp":"2026-07-08 12:35:01"}
{"level":"info","message":"OPTIONS /api/appointments/stats?month=6&year=2026 200 0 - 0.059 ms","timestamp":"2026-07-08 12:35:01"}
{"level":"info","message":"OPTIONS /api/appointments/revenue 200 0 - 0.039 ms","timestamp":"2026-07-08 12:35:01"}
{"level":"info","message":"OPTIONS /api/users 200 0 - 0.031 ms","timestamp":"2026-07-08 12:35:01"}
{"level":"info","message":"GET /api/appointments/stats?month=6&year=2026 304 - - 51.563 ms","timestamp":"2026-07-08 12:35:01"}
{"level":"info","message":"GET /api/appointments/stats?month=7&year=2026 304 - - 61.255 ms","timestamp":"2026-07-08 12:35:01"}
{"level":"info","message":"GET /api/appointments/revenue 304 - - 81.885 ms","timestamp":"2026-07-08 12:35:01"}
{"level":"info","message":"GET /api/users 304 - - 135.445 ms","timestamp":"2026-07-08 12:35:01"}
{"level":"info","message":"OPTIONS /api/attendance/2026/7 200 0 - 0.142 ms","timestamp":"2026-07-08 12:35:11"}
{"level":"info","message":"OPTIONS /api/users/all 200 0 - 0.164 ms","timestamp":"2026-07-08 12:35:11"}
{"level":"info","message":"OPTIONS /api/attendance/range?start=2026-06-30T18:30:00.000Z&end=2026-07-31T18:29:59.999Z 200 0 - 0.133 ms","timestamp":"2026-07-08 12:35:11"}
{"level":"info","message":"OPTIONS /api/appointments/stats?month=7&year=2026 200 0 - 0.047 ms","timestamp":"2026-07-08 12:35:11"}
{"level":"info","message":"OPTIONS /api/appointments/stats?month=6&year=2026 200 0 - 0.024 ms","timestamp":"2026-07-08 12:35:11"}
{"level":"info","message":"OPTIONS /api/appointments/revenue 200 0 - 0.039 ms","timestamp":"2026-07-08 12:35:11"}
{"level":"info","message":"OPTIONS /api/users 200 0 - 0.023 ms","timestamp":"2026-07-08 12:35:11"}
{"level":"info","message":"GET /api/attendance/2026/7 304 - - 109.900 ms","timestamp":"2026-07-08 12:35:11"}
{"level":"info","message":"GET /api/attendance/range?start=2026-06-30T18:30:00.000Z&end=2026-07-31T18:29:59.999Z 304 - - 118.154 ms","timestamp":"2026-07-08 12:35:11"}
{"level":"info","message":"GET /api/users/all 200 - - 121.205 ms","timestamp":"2026-07-08 12:35:11"}
{"level":"info","message":"GET /api/appointments/stats?month=7&year=2026 304 - - 64.951 ms","timestamp":"2026-07-08 12:35:11"}
{"level":"info","message":"GET /api/appointments/stats?month=6&year=2026 304 - - 64.647 ms","timestamp":"2026-07-08 12:35:11"}
{"level":"info","message":"GET /api/appointments/revenue 304 - - 95.033 ms","timestamp":"2026-07-08 12:35:11"}
{"level":"info","message":"GET /api/users 200 - - 118.126 ms","timestamp":"2026-07-08 12:35:11"}
{"level":"info","message":"OPTIONS /api/appointments/stats?month=7&year=2026 200 0 - 0.065 ms","timestamp":"2026-07-08 12:35:21"}
{"level":"info","message":"OPTIONS /api/appointments/stats?month=6&year=2026 200 0 - 0.056 ms","timestamp":"2026-07-08 12:35:21"}
{"level":"info","message":"OPTIONS /api/appointments/revenue 200 0 - 0.030 ms","timestamp":"2026-07-08 12:35:21"}
{"level":"info","message":"OPTIONS /api/users 200 0 - 0.036 ms","timestamp":"2026-07-08 12:35:21"}
{"level":"info","message":"GET /api/appointments/stats?month=7&year=2026 304 - - 51.781 ms","timestamp":"2026-07-08 12:35:21"}
{"level":"info","message":"GET /api/appointments/stats?month=6&year=2026 304 - - 51.264 ms","timestamp":"2026-07-08 12:35:21"}
{"level":"info","message":"GET /api/appointments/revenue 304 - - 87.144 ms","timestamp":"2026-07-08 12:35:21"}
{"level":"info","message":"GET /api/users 200 - - 138.374 ms","timestamp":"2026-07-08 12:35:21"}
{"level":"info","message":"OPTIONS /api/appointments/stats?month=7&year=2026 200 0 - 0.052 ms","timestamp":"2026-07-08 12:35:31"}
{"level":"info","message":"OPTIONS /api/appointments/stats?month=6&year=2026 200 0 - 0.039 ms","timestamp":"2026-07-08 12:35:31"}
{"level":"info","message":"OPTIONS /api/appointments/revenue 200 0 - 0.026 ms","timestamp":"2026-07-08 12:35:31"}
{"level":"info","message":"OPTIONS /api/users 200 0 - 0.064 ms","timestamp":"2026-07-08 12:35:31"}
{"level":"info","message":"GET /api/appointments/stats?month=7&year=2026 304 - - 51.014 ms","timestamp":"2026-07-08 12:35:31"}
{"level":"info","message":"GET /api/appointments/stats?month=6&year=2026 304 - - 50.468 ms","timestamp":"2026-07-08 12:35:31"}
{"level":"info","message":"GET /api/appointments/revenue 304 - - 80.542 ms","timestamp":"2026-07-08 12:35:31"}
{"level":"info","message":"GET /api/users 200 - - 135.644 ms","timestamp":"2026-07-08 12:35:31"}
{"level":"info","message":"OPTIONS /api/attendance/2026/7 200 0 - 0.160 ms","timestamp":"2026-07-08 12:35:42"}
{"level":"info","message":"OPTIONS /api/users/all 200 0 - 0.199 ms","timestamp":"2026-07-08 12:35:42"}
{"level":"info","message":"OPTIONS /api/attendance/range?start=2026-06-30T18:30:00.000Z&end=2026-07-31T18:29:59.999Z 200 0 - 0.133 ms","timestamp":"2026-07-08 12:35:42"}
{"level":"info","message":"OPTIONS /api/appointments/stats?month=7&year=2026 200 0 - 0.047 ms","timestamp":"2026-07-08 12:35:42"}
{"level":"info","message":"OPTIONS /api/appointments/stats?month=6&year=2026 200 0 - 0.035 ms","timestamp":"2026-07-08 12:35:42"}
{"level":"info","message":"OPTIONS /api/appointments/revenue 200 0 - 0.055 ms","timestamp":"2026-07-08 12:35:42"}
{"level":"info","message":"OPTIONS /api/users 200 0 - 0.041 ms","timestamp":"2026-07-08 12:35:42"}
{"level":"info","message":"GET /api/attendance/2026/7 304 - - 116.786 ms","timestamp":"2026-07-08 12:35:42"}
{"level":"info","message":"GET /api/attendance/range?start=2026-06-30T18:30:00.000Z&end=2026-07-31T18:29:59.999Z 304 - - 127.188 ms","timestamp":"2026-07-08 12:35:42"}
{"level":"info","message":"GET /api/appointments/stats?month=7&year=2026 304 - - 57.392 ms","timestamp":"2026-07-08 12:35:42"}
{"level":"info","message":"GET /api/appointments/stats?month=6&year=2026 304 - - 56.895 ms","timestamp":"2026-07-08 12:35:42"}
{"level":"info","message":"GET /api/users/all 200 - - 131.523 ms","timestamp":"2026-07-08 12:35:42"}
{"level":"info","message":"GET /api/appointments/revenue 304 - - 90.180 ms","timestamp":"2026-07-08 12:35:42"}
{"level":"info","message":"GET /api/users 304 - - 118.029 ms","timestamp":"2026-07-08 12:35:42"}
{"level":"info","message":"OPTIONS /api/appointments/stats?month=7&year=2026 200 0 - 0.075 ms","timestamp":"2026-07-08 12:36:11"}
{"level":"info","message":"OPTIONS /api/appointments/stats?month=6&year=2026 200 0 - 0.092 ms","timestamp":"2026-07-08 12:36:11"}
{"level":"info","message":"OPTIONS /api/appointments/revenue 200 0 - 0.079 ms","timestamp":"2026-07-08 12:36:11"}
{"level":"info","message":"OPTIONS /api/users 200 0 - 0.056 ms","timestamp":"2026-07-08 12:36:11"}
{"level":"info","message":"OPTIONS /api/attendance/2026/7 200 0 - 0.060 ms","timestamp":"2026-07-08 12:36:11"}
{"level":"info","message":"OPTIONS /api/users/all 200 0 - 0.024 ms","timestamp":"2026-07-08 12:36:11"}
{"level":"info","message":"OPTIONS /api/attendance/range?start=2026-06-30T18:30:00.000Z&end=2026-07-31T18:29:59.999Z 200 0 - 0.038 ms","timestamp":"2026-07-08 12:36:11"}
{"level":"info","message":"GET /api/appointments/stats?month=7&year=2026 304 - - 55.352 ms","timestamp":"2026-07-08 12:36:11"}
{"level":"info","message":"GET /api/appointments/stats?month=6&year=2026 304 - - 52.381 ms","timestamp":"2026-07-08 12:36:11"}
{"level":"info","message":"GET /api/appointments/revenue 304 - - 81.078 ms","timestamp":"2026-07-08 12:36:11"}
{"level":"info","message":"GET /api/attendance/2026/7 304 - - 124.873 ms","timestamp":"2026-07-08 12:36:11"}
{"level":"info","message":"GET /api/users/all 200 - - 120.746 ms","timestamp":"2026-07-08 12:36:11"}
{"level":"info","message":"GET /api/users 200 - - 138.794 ms","timestamp":"2026-07-08 12:36:11"}
{"level":"info","message":"GET /api/attendance/range?start=2026-06-30T18:30:00.000Z&end=2026-07-31T18:29:59.999Z 304 - - 121.682 ms","timestamp":"2026-07-08 12:36:11"}
{"level":"info","message":"OPTIONS /api/attendance/2026/7 200 0 - 0.158 ms","timestamp":"2026-07-08 12:36:40"}
{"level":"info","message":"GET /api/attendance/2026/7 304 - - 123.218 ms","timestamp":"2026-07-08 12:36:40"}
{"level":"info","message":"OPTIONS /api/attendance/2026/7 200 0 - 0.059 ms","timestamp":"2026-07-08 12:37:10"}
{"level":"info","message":"GET /api/attendance/2026/7 304 - - 113.211 ms","timestamp":"2026-07-08 12:37:10"}
{"level":"info","message":"OPTIONS /api/calls/sip-config 200 0 - 0.082 ms","timestamp":"2026-07-08 12:37:40"}
{"level":"info","message":"OPTIONS /api/messages/unread-count 200 0 - 0.062 ms","timestamp":"2026-07-08 12:37:40"}
{"level":"info","message":"OPTIONS /api/calls/sip-config 200 0 - 0.054 ms","timestamp":"2026-07-08 12:37:40"}
{"level":"info","message":"OPTIONS /api/messages/unread-count 200 0 - 0.053 ms","timestamp":"2026-07-08 12:37:40"}
{"level":"info","message":"GET /api/calls/sip-config 304 - - 32.228 ms","timestamp":"2026-07-08 12:37:40"}
{"level":"info","message":"GET /api/messages/unread-count 304 - - 58.363 ms","timestamp":"2026-07-08 12:37:40"}
{"level":"info","message":"GET /api/calls/sip-config 304 - - 27.996 ms","timestamp":"2026-07-08 12:37:40"}
{"level":"info","message":"GET /api/messages/unread-count 304 - - 54.030 ms","timestamp":"2026-07-08 12:37:40"}
{"level":"info","message":"OPTIONS /api/attendance/2026/7 200 0 - 0.050 ms","timestamp":"2026-07-08 12:37:40"}
{"level":"info","message":"OPTIONS /api/users 200 0 - 0.039 ms","timestamp":"2026-07-08 12:37:40"}
{"level":"info","message":"OPTIONS /api/attendance/2026/7 200 0 - 0.049 ms","timestamp":"2026-07-08 12:37:40"}
{"level":"info","message":"GET /api/attendance/2026/7 304 - - 112.723 ms","timestamp":"2026-07-08 12:37:40"}
{"level":"info","message":"GET /api/users 200 - - 137.566 ms","timestamp":"2026-07-08 12:37:40"}
{"level":"info","message":"GET /api/attendance/2026/7 304 - - 112.007 ms","timestamp":"2026-07-08 12:37:40"}
{"level":"info","message":"GET /api/users 304 - - 92.522 ms","timestamp":"2026-07-08 12:37:40"}
{"level":"info","message":"OPTIONS /api/attendance/2026/7 200 0 - 0.248 ms","timestamp":"2026-07-08 12:38:10"}
{"level":"info","message":"GET /api/attendance/2026/7 304 - - 128.113 ms","timestamp":"2026-07-08 12:38:10"}
{"level":"info","message":"OPTIONS /api/appointments/revenue/reports 200 0 - 0.076 ms","timestamp":"2026-07-08 12:38:27"}
{"level":"info","message":"OPTIONS /api/appointments/all 200 0 - 0.069 ms","timestamp":"2026-07-08 12:38:27"}
{"level":"info","message":"OPTIONS /api/tasks 200 0 - 0.032 ms","timestamp":"2026-07-08 12:38:27"}
{"level":"info","message":"OPTIONS /api/users/all 200 0 - 0.038 ms","timestamp":"2026-07-08 12:38:27"}
{"level":"info","message":"OPTIONS /api/attendance/range?start=2026-06-30T18:30:00.000Z&end=2026-07-31T18:29:59.999Z 200 0 - 0.066 ms","timestamp":"2026-07-08 12:38:27"}
{"level":"info","message":"OPTIONS /api/admin-status 200 0 - 0.063 ms","timestamp":"2026-07-08 12:38:27"}
{"level":"info","message":"OPTIONS /api/appointments/stats?month=7&year=2026 200 0 - 0.040 ms","timestamp":"2026-07-08 12:38:27"}
{"level":"info","message":"OPTIONS /api/appointments/stats?month=6&year=2026 200 0 - 0.038 ms","timestamp":"2026-07-08 12:38:27"}
{"level":"info","message":"OPTIONS /api/appointments/revenue 200 0 - 0.095 ms","timestamp":"2026-07-08 12:38:27"}
{"level":"info","message":"OPTIONS /api/users 200 0 - 0.077 ms","timestamp":"2026-07-08 12:38:27"}
{"level":"info","message":"GET /api/appointments/revenue/reports 304 - - 55.703 ms","timestamp":"2026-07-08 12:38:27"}
{"level":"info","message":"GET /api/admin-status 304 - - 56.317 ms","timestamp":"2026-07-08 12:38:27"}
{"level":"info","message":"GET /api/tasks 304 - - 93.534 ms","timestamp":"2026-07-08 12:38:27"}
{"level":"info","message":"GET /api/appointments/stats?month=7&year=2026 304 - - 51.906 ms","timestamp":"2026-07-08 12:38:27"}
{"level":"info","message":"GET /api/attendance/range?start=2026-06-30T18:30:00.000Z&end=2026-07-31T18:29:59.999Z 304 - - 137.142 ms","timestamp":"2026-07-08 12:38:27"}
{"level":"info","message":"GET /api/appointments/stats?month=6&year=2026 304 - - 81.961 ms","timestamp":"2026-07-08 12:38:27"}
{"level":"info","message":"GET /api/users/all 200 - - 120.743 ms","timestamp":"2026-07-08 12:38:27"}
{"level":"info","message":"GET /api/appointments/all 304 - - 186.513 ms","timestamp":"2026-07-08 12:38:27"}
{"level":"info","message":"GET /api/appointments/revenue 304 - - 117.652 ms","timestamp":"2026-07-08 12:38:27"}
{"level":"info","message":"GET /api/appointments/revenue/reports 304 - - 65.195 ms","timestamp":"2026-07-08 12:38:27"}
{"level":"info","message":"GET /api/admin-status 304 - - 64.869 ms","timestamp":"2026-07-08 12:38:27"}
{"level":"info","message":"GET /api/appointments/stats?month=7&year=2026 304 - - 54.508 ms","timestamp":"2026-07-08 12:38:27"}
{"level":"info","message":"GET /api/tasks 304 - - 85.790 ms","timestamp":"2026-07-08 12:38:27"}
{"level":"info","message":"GET /api/users 200 - - 173.713 ms","timestamp":"2026-07-08 12:38:27"}
{"level":"info","message":"GET /api/appointments/stats?month=6&year=2026 304 - - 52.549 ms","timestamp":"2026-07-08 12:38:27"}
{"level":"info","message":"GET /api/attendance/range?start=2026-06-30T18:30:00.000Z&end=2026-07-31T18:29:59.999Z 304 - - 140.161 ms","timestamp":"2026-07-08 12:38:27"}
{"level":"info","message":"GET /api/users/all 304 - - 146.521 ms","timestamp":"2026-07-08 12:38:27"}
{"level":"info","message":"GET /api/appointments/revenue 304 - - 122.214 ms","timestamp":"2026-07-08 12:38:27"}
{"level":"info","message":"GET /api/appointments/all 304 - - 163.716 ms","timestamp":"2026-07-08 12:38:27"}
{"level":"info","message":"GET /api/users 304 - - 130.333 ms","timestamp":"2026-07-08 12:38:27"}
{"level":"info","message":"GET /api/tasks 304 - - 135.235 ms","timestamp":"2026-07-08 12:38:27"}
{"level":"info","message":"GET /api/tasks 304 - - 78.418 ms","timestamp":"2026-07-08 12:38:27"}
{"level":"info","message":"OPTIONS /api/appointments/stats?month=7&year=2026 200 0 - 0.049 ms","timestamp":"2026-07-08 12:38:37"}
{"level":"info","message":"OPTIONS /api/appointments/stats?month=6&year=2026 200 0 - 0.039 ms","timestamp":"2026-07-08 12:38:37"}
{"level":"info","message":"OPTIONS /api/appointments/revenue 200 0 - 0.023 ms","timestamp":"2026-07-08 12:38:37"}
{"level":"info","message":"OPTIONS /api/users 200 0 - 0.024 ms","timestamp":"2026-07-08 12:38:37"}
{"level":"info","message":"GET /api/appointments/stats?month=7&year=2026 304 - - 50.992 ms","timestamp":"2026-07-08 12:38:37"}
{"level":"info","message":"GET /api/appointments/stats?month=6&year=2026 304 - - 50.803 ms","timestamp":"2026-07-08 12:38:37"}
{"level":"info","message":"GET /api/appointments/revenue 304 - - 80.224 ms","timestamp":"2026-07-08 12:38:37"}
{"level":"info","message":"GET /api/users 200 - - 132.769 ms","timestamp":"2026-07-08 12:38:37"}
{"level":"info","message":"OPTIONS /api/attendance/2026/7 200 0 - 0.209 ms","timestamp":"2026-07-08 12:38:40"}
{"level":"info","message":"GET /api/attendance/2026/7 304 - - 133.902 ms","timestamp":"2026-07-08 12:38:40"}
{"level":"info","message":"OPTIONS /api/appointments/stats?month=7&year=2026 200 0 - 0.051 ms","timestamp":"2026-07-08 12:38:47"}
{"level":"info","message":"OPTIONS /api/appointments/stats?month=6&year=2026 200 0 - 0.048 ms","timestamp":"2026-07-08 12:38:47"}
{"level":"info","message":"OPTIONS /api/appointments/revenue 200 0 - 0.041 ms","timestamp":"2026-07-08 12:38:47"}
{"level":"info","message":"OPTIONS /api/users 200 0 - 0.045 ms","timestamp":"2026-07-08 12:38:47"}
{"level":"info","message":"GET /api/appointments/stats?month=7&year=2026 304 - - 51.386 ms","timestamp":"2026-07-08 12:38:47"}
{"level":"info","message":"GET /api/appointments/stats?month=6&year=2026 304 - - 51.985 ms","timestamp":"2026-07-08 12:38:47"}
{"level":"info","message":"GET /api/appointments/revenue 304 - - 88.115 ms","timestamp":"2026-07-08 12:38:47"}
{"level":"info","message":"GET /api/users 200 - - 142.739 ms","timestamp":"2026-07-08 12:38:47"}
{"level":"info","message":"OPTIONS /api/users/all 200 0 - 0.160 ms","timestamp":"2026-07-08 12:38:57"}
{"level":"info","message":"OPTIONS /api/attendance/range?start=2026-06-30T18:30:00.000Z&end=2026-07-31T18:29:59.999Z 200 0 - 0.136 ms","timestamp":"2026-07-08 12:38:57"}
{"level":"info","message":"OPTIONS /api/appointments/stats?month=7&year=2026 200 0 - 0.048 ms","timestamp":"2026-07-08 12:38:57"}
{"level":"info","message":"OPTIONS /api/appointments/stats?month=6&year=2026 200 0 - 0.056 ms","timestamp":"2026-07-08 12:38:57"}
{"level":"info","message":"OPTIONS /api/appointments/revenue 200 0 - 0.051 ms","timestamp":"2026-07-08 12:38:57"}
{"level":"info","message":"OPTIONS /api/users 200 0 - 0.035 ms","timestamp":"2026-07-08 12:38:57"}
{"level":"info","message":"GET /api/attendance/range?start=2026-06-30T18:30:00.000Z&end=2026-07-31T18:29:59.999Z 304 - - 111.714 ms","timestamp":"2026-07-08 12:38:57"}
{"level":"info","message":"GET /api/users/all 200 - - 114.373 ms","timestamp":"2026-07-08 12:38:57"}
{"level":"info","message":"GET /api/appointments/stats?month=7&year=2026 304 - - 52.352 ms","timestamp":"2026-07-08 12:38:57"}
{"level":"info","message":"GET /api/appointments/stats?month=6&year=2026 304 - - 51.637 ms","timestamp":"2026-07-08 12:38:57"}
{"level":"info","message":"GET /api/appointments/revenue 304 - - 81.236 ms","timestamp":"2026-07-08 12:38:57"}
{"level":"info","message":"GET /api/users 304 - - 153.451 ms","timestamp":"2026-07-08 12:38:57"}
{"level":"info","message":"OPTIONS /api/appointments/stats?month=7&year=2026 200 0 - 0.051 ms","timestamp":"2026-07-08 12:39:07"}
{"level":"info","message":"OPTIONS /api/appointments/stats?month=6&year=2026 200 0 - 0.042 ms","timestamp":"2026-07-08 12:39:07"}
{"level":"info","message":"OPTIONS /api/appointments/revenue 200 0 - 0.027 ms","timestamp":"2026-07-08 12:39:07"}
{"level":"info","message":"OPTIONS /api/users 200 0 - 0.091 ms","timestamp":"2026-07-08 12:39:07"}
{"level":"info","message":"GET /api/appointments/stats?month=7&year=2026 304 - - 51.188 ms","timestamp":"2026-07-08 12:39:07"}
{"level":"info","message":"GET /api/appointments/stats?month=6&year=2026 304 - - 50.748 ms","timestamp":"2026-07-08 12:39:07"}
{"level":"info","message":"GET /api/appointments/revenue 304 - - 80.597 ms","timestamp":"2026-07-08 12:39:07"}
{"level":"info","message":"GET /api/users 304 - - 143.058 ms","timestamp":"2026-07-08 12:39:07"}
{"level":"info","message":"OPTIONS /api/attendance/2026/7 200 0 - 0.147 ms","timestamp":"2026-07-08 12:39:10"}
{"level":"info","message":"GET /api/attendance/2026/7 304 - - 121.282 ms","timestamp":"2026-07-08 12:39:10"}
{"level":"info","message":"OPTIONS /api/appointments/stats?month=7&year=2026 200 0 - 0.073 ms","timestamp":"2026-07-08 12:39:17"}
{"level":"info","message":"OPTIONS /api/appointments/stats?month=6&year=2026 200 0 - 0.045 ms","timestamp":"2026-07-08 12:39:17"}
{"level":"info","message":"OPTIONS /api/appointments/revenue 200 0 - 0.026 ms","timestamp":"2026-07-08 12:39:17"}
{"level":"info","message":"OPTIONS /api/users 200 0 - 0.034 ms","timestamp":"2026-07-08 12:39:17"}
{"level":"info","message":"GET /api/appointments/stats?month=7&year=2026 304 - - 51.211 ms","timestamp":"2026-07-08 12:39:17"}
{"level":"info","message":"GET /api/appointments/stats?month=6&year=2026 304 - - 50.509 ms","timestamp":"2026-07-08 12:39:17"}
{"level":"info","message":"GET /api/appointments/revenue 304 - - 80.463 ms","timestamp":"2026-07-08 12:39:17"}
{"level":"info","message":"GET /api/users 200 - - 134.472 ms","timestamp":"2026-07-08 12:39:17"}
{"level":"info","message":"OPTIONS /api/users/all 200 0 - 0.144 ms","timestamp":"2026-07-08 12:39:27"}
{"level":"info","message":"OPTIONS /api/attendance/range?start=2026-06-30T18:30:00.000Z&end=2026-07-31T18:29:59.999Z 200 0 - 0.154 ms","timestamp":"2026-07-08 12:39:27"}
{"level":"info","message":"OPTIONS /api/appointments/stats?month=7&year=2026 200 0 - 0.052 ms","timestamp":"2026-07-08 12:39:27"}
{"level":"info","message":"OPTIONS /api/appointments/stats?month=6&year=2026 200 0 - 0.045 ms","timestamp":"2026-07-08 12:39:27"}
{"level":"info","message":"OPTIONS /api/appointments/revenue 200 0 - 0.045 ms","timestamp":"2026-07-08 12:39:27"}
{"level":"info","message":"OPTIONS /api/users 200 0 - 0.050 ms","timestamp":"2026-07-08 12:39:27"}
{"level":"info","message":"GET /api/attendance/range?start=2026-06-30T18:30:00.000Z&end=2026-07-31T18:29:59.999Z 304 - - 120.313 ms","timestamp":"2026-07-08 12:39:27"}
{"level":"info","message":"GET /api/appointments/stats?month=7&year=2026 304 - - 54.576 ms","timestamp":"2026-07-08 12:39:27"}
{"level":"info","message":"GET /api/appointments/stats?month=6&year=2026 304 - - 54.283 ms","timestamp":"2026-07-08 12:39:27"}
{"level":"info","message":"GET /api/users/all 200 - - 140.033 ms","timestamp":"2026-07-08 12:39:27"}
{"level":"info","message":"GET /api/appointments/revenue 304 - - 86.040 ms","timestamp":"2026-07-08 12:39:27"}
{"level":"info","message":"GET /api/users 304 - - 136.622 ms","timestamp":"2026-07-08 12:39:27"}
{"level":"info","message":"OPTIONS /api/appointments/stats?month=7&year=2026 200 0 - 0.103 ms","timestamp":"2026-07-08 12:39:37"}
{"level":"info","message":"OPTIONS /api/appointments/stats?month=6&year=2026 200 0 - 0.048 ms","timestamp":"2026-07-08 12:39:37"}
{"level":"info","message":"OPTIONS /api/appointments/revenue 200 0 - 0.035 ms","timestamp":"2026-07-08 12:39:37"}
{"level":"info","message":"OPTIONS /api/users 200 0 - 0.034 ms","timestamp":"2026-07-08 12:39:37"}
{"level":"info","message":"GET /api/appointments/stats?month=7&year=2026 304 - - 51.361 ms","timestamp":"2026-07-08 12:39:37"}
{"level":"info","message":"GET /api/appointments/stats?month=6&year=2026 304 - - 50.439 ms","timestamp":"2026-07-08 12:39:37"}
{"level":"info","message":"GET /api/appointments/revenue 304 - - 80.079 ms","timestamp":"2026-07-08 12:39:37"}
{"level":"info","message":"GET /api/users 200 - - 141.949 ms","timestamp":"2026-07-08 12:39:37"}
{"level":"info","message":"OPTIONS /api/attendance/2026/7 200 0 - 0.209 ms","timestamp":"2026-07-08 12:39:40"}
{"level":"info","message":"GET /api/attendance/2026/7 304 - - 123.235 ms","timestamp":"2026-07-08 12:39:40"}
{"level":"info","message":"OPTIONS /api/appointments/stats?month=7&year=2026 200 0 - 0.075 ms","timestamp":"2026-07-08 12:39:47"}
{"level":"info","message":"OPTIONS /api/appointments/stats?month=6&year=2026 200 0 - 0.045 ms","timestamp":"2026-07-08 12:39:47"}
{"level":"info","message":"OPTIONS /api/appointments/revenue 200 0 - 0.027 ms","timestamp":"2026-07-08 12:39:47"}
{"level":"info","message":"OPTIONS /api/users 200 0 - 0.035 ms","timestamp":"2026-07-08 12:39:47"}
{"level":"info","message":"GET /api/appointments/stats?month=7&year=2026 304 - - 52.393 ms","timestamp":"2026-07-08 12:39:47"}
{"level":"info","message":"GET /api/appointments/stats?month=6&year=2026 304 - - 58.890 ms","timestamp":"2026-07-08 12:39:47"}
{"level":"info","message":"GET /api/appointments/revenue 304 - - 93.178 ms","timestamp":"2026-07-08 12:39:47"}
{"level":"info","message":"GET /api/users 200 - - 151.173 ms","timestamp":"2026-07-08 12:39:47"}
{"level":"info","message":"OPTIONS /api/users/all 200 0 - 0.155 ms","timestamp":"2026-07-08 12:39:57"}
{"level":"info","message":"OPTIONS /api/attendance/range?start=2026-06-30T18:30:00.000Z&end=2026-07-31T18:29:59.999Z 200 0 - 0.137 ms","timestamp":"2026-07-08 12:39:57"}
{"level":"info","message":"OPTIONS /api/appointments/stats?month=7&year=2026 200 0 - 0.071 ms","timestamp":"2026-07-08 12:39:57"}
{"level":"info","message":"OPTIONS /api/appointments/stats?month=6&year=2026 200 0 - 0.054 ms","timestamp":"2026-07-08 12:39:57"}
{"level":"info","message":"OPTIONS /api/appointments/revenue 200 0 - 0.072 ms","timestamp":"2026-07-08 12:39:57"}
{"level":"info","message":"OPTIONS /api/users 200 0 - 0.027 ms","timestamp":"2026-07-08 12:39:57"}
{"level":"info","message":"GET /api/attendance/range?start=2026-06-30T18:30:00.000Z&end=2026-07-31T18:29:59.999Z 304 - - 120.416 ms","timestamp":"2026-07-08 12:39:57"}
{"level":"info","message":"GET /api/users/all 200 - - 122.826 ms","timestamp":"2026-07-08 12:39:57"}
{"level":"info","message":"GET /api/appointments/stats?month=7&year=2026 304 - - 51.270 ms","timestamp":"2026-07-08 12:39:57"}
{"level":"info","message":"GET /api/appointments/stats?month=6&year=2026 304 - - 52.152 ms","timestamp":"2026-07-08 12:39:57"}
{"level":"info","message":"GET /api/appointments/revenue 304 - - 82.158 ms","timestamp":"2026-07-08 12:39:57"}
{"level":"info","message":"GET /api/users 304 - - 140.142 ms","timestamp":"2026-07-08 12:39:57"}
{"level":"info","message":"OPTIONS /api/appointments/stats?month=7&year=2026 200 0 - 0.052 ms","timestamp":"2026-07-08 12:40:07"}
{"level":"info","message":"OPTIONS /api/appointments/stats?month=6&year=2026 200 0 - 0.041 ms","timestamp":"2026-07-08 12:40:07"}
{"level":"info","message":"OPTIONS /api/appointments/revenue 200 0 - 0.026 ms","timestamp":"2026-07-08 12:40:07"}
{"level":"info","message":"OPTIONS /api/users 200 0 - 0.038 ms","timestamp":"2026-07-08 12:40:07"}
{"level":"info","message":"GET /api/appointments/stats?month=7&year=2026 304 - - 65.336 ms","timestamp":"2026-07-08 12:40:07"}
{"level":"info","message":"GET /api/appointments/stats?month=6&year=2026 304 - - 66.345 ms","timestamp":"2026-07-08 12:40:07"}
{"level":"info","message":"GET /api/appointments/revenue 304 - - 93.470 ms","timestamp":"2026-07-08 12:40:07"}
{"level":"info","message":"GET /api/users 304 - - 164.216 ms","timestamp":"2026-07-08 12:40:07"}
{"level":"info","message":"OPTIONS /api/attendance/2026/7 200 0 - 0.094 ms","timestamp":"2026-07-08 12:40:10"}
{"level":"info","message":"GET /api/attendance/2026/7 304 - - 122.528 ms","timestamp":"2026-07-08 12:40:10"}
{"level":"info","message":"OPTIONS /api/appointments/stats?month=7&year=2026 200 0 - 0.076 ms","timestamp":"2026-07-08 12:40:17"}
{"level":"info","message":"OPTIONS /api/appointments/stats?month=6&year=2026 200 0 - 0.065 ms","timestamp":"2026-07-08 12:40:17"}
{"level":"info","message":"OPTIONS /api/appointments/revenue 200 0 - 0.055 ms","timestamp":"2026-07-08 12:40:17"}
{"level":"info","message":"OPTIONS /api/users 200 0 - 0.047 ms","timestamp":"2026-07-08 12:40:17"}
{"level":"info","message":"GET /api/appointments/stats?month=7&year=2026 304 - - 51.223 ms","timestamp":"2026-07-08 12:40:17"}
{"level":"info","message":"GET /api/appointments/stats?month=6&year=2026 304 - - 51.252 ms","timestamp":"2026-07-08 12:40:17"}
{"level":"info","message":"GET /api/appointments/revenue 304 - - 83.219 ms","timestamp":"2026-07-08 12:40:17"}
{"level":"info","message":"GET /api/users 200 - - 133.739 ms","timestamp":"2026-07-08 12:40:17"}
{"level":"info","message":"OPTIONS /api/users/all 200 0 - 0.068 ms","timestamp":"2026-07-08 12:40:27"}
{"level":"info","message":"OPTIONS /api/attendance/range?start=2026-06-30T18:30:00.000Z&end=2026-07-31T18:29:59.999Z 200 0 - 0.061 ms","timestamp":"2026-07-08 12:40:27"}
{"level":"info","message":"OPTIONS /api/appointments/stats?month=7&year=2026 200 0 - 0.069 ms","timestamp":"2026-07-08 12:40:27"}
{"level":"info","message":"OPTIONS /api/appointments/stats?month=6&year=2026 200 0 - 0.049 ms","timestamp":"2026-07-08 12:40:27"}
{"level":"info","message":"OPTIONS /api/appointments/revenue 200 0 - 0.056 ms","timestamp":"2026-07-08 12:40:27"}
{"level":"info","message":"OPTIONS /api/users 200 0 - 0.046 ms","timestamp":"2026-07-08 12:40:27"}
{"level":"info","message":"GET /api/appointments/stats?month=7&year=2026 304 - - 51.032 ms","timestamp":"2026-07-08 12:40:27"}
{"level":"info","message":"GET /api/appointments/stats?month=6&year=2026 304 - - 51.408 ms","timestamp":"2026-07-08 12:40:27"}
{"level":"info","message":"GET /api/users/all 200 - - 112.682 ms","timestamp":"2026-07-08 12:40:27"}
{"level":"info","message":"GET /api/attendance/range?start=2026-06-30T18:30:00.000Z&end=2026-07-31T18:29:59.999Z 304 - - 116.062 ms","timestamp":"2026-07-08 12:40:27"}
{"level":"info","message":"GET /api/appointments/revenue 304 - - 80.921 ms","timestamp":"2026-07-08 12:40:27"}
{"level":"info","message":"GET /api/users 304 - - 136.508 ms","timestamp":"2026-07-08 12:40:27"}
{"level":"info","message":"OPTIONS /api/appointments/stats?month=7&year=2026 200 0 - 0.121 ms","timestamp":"2026-07-08 12:40:37"}
{"level":"info","message":"OPTIONS /api/appointments/stats?month=6&year=2026 200 0 - 0.054 ms","timestamp":"2026-07-08 12:40:37"}
{"level":"info","message":"OPTIONS /api/appointments/revenue 200 0 - 0.028 ms","timestamp":"2026-07-08 12:40:37"}
{"level":"info","message":"OPTIONS /api/users 200 0 - 0.037 ms","timestamp":"2026-07-08 12:40:37"}
{"level":"info","message":"GET /api/appointments/stats?month=6&year=2026 304 - - 52.618 ms","timestamp":"2026-07-08 12:40:37"}
{"level":"info","message":"GET /api/appointments/stats?month=7&year=2026 304 - - 54.788 ms","timestamp":"2026-07-08 12:40:37"}
{"level":"info","message":"GET /api/appointments/revenue 304 - - 87.238 ms","timestamp":"2026-07-08 12:40:37"}
{"level":"info","message":"GET /api/users 200 - - 140.164 ms","timestamp":"2026-07-08 12:40:37"}
{"level":"info","message":"OPTIONS /api/attendance/2026/7 200 0 - 0.149 ms","timestamp":"2026-07-08 12:40:40"}
{"level":"info","message":"GET /api/attendance/2026/7 304 - - 121.614 ms","timestamp":"2026-07-08 12:40:40"}
{"level":"info","message":"OPTIONS /api/appointments/stats?month=7&year=2026 200 0 - 0.052 ms","timestamp":"2026-07-08 12:40:47"}
{"level":"info","message":"OPTIONS /api/appointments/stats?month=6&year=2026 200 0 - 0.050 ms","timestamp":"2026-07-08 12:40:47"}
{"level":"info","message":"OPTIONS /api/appointments/revenue 200 0 - 0.036 ms","timestamp":"2026-07-08 12:40:47"}
{"level":"info","message":"OPTIONS /api/users 200 0 - 0.045 ms","timestamp":"2026-07-08 12:40:47"}
{"level":"info","message":"GET /api/appointments/stats?month=7&year=2026 304 - - 53.127 ms","timestamp":"2026-07-08 12:40:47"}
{"level":"info","message":"GET /api/appointments/stats?month=6&year=2026 304 - - 53.584 ms","timestamp":"2026-07-08 12:40:47"}
{"level":"info","message":"GET /api/appointments/revenue 304 - - 83.716 ms","timestamp":"2026-07-08 12:40:47"}
{"level":"info","message":"GET /api/users 200 - - 134.467 ms","timestamp":"2026-07-08 12:40:47"}
{"level":"info","message":"OPTIONS /api/users/all 200 0 - 0.057 ms","timestamp":"2026-07-08 12:40:57"}
{"level":"info","message":"OPTIONS /api/attendance/range?start=2026-06-30T18:30:00.000Z&end=2026-07-31T18:29:59.999Z 200 0 - 0.048 ms","timestamp":"2026-07-08 12:40:57"}
{"level":"info","message":"OPTIONS /api/appointments/stats?month=7&year=2026 200 0 - 0.085 ms","timestamp":"2026-07-08 12:40:57"}
{"level":"info","message":"OPTIONS /api/appointments/stats?month=6&year=2026 200 0 - 0.049 ms","timestamp":"2026-07-08 12:40:57"}
{"level":"info","message":"OPTIONS /api/appointments/revenue 200 0 - 0.044 ms","timestamp":"2026-07-08 12:40:57"}
{"level":"info","message":"OPTIONS /api/users 200 0 - 0.044 ms","timestamp":"2026-07-08 12:40:57"}
{"level":"info","message":"GET /api/appointments/stats?month=7&year=2026 304 - - 62.027 ms","timestamp":"2026-07-08 12:40:57"}
{"level":"info","message":"GET /api/appointments/stats?month=6&year=2026 304 - - 61.507 ms","timestamp":"2026-07-08 12:40:57"}
{"level":"info","message":"GET /api/attendance/range?start=2026-06-30T18:30:00.000Z&end=2026-07-31T18:29:59.999Z 304 - - 115.207 ms","timestamp":"2026-07-08 12:40:57"}
{"level":"info","message":"GET /api/users/all 200 - - 111.814 ms","timestamp":"2026-07-08 12:40:57"}
{"level":"info","message":"GET /api/appointments/revenue 304 - - 90.438 ms","timestamp":"2026-07-08 12:40:57"}
{"level":"info","message":"GET /api/users 304 - - 136.161 ms","timestamp":"2026-07-08 12:40:57"}
{"level":"info","message":"OPTIONS /api/appointments/stats?month=7&year=2026 200 0 - 0.053 ms","timestamp":"2026-07-08 12:41:07"}
{"level":"info","message":"OPTIONS /api/appointments/stats?month=6&year=2026 200 0 - 0.045 ms","timestamp":"2026-07-08 12:41:07"}
{"level":"info","message":"OPTIONS /api/appointments/revenue 200 0 - 0.037 ms","timestamp":"2026-07-08 12:41:07"}
{"level":"info","message":"OPTIONS /api/users 200 0 - 0.031 ms","timestamp":"2026-07-08 12:41:07"}
{"level":"info","message":"GET /api/appointments/stats?month=7&year=2026 304 - - 58.168 ms","timestamp":"2026-07-08 12:41:07"}
{"level":"info","message":"GET /api/appointments/stats?month=6&year=2026 304 - - 65.099 ms","timestamp":"2026-07-08 12:41:07"}
{"level":"info","message":"GET /api/appointments/revenue 304 - - 91.778 ms","timestamp":"2026-07-08 12:41:07"}
{"level":"info","message":"GET /api/users 304 - - 142.374 ms","timestamp":"2026-07-08 12:41:07"}
{"level":"info","message":"OPTIONS /api/attendance/2026/7 200 0 - 0.146 ms","timestamp":"2026-07-08 12:41:11"}
{"level":"info","message":"GET /api/attendance/2026/7 304 - - 128.713 ms","timestamp":"2026-07-08 12:41:11"}
{"level":"info","message":"OPTIONS /api/appointments/stats?month=7&year=2026 200 0 - 0.048 ms","timestamp":"2026-07-08 12:41:17"}
{"level":"info","message":"OPTIONS /api/appointments/stats?month=6&year=2026 200 0 - 0.043 ms","timestamp":"2026-07-08 12:41:17"}
{"level":"info","message":"OPTIONS /api/appointments/revenue 200 0 - 0.024 ms","timestamp":"2026-07-08 12:41:17"}
{"level":"info","message":"OPTIONS /api/users 200 0 - 0.037 ms","timestamp":"2026-07-08 12:41:17"}
{"level":"info","message":"GET /api/appointments/stats?month=7&year=2026 304 - - 51.272 ms","timestamp":"2026-07-08 12:41:17"}
{"level":"info","message":"GET /api/appointments/stats?month=6&year=2026 304 - - 50.566 ms","timestamp":"2026-07-08 12:41:17"}
{"level":"info","message":"GET /api/appointments/revenue 304 - - 78.594 ms","timestamp":"2026-07-08 12:41:17"}
{"level":"info","message":"GET /api/users 200 - - 132.170 ms","timestamp":"2026-07-08 12:41:17"}
{"level":"info","message":"OPTIONS /api/users/all 200 0 - 0.144 ms","timestamp":"2026-07-08 12:41:27"}
{"level":"info","message":"OPTIONS /api/attendance/range?start=2026-06-30T18:30:00.000Z&end=2026-07-31T18:29:59.999Z 200 0 - 0.308 ms","timestamp":"2026-07-08 12:41:27"}
{"level":"info","message":"OPTIONS /api/appointments/stats?month=7&year=2026 200 0 - 0.075 ms","timestamp":"2026-07-08 12:41:27"}
{"level":"info","message":"OPTIONS /api/appointments/stats?month=6&year=2026 200 0 - 0.038 ms","timestamp":"2026-07-08 12:41:27"}
{"level":"info","message":"OPTIONS /api/appointments/revenue 200 0 - 0.031 ms","timestamp":"2026-07-08 12:41:27"}
{"level":"info","message":"OPTIONS /api/users 200 0 - 0.040 ms","timestamp":"2026-07-08 12:41:27"}
{"level":"info","message":"GET /api/attendance/range?start=2026-06-30T18:30:00.000Z&end=2026-07-31T18:29:59.999Z 304 - - 115.236 ms","timestamp":"2026-07-08 12:41:27"}
{"level":"info","message":"GET /api/users/all 200 - - 117.764 ms","timestamp":"2026-07-08 12:41:27"}
{"level":"info","message":"GET /api/appointments/stats?month=7&year=2026 304 - - 51.082 ms","timestamp":"2026-07-08 12:41:27"}
{"level":"info","message":"GET /api/appointments/stats?month=6&year=2026 304 - - 52.436 ms","timestamp":"2026-07-08 12:41:27"}
{"level":"info","message":"GET /api/appointments/revenue 304 - - 92.139 ms","timestamp":"2026-07-08 12:41:27"}
{"level":"info","message":"GET /api/users 304 - - 96.300 ms","timestamp":"2026-07-08 12:41:27"}
{"level":"info","message":"OPTIONS /api/appointments/stats?month=7&year=2026 200 0 - 0.094 ms","timestamp":"2026-07-08 12:41:37"}
{"level":"info","message":"OPTIONS /api/appointments/stats?month=6&year=2026 200 0 - 0.053 ms","timestamp":"2026-07-08 12:41:37"}
{"level":"info","message":"OPTIONS /api/appointments/revenue 200 0 - 0.026 ms","timestamp":"2026-07-08 12:41:37"}
{"level":"info","message":"OPTIONS /api/users 200 0 - 0.045 ms","timestamp":"2026-07-08 12:41:37"}
{"level":"info","message":"GET /api/appointments/stats?month=7&year=2026 304 - - 51.290 ms","timestamp":"2026-07-08 12:41:37"}
{"level":"info","message":"GET /api/appointments/stats?month=6&year=2026 304 - - 51.415 ms","timestamp":"2026-07-08 12:41:37"}
{"level":"info","message":"GET /api/appointments/revenue 304 - - 80.220 ms","timestamp":"2026-07-08 12:41:37"}
{"level":"info","message":"GET /api/users 200 - - 133.102 ms","timestamp":"2026-07-08 12:41:37"}
{"level":"info","message":"OPTIONS /api/attendance/2026/7 200 0 - 0.141 ms","timestamp":"2026-07-08 12:41:41"}
{"level":"info","message":"GET /api/attendance/2026/7 304 - - 123.667 ms","timestamp":"2026-07-08 12:41:41"}
{"level":"info","message":"OPTIONS /api/appointments/stats?month=7&year=2026 200 0 - 0.059 ms","timestamp":"2026-07-08 12:41:47"}
{"level":"info","message":"OPTIONS /api/appointments/stats?month=6&year=2026 200 0 - 0.041 ms","timestamp":"2026-07-08 12:41:47"}
{"level":"info","message":"OPTIONS /api/appointments/revenue 200 0 - 0.034 ms","timestamp":"2026-07-08 12:41:47"}
{"level":"info","message":"OPTIONS /api/users 200 0 - 0.030 ms","timestamp":"2026-07-08 12:41:47"}
{"level":"info","message":"GET /api/appointments/stats?month=7&year=2026 304 - - 51.497 ms","timestamp":"2026-07-08 12:41:47"}
{"level":"info","message":"GET /api/appointments/stats?month=6&year=2026 304 - - 57.088 ms","timestamp":"2026-07-08 12:41:47"}
{"level":"info","message":"GET /api/appointments/revenue 304 - - 83.909 ms","timestamp":"2026-07-08 12:41:47"}
{"level":"info","message":"GET /api/users 200 - - 137.291 ms","timestamp":"2026-07-08 12:41:47"}
{"level":"info","message":"OPTIONS /api/users/all 200 0 - 0.152 ms","timestamp":"2026-07-08 12:41:57"}
{"level":"info","message":"OPTIONS /api/attendance/range?start=2026-06-30T18:30:00.000Z&end=2026-07-31T18:29:59.999Z 200 0 - 0.143 ms","timestamp":"2026-07-08 12:41:57"}
{"level":"info","message":"OPTIONS /api/appointments/stats?month=7&year=2026 200 0 - 0.071 ms","timestamp":"2026-07-08 12:41:57"}
{"level":"info","message":"OPTIONS /api/appointments/stats?month=6&year=2026 200 0 - 0.075 ms","timestamp":"2026-07-08 12:41:57"}
{"level":"info","message":"OPTIONS /api/appointments/revenue 200 0 - 0.045 ms","timestamp":"2026-07-08 12:41:57"}
{"level":"info","message":"OPTIONS /api/users 200 0 - 0.037 ms","timestamp":"2026-07-08 12:41:57"}
{"level":"info","message":"GET /api/users/all 200 - - 126.834 ms","timestamp":"2026-07-08 12:41:57"}
{"level":"info","message":"GET /api/attendance/range?start=2026-06-30T18:30:00.000Z&end=2026-07-31T18:29:59.999Z 304 - - 129.834 ms","timestamp":"2026-07-08 12:41:57"}
{"level":"info","message":"GET /api/appointments/stats?month=7&year=2026 304 - - 52.647 ms","timestamp":"2026-07-08 12:41:57"}
{"level":"info","message":"GET /api/appointments/stats?month=6&year=2026 304 - - 51.498 ms","timestamp":"2026-07-08 12:41:57"}
{"level":"info","message":"GET /api/appointments/revenue 304 - - 82.651 ms","timestamp":"2026-07-08 12:41:57"}
{"level":"info","message":"GET /api/users 304 - - 136.786 ms","timestamp":"2026-07-08 12:41:57"}
{"level":"info","message":"OPTIONS /api/appointments/stats?month=7&year=2026 200 0 - 0.048 ms","timestamp":"2026-07-08 12:42:07"}
{"level":"info","message":"OPTIONS /api/appointments/stats?month=6&year=2026 200 0 - 0.037 ms","timestamp":"2026-07-08 12:42:07"}
{"level":"info","message":"OPTIONS /api/appointments/revenue 200 0 - 0.024 ms","timestamp":"2026-07-08 12:42:07"}
{"level":"info","message":"OPTIONS /api/users 200 0 - 0.047 ms","timestamp":"2026-07-08 12:42:07"}
{"level":"info","message":"GET /api/appointments/stats?month=7&year=2026 304 - - 50.835 ms","timestamp":"2026-07-08 12:42:07"}
{"level":"info","message":"GET /api/appointments/stats?month=6&year=2026 304 - - 50.560 ms","timestamp":"2026-07-08 12:42:07"}
{"level":"info","message":"GET /api/appointments/revenue 304 - - 80.699 ms","timestamp":"2026-07-08 12:42:07"}
{"level":"info","message":"GET /api/users 304 - - 133.031 ms","timestamp":"2026-07-08 12:42:07"}
{"level":"info","message":"OPTIONS /api/attendance/2026/7 200 0 - 0.149 ms","timestamp":"2026-07-08 12:42:10"}
{"level":"info","message":"GET /api/attendance/2026/7 304 - - 119.331 ms","timestamp":"2026-07-08 12:42:10"}
{"level":"info","message":"OPTIONS /api/appointments/stats?month=7&year=2026 200 0 - 0.050 ms","timestamp":"2026-07-08 12:42:17"}
{"level":"info","message":"OPTIONS /api/appointments/stats?month=6&year=2026 200 0 - 0.040 ms","timestamp":"2026-07-08 12:42:17"}
{"level":"info","message":"OPTIONS /api/appointments/revenue 200 0 - 0.034 ms","timestamp":"2026-07-08 12:42:17"}
{"level":"info","message":"OPTIONS /api/users 200 0 - 0.040 ms","timestamp":"2026-07-08 12:42:17"}
{"level":"info","message":"GET /api/appointments/stats?month=7&year=2026 304 - - 51.108 ms","timestamp":"2026-07-08 12:42:17"}
{"level":"info","message":"GET /api/appointments/stats?month=6&year=2026 304 - - 50.563 ms","timestamp":"2026-07-08 12:42:17"}
{"level":"info","message":"GET /api/appointments/revenue 304 - - 81.721 ms","timestamp":"2026-07-08 12:42:17"}
{"level":"info","message":"GET /api/users 200 - - 136.867 ms","timestamp":"2026-07-08 12:42:17"}
{"level":"info","message":"OPTIONS /api/users/all 200 0 - 0.150 ms","timestamp":"2026-07-08 12:42:27"}
{"level":"info","message":"OPTIONS /api/attendance/range?start=2026-06-30T18:30:00.000Z&end=2026-07-31T18:29:59.999Z 200 0 - 0.129 ms","timestamp":"2026-07-08 12:42:27"}
{"level":"info","message":"OPTIONS /api/appointments/stats?month=7&year=2026 200 0 - 0.087 ms","timestamp":"2026-07-08 12:42:27"}
{"level":"info","message":"OPTIONS /api/appointments/stats?month=6&year=2026 200 0 - 0.057 ms","timestamp":"2026-07-08 12:42:27"}
{"level":"info","message":"OPTIONS /api/appointments/revenue 200 0 - 0.041 ms","timestamp":"2026-07-08 12:42:27"}
{"level":"info","message":"OPTIONS /api/users 200 0 - 0.039 ms","timestamp":"2026-07-08 12:42:27"}
{"level":"info","message":"GET /api/attendance/range?start=2026-06-30T18:30:00.000Z&end=2026-07-31T18:29:59.999Z 304 - - 115.466 ms","timestamp":"2026-07-08 12:42:27"}
{"level":"info","message":"GET /api/users/all 200 - - 117.213 ms","timestamp":"2026-07-08 12:42:27"}
{"level":"info","message":"GET /api/appointments/stats?month=7&year=2026 304 - - 51.059 ms","timestamp":"2026-07-08 12:42:27"}
{"level":"info","message":"GET /api/appointments/stats?month=6&year=2026 304 - - 51.823 ms","timestamp":"2026-07-08 12:42:27"}
{"level":"info","message":"GET /api/appointments/revenue 304 - - 96.780 ms","timestamp":"2026-07-08 12:42:27"}
{"level":"info","message":"GET /api/users 304 - - 145.873 ms","timestamp":"2026-07-08 12:42:27"}
{"level":"info","message":"OPTIONS /api/appointments/stats?month=7&year=2026 200 0 - 0.056 ms","timestamp":"2026-07-08 12:42:37"}
{"level":"info","message":"OPTIONS /api/appointments/stats?month=6&year=2026 200 0 - 0.037 ms","timestamp":"2026-07-08 12:42:37"}
{"level":"info","message":"OPTIONS /api/appointments/revenue 200 0 - 0.033 ms","timestamp":"2026-07-08 12:42:37"}
{"level":"info","message":"OPTIONS /api/users 200 0 - 0.030 ms","timestamp":"2026-07-08 12:42:37"}
{"level":"info","message":"GET /api/appointments/stats?month=7&year=2026 304 - - 51.319 ms","timestamp":"2026-07-08 12:42:37"}
{"level":"info","message":"GET /api/appointments/stats?month=6&year=2026 304 - - 50.754 ms","timestamp":"2026-07-08 12:42:37"}
{"level":"info","message":"GET /api/appointments/revenue 304 - - 80.024 ms","timestamp":"2026-07-08 12:42:37"}
{"level":"info","message":"GET /api/users 200 - - 132.851 ms","timestamp":"2026-07-08 12:42:37"}
{"level":"info","message":"OPTIONS /api/attendance/2026/7 200 0 - 0.091 ms","timestamp":"2026-07-08 12:42:41"}
{"level":"info","message":"GET /api/attendance/2026/7 304 - - 107.666 ms","timestamp":"2026-07-08 12:42:41"}
{"level":"info","message":"OPTIONS /api/appointments/stats?month=7&year=2026 200 0 - 0.047 ms","timestamp":"2026-07-08 12:42:47"}
{"level":"info","message":"OPTIONS /api/appointments/stats?month=6&year=2026 200 0 - 0.043 ms","timestamp":"2026-07-08 12:42:47"}
{"level":"info","message":"OPTIONS /api/appointments/revenue 200 0 - 0.024 ms","timestamp":"2026-07-08 12:42:47"}
{"level":"info","message":"OPTIONS /api/users 200 0 - 0.024 ms","timestamp":"2026-07-08 12:42:47"}
{"level":"info","message":"GET /api/appointments/stats?month=7&year=2026 304 - - 50.804 ms","timestamp":"2026-07-08 12:42:47"}
{"level":"info","message":"GET /api/appointments/stats?month=6&year=2026 304 - - 50.151 ms","timestamp":"2026-07-08 12:42:47"}
{"level":"info","message":"GET /api/appointments/revenue 304 - - 80.356 ms","timestamp":"2026-07-08 12:42:47"}
{"level":"info","message":"GET /api/users 200 - - 135.636 ms","timestamp":"2026-07-08 12:42:47"}
{"level":"info","message":"OPTIONS /api/users/all 200 0 - 0.155 ms","timestamp":"2026-07-08 12:42:57"}
{"level":"info","message":"OPTIONS /api/attendance/range?start=2026-06-30T18:30:00.000Z&end=2026-07-31T18:29:59.999Z 200 0 - 0.165 ms","timestamp":"2026-07-08 12:42:57"}
{"level":"info","message":"OPTIONS /api/appointments/stats?month=7&year=2026 200 0 - 0.065 ms","timestamp":"2026-07-08 12:42:57"}
{"level":"info","message":"OPTIONS /api/appointments/stats?month=6&year=2026 200 0 - 0.039 ms","timestamp":"2026-07-08 12:42:57"}
{"level":"info","message":"OPTIONS /api/appointments/revenue 200 0 - 0.042 ms","timestamp":"2026-07-08 12:42:57"}
{"level":"info","message":"OPTIONS /api/users 200 0 - 0.027 ms","timestamp":"2026-07-08 12:42:57"}
{"level":"info","message":"GET /api/attendance/range?start=2026-06-30T18:30:00.000Z&end=2026-07-31T18:29:59.999Z 304 - - 114.294 ms","timestamp":"2026-07-08 12:42:57"}
{"level":"info","message":"GET /api/users/all 200 - - 116.364 ms","timestamp":"2026-07-08 12:42:57"}
{"level":"info","message":"GET /api/appointments/stats?month=6&year=2026 304 - - 62.431 ms","timestamp":"2026-07-08 12:42:57"}
{"level":"info","message":"GET /api/appointments/stats?month=7&year=2026 304 - - 64.621 ms","timestamp":"2026-07-08 12:42:57"}
{"level":"info","message":"GET /api/appointments/revenue 304 - - 91.392 ms","timestamp":"2026-07-08 12:42:57"}
{"level":"info","message":"GET /api/users 304 - - 157.238 ms","timestamp":"2026-07-08 12:42:57"}
{"level":"info","message":"OPTIONS /api/appointments/stats?month=7&year=2026 200 0 - 0.070 ms","timestamp":"2026-07-08 12:43:07"}
{"level":"info","message":"OPTIONS /api/appointments/stats?month=6&year=2026 200 0 - 0.046 ms","timestamp":"2026-07-08 12:43:07"}
{"level":"info","message":"OPTIONS /api/appointments/revenue 200 0 - 0.041 ms","timestamp":"2026-07-08 12:43:07"}
{"level":"info","message":"OPTIONS /api/users 200 0 - 0.043 ms","timestamp":"2026-07-08 12:43:07"}
{"level":"info","message":"GET /api/appointments/stats?month=7&year=2026 304 - - 52.911 ms","timestamp":"2026-07-08 12:43:07"}
{"level":"info","message":"GET /api/appointments/stats?month=6&year=2026 304 - - 51.663 ms","timestamp":"2026-07-08 12:43:07"}
{"level":"info","message":"GET /api/appointments/revenue 304 - - 86.885 ms","timestamp":"2026-07-08 12:43:07"}
{"level":"info","message":"GET /api/users 200 - - 135.656 ms","timestamp":"2026-07-08 12:43:07"}
{"level":"info","message":"OPTIONS /api/attendance/2026/7 200 0 - 0.092 ms","timestamp":"2026-07-08 12:43:11"}
{"level":"info","message":"GET /api/attendance/2026/7 304 - - 112.168 ms","timestamp":"2026-07-08 12:43:11"}
{"level":"info","message":"OPTIONS /api/appointments/stats?month=7&year=2026 200 0 - 0.063 ms","timestamp":"2026-07-08 12:43:17"}
{"level":"info","message":"OPTIONS /api/appointments/stats?month=6&year=2026 200 0 - 0.043 ms","timestamp":"2026-07-08 12:43:17"}
{"level":"info","message":"OPTIONS /api/appointments/revenue 200 0 - 0.035 ms","timestamp":"2026-07-08 12:43:17"}
{"level":"info","message":"OPTIONS /api/users 200 0 - 0.031 ms","timestamp":"2026-07-08 12:43:17"}
{"level":"info","message":"GET /api/appointments/stats?month=7&year=2026 304 - - 51.212 ms","timestamp":"2026-07-08 12:43:17"}
{"level":"info","message":"GET /api/appointments/stats?month=6&year=2026 304 - - 50.694 ms","timestamp":"2026-07-08 12:43:17"}
{"level":"info","message":"GET /api/appointments/revenue 304 - - 80.842 ms","timestamp":"2026-07-08 12:43:17"}
{"level":"info","message":"GET /api/users 200 - - 134.217 ms","timestamp":"2026-07-08 12:43:17"}
{"level":"info","message":"OPTIONS /api/users/all 200 0 - 0.160 ms","timestamp":"2026-07-08 12:43:27"}
{"level":"info","message":"OPTIONS /api/attendance/range?start=2026-06-30T18:30:00.000Z&end=2026-07-31T18:29:59.999Z 200 0 - 0.134 ms","timestamp":"2026-07-08 12:43:27"}
{"level":"info","message":"OPTIONS /api/appointments/stats?month=7&year=2026 200 0 - 0.048 ms","timestamp":"2026-07-08 12:43:27"}
{"level":"info","message":"OPTIONS /api/appointments/stats?month=6&year=2026 200 0 - 0.042 ms","timestamp":"2026-07-08 12:43:27"}
{"level":"info","message":"OPTIONS /api/appointments/revenue 200 0 - 0.065 ms","timestamp":"2026-07-08 12:43:27"}
{"level":"info","message":"OPTIONS /api/users 200 0 - 0.045 ms","timestamp":"2026-07-08 12:43:27"}
{"level":"info","message":"GET /api/attendance/range?start=2026-06-30T18:30:00.000Z&end=2026-07-31T18:29:59.999Z 304 - - 112.045 ms","timestamp":"2026-07-08 12:43:27"}
{"level":"info","message":"GET /api/users/all 200 - - 115.593 ms","timestamp":"2026-07-08 12:43:27"}
{"level":"info","message":"GET /api/appointments/stats?month=7&year=2026 304 - - 54.616 ms","timestamp":"2026-07-08 12:43:27"}
{"level":"info","message":"GET /api/appointments/stats?month=6&year=2026 304 - - 54.058 ms","timestamp":"2026-07-08 12:43:27"}
{"level":"info","message":"GET /api/appointments/revenue 304 - - 86.427 ms","timestamp":"2026-07-08 12:43:27"}
{"level":"info","message":"GET /api/users 304 - - 134.608 ms","timestamp":"2026-07-08 12:43:27"}
{"level":"info","message":"OPTIONS /api/appointments/stats?month=7&year=2026 200 0 - 0.051 ms","timestamp":"2026-07-08 12:43:37"}
{"level":"info","message":"OPTIONS /api/appointments/stats?month=6&year=2026 200 0 - 0.050 ms","timestamp":"2026-07-08 12:43:37"}
{"level":"info","message":"OPTIONS /api/appointments/revenue 200 0 - 0.031 ms","timestamp":"2026-07-08 12:43:37"}
{"level":"info","message":"OPTIONS /api/users 200 0 - 0.070 ms","timestamp":"2026-07-08 12:43:37"}
{"level":"info","message":"GET /api/appointments/stats?month=7&year=2026 304 - - 50.422 ms","timestamp":"2026-07-08 12:43:37"}
{"level":"info","message":"GET /api/appointments/stats?month=6&year=2026 304 - - 51.261 ms","timestamp":"2026-07-08 12:43:37"}
{"level":"info","message":"GET /api/appointments/revenue 304 - - 79.638 ms","timestamp":"2026-07-08 12:43:37"}
{"level":"info","message":"GET /api/users 304 - - 135.499 ms","timestamp":"2026-07-08 12:43:37"}
{"level":"info","message":"OPTIONS /api/attendance/2026/7 200 0 - 0.053 ms","timestamp":"2026-07-08 12:43:42"}
{"level":"info","message":"GET /api/attendance/2026/7 304 - - 111.600 ms","timestamp":"2026-07-08 12:43:42"}
{"level":"info","message":"OPTIONS /api/appointments/stats?month=7&year=2026 200 0 - 0.073 ms","timestamp":"2026-07-08 12:44:05"}
{"level":"info","message":"OPTIONS /api/appointments/stats?month=6&year=2026 200 0 - 0.056 ms","timestamp":"2026-07-08 12:44:05"}
{"level":"info","message":"OPTIONS /api/appointments/revenue 200 0 - 0.050 ms","timestamp":"2026-07-08 12:44:05"}
{"level":"info","message":"OPTIONS /api/users 200 0 - 0.044 ms","timestamp":"2026-07-08 12:44:05"}
{"level":"info","message":"OPTIONS /api/users/all 200 0 - 0.039 ms","timestamp":"2026-07-08 12:44:05"}
{"level":"info","message":"OPTIONS /api/attendance/range?start=2026-06-30T18:30:00.000Z&end=2026-07-31T18:29:59.999Z 200 0 - 0.053 ms","timestamp":"2026-07-08 12:44:05"}
{"level":"info","message":"GET /api/appointments/stats?month=7&year=2026 304 - - 52.967 ms","timestamp":"2026-07-08 12:44:05"}
{"level":"info","message":"GET /api/appointments/stats?month=6&year=2026 304 - - 51.630 ms","timestamp":"2026-07-08 12:44:05"}
{"level":"info","message":"GET /api/appointments/revenue 304 - - 84.609 ms","timestamp":"2026-07-08 12:44:05"}
{"level":"info","message":"GET /api/attendance/range?start=2026-06-30T18:30:00.000Z&end=2026-07-31T18:29:59.999Z 304 - - 119.010 ms","timestamp":"2026-07-08 12:44:05"}
{"level":"info","message":"GET /api/users/all 200 - - 117.797 ms","timestamp":"2026-07-08 12:44:05"}
{"level":"info","message":"GET /api/users 200 - - 137.684 ms","timestamp":"2026-07-08 12:44:05"}
{"level":"info","message":"GET /api/appointments/stats?month=7&year=2026 304 - - 52.657 ms","timestamp":"2026-07-08 12:44:07"}
{"level":"info","message":"GET /api/appointments/stats?month=6&year=2026 304 - - 51.417 ms","timestamp":"2026-07-08 12:44:07"}
{"level":"info","message":"GET /api/appointments/revenue 304 - - 80.653 ms","timestamp":"2026-07-08 12:44:07"}
{"level":"info","message":"GET /api/users 304 - - 137.372 ms","timestamp":"2026-07-08 12:44:07"}
{"level":"info","message":"OPTIONS /api/attendance/2026/7 200 0 - 0.065 ms","timestamp":"2026-07-08 12:44:11"}
{"level":"info","message":"GET /api/attendance/2026/7 304 - - 112.446 ms","timestamp":"2026-07-08 12:44:11"}
{"level":"info","message":"OPTIONS /api/appointments/stats?month=7&year=2026 200 0 - 0.104 ms","timestamp":"2026-07-08 12:44:17"}
{"level":"info","message":"OPTIONS /api/appointments/stats?month=6&year=2026 200 0 - 0.065 ms","timestamp":"2026-07-08 12:44:17"}
{"level":"info","message":"OPTIONS /api/appointments/revenue 200 0 - 0.036 ms","timestamp":"2026-07-08 12:44:17"}
{"level":"info","message":"OPTIONS /api/users 200 0 - 0.035 ms","timestamp":"2026-07-08 12:44:17"}
{"level":"info","message":"GET /api/appointments/stats?month=7&year=2026 304 - - 51.666 ms","timestamp":"2026-07-08 12:44:17"}
{"level":"info","message":"GET /api/appointments/stats?month=6&year=2026 304 - - 51.532 ms","timestamp":"2026-07-08 12:44:17"}
{"level":"info","message":"GET /api/appointments/revenue 304 - - 85.488 ms","timestamp":"2026-07-08 12:44:17"}
{"level":"info","message":"GET /api/users 200 - - 134.138 ms","timestamp":"2026-07-08 12:44:17"}
{"level":"info","message":"OPTIONS /api/users/all 200 0 - 0.082 ms","timestamp":"2026-07-08 12:44:27"}
{"level":"info","message":"OPTIONS /api/attendance/range?start=2026-06-30T18:30:00.000Z&end=2026-07-31T18:29:59.999Z 200 0 - 0.071 ms","timestamp":"2026-07-08 12:44:27"}
{"level":"info","message":"OPTIONS /api/appointments/stats?month=7&year=2026 200 0 - 0.053 ms","timestamp":"2026-07-08 12:44:27"}
{"level":"info","message":"OPTIONS /api/appointments/stats?month=6&year=2026 200 0 - 0.044 ms","timestamp":"2026-07-08 12:44:27"}
{"level":"info","message":"OPTIONS /api/appointments/revenue 200 0 - 0.049 ms","timestamp":"2026-07-08 12:44:27"}
{"level":"info","message":"OPTIONS /api/users 200 0 - 0.034 ms","timestamp":"2026-07-08 12:44:27"}
{"level":"info","message":"GET /api/appointments/stats?month=7&year=2026 304 - - 52.698 ms","timestamp":"2026-07-08 12:44:27"}
{"level":"info","message":"GET /api/appointments/stats?month=6&year=2026 304 - - 51.979 ms","timestamp":"2026-07-08 12:44:27"}
{"level":"info","message":"GET /api/attendance/range?start=2026-06-30T18:30:00.000Z&end=2026-07-31T18:29:59.999Z 304 - - 115.271 ms","timestamp":"2026-07-08 12:44:27"}
{"level":"info","message":"GET /api/users/all 200 - - 115.526 ms","timestamp":"2026-07-08 12:44:27"}
{"level":"info","message":"GET /api/appointments/revenue 304 - - 82.163 ms","timestamp":"2026-07-08 12:44:27"}
{"level":"info","message":"GET /api/users 304 - - 135.276 ms","timestamp":"2026-07-08 12:44:27"}
{"level":"info","message":"OPTIONS /api/appointments/stats?month=7&year=2026 200 0 - 0.061 ms","timestamp":"2026-07-08 12:44:37"}
{"level":"info","message":"OPTIONS /api/appointments/stats?month=6&year=2026 200 0 - 0.041 ms","timestamp":"2026-07-08 12:44:37"}
{"level":"info","message":"OPTIONS /api/appointments/revenue 200 0 - 0.054 ms","timestamp":"2026-07-08 12:44:37"}
{"level":"info","message":"OPTIONS /api/users 200 0 - 0.040 ms","timestamp":"2026-07-08 12:44:37"}
{"level":"info","message":"GET /api/appointments/stats?month=7&year=2026 304 - - 52.113 ms","timestamp":"2026-07-08 12:44:37"}
{"level":"info","message":"GET /api/appointments/stats?month=6&year=2026 304 - - 50.658 ms","timestamp":"2026-07-08 12:44:37"}
{"level":"info","message":"GET /api/appointments/revenue 304 - - 80.302 ms","timestamp":"2026-07-08 12:44:37"}
{"level":"info","message":"GET /api/users 304 - - 133.727 ms","timestamp":"2026-07-08 12:44:37"}
{"level":"info","message":"OPTIONS /api/attendance/2026/7 200 0 - 0.117 ms","timestamp":"2026-07-08 12:44:41"}
{"level":"info","message":"GET /api/attendance/2026/7 304 - - 117.726 ms","timestamp":"2026-07-08 12:44:41"}
{"level":"info","message":"OPTIONS /api/appointments/stats?month=7&year=2026 200 0 - 0.063 ms","timestamp":"2026-07-08 12:44:47"}
{"level":"info","message":"OPTIONS /api/appointments/stats?month=6&year=2026 200 0 - 0.047 ms","timestamp":"2026-07-08 12:44:47"}
{"level":"info","message":"OPTIONS /api/appointments/revenue 200 0 - 0.034 ms","timestamp":"2026-07-08 12:44:47"}
{"level":"info","message":"OPTIONS /api/users 200 0 - 0.033 ms","timestamp":"2026-07-08 12:44:47"}
{"level":"info","message":"GET /api/appointments/stats?month=7&year=2026 304 - - 50.513 ms","timestamp":"2026-07-08 12:44:47"}
{"level":"info","message":"GET /api/appointments/stats?month=6&year=2026 304 - - 50.228 ms","timestamp":"2026-07-08 12:44:47"}
{"level":"info","message":"GET /api/appointments/revenue 304 - - 84.256 ms","timestamp":"2026-07-08 12:44:47"}
{"level":"info","message":"GET /api/users 200 - - 144.875 ms","timestamp":"2026-07-08 12:44:47"}
{"level":"info","message":"OPTIONS /api/users/all 200 0 - 0.128 ms","timestamp":"2026-07-08 12:44:57"}
{"level":"info","message":"OPTIONS /api/attendance/range?start=2026-06-30T18:30:00.000Z&end=2026-07-31T18:29:59.999Z 200 0 - 0.242 ms","timestamp":"2026-07-08 12:44:57"}
{"level":"info","message":"OPTIONS /api/appointments/stats?month=7&year=2026 200 0 - 0.080 ms","timestamp":"2026-07-08 12:44:57"}
{"level":"info","message":"OPTIONS /api/appointments/stats?month=6&year=2026 200 0 - 0.057 ms","timestamp":"2026-07-08 12:44:57"}
{"level":"info","message":"OPTIONS /api/appointments/revenue 200 0 - 0.063 ms","timestamp":"2026-07-08 12:44:57"}
{"level":"info","message":"OPTIONS /api/users 200 0 - 0.037 ms","timestamp":"2026-07-08 12:44:57"}
{"level":"info","message":"GET /api/appointments/stats?month=7&year=2026 304 - - 53.913 ms","timestamp":"2026-07-08 12:44:57"}
{"level":"info","message":"GET /api/appointments/stats?month=6&year=2026 304 - - 53.502 ms","timestamp":"2026-07-08 12:44:57"}
{"level":"info","message":"GET /api/attendance/range?start=2026-06-30T18:30:00.000Z&end=2026-07-31T18:29:59.999Z 304 - - 124.571 ms","timestamp":"2026-07-08 12:44:57"}
{"level":"info","message":"GET /api/users/all 200 - - 122.919 ms","timestamp":"2026-07-08 12:44:57"}
{"level":"info","message":"GET /api/appointments/revenue 304 - - 88.012 ms","timestamp":"2026-07-08 12:44:57"}
{"level":"info","message":"GET /api/users 304 - - 136.562 ms","timestamp":"2026-07-08 12:44:57"}
{"level":"info","message":"OPTIONS /api/appointments/stats?month=7&year=2026 200 0 - 0.062 ms","timestamp":"2026-07-08 12:45:07"}
{"level":"info","message":"OPTIONS /api/appointments/stats?month=6&year=2026 200 0 - 0.056 ms","timestamp":"2026-07-08 12:45:07"}
{"level":"info","message":"OPTIONS /api/appointments/revenue 200 0 - 0.049 ms","timestamp":"2026-07-08 12:45:07"}
{"level":"info","message":"OPTIONS /api/users 200 0 - 0.050 ms","timestamp":"2026-07-08 12:45:07"}
{"level":"info","message":"GET /api/appointments/stats?month=7&year=2026 304 - - 52.086 ms","timestamp":"2026-07-08 12:45:07"}
{"level":"info","message":"GET /api/appointments/stats?month=6&year=2026 304 - - 51.533 ms","timestamp":"2026-07-08 12:45:07"}
{"level":"info","message":"GET /api/appointments/revenue 304 - - 80.666 ms","timestamp":"2026-07-08 12:45:07"}
{"level":"info","message":"GET /api/users 304 - - 139.271 ms","timestamp":"2026-07-08 12:45:07"}
{"level":"info","message":"OPTIONS /api/attendance/2026/7 200 0 - 0.158 ms","timestamp":"2026-07-08 12:45:25"}
{"level":"info","message":"OPTIONS /api/appointments/stats?month=7&year=2026 200 0 - 0.087 ms","timestamp":"2026-07-08 12:45:25"}
{"level":"info","message":"OPTIONS /api/appointments/stats?month=6&year=2026 200 0 - 0.072 ms","timestamp":"2026-07-08 12:45:25"}
{"level":"info","message":"GET /api/attendance/2026/7 304 - - 124.331 ms","timestamp":"2026-07-08 12:45:25"}
{"level":"info","message":"OPTIONS /api/appointments/revenue 200 0 - 0.145 ms","timestamp":"2026-07-08 12:45:25"}
{"level":"info","message":"OPTIONS /api/users 200 0 - 0.074 ms","timestamp":"2026-07-08 12:45:25"}
{"level":"info","message":"GET /api/appointments/stats?month=7&year=2026 304 - - 54.942 ms","timestamp":"2026-07-08 12:45:25"}
{"level":"info","message":"GET /api/appointments/stats?month=6&year=2026 304 - - 53.024 ms","timestamp":"2026-07-08 12:45:25"}
{"level":"info","message":"GET /api/appointments/revenue 304 - - 83.181 ms","timestamp":"2026-07-08 12:45:25"}
{"level":"info","message":"GET /api/users 200 - - 142.414 ms","timestamp":"2026-07-08 12:45:25"}
{"level":"info","message":"OPTIONS /api/users/all 200 0 - 0.147 ms","timestamp":"2026-07-08 12:45:27"}
{"level":"info","message":"OPTIONS /api/attendance/range?start=2026-06-30T18:30:00.000Z&end=2026-07-31T18:29:59.999Z 200 0 - 0.105 ms","timestamp":"2026-07-08 12:45:27"}
{"level":"info","message":"GET /api/attendance/range?start=2026-06-30T18:30:00.000Z&end=2026-07-31T18:29:59.999Z 304 - - 123.386 ms","timestamp":"2026-07-08 12:45:27"}
{"level":"info","message":"GET /api/users/all 200 - - 125.603 ms","timestamp":"2026-07-08 12:45:27"}
{"level":"info","message":"GET /api/appointments/stats?month=6&year=2026 304 - - 75.974 ms","timestamp":"2026-07-08 12:45:27"}
{"level":"info","message":"GET /api/appointments/stats?month=7&year=2026 304 - - 78.194 ms","timestamp":"2026-07-08 12:45:27"}
{"level":"info","message":"GET /api/appointments/revenue 304 - - 101.193 ms","timestamp":"2026-07-08 12:45:27"}
{"level":"info","message":"GET /api/users 304 - - 163.798 ms","timestamp":"2026-07-08 12:45:27"}
{"level":"info","message":"OPTIONS /api/calls/sip-config 200 0 - 0.103 ms","timestamp":"2026-07-08 12:45:29"}
{"level":"info","message":"OPTIONS /api/messages/unread-count 200 0 - 0.081 ms","timestamp":"2026-07-08 12:45:29"}
{"level":"info","message":"OPTIONS /api/calls/sip-config 200 0 - 0.091 ms","timestamp":"2026-07-08 12:45:29"}
{"level":"info","message":"GET /api/calls/sip-config 304 - - 35.902 ms","timestamp":"2026-07-08 12:45:29"}
{"level":"info","message":"GET /api/messages/unread-count 304 - - 66.578 ms","timestamp":"2026-07-08 12:45:29"}
{"level":"info","message":"GET /api/calls/sip-config 304 - - 30.138 ms","timestamp":"2026-07-08 12:45:29"}
{"level":"info","message":"GET /api/messages/unread-count 304 - - 62.860 ms","timestamp":"2026-07-08 12:45:29"}
{"level":"info","message":"OPTIONS /api/appointments/revenue/reports 200 0 - 0.084 ms","timestamp":"2026-07-08 12:45:29"}
{"level":"info","message":"OPTIONS /api/appointments/all 200 0 - 0.047 ms","timestamp":"2026-07-08 12:45:29"}
{"level":"info","message":"OPTIONS /api/tasks 200 0 - 0.038 ms","timestamp":"2026-07-08 12:45:29"}
{"level":"info","message":"OPTIONS /api/admin-status 200 0 - 0.059 ms","timestamp":"2026-07-08 12:45:29"}
{"level":"info","message":"OPTIONS /api/admin-status 200 0 - 0.091 ms","timestamp":"2026-07-08 12:45:29"}
{"level":"info","message":"GET /api/appointments/revenue/reports 304 - - 57.529 ms","timestamp":"2026-07-08 12:45:29"}
{"level":"info","message":"GET /api/tasks 304 - - 91.204 ms","timestamp":"2026-07-08 12:45:29"}
{"level":"info","message":"GET /api/attendance/2026/7 304 - - 111.410 ms","timestamp":"2026-07-08 12:45:29"}
{"level":"info","message":"GET /api/appointments/stats?month=7&year=2026 304 - - 54.249 ms","timestamp":"2026-07-08 12:45:29"}
{"level":"info","message":"GET /api/users/all 200 - - 120.218 ms","timestamp":"2026-07-08 12:45:29"}
{"level":"info","message":"GET /api/attendance/range?start=2026-06-30T18:30:00.000Z&end=2026-07-31T18:29:59.999Z 304 - - 157.212 ms","timestamp":"2026-07-08 12:45:29"}
{"level":"info","message":"GET /api/appointments/all 304 - - 209.908 ms","timestamp":"2026-07-08 12:45:29"}
{"level":"info","message":"GET /api/appointments/stats?month=6&year=2026 304 - - 115.283 ms","timestamp":"2026-07-08 12:45:29"}
{"level":"info","message":"GET /api/admin-status 304 - - 69.699 ms","timestamp":"2026-07-08 12:45:29"}
{"level":"info","message":"GET /api/appointments/revenue 304 - - 134.072 ms","timestamp":"2026-07-08 12:45:29"}
{"level":"info","message":"GET /api/appointments/revenue/reports 304 - - 74.592 ms","timestamp":"2026-07-08 12:45:29"}
{"level":"info","message":"GET /api/users 200 - - 167.971 ms","timestamp":"2026-07-08 12:45:29"}
{"level":"info","message":"GET /api/appointments/stats?month=7&year=2026 304 - - 53.646 ms","timestamp":"2026-07-08 12:45:29"}
{"level":"info","message":"GET /api/tasks 304 - - 83.369 ms","timestamp":"2026-07-08 12:45:29"}
{"level":"info","message":"GET /api/users/all 304 - - 123.442 ms","timestamp":"2026-07-08 12:45:29"}
{"level":"info","message":"GET /api/admin-status 304 - - 70.221 ms","timestamp":"2026-07-08 12:45:29"}
{"level":"info","message":"GET /api/attendance/2026/7 304 - - 155.292 ms","timestamp":"2026-07-08 12:45:29"}
{"level":"info","message":"GET /api/appointments/stats?month=6&year=2026 304 - - 80.413 ms","timestamp":"2026-07-08 12:45:29"}
{"level":"info","message":"GET /api/attendance/range?start=2026-06-30T18:30:00.000Z&end=2026-07-31T18:29:59.999Z 304 - - 162.038 ms","timestamp":"2026-07-08 12:45:29"}
{"level":"info","message":"GET /api/appointments/all 304 - - 158.762 ms","timestamp":"2026-07-08 12:45:29"}
{"level":"info","message":"GET /api/appointments/revenue 304 - - 99.206 ms","timestamp":"2026-07-08 12:45:30"}
{"level":"info","message":"GET /api/tasks 304 - - 101.251 ms","timestamp":"2026-07-08 12:45:30"}
{"level":"info","message":"GET /api/users 304 - - 109.246 ms","timestamp":"2026-07-08 12:45:30"}
{"level":"info","message":"GET /api/tasks 304 - - 82.804 ms","timestamp":"2026-07-08 12:45:30"}
{"level":"info","message":"OPTIONS /api/appointments/stats?month=7&year=2026 200 0 - 0.055 ms","timestamp":"2026-07-08 12:45:39"}
{"level":"info","message":"OPTIONS /api/appointments/stats?month=6&year=2026 200 0 - 0.038 ms","timestamp":"2026-07-08 12:45:39"}
{"level":"info","message":"OPTIONS /api/appointments/revenue 200 0 - 0.026 ms","timestamp":"2026-07-08 12:45:39"}
{"level":"info","message":"OPTIONS /api/users 200 0 - 0.034 ms","timestamp":"2026-07-08 12:45:39"}
{"level":"info","message":"GET /api/appointments/stats?month=7&year=2026 304 - - 51.157 ms","timestamp":"2026-07-08 12:45:39"}
{"level":"info","message":"GET /api/appointments/stats?month=6&year=2026 304 - - 50.516 ms","timestamp":"2026-07-08 12:45:39"}
{"level":"info","message":"GET /api/appointments/revenue 304 - - 81.133 ms","timestamp":"2026-07-08 12:45:39"}
{"level":"info","message":"GET /api/users 304 - - 146.489 ms","timestamp":"2026-07-08 12:45:39"}
{"level":"info","message":"OPTIONS /api/appointments/stats?month=7&year=2026 200 0 - 0.073 ms","timestamp":"2026-07-08 12:45:49"}
{"level":"info","message":"OPTIONS /api/appointments/stats?month=6&year=2026 200 0 - 0.050 ms","timestamp":"2026-07-08 12:45:49"}
{"level":"info","message":"OPTIONS /api/appointments/revenue 200 0 - 0.029 ms","timestamp":"2026-07-08 12:45:49"}
{"level":"info","message":"OPTIONS /api/users 200 0 - 0.025 ms","timestamp":"2026-07-08 12:45:49"}
{"level":"info","message":"GET /api/appointments/stats?month=7&year=2026 304 - - 50.432 ms","timestamp":"2026-07-08 12:45:49"}
{"level":"info","message":"GET /api/appointments/stats?month=6&year=2026 304 - - 50.734 ms","timestamp":"2026-07-08 12:45:49"}
{"level":"info","message":"GET /api/appointments/revenue 304 - - 82.435 ms","timestamp":"2026-07-08 12:45:49"}
{"level":"info","message":"GET /api/users 200 - - 132.912 ms","timestamp":"2026-07-08 12:45:49"}
{"level":"info","message":"OPTIONS /api/attendance/2026/7 200 0 - 0.153 ms","timestamp":"2026-07-08 12:45:59"}
{"level":"info","message":"OPTIONS /api/users/all 200 0 - 0.068 ms","timestamp":"2026-07-08 12:45:59"}
{"level":"info","message":"OPTIONS /api/attendance/range?start=2026-06-30T18:30:00.000Z&end=2026-07-31T18:29:59.999Z 200 0 - 0.053 ms","timestamp":"2026-07-08 12:45:59"}
{"level":"info","message":"OPTIONS /api/appointments/stats?month=7&year=2026 200 0 - 0.067 ms","timestamp":"2026-07-08 12:45:59"}
{"level":"info","message":"OPTIONS /api/appointments/stats?month=6&year=2026 200 0 - 0.059 ms","timestamp":"2026-07-08 12:45:59"}
{"level":"info","message":"OPTIONS /api/appointments/revenue 200 0 - 0.033 ms","timestamp":"2026-07-08 12:45:59"}
{"level":"info","message":"OPTIONS /api/users 200 0 - 0.031 ms","timestamp":"2026-07-08 12:45:59"}
{"level":"info","message":"GET /api/appointments/stats?month=7&year=2026 304 - - 57.907 ms","timestamp":"2026-07-08 12:45:59"}
{"level":"info","message":"GET /api/attendance/2026/7 304 - - 117.451 ms","timestamp":"2026-07-08 12:45:59"}
{"level":"info","message":"GET /api/appointments/stats?month=6&year=2026 304 - - 59.423 ms","timestamp":"2026-07-08 12:45:59"}
{"level":"info","message":"GET /api/attendance/range?start=2026-06-30T18:30:00.000Z&end=2026-07-31T18:29:59.999Z 304 - - 117.981 ms","timestamp":"2026-07-08 12:45:59"}
{"level":"info","message":"GET /api/users/all 200 - - 112.635 ms","timestamp":"2026-07-08 12:45:59"}
{"level":"info","message":"GET /api/appointments/revenue 304 - - 91.366 ms","timestamp":"2026-07-08 12:45:59"}
{"level":"info","message":"GET /api/users 304 - - 136.007 ms","timestamp":"2026-07-08 12:45:59"}
{"level":"info","message":"OPTIONS /api/appointments/stats?month=7&year=2026 200 0 - 0.063 ms","timestamp":"2026-07-08 12:46:09"}
{"level":"info","message":"OPTIONS /api/appointments/stats?month=6&year=2026 200 0 - 0.049 ms","timestamp":"2026-07-08 12:46:09"}
{"level":"info","message":"OPTIONS /api/appointments/revenue 200 0 - 0.046 ms","timestamp":"2026-07-08 12:46:09"}
{"level":"info","message":"OPTIONS /api/users 200 0 - 0.068 ms","timestamp":"2026-07-08 12:46:09"}
{"level":"info","message":"GET /api/appointments/stats?month=7&year=2026 304 - - 51.164 ms","timestamp":"2026-07-08 12:46:09"}
{"level":"info","message":"GET /api/appointments/stats?month=6&year=2026 304 - - 51.894 ms","timestamp":"2026-07-08 12:46:09"}
{"level":"info","message":"GET /api/appointments/revenue 304 - - 81.124 ms","timestamp":"2026-07-08 12:46:09"}
{"level":"info","message":"GET /api/users 304 - - 152.340 ms","timestamp":"2026-07-08 12:46:09"}
{"level":"info","message":"OPTIONS /api/appointments/stats?month=7&year=2026 200 0 - 0.062 ms","timestamp":"2026-07-08 12:46:19"}
{"level":"info","message":"OPTIONS /api/appointments/stats?month=6&year=2026 200 0 - 0.080 ms","timestamp":"2026-07-08 12:46:19"}
{"level":"info","message":"OPTIONS /api/appointments/revenue 200 0 - 0.076 ms","timestamp":"2026-07-08 12:46:19"}
{"level":"info","message":"OPTIONS /api/users 200 0 - 0.099 ms","timestamp":"2026-07-08 12:46:19"}
{"level":"info","message":"GET /api/appointments/stats?month=7&year=2026 304 - - 51.827 ms","timestamp":"2026-07-08 12:46:19"}
{"level":"info","message":"GET /api/appointments/stats?month=6&year=2026 304 - - 51.168 ms","timestamp":"2026-07-08 12:46:19"}
{"level":"info","message":"GET /api/appointments/revenue 304 - - 80.154 ms","timestamp":"2026-07-08 12:46:19"}
{"level":"info","message":"GET /api/users 200 - - 134.548 ms","timestamp":"2026-07-08 12:46:19"}
{"level":"info","message":"OPTIONS /api/attendance/2026/7 200 0 - 0.113 ms","timestamp":"2026-07-08 12:46:29"}
{"level":"info","message":"OPTIONS /api/users/all 200 0 - 0.082 ms","timestamp":"2026-07-08 12:46:29"}
{"level":"info","message":"OPTIONS /api/attendance/range?start=2026-06-30T18:30:00.000Z&end=2026-07-31T18:29:59.999Z 200 0 - 0.129 ms","timestamp":"2026-07-08 12:46:29"}
{"level":"info","message":"OPTIONS /api/appointments/stats?month=7&year=2026 200 0 - 0.057 ms","timestamp":"2026-07-08 12:46:29"}
{"level":"info","message":"OPTIONS /api/appointments/stats?month=6&year=2026 200 0 - 0.027 ms","timestamp":"2026-07-08 12:46:29"}
{"level":"info","message":"OPTIONS /api/appointments/revenue 200 0 - 0.036 ms","timestamp":"2026-07-08 12:46:29"}
{"level":"info","message":"OPTIONS /api/users 200 0 - 0.049 ms","timestamp":"2026-07-08 12:46:29"}
{"level":"info","message":"GET /api/appointments/stats?month=7&year=2026 304 - - 51.120 ms","timestamp":"2026-07-08 12:46:29"}
{"level":"info","message":"GET /api/appointments/stats?month=6&year=2026 304 - - 50.508 ms","timestamp":"2026-07-08 12:46:29"}
{"level":"info","message":"GET /api/attendance/2026/7 304 - - 123.779 ms","timestamp":"2026-07-08 12:46:29"}
{"level":"info","message":"GET /api/attendance/range?start=2026-06-30T18:30:00.000Z&end=2026-07-31T18:29:59.999Z 304 - - 124.099 ms","timestamp":"2026-07-08 12:46:29"}
{"level":"info","message":"GET /api/users/all 200 - - 118.873 ms","timestamp":"2026-07-08 12:46:29"}
{"level":"info","message":"GET /api/appointments/revenue 304 - - 98.217 ms","timestamp":"2026-07-08 12:46:29"}
{"level":"info","message":"GET /api/users 200 - - 163.659 ms","timestamp":"2026-07-08 12:46:29"}
{"level":"info","message":"OPTIONS /api/appointments/stats?month=7&year=2026 200 0 - 0.070 ms","timestamp":"2026-07-08 12:46:39"}
{"level":"info","message":"OPTIONS /api/appointments/stats?month=6&year=2026 200 0 - 0.050 ms","timestamp":"2026-07-08 12:46:39"}
{"level":"info","message":"OPTIONS /api/appointments/revenue 200 0 - 0.044 ms","timestamp":"2026-07-08 12:46:39"}
{"level":"info","message":"OPTIONS /api/users 200 0 - 0.029 ms","timestamp":"2026-07-08 12:46:39"}
{"level":"info","message":"GET /api/appointments/stats?month=7&year=2026 304 - - 51.258 ms","timestamp":"2026-07-08 12:46:39"}
{"level":"info","message":"GET /api/appointments/stats?month=6&year=2026 304 - - 51.217 ms","timestamp":"2026-07-08 12:46:39"}
{"level":"info","message":"GET /api/appointments/revenue 304 - - 81.122 ms","timestamp":"2026-07-08 12:46:39"}
{"level":"info","message":"GET /api/users 304 - - 133.546 ms","timestamp":"2026-07-08 12:46:39"}
{"level":"info","message":"OPTIONS /api/appointments/stats?month=7&year=2026 200 0 - 0.051 ms","timestamp":"2026-07-08 12:46:49"}
{"level":"info","message":"OPTIONS /api/appointments/stats?month=6&year=2026 200 0 - 0.052 ms","timestamp":"2026-07-08 12:46:49"}
{"level":"info","message":"OPTIONS /api/appointments/revenue 200 0 - 0.036 ms","timestamp":"2026-07-08 12:46:49"}
{"level":"info","message":"OPTIONS /api/users 200 0 - 0.032 ms","timestamp":"2026-07-08 12:46:49"}
{"level":"info","message":"GET /api/appointments/stats?month=7&year=2026 304 - - 51.323 ms","timestamp":"2026-07-08 12:46:49"}
{"level":"info","message":"GET /api/appointments/stats?month=6&year=2026 304 - - 50.854 ms","timestamp":"2026-07-08 12:46:49"}
{"level":"info","message":"GET /api/appointments/revenue 304 - - 80.776 ms","timestamp":"2026-07-08 12:46:49"}
{"level":"info","message":"GET /api/users 200 - - 134.493 ms","timestamp":"2026-07-08 12:46:49"}
{"level":"info","message":"OPTIONS /api/attendance/2026/7 200 0 - 0.237 ms","timestamp":"2026-07-08 12:46:59"}
{"level":"info","message":"OPTIONS /api/users/all 200 0 - 0.151 ms","timestamp":"2026-07-08 12:46:59"}
{"level":"info","message":"OPTIONS /api/attendance/range?start=2026-06-30T18:30:00.000Z&end=2026-07-31T18:29:59.999Z 200 0 - 0.108 ms","timestamp":"2026-07-08 12:46:59"}
{"level":"info","message":"OPTIONS /api/appointments/stats?month=7&year=2026 200 0 - 0.077 ms","timestamp":"2026-07-08 12:46:59"}
{"level":"info","message":"OPTIONS /api/appointments/stats?month=6&year=2026 200 0 - 0.044 ms","timestamp":"2026-07-08 12:46:59"}
{"level":"info","message":"OPTIONS /api/appointments/revenue 200 0 - 0.050 ms","timestamp":"2026-07-08 12:46:59"}
{"level":"info","message":"OPTIONS /api/users 200 0 - 0.058 ms","timestamp":"2026-07-08 12:46:59"}
{"level":"info","message":"GET /api/attendance/2026/7 304 - - 124.401 ms","timestamp":"2026-07-08 12:46:59"}
{"level":"info","message":"GET /api/attendance/range?start=2026-06-30T18:30:00.000Z&end=2026-07-31T18:29:59.999Z 304 - - 118.620 ms","timestamp":"2026-07-08 12:46:59"}
{"level":"info","message":"GET /api/appointments/stats?month=7&year=2026 304 - - 55.448 ms","timestamp":"2026-07-08 12:46:59"}
{"level":"info","message":"GET /api/appointments/stats?month=6&year=2026 304 - - 54.773 ms","timestamp":"2026-07-08 12:46:59"}
{"level":"info","message":"GET /api/users/all 200 - - 116.646 ms","timestamp":"2026-07-08 12:46:59"}
{"level":"info","message":"GET /api/appointments/revenue 304 - - 94.961 ms","timestamp":"2026-07-08 12:46:59"}
{"level":"info","message":"GET /api/users 304 - - 150.980 ms","timestamp":"2026-07-08 12:46:59"}
{"level":"info","message":"OPTIONS /api/appointments/stats?month=7&year=2026 200 0 - 0.091 ms","timestamp":"2026-07-08 12:47:09"}
{"level":"info","message":"OPTIONS /api/appointments/stats?month=6&year=2026 200 0 - 0.070 ms","timestamp":"2026-07-08 12:47:09"}
{"level":"info","message":"OPTIONS /api/appointments/revenue 200 0 - 0.033 ms","timestamp":"2026-07-08 12:47:09"}
{"level":"info","message":"OPTIONS /api/users 200 0 - 0.037 ms","timestamp":"2026-07-08 12:47:09"}
{"level":"info","message":"GET /api/appointments/stats?month=6&year=2026 304 - - 51.150 ms","timestamp":"2026-07-08 12:47:09"}
{"level":"info","message":"GET /api/appointments/stats?month=7&year=2026 304 - - 53.401 ms","timestamp":"2026-07-08 12:47:09"}
{"level":"info","message":"GET /api/appointments/revenue 304 - - 82.484 ms","timestamp":"2026-07-08 12:47:09"}
{"level":"info","message":"GET /api/users 304 - - 139.121 ms","timestamp":"2026-07-08 12:47:09"}
{"level":"info","message":"OPTIONS /api/appointments/stats?month=7&year=2026 200 0 - 0.047 ms","timestamp":"2026-07-08 12:47:19"}
{"level":"info","message":"OPTIONS /api/appointments/stats?month=6&year=2026 200 0 - 0.037 ms","timestamp":"2026-07-08 12:47:19"}
{"level":"info","message":"OPTIONS /api/appointments/revenue 200 0 - 0.032 ms","timestamp":"2026-07-08 12:47:19"}
{"level":"info","message":"OPTIONS /api/users 200 0 - 0.034 ms","timestamp":"2026-07-08 12:47:19"}
{"level":"info","message":"GET /api/appointments/stats?month=7&year=2026 304 - - 51.311 ms","timestamp":"2026-07-08 12:47:19"}
{"level":"info","message":"GET /api/appointments/stats?month=6&year=2026 304 - - 50.610 ms","timestamp":"2026-07-08 12:47:19"}
{"level":"info","message":"GET /api/appointments/revenue 304 - - 82.102 ms","timestamp":"2026-07-08 12:47:19"}
{"level":"info","message":"GET /api/users 200 - - 135.591 ms","timestamp":"2026-07-08 12:47:19"}
{"level":"info","message":"OPTIONS /api/attendance/2026/7 200 0 - 0.430 ms","timestamp":"2026-07-08 12:47:29"}
{"level":"info","message":"OPTIONS /api/users/all 200 0 - 0.080 ms","timestamp":"2026-07-08 12:47:29"}
{"level":"info","message":"OPTIONS /api/attendance/range?start=2026-06-30T18:30:00.000Z&end=2026-07-31T18:29:59.999Z 200 0 - 0.076 ms","timestamp":"2026-07-08 12:47:29"}
{"level":"info","message":"OPTIONS /api/appointments/stats?month=7&year=2026 200 0 - 0.071 ms","timestamp":"2026-07-08 12:47:29"}
{"level":"info","message":"OPTIONS /api/appointments/stats?month=6&year=2026 200 0 - 0.043 ms","timestamp":"2026-07-08 12:47:29"}
{"level":"info","message":"OPTIONS /api/appointments/revenue 200 0 - 0.062 ms","timestamp":"2026-07-08 12:47:29"}
{"level":"info","message":"OPTIONS /api/users 200 0 - 0.043 ms","timestamp":"2026-07-08 12:47:29"}
{"level":"info","message":"GET /api/appointments/stats?month=7&year=2026 304 - - 74.541 ms","timestamp":"2026-07-08 12:47:29"}
{"level":"info","message":"GET /api/attendance/range?start=2026-06-30T18:30:00.000Z&end=2026-07-31T18:29:59.999Z 304 - - 130.363 ms","timestamp":"2026-07-08 12:47:29"}
{"level":"info","message":"GET /api/attendance/2026/7 304 - - 140.108 ms","timestamp":"2026-07-08 12:47:29"}
{"level":"info","message":"GET /api/appointments/stats?month=6&year=2026 304 - - 82.294 ms","timestamp":"2026-07-08 12:47:29"}
{"level":"info","message":"GET /api/users/all 200 - - 129.850 ms","timestamp":"2026-07-08 12:47:29"}
{"level":"info","message":"GET /api/appointments/revenue 304 - - 104.944 ms","timestamp":"2026-07-08 12:47:29"}
{"level":"info","message":"GET /api/users 200 - - 116.018 ms","timestamp":"2026-07-08 12:47:29"}
{"level":"info","message":"OPTIONS /api/appointments/stats?month=7&year=2026 200 0 - 0.067 ms","timestamp":"2026-07-08 12:47:39"}
{"level":"info","message":"OPTIONS /api/appointments/stats?month=6&year=2026 200 0 - 0.039 ms","timestamp":"2026-07-08 12:47:39"}
{"level":"info","message":"OPTIONS /api/appointments/revenue 200 0 - 0.023 ms","timestamp":"2026-07-08 12:47:39"}
{"level":"info","message":"OPTIONS /api/users 200 0 - 0.045 ms","timestamp":"2026-07-08 12:47:39"}
{"level":"info","message":"GET /api/appointments/stats?month=7&year=2026 304 - - 50.909 ms","timestamp":"2026-07-08 12:47:39"}
{"level":"info","message":"GET /api/appointments/stats?month=6&year=2026 304 - - 51.341 ms","timestamp":"2026-07-08 12:47:39"}
{"level":"info","message":"GET /api/appointments/revenue 304 - - 80.717 ms","timestamp":"2026-07-08 12:47:39"}
{"level":"info","message":"GET /api/users 304 - - 133.746 ms","timestamp":"2026-07-08 12:47:39"}
{"level":"info","message":"OPTIONS /api/appointments/stats?month=7&year=2026 200 0 - 0.049 ms","timestamp":"2026-07-08 12:47:49"}
{"level":"info","message":"OPTIONS /api/appointments/stats?month=6&year=2026 200 0 - 0.041 ms","timestamp":"2026-07-08 12:47:49"}
{"level":"info","message":"OPTIONS /api/appointments/revenue 200 0 - 0.026 ms","timestamp":"2026-07-08 12:47:49"}
{"level":"info","message":"OPTIONS /api/users 200 0 - 0.034 ms","timestamp":"2026-07-08 12:47:49"}
{"level":"info","message":"GET /api/appointments/stats?month=7&year=2026 304 - - 51.380 ms","timestamp":"2026-07-08 12:47:49"}
{"level":"info","message":"GET /api/appointments/stats?month=6&year=2026 304 - - 51.537 ms","timestamp":"2026-07-08 12:47:49"}
{"level":"info","message":"GET /api/appointments/revenue 304 - - 80.822 ms","timestamp":"2026-07-08 12:47:49"}
{"level":"info","message":"GET /api/users 200 - - 148.735 ms","timestamp":"2026-07-08 12:47:49"}
{"level":"info","message":"OPTIONS /api/attendance/2026/7 200 0 - 0.222 ms","timestamp":"2026-07-08 12:47:59"}
{"level":"info","message":"OPTIONS /api/users/all 200 0 - 0.186 ms","timestamp":"2026-07-08 12:47:59"}
{"level":"info","message":"OPTIONS /api/attendance/range?start=2026-06-30T18:30:00.000Z&end=2026-07-31T18:29:59.999Z 200 0 - 0.282 ms","timestamp":"2026-07-08 12:47:59"}
{"level":"info","message":"OPTIONS /api/appointments/stats?month=7&year=2026 200 0 - 0.045 ms","timestamp":"2026-07-08 12:47:59"}
{"level":"info","message":"OPTIONS /api/appointments/stats?month=6&year=2026 200 0 - 0.026 ms","timestamp":"2026-07-08 12:47:59"}
{"level":"info","message":"OPTIONS /api/appointments/revenue 200 0 - 0.034 ms","timestamp":"2026-07-08 12:47:59"}
{"level":"info","message":"OPTIONS /api/users 200 0 - 0.026 ms","timestamp":"2026-07-08 12:47:59"}
{"level":"info","message":"GET /api/attendance/2026/7 304 - - 142.083 ms","timestamp":"2026-07-08 12:47:59"}
{"level":"info","message":"GET /api/attendance/range?start=2026-06-30T18:30:00.000Z&end=2026-07-31T18:29:59.999Z 304 - - 134.572 ms","timestamp":"2026-07-08 12:47:59"}
{"level":"info","message":"GET /api/appointments/stats?month=7&year=2026 304 - - 71.693 ms","timestamp":"2026-07-08 12:47:59"}
{"level":"info","message":"GET /api/appointments/stats?month=6&year=2026 304 - - 71.718 ms","timestamp":"2026-07-08 12:47:59"}
{"level":"info","message":"GET /api/users/all 200 - - 131.813 ms","timestamp":"2026-07-08 12:47:59"}
{"level":"info","message":"GET /api/appointments/revenue 304 - - 104.766 ms","timestamp":"2026-07-08 12:47:59"}
{"level":"info","message":"GET /api/users 304 - - 147.928 ms","timestamp":"2026-07-08 12:47:59"}
{"level":"info","message":"OPTIONS /api/appointments/stats?month=7&year=2026 200 0 - 0.060 ms","timestamp":"2026-07-08 12:48:09"}
{"level":"info","message":"OPTIONS /api/appointments/stats?month=6&year=2026 200 0 - 0.038 ms","timestamp":"2026-07-08 12:48:09"}
{"level":"info","message":"OPTIONS /api/appointments/revenue 200 0 - 0.022 ms","timestamp":"2026-07-08 12:48:09"}
{"level":"info","message":"OPTIONS /api/users 200 0 - 0.035 ms","timestamp":"2026-07-08 12:48:09"}
{"level":"info","message":"GET /api/appointments/stats?month=7&year=2026 304 - - 51.852 ms","timestamp":"2026-07-08 12:48:09"}
{"level":"info","message":"GET /api/appointments/stats?month=6&year=2026 304 - - 51.313 ms","timestamp":"2026-07-08 12:48:09"}
{"level":"info","message":"GET /api/appointments/revenue 304 - - 85.266 ms","timestamp":"2026-07-08 12:48:09"}
{"level":"info","message":"GET /api/users 200 - - 133.216 ms","timestamp":"2026-07-08 12:48:09"}
{"level":"info","message":"OPTIONS /api/appointments/stats?month=7&year=2026 200 0 - 0.052 ms","timestamp":"2026-07-08 12:48:19"}
{"level":"info","message":"OPTIONS /api/appointments/stats?month=6&year=2026 200 0 - 0.047 ms","timestamp":"2026-07-08 12:48:19"}
{"level":"info","message":"OPTIONS /api/appointments/revenue 200 0 - 0.030 ms","timestamp":"2026-07-08 12:48:19"}
{"level":"info","message":"OPTIONS /api/users 200 0 - 0.039 ms","timestamp":"2026-07-08 12:48:19"}
{"level":"info","message":"GET /api/appointments/stats?month=7&year=2026 304 - - 50.404 ms","timestamp":"2026-07-08 12:48:19"}
{"level":"info","message":"GET /api/appointments/stats?month=6&year=2026 304 - - 50.425 ms","timestamp":"2026-07-08 12:48:19"}
{"level":"info","message":"GET /api/appointments/revenue 304 - - 80.181 ms","timestamp":"2026-07-08 12:48:19"}
{"level":"info","message":"GET /api/users 200 - - 140.830 ms","timestamp":"2026-07-08 12:48:19"}
{"level":"info","message":"OPTIONS /api/attendance/2026/7 200 0 - 0.217 ms","timestamp":"2026-07-08 12:48:29"}
{"level":"info","message":"OPTIONS /api/users/all 200 0 - 0.130 ms","timestamp":"2026-07-08 12:48:29"}
{"level":"info","message":"OPTIONS /api/attendance/range?start=2026-06-30T18:30:00.000Z&end=2026-07-31T18:29:59.999Z 200 0 - 0.117 ms","timestamp":"2026-07-08 12:48:29"}
{"level":"info","message":"OPTIONS /api/appointments/stats?month=7&year=2026 200 0 - 0.044 ms","timestamp":"2026-07-08 12:48:29"}
{"level":"info","message":"OPTIONS /api/appointments/stats?month=6&year=2026 200 0 - 0.026 ms","timestamp":"2026-07-08 12:48:29"}
{"level":"info","message":"OPTIONS /api/appointments/revenue 200 0 - 0.041 ms","timestamp":"2026-07-08 12:48:29"}
{"level":"info","message":"OPTIONS /api/users 200 0 - 0.068 ms","timestamp":"2026-07-08 12:48:29"}
{"level":"info","message":"GET /api/attendance/range?start=2026-06-30T18:30:00.000Z&end=2026-07-31T18:29:59.999Z 304 - - 112.006 ms","timestamp":"2026-07-08 12:48:29"}
{"level":"info","message":"GET /api/attendance/2026/7 304 - - 123.720 ms","timestamp":"2026-07-08 12:48:29"}
{"level":"info","message":"GET /api/appointments/stats?month=7&year=2026 304 - - 54.205 ms","timestamp":"2026-07-08 12:48:29"}
{"level":"info","message":"GET /api/appointments/stats?month=6&year=2026 304 - - 53.767 ms","timestamp":"2026-07-08 12:48:29"}
{"level":"info","message":"GET /api/users/all 200 - - 113.699 ms","timestamp":"2026-07-08 12:48:29"}
{"level":"info","message":"GET /api/appointments/revenue 304 - - 83.770 ms","timestamp":"2026-07-08 12:48:29"}
{"level":"info","message":"GET /api/users 200 - - 115.235 ms","timestamp":"2026-07-08 12:48:29"}
{"level":"info","message":"OPTIONS /api/appointments/stats?month=7&year=2026 200 0 - 0.102 ms","timestamp":"2026-07-08 12:48:39"}
{"level":"info","message":"OPTIONS /api/appointments/stats?month=6&year=2026 200 0 - 0.053 ms","timestamp":"2026-07-08 12:48:39"}
{"level":"info","message":"OPTIONS /api/appointments/revenue 200 0 - 0.024 ms","timestamp":"2026-07-08 12:48:39"}
{"level":"info","message":"OPTIONS /api/users 200 0 - 0.045 ms","timestamp":"2026-07-08 12:48:39"}
{"level":"info","message":"GET /api/appointments/stats?month=7&year=2026 304 - - 52.507 ms","timestamp":"2026-07-08 12:48:39"}
{"level":"info","message":"GET /api/appointments/stats?month=6&year=2026 304 - - 51.446 ms","timestamp":"2026-07-08 12:48:39"}
{"level":"info","message":"GET /api/appointments/revenue 304 - - 81.210 ms","timestamp":"2026-07-08 12:48:39"}
{"level":"info","message":"GET /api/users 304 - - 134.085 ms","timestamp":"2026-07-08 12:48:39"}
{"level":"info","message":"OPTIONS /api/appointments/stats?month=7&year=2026 200 0 - 0.051 ms","timestamp":"2026-07-08 12:48:50"}
{"level":"info","message":"OPTIONS /api/appointments/stats?month=6&year=2026 200 0 - 0.042 ms","timestamp":"2026-07-08 12:48:50"}
{"level":"info","message":"OPTIONS /api/appointments/revenue 200 0 - 0.055 ms","timestamp":"2026-07-08 12:48:50"}
{"level":"info","message":"OPTIONS /api/users 200 0 - 0.035 ms","timestamp":"2026-07-08 12:48:50"}
{"level":"info","message":"GET /api/appointments/stats?month=7&year=2026 304 - - 50.824 ms","timestamp":"2026-07-08 12:48:50"}
{"level":"info","message":"GET /api/appointments/stats?month=6&year=2026 304 - - 50.544 ms","timestamp":"2026-07-08 12:48:50"}
{"level":"info","message":"GET /api/appointments/revenue 304 - - 81.623 ms","timestamp":"2026-07-08 12:48:50"}
{"level":"info","message":"GET /api/users 200 - - 143.005 ms","timestamp":"2026-07-08 12:48:50"}
{"level":"info","message":"OPTIONS /api/attendance/2026/7 200 0 - 0.157 ms","timestamp":"2026-07-08 12:49:00"}
{"level":"info","message":"OPTIONS /api/users/all 200 0 - 0.145 ms","timestamp":"2026-07-08 12:49:00"}
{"level":"info","message":"OPTIONS /api/attendance/range?start=2026-06-30T18:30:00.000Z&end=2026-07-31T18:29:59.999Z 200 0 - 0.132 ms","timestamp":"2026-07-08 12:49:00"}
{"level":"info","message":"OPTIONS /api/appointments/stats?month=7&year=2026 200 0 - 0.045 ms","timestamp":"2026-07-08 12:49:00"}
{"level":"info","message":"OPTIONS /api/appointments/stats?month=6&year=2026 200 0 - 0.064 ms","timestamp":"2026-07-08 12:49:00"}
{"level":"info","message":"OPTIONS /api/appointments/revenue 200 0 - 0.041 ms","timestamp":"2026-07-08 12:49:00"}
{"level":"info","message":"OPTIONS /api/users 200 0 - 0.044 ms","timestamp":"2026-07-08 12:49:00"}
{"level":"info","message":"GET /api/attendance/2026/7 304 - - 120.483 ms","timestamp":"2026-07-08 12:49:00"}
{"level":"info","message":"GET /api/attendance/range?start=2026-06-30T18:30:00.000Z&end=2026-07-31T18:29:59.999Z 304 - - 120.066 ms","timestamp":"2026-07-08 12:49:00"}
{"level":"info","message":"GET /api/appointments/stats?month=7&year=2026 304 - - 59.308 ms","timestamp":"2026-07-08 12:49:00"}
{"level":"info","message":"GET /api/appointments/stats?month=6&year=2026 304 - - 61.017 ms","timestamp":"2026-07-08 12:49:00"}
{"level":"info","message":"GET /api/users/all 200 - - 115.392 ms","timestamp":"2026-07-08 12:49:00"}
{"level":"info","message":"GET /api/appointments/revenue 304 - - 88.962 ms","timestamp":"2026-07-08 12:49:00"}
{"level":"info","message":"GET /api/users 304 - - 139.943 ms","timestamp":"2026-07-08 12:49:00"}
{"level":"info","message":"OPTIONS /api/appointments/stats?month=7&year=2026 200 0 - 0.091 ms","timestamp":"2026-07-08 12:49:10"}
{"level":"info","message":"OPTIONS /api/appointments/stats?month=6&year=2026 200 0 - 0.049 ms","timestamp":"2026-07-08 12:49:10"}
{"level":"info","message":"OPTIONS /api/appointments/revenue 200 0 - 0.026 ms","timestamp":"2026-07-08 12:49:10"}
{"level":"info","message":"OPTIONS /api/users 200 0 - 0.042 ms","timestamp":"2026-07-08 12:49:10"}
{"level":"info","message":"GET /api/appointments/stats?month=6&year=2026 304 - - 51.550 ms","timestamp":"2026-07-08 12:49:10"}
{"level":"info","message":"GET /api/appointments/stats?month=7&year=2026 304 - - 57.414 ms","timestamp":"2026-07-08 12:49:10"}
{"level":"info","message":"GET /api/appointments/revenue 304 - - 84.033 ms","timestamp":"2026-07-08 12:49:10"}
{"level":"info","message":"GET /api/users 200 - - 139.384 ms","timestamp":"2026-07-08 12:49:10"}
{"level":"info","message":"OPTIONS /api/appointments/stats?month=7&year=2026 200 0 - 0.077 ms","timestamp":"2026-07-08 12:49:20"}
{"level":"info","message":"OPTIONS /api/appointments/stats?month=6&year=2026 200 0 - 0.076 ms","timestamp":"2026-07-08 12:49:20"}
{"level":"info","message":"OPTIONS /api/appointments/revenue 200 0 - 0.039 ms","timestamp":"2026-07-08 12:49:20"}
{"level":"info","message":"OPTIONS /api/users 200 0 - 0.057 ms","timestamp":"2026-07-08 12:49:20"}
{"level":"info","message":"GET /api/appointments/stats?month=7&year=2026 304 - - 53.580 ms","timestamp":"2026-07-08 12:49:20"}
{"level":"info","message":"GET /api/appointments/stats?month=6&year=2026 304 - - 52.854 ms","timestamp":"2026-07-08 12:49:20"}
{"level":"info","message":"GET /api/appointments/revenue 304 - - 89.871 ms","timestamp":"2026-07-08 12:49:20"}
{"level":"info","message":"GET /api/users 200 - - 152.103 ms","timestamp":"2026-07-08 12:49:20"}
{"level":"info","message":"OPTIONS /api/attendance/2026/7 200 0 - 0.239 ms","timestamp":"2026-07-08 12:49:30"}
{"level":"info","message":"OPTIONS /api/users/all 200 0 - 0.155 ms","timestamp":"2026-07-08 12:49:30"}
{"level":"info","message":"OPTIONS /api/attendance/range?start=2026-06-30T18:30:00.000Z&end=2026-07-31T18:29:59.999Z 200 0 - 0.182 ms","timestamp":"2026-07-08 12:49:30"}
{"level":"info","message":"OPTIONS /api/appointments/stats?month=7&year=2026 200 0 - 0.062 ms","timestamp":"2026-07-08 12:49:30"}
{"level":"info","message":"OPTIONS /api/appointments/stats?month=6&year=2026 200 0 - 0.053 ms","timestamp":"2026-07-08 12:49:30"}
{"level":"info","message":"OPTIONS /api/appointments/revenue 200 0 - 0.050 ms","timestamp":"2026-07-08 12:49:30"}
{"level":"info","message":"OPTIONS /api/users 200 0 - 0.056 ms","timestamp":"2026-07-08 12:49:30"}
{"level":"info","message":"GET /api/attendance/2026/7 304 - - 119.763 ms","timestamp":"2026-07-08 12:49:30"}
{"level":"info","message":"GET /api/attendance/range?start=2026-06-30T18:30:00.000Z&end=2026-07-31T18:29:59.999Z 304 - - 114.748 ms","timestamp":"2026-07-08 12:49:30"}
{"level":"info","message":"GET /api/users/all 200 - - 113.983 ms","timestamp":"2026-07-08 12:49:30"}
{"level":"info","message":"GET /api/appointments/stats?month=7&year=2026 304 - - 51.291 ms","timestamp":"2026-07-08 12:49:30"}
{"level":"info","message":"GET /api/appointments/stats?month=6&year=2026 304 - - 51.969 ms","timestamp":"2026-07-08 12:49:30"}
{"level":"info","message":"GET /api/appointments/revenue 304 - - 83.369 ms","timestamp":"2026-07-08 12:49:30"}
{"level":"info","message":"GET /api/users 200 - - 113.360 ms","timestamp":"2026-07-08 12:49:30"}
{"level":"info","message":"OPTIONS /api/appointments/stats?month=7&year=2026 200 0 - 0.065 ms","timestamp":"2026-07-08 12:49:40"}
{"level":"info","message":"OPTIONS /api/appointments/stats?month=6&year=2026 200 0 - 0.036 ms","timestamp":"2026-07-08 12:49:40"}
{"level":"info","message":"OPTIONS /api/appointments/revenue 200 0 - 0.023 ms","timestamp":"2026-07-08 12:49:40"}
{"level":"info","message":"OPTIONS /api/users 200 0 - 0.052 ms","timestamp":"2026-07-08 12:49:40"}
{"level":"info","message":"GET /api/appointments/stats?month=7&year=2026 304 - - 52.526 ms","timestamp":"2026-07-08 12:49:40"}
{"level":"info","message":"GET /api/appointments/stats?month=6&year=2026 304 - - 52.706 ms","timestamp":"2026-07-08 12:49:40"}
{"level":"info","message":"GET /api/appointments/revenue 304 - - 82.021 ms","timestamp":"2026-07-08 12:49:40"}
{"level":"info","message":"GET /api/users 304 - - 134.277 ms","timestamp":"2026-07-08 12:49:40"}
{"level":"info","message":"OPTIONS /api/appointments/stats?month=7&year=2026 200 0 - 0.089 ms","timestamp":"2026-07-08 12:50:41"}
{"level":"info","message":"OPTIONS /api/appointments/stats?month=6&year=2026 200 0 - 0.056 ms","timestamp":"2026-07-08 12:50:41"}
{"level":"info","message":"OPTIONS /api/appointments/revenue 200 0 - 0.038 ms","timestamp":"2026-07-08 12:50:41"}
{"level":"info","message":"OPTIONS /api/users 200 0 - 0.041 ms","timestamp":"2026-07-08 12:50:41"}
{"level":"info","message":"OPTIONS /api/attendance/2026/7 200 0 - 0.037 ms","timestamp":"2026-07-08 12:50:41"}
{"level":"info","message":"OPTIONS /api/users/all 200 0 - 0.052 ms","timestamp":"2026-07-08 12:50:41"}
{"level":"info","message":"OPTIONS /api/attendance/range?start=2026-06-30T18:30:00.000Z&end=2026-07-31T18:29:59.999Z 200 0 - 0.077 ms","timestamp":"2026-07-08 12:50:41"}
{"level":"info","message":"GET /api/appointments/stats?month=7&year=2026 304 - - 50.836 ms","timestamp":"2026-07-08 12:50:41"}
{"level":"info","message":"GET /api/appointments/stats?month=6&year=2026 304 - - 52.236 ms","timestamp":"2026-07-08 12:50:41"}
{"level":"info","message":"GET /api/appointments/revenue 304 - - 81.734 ms","timestamp":"2026-07-08 12:50:41"}
{"level":"info","message":"GET /api/attendance/2026/7 304 - - 116.688 ms","timestamp":"2026-07-08 12:50:41"}
{"level":"info","message":"GET /api/users/all 200 - - 112.980 ms","timestamp":"2026-07-08 12:50:41"}
{"level":"info","message":"GET /api/users 200 - - 140.370 ms","timestamp":"2026-07-08 12:50:41"}
{"level":"info","message":"GET /api/attendance/range?start=2026-06-30T18:30:00.000Z&end=2026-07-31T18:29:59.999Z 304 - - 116.296 ms","timestamp":"2026-07-08 12:50:41"}
{"level":"info","message":"OPTIONS /api/appointments/stats?month=7&year=2026 200 0 - 0.072 ms","timestamp":"2026-07-08 12:51:42"}
{"level":"info","message":"OPTIONS /api/appointments/stats?month=6&year=2026 200 0 - 0.056 ms","timestamp":"2026-07-08 12:51:42"}
{"level":"info","message":"OPTIONS /api/appointments/revenue 200 0 - 0.036 ms","timestamp":"2026-07-08 12:51:42"}
{"level":"info","message":"OPTIONS /api/users 200 0 - 0.032 ms","timestamp":"2026-07-08 12:51:42"}
{"level":"info","message":"OPTIONS /api/attendance/2026/7 200 0 - 0.039 ms","timestamp":"2026-07-08 12:51:42"}
{"level":"info","message":"OPTIONS /api/users/all 200 0 - 0.031 ms","timestamp":"2026-07-08 12:51:42"}
{"level":"info","message":"OPTIONS /api/attendance/range?start=2026-06-30T18:30:00.000Z&end=2026-07-31T18:29:59.999Z 200 0 - 0.042 ms","timestamp":"2026-07-08 12:51:42"}
{"level":"info","message":"GET /api/appointments/stats?month=7&year=2026 304 - - 51.247 ms","timestamp":"2026-07-08 12:51:42"}
{"level":"info","message":"GET /api/appointments/stats?month=6&year=2026 304 - - 52.402 ms","timestamp":"2026-07-08 12:51:42"}
{"level":"info","message":"GET /api/appointments/revenue 304 - - 84.245 ms","timestamp":"2026-07-08 12:51:42"}
{"level":"info","message":"GET /api/attendance/2026/7 304 - - 118.073 ms","timestamp":"2026-07-08 12:51:42"}
{"level":"info","message":"GET /api/users/all 200 - - 114.685 ms","timestamp":"2026-07-08 12:51:42"}
{"level":"info","message":"GET /api/users 200 - - 139.306 ms","timestamp":"2026-07-08 12:51:42"}
{"level":"info","message":"GET /api/attendance/range?start=2026-06-30T18:30:00.000Z&end=2026-07-31T18:29:59.999Z 304 - - 125.500 ms","timestamp":"2026-07-08 12:51:42"}
{"level":"info","message":"OPTIONS /api/appointments/stats?month=7&year=2026 200 0 - 0.181 ms","timestamp":"2026-07-08 12:52:42"}
{"level":"info","message":"OPTIONS /api/appointments/stats?month=6&year=2026 200 0 - 0.046 ms","timestamp":"2026-07-08 12:52:42"}
{"level":"info","message":"OPTIONS /api/appointments/revenue 200 0 - 0.031 ms","timestamp":"2026-07-08 12:52:42"}
{"level":"info","message":"OPTIONS /api/users 200 0 - 0.042 ms","timestamp":"2026-07-08 12:52:42"}
{"level":"info","message":"OPTIONS /api/attendance/2026/7 200 0 - 0.034 ms","timestamp":"2026-07-08 12:52:42"}
{"level":"info","message":"OPTIONS /api/users/all 200 0 - 0.044 ms","timestamp":"2026-07-08 12:52:42"}
{"level":"info","message":"OPTIONS /api/attendance/range?start=2026-06-30T18:30:00.000Z&end=2026-07-31T18:29:59.999Z 200 0 - 0.038 ms","timestamp":"2026-07-08 12:52:42"}
{"level":"info","message":"GET /api/appointments/stats?month=7&year=2026 304 - - 57.460 ms","timestamp":"2026-07-08 12:52:42"}
{"level":"info","message":"GET /api/appointments/stats?month=6&year=2026 304 - - 61.025 ms","timestamp":"2026-07-08 12:52:42"}
{"level":"info","message":"GET /api/appointments/revenue 304 - - 88.400 ms","timestamp":"2026-07-08 12:52:42"}
{"level":"info","message":"GET /api/attendance/2026/7 304 - - 122.344 ms","timestamp":"2026-07-08 12:52:42"}
{"level":"info","message":"GET /api/users/all 200 - - 119.606 ms","timestamp":"2026-07-08 12:52:42"}
{"level":"info","message":"GET /api/users 200 - - 141.496 ms","timestamp":"2026-07-08 12:52:42"}
{"level":"info","message":"GET /api/attendance/range?start=2026-06-30T18:30:00.000Z&end=2026-07-31T18:29:59.999Z 304 - - 117.851 ms","timestamp":"2026-07-08 12:52:42"}
{"level":"info","message":"OPTIONS /api/appointments/stats?month=7&year=2026 200 0 - 0.148 ms","timestamp":"2026-07-08 12:52:54"}
{"level":"info","message":"OPTIONS /api/appointments/stats?month=6&year=2026 200 0 - 0.048 ms","timestamp":"2026-07-08 12:52:54"}
{"level":"info","message":"OPTIONS /api/appointments/revenue 200 0 - 0.102 ms","timestamp":"2026-07-08 12:52:54"}
{"level":"info","message":"OPTIONS /api/users 200 0 - 0.047 ms","timestamp":"2026-07-08 12:52:54"}
{"level":"info","message":"GET /api/appointments/stats?month=7&year=2026 304 - - 54.227 ms","timestamp":"2026-07-08 12:52:54"}
{"level":"info","message":"GET /api/appointments/stats?month=6&year=2026 304 - - 53.561 ms","timestamp":"2026-07-08 12:52:54"}
{"level":"info","message":"GET /api/appointments/revenue 304 - - 83.227 ms","timestamp":"2026-07-08 12:52:54"}
{"level":"info","message":"GET /api/users 200 - - 138.072 ms","timestamp":"2026-07-08 12:52:55"}
{"level":"info","message":"OPTIONS /api/attendance/2026/7 200 0 - 0.084 ms","timestamp":"2026-07-08 12:53:00"}
{"level":"info","message":"OPTIONS /api/users/all 200 0 - 0.049 ms","timestamp":"2026-07-08 12:53:00"}
{"level":"info","message":"OPTIONS /api/attendance/range?start=2026-06-30T18:30:00.000Z&end=2026-07-31T18:29:59.999Z 200 0 - 0.052 ms","timestamp":"2026-07-08 12:53:00"}
{"level":"info","message":"OPTIONS /api/appointments/stats?month=7&year=2026 200 0 - 0.070 ms","timestamp":"2026-07-08 12:53:00"}
{"level":"info","message":"OPTIONS /api/appointments/stats?month=6&year=2026 200 0 - 0.048 ms","timestamp":"2026-07-08 12:53:00"}
{"level":"info","message":"OPTIONS /api/appointments/revenue 200 0 - 0.043 ms","timestamp":"2026-07-08 12:53:00"}
{"level":"info","message":"OPTIONS /api/users 200 0 - 0.035 ms","timestamp":"2026-07-08 12:53:00"}
{"level":"info","message":"GET /api/appointments/stats?month=7&year=2026 304 - - 51.701 ms","timestamp":"2026-07-08 12:53:00"}
{"level":"info","message":"GET /api/appointments/stats?month=6&year=2026 304 - - 53.732 ms","timestamp":"2026-07-08 12:53:00"}
{"level":"info","message":"GET /api/attendance/2026/7 304 - - 115.590 ms","timestamp":"2026-07-08 12:53:00"}
{"level":"info","message":"GET /api/attendance/range?start=2026-06-30T18:30:00.000Z&end=2026-07-31T18:29:59.999Z 304 - - 116.697 ms","timestamp":"2026-07-08 12:53:00"}
{"level":"info","message":"GET /api/users/all 200 - - 112.022 ms","timestamp":"2026-07-08 12:53:00"}
{"level":"info","message":"GET /api/appointments/revenue 304 - - 79.806 ms","timestamp":"2026-07-08 12:53:00"}
{"level":"info","message":"GET /api/users 304 - - 133.405 ms","timestamp":"2026-07-08 12:53:00"}
{"level":"info","message":"OPTIONS /api/appointments/stats?month=7&year=2026 200 0 - 0.050 ms","timestamp":"2026-07-08 12:53:10"}
{"level":"info","message":"OPTIONS /api/appointments/stats?month=6&year=2026 200 0 - 0.060 ms","timestamp":"2026-07-08 12:53:10"}
{"level":"info","message":"OPTIONS /api/appointments/revenue 200 0 - 0.035 ms","timestamp":"2026-07-08 12:53:10"}
{"level":"info","message":"OPTIONS /api/users 200 0 - 0.047 ms","timestamp":"2026-07-08 12:53:10"}
{"level":"info","message":"GET /api/appointments/stats?month=7&year=2026 304 - - 50.751 ms","timestamp":"2026-07-08 12:53:10"}
{"level":"info","message":"GET /api/appointments/stats?month=6&year=2026 304 - - 49.764 ms","timestamp":"2026-07-08 12:53:10"}
{"level":"info","message":"GET /api/appointments/revenue 304 - - 81.137 ms","timestamp":"2026-07-08 12:53:10"}
{"level":"info","message":"GET /api/users 200 - - 133.689 ms","timestamp":"2026-07-08 12:53:10"}
{"level":"info","message":"OPTIONS /api/appointments/stats?month=7&year=2026 200 0 - 0.069 ms","timestamp":"2026-07-08 12:53:20"}
{"level":"info","message":"OPTIONS /api/appointments/stats?month=6&year=2026 200 0 - 0.064 ms","timestamp":"2026-07-08 12:53:20"}
{"level":"info","message":"OPTIONS /api/appointments/revenue 200 0 - 0.076 ms","timestamp":"2026-07-08 12:53:20"}
{"level":"info","message":"OPTIONS /api/users 200 0 - 0.059 ms","timestamp":"2026-07-08 12:53:20"}
{"level":"info","message":"GET /api/appointments/stats?month=6&year=2026 304 - - 56.271 ms","timestamp":"2026-07-08 12:53:20"}
{"level":"info","message":"GET /api/appointments/stats?month=7&year=2026 304 - - 59.097 ms","timestamp":"2026-07-08 12:53:20"}
{"level":"info","message":"GET /api/appointments/revenue 304 - - 82.265 ms","timestamp":"2026-07-08 12:53:20"}
{"level":"info","message":"GET /api/users 200 - - 136.889 ms","timestamp":"2026-07-08 12:53:20"}
{"level":"info","message":"OPTIONS /api/attendance/2026/7 200 0 - 0.076 ms","timestamp":"2026-07-08 12:53:30"}
{"level":"info","message":"OPTIONS /api/users/all 200 0 - 0.042 ms","timestamp":"2026-07-08 12:53:30"}
{"level":"info","message":"OPTIONS /api/attendance/range?start=2026-06-30T18:30:00.000Z&end=2026-07-31T18:29:59.999Z 200 0 - 0.033 ms","timestamp":"2026-07-08 12:53:30"}
{"level":"info","message":"OPTIONS /api/appointments/stats?month=7&year=2026 200 0 - 0.046 ms","timestamp":"2026-07-08 12:53:30"}
{"level":"info","message":"OPTIONS /api/appointments/stats?month=6&year=2026 200 0 - 0.022 ms","timestamp":"2026-07-08 12:53:30"}
{"level":"info","message":"OPTIONS /api/appointments/revenue 200 0 - 0.034 ms","timestamp":"2026-07-08 12:53:30"}
{"level":"info","message":"OPTIONS /api/users 200 0 - 0.028 ms","timestamp":"2026-07-08 12:53:30"}
{"level":"info","message":"GET /api/appointments/stats?month=7&year=2026 304 - - 52.505 ms","timestamp":"2026-07-08 12:53:30"}
{"level":"info","message":"GET /api/appointments/stats?month=6&year=2026 304 - - 51.600 ms","timestamp":"2026-07-08 12:53:30"}
{"level":"info","message":"GET /api/attendance/range?start=2026-06-30T18:30:00.000Z&end=2026-07-31T18:29:59.999Z 304 - - 117.630 ms","timestamp":"2026-07-08 12:53:30"}
{"level":"info","message":"GET /api/attendance/2026/7 304 - - 124.122 ms","timestamp":"2026-07-08 12:53:30"}
{"level":"info","message":"GET /api/users/all 200 - - 114.894 ms","timestamp":"2026-07-08 12:53:30"}
{"level":"info","message":"GET /api/appointments/revenue 304 - - 94.672 ms","timestamp":"2026-07-08 12:53:30"}
{"level":"info","message":"GET /api/users 200 - - 137.870 ms","timestamp":"2026-07-08 12:53:30"}
{"level":"info","message":"OPTIONS /api/appointments/stats?month=7&year=2026 200 0 - 0.071 ms","timestamp":"2026-07-08 12:53:40"}
{"level":"info","message":"OPTIONS /api/appointments/stats?month=6&year=2026 200 0 - 0.068 ms","timestamp":"2026-07-08 12:53:40"}
{"level":"info","message":"OPTIONS /api/appointments/revenue 200 0 - 0.054 ms","timestamp":"2026-07-08 12:53:40"}
{"level":"info","message":"OPTIONS /api/users 200 0 - 0.122 ms","timestamp":"2026-07-08 12:53:40"}
{"level":"info","message":"GET /api/appointments/stats?month=7&year=2026 304 - - 57.525 ms","timestamp":"2026-07-08 12:53:40"}
{"level":"info","message":"GET /api/appointments/stats?month=6&year=2026 304 - - 56.198 ms","timestamp":"2026-07-08 12:53:40"}
{"level":"info","message":"GET /api/appointments/revenue 304 - - 98.490 ms","timestamp":"2026-07-08 12:53:40"}
{"level":"info","message":"GET /api/users 304 - - 153.930 ms","timestamp":"2026-07-08 12:53:40"}
{"level":"info","message":"OPTIONS /api/appointments/stats?month=7&year=2026 200 0 - 0.055 ms","timestamp":"2026-07-08 12:53:50"}
{"level":"info","message":"OPTIONS /api/appointments/stats?month=6&year=2026 200 0 - 0.060 ms","timestamp":"2026-07-08 12:53:50"}
{"level":"info","message":"OPTIONS /api/appointments/revenue 200 0 - 0.036 ms","timestamp":"2026-07-08 12:53:50"}
{"level":"info","message":"OPTIONS /api/users 200 0 - 0.035 ms","timestamp":"2026-07-08 12:53:50"}
{"level":"info","message":"GET /api/appointments/stats?month=7&year=2026 304 - - 51.688 ms","timestamp":"2026-07-08 12:53:50"}
{"level":"info","message":"GET /api/appointments/stats?month=6&year=2026 304 - - 50.806 ms","timestamp":"2026-07-08 12:53:50"}
{"level":"info","message":"GET /api/appointments/revenue 304 - - 96.529 ms","timestamp":"2026-07-08 12:53:50"}
{"level":"info","message":"GET /api/users 200 - - 138.516 ms","timestamp":"2026-07-08 12:53:50"}
{"level":"info","message":"OPTIONS /api/attendance/2026/7 200 0 - 0.092 ms","timestamp":"2026-07-08 12:54:00"}
{"level":"info","message":"OPTIONS /api/users/all 200 0 - 0.087 ms","timestamp":"2026-07-08 12:54:00"}
{"level":"info","message":"OPTIONS /api/attendance/range?start=2026-06-30T18:30:00.000Z&end=2026-07-31T18:29:59.999Z 200 0 - 0.059 ms","timestamp":"2026-07-08 12:54:00"}
{"level":"info","message":"OPTIONS /api/appointments/stats?month=7&year=2026 200 0 - 0.048 ms","timestamp":"2026-07-08 12:54:00"}
{"level":"info","message":"OPTIONS /api/appointments/stats?month=6&year=2026 200 0 - 0.024 ms","timestamp":"2026-07-08 12:54:00"}
{"level":"info","message":"OPTIONS /api/appointments/revenue 200 0 - 0.038 ms","timestamp":"2026-07-08 12:54:00"}
{"level":"info","message":"OPTIONS /api/users 200 0 - 0.025 ms","timestamp":"2026-07-08 12:54:00"}
{"level":"info","message":"GET /api/appointments/stats?month=6&year=2026 304 - - 70.103 ms","timestamp":"2026-07-08 12:54:00"}
{"level":"info","message":"GET /api/appointments/stats?month=7&year=2026 304 - - 71.723 ms","timestamp":"2026-07-08 12:54:00"}
{"level":"info","message":"GET /api/attendance/2026/7 304 - - 131.537 ms","timestamp":"2026-07-08 12:54:00"}
{"level":"info","message":"GET /api/users/all 200 - - 143.861 ms","timestamp":"2026-07-08 12:54:00"}
{"level":"info","message":"GET /api/attendance/range?start=2026-06-30T18:30:00.000Z&end=2026-07-31T18:29:59.999Z 304 - - 149.511 ms","timestamp":"2026-07-08 12:54:00"}
{"level":"info","message":"GET /api/appointments/revenue 304 - - 110.195 ms","timestamp":"2026-07-08 12:54:00"}
{"level":"info","message":"GET /api/users 304 - - 174.980 ms","timestamp":"2026-07-08 12:54:00"}
{"level":"info","message":"OPTIONS /api/appointments/stats?month=7&year=2026 200 0 - 0.139 ms","timestamp":"2026-07-08 12:54:10"}
{"level":"info","message":"OPTIONS /api/appointments/stats?month=6&year=2026 200 0 - 0.038 ms","timestamp":"2026-07-08 12:54:10"}
{"level":"info","message":"OPTIONS /api/appointments/revenue 200 0 - 0.023 ms","timestamp":"2026-07-08 12:54:10"}
{"level":"info","message":"OPTIONS /api/users 200 0 - 0.036 ms","timestamp":"2026-07-08 12:54:10"}
{"level":"info","message":"GET /api/appointments/stats?month=7&year=2026 304 - - 51.937 ms","timestamp":"2026-07-08 12:54:10"}
{"level":"info","message":"GET /api/appointments/stats?month=6&year=2026 304 - - 51.119 ms","timestamp":"2026-07-08 12:54:10"}
{"level":"info","message":"GET /api/appointments/revenue 304 - - 81.844 ms","timestamp":"2026-07-08 12:54:10"}
{"level":"info","message":"GET /api/users 200 - - 150.777 ms","timestamp":"2026-07-08 12:54:10"}
{"level":"info","message":"OPTIONS /api/appointments/stats?month=7&year=2026 200 0 - 0.090 ms","timestamp":"2026-07-08 12:54:19"}
{"level":"info","message":"OPTIONS /api/appointments/stats?month=6&year=2026 200 0 - 0.051 ms","timestamp":"2026-07-08 12:54:19"}
{"level":"info","message":"OPTIONS /api/appointments/revenue 200 0 - 0.060 ms","timestamp":"2026-07-08 12:54:19"}
{"level":"info","message":"OPTIONS /api/users 200 0 - 0.048 ms","timestamp":"2026-07-08 12:54:19"}
{"level":"info","message":"GET /api/appointments/stats?month=7&year=2026 304 - - 53.491 ms","timestamp":"2026-07-08 12:54:19"}
{"level":"info","message":"GET /api/appointments/stats?month=6&year=2026 304 - - 53.239 ms","timestamp":"2026-07-08 12:54:19"}
{"level":"info","message":"GET /api/appointments/revenue 304 - - 82.781 ms","timestamp":"2026-07-08 12:54:19"}
{"level":"info","message":"GET /api/users 200 - - 136.496 ms","timestamp":"2026-07-08 12:54:19"}
{"level":"info","message":"OPTIONS /api/attendance/2026/7 200 0 - 0.064 ms","timestamp":"2026-07-08 12:54:30"}
{"level":"info","message":"OPTIONS /api/users/all 200 0 - 0.087 ms","timestamp":"2026-07-08 12:54:30"}
{"level":"info","message":"OPTIONS /api/attendance/range?start=2026-06-30T18:30:00.000Z&end=2026-07-31T18:29:59.999Z 200 0 - 0.086 ms","timestamp":"2026-07-08 12:54:30"}
{"level":"info","message":"OPTIONS /api/appointments/stats?month=7&year=2026 200 0 - 0.081 ms","timestamp":"2026-07-08 12:54:30"}
{"level":"info","message":"OPTIONS /api/appointments/stats?month=6&year=2026 200 0 - 0.049 ms","timestamp":"2026-07-08 12:54:30"}
{"level":"info","message":"OPTIONS /api/appointments/revenue 200 0 - 0.080 ms","timestamp":"2026-07-08 12:54:30"}
{"level":"info","message":"OPTIONS /api/users 200 0 - 0.060 ms","timestamp":"2026-07-08 12:54:30"}
{"level":"info","message":"GET /api/attendance/2026/7 304 - - 117.172 ms","timestamp":"2026-07-08 12:54:30"}
{"level":"info","message":"GET /api/attendance/range?start=2026-06-30T18:30:00.000Z&end=2026-07-31T18:29:59.999Z 304 - - 115.991 ms","timestamp":"2026-07-08 12:54:30"}
{"level":"info","message":"GET /api/users/all 200 - - 113.104 ms","timestamp":"2026-07-08 12:54:30"}
{"level":"info","message":"GET /api/appointments/stats?month=6&year=2026 304 - - 50.732 ms","timestamp":"2026-07-08 12:54:30"}
{"level":"info","message":"GET /api/appointments/stats?month=7&year=2026 304 - - 54.437 ms","timestamp":"2026-07-08 12:54:30"}
{"level":"info","message":"GET /api/appointments/revenue 304 - - 83.108 ms","timestamp":"2026-07-08 12:54:30"}
{"level":"info","message":"GET /api/users 200 - - 118.938 ms","timestamp":"2026-07-08 12:54:30"}
{"level":"info","message":"OPTIONS /api/appointments/stats?month=7&year=2026 200 0 - 0.069 ms","timestamp":"2026-07-08 12:54:40"}
{"level":"info","message":"OPTIONS /api/appointments/stats?month=6&year=2026 200 0 - 0.042 ms","timestamp":"2026-07-08 12:54:40"}
{"level":"info","message":"OPTIONS /api/appointments/revenue 200 0 - 0.029 ms","timestamp":"2026-07-08 12:54:40"}
{"level":"info","message":"OPTIONS /api/users 200 0 - 0.023 ms","timestamp":"2026-07-08 12:54:40"}
{"level":"info","message":"GET /api/appointments/stats?month=7&year=2026 304 - - 50.733 ms","timestamp":"2026-07-08 12:54:40"}
{"level":"info","message":"GET /api/appointments/stats?month=6&year=2026 304 - - 50.950 ms","timestamp":"2026-07-08 12:54:40"}
{"level":"info","message":"GET /api/appointments/revenue 304 - - 84.892 ms","timestamp":"2026-07-08 12:54:40"}
{"level":"info","message":"GET /api/users 304 - - 135.515 ms","timestamp":"2026-07-08 12:54:40"}
{"level":"info","message":"OPTIONS /api/appointments/stats?month=7&year=2026 200 0 - 0.052 ms","timestamp":"2026-07-08 12:54:50"}
{"level":"info","message":"OPTIONS /api/appointments/stats?month=6&year=2026 200 0 - 0.051 ms","timestamp":"2026-07-08 12:54:50"}
{"level":"info","message":"OPTIONS /api/appointments/revenue 200 0 - 0.077 ms","timestamp":"2026-07-08 12:54:50"}
{"level":"info","message":"OPTIONS /api/users 200 0 - 0.046 ms","timestamp":"2026-07-08 12:54:50"}
{"level":"info","message":"GET /api/appointments/stats?month=7&year=2026 304 - - 51.112 ms","timestamp":"2026-07-08 12:54:50"}
{"level":"info","message":"GET /api/appointments/stats?month=6&year=2026 304 - - 51.811 ms","timestamp":"2026-07-08 12:54:50"}
{"level":"info","message":"GET /api/appointments/revenue 304 - - 81.584 ms","timestamp":"2026-07-08 12:54:50"}
{"level":"info","message":"GET /api/users 200 - - 135.573 ms","timestamp":"2026-07-08 12:54:50"}
{"level":"info","message":"OPTIONS /api/attendance/2026/7 200 0 - 0.276 ms","timestamp":"2026-07-08 12:55:00"}
{"level":"info","message":"OPTIONS /api/users/all 200 0 - 0.226 ms","timestamp":"2026-07-08 12:55:00"}
{"level":"info","message":"OPTIONS /api/attendance/range?start=2026-06-30T18:30:00.000Z&end=2026-07-31T18:29:59.999Z 200 0 - 0.198 ms","timestamp":"2026-07-08 12:55:00"}
{"level":"info","message":"OPTIONS /api/appointments/stats?month=7&year=2026 200 0 - 0.046 ms","timestamp":"2026-07-08 12:55:00"}
{"level":"info","message":"OPTIONS /api/appointments/stats?month=6&year=2026 200 0 - 0.046 ms","timestamp":"2026-07-08 12:55:00"}
{"level":"info","message":"OPTIONS /api/appointments/revenue 200 0 - 0.033 ms","timestamp":"2026-07-08 12:55:00"}
{"level":"info","message":"OPTIONS /api/users 200 0 - 0.035 ms","timestamp":"2026-07-08 12:55:00"}
{"level":"info","message":"GET /api/attendance/2026/7 304 - - 120.968 ms","timestamp":"2026-07-08 12:55:00"}
{"level":"info","message":"GET /api/attendance/range?start=2026-06-30T18:30:00.000Z&end=2026-07-31T18:29:59.999Z 304 - - 117.402 ms","timestamp":"2026-07-08 12:55:00"}
{"level":"info","message":"GET /api/users/all 200 - - 114.553 ms","timestamp":"2026-07-08 12:55:00"}
{"level":"info","message":"GET /api/appointments/stats?month=7&year=2026 304 - - 52.240 ms","timestamp":"2026-07-08 12:55:00"}
{"level":"info","message":"GET /api/appointments/stats?month=6&year=2026 304 - - 53.630 ms","timestamp":"2026-07-08 12:55:00"}
{"level":"info","message":"GET /api/appointments/revenue 304 - - 81.309 ms","timestamp":"2026-07-08 12:55:00"}
{"level":"info","message":"GET /api/users 304 - - 118.355 ms","timestamp":"2026-07-08 12:55:00"}
{"level":"info","message":"OPTIONS /api/appointments/stats?month=7&year=2026 200 0 - 0.065 ms","timestamp":"2026-07-08 12:55:10"}
{"level":"info","message":"OPTIONS /api/appointments/stats?month=6&year=2026 200 0 - 0.038 ms","timestamp":"2026-07-08 12:55:10"}
{"level":"info","message":"OPTIONS /api/appointments/revenue 200 0 - 0.039 ms","timestamp":"2026-07-08 12:55:10"}
{"level":"info","message":"OPTIONS /api/users 200 0 - 0.066 ms","timestamp":"2026-07-08 12:55:10"}
{"level":"info","message":"GET /api/appointments/stats?month=6&year=2026 304 - - 63.876 ms","timestamp":"2026-07-08 12:55:10"}
{"level":"info","message":"GET /api/appointments/stats?month=7&year=2026 304 - - 86.239 ms","timestamp":"2026-07-08 12:55:10"}
{"level":"info","message":"GET /api/appointments/revenue 304 - - 94.885 ms","timestamp":"2026-07-08 12:55:10"}
{"level":"info","message":"GET /api/users 304 - - 142.832 ms","timestamp":"2026-07-08 12:55:10"}
{"level":"info","message":"OPTIONS /api/appointments/stats?month=7&year=2026 200 0 - 0.058 ms","timestamp":"2026-07-08 12:55:20"}
{"level":"info","message":"OPTIONS /api/appointments/stats?month=6&year=2026 200 0 - 0.051 ms","timestamp":"2026-07-08 12:55:20"}
{"level":"info","message":"OPTIONS /api/appointments/revenue 200 0 - 0.052 ms","timestamp":"2026-07-08 12:55:20"}
{"level":"info","message":"OPTIONS /api/users 200 0 - 0.048 ms","timestamp":"2026-07-08 12:55:20"}
{"level":"info","message":"GET /api/appointments/stats?month=6&year=2026 304 - - 50.376 ms","timestamp":"2026-07-08 12:55:20"}
{"level":"info","message":"GET /api/appointments/stats?month=7&year=2026 304 - - 52.485 ms","timestamp":"2026-07-08 12:55:20"}
{"level":"info","message":"GET /api/appointments/revenue 304 - - 81.193 ms","timestamp":"2026-07-08 12:55:20"}
{"level":"info","message":"GET /api/users 200 - - 133.565 ms","timestamp":"2026-07-08 12:55:20"}
{"level":"info","message":"OPTIONS /api/attendance/2026/7 200 0 - 0.169 ms","timestamp":"2026-07-08 12:55:42"}
{"level":"info","message":"OPTIONS /api/users/all 200 0 - 0.235 ms","timestamp":"2026-07-08 12:55:42"}
{"level":"info","message":"OPTIONS /api/attendance/range?start=2026-06-30T18:30:00.000Z&end=2026-07-31T18:29:59.999Z 200 0 - 0.222 ms","timestamp":"2026-07-08 12:55:42"}
{"level":"info","message":"OPTIONS /api/appointments/stats?month=7&year=2026 200 0 - 0.046 ms","timestamp":"2026-07-08 12:55:42"}
{"level":"info","message":"OPTIONS /api/appointments/stats?month=6&year=2026 200 0 - 0.095 ms","timestamp":"2026-07-08 12:55:42"}
{"level":"info","message":"OPTIONS /api/appointments/revenue 200 0 - 0.067 ms","timestamp":"2026-07-08 12:55:42"}
{"level":"info","message":"OPTIONS /api/users 200 0 - 0.087 ms","timestamp":"2026-07-08 12:55:42"}
{"level":"info","message":"GET /api/attendance/2026/7 304 - - 130.561 ms","timestamp":"2026-07-08 12:55:42"}
{"level":"info","message":"GET /api/attendance/range?start=2026-06-30T18:30:00.000Z&end=2026-07-31T18:29:59.999Z 304 - - 127.442 ms","timestamp":"2026-07-08 12:55:42"}
{"level":"info","message":"GET /api/appointments/stats?month=7&year=2026 304 - - 54.636 ms","timestamp":"2026-07-08 12:55:42"}
{"level":"info","message":"GET /api/appointments/stats?month=6&year=2026 304 - - 53.611 ms","timestamp":"2026-07-08 12:55:42"}
{"level":"info","message":"GET /api/users/all 200 - - 125.984 ms","timestamp":"2026-07-08 12:55:42"}
{"level":"info","message":"GET /api/appointments/revenue 304 - - 82.191 ms","timestamp":"2026-07-08 12:55:42"}
{"level":"info","message":"GET /api/users 200 - - 114.683 ms","timestamp":"2026-07-08 12:55:42"}
{"level":"info","message":"OPTIONS /api/appointments/stats?month=7&year=2026 200 0 - 0.121 ms","timestamp":"2026-07-08 12:56:42"}
{"level":"info","message":"OPTIONS /api/appointments/stats?month=6&year=2026 200 0 - 0.053 ms","timestamp":"2026-07-08 12:56:42"}
{"level":"info","message":"OPTIONS /api/appointments/revenue 200 0 - 0.043 ms","timestamp":"2026-07-08 12:56:42"}
{"level":"info","message":"OPTIONS /api/users 200 0 - 0.047 ms","timestamp":"2026-07-08 12:56:42"}
{"level":"info","message":"OPTIONS /api/attendance/2026/7 200 0 - 0.047 ms","timestamp":"2026-07-08 12:56:42"}
{"level":"info","message":"OPTIONS /api/users/all 200 0 - 0.033 ms","timestamp":"2026-07-08 12:56:42"}
{"level":"info","message":"OPTIONS /api/attendance/range?start=2026-06-30T18:30:00.000Z&end=2026-07-31T18:29:59.999Z 200 0 - 0.036 ms","timestamp":"2026-07-08 12:56:42"}
{"level":"info","message":"GET /api/appointments/stats?month=7&year=2026 304 - - 54.959 ms","timestamp":"2026-07-08 12:56:42"}
{"level":"info","message":"GET /api/appointments/stats?month=6&year=2026 304 - - 52.280 ms","timestamp":"2026-07-08 12:56:42"}
{"level":"info","message":"GET /api/appointments/revenue 304 - - 81.228 ms","timestamp":"2026-07-08 12:56:42"}
{"level":"info","message":"GET /api/attendance/2026/7 304 - - 120.675 ms","timestamp":"2026-07-08 12:56:42"}
{"level":"info","message":"GET /api/users/all 200 - - 114.956 ms","timestamp":"2026-07-08 12:56:42"}
{"level":"info","message":"GET /api/users 200 - - 149.152 ms","timestamp":"2026-07-08 12:56:42"}
{"level":"info","message":"GET /api/attendance/range?start=2026-06-30T18:30:00.000Z&end=2026-07-31T18:29:59.999Z 304 - - 106.028 ms","timestamp":"2026-07-08 12:56:42"}
{"level":"info","message":"OPTIONS /api/appointments/stats?month=7&year=2026 200 0 - 0.072 ms","timestamp":"2026-07-08 12:57:42"}
{"level":"info","message":"OPTIONS /api/appointments/stats?month=6&year=2026 200 0 - 0.043 ms","timestamp":"2026-07-08 12:57:42"}
{"level":"info","message":"OPTIONS /api/appointments/revenue 200 0 - 0.034 ms","timestamp":"2026-07-08 12:57:42"}
{"level":"info","message":"OPTIONS /api/users 200 0 - 0.021 ms","timestamp":"2026-07-08 12:57:42"}
{"level":"info","message":"OPTIONS /api/attendance/2026/7 200 0 - 0.061 ms","timestamp":"2026-07-08 12:57:42"}
{"level":"info","message":"OPTIONS /api/users/all 200 0 - 0.039 ms","timestamp":"2026-07-08 12:57:42"}
{"level":"info","message":"OPTIONS /api/attendance/range?start=2026-06-30T18:30:00.000Z&end=2026-07-31T18:29:59.999Z 200 0 - 0.038 ms","timestamp":"2026-07-08 12:57:42"}
{"level":"info","message":"GET /api/appointments/stats?month=7&year=2026 304 - - 51.981 ms","timestamp":"2026-07-08 12:57:42"}
{"level":"info","message":"GET /api/appointments/stats?month=6&year=2026 304 - - 51.835 ms","timestamp":"2026-07-08 12:57:42"}
{"level":"info","message":"GET /api/appointments/revenue 304 - - 81.776 ms","timestamp":"2026-07-08 12:57:42"}
{"level":"info","message":"GET /api/attendance/2026/7 304 - - 119.076 ms","timestamp":"2026-07-08 12:57:42"}
{"level":"info","message":"GET /api/users/all 200 - - 129.163 ms","timestamp":"2026-07-08 12:57:42"}
{"level":"info","message":"GET /api/users 200 - - 147.913 ms","timestamp":"2026-07-08 12:57:42"}
{"level":"info","message":"GET /api/attendance/range?start=2026-06-30T18:30:00.000Z&end=2026-07-31T18:29:59.999Z 304 - - 123.994 ms","timestamp":"2026-07-08 12:57:42"}
{"level":"info","message":"OPTIONS /api/appointments/stats?month=7&year=2026 200 0 - 0.069 ms","timestamp":"2026-07-08 12:58:13"}
{"level":"info","message":"OPTIONS /api/appointments/stats?month=6&year=2026 200 0 - 0.050 ms","timestamp":"2026-07-08 12:58:13"}
{"level":"info","message":"OPTIONS /api/appointments/revenue 200 0 - 0.034 ms","timestamp":"2026-07-08 12:58:13"}
{"level":"info","message":"OPTIONS /api/users 200 0 - 0.046 ms","timestamp":"2026-07-08 12:58:13"}
{"level":"info","message":"OPTIONS /api/attendance/2026/7 200 0 - 0.041 ms","timestamp":"2026-07-08 12:58:13"}
{"level":"info","message":"OPTIONS /api/users/all 200 0 - 0.038 ms","timestamp":"2026-07-08 12:58:13"}
{"level":"info","message":"OPTIONS /api/attendance/range?start=2026-06-30T18:30:00.000Z&end=2026-07-31T18:29:59.999Z 200 0 - 0.042 ms","timestamp":"2026-07-08 12:58:13"}
{"level":"info","message":"GET /api/appointments/stats?month=7&year=2026 304 - - 53.351 ms","timestamp":"2026-07-08 12:58:13"}
{"level":"info","message":"GET /api/appointments/stats?month=6&year=2026 304 - - 51.677 ms","timestamp":"2026-07-08 12:58:13"}
{"level":"info","message":"GET /api/appointments/revenue 304 - - 84.201 ms","timestamp":"2026-07-08 12:58:13"}
{"level":"info","message":"GET /api/attendance/2026/7 304 - - 127.379 ms","timestamp":"2026-07-08 12:58:13"}
{"level":"info","message":"GET /api/users/all 200 - - 123.073 ms","timestamp":"2026-07-08 12:58:13"}
{"level":"info","message":"GET /api/users 200 - - 145.499 ms","timestamp":"2026-07-08 12:58:13"}
{"level":"info","message":"GET /api/attendance/range?start=2026-06-30T18:30:00.000Z&end=2026-07-31T18:29:59.999Z 304 - - 115.795 ms","timestamp":"2026-07-08 12:58:13"}
{"level":"info","message":"OPTIONS /api/calls/sip-config 200 0 - 0.095 ms","timestamp":"2026-07-08 12:58:16"}
{"level":"info","message":"OPTIONS /api/messages/unread-count 200 0 - 0.048 ms","timestamp":"2026-07-08 12:58:16"}
{"level":"info","message":"GET /api/calls/sip-config 304 - - 28.906 ms","timestamp":"2026-07-08 12:58:16"}
{"level":"info","message":"GET /api/messages/unread-count 304 - - 60.740 ms","timestamp":"2026-07-08 12:58:16"}
{"level":"info","message":"GET /api/calls/sip-config 304 - - 30.833 ms","timestamp":"2026-07-08 12:58:16"}
{"level":"info","message":"GET /api/messages/unread-count 304 - - 59.852 ms","timestamp":"2026-07-08 12:58:16"}
{"level":"info","message":"OPTIONS /api/appointments/revenue/reports 200 0 - 0.067 ms","timestamp":"2026-07-08 12:58:16"}
{"level":"info","message":"OPTIONS /api/appointments/all 200 0 - 0.073 ms","timestamp":"2026-07-08 12:58:16"}
{"level":"info","message":"OPTIONS /api/tasks 200 0 - 0.111 ms","timestamp":"2026-07-08 12:58:16"}
{"level":"info","message":"OPTIONS /api/admin-status 200 0 - 0.062 ms","timestamp":"2026-07-08 12:58:16"}
{"level":"info","message":"GET /api/appointments/revenue/reports 304 - - 55.200 ms","timestamp":"2026-07-08 12:58:16"}
{"level":"info","message":"GET /api/tasks 304 - - 86.519 ms","timestamp":"2026-07-08 12:58:16"}
{"level":"info","message":"GET /api/attendance/2026/7 304 - - 149.103 ms","timestamp":"2026-07-08 12:58:16"}
{"level":"info","message":"GET /api/appointments/stats?month=7&year=2026 304 - - 87.906 ms","timestamp":"2026-07-08 12:58:16"}
{"level":"info","message":"GET /api/attendance/range?start=2026-06-30T18:30:00.000Z&end=2026-07-31T18:29:59.999Z 304 - - 158.206 ms","timestamp":"2026-07-08 12:58:16"}
{"level":"info","message":"GET /api/users/all 200 - - 155.172 ms","timestamp":"2026-07-08 12:58:16"}
{"level":"info","message":"GET /api/appointments/all 304 - - 191.478 ms","timestamp":"2026-07-08 12:58:16"}
{"level":"info","message":"GET /api/appointments/stats?month=6&year=2026 304 - - 109.486 ms","timestamp":"2026-07-08 12:58:16"}
{"level":"info","message":"GET /api/admin-status 304 - - 81.435 ms","timestamp":"2026-07-08 12:58:16"}
{"level":"info","message":"GET /api/appointments/revenue/reports 304 - - 61.285 ms","timestamp":"2026-07-08 12:58:16"}
{"level":"info","message":"GET /api/appointments/revenue 304 - - 109.727 ms","timestamp":"2026-07-08 12:58:16"}
{"level":"info","message":"GET /api/users 200 - - 134.044 ms","timestamp":"2026-07-08 12:58:16"}
{"level":"info","message":"GET /api/tasks 304 - - 102.393 ms","timestamp":"2026-07-08 12:58:16"}
{"level":"info","message":"GET /api/appointments/stats?month=7&year=2026 304 - - 62.517 ms","timestamp":"2026-07-08 12:58:16"}
{"level":"info","message":"GET /api/attendance/2026/7 304 - - 124.600 ms","timestamp":"2026-07-08 12:58:16"}
{"level":"info","message":"GET /api/appointments/stats?month=6&year=2026 304 - - 52.840 ms","timestamp":"2026-07-08 12:58:17"}
{"level":"info","message":"GET /api/attendance/range?start=2026-06-30T18:30:00.000Z&end=2026-07-31T18:29:59.999Z 304 - - 119.749 ms","timestamp":"2026-07-08 12:58:17"}
{"level":"info","message":"GET /api/users/all 304 - - 120.298 ms","timestamp":"2026-07-08 12:58:17"}
{"level":"info","message":"GET /api/admin-status 304 - - 67.143 ms","timestamp":"2026-07-08 12:58:17"}
{"level":"info","message":"GET /api/appointments/revenue 304 - - 86.079 ms","timestamp":"2026-07-08 12:58:17"}
{"level":"info","message":"GET /api/appointments/all 304 - - 190.228 ms","timestamp":"2026-07-08 12:58:17"}
{"level":"info","message":"GET /api/users 304 - - 126.030 ms","timestamp":"2026-07-08 12:58:17"}
{"level":"info","message":"GET /api/tasks 304 - - 111.076 ms","timestamp":"2026-07-08 12:58:17"}
{"level":"info","message":"GET /api/tasks 304 - - 80.828 ms","timestamp":"2026-07-08 12:58:17"}
{"level":"info","message":"OPTIONS /api/appointments/stats?month=7&year=2026 200 0 - 0.066 ms","timestamp":"2026-07-08 12:58:27"}
{"level":"info","message":"OPTIONS /api/appointments/stats?month=6&year=2026 200 0 - 0.052 ms","timestamp":"2026-07-08 12:58:27"}
{"level":"info","message":"OPTIONS /api/appointments/revenue 200 0 - 0.044 ms","timestamp":"2026-07-08 12:58:27"}
{"level":"info","message":"OPTIONS /api/users 200 0 - 0.038 ms","timestamp":"2026-07-08 12:58:27"}
{"level":"info","message":"GET /api/appointments/stats?month=7&year=2026 304 - - 51.296 ms","timestamp":"2026-07-08 12:58:27"}
{"level":"info","message":"GET /api/appointments/stats?month=6&year=2026 304 - - 50.641 ms","timestamp":"2026-07-08 12:58:27"}
{"level":"info","message":"GET /api/appointments/revenue 304 - - 79.134 ms","timestamp":"2026-07-08 12:58:27"}
{"level":"info","message":"GET /api/users 304 - - 132.557 ms","timestamp":"2026-07-08 12:58:27"}
{"level":"info","message":"OPTIONS /api/appointments/stats?month=7&year=2026 200 0 - 0.072 ms","timestamp":"2026-07-08 12:58:37"}
{"level":"info","message":"OPTIONS /api/appointments/stats?month=6&year=2026 200 0 - 0.045 ms","timestamp":"2026-07-08 12:58:37"}
{"level":"info","message":"OPTIONS /api/appointments/revenue 200 0 - 0.037 ms","timestamp":"2026-07-08 12:58:37"}
{"level":"info","message":"OPTIONS /api/users 200 0 - 0.035 ms","timestamp":"2026-07-08 12:58:37"}
{"level":"info","message":"GET /api/appointments/stats?month=7&year=2026 304 - - 51.093 ms","timestamp":"2026-07-08 12:58:37"}
{"level":"info","message":"GET /api/appointments/stats?month=6&year=2026 304 - - 50.642 ms","timestamp":"2026-07-08 12:58:37"}
{"level":"info","message":"GET /api/appointments/revenue 304 - - 80.172 ms","timestamp":"2026-07-08 12:58:37"}
{"level":"info","message":"GET /api/users 200 - - 145.922 ms","timestamp":"2026-07-08 12:58:37"}
{"level":"info","message":"OPTIONS /api/attendance/2026/7 200 0 - 0.189 ms","timestamp":"2026-07-08 12:58:47"}
{"level":"info","message":"OPTIONS /api/users/all 200 0 - 0.240 ms","timestamp":"2026-07-08 12:58:47"}
{"level":"info","message":"OPTIONS /api/attendance/range?start=2026-06-30T18:30:00.000Z&end=2026-07-31T18:29:59.999Z 200 0 - 0.203 ms","timestamp":"2026-07-08 12:58:47"}
{"level":"info","message":"OPTIONS /api/appointments/stats?month=7&year=2026 200 0 - 0.047 ms","timestamp":"2026-07-08 12:58:47"}
{"level":"info","message":"OPTIONS /api/appointments/stats?month=6&year=2026 200 0 - 0.039 ms","timestamp":"2026-07-08 12:58:47"}
{"level":"info","message":"OPTIONS /api/appointments/revenue 200 0 - 0.023 ms","timestamp":"2026-07-08 12:58:47"}
{"level":"info","message":"OPTIONS /api/users 200 0 - 0.025 ms","timestamp":"2026-07-08 12:58:47"}
{"level":"info","message":"GET /api/attendance/2026/7 304 - - 112.043 ms","timestamp":"2026-07-08 12:58:47"}
{"level":"info","message":"GET /api/attendance/range?start=2026-06-30T18:30:00.000Z&end=2026-07-31T18:29:59.999Z 304 - - 114.831 ms","timestamp":"2026-07-08 12:58:47"}
{"level":"info","message":"GET /api/appointments/stats?month=7&year=2026 304 - - 52.826 ms","timestamp":"2026-07-08 12:58:47"}
{"level":"info","message":"GET /api/appointments/stats?month=6&year=2026 304 - - 52.064 ms","timestamp":"2026-07-08 12:58:47"}
{"level":"info","message":"GET /api/users/all 200 - - 116.945 ms","timestamp":"2026-07-08 12:58:47"}
{"level":"info","message":"GET /api/appointments/revenue 304 - - 85.806 ms","timestamp":"2026-07-08 12:58:47"}
{"level":"info","message":"GET /api/users 200 - - 112.723 ms","timestamp":"2026-07-08 12:58:47"}
{"level":"info","message":"OPTIONS /api/appointments/stats?month=7&year=2026 200 0 - 0.068 ms","timestamp":"2026-07-08 12:58:57"}
{"level":"info","message":"OPTIONS /api/appointments/stats?month=6&year=2026 200 0 - 0.051 ms","timestamp":"2026-07-08 12:58:57"}
{"level":"info","message":"OPTIONS /api/appointments/revenue 200 0 - 0.033 ms","timestamp":"2026-07-08 12:58:57"}
{"level":"info","message":"OPTIONS /api/users 200 0 - 0.045 ms","timestamp":"2026-07-08 12:58:57"}
{"level":"info","message":"GET /api/appointments/stats?month=6&year=2026 304 - - 53.306 ms","timestamp":"2026-07-08 12:58:57"}
{"level":"info","message":"GET /api/appointments/stats?month=7&year=2026 304 - - 55.528 ms","timestamp":"2026-07-08 12:58:57"}
{"level":"info","message":"GET /api/appointments/revenue 304 - - 80.519 ms","timestamp":"2026-07-08 12:58:57"}
{"level":"info","message":"GET /api/users 304 - - 132.811 ms","timestamp":"2026-07-08 12:58:57"}
{"level":"info","message":"OPTIONS /api/appointments/stats?month=7&year=2026 200 0 - 0.077 ms","timestamp":"2026-07-08 12:59:07"}
{"level":"info","message":"OPTIONS /api/appointments/stats?month=6&year=2026 200 0 - 0.089 ms","timestamp":"2026-07-08 12:59:07"}
{"level":"info","message":"OPTIONS /api/appointments/revenue 200 0 - 0.082 ms","timestamp":"2026-07-08 12:59:07"}
{"level":"info","message":"OPTIONS /api/users 200 0 - 0.049 ms","timestamp":"2026-07-08 12:59:07"}
{"level":"info","message":"GET /api/appointments/stats?month=7&year=2026 304 - - 50.952 ms","timestamp":"2026-07-08 12:59:07"}
{"level":"info","message":"GET /api/appointments/stats?month=6&year=2026 304 - - 50.725 ms","timestamp":"2026-07-08 12:59:07"}
{"level":"info","message":"GET /api/appointments/revenue 304 - - 81.049 ms","timestamp":"2026-07-08 12:59:07"}
{"level":"info","message":"GET /api/users 304 - - 149.360 ms","timestamp":"2026-07-08 12:59:07"}
{"level":"info","message":"OPTIONS /api/attendance/2026/7 200 0 - 0.144 ms","timestamp":"2026-07-08 12:59:17"}
{"level":"info","message":"OPTIONS /api/users/all 200 0 - 0.166 ms","timestamp":"2026-07-08 12:59:17"}
{"level":"info","message":"OPTIONS /api/attendance/range?start=2026-06-30T18:30:00.000Z&end=2026-07-31T18:29:59.999Z 200 0 - 0.233 ms","timestamp":"2026-07-08 12:59:17"}
{"level":"info","message":"OPTIONS /api/appointments/stats?month=7&year=2026 200 0 - 0.055 ms","timestamp":"2026-07-08 12:59:17"}
{"level":"info","message":"OPTIONS /api/appointments/stats?month=6&year=2026 200 0 - 0.042 ms","timestamp":"2026-07-08 12:59:17"}
{"level":"info","message":"OPTIONS /api/appointments/revenue 200 0 - 0.027 ms","timestamp":"2026-07-08 12:59:17"}
{"level":"info","message":"OPTIONS /api/users 200 0 - 0.049 ms","timestamp":"2026-07-08 12:59:17"}
{"level":"info","message":"GET /api/attendance/range?start=2026-06-30T18:30:00.000Z&end=2026-07-31T18:29:59.999Z 304 - - 115.479 ms","timestamp":"2026-07-08 12:59:17"}
{"level":"info","message":"GET /api/attendance/2026/7 304 - - 131.326 ms","timestamp":"2026-07-08 12:59:17"}
{"level":"info","message":"GET /api/appointments/stats?month=6&year=2026 304 - - 60.093 ms","timestamp":"2026-07-08 12:59:17"}
{"level":"info","message":"GET /api/appointments/stats?month=7&year=2026 304 - - 63.229 ms","timestamp":"2026-07-08 12:59:17"}
{"level":"info","message":"GET /api/users/all 200 - - 113.874 ms","timestamp":"2026-07-08 12:59:17"}
{"level":"info","message":"GET /api/appointments/revenue 304 - - 85.363 ms","timestamp":"2026-07-08 12:59:17"}
{"level":"info","message":"GET /api/users 200 - - 116.447 ms","timestamp":"2026-07-08 12:59:17"}
{"level":"info","message":"OPTIONS /api/appointments/stats?month=7&year=2026 200 0 - 0.058 ms","timestamp":"2026-07-08 12:59:42"}
{"level":"info","message":"OPTIONS /api/appointments/stats?month=6&year=2026 200 0 - 0.045 ms","timestamp":"2026-07-08 12:59:42"}
{"level":"info","message":"OPTIONS /api/appointments/revenue 200 0 - 0.033 ms","timestamp":"2026-07-08 12:59:42"}
{"level":"info","message":"OPTIONS /api/users 200 0 - 0.031 ms","timestamp":"2026-07-08 12:59:42"}
{"level":"info","message":"GET /api/appointments/stats?month=6&year=2026 304 - - 49.888 ms","timestamp":"2026-07-08 12:59:42"}
{"level":"info","message":"GET /api/appointments/stats?month=7&year=2026 304 - - 52.107 ms","timestamp":"2026-07-08 12:59:42"}
{"level":"info","message":"GET /api/appointments/revenue 304 - - 82.998 ms","timestamp":"2026-07-08 12:59:42"}
{"level":"info","message":"GET /api/users 200 - - 145.840 ms","timestamp":"2026-07-08 12:59:42"}
{"level":"info","message":"OPTIONS /api/attendance/2026/7 200 0 - 0.200 ms","timestamp":"2026-07-08 12:59:47"}
{"level":"info","message":"OPTIONS /api/users/all 200 0 - 0.126 ms","timestamp":"2026-07-08 12:59:47"}
{"level":"info","message":"OPTIONS /api/attendance/range?start=2026-06-30T18:30:00.000Z&end=2026-07-31T18:29:59.999Z 200 0 - 0.122 ms","timestamp":"2026-07-08 12:59:47"}
{"level":"info","message":"GET /api/attendance/2026/7 304 - - 112.266 ms","timestamp":"2026-07-08 12:59:47"}
{"level":"info","message":"GET /api/attendance/range?start=2026-06-30T18:30:00.000Z&end=2026-07-31T18:29:59.999Z 304 - - 131.054 ms","timestamp":"2026-07-08 12:59:47"}
{"level":"info","message":"GET /api/users/all 200 - - 131.441 ms","timestamp":"2026-07-08 12:59:47"}
{"level":"info","message":"OPTIONS /api/attendance/2026/7 200 0 - 0.236 ms","timestamp":"2026-07-08 13:00:17"}
{"level":"info","message":"OPTIONS /api/users/all 200 0 - 0.140 ms","timestamp":"2026-07-08 13:00:17"}
{"level":"info","message":"OPTIONS /api/attendance/range?start=2026-06-30T18:30:00.000Z&end=2026-07-31T18:29:59.999Z 200 0 - 0.208 ms","timestamp":"2026-07-08 13:00:17"}
{"level":"info","message":"GET /api/attendance/2026/7 304 - - 130.440 ms","timestamp":"2026-07-08 13:00:17"}
{"level":"info","message":"GET /api/attendance/range?start=2026-06-30T18:30:00.000Z&end=2026-07-31T18:29:59.999Z 304 - - 130.314 ms","timestamp":"2026-07-08 13:00:17"}
{"level":"info","message":"GET /api/users/all 200 - - 124.055 ms","timestamp":"2026-07-08 13:00:17"}
{"level":"info","message":"OPTIONS /api/appointments/stats?month=7&year=2026 200 0 - 0.074 ms","timestamp":"2026-07-08 13:00:42"}
{"level":"info","message":"OPTIONS /api/appointments/stats?month=6&year=2026 200 0 - 0.041 ms","timestamp":"2026-07-08 13:00:42"}
{"level":"info","message":"OPTIONS /api/appointments/revenue 200 0 - 0.031 ms","timestamp":"2026-07-08 13:00:42"}
{"level":"info","message":"OPTIONS /api/users 200 0 - 0.055 ms","timestamp":"2026-07-08 13:00:42"}
{"level":"info","message":"GET /api/appointments/stats?month=7&year=2026 304 - - 52.248 ms","timestamp":"2026-07-08 13:00:42"}
{"level":"info","message":"GET /api/appointments/stats?month=6&year=2026 304 - - 52.994 ms","timestamp":"2026-07-08 13:00:42"}
{"level":"info","message":"GET /api/appointments/revenue 304 - - 81.993 ms","timestamp":"2026-07-08 13:00:42"}
{"level":"info","message":"GET /api/users 200 - - 135.981 ms","timestamp":"2026-07-08 13:00:42"}
{"level":"info","message":"OPTIONS /api/attendance/2026/7 200 0 - 0.264 ms","timestamp":"2026-07-08 13:00:47"}
{"level":"info","message":"OPTIONS /api/users/all 200 0 - 0.155 ms","timestamp":"2026-07-08 13:00:47"}
{"level":"info","message":"OPTIONS /api/attendance/range?start=2026-06-30T18:30:00.000Z&end=2026-07-31T18:29:59.999Z 200 0 - 0.126 ms","timestamp":"2026-07-08 13:00:47"}
{"level":"info","message":"GET /api/attendance/2026/7 304 - - 124.963 ms","timestamp":"2026-07-08 13:00:47"}
{"level":"info","message":"GET /api/attendance/range?start=2026-06-30T18:30:00.000Z&end=2026-07-31T18:29:59.999Z 304 - - 154.945 ms","timestamp":"2026-07-08 13:00:47"}
{"level":"info","message":"GET /api/users/all 200 - - 153.865 ms","timestamp":"2026-07-08 13:00:47"}
{"level":"info","message":"OPTIONS /api/appointments/stats?month=7&year=2026 200 0 - 0.055 ms","timestamp":"2026-07-08 13:01:42"}
{"level":"info","message":"OPTIONS /api/appointments/stats?month=6&year=2026 200 0 - 0.042 ms","timestamp":"2026-07-08 13:01:42"}
{"level":"info","message":"OPTIONS /api/appointments/revenue 200 0 - 0.021 ms","timestamp":"2026-07-08 13:01:42"}
{"level":"info","message":"OPTIONS /api/users 200 0 - 0.033 ms","timestamp":"2026-07-08 13:01:42"}
{"level":"info","message":"OPTIONS /api/attendance/2026/7 200 0 - 0.033 ms","timestamp":"2026-07-08 13:01:42"}
{"level":"info","message":"OPTIONS /api/users/all 200 0 - 0.053 ms","timestamp":"2026-07-08 13:01:42"}
{"level":"info","message":"OPTIONS /api/attendance/range?start=2026-06-30T18:30:00.000Z&end=2026-07-31T18:29:59.999Z 200 0 - 0.044 ms","timestamp":"2026-07-08 13:01:42"}
{"level":"info","message":"GET /api/appointments/stats?month=7&year=2026 304 - - 51.894 ms","timestamp":"2026-07-08 13:01:42"}
{"level":"info","message":"GET /api/appointments/stats?month=6&year=2026 304 - - 53.280 ms","timestamp":"2026-07-08 13:01:42"}
{"level":"info","message":"GET /api/appointments/revenue 304 - - 81.222 ms","timestamp":"2026-07-08 13:01:42"}
{"level":"info","message":"GET /api/attendance/2026/7 304 - - 106.610 ms","timestamp":"2026-07-08 13:01:42"}
{"level":"info","message":"GET /api/users/all 200 - - 119.543 ms","timestamp":"2026-07-08 13:01:42"}
{"level":"info","message":"GET /api/users 200 - - 139.420 ms","timestamp":"2026-07-08 13:01:42"}
{"level":"info","message":"GET /api/attendance/range?start=2026-06-30T18:30:00.000Z&end=2026-07-31T18:29:59.999Z 304 - - 120.201 ms","timestamp":"2026-07-08 13:01:42"}
{"level":"info","message":"OPTIONS /api/attendance/2026/7 200 0 - 0.215 ms","timestamp":"2026-07-08 13:02:42"}
{"level":"info","message":"OPTIONS /api/users/all 200 0 - 0.160 ms","timestamp":"2026-07-08 13:02:42"}
{"level":"info","message":"OPTIONS /api/attendance/range?start=2026-06-30T18:30:00.000Z&end=2026-07-31T18:29:59.999Z 200 0 - 0.074 ms","timestamp":"2026-07-08 13:02:42"}
{"level":"info","message":"OPTIONS /api/appointments/stats?month=7&year=2026 200 0 - 0.046 ms","timestamp":"2026-07-08 13:02:42"}
{"level":"info","message":"OPTIONS /api/appointments/stats?month=6&year=2026 200 0 - 0.050 ms","timestamp":"2026-07-08 13:02:42"}
{"level":"info","message":"OPTIONS /api/appointments/revenue 200 0 - 0.027 ms","timestamp":"2026-07-08 13:02:42"}
{"level":"info","message":"OPTIONS /api/users 200 0 - 0.031 ms","timestamp":"2026-07-08 13:02:42"}
{"level":"info","message":"GET /api/appointments/stats?month=7&year=2026 304 - - 52.203 ms","timestamp":"2026-07-08 13:02:42"}
{"level":"info","message":"GET /api/appointments/stats?month=6&year=2026 304 - - 73.483 ms","timestamp":"2026-07-08 13:02:42"}
{"level":"info","message":"GET /api/attendance/range?start=2026-06-30T18:30:00.000Z&end=2026-07-31T18:29:59.999Z 304 - - 130.527 ms","timestamp":"2026-07-08 13:02:42"}
{"level":"info","message":"GET /api/attendance/2026/7 304 - - 138.446 ms","timestamp":"2026-07-08 13:02:42"}
{"level":"info","message":"GET /api/appointments/revenue 304 - - 84.466 ms","timestamp":"2026-07-08 13:02:42"}
{"level":"info","message":"GET /api/users/all 200 - - 126.824 ms","timestamp":"2026-07-08 13:02:42"}
{"level":"info","message":"GET /api/users 200 - - 113.658 ms","timestamp":"2026-07-08 13:02:42"}
{"level":"info","message":"OPTIONS /api/attendance/2026/7 200 0 - 0.216 ms","timestamp":"2026-07-08 13:03:42"}
{"level":"info","message":"OPTIONS /api/users/all 200 0 - 0.144 ms","timestamp":"2026-07-08 13:03:42"}
{"level":"info","message":"OPTIONS /api/attendance/range?start=2026-06-30T18:30:00.000Z&end=2026-07-31T18:29:59.999Z 200 0 - 0.127 ms","timestamp":"2026-07-08 13:03:42"}
{"level":"info","message":"OPTIONS /api/appointments/stats?month=7&year=2026 200 0 - 0.047 ms","timestamp":"2026-07-08 13:03:42"}
{"level":"info","message":"OPTIONS /api/appointments/stats?month=6&year=2026 200 0 - 0.054 ms","timestamp":"2026-07-08 13:03:42"}
{"level":"info","message":"OPTIONS /api/appointments/revenue 200 0 - 0.062 ms","timestamp":"2026-07-08 13:03:42"}
{"level":"info","message":"OPTIONS /api/users 200 0 - 0.054 ms","timestamp":"2026-07-08 13:03:42"}
{"level":"info","message":"GET /api/attendance/2026/7 304 - - 124.356 ms","timestamp":"2026-07-08 13:03:42"}
{"level":"info","message":"GET /api/appointments/stats?month=7&year=2026 304 - - 54.409 ms","timestamp":"2026-07-08 13:03:42"}
{"level":"info","message":"GET /api/users/all 200 - - 115.728 ms","timestamp":"2026-07-08 13:03:42"}
{"level":"info","message":"GET /api/appointments/stats?month=6&year=2026 304 - - 60.711 ms","timestamp":"2026-07-08 13:03:42"}
{"level":"info","message":"GET /api/attendance/range?start=2026-06-30T18:30:00.000Z&end=2026-07-31T18:29:59.999Z 304 - - 128.046 ms","timestamp":"2026-07-08 13:03:42"}
{"level":"info","message":"GET /api/appointments/revenue 304 - - 87.005 ms","timestamp":"2026-07-08 13:03:42"}
{"level":"info","message":"GET /api/users 200 - - 133.996 ms","timestamp":"2026-07-08 13:03:42"}
{"level":"info","message":"OPTIONS /api/attendance/2026/7 200 0 - 0.159 ms","timestamp":"2026-07-08 13:04:42"}
{"level":"info","message":"OPTIONS /api/users/all 200 0 - 0.093 ms","timestamp":"2026-07-08 13:04:42"}
{"level":"info","message":"OPTIONS /api/attendance/range?start=2026-06-30T18:30:00.000Z&end=2026-07-31T18:29:59.999Z 200 0 - 0.120 ms","timestamp":"2026-07-08 13:04:42"}
{"level":"info","message":"OPTIONS /api/appointments/stats?month=7&year=2026 200 0 - 0.069 ms","timestamp":"2026-07-08 13:04:42"}
{"level":"info","message":"OPTIONS /api/appointments/stats?month=6&year=2026 200 0 - 0.047 ms","timestamp":"2026-07-08 13:04:42"}
{"level":"info","message":"OPTIONS /api/appointments/revenue 200 0 - 0.034 ms","timestamp":"2026-07-08 13:04:42"}
{"level":"info","message":"OPTIONS /api/users 200 0 - 0.043 ms","timestamp":"2026-07-08 13:04:42"}
{"level":"info","message":"GET /api/attendance/2026/7 304 - - 125.995 ms","timestamp":"2026-07-08 13:04:42"}
{"level":"info","message":"GET /api/appointments/stats?month=7&year=2026 304 - - 69.855 ms","timestamp":"2026-07-08 13:04:42"}
{"level":"info","message":"GET /api/appointments/stats?month=6&year=2026 304 - - 69.130 ms","timestamp":"2026-07-08 13:04:42"}
{"level":"info","message":"GET /api/attendance/range?start=2026-06-30T18:30:00.000Z&end=2026-07-31T18:29:59.999Z 304 - - 131.337 ms","timestamp":"2026-07-08 13:04:42"}
{"level":"info","message":"GET /api/users/all 200 - - 119.857 ms","timestamp":"2026-07-08 13:04:42"}
{"level":"info","message":"GET /api/appointments/revenue 304 - - 103.333 ms","timestamp":"2026-07-08 13:04:42"}
{"level":"info","message":"GET /api/users 200 - - 122.079 ms","timestamp":"2026-07-08 13:04:42"}
{"level":"info","message":"OPTIONS /api/attendance/2026/7 200 0 - 0.186 ms","timestamp":"2026-07-08 13:05:42"}
{"level":"info","message":"OPTIONS /api/users/all 200 0 - 0.133 ms","timestamp":"2026-07-08 13:05:42"}
{"level":"info","message":"OPTIONS /api/attendance/range?start=2026-06-30T18:30:00.000Z&end=2026-07-31T18:29:59.999Z 200 0 - 0.118 ms","timestamp":"2026-07-08 13:05:42"}
{"level":"info","message":"OPTIONS /api/appointments/stats?month=7&year=2026 200 0 - 0.045 ms","timestamp":"2026-07-08 13:05:42"}
{"level":"info","message":"OPTIONS /api/appointments/stats?month=6&year=2026 200 0 - 0.063 ms","timestamp":"2026-07-08 13:05:42"}
{"level":"info","message":"OPTIONS /api/appointments/revenue 200 0 - 0.045 ms","timestamp":"2026-07-08 13:05:42"}
{"level":"info","message":"OPTIONS /api/users 200 0 - 0.039 ms","timestamp":"2026-07-08 13:05:42"}
{"level":"info","message":"GET /api/attendance/range?start=2026-06-30T18:30:00.000Z&end=2026-07-31T18:29:59.999Z 304 - - 114.411 ms","timestamp":"2026-07-08 13:05:42"}
{"level":"info","message":"GET /api/appointments/stats?month=7&year=2026 304 - - 55.720 ms","timestamp":"2026-07-08 13:05:42"}
{"level":"info","message":"GET /api/appointments/stats?month=6&year=2026 304 - - 55.683 ms","timestamp":"2026-07-08 13:05:42"}
{"level":"info","message":"GET /api/attendance/2026/7 304 - - 122.725 ms","timestamp":"2026-07-08 13:05:42"}
{"level":"info","message":"GET /api/users/all 200 - - 114.480 ms","timestamp":"2026-07-08 13:05:42"}
{"level":"info","message":"GET /api/appointments/revenue 304 - - 87.267 ms","timestamp":"2026-07-08 13:05:42"}
{"level":"info","message":"GET /api/users 200 - - 124.897 ms","timestamp":"2026-07-08 13:05:42"}
{"level":"info","message":"OPTIONS /api/attendance/2026/7 200 0 - 0.214 ms","timestamp":"2026-07-08 13:06:42"}
{"level":"info","message":"OPTIONS /api/users/all 200 0 - 0.145 ms","timestamp":"2026-07-08 13:06:42"}
{"level":"info","message":"OPTIONS /api/attendance/range?start=2026-06-30T18:30:00.000Z&end=2026-07-31T18:29:59.999Z 200 0 - 0.215 ms","timestamp":"2026-07-08 13:06:42"}
{"level":"info","message":"OPTIONS /api/appointments/stats?month=7&year=2026 200 0 - 0.050 ms","timestamp":"2026-07-08 13:06:42"}
{"level":"info","message":"OPTIONS /api/appointments/stats?month=6&year=2026 200 0 - 0.123 ms","timestamp":"2026-07-08 13:06:42"}
{"level":"info","message":"OPTIONS /api/appointments/revenue 200 0 - 0.059 ms","timestamp":"2026-07-08 13:06:42"}
{"level":"info","message":"OPTIONS /api/users 200 0 - 0.037 ms","timestamp":"2026-07-08 13:06:42"}
{"level":"info","message":"GET /api/appointments/stats?month=7&year=2026 304 - - 60.779 ms","timestamp":"2026-07-08 13:06:42"}
{"level":"info","message":"GET /api/appointments/stats?month=6&year=2026 304 - - 60.146 ms","timestamp":"2026-07-08 13:06:42"}
{"level":"info","message":"GET /api/attendance/range?start=2026-06-30T18:30:00.000Z&end=2026-07-31T18:29:59.999Z 304 - - 116.811 ms","timestamp":"2026-07-08 13:06:42"}
{"level":"info","message":"GET /api/attendance/2026/7 304 - - 130.604 ms","timestamp":"2026-07-08 13:06:42"}
{"level":"info","message":"GET /api/users/all 200 - - 115.878 ms","timestamp":"2026-07-08 13:06:42"}
{"level":"info","message":"GET /api/appointments/revenue 304 - - 91.117 ms","timestamp":"2026-07-08 13:06:42"}
{"level":"info","message":"GET /api/users 200 - - 117.175 ms","timestamp":"2026-07-08 13:06:42"}
{"level":"info","message":"OPTIONS /api/attendance/2026/7 200 0 - 0.253 ms","timestamp":"2026-07-08 13:07:42"}
{"level":"info","message":"OPTIONS /api/users/all 200 0 - 0.134 ms","timestamp":"2026-07-08 13:07:42"}
{"level":"info","message":"OPTIONS /api/attendance/range?start=2026-06-30T18:30:00.000Z&end=2026-07-31T18:29:59.999Z 200 0 - 0.211 ms","timestamp":"2026-07-08 13:07:42"}
{"level":"info","message":"OPTIONS /api/appointments/stats?month=7&year=2026 200 0 - 0.067 ms","timestamp":"2026-07-08 13:07:42"}
{"level":"info","message":"OPTIONS /api/appointments/stats?month=6&year=2026 200 0 - 0.038 ms","timestamp":"2026-07-08 13:07:42"}
{"level":"info","message":"OPTIONS /api/appointments/revenue 200 0 - 0.040 ms","timestamp":"2026-07-08 13:07:42"}
{"level":"info","message":"OPTIONS /api/users 200 0 - 0.036 ms","timestamp":"2026-07-08 13:07:42"}
{"level":"info","message":"GET /api/attendance/2026/7 304 - - 113.076 ms","timestamp":"2026-07-08 13:07:42"}
{"level":"info","message":"GET /api/appointments/stats?month=7&year=2026 304 - - 51.002 ms","timestamp":"2026-07-08 13:07:42"}
{"level":"info","message":"GET /api/appointments/stats?month=6&year=2026 304 - - 50.616 ms","timestamp":"2026-07-08 13:07:42"}
{"level":"info","message":"GET /api/attendance/range?start=2026-06-30T18:30:00.000Z&end=2026-07-31T18:29:59.999Z 304 - - 135.718 ms","timestamp":"2026-07-08 13:07:42"}
{"level":"info","message":"GET /api/users/all 200 - - 136.864 ms","timestamp":"2026-07-08 13:07:42"}
{"level":"info","message":"GET /api/appointments/revenue 304 - - 84.946 ms","timestamp":"2026-07-08 13:07:42"}
{"level":"info","message":"GET /api/users 200 - - 117.400 ms","timestamp":"2026-07-08 13:07:42"}
{"level":"info","message":"OPTIONS /api/attendance/2026/7 200 0 - 0.234 ms","timestamp":"2026-07-08 13:08:42"}
{"level":"info","message":"OPTIONS /api/users/all 200 0 - 0.164 ms","timestamp":"2026-07-08 13:08:42"}
{"level":"info","message":"OPTIONS /api/attendance/range?start=2026-06-30T18:30:00.000Z&end=2026-07-31T18:29:59.999Z 200 0 - 0.129 ms","timestamp":"2026-07-08 13:08:42"}
{"level":"info","message":"OPTIONS /api/appointments/stats?month=7&year=2026 200 0 - 0.064 ms","timestamp":"2026-07-08 13:08:42"}
{"level":"info","message":"OPTIONS /api/appointments/stats?month=6&year=2026 200 0 - 0.052 ms","timestamp":"2026-07-08 13:08:42"}
{"level":"info","message":"OPTIONS /api/appointments/revenue 200 0 - 0.035 ms","timestamp":"2026-07-08 13:08:42"}
{"level":"info","message":"OPTIONS /api/users 200 0 - 0.027 ms","timestamp":"2026-07-08 13:08:42"}
{"level":"info","message":"GET /api/attendance/2026/7 304 - - 124.910 ms","timestamp":"2026-07-08 13:08:42"}
{"level":"info","message":"GET /api/appointments/stats?month=6&year=2026 304 - - 58.271 ms","timestamp":"2026-07-08 13:08:42"}
{"level":"info","message":"GET /api/appointments/stats?month=7&year=2026 304 - - 60.561 ms","timestamp":"2026-07-08 13:08:42"}
{"level":"info","message":"GET /api/attendance/range?start=2026-06-30T18:30:00.000Z&end=2026-07-31T18:29:59.999Z 304 - - 127.060 ms","timestamp":"2026-07-08 13:08:42"}
{"level":"info","message":"GET /api/users/all 200 - - 115.881 ms","timestamp":"2026-07-08 13:08:42"}
{"level":"info","message":"GET /api/appointments/revenue 304 - - 91.452 ms","timestamp":"2026-07-08 13:08:42"}
{"level":"info","message":"GET /api/users 200 - - 141.819 ms","timestamp":"2026-07-08 13:08:42"}
{"level":"info","message":"OPTIONS /api/attendance/2026/7 200 0 - 0.176 ms","timestamp":"2026-07-08 13:09:42"}
{"level":"info","message":"OPTIONS /api/users/all 200 0 - 0.139 ms","timestamp":"2026-07-08 13:09:42"}
{"level":"info","message":"OPTIONS /api/attendance/range?start=2026-06-30T18:30:00.000Z&end=2026-07-31T18:29:59.999Z 200 0 - 0.070 ms","timestamp":"2026-07-08 13:09:42"}
{"level":"info","message":"OPTIONS /api/appointments/stats?month=7&year=2026 200 0 - 0.047 ms","timestamp":"2026-07-08 13:09:42"}
{"level":"info","message":"OPTIONS /api/appointments/stats?month=6&year=2026 200 0 - 0.033 ms","timestamp":"2026-07-08 13:09:42"}
{"level":"info","message":"OPTIONS /api/appointments/revenue 200 0 - 0.032 ms","timestamp":"2026-07-08 13:09:42"}
{"level":"info","message":"OPTIONS /api/users 200 0 - 0.023 ms","timestamp":"2026-07-08 13:09:42"}
{"level":"info","message":"GET /api/attendance/2026/7 304 - - 118.360 ms","timestamp":"2026-07-08 13:09:42"}
{"level":"info","message":"GET /api/attendance/range?start=2026-06-30T18:30:00.000Z&end=2026-07-31T18:29:59.999Z 304 - - 113.279 ms","timestamp":"2026-07-08 13:09:42"}
{"level":"info","message":"GET /api/appointments/stats?month=6&year=2026 304 - - 53.326 ms","timestamp":"2026-07-08 13:09:42"}
{"level":"info","message":"GET /api/appointments/stats?month=7&year=2026 304 - - 55.434 ms","timestamp":"2026-07-08 13:09:42"}
{"level":"info","message":"GET /api/users/all 200 - - 112.335 ms","timestamp":"2026-07-08 13:09:42"}
{"level":"info","message":"GET /api/appointments/revenue 304 - - 84.303 ms","timestamp":"2026-07-08 13:09:42"}
{"level":"info","message":"GET /api/users 200 - - 115.117 ms","timestamp":"2026-07-08 13:09:42"}
{"level":"info","message":"OPTIONS /api/attendance/2026/7 200 0 - 0.235 ms","timestamp":"2026-07-08 13:10:42"}
{"level":"info","message":"OPTIONS /api/users/all 200 0 - 0.107 ms","timestamp":"2026-07-08 13:10:42"}
{"level":"info","message":"OPTIONS /api/attendance/range?start=2026-06-30T18:30:00.000Z&end=2026-07-31T18:29:59.999Z 200 0 - 0.088 ms","timestamp":"2026-07-08 13:10:42"}
{"level":"info","message":"OPTIONS /api/appointments/stats?month=7&year=2026 200 0 - 0.060 ms","timestamp":"2026-07-08 13:10:42"}
{"level":"info","message":"OPTIONS /api/appointments/stats?month=6&year=2026 200 0 - 0.039 ms","timestamp":"2026-07-08 13:10:42"}
{"level":"info","message":"OPTIONS /api/appointments/revenue 200 0 - 0.034 ms","timestamp":"2026-07-08 13:10:42"}
{"level":"info","message":"OPTIONS /api/users 200 0 - 0.055 ms","timestamp":"2026-07-08 13:10:42"}
{"level":"info","message":"GET /api/attendance/2026/7 304 - - 108.744 ms","timestamp":"2026-07-08 13:10:42"}
{"level":"info","message":"GET /api/attendance/range?start=2026-06-30T18:30:00.000Z&end=2026-07-31T18:29:59.999Z 304 - - 120.831 ms","timestamp":"2026-07-08 13:10:42"}
{"level":"info","message":"GET /api/appointments/stats?month=7&year=2026 304 - - 60.094 ms","timestamp":"2026-07-08 13:10:42"}
{"level":"info","message":"GET /api/appointments/stats?month=6&year=2026 304 - - 59.743 ms","timestamp":"2026-07-08 13:10:42"}
{"level":"info","message":"GET /api/users/all 200 - - 120.225 ms","timestamp":"2026-07-08 13:10:42"}
{"level":"info","message":"GET /api/appointments/revenue 304 - - 83.681 ms","timestamp":"2026-07-08 13:10:42"}
{"level":"info","message":"GET /api/users 200 - - 118.613 ms","timestamp":"2026-07-08 13:10:42"}
{"level":"info","message":"OPTIONS /api/attendance/2026/7 200 0 - 0.246 ms","timestamp":"2026-07-08 13:11:42"}
{"level":"info","message":"OPTIONS /api/users/all 200 0 - 0.147 ms","timestamp":"2026-07-08 13:11:42"}
{"level":"info","message":"OPTIONS /api/attendance/range?start=2026-06-30T18:30:00.000Z&end=2026-07-31T18:29:59.999Z 200 0 - 0.060 ms","timestamp":"2026-07-08 13:11:42"}
{"level":"info","message":"OPTIONS /api/appointments/stats?month=7&year=2026 200 0 - 0.044 ms","timestamp":"2026-07-08 13:11:42"}
{"level":"info","message":"OPTIONS /api/appointments/stats?month=6&year=2026 200 0 - 0.043 ms","timestamp":"2026-07-08 13:11:42"}
{"level":"info","message":"OPTIONS /api/appointments/revenue 200 0 - 0.040 ms","timestamp":"2026-07-08 13:11:42"}
{"level":"info","message":"OPTIONS /api/users 200 0 - 0.048 ms","timestamp":"2026-07-08 13:11:42"}
{"level":"info","message":"GET /api/attendance/range?start=2026-06-30T18:30:00.000Z&end=2026-07-31T18:29:59.999Z 304 - - 114.493 ms","timestamp":"2026-07-08 13:11:42"}
{"level":"info","message":"GET /api/attendance/2026/7 304 - - 123.064 ms","timestamp":"2026-07-08 13:11:42"}
{"level":"info","message":"GET /api/appointments/stats?month=7&year=2026 304 - - 56.584 ms","timestamp":"2026-07-08 13:11:42"}
{"level":"info","message":"GET /api/appointments/stats?month=6&year=2026 304 - - 55.144 ms","timestamp":"2026-07-08 13:11:42"}
{"level":"info","message":"GET /api/users/all 200 - - 115.657 ms","timestamp":"2026-07-08 13:11:42"}
{"level":"info","message":"GET /api/appointments/revenue 304 - - 84.297 ms","timestamp":"2026-07-08 13:11:42"}
{"level":"info","message":"GET /api/users 200 - - 118.367 ms","timestamp":"2026-07-08 13:11:42"}
{"level":"info","message":"OPTIONS /api/attendance/2026/7 200 0 - 0.077 ms","timestamp":"2026-07-08 13:12:42"}
{"level":"info","message":"OPTIONS /api/users/all 200 0 - 0.036 ms","timestamp":"2026-07-08 13:12:42"}
{"level":"info","message":"OPTIONS /api/attendance/range?start=2026-06-30T18:30:00.000Z&end=2026-07-31T18:29:59.999Z 200 0 - 0.079 ms","timestamp":"2026-07-08 13:12:42"}
{"level":"info","message":"OPTIONS /api/appointments/stats?month=7&year=2026 200 0 - 0.050 ms","timestamp":"2026-07-08 13:12:42"}
{"level":"info","message":"OPTIONS /api/appointments/stats?month=6&year=2026 200 0 - 0.073 ms","timestamp":"2026-07-08 13:12:42"}
{"level":"info","message":"OPTIONS /api/appointments/revenue 200 0 - 0.046 ms","timestamp":"2026-07-08 13:12:42"}
{"level":"info","message":"OPTIONS /api/users 200 0 - 0.032 ms","timestamp":"2026-07-08 13:12:42"}
{"level":"info","message":"GET /api/appointments/stats?month=7&year=2026 304 - - 50.616 ms","timestamp":"2026-07-08 13:12:42"}
{"level":"info","message":"GET /api/attendance/2026/7 304 - - 108.761 ms","timestamp":"2026-07-08 13:12:42"}
{"level":"info","message":"GET /api/appointments/stats?month=6&year=2026 304 - - 51.498 ms","timestamp":"2026-07-08 13:12:42"}
{"level":"info","message":"GET /api/attendance/range?start=2026-06-30T18:30:00.000Z&end=2026-07-31T18:29:59.999Z 304 - - 119.638 ms","timestamp":"2026-07-08 13:12:42"}
{"level":"info","message":"GET /api/users/all 200 - - 119.240 ms","timestamp":"2026-07-08 13:12:42"}
{"level":"info","message":"GET /api/appointments/revenue 304 - - 84.971 ms","timestamp":"2026-07-08 13:12:42"}
{"level":"info","message":"GET /api/users 200 - - 143.249 ms","timestamp":"2026-07-08 13:12:42"}
{"level":"info","message":"OPTIONS /api/attendance/2026/7 200 0 - 0.210 ms","timestamp":"2026-07-08 13:13:42"}
{"level":"info","message":"OPTIONS /api/users/all 200 0 - 0.170 ms","timestamp":"2026-07-08 13:13:42"}
{"level":"info","message":"OPTIONS /api/attendance/range?start=2026-06-30T18:30:00.000Z&end=2026-07-31T18:29:59.999Z 200 0 - 0.155 ms","timestamp":"2026-07-08 13:13:42"}
{"level":"info","message":"OPTIONS /api/appointments/stats?month=7&year=2026 200 0 - 0.053 ms","timestamp":"2026-07-08 13:13:42"}
{"level":"info","message":"OPTIONS /api/appointments/stats?month=6&year=2026 200 0 - 0.036 ms","timestamp":"2026-07-08 13:13:42"}
{"level":"info","message":"OPTIONS /api/appointments/revenue 200 0 - 0.029 ms","timestamp":"2026-07-08 13:13:42"}
{"level":"info","message":"OPTIONS /api/users 200 0 - 0.022 ms","timestamp":"2026-07-08 13:13:42"}
{"level":"info","message":"GET /api/attendance/2026/7 304 - - 117.755 ms","timestamp":"2026-07-08 13:13:42"}
{"level":"info","message":"GET /api/attendance/range?start=2026-06-30T18:30:00.000Z&end=2026-07-31T18:29:59.999Z 304 - - 113.812 ms","timestamp":"2026-07-08 13:13:42"}
{"level":"info","message":"GET /api/users/all 200 - - 113.297 ms","timestamp":"2026-07-08 13:13:42"}
{"level":"info","message":"GET /api/appointments/stats?month=7&year=2026 304 - - 52.435 ms","timestamp":"2026-07-08 13:13:42"}
{"level":"info","message":"GET /api/appointments/stats?month=6&year=2026 304 - - 52.788 ms","timestamp":"2026-07-08 13:13:42"}
{"level":"info","message":"GET /api/appointments/revenue 304 - - 82.488 ms","timestamp":"2026-07-08 13:13:42"}
{"level":"info","message":"GET /api/users 200 - - 116.766 ms","timestamp":"2026-07-08 13:13:42"}
{"level":"info","message":"OPTIONS /api/attendance/2026/7 200 0 - 0.250 ms","timestamp":"2026-07-08 13:14:42"}
{"level":"info","message":"OPTIONS /api/users/all 200 0 - 0.215 ms","timestamp":"2026-07-08 13:14:42"}
{"level":"info","message":"OPTIONS /api/attendance/range?start=2026-06-30T18:30:00.000Z&end=2026-07-31T18:29:59.999Z 200 0 - 0.057 ms","timestamp":"2026-07-08 13:14:42"}
{"level":"info","message":"OPTIONS /api/appointments/stats?month=7&year=2026 200 0 - 0.054 ms","timestamp":"2026-07-08 13:14:42"}
{"level":"info","message":"OPTIONS /api/appointments/stats?month=6&year=2026 200 0 - 0.046 ms","timestamp":"2026-07-08 13:14:42"}
{"level":"info","message":"OPTIONS /api/appointments/revenue 200 0 - 0.032 ms","timestamp":"2026-07-08 13:14:42"}
{"level":"info","message":"OPTIONS /api/users 200 0 - 0.032 ms","timestamp":"2026-07-08 13:14:42"}
{"level":"info","message":"GET /api/attendance/2026/7 304 - - 122.666 ms","timestamp":"2026-07-08 13:14:42"}
{"level":"info","message":"GET /api/appointments/stats?month=7&year=2026 304 - - 60.392 ms","timestamp":"2026-07-08 13:14:42"}
{"level":"info","message":"GET /api/appointments/stats?month=6&year=2026 304 - - 59.454 ms","timestamp":"2026-07-08 13:14:42"}
{"level":"info","message":"GET /api/attendance/range?start=2026-06-30T18:30:00.000Z&end=2026-07-31T18:29:59.999Z 304 - - 132.325 ms","timestamp":"2026-07-08 13:14:42"}
{"level":"info","message":"GET /api/users/all 200 - - 133.368 ms","timestamp":"2026-07-08 13:14:42"}
{"level":"info","message":"GET /api/appointments/revenue 304 - - 101.870 ms","timestamp":"2026-07-08 13:14:42"}
{"level":"info","message":"GET /api/users 200 - - 123.542 ms","timestamp":"2026-07-08 13:14:42"}
{"level":"info","message":"OPTIONS /api/attendance/2026/7 200 0 - 0.151 ms","timestamp":"2026-07-08 13:15:42"}
{"level":"info","message":"OPTIONS /api/users/all 200 0 - 0.168 ms","timestamp":"2026-07-08 13:15:42"}
{"level":"info","message":"OPTIONS /api/attendance/range?start=2026-06-30T18:30:00.000Z&end=2026-07-31T18:29:59.999Z 200 0 - 0.176 ms","timestamp":"2026-07-08 13:15:42"}
{"level":"info","message":"OPTIONS /api/appointments/stats?month=7&year=2026 200 0 - 0.058 ms","timestamp":"2026-07-08 13:15:42"}
{"level":"info","message":"OPTIONS /api/appointments/stats?month=6&year=2026 200 0 - 0.042 ms","timestamp":"2026-07-08 13:15:42"}
{"level":"info","message":"OPTIONS /api/appointments/revenue 200 0 - 0.031 ms","timestamp":"2026-07-08 13:15:42"}
{"level":"info","message":"OPTIONS /api/users 200 0 - 0.027 ms","timestamp":"2026-07-08 13:15:42"}
{"level":"info","message":"GET /api/attendance/2026/7 304 - - 109.493 ms","timestamp":"2026-07-08 13:15:42"}
{"level":"info","message":"GET /api/attendance/range?start=2026-06-30T18:30:00.000Z&end=2026-07-31T18:29:59.999Z 304 - - 119.117 ms","timestamp":"2026-07-08 13:15:42"}
{"level":"info","message":"GET /api/appointments/stats?month=7&year=2026 304 - - 62.892 ms","timestamp":"2026-07-08 13:15:42"}
{"level":"info","message":"GET /api/appointments/stats?month=6&year=2026 304 - - 62.509 ms","timestamp":"2026-07-08 13:15:42"}
{"level":"info","message":"GET /api/users/all 200 - - 125.122 ms","timestamp":"2026-07-08 13:15:42"}
{"level":"info","message":"GET /api/appointments/revenue 304 - - 90.328 ms","timestamp":"2026-07-08 13:15:42"}
{"level":"info","message":"GET /api/users 200 - - 115.820 ms","timestamp":"2026-07-08 13:15:42"}
{"level":"info","message":"OPTIONS /api/attendance/2026/7 200 0 - 0.207 ms","timestamp":"2026-07-08 13:16:42"}
{"level":"info","message":"OPTIONS /api/users/all 200 0 - 0.046 ms","timestamp":"2026-07-08 13:16:42"}
{"level":"info","message":"OPTIONS /api/attendance/range?start=2026-06-30T18:30:00.000Z&end=2026-07-31T18:29:59.999Z 200 0 - 0.038 ms","timestamp":"2026-07-08 13:16:42"}
{"level":"info","message":"OPTIONS /api/appointments/stats?month=7&year=2026 200 0 - 0.043 ms","timestamp":"2026-07-08 13:16:42"}
{"level":"info","message":"OPTIONS /api/appointments/stats?month=6&year=2026 200 0 - 0.037 ms","timestamp":"2026-07-08 13:16:42"}
{"level":"info","message":"OPTIONS /api/appointments/revenue 200 0 - 0.026 ms","timestamp":"2026-07-08 13:16:42"}
{"level":"info","message":"OPTIONS /api/users 200 0 - 0.024 ms","timestamp":"2026-07-08 13:16:42"}
{"level":"info","message":"GET /api/appointments/stats?month=7&year=2026 304 - - 52.004 ms","timestamp":"2026-07-08 13:16:42"}
{"level":"info","message":"GET /api/appointments/stats?month=6&year=2026 304 - - 51.255 ms","timestamp":"2026-07-08 13:16:42"}
{"level":"info","message":"GET /api/attendance/2026/7 304 - - 113.036 ms","timestamp":"2026-07-08 13:16:42"}
{"level":"info","message":"GET /api/attendance/range?start=2026-06-30T18:30:00.000Z&end=2026-07-31T18:29:59.999Z 304 - - 109.691 ms","timestamp":"2026-07-08 13:16:42"}
{"level":"info","message":"GET /api/users/all 200 - - 109.226 ms","timestamp":"2026-07-08 13:16:42"}
{"level":"info","message":"GET /api/appointments/revenue 304 - - 83.273 ms","timestamp":"2026-07-08 13:16:42"}
{"level":"info","message":"GET /api/users 200 - - 135.315 ms","timestamp":"2026-07-08 13:16:42"}
{"level":"info","message":"OPTIONS /api/attendance/2026/7 200 0 - 0.246 ms","timestamp":"2026-07-08 13:17:42"}
{"level":"info","message":"OPTIONS /api/users/all 200 0 - 0.106 ms","timestamp":"2026-07-08 13:17:42"}
{"level":"info","message":"OPTIONS /api/attendance/range?start=2026-06-30T18:30:00.000Z&end=2026-07-31T18:29:59.999Z 200 0 - 0.136 ms","timestamp":"2026-07-08 13:17:42"}
{"level":"info","message":"OPTIONS /api/appointments/stats?month=7&year=2026 200 0 - 0.064 ms","timestamp":"2026-07-08 13:17:42"}
{"level":"info","message":"OPTIONS /api/appointments/stats?month=6&year=2026 200 0 - 0.051 ms","timestamp":"2026-07-08 13:17:42"}
{"level":"info","message":"OPTIONS /api/appointments/revenue 200 0 - 0.037 ms","timestamp":"2026-07-08 13:17:42"}
{"level":"info","message":"OPTIONS /api/users 200 0 - 0.041 ms","timestamp":"2026-07-08 13:17:42"}
{"level":"info","message":"GET /api/attendance/2026/7 304 - - 122.904 ms","timestamp":"2026-07-08 13:17:42"}
{"level":"info","message":"GET /api/attendance/range?start=2026-06-30T18:30:00.000Z&end=2026-07-31T18:29:59.999Z 304 - - 117.118 ms","timestamp":"2026-07-08 13:17:42"}
{"level":"info","message":"GET /api/appointments/stats?month=6&year=2026 304 - - 60.010 ms","timestamp":"2026-07-08 13:17:42"}
{"level":"info","message":"GET /api/appointments/stats?month=7&year=2026 304 - - 61.589 ms","timestamp":"2026-07-08 13:17:42"}
{"level":"info","message":"GET /api/users/all 200 - - 115.362 ms","timestamp":"2026-07-08 13:17:42"}
{"level":"info","message":"GET /api/appointments/revenue 304 - - 87.794 ms","timestamp":"2026-07-08 13:17:42"}
{"level":"info","message":"GET /api/users 200 - - 137.963 ms","timestamp":"2026-07-08 13:17:42"}
{"level":"info","message":"OPTIONS /api/attendance/2026/7 200 0 - 0.334 ms","timestamp":"2026-07-08 13:18:42"}
{"level":"info","message":"OPTIONS /api/users/all 200 0 - 0.149 ms","timestamp":"2026-07-08 13:18:42"}
{"level":"info","message":"OPTIONS /api/attendance/range?start=2026-06-30T18:30:00.000Z&end=2026-07-31T18:29:59.999Z 200 0 - 0.072 ms","timestamp":"2026-07-08 13:18:42"}
{"level":"info","message":"OPTIONS /api/appointments/stats?month=7&year=2026 200 0 - 0.042 ms","timestamp":"2026-07-08 13:18:42"}
{"level":"info","message":"OPTIONS /api/appointments/stats?month=6&year=2026 200 0 - 0.029 ms","timestamp":"2026-07-08 13:18:42"}
{"level":"info","message":"OPTIONS /api/appointments/revenue 200 0 - 0.037 ms","timestamp":"2026-07-08 13:18:42"}
{"level":"info","message":"OPTIONS /api/users 200 0 - 0.041 ms","timestamp":"2026-07-08 13:18:42"}
{"level":"info","message":"GET /api/attendance/range?start=2026-06-30T18:30:00.000Z&end=2026-07-31T18:29:59.999Z 304 - - 113.806 ms","timestamp":"2026-07-08 13:18:42"}
{"level":"info","message":"GET /api/attendance/2026/7 304 - - 122.055 ms","timestamp":"2026-07-08 13:18:42"}
{"level":"info","message":"GET /api/appointments/stats?month=6&year=2026 304 - - 53.249 ms","timestamp":"2026-07-08 13:18:42"}
{"level":"info","message":"GET /api/users/all 200 - - 114.865 ms","timestamp":"2026-07-08 13:18:42"}
{"level":"info","message":"GET /api/appointments/stats?month=7&year=2026 304 - - 60.814 ms","timestamp":"2026-07-08 13:18:42"}
{"level":"info","message":"GET /api/appointments/revenue 304 - - 84.329 ms","timestamp":"2026-07-08 13:18:42"}
{"level":"info","message":"GET /api/users 200 - - 134.120 ms","timestamp":"2026-07-08 13:18:42"}
{"level":"info","message":"OPTIONS /api/attendance/2026/7 200 0 - 0.231 ms","timestamp":"2026-07-08 13:19:42"}
{"level":"info","message":"OPTIONS /api/users/all 200 0 - 0.177 ms","timestamp":"2026-07-08 13:19:42"}
{"level":"info","message":"OPTIONS /api/attendance/range?start=2026-06-30T18:30:00.000Z&end=2026-07-31T18:29:59.999Z 200 0 - 0.180 ms","timestamp":"2026-07-08 13:19:42"}
{"level":"info","message":"OPTIONS /api/appointments/stats?month=7&year=2026 200 0 - 0.047 ms","timestamp":"2026-07-08 13:19:42"}
{"level":"info","message":"OPTIONS /api/appointments/stats?month=6&year=2026 200 0 - 0.041 ms","timestamp":"2026-07-08 13:19:42"}
{"level":"info","message":"OPTIONS /api/appointments/revenue 200 0 - 0.029 ms","timestamp":"2026-07-08 13:19:42"}
{"level":"info","message":"OPTIONS /api/users 200 0 - 0.035 ms","timestamp":"2026-07-08 13:19:42"}
{"level":"info","message":"GET /api/attendance/2026/7 304 - - 108.033 ms","timestamp":"2026-07-08 13:19:42"}
{"level":"info","message":"GET /api/appointments/stats?month=7&year=2026 304 - - 51.959 ms","timestamp":"2026-07-08 13:19:42"}
{"level":"info","message":"GET /api/attendance/range?start=2026-06-30T18:30:00.000Z&end=2026-07-31T18:29:59.999Z 304 - - 107.508 ms","timestamp":"2026-07-08 13:19:42"}
{"level":"info","message":"GET /api/appointments/stats?month=6&year=2026 304 - - 52.823 ms","timestamp":"2026-07-08 13:19:42"}
{"level":"info","message":"GET /api/users/all 200 - - 113.361 ms","timestamp":"2026-07-08 13:19:42"}
{"level":"info","message":"GET /api/appointments/revenue 304 - - 88.053 ms","timestamp":"2026-07-08 13:19:42"}
{"level":"info","message":"GET /api/users 200 - - 112.127 ms","timestamp":"2026-07-08 13:19:42"}
{"level":"info","message":"OPTIONS /api/attendance/2026/7 200 0 - 0.529 ms","timestamp":"2026-07-08 13:20:42"}
{"level":"info","message":"OPTIONS /api/users/all 200 0 - 0.083 ms","timestamp":"2026-07-08 13:20:42"}
{"level":"info","message":"OPTIONS /api/attendance/range?start=2026-06-30T18:30:00.000Z&end=2026-07-31T18:29:59.999Z 200 0 - 0.098 ms","timestamp":"2026-07-08 13:20:42"}
{"level":"info","message":"OPTIONS /api/appointments/stats?month=7&year=2026 200 0 - 0.045 ms","timestamp":"2026-07-08 13:20:42"}
{"level":"info","message":"OPTIONS /api/appointments/stats?month=6&year=2026 200 0 - 0.030 ms","timestamp":"2026-07-08 13:20:42"}
{"level":"info","message":"OPTIONS /api/appointments/revenue 200 0 - 0.050 ms","timestamp":"2026-07-08 13:20:42"}
{"level":"info","message":"OPTIONS /api/users 200 0 - 0.031 ms","timestamp":"2026-07-08 13:20:42"}
{"level":"info","message":"GET /api/attendance/2026/7 304 - - 108.015 ms","timestamp":"2026-07-08 13:20:42"}
{"level":"info","message":"GET /api/appointments/stats?month=7&year=2026 304 - - 55.788 ms","timestamp":"2026-07-08 13:20:42"}
{"level":"info","message":"GET /api/appointments/stats?month=6&year=2026 304 - - 54.667 ms","timestamp":"2026-07-08 13:20:42"}
{"level":"info","message":"GET /api/attendance/range?start=2026-06-30T18:30:00.000Z&end=2026-07-31T18:29:59.999Z 304 - - 116.177 ms","timestamp":"2026-07-08 13:20:42"}
{"level":"info","message":"GET /api/users/all 200 - - 113.562 ms","timestamp":"2026-07-08 13:20:42"}
{"level":"info","message":"GET /api/appointments/revenue 304 - - 82.273 ms","timestamp":"2026-07-08 13:20:42"}
{"level":"info","message":"GET /api/users 200 - - 93.881 ms","timestamp":"2026-07-08 13:20:42"}
{"level":"info","message":"OPTIONS /api/attendance/2026/7 200 0 - 0.154 ms","timestamp":"2026-07-08 13:21:42"}
{"level":"info","message":"OPTIONS /api/users/all 200 0 - 0.132 ms","timestamp":"2026-07-08 13:21:42"}
{"level":"info","message":"OPTIONS /api/attendance/range?start=2026-06-30T18:30:00.000Z&end=2026-07-31T18:29:59.999Z 200 0 - 0.121 ms","timestamp":"2026-07-08 13:21:42"}
{"level":"info","message":"OPTIONS /api/appointments/stats?month=7&year=2026 200 0 - 0.074 ms","timestamp":"2026-07-08 13:21:42"}
{"level":"info","message":"OPTIONS /api/appointments/stats?month=6&year=2026 200 0 - 0.034 ms","timestamp":"2026-07-08 13:21:42"}
{"level":"info","message":"OPTIONS /api/appointments/revenue 200 0 - 0.032 ms","timestamp":"2026-07-08 13:21:42"}
{"level":"info","message":"OPTIONS /api/users 200 0 - 0.029 ms","timestamp":"2026-07-08 13:21:42"}
{"level":"info","message":"GET /api/attendance/2026/7 304 - - 108.692 ms","timestamp":"2026-07-08 13:21:42"}
{"level":"info","message":"GET /api/attendance/range?start=2026-06-30T18:30:00.000Z&end=2026-07-31T18:29:59.999Z 304 - - 113.206 ms","timestamp":"2026-07-08 13:21:42"}
{"level":"info","message":"GET /api/appointments/stats?month=7&year=2026 304 - - 56.181 ms","timestamp":"2026-07-08 13:21:42"}
{"level":"info","message":"GET /api/appointments/stats?month=6&year=2026 304 - - 55.871 ms","timestamp":"2026-07-08 13:21:42"}
{"level":"info","message":"GET /api/users/all 200 - - 114.546 ms","timestamp":"2026-07-08 13:21:42"}
{"level":"info","message":"GET /api/appointments/revenue 304 - - 84.588 ms","timestamp":"2026-07-08 13:21:42"}
{"level":"info","message":"GET /api/users 200 - - 136.317 ms","timestamp":"2026-07-08 13:21:42"}
{"level":"info","message":"OPTIONS /api/attendance/2026/7 200 0 - 0.216 ms","timestamp":"2026-07-08 13:22:42"}
{"level":"info","message":"OPTIONS /api/users/all 200 0 - 0.146 ms","timestamp":"2026-07-08 13:22:42"}
{"level":"info","message":"OPTIONS /api/attendance/range?start=2026-06-30T18:30:00.000Z&end=2026-07-31T18:29:59.999Z 200 0 - 0.092 ms","timestamp":"2026-07-08 13:22:42"}
{"level":"info","message":"OPTIONS /api/appointments/stats?month=7&year=2026 200 0 - 0.057 ms","timestamp":"2026-07-08 13:22:42"}
{"level":"info","message":"OPTIONS /api/appointments/stats?month=6&year=2026 200 0 - 0.055 ms","timestamp":"2026-07-08 13:22:42"}
{"level":"info","message":"OPTIONS /api/appointments/revenue 200 0 - 0.031 ms","timestamp":"2026-07-08 13:22:42"}
{"level":"info","message":"OPTIONS /api/users 200 0 - 0.038 ms","timestamp":"2026-07-08 13:22:42"}
{"level":"info","message":"GET /api/attendance/2026/7 304 - - 116.483 ms","timestamp":"2026-07-08 13:22:42"}
{"level":"info","message":"GET /api/attendance/range?start=2026-06-30T18:30:00.000Z&end=2026-07-31T18:29:59.999Z 304 - - 114.167 ms","timestamp":"2026-07-08 13:22:42"}
{"level":"info","message":"GET /api/appointments/stats?month=7&year=2026 304 - - 54.621 ms","timestamp":"2026-07-08 13:22:42"}
{"level":"info","message":"GET /api/appointments/stats?month=6&year=2026 304 - - 54.654 ms","timestamp":"2026-07-08 13:22:42"}
{"level":"info","message":"GET /api/users/all 200 - - 111.952 ms","timestamp":"2026-07-08 13:22:42"}
{"level":"info","message":"GET /api/appointments/revenue 304 - - 84.001 ms","timestamp":"2026-07-08 13:22:42"}
{"level":"info","message":"GET /api/users 200 - - 133.779 ms","timestamp":"2026-07-08 13:22:42"}
{"level":"info","message":"OPTIONS /api/attendance/2026/7 200 0 - 0.203 ms","timestamp":"2026-07-08 13:23:42"}
{"level":"info","message":"OPTIONS /api/users/all 200 0 - 0.153 ms","timestamp":"2026-07-08 13:23:42"}
{"level":"info","message":"OPTIONS /api/attendance/range?start=2026-06-30T18:30:00.000Z&end=2026-07-31T18:29:59.999Z 200 0 - 0.179 ms","timestamp":"2026-07-08 13:23:42"}
{"level":"info","message":"OPTIONS /api/appointments/stats?month=7&year=2026 200 0 - 0.046 ms","timestamp":"2026-07-08 13:23:42"}
{"level":"info","message":"OPTIONS /api/appointments/stats?month=6&year=2026 200 0 - 0.054 ms","timestamp":"2026-07-08 13:23:42"}
{"level":"info","message":"OPTIONS /api/appointments/revenue 200 0 - 0.049 ms","timestamp":"2026-07-08 13:23:42"}
{"level":"info","message":"OPTIONS /api/users 200 0 - 0.025 ms","timestamp":"2026-07-08 13:23:42"}
{"level":"info","message":"GET /api/attendance/2026/7 304 - - 112.288 ms","timestamp":"2026-07-08 13:23:42"}
{"level":"info","message":"GET /api/attendance/range?start=2026-06-30T18:30:00.000Z&end=2026-07-31T18:29:59.999Z 304 - - 114.570 ms","timestamp":"2026-07-08 13:23:42"}
{"level":"info","message":"GET /api/appointments/stats?month=7&year=2026 304 - - 54.652 ms","timestamp":"2026-07-08 13:23:42"}
{"level":"info","message":"GET /api/appointments/stats?month=6&year=2026 304 - - 54.342 ms","timestamp":"2026-07-08 13:23:42"}
{"level":"info","message":"GET /api/users/all 200 - - 117.521 ms","timestamp":"2026-07-08 13:23:42"}
{"level":"info","message":"GET /api/appointments/revenue 304 - - 83.363 ms","timestamp":"2026-07-08 13:23:42"}
{"level":"info","message":"GET /api/users 200 - - 95.738 ms","timestamp":"2026-07-08 13:23:42"}
{"level":"info","message":"OPTIONS /api/attendance/2026/7 200 0 - 0.422 ms","timestamp":"2026-07-08 13:24:42"}
{"level":"info","message":"OPTIONS /api/users/all 200 0 - 0.137 ms","timestamp":"2026-07-08 13:24:42"}
{"level":"info","message":"OPTIONS /api/attendance/range?start=2026-06-30T18:30:00.000Z&end=2026-07-31T18:29:59.999Z 200 0 - 0.235 ms","timestamp":"2026-07-08 13:24:42"}
{"level":"info","message":"OPTIONS /api/appointments/stats?month=7&year=2026 200 0 - 0.050 ms","timestamp":"2026-07-08 13:24:42"}
{"level":"info","message":"OPTIONS /api/appointments/stats?month=6&year=2026 200 0 - 0.042 ms","timestamp":"2026-07-08 13:24:42"}
{"level":"info","message":"OPTIONS /api/appointments/revenue 200 0 - 0.035 ms","timestamp":"2026-07-08 13:24:42"}
{"level":"info","message":"OPTIONS /api/users 200 0 - 0.027 ms","timestamp":"2026-07-08 13:24:42"}
{"level":"info","message":"GET /api/appointments/stats?month=7&year=2026 304 - - 50.533 ms","timestamp":"2026-07-08 13:24:42"}
{"level":"info","message":"GET /api/appointments/stats?month=6&year=2026 304 - - 51.968 ms","timestamp":"2026-07-08 13:24:42"}
{"level":"info","message":"GET /api/attendance/2026/7 304 - - 139.923 ms","timestamp":"2026-07-08 13:24:42"}
{"level":"info","message":"GET /api/attendance/range?start=2026-06-30T18:30:00.000Z&end=2026-07-31T18:29:59.999Z 304 - - 133.257 ms","timestamp":"2026-07-08 13:24:42"}
{"level":"info","message":"GET /api/users/all 200 - - 133.164 ms","timestamp":"2026-07-08 13:24:42"}
{"level":"info","message":"GET /api/appointments/revenue 304 - - 83.257 ms","timestamp":"2026-07-08 13:24:42"}
{"level":"info","message":"GET /api/users 200 - - 137.368 ms","timestamp":"2026-07-08 13:24:42"}
{"level":"info","message":"OPTIONS /api/attendance/2026/7 200 0 - 0.367 ms","timestamp":"2026-07-08 13:25:42"}
{"level":"info","message":"OPTIONS /api/users/all 200 0 - 0.105 ms","timestamp":"2026-07-08 13:25:42"}
{"level":"info","message":"OPTIONS /api/attendance/range?start=2026-06-30T18:30:00.000Z&end=2026-07-31T18:29:59.999Z 200 0 - 0.103 ms","timestamp":"2026-07-08 13:25:42"}
{"level":"info","message":"OPTIONS /api/appointments/stats?month=7&year=2026 200 0 - 0.048 ms","timestamp":"2026-07-08 13:25:42"}
{"level":"info","message":"OPTIONS /api/appointments/stats?month=6&year=2026 200 0 - 0.025 ms","timestamp":"2026-07-08 13:25:42"}
{"level":"info","message":"OPTIONS /api/appointments/revenue 200 0 - 0.037 ms","timestamp":"2026-07-08 13:25:42"}
{"level":"info","message":"OPTIONS /api/users 200 0 - 0.045 ms","timestamp":"2026-07-08 13:25:42"}
{"level":"info","message":"GET /api/attendance/2026/7 304 - - 110.296 ms","timestamp":"2026-07-08 13:25:42"}
{"level":"info","message":"GET /api/appointments/stats?month=7&year=2026 304 - - 53.533 ms","timestamp":"2026-07-08 13:25:42"}
{"level":"info","message":"GET /api/appointments/stats?month=6&year=2026 304 - - 64.339 ms","timestamp":"2026-07-08 13:25:42"}
{"level":"info","message":"GET /api/attendance/range?start=2026-06-30T18:30:00.000Z&end=2026-07-31T18:29:59.999Z 304 - - 121.348 ms","timestamp":"2026-07-08 13:25:42"}
{"level":"info","message":"GET /api/users/all 200 - - 119.489 ms","timestamp":"2026-07-08 13:25:42"}
{"level":"info","message":"GET /api/appointments/revenue 304 - - 91.056 ms","timestamp":"2026-07-08 13:25:42"}
{"level":"info","message":"GET /api/users 200 - - 139.268 ms","timestamp":"2026-07-08 13:25:42"}
{"level":"info","message":"OPTIONS /api/attendance/2026/7 200 0 - 0.081 ms","timestamp":"2026-07-08 13:26:42"}
{"level":"info","message":"OPTIONS /api/users/all 200 0 - 0.048 ms","timestamp":"2026-07-08 13:26:42"}
{"level":"info","message":"OPTIONS /api/attendance/range?start=2026-06-30T18:30:00.000Z&end=2026-07-31T18:29:59.999Z 200 0 - 0.092 ms","timestamp":"2026-07-08 13:26:42"}
{"level":"info","message":"OPTIONS /api/appointments/stats?month=7&year=2026 200 0 - 0.040 ms","timestamp":"2026-07-08 13:26:42"}
{"level":"info","message":"OPTIONS /api/appointments/stats?month=6&year=2026 200 0 - 0.026 ms","timestamp":"2026-07-08 13:26:42"}
{"level":"info","message":"OPTIONS /api/appointments/revenue 200 0 - 0.036 ms","timestamp":"2026-07-08 13:26:42"}
{"level":"info","message":"OPTIONS /api/users 200 0 - 0.038 ms","timestamp":"2026-07-08 13:26:42"}
{"level":"info","message":"GET /api/attendance/2026/7 304 - - 110.534 ms","timestamp":"2026-07-08 13:26:42"}
{"level":"info","message":"GET /api/attendance/range?start=2026-06-30T18:30:00.000Z&end=2026-07-31T18:29:59.999Z 304 - - 109.194 ms","timestamp":"2026-07-08 13:26:42"}
{"level":"info","message":"GET /api/users/all 200 - - 128.865 ms","timestamp":"2026-07-08 13:26:42"}
{"level":"info","message":"GET /api/appointments/stats?month=6&year=2026 304 - - 62.046 ms","timestamp":"2026-07-08 13:26:42"}
{"level":"info","message":"GET /api/appointments/stats?month=7&year=2026 304 - - 65.877 ms","timestamp":"2026-07-08 13:26:42"}
{"level":"info","message":"GET /api/appointments/revenue 304 - - 91.312 ms","timestamp":"2026-07-08 13:26:42"}
{"level":"info","message":"GET /api/users 200 - - 128.667 ms","timestamp":"2026-07-08 13:26:42"}
{"level":"info","message":"OPTIONS /api/attendance/2026/7 200 0 - 0.133 ms","timestamp":"2026-07-08 13:27:42"}
{"level":"info","message":"OPTIONS /api/users/all 200 0 - 0.113 ms","timestamp":"2026-07-08 13:27:42"}
{"level":"info","message":"OPTIONS /api/attendance/range?start=2026-06-30T18:30:00.000Z&end=2026-07-31T18:29:59.999Z 200 0 - 0.093 ms","timestamp":"2026-07-08 13:27:42"}
{"level":"info","message":"OPTIONS /api/appointments/stats?month=7&year=2026 200 0 - 0.046 ms","timestamp":"2026-07-08 13:27:42"}
{"level":"info","message":"OPTIONS /api/appointments/stats?month=6&year=2026 200 0 - 0.028 ms","timestamp":"2026-07-08 13:27:42"}
{"level":"info","message":"OPTIONS /api/appointments/revenue 200 0 - 0.033 ms","timestamp":"2026-07-08 13:27:42"}
{"level":"info","message":"OPTIONS /api/users 200 0 - 0.028 ms","timestamp":"2026-07-08 13:27:42"}
{"level":"info","message":"GET /api/attendance/2026/7 304 - - 109.491 ms","timestamp":"2026-07-08 13:27:42"}
{"level":"info","message":"GET /api/appointments/stats?month=7&year=2026 304 - - 50.869 ms","timestamp":"2026-07-08 13:27:42"}
{"level":"info","message":"GET /api/appointments/stats?month=6&year=2026 304 - - 49.980 ms","timestamp":"2026-07-08 13:27:42"}
{"level":"info","message":"GET /api/attendance/range?start=2026-06-30T18:30:00.000Z&end=2026-07-31T18:29:59.999Z 304 - - 121.489 ms","timestamp":"2026-07-08 13:27:42"}
{"level":"info","message":"GET /api/users/all 200 - - 123.279 ms","timestamp":"2026-07-08 13:27:42"}
{"level":"info","message":"GET /api/appointments/revenue 304 - - 81.800 ms","timestamp":"2026-07-08 13:27:42"}
{"level":"info","message":"GET /api/users 200 - - 119.273 ms","timestamp":"2026-07-08 13:27:42"}
{"level":"info","message":"OPTIONS /api/attendance/2026/7 200 0 - 0.088 ms","timestamp":"2026-07-08 13:28:42"}
{"level":"info","message":"OPTIONS /api/users/all 200 0 - 0.069 ms","timestamp":"2026-07-08 13:28:42"}
{"level":"info","message":"OPTIONS /api/attendance/range?start=2026-06-30T18:30:00.000Z&end=2026-07-31T18:29:59.999Z 200 0 - 0.063 ms","timestamp":"2026-07-08 13:28:42"}
{"level":"info","message":"OPTIONS /api/appointments/stats?month=7&year=2026 200 0 - 0.044 ms","timestamp":"2026-07-08 13:28:42"}
{"level":"info","message":"OPTIONS /api/appointments/stats?month=6&year=2026 200 0 - 0.023 ms","timestamp":"2026-07-08 13:28:42"}
{"level":"info","message":"OPTIONS /api/appointments/revenue 200 0 - 0.034 ms","timestamp":"2026-07-08 13:28:42"}
{"level":"info","message":"OPTIONS /api/users 200 0 - 0.032 ms","timestamp":"2026-07-08 13:28:42"}
{"level":"info","message":"GET /api/appointments/stats?month=7&year=2026 304 - - 51.636 ms","timestamp":"2026-07-08 13:28:42"}
{"level":"info","message":"GET /api/appointments/stats?month=6&year=2026 304 - - 65.497 ms","timestamp":"2026-07-08 13:28:42"}
{"level":"info","message":"GET /api/attendance/2026/7 304 - - 120.458 ms","timestamp":"2026-07-08 13:28:42"}
{"level":"info","message":"GET /api/attendance/range?start=2026-06-30T18:30:00.000Z&end=2026-07-31T18:29:59.999Z 304 - - 120.074 ms","timestamp":"2026-07-08 13:28:42"}
{"level":"info","message":"GET /api/users/all 200 - - 115.516 ms","timestamp":"2026-07-08 13:28:42"}
{"level":"info","message":"GET /api/appointments/revenue 304 - - 92.465 ms","timestamp":"2026-07-08 13:28:42"}
{"level":"info","message":"GET /api/users 200 - - 155.683 ms","timestamp":"2026-07-08 13:28:42"}
{"level":"info","message":"OPTIONS /api/attendance/2026/7 200 0 - 0.112 ms","timestamp":"2026-07-08 13:29:42"}
{"level":"info","message":"OPTIONS /api/users/all 200 0 - 0.078 ms","timestamp":"2026-07-08 13:29:42"}
{"level":"info","message":"OPTIONS /api/attendance/range?start=2026-06-30T18:30:00.000Z&end=2026-07-31T18:29:59.999Z 200 0 - 0.258 ms","timestamp":"2026-07-08 13:29:42"}
{"level":"info","message":"OPTIONS /api/appointments/stats?month=7&year=2026 200 0 - 0.053 ms","timestamp":"2026-07-08 13:29:42"}
{"level":"info","message":"OPTIONS /api/appointments/stats?month=6&year=2026 200 0 - 0.047 ms","timestamp":"2026-07-08 13:29:42"}
{"level":"info","message":"OPTIONS /api/appointments/revenue 200 0 - 0.050 ms","timestamp":"2026-07-08 13:29:42"}
{"level":"info","message":"OPTIONS /api/users 200 0 - 0.026 ms","timestamp":"2026-07-08 13:29:42"}
{"level":"info","message":"GET /api/attendance/2026/7 304 - - 108.197 ms","timestamp":"2026-07-08 13:29:42"}
{"level":"info","message":"GET /api/attendance/range?start=2026-06-30T18:30:00.000Z&end=2026-07-31T18:29:59.999Z 304 - - 118.299 ms","timestamp":"2026-07-08 13:29:42"}
{"level":"info","message":"GET /api/users/all 200 - - 117.194 ms","timestamp":"2026-07-08 13:29:42"}
{"level":"info","message":"GET /api/appointments/stats?month=7&year=2026 304 - - 61.679 ms","timestamp":"2026-07-08 13:29:42"}
{"level":"info","message":"GET /api/appointments/stats?month=6&year=2026 304 - - 61.246 ms","timestamp":"2026-07-08 13:29:42"}
{"level":"info","message":"GET /api/appointments/revenue 304 - - 91.347 ms","timestamp":"2026-07-08 13:29:42"}
{"level":"info","message":"GET /api/users 200 - - 113.135 ms","timestamp":"2026-07-08 13:29:42"}
{"level":"info","message":"OPTIONS /api/attendance/2026/7 200 0 - 0.074 ms","timestamp":"2026-07-08 13:30:42"}
{"level":"info","message":"OPTIONS /api/users/all 200 0 - 0.060 ms","timestamp":"2026-07-08 13:30:42"}
{"level":"info","message":"OPTIONS /api/attendance/range?start=2026-06-30T18:30:00.000Z&end=2026-07-31T18:29:59.999Z 200 0 - 0.041 ms","timestamp":"2026-07-08 13:30:42"}
{"level":"info","message":"OPTIONS /api/appointments/stats?month=7&year=2026 200 0 - 0.047 ms","timestamp":"2026-07-08 13:30:42"}
{"level":"info","message":"OPTIONS /api/appointments/stats?month=6&year=2026 200 0 - 0.039 ms","timestamp":"2026-07-08 13:30:42"}
{"level":"info","message":"OPTIONS /api/appointments/revenue 200 0 - 0.038 ms","timestamp":"2026-07-08 13:30:42"}
{"level":"info","message":"OPTIONS /api/users 200 0 - 0.043 ms","timestamp":"2026-07-08 13:30:42"}
{"level":"info","message":"GET /api/attendance/2026/7 304 - - 117.152 ms","timestamp":"2026-07-08 13:30:42"}
{"level":"info","message":"GET /api/attendance/range?start=2026-06-30T18:30:00.000Z&end=2026-07-31T18:29:59.999Z 304 - - 117.214 ms","timestamp":"2026-07-08 13:30:42"}
{"level":"info","message":"GET /api/appointments/stats?month=6&year=2026 304 - - 57.264 ms","timestamp":"2026-07-08 13:30:42"}
{"level":"info","message":"GET /api/appointments/stats?month=7&year=2026 304 - - 60.675 ms","timestamp":"2026-07-08 13:30:42"}
{"level":"info","message":"GET /api/users/all 200 - - 112.318 ms","timestamp":"2026-07-08 13:30:42"}
{"level":"info","message":"GET /api/appointments/revenue 304 - - 91.319 ms","timestamp":"2026-07-08 13:30:42"}
{"level":"info","message":"GET /api/users 200 - - 137.034 ms","timestamp":"2026-07-08 13:30:42"}
{"level":"info","message":"OPTIONS /api/attendance/2026/7 200 0 - 0.278 ms","timestamp":"2026-07-08 13:31:42"}
{"level":"info","message":"OPTIONS /api/users/all 200 0 - 0.148 ms","timestamp":"2026-07-08 13:31:42"}
{"level":"info","message":"OPTIONS /api/attendance/range?start=2026-06-30T18:30:00.000Z&end=2026-07-31T18:29:59.999Z 200 0 - 0.213 ms","timestamp":"2026-07-08 13:31:42"}
{"level":"info","message":"OPTIONS /api/appointments/stats?month=7&year=2026 200 0 - 0.083 ms","timestamp":"2026-07-08 13:31:42"}
{"level":"info","message":"OPTIONS /api/appointments/revenue 200 0 - 0.051 ms","timestamp":"2026-07-08 13:31:42"}
{"level":"info","message":"OPTIONS /api/appointments/stats?month=6&year=2026 200 0 - 0.025 ms","timestamp":"2026-07-08 13:31:42"}
{"level":"info","message":"OPTIONS /api/users 200 0 - 0.031 ms","timestamp":"2026-07-08 13:31:42"}
{"level":"info","message":"GET /api/attendance/2026/7 304 - - 118.472 ms","timestamp":"2026-07-08 13:31:42"}
{"level":"info","message":"GET /api/attendance/range?start=2026-06-30T18:30:00.000Z&end=2026-07-31T18:29:59.999Z 304 - - 114.920 ms","timestamp":"2026-07-08 13:31:42"}
{"level":"info","message":"GET /api/appointments/stats?month=7&year=2026 304 - - 53.320 ms","timestamp":"2026-07-08 13:31:42"}
{"level":"info","message":"GET /api/users/all 200 - - 113.946 ms","timestamp":"2026-07-08 13:31:42"}
{"level":"info","message":"GET /api/appointments/stats?month=6&year=2026 304 - - 54.864 ms","timestamp":"2026-07-08 13:31:42"}
{"level":"info","message":"GET /api/appointments/revenue 304 - - 82.464 ms","timestamp":"2026-07-08 13:31:42"}
{"level":"info","message":"GET /api/users 200 - - 112.840 ms","timestamp":"2026-07-08 13:31:42"}
{"level":"info","message":"OPTIONS /api/attendance/2026/7 200 0 - 0.067 ms","timestamp":"2026-07-08 13:32:42"}
{"level":"info","message":"OPTIONS /api/users/all 200 0 - 0.072 ms","timestamp":"2026-07-08 13:32:42"}
{"level":"info","message":"OPTIONS /api/attendance/range?start=2026-06-30T18:30:00.000Z&end=2026-07-31T18:29:59.999Z 200 0 - 0.046 ms","timestamp":"2026-07-08 13:32:42"}
{"level":"info","message":"OPTIONS /api/appointments/stats?month=7&year=2026 200 0 - 0.064 ms","timestamp":"2026-07-08 13:32:42"}
{"level":"info","message":"OPTIONS /api/appointments/stats?month=6&year=2026 200 0 - 0.036 ms","timestamp":"2026-07-08 13:32:42"}
{"level":"info","message":"OPTIONS /api/appointments/revenue 200 0 - 0.043 ms","timestamp":"2026-07-08 13:32:42"}
{"level":"info","message":"OPTIONS /api/users 200 0 - 0.027 ms","timestamp":"2026-07-08 13:32:42"}
{"level":"info","message":"GET /api/appointments/stats?month=7&year=2026 304 - - 51.864 ms","timestamp":"2026-07-08 13:32:42"}
{"level":"info","message":"GET /api/appointments/stats?month=6&year=2026 304 - - 52.220 ms","timestamp":"2026-07-08 13:32:42"}
{"level":"info","message":"GET /api/attendance/2026/7 304 - - 124.939 ms","timestamp":"2026-07-08 13:32:42"}
{"level":"info","message":"GET /api/users/all 200 - - 120.914 ms","timestamp":"2026-07-08 13:32:42"}
{"level":"info","message":"GET /api/attendance/range?start=2026-06-30T18:30:00.000Z&end=2026-07-31T18:29:59.999Z 304 - - 129.596 ms","timestamp":"2026-07-08 13:32:42"}
{"level":"info","message":"GET /api/appointments/revenue 304 - - 80.077 ms","timestamp":"2026-07-08 13:32:42"}
{"level":"info","message":"GET /api/users 200 - - 137.663 ms","timestamp":"2026-07-08 13:32:42"}
{"level":"info","message":"OPTIONS /api/attendance/2026/7 200 0 - 0.213 ms","timestamp":"2026-07-08 13:33:42"}
{"level":"info","message":"OPTIONS /api/users/all 200 0 - 0.168 ms","timestamp":"2026-07-08 13:33:42"}
{"level":"info","message":"OPTIONS /api/attendance/range?start=2026-06-30T18:30:00.000Z&end=2026-07-31T18:29:59.999Z 200 0 - 0.076 ms","timestamp":"2026-07-08 13:33:42"}
{"level":"info","message":"OPTIONS /api/appointments/stats?month=7&year=2026 200 0 - 0.067 ms","timestamp":"2026-07-08 13:33:42"}
{"level":"info","message":"OPTIONS /api/appointments/stats?month=6&year=2026 200 0 - 0.048 ms","timestamp":"2026-07-08 13:33:42"}
{"level":"info","message":"OPTIONS /api/appointments/revenue 200 0 - 0.037 ms","timestamp":"2026-07-08 13:33:42"}
{"level":"info","message":"OPTIONS /api/users 200 0 - 0.033 ms","timestamp":"2026-07-08 13:33:42"}
{"level":"info","message":"GET /api/attendance/range?start=2026-06-30T18:30:00.000Z&end=2026-07-31T18:29:59.999Z 304 - - 116.383 ms","timestamp":"2026-07-08 13:33:42"}
{"level":"info","message":"GET /api/appointments/stats?month=7&year=2026 304 - - 55.649 ms","timestamp":"2026-07-08 13:33:42"}
{"level":"info","message":"GET /api/appointments/stats?month=6&year=2026 304 - - 55.136 ms","timestamp":"2026-07-08 13:33:42"}
{"level":"info","message":"GET /api/attendance/2026/7 304 - - 125.997 ms","timestamp":"2026-07-08 13:33:42"}
{"level":"info","message":"GET /api/users/all 200 - - 117.422 ms","timestamp":"2026-07-08 13:33:42"}
{"level":"info","message":"GET /api/appointments/revenue 304 - - 85.238 ms","timestamp":"2026-07-08 13:33:42"}
{"level":"info","message":"GET /api/users 200 - - 115.242 ms","timestamp":"2026-07-08 13:33:42"}
{"level":"info","message":"OPTIONS /api/attendance/2026/7 200 0 - 0.067 ms","timestamp":"2026-07-08 13:34:42"}
{"level":"info","message":"OPTIONS /api/users/all 200 0 - 0.055 ms","timestamp":"2026-07-08 13:34:42"}
{"level":"info","message":"OPTIONS /api/attendance/range?start=2026-06-30T18:30:00.000Z&end=2026-07-31T18:29:59.999Z 200 0 - 0.054 ms","timestamp":"2026-07-08 13:34:42"}
{"level":"info","message":"OPTIONS /api/appointments/stats?month=7&year=2026 200 0 - 0.056 ms","timestamp":"2026-07-08 13:34:42"}
{"level":"info","message":"OPTIONS /api/appointments/stats?month=6&year=2026 200 0 - 0.073 ms","timestamp":"2026-07-08 13:34:42"}
{"level":"info","message":"OPTIONS /api/appointments/revenue 200 0 - 0.054 ms","timestamp":"2026-07-08 13:34:42"}
{"level":"info","message":"OPTIONS /api/users 200 0 - 0.024 ms","timestamp":"2026-07-08 13:34:42"}
{"level":"info","message":"GET /api/appointments/stats?month=7&year=2026 304 - - 54.347 ms","timestamp":"2026-07-08 13:34:42"}
{"level":"info","message":"GET /api/attendance/range?start=2026-06-30T18:30:00.000Z&end=2026-07-31T18:29:59.999Z 304 - - 113.508 ms","timestamp":"2026-07-08 13:34:42"}
{"level":"info","message":"GET /api/appointments/stats?month=6&year=2026 304 - - 56.365 ms","timestamp":"2026-07-08 13:34:42"}
{"level":"info","message":"GET /api/attendance/2026/7 304 - - 121.828 ms","timestamp":"2026-07-08 13:34:42"}
{"level":"info","message":"GET /api/users/all 200 - - 111.726 ms","timestamp":"2026-07-08 13:34:42"}
{"level":"info","message":"GET /api/appointments/revenue 304 - - 85.280 ms","timestamp":"2026-07-08 13:34:42"}
{"level":"info","message":"GET /api/users 200 - - 114.205 ms","timestamp":"2026-07-08 13:34:42"}
{"level":"info","message":"OPTIONS /api/attendance/2026/7 200 0 - 0.107 ms","timestamp":"2026-07-08 13:35:42"}
{"level":"info","message":"OPTIONS /api/users/all 200 0 - 0.083 ms","timestamp":"2026-07-08 13:35:42"}
{"level":"info","message":"OPTIONS /api/attendance/range?start=2026-06-30T18:30:00.000Z&end=2026-07-31T18:29:59.999Z 200 0 - 0.147 ms","timestamp":"2026-07-08 13:35:42"}
{"level":"info","message":"OPTIONS /api/appointments/stats?month=7&year=2026 200 0 - 0.046 ms","timestamp":"2026-07-08 13:35:42"}
{"level":"info","message":"OPTIONS /api/appointments/stats?month=6&year=2026 200 0 - 0.039 ms","timestamp":"2026-07-08 13:35:42"}
{"level":"info","message":"OPTIONS /api/appointments/revenue 200 0 - 0.028 ms","timestamp":"2026-07-08 13:35:42"}
{"level":"info","message":"OPTIONS /api/users 200 0 - 0.027 ms","timestamp":"2026-07-08 13:35:42"}
{"level":"info","message":"GET /api/attendance/2026/7 304 - - 110.106 ms","timestamp":"2026-07-08 13:35:42"}
{"level":"info","message":"GET /api/attendance/range?start=2026-06-30T18:30:00.000Z&end=2026-07-31T18:29:59.999Z 304 - - 119.491 ms","timestamp":"2026-07-08 13:35:42"}
{"level":"info","message":"GET /api/users/all 200 - - 118.244 ms","timestamp":"2026-07-08 13:35:42"}
{"level":"info","message":"GET /api/appointments/stats?month=6&year=2026 304 - - 62.642 ms","timestamp":"2026-07-08 13:35:42"}
{"level":"info","message":"GET /api/appointments/stats?month=7&year=2026 304 - - 64.856 ms","timestamp":"2026-07-08 13:35:42"}
{"level":"info","message":"GET /api/appointments/revenue 304 - - 90.022 ms","timestamp":"2026-07-08 13:35:42"}
{"level":"info","message":"GET /api/users 200 - - 107.469 ms","timestamp":"2026-07-08 13:35:42"}
{"level":"info","message":"OPTIONS /api/attendance/2026/7 200 0 - 0.360 ms","timestamp":"2026-07-08 13:36:42"}
{"level":"info","message":"OPTIONS /api/users/all 200 0 - 0.209 ms","timestamp":"2026-07-08 13:36:42"}
{"level":"info","message":"OPTIONS /api/attendance/range?start=2026-06-30T18:30:00.000Z&end=2026-07-31T18:29:59.999Z 200 0 - 0.101 ms","timestamp":"2026-07-08 13:36:42"}
{"level":"info","message":"OPTIONS /api/appointments/stats?month=7&year=2026 200 0 - 0.052 ms","timestamp":"2026-07-08 13:36:42"}
{"level":"info","message":"OPTIONS /api/appointments/stats?month=6&year=2026 200 0 - 0.050 ms","timestamp":"2026-07-08 13:36:42"}
{"level":"info","message":"OPTIONS /api/appointments/revenue 200 0 - 0.038 ms","timestamp":"2026-07-08 13:36:42"}
{"level":"info","message":"OPTIONS /api/users 200 0 - 0.028 ms","timestamp":"2026-07-08 13:36:42"}
{"level":"info","message":"GET /api/attendance/2026/7 304 - - 119.555 ms","timestamp":"2026-07-08 13:36:42"}
{"level":"info","message":"GET /api/attendance/range?start=2026-06-30T18:30:00.000Z&end=2026-07-31T18:29:59.999Z 304 - - 115.733 ms","timestamp":"2026-07-08 13:36:42"}
{"level":"info","message":"GET /api/users/all 200 - - 114.930 ms","timestamp":"2026-07-08 13:36:42"}
{"level":"info","message":"GET /api/appointments/stats?month=6&year=2026 304 - - 59.665 ms","timestamp":"2026-07-08 13:36:42"}
{"level":"info","message":"GET /api/appointments/stats?month=7&year=2026 304 - - 62.796 ms","timestamp":"2026-07-08 13:36:42"}
{"level":"info","message":"GET /api/appointments/revenue 304 - - 90.051 ms","timestamp":"2026-07-08 13:36:42"}
{"level":"info","message":"GET /api/users 200 - - 118.568 ms","timestamp":"2026-07-08 13:36:42"}
{"level":"info","message":"OPTIONS /api/attendance/2026/7 200 0 - 0.059 ms","timestamp":"2026-07-08 13:37:42"}
{"level":"info","message":"OPTIONS /api/users/all 200 0 - 0.051 ms","timestamp":"2026-07-08 13:37:42"}
{"level":"info","message":"OPTIONS /api/attendance/range?start=2026-06-30T18:30:00.000Z&end=2026-07-31T18:29:59.999Z 200 0 - 0.038 ms","timestamp":"2026-07-08 13:37:42"}
{"level":"info","message":"OPTIONS /api/appointments/stats?month=7&year=2026 200 0 - 0.064 ms","timestamp":"2026-07-08 13:37:42"}
{"level":"info","message":"OPTIONS /api/appointments/stats?month=6&year=2026 200 0 - 0.050 ms","timestamp":"2026-07-08 13:37:42"}
{"level":"info","message":"OPTIONS /api/appointments/revenue 200 0 - 0.042 ms","timestamp":"2026-07-08 13:37:42"}
{"level":"info","message":"OPTIONS /api/users 200 0 - 0.039 ms","timestamp":"2026-07-08 13:37:42"}
{"level":"info","message":"GET /api/attendance/2026/7 304 - - 116.263 ms","timestamp":"2026-07-08 13:37:42"}
{"level":"info","message":"GET /api/users/all 200 - - 110.397 ms","timestamp":"2026-07-08 13:37:42"}
{"level":"info","message":"GET /api/appointments/stats?month=6&year=2026 304 - - 61.538 ms","timestamp":"2026-07-08 13:37:42"}
{"level":"info","message":"GET /api/attendance/range?start=2026-06-30T18:30:00.000Z&end=2026-07-31T18:29:59.999Z 304 - - 119.752 ms","timestamp":"2026-07-08 13:37:42"}
{"level":"info","message":"GET /api/appointments/stats?month=7&year=2026 304 - - 65.837 ms","timestamp":"2026-07-08 13:37:42"}
{"level":"info","message":"GET /api/appointments/revenue 304 - - 85.978 ms","timestamp":"2026-07-08 13:37:42"}
{"level":"info","message":"GET /api/users 200 - - 113.711 ms","timestamp":"2026-07-08 13:37:42"}
{"level":"info","message":"OPTIONS /api/attendance/2026/7 200 0 - 0.218 ms","timestamp":"2026-07-08 13:38:42"}
{"level":"info","message":"OPTIONS /api/users/all 200 0 - 0.157 ms","timestamp":"2026-07-08 13:38:42"}
{"level":"info","message":"OPTIONS /api/attendance/range?start=2026-06-30T18:30:00.000Z&end=2026-07-31T18:29:59.999Z 200 0 - 0.083 ms","timestamp":"2026-07-08 13:38:42"}
{"level":"info","message":"OPTIONS /api/appointments/stats?month=7&year=2026 200 0 - 0.053 ms","timestamp":"2026-07-08 13:38:42"}
{"level":"info","message":"OPTIONS /api/appointments/stats?month=6&year=2026 200 0 - 0.024 ms","timestamp":"2026-07-08 13:38:42"}
{"level":"info","message":"OPTIONS /api/appointments/revenue 200 0 - 0.038 ms","timestamp":"2026-07-08 13:38:42"}
{"level":"info","message":"OPTIONS /api/users 200 0 - 0.031 ms","timestamp":"2026-07-08 13:38:42"}
{"level":"info","message":"GET /api/attendance/2026/7 304 - - 118.314 ms","timestamp":"2026-07-08 13:38:42"}
{"level":"info","message":"GET /api/attendance/range?start=2026-06-30T18:30:00.000Z&end=2026-07-31T18:29:59.999Z 304 - - 112.664 ms","timestamp":"2026-07-08 13:38:42"}
{"level":"info","message":"GET /api/appointments/stats?month=6&year=2026 304 - - 55.778 ms","timestamp":"2026-07-08 13:38:42"}
{"level":"info","message":"GET /api/appointments/stats?month=7&year=2026 304 - - 61.032 ms","timestamp":"2026-07-08 13:38:42"}
{"level":"info","message":"GET /api/users/all 200 - - 112.096 ms","timestamp":"2026-07-08 13:38:42"}
{"level":"info","message":"GET /api/appointments/revenue 304 - - 84.681 ms","timestamp":"2026-07-08 13:38:42"}
{"level":"info","message":"GET /api/users 200 - - 138.117 ms","timestamp":"2026-07-08 13:38:42"}
{"level":"info","message":"OPTIONS /api/attendance/2026/7 200 0 - 0.057 ms","timestamp":"2026-07-08 13:39:42"}
{"level":"info","message":"OPTIONS /api/users/all 200 0 - 0.124 ms","timestamp":"2026-07-08 13:39:42"}
{"level":"info","message":"OPTIONS /api/attendance/range?start=2026-06-30T18:30:00.000Z&end=2026-07-31T18:29:59.999Z 200 0 - 0.063 ms","timestamp":"2026-07-08 13:39:42"}
{"level":"info","message":"OPTIONS /api/appointments/stats?month=7&year=2026 200 0 - 0.047 ms","timestamp":"2026-07-08 13:39:42"}
{"level":"info","message":"OPTIONS /api/appointments/stats?month=6&year=2026 200 0 - 0.028 ms","timestamp":"2026-07-08 13:39:42"}
{"level":"info","message":"OPTIONS /api/appointments/revenue 200 0 - 0.030 ms","timestamp":"2026-07-08 13:39:42"}
{"level":"info","message":"OPTIONS /api/users 200 0 - 0.068 ms","timestamp":"2026-07-08 13:39:42"}
{"level":"info","message":"GET /api/appointments/stats?month=7&year=2026 304 - - 51.678 ms","timestamp":"2026-07-08 13:39:42"}
{"level":"info","message":"GET /api/appointments/stats?month=6&year=2026 304 - - 60.781 ms","timestamp":"2026-07-08 13:39:42"}
{"level":"info","message":"GET /api/attendance/2026/7 304 - - 125.309 ms","timestamp":"2026-07-08 13:39:42"}
{"level":"info","message":"GET /api/attendance/range?start=2026-06-30T18:30:00.000Z&end=2026-07-31T18:29:59.999Z 304 - - 126.172 ms","timestamp":"2026-07-08 13:39:42"}
{"level":"info","message":"GET /api/users/all 200 - - 118.182 ms","timestamp":"2026-07-08 13:39:42"}
{"level":"info","message":"GET /api/appointments/revenue 304 - - 90.409 ms","timestamp":"2026-07-08 13:39:42"}
{"level":"info","message":"GET /api/users 200 - - 141.626 ms","timestamp":"2026-07-08 13:39:42"}
{"level":"info","message":"OPTIONS /api/attendance/2026/7 200 0 - 0.116 ms","timestamp":"2026-07-08 13:40:42"}
{"level":"info","message":"OPTIONS /api/users/all 200 0 - 0.076 ms","timestamp":"2026-07-08 13:40:42"}
{"level":"info","message":"OPTIONS /api/attendance/range?start=2026-06-30T18:30:00.000Z&end=2026-07-31T18:29:59.999Z 200 0 - 0.149 ms","timestamp":"2026-07-08 13:40:42"}
{"level":"info","message":"OPTIONS /api/appointments/stats?month=7&year=2026 200 0 - 0.053 ms","timestamp":"2026-07-08 13:40:42"}
{"level":"info","message":"OPTIONS /api/appointments/stats?month=6&year=2026 200 0 - 0.025 ms","timestamp":"2026-07-08 13:40:42"}
{"level":"info","message":"OPTIONS /api/appointments/revenue 200 0 - 0.028 ms","timestamp":"2026-07-08 13:40:42"}
{"level":"info","message":"OPTIONS /api/users 200 0 - 0.037 ms","timestamp":"2026-07-08 13:40:42"}
{"level":"info","message":"GET /api/appointments/stats?month=7&year=2026 304 - - 50.783 ms","timestamp":"2026-07-08 13:40:42"}
{"level":"info","message":"GET /api/appointments/stats?month=6&year=2026 304 - - 50.968 ms","timestamp":"2026-07-08 13:40:42"}
{"level":"info","message":"GET /api/attendance/2026/7 304 - - 115.610 ms","timestamp":"2026-07-08 13:40:42"}
{"level":"info","message":"GET /api/attendance/range?start=2026-06-30T18:30:00.000Z&end=2026-07-31T18:29:59.999Z 304 - - 133.122 ms","timestamp":"2026-07-08 13:40:42"}
{"level":"info","message":"GET /api/appointments/revenue 304 - - 83.110 ms","timestamp":"2026-07-08 13:40:42"}
{"level":"info","message":"GET /api/users/all 200 - - 134.515 ms","timestamp":"2026-07-08 13:40:42"}
{"level":"info","message":"GET /api/users 200 - - 144.185 ms","timestamp":"2026-07-08 13:40:42"}
{"level":"info","message":"OPTIONS /api/attendance/2026/7 200 0 - 0.074 ms","timestamp":"2026-07-08 13:41:42"}
{"level":"info","message":"OPTIONS /api/users/all 200 0 - 0.044 ms","timestamp":"2026-07-08 13:41:42"}
{"level":"info","message":"OPTIONS /api/attendance/range?start=2026-06-30T18:30:00.000Z&end=2026-07-31T18:29:59.999Z 200 0 - 0.071 ms","timestamp":"2026-07-08 13:41:42"}
{"level":"info","message":"OPTIONS /api/appointments/stats?month=7&year=2026 200 0 - 0.047 ms","timestamp":"2026-07-08 13:41:42"}
{"level":"info","message":"OPTIONS /api/appointments/stats?month=6&year=2026 200 0 - 0.034 ms","timestamp":"2026-07-08 13:41:42"}
{"level":"info","message":"OPTIONS /api/appointments/revenue 200 0 - 0.031 ms","timestamp":"2026-07-08 13:41:42"}
{"level":"info","message":"OPTIONS /api/users 200 0 - 0.080 ms","timestamp":"2026-07-08 13:41:42"}
{"level":"info","message":"GET /api/attendance/range?start=2026-06-30T18:30:00.000Z&end=2026-07-31T18:29:59.999Z 304 - - 112.426 ms","timestamp":"2026-07-08 13:41:42"}
{"level":"info","message":"GET /api/appointments/stats?month=7&year=2026 304 - - 57.965 ms","timestamp":"2026-07-08 13:41:42"}
{"level":"info","message":"GET /api/appointments/stats?month=6&year=2026 304 - - 56.661 ms","timestamp":"2026-07-08 13:41:42"}
{"level":"info","message":"GET /api/users/all 200 - - 112.008 ms","timestamp":"2026-07-08 13:41:42"}
{"level":"info","message":"GET /api/attendance/2026/7 304 - - 122.916 ms","timestamp":"2026-07-08 13:41:42"}
{"level":"info","message":"GET /api/appointments/revenue 304 - - 85.705 ms","timestamp":"2026-07-08 13:41:42"}
{"level":"info","message":"GET /api/users 200 - - 137.051 ms","timestamp":"2026-07-08 13:41:42"}
{"level":"info","message":"OPTIONS /api/attendance/2026/7 200 0 - 0.253 ms","timestamp":"2026-07-08 13:42:42"}
{"level":"info","message":"OPTIONS /api/users/all 200 0 - 0.107 ms","timestamp":"2026-07-08 13:42:42"}
{"level":"info","message":"OPTIONS /api/attendance/range?start=2026-06-30T18:30:00.000Z&end=2026-07-31T18:29:59.999Z 200 0 - 0.113 ms","timestamp":"2026-07-08 13:42:42"}
{"level":"info","message":"OPTIONS /api/appointments/stats?month=7&year=2026 200 0 - 0.052 ms","timestamp":"2026-07-08 13:42:42"}
{"level":"info","message":"OPTIONS /api/appointments/stats?month=6&year=2026 200 0 - 0.044 ms","timestamp":"2026-07-08 13:42:42"}
{"level":"info","message":"OPTIONS /api/appointments/revenue 200 0 - 0.039 ms","timestamp":"2026-07-08 13:42:42"}
{"level":"info","message":"OPTIONS /api/users 200 0 - 0.034 ms","timestamp":"2026-07-08 13:42:42"}
{"level":"info","message":"GET /api/attendance/2026/7 304 - - 108.256 ms","timestamp":"2026-07-08 13:42:42"}
{"level":"info","message":"GET /api/attendance/range?start=2026-06-30T18:30:00.000Z&end=2026-07-31T18:29:59.999Z 304 - - 120.965 ms","timestamp":"2026-07-08 13:42:42"}
{"level":"info","message":"GET /api/appointments/stats?month=6&year=2026 304 - - 67.196 ms","timestamp":"2026-07-08 13:42:42"}
{"level":"info","message":"GET /api/appointments/stats?month=7&year=2026 304 - - 66.629 ms","timestamp":"2026-07-08 13:42:42"}
{"level":"info","message":"GET /api/users/all 200 - - 122.996 ms","timestamp":"2026-07-08 13:42:42"}
{"level":"info","message":"GET /api/appointments/revenue 304 - - 93.024 ms","timestamp":"2026-07-08 13:42:42"}
{"level":"info","message":"GET /api/users 200 - - 115.766 ms","timestamp":"2026-07-08 13:42:42"}
{"level":"info","message":"OPTIONS /api/attendance/2026/7 200 0 - 0.118 ms","timestamp":"2026-07-08 13:43:42"}
{"level":"info","message":"OPTIONS /api/users/all 200 0 - 0.100 ms","timestamp":"2026-07-08 13:43:42"}
{"level":"info","message":"OPTIONS /api/attendance/range?start=2026-06-30T18:30:00.000Z&end=2026-07-31T18:29:59.999Z 200 0 - 0.072 ms","timestamp":"2026-07-08 13:43:42"}
{"level":"info","message":"OPTIONS /api/appointments/stats?month=7&year=2026 200 0 - 0.047 ms","timestamp":"2026-07-08 13:43:42"}
{"level":"info","message":"OPTIONS /api/appointments/stats?month=6&year=2026 200 0 - 0.037 ms","timestamp":"2026-07-08 13:43:42"}
{"level":"info","message":"OPTIONS /api/appointments/revenue 200 0 - 0.076 ms","timestamp":"2026-07-08 13:43:42"}
{"level":"info","message":"OPTIONS /api/users 200 0 - 0.031 ms","timestamp":"2026-07-08 13:43:42"}
{"level":"info","message":"GET /api/attendance/2026/7 304 - - 121.916 ms","timestamp":"2026-07-08 13:43:42"}
{"level":"info","message":"GET /api/attendance/range?start=2026-06-30T18:30:00.000Z&end=2026-07-31T18:29:59.999Z 304 - - 115.393 ms","timestamp":"2026-07-08 13:43:42"}
{"level":"info","message":"GET /api/users/all 200 - - 116.587 ms","timestamp":"2026-07-08 13:43:42"}
{"level":"info","message":"GET /api/appointments/stats?month=7&year=2026 304 - - 55.391 ms","timestamp":"2026-07-08 13:43:42"}
{"level":"info","message":"GET /api/appointments/stats?month=6&year=2026 304 - - 54.594 ms","timestamp":"2026-07-08 13:43:42"}
{"level":"info","message":"GET /api/appointments/revenue 304 - - 83.723 ms","timestamp":"2026-07-08 13:43:42"}
{"level":"info","message":"GET /api/users 200 - - 120.892 ms","timestamp":"2026-07-08 13:43:42"}
{"level":"info","message":"OPTIONS /api/attendance/2026/7 200 0 - 0.175 ms","timestamp":"2026-07-08 13:44:42"}
{"level":"info","message":"OPTIONS /api/users/all 200 0 - 0.237 ms","timestamp":"2026-07-08 13:44:42"}
{"level":"info","message":"OPTIONS /api/attendance/range?start=2026-06-30T18:30:00.000Z&end=2026-07-31T18:29:59.999Z 200 0 - 0.119 ms","timestamp":"2026-07-08 13:44:42"}
{"level":"info","message":"OPTIONS /api/appointments/stats?month=7&year=2026 200 0 - 0.075 ms","timestamp":"2026-07-08 13:44:42"}
{"level":"info","message":"OPTIONS /api/appointments/stats?month=6&year=2026 200 0 - 0.049 ms","timestamp":"2026-07-08 13:44:42"}
{"level":"info","message":"OPTIONS /api/appointments/revenue 200 0 - 0.061 ms","timestamp":"2026-07-08 13:44:42"}
{"level":"info","message":"OPTIONS /api/users 200 0 - 0.033 ms","timestamp":"2026-07-08 13:44:42"}
{"level":"info","message":"GET /api/attendance/2026/7 304 - - 108.665 ms","timestamp":"2026-07-08 13:44:42"}
{"level":"info","message":"GET /api/attendance/range?start=2026-06-30T18:30:00.000Z&end=2026-07-31T18:29:59.999Z 304 - - 107.321 ms","timestamp":"2026-07-08 13:44:42"}
{"level":"info","message":"GET /api/appointments/stats?month=7&year=2026 304 - - 65.806 ms","timestamp":"2026-07-08 13:44:42"}
{"level":"info","message":"GET /api/appointments/stats?month=6&year=2026 304 - - 66.901 ms","timestamp":"2026-07-08 13:44:42"}
{"level":"info","message":"GET /api/users/all 200 - - 127.036 ms","timestamp":"2026-07-08 13:44:42"}
{"level":"info","message":"GET /api/appointments/revenue 304 - - 92.938 ms","timestamp":"2026-07-08 13:44:42"}
{"level":"info","message":"GET /api/users 200 - - 114.913 ms","timestamp":"2026-07-08 13:44:42"}
{"level":"info","message":"OPTIONS /api/attendance/2026/7 200 0 - 0.215 ms","timestamp":"2026-07-08 13:45:42"}
{"level":"info","message":"OPTIONS /api/users/all 200 0 - 0.169 ms","timestamp":"2026-07-08 13:45:42"}
{"level":"info","message":"OPTIONS /api/attendance/range?start=2026-06-30T18:30:00.000Z&end=2026-07-31T18:29:59.999Z 200 0 - 0.100 ms","timestamp":"2026-07-08 13:45:42"}
{"level":"info","message":"OPTIONS /api/appointments/stats?month=7&year=2026 200 0 - 0.047 ms","timestamp":"2026-07-08 13:45:42"}
{"level":"info","message":"OPTIONS /api/appointments/stats?month=6&year=2026 200 0 - 0.044 ms","timestamp":"2026-07-08 13:45:42"}
{"level":"info","message":"OPTIONS /api/appointments/revenue 200 0 - 0.042 ms","timestamp":"2026-07-08 13:45:42"}
{"level":"info","message":"OPTIONS /api/users 200 0 - 0.033 ms","timestamp":"2026-07-08 13:45:42"}
{"level":"info","message":"GET /api/attendance/2026/7 304 - - 110.932 ms","timestamp":"2026-07-08 13:45:42"}
{"level":"info","message":"GET /api/users/all 200 - - 120.547 ms","timestamp":"2026-07-08 13:45:42"}
{"level":"info","message":"GET /api/attendance/range?start=2026-06-30T18:30:00.000Z&end=2026-07-31T18:29:59.999Z 304 - - 122.327 ms","timestamp":"2026-07-08 13:45:42"}
{"level":"info","message":"GET /api/appointments/stats?month=7&year=2026 304 - - 57.247 ms","timestamp":"2026-07-08 13:45:42"}
{"level":"info","message":"GET /api/appointments/stats?month=6&year=2026 304 - - 56.502 ms","timestamp":"2026-07-08 13:45:42"}
{"level":"info","message":"GET /api/appointments/revenue 304 - - 80.729 ms","timestamp":"2026-07-08 13:45:42"}
{"level":"info","message":"GET /api/users 200 - - 114.134 ms","timestamp":"2026-07-08 13:45:42"}
{"level":"info","message":"OPTIONS /api/attendance/2026/7 200 0 - 0.996 ms","timestamp":"2026-07-08 13:46:42"}
{"level":"info","message":"OPTIONS /api/users/all 200 0 - 0.225 ms","timestamp":"2026-07-08 13:46:42"}
{"level":"info","message":"OPTIONS /api/attendance/range?start=2026-06-30T18:30:00.000Z&end=2026-07-31T18:29:59.999Z 200 0 - 0.222 ms","timestamp":"2026-07-08 13:46:42"}
{"level":"info","message":"OPTIONS /api/appointments/stats?month=7&year=2026 200 0 - 0.042 ms","timestamp":"2026-07-08 13:46:42"}
{"level":"info","message":"OPTIONS /api/appointments/stats?month=6&year=2026 200 0 - 0.034 ms","timestamp":"2026-07-08 13:46:42"}
{"level":"info","message":"OPTIONS /api/appointments/revenue 200 0 - 0.039 ms","timestamp":"2026-07-08 13:46:42"}
{"level":"info","message":"OPTIONS /api/users 200 0 - 0.024 ms","timestamp":"2026-07-08 13:46:42"}
{"level":"info","message":"GET /api/attendance/2026/7 304 - - 107.375 ms","timestamp":"2026-07-08 13:46:42"}
{"level":"info","message":"GET /api/appointments/stats?month=7&year=2026 304 - - 58.102 ms","timestamp":"2026-07-08 13:46:42"}
{"level":"info","message":"GET /api/appointments/stats?month=6&year=2026 304 - - 57.229 ms","timestamp":"2026-07-08 13:46:42"}
{"level":"info","message":"GET /api/attendance/range?start=2026-06-30T18:30:00.000Z&end=2026-07-31T18:29:59.999Z 304 - - 117.437 ms","timestamp":"2026-07-08 13:46:42"}
{"level":"info","message":"GET /api/users/all 200 - - 114.359 ms","timestamp":"2026-07-08 13:46:42"}
{"level":"info","message":"GET /api/appointments/revenue 304 - - 90.931 ms","timestamp":"2026-07-08 13:46:42"}
{"level":"info","message":"GET /api/users 200 - - 93.769 ms","timestamp":"2026-07-08 13:46:42"}
{"level":"info","message":"OPTIONS /api/attendance/2026/7 200 0 - 0.195 ms","timestamp":"2026-07-08 13:47:42"}
{"level":"info","message":"OPTIONS /api/users/all 200 0 - 0.148 ms","timestamp":"2026-07-08 13:47:42"}
{"level":"info","message":"OPTIONS /api/attendance/range?start=2026-06-30T18:30:00.000Z&end=2026-07-31T18:29:59.999Z 200 0 - 0.111 ms","timestamp":"2026-07-08 13:47:42"}
{"level":"info","message":"OPTIONS /api/appointments/stats?month=7&year=2026 200 0 - 0.073 ms","timestamp":"2026-07-08 13:47:42"}
{"level":"info","message":"OPTIONS /api/appointments/stats?month=6&year=2026 200 0 - 0.041 ms","timestamp":"2026-07-08 13:47:42"}
{"level":"info","message":"OPTIONS /api/appointments/revenue 200 0 - 0.036 ms","timestamp":"2026-07-08 13:47:42"}
{"level":"info","message":"OPTIONS /api/users 200 0 - 0.034 ms","timestamp":"2026-07-08 13:47:42"}
{"level":"info","message":"GET /api/attendance/range?start=2026-06-30T18:30:00.000Z&end=2026-07-31T18:29:59.999Z 304 - - 114.472 ms","timestamp":"2026-07-08 13:47:42"}
{"level":"info","message":"GET /api/appointments/stats?month=7&year=2026 304 - - 54.922 ms","timestamp":"2026-07-08 13:47:42"}
{"level":"info","message":"GET /api/appointments/stats?month=6&year=2026 304 - - 53.427 ms","timestamp":"2026-07-08 13:47:42"}
{"level":"info","message":"GET /api/attendance/2026/7 304 - - 125.822 ms","timestamp":"2026-07-08 13:47:42"}
{"level":"info","message":"GET /api/users/all 200 - - 114.315 ms","timestamp":"2026-07-08 13:47:42"}
{"level":"info","message":"GET /api/appointments/revenue 304 - - 84.902 ms","timestamp":"2026-07-08 13:47:42"}
{"level":"info","message":"GET /api/users 200 - - 114.076 ms","timestamp":"2026-07-08 13:47:42"}
{"level":"info","message":"OPTIONS /api/attendance/2026/7 200 0 - 0.070 ms","timestamp":"2026-07-08 13:48:42"}
{"level":"info","message":"OPTIONS /api/users/all 200 0 - 0.069 ms","timestamp":"2026-07-08 13:48:42"}
{"level":"info","message":"OPTIONS /api/attendance/range?start=2026-06-30T18:30:00.000Z&end=2026-07-31T18:29:59.999Z 200 0 - 0.071 ms","timestamp":"2026-07-08 13:48:42"}
{"level":"info","message":"OPTIONS /api/appointments/stats?month=7&year=2026 200 0 - 0.077 ms","timestamp":"2026-07-08 13:48:42"}
{"level":"info","message":"OPTIONS /api/appointments/revenue 200 0 - 0.067 ms","timestamp":"2026-07-08 13:48:42"}
{"level":"info","message":"OPTIONS /api/appointments/stats?month=6&year=2026 200 0 - 0.042 ms","timestamp":"2026-07-08 13:48:42"}
{"level":"info","message":"OPTIONS /api/users 200 0 - 0.038 ms","timestamp":"2026-07-08 13:48:42"}
{"level":"info","message":"GET /api/attendance/2026/7 304 - - 117.369 ms","timestamp":"2026-07-08 13:48:42"}
{"level":"info","message":"GET /api/attendance/range?start=2026-06-30T18:30:00.000Z&end=2026-07-31T18:29:59.999Z 304 - - 116.807 ms","timestamp":"2026-07-08 13:48:42"}
{"level":"info","message":"GET /api/appointments/stats?month=7&year=2026 304 - - 56.170 ms","timestamp":"2026-07-08 13:48:42"}
{"level":"info","message":"GET /api/appointments/stats?month=6&year=2026 304 - - 53.737 ms","timestamp":"2026-07-08 13:48:42"}
{"level":"info","message":"GET /api/users/all 200 - - 113.767 ms","timestamp":"2026-07-08 13:48:42"}
{"level":"info","message":"GET /api/appointments/revenue 304 - - 88.164 ms","timestamp":"2026-07-08 13:48:42"}
{"level":"info","message":"GET /api/users 200 - - 137.074 ms","timestamp":"2026-07-08 13:48:42"}
{"level":"info","message":"OPTIONS /api/attendance/2026/7 200 0 - 0.088 ms","timestamp":"2026-07-08 13:49:42"}
{"level":"info","message":"OPTIONS /api/users/all 200 0 - 0.078 ms","timestamp":"2026-07-08 13:49:42"}
{"level":"info","message":"OPTIONS /api/attendance/range?start=2026-06-30T18:30:00.000Z&end=2026-07-31T18:29:59.999Z 200 0 - 0.070 ms","timestamp":"2026-07-08 13:49:42"}
{"level":"info","message":"OPTIONS /api/appointments/stats?month=7&year=2026 200 0 - 0.057 ms","timestamp":"2026-07-08 13:49:42"}
{"level":"info","message":"OPTIONS /api/appointments/stats?month=6&year=2026 200 0 - 0.041 ms","timestamp":"2026-07-08 13:49:42"}
{"level":"info","message":"OPTIONS /api/appointments/revenue 200 0 - 0.043 ms","timestamp":"2026-07-08 13:49:42"}
{"level":"info","message":"OPTIONS /api/users 200 0 - 0.029 ms","timestamp":"2026-07-08 13:49:42"}
{"level":"info","message":"GET /api/attendance/2026/7 304 - - 106.341 ms","timestamp":"2026-07-08 13:49:42"}
{"level":"info","message":"GET /api/attendance/range?start=2026-06-30T18:30:00.000Z&end=2026-07-31T18:29:59.999Z 304 - - 115.303 ms","timestamp":"2026-07-08 13:49:42"}
{"level":"info","message":"GET /api/appointments/stats?month=7&year=2026 304 - - 55.643 ms","timestamp":"2026-07-08 13:49:42"}
{"level":"info","message":"GET /api/appointments/stats?month=6&year=2026 304 - - 54.957 ms","timestamp":"2026-07-08 13:49:42"}
{"level":"info","message":"GET /api/users/all 200 - - 115.558 ms","timestamp":"2026-07-08 13:49:42"}
{"level":"info","message":"GET /api/appointments/revenue 304 - - 85.963 ms","timestamp":"2026-07-08 13:49:42"}
{"level":"info","message":"GET /api/users 200 - - 120.492 ms","timestamp":"2026-07-08 13:49:42"}
{"level":"info","message":"OPTIONS /api/attendance/2026/7 200 0 - 0.087 ms","timestamp":"2026-07-08 13:50:42"}
{"level":"info","message":"OPTIONS /api/users/all 200 0 - 0.082 ms","timestamp":"2026-07-08 13:50:42"}
{"level":"info","message":"OPTIONS /api/attendance/range?start=2026-06-30T18:30:00.000Z&end=2026-07-31T18:29:59.999Z 200 0 - 0.050 ms","timestamp":"2026-07-08 13:50:42"}
{"level":"info","message":"OPTIONS /api/appointments/stats?month=7&year=2026 200 0 - 0.068 ms","timestamp":"2026-07-08 13:50:42"}
{"level":"info","message":"OPTIONS /api/appointments/stats?month=6&year=2026 200 0 - 0.049 ms","timestamp":"2026-07-08 13:50:42"}
{"level":"info","message":"OPTIONS /api/appointments/revenue 200 0 - 0.041 ms","timestamp":"2026-07-08 13:50:42"}
{"level":"info","message":"OPTIONS /api/users 200 0 - 0.033 ms","timestamp":"2026-07-08 13:50:42"}
{"level":"info","message":"GET /api/appointments/stats?month=7&year=2026 304 - - 51.692 ms","timestamp":"2026-07-08 13:50:42"}
{"level":"info","message":"GET /api/appointments/stats?month=6&year=2026 304 - - 52.061 ms","timestamp":"2026-07-08 13:50:42"}
{"level":"info","message":"GET /api/attendance/2026/7 304 - - 122.166 ms","timestamp":"2026-07-08 13:50:42"}
{"level":"info","message":"GET /api/attendance/range?start=2026-06-30T18:30:00.000Z&end=2026-07-31T18:29:59.999Z 304 - - 132.714 ms","timestamp":"2026-07-08 13:50:42"}
{"level":"info","message":"GET /api/appointments/revenue 304 - - 108.081 ms","timestamp":"2026-07-08 13:50:42"}
{"level":"info","message":"GET /api/users/all 200 - - 151.750 ms","timestamp":"2026-07-08 13:50:42"}
{"level":"info","message":"GET /api/users 200 - - 159.884 ms","timestamp":"2026-07-08 13:50:42"}
{"level":"info","message":"OPTIONS /api/attendance/2026/7 200 0 - 0.073 ms","timestamp":"2026-07-08 13:51:42"}
{"level":"info","message":"OPTIONS /api/users/all 200 0 - 0.059 ms","timestamp":"2026-07-08 13:51:42"}
{"level":"info","message":"OPTIONS /api/attendance/range?start=2026-06-30T18:30:00.000Z&end=2026-07-31T18:29:59.999Z 200 0 - 0.056 ms","timestamp":"2026-07-08 13:51:42"}
{"level":"info","message":"OPTIONS /api/appointments/stats?month=7&year=2026 200 0 - 0.049 ms","timestamp":"2026-07-08 13:51:42"}
{"level":"info","message":"OPTIONS /api/appointments/stats?month=6&year=2026 200 0 - 0.039 ms","timestamp":"2026-07-08 13:51:42"}
{"level":"info","message":"OPTIONS /api/appointments/revenue 200 0 - 0.041 ms","timestamp":"2026-07-08 13:51:42"}
{"level":"info","message":"OPTIONS /api/users 200 0 - 0.042 ms","timestamp":"2026-07-08 13:51:42"}
{"level":"info","message":"GET /api/attendance/2026/7 304 - - 118.352 ms","timestamp":"2026-07-08 13:51:42"}
{"level":"info","message":"GET /api/attendance/range?start=2026-06-30T18:30:00.000Z&end=2026-07-31T18:29:59.999Z 304 - - 117.665 ms","timestamp":"2026-07-08 13:51:42"}
{"level":"info","message":"GET /api/appointments/stats?month=7&year=2026 304 - - 62.621 ms","timestamp":"2026-07-08 13:51:42"}
{"level":"info","message":"GET /api/appointments/stats?month=6&year=2026 304 - - 62.393 ms","timestamp":"2026-07-08 13:51:42"}
{"level":"info","message":"GET /api/users/all 200 - - 114.878 ms","timestamp":"2026-07-08 13:51:42"}
{"level":"info","message":"GET /api/appointments/revenue 304 - - 87.863 ms","timestamp":"2026-07-08 13:51:42"}
{"level":"info","message":"GET /api/users 200 - - 114.268 ms","timestamp":"2026-07-08 13:51:42"}
{"level":"info","message":"OPTIONS /api/attendance/2026/7 200 0 - 0.052 ms","timestamp":"2026-07-08 13:52:42"}
{"level":"info","message":"OPTIONS /api/users/all 200 0 - 0.046 ms","timestamp":"2026-07-08 13:52:42"}
{"level":"info","message":"OPTIONS /api/attendance/range?start=2026-06-30T18:30:00.000Z&end=2026-07-31T18:29:59.999Z 200 0 - 0.043 ms","timestamp":"2026-07-08 13:52:42"}
{"level":"info","message":"OPTIONS /api/appointments/stats?month=7&year=2026 200 0 - 0.046 ms","timestamp":"2026-07-08 13:52:42"}
{"level":"info","message":"OPTIONS /api/appointments/stats?month=6&year=2026 200 0 - 0.035 ms","timestamp":"2026-07-08 13:52:42"}
{"level":"info","message":"OPTIONS /api/appointments/revenue 200 0 - 0.031 ms","timestamp":"2026-07-08 13:52:42"}
{"level":"info","message":"OPTIONS /api/users 200 0 - 0.023 ms","timestamp":"2026-07-08 13:52:42"}
{"level":"info","message":"GET /api/appointments/stats?month=7&year=2026 304 - - 51.255 ms","timestamp":"2026-07-08 13:52:42"}
{"level":"info","message":"GET /api/appointments/stats?month=6&year=2026 304 - - 50.636 ms","timestamp":"2026-07-08 13:52:42"}
{"level":"info","message":"GET /api/attendance/range?start=2026-06-30T18:30:00.000Z&end=2026-07-31T18:29:59.999Z 304 - - 120.305 ms","timestamp":"2026-07-08 13:52:42"}
{"level":"info","message":"GET /api/attendance/2026/7 304 - - 124.661 ms","timestamp":"2026-07-08 13:52:42"}
{"level":"info","message":"GET /api/users/all 200 - - 119.855 ms","timestamp":"2026-07-08 13:52:42"}
{"level":"info","message":"GET /api/appointments/revenue 304 - - 80.958 ms","timestamp":"2026-07-08 13:52:42"}
{"level":"info","message":"GET /api/users 200 - - 134.366 ms","timestamp":"2026-07-08 13:52:42"}
{"level":"info","message":"OPTIONS /api/attendance/2026/7 200 0 - 0.123 ms","timestamp":"2026-07-08 13:53:42"}
{"level":"info","message":"OPTIONS /api/users/all 200 0 - 0.084 ms","timestamp":"2026-07-08 13:53:42"}
{"level":"info","message":"OPTIONS /api/attendance/range?start=2026-06-30T18:30:00.000Z&end=2026-07-31T18:29:59.999Z 200 0 - 0.156 ms","timestamp":"2026-07-08 13:53:42"}
{"level":"info","message":"OPTIONS /api/appointments/stats?month=7&year=2026 200 0 - 0.056 ms","timestamp":"2026-07-08 13:53:42"}
{"level":"info","message":"OPTIONS /api/appointments/stats?month=6&year=2026 200 0 - 0.042 ms","timestamp":"2026-07-08 13:53:42"}
{"level":"info","message":"OPTIONS /api/appointments/revenue 200 0 - 0.030 ms","timestamp":"2026-07-08 13:53:42"}
{"level":"info","message":"OPTIONS /api/users 200 0 - 0.052 ms","timestamp":"2026-07-08 13:53:42"}
{"level":"info","message":"GET /api/appointments/stats?month=7&year=2026 304 - - 51.108 ms","timestamp":"2026-07-08 13:53:42"}
{"level":"info","message":"GET /api/appointments/stats?month=6&year=2026 304 - - 52.067 ms","timestamp":"2026-07-08 13:53:42"}
{"level":"info","message":"GET /api/attendance/2026/7 304 - - 133.884 ms","timestamp":"2026-07-08 13:53:42"}
{"level":"info","message":"GET /api/users/all 200 - - 126.877 ms","timestamp":"2026-07-08 13:53:42"}
{"level":"info","message":"GET /api/attendance/range?start=2026-06-30T18:30:00.000Z&end=2026-07-31T18:29:59.999Z 304 - - 125.865 ms","timestamp":"2026-07-08 13:53:42"}
{"level":"info","message":"GET /api/appointments/revenue 304 - - 89.816 ms","timestamp":"2026-07-08 13:53:42"}
{"level":"info","message":"GET /api/users 200 - - 136.598 ms","timestamp":"2026-07-08 13:53:42"}
{"level":"info","message":"OPTIONS /api/attendance/2026/7 200 0 - 0.227 ms","timestamp":"2026-07-08 13:54:42"}
{"level":"info","message":"OPTIONS /api/users/all 200 0 - 0.200 ms","timestamp":"2026-07-08 13:54:42"}
{"level":"info","message":"OPTIONS /api/attendance/range?start=2026-06-30T18:30:00.000Z&end=2026-07-31T18:29:59.999Z 200 0 - 0.106 ms","timestamp":"2026-07-08 13:54:42"}
{"level":"info","message":"OPTIONS /api/appointments/stats?month=7&year=2026 200 0 - 0.062 ms","timestamp":"2026-07-08 13:54:42"}
{"level":"info","message":"OPTIONS /api/appointments/stats?month=6&year=2026 200 0 - 0.034 ms","timestamp":"2026-07-08 13:54:42"}
{"level":"info","message":"OPTIONS /api/appointments/revenue 200 0 - 0.036 ms","timestamp":"2026-07-08 13:54:42"}
{"level":"info","message":"OPTIONS /api/users 200 0 - 0.035 ms","timestamp":"2026-07-08 13:54:42"}
{"level":"info","message":"GET /api/attendance/2026/7 304 - - 119.812 ms","timestamp":"2026-07-08 13:54:42"}
{"level":"info","message":"GET /api/appointments/stats?month=7&year=2026 304 - - 52.798 ms","timestamp":"2026-07-08 13:54:42"}
{"level":"info","message":"GET /api/appointments/stats?month=6&year=2026 304 - - 52.441 ms","timestamp":"2026-07-08 13:54:42"}
{"level":"info","message":"GET /api/users/all 200 - - 112.549 ms","timestamp":"2026-07-08 13:54:42"}
{"level":"info","message":"GET /api/attendance/range?start=2026-06-30T18:30:00.000Z&end=2026-07-31T18:29:59.999Z 304 - - 116.064 ms","timestamp":"2026-07-08 13:54:42"}
{"level":"info","message":"GET /api/appointments/revenue 304 - - 86.231 ms","timestamp":"2026-07-08 13:54:42"}
{"level":"info","message":"GET /api/users 200 - - 137.339 ms","timestamp":"2026-07-08 13:54:42"}
{"level":"info","message":"OPTIONS /api/attendance/2026/7 200 0 - 0.103 ms","timestamp":"2026-07-08 13:55:42"}
{"level":"info","message":"OPTIONS /api/users/all 200 0 - 0.111 ms","timestamp":"2026-07-08 13:55:42"}
{"level":"info","message":"OPTIONS /api/attendance/range?start=2026-06-30T18:30:00.000Z&end=2026-07-31T18:29:59.999Z 200 0 - 0.074 ms","timestamp":"2026-07-08 13:55:42"}
{"level":"info","message":"OPTIONS /api/appointments/stats?month=7&year=2026 200 0 - 0.068 ms","timestamp":"2026-07-08 13:55:42"}
{"level":"info","message":"OPTIONS /api/appointments/stats?month=6&year=2026 200 0 - 0.056 ms","timestamp":"2026-07-08 13:55:42"}
{"level":"info","message":"OPTIONS /api/appointments/revenue 200 0 - 0.117 ms","timestamp":"2026-07-08 13:55:42"}
{"level":"info","message":"OPTIONS /api/users 200 0 - 0.029 ms","timestamp":"2026-07-08 13:55:42"}
{"level":"info","message":"GET /api/attendance/2026/7 304 - - 107.276 ms","timestamp":"2026-07-08 13:55:42"}
{"level":"info","message":"GET /api/attendance/range?start=2026-06-30T18:30:00.000Z&end=2026-07-31T18:29:59.999Z 304 - - 110.974 ms","timestamp":"2026-07-08 13:55:42"}
{"level":"info","message":"GET /api/users/all 200 - - 115.288 ms","timestamp":"2026-07-08 13:55:42"}
{"level":"info","message":"GET /api/appointments/stats?month=7&year=2026 304 - - 56.988 ms","timestamp":"2026-07-08 13:55:42"}
{"level":"info","message":"GET /api/appointments/stats?month=6&year=2026 304 - - 56.137 ms","timestamp":"2026-07-08 13:55:42"}
{"level":"info","message":"GET /api/appointments/revenue 304 - - 81.164 ms","timestamp":"2026-07-08 13:55:42"}
{"level":"info","message":"GET /api/users 200 - - 115.060 ms","timestamp":"2026-07-08 13:55:42"}
{"level":"info","message":"OPTIONS /api/attendance/2026/7 200 0 - 0.243 ms","timestamp":"2026-07-08 13:56:42"}
{"level":"info","message":"OPTIONS /api/users/all 200 0 - 0.090 ms","timestamp":"2026-07-08 13:56:42"}
{"level":"info","message":"OPTIONS /api/attendance/range?start=2026-06-30T18:30:00.000Z&end=2026-07-31T18:29:59.999Z 200 0 - 0.108 ms","timestamp":"2026-07-08 13:56:42"}
{"level":"info","message":"OPTIONS /api/appointments/stats?month=7&year=2026 200 0 - 0.048 ms","timestamp":"2026-07-08 13:56:42"}
{"level":"info","message":"OPTIONS /api/appointments/stats?month=6&year=2026 200 0 - 0.127 ms","timestamp":"2026-07-08 13:56:42"}
{"level":"info","message":"OPTIONS /api/appointments/revenue 200 0 - 0.040 ms","timestamp":"2026-07-08 13:56:42"}
{"level":"info","message":"OPTIONS /api/users 200 0 - 0.026 ms","timestamp":"2026-07-08 13:56:42"}
{"level":"info","message":"GET /api/attendance/2026/7 304 - - 114.502 ms","timestamp":"2026-07-08 13:56:42"}
{"level":"info","message":"GET /api/attendance/range?start=2026-06-30T18:30:00.000Z&end=2026-07-31T18:29:59.999Z 304 - - 116.894 ms","timestamp":"2026-07-08 13:56:42"}
{"level":"info","message":"GET /api/appointments/stats?month=7&year=2026 304 - - 56.930 ms","timestamp":"2026-07-08 13:56:42"}
{"level":"info","message":"GET /api/appointments/stats?month=6&year=2026 304 - - 58.243 ms","timestamp":"2026-07-08 13:56:42"}
{"level":"info","message":"GET /api/users/all 200 - - 117.751 ms","timestamp":"2026-07-08 13:56:42"}
{"level":"info","message":"GET /api/appointments/revenue 304 - - 84.939 ms","timestamp":"2026-07-08 13:56:42"}
{"level":"info","message":"GET /api/users 200 - - 94.341 ms","timestamp":"2026-07-08 13:56:42"}
{"level":"info","message":"OPTIONS /api/attendance/2026/7 200 0 - 0.415 ms","timestamp":"2026-07-08 13:57:42"}
{"level":"info","message":"OPTIONS /api/users/all 200 0 - 0.210 ms","timestamp":"2026-07-08 13:57:42"}
{"level":"info","message":"OPTIONS /api/attendance/range?start=2026-06-30T18:30:00.000Z&end=2026-07-31T18:29:59.999Z 200 0 - 0.207 ms","timestamp":"2026-07-08 13:57:42"}
{"level":"info","message":"OPTIONS /api/appointments/stats?month=7&year=2026 200 0 - 0.050 ms","timestamp":"2026-07-08 13:57:42"}
{"level":"info","message":"OPTIONS /api/appointments/stats?month=6&year=2026 200 0 - 0.031 ms","timestamp":"2026-07-08 13:57:42"}
{"level":"info","message":"OPTIONS /api/appointments/revenue 200 0 - 0.043 ms","timestamp":"2026-07-08 13:57:42"}
{"level":"info","message":"OPTIONS /api/users 200 0 - 0.071 ms","timestamp":"2026-07-08 13:57:42"}
{"level":"info","message":"GET /api/attendance/range?start=2026-06-30T18:30:00.000Z&end=2026-07-31T18:29:59.999Z 304 - - 130.545 ms","timestamp":"2026-07-08 13:57:42"}
{"level":"info","message":"GET /api/appointments/stats?month=7&year=2026 304 - - 65.203 ms","timestamp":"2026-07-08 13:57:42"}
{"level":"info","message":"GET /api/appointments/stats?month=6&year=2026 304 - - 62.230 ms","timestamp":"2026-07-08 13:57:42"}
{"level":"info","message":"GET /api/attendance/2026/7 304 - - 139.475 ms","timestamp":"2026-07-08 13:57:42"}
{"level":"info","message":"GET /api/users/all 200 - - 130.683 ms","timestamp":"2026-07-08 13:57:42"}
{"level":"info","message":"GET /api/appointments/revenue 304 - - 90.402 ms","timestamp":"2026-07-08 13:57:42"}
{"level":"info","message":"GET /api/users 200 - - 118.370 ms","timestamp":"2026-07-08 13:57:42"}
{"level":"info","message":"OPTIONS /api/attendance/2026/7 200 0 - 0.099 ms","timestamp":"2026-07-08 13:58:42"}
{"level":"info","message":"OPTIONS /api/users/all 200 0 - 0.081 ms","timestamp":"2026-07-08 13:58:42"}
{"level":"info","message":"OPTIONS /api/attendance/range?start=2026-06-30T18:30:00.000Z&end=2026-07-31T18:29:59.999Z 200 0 - 0.074 ms","timestamp":"2026-07-08 13:58:42"}
{"level":"info","message":"OPTIONS /api/appointments/stats?month=7&year=2026 200 0 - 0.048 ms","timestamp":"2026-07-08 13:58:42"}
{"level":"info","message":"OPTIONS /api/appointments/stats?month=6&year=2026 200 0 - 0.046 ms","timestamp":"2026-07-08 13:58:42"}
{"level":"info","message":"OPTIONS /api/appointments/revenue 200 0 - 0.045 ms","timestamp":"2026-07-08 13:58:42"}
{"level":"info","message":"OPTIONS /api/users 200 0 - 0.053 ms","timestamp":"2026-07-08 13:58:42"}
{"level":"info","message":"GET /api/attendance/range?start=2026-06-30T18:30:00.000Z&end=2026-07-31T18:29:59.999Z 304 - - 113.100 ms","timestamp":"2026-07-08 13:58:42"}
{"level":"info","message":"GET /api/attendance/2026/7 304 - - 119.109 ms","timestamp":"2026-07-08 13:58:42"}
{"level":"info","message":"GET /api/appointments/stats?month=6&year=2026 304 - - 58.503 ms","timestamp":"2026-07-08 13:58:42"}
{"level":"info","message":"GET /api/appointments/stats?month=7&year=2026 304 - - 62.676 ms","timestamp":"2026-07-08 13:58:42"}
{"level":"info","message":"GET /api/users/all 200 - - 112.671 ms","timestamp":"2026-07-08 13:58:42"}
{"level":"info","message":"GET /api/appointments/revenue 304 - - 85.563 ms","timestamp":"2026-07-08 13:58:42"}
{"level":"info","message":"GET /api/users 200 - - 138.596 ms","timestamp":"2026-07-08 13:58:42"}
{"level":"info","message":"OPTIONS /api/attendance/2026/7 200 0 - 0.217 ms","timestamp":"2026-07-08 13:59:42"}
{"level":"info","message":"OPTIONS /api/users/all 200 0 - 0.107 ms","timestamp":"2026-07-08 13:59:42"}
{"level":"info","message":"OPTIONS /api/attendance/range?start=2026-06-30T18:30:00.000Z&end=2026-07-31T18:29:59.999Z 200 0 - 0.070 ms","timestamp":"2026-07-08 13:59:42"}
{"level":"info","message":"OPTIONS /api/appointments/stats?month=7&year=2026 200 0 - 0.072 ms","timestamp":"2026-07-08 13:59:42"}
{"level":"info","message":"OPTIONS /api/appointments/stats?month=6&year=2026 200 0 - 0.066 ms","timestamp":"2026-07-08 13:59:42"}
{"level":"info","message":"OPTIONS /api/appointments/revenue 200 0 - 0.040 ms","timestamp":"2026-07-08 13:59:42"}
{"level":"info","message":"OPTIONS /api/users 200 0 - 0.024 ms","timestamp":"2026-07-08 13:59:42"}
{"level":"info","message":"GET /api/attendance/range?start=2026-06-30T18:30:00.000Z&end=2026-07-31T18:29:59.999Z 304 - - 110.821 ms","timestamp":"2026-07-08 13:59:42"}
{"level":"info","message":"GET /api/attendance/2026/7 304 - - 121.712 ms","timestamp":"2026-07-08 13:59:42"}
{"level":"info","message":"GET /api/appointments/stats?month=7&year=2026 304 - - 53.333 ms","timestamp":"2026-07-08 13:59:42"}
{"level":"info","message":"GET /api/appointments/stats?month=6&year=2026 304 - - 55.703 ms","timestamp":"2026-07-08 13:59:42"}
{"level":"info","message":"GET /api/users/all 200 - - 113.132 ms","timestamp":"2026-07-08 13:59:42"}
{"level":"info","message":"GET /api/appointments/revenue 304 - - 85.754 ms","timestamp":"2026-07-08 13:59:42"}
{"level":"info","message":"GET /api/users 200 - - 135.506 ms","timestamp":"2026-07-08 13:59:42"}
{"level":"info","message":"OPTIONS /api/attendance/2026/7 200 0 - 0.096 ms","timestamp":"2026-07-08 14:00:42"}
{"level":"info","message":"OPTIONS /api/users/all 200 0 - 0.103 ms","timestamp":"2026-07-08 14:00:42"}
{"level":"info","message":"OPTIONS /api/attendance/range?start=2026-06-30T18:30:00.000Z&end=2026-07-31T18:29:59.999Z 200 0 - 0.117 ms","timestamp":"2026-07-08 14:00:42"}
{"level":"info","message":"OPTIONS /api/appointments/stats?month=7&year=2026 200 0 - 0.046 ms","timestamp":"2026-07-08 14:00:42"}
{"level":"info","message":"OPTIONS /api/appointments/stats?month=6&year=2026 200 0 - 0.047 ms","timestamp":"2026-07-08 14:00:42"}
{"level":"info","message":"OPTIONS /api/appointments/revenue 200 0 - 0.022 ms","timestamp":"2026-07-08 14:00:42"}
{"level":"info","message":"OPTIONS /api/users 200 0 - 0.049 ms","timestamp":"2026-07-08 14:00:42"}
{"level":"info","message":"GET /api/attendance/2026/7 304 - - 117.241 ms","timestamp":"2026-07-08 14:00:42"}
{"level":"info","message":"GET /api/attendance/range?start=2026-06-30T18:30:00.000Z&end=2026-07-31T18:29:59.999Z 304 - - 113.814 ms","timestamp":"2026-07-08 14:00:42"}
{"level":"info","message":"GET /api/users/all 200 - - 112.204 ms","timestamp":"2026-07-08 14:00:42"}
{"level":"info","message":"GET /api/appointments/stats?month=7&year=2026 304 - - 51.412 ms","timestamp":"2026-07-08 14:00:42"}
{"level":"info","message":"GET /api/appointments/stats?month=6&year=2026 304 - - 52.784 ms","timestamp":"2026-07-08 14:00:42"}
{"level":"info","message":"GET /api/appointments/revenue 304 - - 80.882 ms","timestamp":"2026-07-08 14:00:42"}
{"level":"info","message":"GET /api/users 200 - - 113.819 ms","timestamp":"2026-07-08 14:00:42"}
{"level":"info","message":"OPTIONS /api/attendance/2026/7 200 0 - 0.157 ms","timestamp":"2026-07-08 14:01:42"}
{"level":"info","message":"OPTIONS /api/users/all 200 0 - 0.143 ms","timestamp":"2026-07-08 14:01:42"}
{"level":"info","message":"OPTIONS /api/attendance/range?start=2026-06-30T18:30:00.000Z&end=2026-07-31T18:29:59.999Z 200 0 - 0.093 ms","timestamp":"2026-07-08 14:01:42"}
{"level":"info","message":"OPTIONS /api/appointments/stats?month=7&year=2026 200 0 - 0.055 ms","timestamp":"2026-07-08 14:01:42"}
{"level":"info","message":"OPTIONS /api/appointments/stats?month=6&year=2026 200 0 - 0.061 ms","timestamp":"2026-07-08 14:01:42"}
{"level":"info","message":"OPTIONS /api/appointments/revenue 200 0 - 0.056 ms","timestamp":"2026-07-08 14:01:42"}
{"level":"info","message":"OPTIONS /api/users 200 0 - 0.044 ms","timestamp":"2026-07-08 14:01:42"}
{"level":"info","message":"GET /api/attendance/2026/7 304 - - 107.622 ms","timestamp":"2026-07-08 14:01:42"}
{"level":"info","message":"GET /api/attendance/range?start=2026-06-30T18:30:00.000Z&end=2026-07-31T18:29:59.999Z 304 - - 114.842 ms","timestamp":"2026-07-08 14:01:42"}
{"level":"info","message":"GET /api/appointments/stats?month=7&year=2026 304 - - 54.728 ms","timestamp":"2026-07-08 14:01:42"}
{"level":"info","message":"GET /api/users/all 200 - - 114.217 ms","timestamp":"2026-07-08 14:01:42"}
{"level":"info","message":"GET /api/appointments/stats?month=6&year=2026 304 - - 53.563 ms","timestamp":"2026-07-08 14:01:42"}
{"level":"info","message":"GET /api/appointments/revenue 304 - - 84.579 ms","timestamp":"2026-07-08 14:01:42"}
{"level":"info","message":"GET /api/users 200 - - 93.377 ms","timestamp":"2026-07-08 14:01:42"}
{"level":"info","message":"OPTIONS /api/attendance/2026/7 200 0 - 0.237 ms","timestamp":"2026-07-08 14:02:42"}
{"level":"info","message":"OPTIONS /api/users/all 200 0 - 0.080 ms","timestamp":"2026-07-08 14:02:42"}
{"level":"info","message":"OPTIONS /api/attendance/range?start=2026-06-30T18:30:00.000Z&end=2026-07-31T18:29:59.999Z 200 0 - 0.083 ms","timestamp":"2026-07-08 14:02:42"}
{"level":"info","message":"OPTIONS /api/appointments/stats?month=7&year=2026 200 0 - 0.074 ms","timestamp":"2026-07-08 14:02:42"}
{"level":"info","message":"OPTIONS /api/appointments/stats?month=6&year=2026 200 0 - 0.049 ms","timestamp":"2026-07-08 14:02:42"}
{"level":"info","message":"OPTIONS /api/users 200 0 - 0.038 ms","timestamp":"2026-07-08 14:02:42"}
{"level":"info","message":"OPTIONS /api/appointments/revenue 200 0 - 0.030 ms","timestamp":"2026-07-08 14:02:42"}
{"level":"info","message":"GET /api/attendance/2026/7 304 - - 120.999 ms","timestamp":"2026-07-08 14:02:42"}
{"level":"info","message":"GET /api/attendance/range?start=2026-06-30T18:30:00.000Z&end=2026-07-31T18:29:59.999Z 304 - - 114.791 ms","timestamp":"2026-07-08 14:02:42"}
{"level":"info","message":"GET /api/appointments/stats?month=7&year=2026 304 - - 54.825 ms","timestamp":"2026-07-08 14:02:42"}
{"level":"info","message":"GET /api/appointments/stats?month=6&year=2026 304 - - 54.746 ms","timestamp":"2026-07-08 14:02:42"}
{"level":"info","message":"GET /api/users/all 200 - - 115.771 ms","timestamp":"2026-07-08 14:02:42"}
{"level":"info","message":"GET /api/appointments/revenue 304 - - 84.468 ms","timestamp":"2026-07-08 14:02:42"}
{"level":"info","message":"GET /api/users 200 - - 136.880 ms","timestamp":"2026-07-08 14:02:42"}
{"level":"info","message":"OPTIONS /api/attendance/2026/7 200 0 - 0.071 ms","timestamp":"2026-07-08 14:03:42"}
{"level":"info","message":"OPTIONS /api/users/all 200 0 - 0.058 ms","timestamp":"2026-07-08 14:03:42"}
{"level":"info","message":"OPTIONS /api/attendance/range?start=2026-06-30T18:30:00.000Z&end=2026-07-31T18:29:59.999Z 200 0 - 0.045 ms","timestamp":"2026-07-08 14:03:42"}
{"level":"info","message":"OPTIONS /api/appointments/stats?month=7&year=2026 200 0 - 0.043 ms","timestamp":"2026-07-08 14:03:42"}
{"level":"info","message":"OPTIONS /api/appointments/stats?month=6&year=2026 200 0 - 0.023 ms","timestamp":"2026-07-08 14:03:42"}
{"level":"info","message":"OPTIONS /api/appointments/revenue 200 0 - 0.025 ms","timestamp":"2026-07-08 14:03:42"}
{"level":"info","message":"OPTIONS /api/users 200 0 - 0.030 ms","timestamp":"2026-07-08 14:03:42"}
{"level":"info","message":"GET /api/appointments/stats?month=6&year=2026 304 - - 54.380 ms","timestamp":"2026-07-08 14:03:42"}
{"level":"info","message":"GET /api/attendance/2026/7 304 - - 120.345 ms","timestamp":"2026-07-08 14:03:42"}
{"level":"info","message":"GET /api/attendance/range?start=2026-06-30T18:30:00.000Z&end=2026-07-31T18:29:59.999Z 304 - - 119.362 ms","timestamp":"2026-07-08 14:03:42"}
{"level":"info","message":"GET /api/appointments/stats?month=7&year=2026 304 - - 62.539 ms","timestamp":"2026-07-08 14:03:42"}
{"level":"info","message":"GET /api/users/all 200 - - 115.008 ms","timestamp":"2026-07-08 14:03:42"}
{"level":"info","message":"GET /api/appointments/revenue 304 - - 81.812 ms","timestamp":"2026-07-08 14:03:42"}
{"level":"info","message":"GET /api/users 200 - - 148.238 ms","timestamp":"2026-07-08 14:03:42"}
{"level":"info","message":"OPTIONS /api/attendance/2026/7 200 0 - 0.344 ms","timestamp":"2026-07-08 14:04:42"}
{"level":"info","message":"OPTIONS /api/users/all 200 0 - 0.167 ms","timestamp":"2026-07-08 14:04:42"}
{"level":"info","message":"OPTIONS /api/attendance/range?start=2026-06-30T18:30:00.000Z&end=2026-07-31T18:29:59.999Z 200 0 - 0.091 ms","timestamp":"2026-07-08 14:04:42"}
{"level":"info","message":"OPTIONS /api/appointments/stats?month=7&year=2026 200 0 - 0.043 ms","timestamp":"2026-07-08 14:04:42"}
{"level":"info","message":"OPTIONS /api/appointments/stats?month=6&year=2026 200 0 - 0.027 ms","timestamp":"2026-07-08 14:04:42"}
{"level":"info","message":"OPTIONS /api/appointments/revenue 200 0 - 0.129 ms","timestamp":"2026-07-08 14:04:42"}
{"level":"info","message":"OPTIONS /api/users 200 0 - 0.057 ms","timestamp":"2026-07-08 14:04:42"}
{"level":"info","message":"GET /api/attendance/2026/7 304 - - 109.703 ms","timestamp":"2026-07-08 14:04:42"}
{"level":"info","message":"GET /api/attendance/range?start=2026-06-30T18:30:00.000Z&end=2026-07-31T18:29:59.999Z 304 - - 118.026 ms","timestamp":"2026-07-08 14:04:42"}
{"level":"info","message":"GET /api/appointments/stats?month=6&year=2026 304 - - 58.316 ms","timestamp":"2026-07-08 14:04:42"}
{"level":"info","message":"GET /api/appointments/stats?month=7&year=2026 304 - - 63.377 ms","timestamp":"2026-07-08 14:04:42"}
{"level":"info","message":"GET /api/users/all 200 - - 119.419 ms","timestamp":"2026-07-08 14:04:42"}
{"level":"info","message":"GET /api/appointments/revenue 304 - - 88.302 ms","timestamp":"2026-07-08 14:04:42"}
{"level":"info","message":"GET /api/users 200 - - 116.975 ms","timestamp":"2026-07-08 14:04:42"}
{"level":"info","message":"OPTIONS /api/attendance/2026/7 200 0 - 0.172 ms","timestamp":"2026-07-08 14:05:42"}
{"level":"info","message":"OPTIONS /api/users/all 200 0 - 0.081 ms","timestamp":"2026-07-08 14:05:42"}
{"level":"info","message":"OPTIONS /api/attendance/range?start=2026-06-30T18:30:00.000Z&end=2026-07-31T18:29:59.999Z 200 0 - 0.111 ms","timestamp":"2026-07-08 14:05:42"}
{"level":"info","message":"OPTIONS /api/appointments/stats?month=7&year=2026 200 0 - 0.057 ms","timestamp":"2026-07-08 14:05:42"}
{"level":"info","message":"OPTIONS /api/appointments/stats?month=6&year=2026 200 0 - 0.042 ms","timestamp":"2026-07-08 14:05:42"}
{"level":"info","message":"OPTIONS /api/appointments/revenue 200 0 - 0.028 ms","timestamp":"2026-07-08 14:05:42"}
{"level":"info","message":"OPTIONS /api/users 200 0 - 0.029 ms","timestamp":"2026-07-08 14:05:42"}
{"level":"info","message":"GET /api/attendance/2026/7 304 - - 121.896 ms","timestamp":"2026-07-08 14:05:42"}
{"level":"info","message":"GET /api/attendance/range?start=2026-06-30T18:30:00.000Z&end=2026-07-31T18:29:59.999Z 304 - - 116.028 ms","timestamp":"2026-07-08 14:05:42"}
{"level":"info","message":"GET /api/appointments/stats?month=6&year=2026 304 - - 53.171 ms","timestamp":"2026-07-08 14:05:42"}
{"level":"info","message":"GET /api/appointments/stats?month=7&year=2026 304 - - 57.166 ms","timestamp":"2026-07-08 14:05:42"}
{"level":"info","message":"GET /api/users/all 200 - - 113.219 ms","timestamp":"2026-07-08 14:05:42"}
{"level":"info","message":"GET /api/appointments/revenue 304 - - 83.106 ms","timestamp":"2026-07-08 14:05:42"}
{"level":"info","message":"GET /api/users 200 - - 114.749 ms","timestamp":"2026-07-08 14:05:42"}
{"level":"info","message":"OPTIONS /api/attendance/2026/7 200 0 - 0.215 ms","timestamp":"2026-07-08 14:06:42"}
{"level":"info","message":"OPTIONS /api/users/all 200 0 - 0.119 ms","timestamp":"2026-07-08 14:06:42"}
{"level":"info","message":"OPTIONS /api/attendance/range?start=2026-06-30T18:30:00.000Z&end=2026-07-31T18:29:59.999Z 200 0 - 0.235 ms","timestamp":"2026-07-08 14:06:42"}
{"level":"info","message":"OPTIONS /api/appointments/stats?month=7&year=2026 200 0 - 0.044 ms","timestamp":"2026-07-08 14:06:42"}
{"level":"info","message":"OPTIONS /api/appointments/stats?month=6&year=2026 200 0 - 0.024 ms","timestamp":"2026-07-08 14:06:42"}
{"level":"info","message":"OPTIONS /api/appointments/revenue 200 0 - 0.035 ms","timestamp":"2026-07-08 14:06:42"}
{"level":"info","message":"OPTIONS /api/users 200 0 - 0.035 ms","timestamp":"2026-07-08 14:06:42"}
{"level":"info","message":"GET /api/attendance/2026/7 304 - - 111.549 ms","timestamp":"2026-07-08 14:06:42"}
{"level":"info","message":"GET /api/appointments/stats?month=7&year=2026 304 - - 51.247 ms","timestamp":"2026-07-08 14:06:42"}
{"level":"info","message":"GET /api/attendance/range?start=2026-06-30T18:30:00.000Z&end=2026-07-31T18:29:59.999Z 304 - - 118.349 ms","timestamp":"2026-07-08 14:06:42"}
{"level":"info","message":"GET /api/users/all 200 - - 118.972 ms","timestamp":"2026-07-08 14:06:42"}
{"level":"info","message":"GET /api/appointments/stats?month=6&year=2026 304 - - 64.856 ms","timestamp":"2026-07-08 14:06:42"}
{"level":"info","message":"GET /api/appointments/revenue 304 - - 91.751 ms","timestamp":"2026-07-08 14:06:42"}
{"level":"info","message":"GET /api/users 200 - - 93.428 ms","timestamp":"2026-07-08 14:06:42"}
{"level":"info","message":"OPTIONS /api/attendance/2026/7 200 0 - 0.252 ms","timestamp":"2026-07-08 14:07:42"}
{"level":"info","message":"OPTIONS /api/users/all 200 0 - 0.122 ms","timestamp":"2026-07-08 14:07:42"}
{"level":"info","message":"OPTIONS /api/attendance/range?start=2026-06-30T18:30:00.000Z&end=2026-07-31T18:29:59.999Z 200 0 - 0.173 ms","timestamp":"2026-07-08 14:07:42"}
{"level":"info","message":"OPTIONS /api/appointments/stats?month=7&year=2026 200 0 - 0.045 ms","timestamp":"2026-07-08 14:07:42"}
{"level":"info","message":"OPTIONS /api/appointments/stats?month=6&year=2026 200 0 - 0.041 ms","timestamp":"2026-07-08 14:07:42"}
{"level":"info","message":"OPTIONS /api/appointments/revenue 200 0 - 0.022 ms","timestamp":"2026-07-08 14:07:42"}
{"level":"info","message":"OPTIONS /api/users 200 0 - 0.028 ms","timestamp":"2026-07-08 14:07:42"}
{"level":"info","message":"GET /api/attendance/2026/7 304 - - 109.945 ms","timestamp":"2026-07-08 14:07:42"}
{"level":"info","message":"GET /api/appointments/stats?month=7&year=2026 304 - - 55.602 ms","timestamp":"2026-07-08 14:07:42"}
{"level":"info","message":"GET /api/appointments/stats?month=6&year=2026 304 - - 54.758 ms","timestamp":"2026-07-08 14:07:42"}
{"level":"info","message":"GET /api/users/all 200 - - 113.158 ms","timestamp":"2026-07-08 14:07:42"}
{"level":"info","message":"GET /api/attendance/range?start=2026-06-30T18:30:00.000Z&end=2026-07-31T18:29:59.999Z 304 - - 121.334 ms","timestamp":"2026-07-08 14:07:42"}
{"level":"info","message":"GET /api/appointments/revenue 304 - - 83.262 ms","timestamp":"2026-07-08 14:07:42"}
{"level":"info","message":"GET /api/users 200 - - 118.947 ms","timestamp":"2026-07-08 14:07:42"}
{"level":"info","message":"OPTIONS /api/attendance/2026/7 200 0 - 0.207 ms","timestamp":"2026-07-08 14:08:42"}
{"level":"info","message":"OPTIONS /api/users/all 200 0 - 0.125 ms","timestamp":"2026-07-08 14:08:42"}
{"level":"info","message":"OPTIONS /api/attendance/range?start=2026-06-30T18:30:00.000Z&end=2026-07-31T18:29:59.999Z 200 0 - 0.056 ms","timestamp":"2026-07-08 14:08:42"}
{"level":"info","message":"OPTIONS /api/appointments/stats?month=7&year=2026 200 0 - 0.048 ms","timestamp":"2026-07-08 14:08:42"}
{"level":"info","message":"OPTIONS /api/users 200 0 - 0.056 ms","timestamp":"2026-07-08 14:08:42"}
{"level":"info","message":"OPTIONS /api/appointments/stats?month=6&year=2026 200 0 - 0.022 ms","timestamp":"2026-07-08 14:08:42"}
{"level":"info","message":"OPTIONS /api/appointments/revenue 200 0 - 0.031 ms","timestamp":"2026-07-08 14:08:42"}
{"level":"info","message":"GET /api/attendance/range?start=2026-06-30T18:30:00.000Z&end=2026-07-31T18:29:59.999Z 304 - - 116.209 ms","timestamp":"2026-07-08 14:08:42"}
{"level":"info","message":"GET /api/attendance/2026/7 304 - - 129.556 ms","timestamp":"2026-07-08 14:08:42"}
{"level":"info","message":"GET /api/appointments/stats?month=7&year=2026 304 - - 54.849 ms","timestamp":"2026-07-08 14:08:42"}
{"level":"info","message":"GET /api/appointments/stats?month=6&year=2026 304 - - 53.500 ms","timestamp":"2026-07-08 14:08:42"}
{"level":"info","message":"GET /api/users/all 200 - - 120.229 ms","timestamp":"2026-07-08 14:08:42"}
{"level":"info","message":"GET /api/appointments/revenue 304 - - 85.286 ms","timestamp":"2026-07-08 14:08:42"}
{"level":"info","message":"GET /api/users 200 - - 134.886 ms","timestamp":"2026-07-08 14:08:42"}
{"level":"info","message":"OPTIONS /api/attendance/2026/7 200 0 - 0.080 ms","timestamp":"2026-07-08 14:09:42"}
{"level":"info","message":"OPTIONS /api/users/all 200 0 - 0.079 ms","timestamp":"2026-07-08 14:09:42"}
{"level":"info","message":"OPTIONS /api/attendance/range?start=2026-06-30T18:30:00.000Z&end=2026-07-31T18:29:59.999Z 200 0 - 0.072 ms","timestamp":"2026-07-08 14:09:42"}
{"level":"info","message":"OPTIONS /api/appointments/stats?month=7&year=2026 200 0 - 0.045 ms","timestamp":"2026-07-08 14:09:42"}
{"level":"info","message":"OPTIONS /api/appointments/stats?month=6&year=2026 200 0 - 0.045 ms","timestamp":"2026-07-08 14:09:42"}
{"level":"info","message":"OPTIONS /api/appointments/revenue 200 0 - 0.056 ms","timestamp":"2026-07-08 14:09:42"}
{"level":"info","message":"OPTIONS /api/users 200 0 - 0.038 ms","timestamp":"2026-07-08 14:09:42"}
{"level":"info","message":"GET /api/attendance/2026/7 304 - - 107.477 ms","timestamp":"2026-07-08 14:09:42"}
{"level":"info","message":"GET /api/appointments/stats?month=7&year=2026 304 - - 54.345 ms","timestamp":"2026-07-08 14:09:42"}
{"level":"info","message":"GET /api/appointments/stats?month=6&year=2026 304 - - 53.847 ms","timestamp":"2026-07-08 14:09:42"}
{"level":"info","message":"GET /api/users/all 200 - - 115.683 ms","timestamp":"2026-07-08 14:09:42"}
{"level":"info","message":"GET /api/attendance/range?start=2026-06-30T18:30:00.000Z&end=2026-07-31T18:29:59.999Z 304 - - 120.055 ms","timestamp":"2026-07-08 14:09:42"}
{"level":"info","message":"GET /api/appointments/revenue 304 - - 106.125 ms","timestamp":"2026-07-08 14:09:42"}
{"level":"info","message":"GET /api/users 200 - - 122.723 ms","timestamp":"2026-07-08 14:09:42"}
{"level":"info","message":"OPTIONS /api/attendance/2026/7 200 0 - 0.070 ms","timestamp":"2026-07-08 14:10:42"}
{"level":"info","message":"OPTIONS /api/users/all 200 0 - 0.054 ms","timestamp":"2026-07-08 14:10:42"}
{"level":"info","message":"OPTIONS /api/attendance/range?start=2026-06-30T18:30:00.000Z&end=2026-07-31T18:29:59.999Z 200 0 - 0.047 ms","timestamp":"2026-07-08 14:10:42"}
{"level":"info","message":"OPTIONS /api/appointments/stats?month=7&year=2026 200 0 - 0.046 ms","timestamp":"2026-07-08 14:10:42"}
{"level":"info","message":"OPTIONS /api/appointments/stats?month=6&year=2026 200 0 - 0.062 ms","timestamp":"2026-07-08 14:10:42"}
{"level":"info","message":"OPTIONS /api/appointments/revenue 200 0 - 0.050 ms","timestamp":"2026-07-08 14:10:42"}
{"level":"info","message":"OPTIONS /api/users 200 0 - 0.059 ms","timestamp":"2026-07-08 14:10:42"}
{"level":"info","message":"GET /api/attendance/2026/7 304 - - 125.352 ms","timestamp":"2026-07-08 14:10:42"}
{"level":"info","message":"GET /api/users/all 200 - - 121.495 ms","timestamp":"2026-07-08 14:10:42"}
{"level":"info","message":"GET /api/attendance/range?start=2026-06-30T18:30:00.000Z&end=2026-07-31T18:29:59.999Z 304 - - 128.806 ms","timestamp":"2026-07-08 14:10:42"}
{"level":"info","message":"GET /api/appointments/stats?month=7&year=2026 304 - - 54.891 ms","timestamp":"2026-07-08 14:10:42"}
{"level":"info","message":"GET /api/appointments/stats?month=6&year=2026 304 - - 53.778 ms","timestamp":"2026-07-08 14:10:42"}
{"level":"info","message":"GET /api/appointments/revenue 304 - - 82.399 ms","timestamp":"2026-07-08 14:10:42"}
{"level":"info","message":"GET /api/users 200 - - 112.149 ms","timestamp":"2026-07-08 14:10:42"}
{"level":"info","message":"OPTIONS /api/attendance/2026/7 200 0 - 0.069 ms","timestamp":"2026-07-08 14:11:42"}
{"level":"info","message":"OPTIONS /api/users/all 200 0 - 0.043 ms","timestamp":"2026-07-08 14:11:42"}
{"level":"info","message":"OPTIONS /api/attendance/range?start=2026-06-30T18:30:00.000Z&end=2026-07-31T18:29:59.999Z 200 0 - 0.050 ms","timestamp":"2026-07-08 14:11:42"}
{"level":"info","message":"OPTIONS /api/appointments/stats?month=7&year=2026 200 0 - 0.069 ms","timestamp":"2026-07-08 14:11:42"}
{"level":"info","message":"OPTIONS /api/appointments/stats?month=6&year=2026 200 0 - 0.043 ms","timestamp":"2026-07-08 14:11:42"}
{"level":"info","message":"OPTIONS /api/appointments/revenue 200 0 - 0.043 ms","timestamp":"2026-07-08 14:11:42"}
{"level":"info","message":"OPTIONS /api/users 200 0 - 0.022 ms","timestamp":"2026-07-08 14:11:42"}
{"level":"info","message":"GET /api/appointments/stats?month=7&year=2026 304 - - 50.738 ms","timestamp":"2026-07-08 14:11:42"}
{"level":"info","message":"GET /api/appointments/stats?month=6&year=2026 304 - - 51.401 ms","timestamp":"2026-07-08 14:11:42"}
{"level":"info","message":"GET /api/attendance/2026/7 304 - - 115.975 ms","timestamp":"2026-07-08 14:11:42"}
{"level":"info","message":"GET /api/attendance/range?start=2026-06-30T18:30:00.000Z&end=2026-07-31T18:29:59.999Z 304 - - 115.395 ms","timestamp":"2026-07-08 14:11:42"}
{"level":"info","message":"GET /api/users/all 200 - - 112.831 ms","timestamp":"2026-07-08 14:11:42"}
{"level":"info","message":"GET /api/appointments/revenue 304 - - 81.988 ms","timestamp":"2026-07-08 14:11:42"}
{"level":"info","message":"GET /api/users 200 - - 137.182 ms","timestamp":"2026-07-08 14:11:42"}
{"level":"info","message":"OPTIONS /api/attendance/2026/7 200 0 - 0.067 ms","timestamp":"2026-07-08 14:12:42"}
{"level":"info","message":"OPTIONS /api/users/all 200 0 - 0.052 ms","timestamp":"2026-07-08 14:12:42"}
{"level":"info","message":"OPTIONS /api/attendance/range?start=2026-06-30T18:30:00.000Z&end=2026-07-31T18:29:59.999Z 200 0 - 0.035 ms","timestamp":"2026-07-08 14:12:42"}
{"level":"info","message":"OPTIONS /api/appointments/stats?month=7&year=2026 200 0 - 0.045 ms","timestamp":"2026-07-08 14:12:42"}
{"level":"info","message":"OPTIONS /api/appointments/stats?month=6&year=2026 200 0 - 0.026 ms","timestamp":"2026-07-08 14:12:42"}
{"level":"info","message":"OPTIONS /api/appointments/revenue 200 0 - 0.038 ms","timestamp":"2026-07-08 14:12:42"}
{"level":"info","message":"OPTIONS /api/users 200 0 - 0.023 ms","timestamp":"2026-07-08 14:12:42"}
{"level":"info","message":"GET /api/attendance/2026/7 304 - - 116.034 ms","timestamp":"2026-07-08 14:12:42"}
{"level":"info","message":"GET /api/users/all 200 - - 113.043 ms","timestamp":"2026-07-08 14:12:42"}
{"level":"info","message":"GET /api/attendance/range?start=2026-06-30T18:30:00.000Z&end=2026-07-31T18:29:59.999Z 304 - - 122.882 ms","timestamp":"2026-07-08 14:12:42"}
{"level":"info","message":"GET /api/appointments/stats?month=7&year=2026 304 - - 66.612 ms","timestamp":"2026-07-08 14:12:42"}
{"level":"info","message":"GET /api/appointments/stats?month=6&year=2026 304 - - 66.123 ms","timestamp":"2026-07-08 14:12:42"}
{"level":"info","message":"GET /api/appointments/revenue 304 - - 93.819 ms","timestamp":"2026-07-08 14:12:42"}
{"level":"info","message":"GET /api/users 200 - - 128.349 ms","timestamp":"2026-07-08 14:12:42"}
{"level":"info","message":"OPTIONS /api/attendance/2026/7 200 0 - 0.232 ms","timestamp":"2026-07-08 14:13:42"}
{"level":"info","message":"OPTIONS /api/users/all 200 0 - 0.212 ms","timestamp":"2026-07-08 14:13:42"}
{"level":"info","message":"OPTIONS /api/attendance/range?start=2026-06-30T18:30:00.000Z&end=2026-07-31T18:29:59.999Z 200 0 - 0.210 ms","timestamp":"2026-07-08 14:13:42"}
{"level":"info","message":"OPTIONS /api/appointments/stats?month=7&year=2026 200 0 - 0.046 ms","timestamp":"2026-07-08 14:13:42"}
{"level":"info","message":"OPTIONS /api/appointments/stats?month=6&year=2026 200 0 - 0.042 ms","timestamp":"2026-07-08 14:13:42"}
{"level":"info","message":"OPTIONS /api/appointments/revenue 200 0 - 0.028 ms","timestamp":"2026-07-08 14:13:42"}
{"level":"info","message":"OPTIONS /api/users 200 0 - 0.063 ms","timestamp":"2026-07-08 14:13:42"}
{"level":"info","message":"GET /api/attendance/2026/7 304 - - 113.839 ms","timestamp":"2026-07-08 14:13:42"}
{"level":"info","message":"GET /api/attendance/range?start=2026-06-30T18:30:00.000Z&end=2026-07-31T18:29:59.999Z 304 - - 112.762 ms","timestamp":"2026-07-08 14:13:42"}
{"level":"info","message":"GET /api/users/all 200 - - 112.988 ms","timestamp":"2026-07-08 14:13:42"}
{"level":"info","message":"GET /api/appointments/stats?month=7&year=2026 304 - - 51.808 ms","timestamp":"2026-07-08 14:13:42"}
{"level":"info","message":"GET /api/appointments/stats?month=6&year=2026 304 - - 53.028 ms","timestamp":"2026-07-08 14:13:42"}
{"level":"info","message":"GET /api/appointments/revenue 304 - - 81.441 ms","timestamp":"2026-07-08 14:13:42"}
{"level":"info","message":"GET /api/users 200 - - 114.336 ms","timestamp":"2026-07-08 14:13:42"}
{"level":"info","message":"OPTIONS /api/attendance/2026/7 200 0 - 0.234 ms","timestamp":"2026-07-08 14:14:42"}
{"level":"info","message":"OPTIONS /api/users/all 200 0 - 0.129 ms","timestamp":"2026-07-08 14:14:42"}
{"level":"info","message":"OPTIONS /api/attendance/range?start=2026-06-30T18:30:00.000Z&end=2026-07-31T18:29:59.999Z 200 0 - 0.125 ms","timestamp":"2026-07-08 14:14:42"}
{"level":"info","message":"OPTIONS /api/appointments/stats?month=7&year=2026 200 0 - 0.048 ms","timestamp":"2026-07-08 14:14:42"}
{"level":"info","message":"OPTIONS /api/appointments/stats?month=6&year=2026 200 0 - 0.039 ms","timestamp":"2026-07-08 14:14:42"}
{"level":"info","message":"OPTIONS /api/appointments/revenue 200 0 - 0.053 ms","timestamp":"2026-07-08 14:14:42"}
{"level":"info","message":"OPTIONS /api/users 200 0 - 0.030 ms","timestamp":"2026-07-08 14:14:42"}
{"level":"info","message":"GET /api/attendance/2026/7 304 - - 132.362 ms","timestamp":"2026-07-08 14:14:42"}
{"level":"info","message":"GET /api/users/all 200 - - 122.354 ms","timestamp":"2026-07-08 14:14:42"}
{"level":"info","message":"GET /api/attendance/range?start=2026-06-30T18:30:00.000Z&end=2026-07-31T18:29:59.999Z 304 - - 131.643 ms","timestamp":"2026-07-08 14:14:42"}
{"level":"info","message":"GET /api/appointments/stats?month=6&year=2026 304 - - 65.337 ms","timestamp":"2026-07-08 14:14:42"}
{"level":"info","message":"GET /api/appointments/stats?month=7&year=2026 304 - - 66.886 ms","timestamp":"2026-07-08 14:14:42"}
{"level":"info","message":"GET /api/appointments/revenue 304 - - 98.385 ms","timestamp":"2026-07-08 14:14:42"}
{"level":"info","message":"GET /api/users 200 - - 130.766 ms","timestamp":"2026-07-08 14:14:42"}
{"level":"info","message":"OPTIONS /api/attendance/2026/7 200 0 - 0.223 ms","timestamp":"2026-07-08 14:15:42"}
{"level":"info","message":"OPTIONS /api/users/all 200 0 - 0.160 ms","timestamp":"2026-07-08 14:15:42"}
{"level":"info","message":"OPTIONS /api/attendance/range?start=2026-06-30T18:30:00.000Z&end=2026-07-31T18:29:59.999Z 200 0 - 0.218 ms","timestamp":"2026-07-08 14:15:42"}
{"level":"info","message":"OPTIONS /api/appointments/stats?month=7&year=2026 200 0 - 0.042 ms","timestamp":"2026-07-08 14:15:42"}
{"level":"info","message":"OPTIONS /api/appointments/stats?month=6&year=2026 200 0 - 0.029 ms","timestamp":"2026-07-08 14:15:42"}
{"level":"info","message":"OPTIONS /api/appointments/revenue 200 0 - 0.040 ms","timestamp":"2026-07-08 14:15:42"}
{"level":"info","message":"OPTIONS /api/users 200 0 - 0.026 ms","timestamp":"2026-07-08 14:15:42"}
{"level":"info","message":"GET /api/users/all 200 - - 114.459 ms","timestamp":"2026-07-08 14:15:42"}
{"level":"info","message":"GET /api/attendance/2026/7 304 - - 128.140 ms","timestamp":"2026-07-08 14:15:42"}
{"level":"info","message":"GET /api/attendance/range?start=2026-06-30T18:30:00.000Z&end=2026-07-31T18:29:59.999Z 304 - - 123.965 ms","timestamp":"2026-07-08 14:15:42"}
{"level":"info","message":"GET /api/appointments/stats?month=6&year=2026 304 - - 68.003 ms","timestamp":"2026-07-08 14:15:42"}
{"level":"info","message":"GET /api/appointments/stats?month=7&year=2026 304 - - 73.145 ms","timestamp":"2026-07-08 14:15:42"}
{"level":"info","message":"GET /api/appointments/revenue 304 - - 99.306 ms","timestamp":"2026-07-08 14:15:42"}
{"level":"info","message":"GET /api/users 200 - - 99.425 ms","timestamp":"2026-07-08 14:15:42"}
{"level":"info","message":"OPTIONS /api/attendance/2026/7 200 0 - 0.239 ms","timestamp":"2026-07-08 14:16:42"}
{"level":"info","message":"OPTIONS /api/users/all 200 0 - 0.139 ms","timestamp":"2026-07-08 14:16:42"}
{"level":"info","message":"OPTIONS /api/attendance/range?start=2026-06-30T18:30:00.000Z&end=2026-07-31T18:29:59.999Z 200 0 - 0.167 ms","timestamp":"2026-07-08 14:16:42"}
{"level":"info","message":"OPTIONS /api/appointments/stats?month=7&year=2026 200 0 - 0.043 ms","timestamp":"2026-07-08 14:16:42"}
{"level":"info","message":"OPTIONS /api/appointments/stats?month=6&year=2026 200 0 - 0.041 ms","timestamp":"2026-07-08 14:16:42"}
{"level":"info","message":"OPTIONS /api/appointments/revenue 200 0 - 0.052 ms","timestamp":"2026-07-08 14:16:42"}
{"level":"info","message":"OPTIONS /api/users 200 0 - 0.030 ms","timestamp":"2026-07-08 14:16:42"}
{"level":"info","message":"GET /api/attendance/2026/7 304 - - 108.068 ms","timestamp":"2026-07-08 14:16:42"}
{"level":"info","message":"GET /api/attendance/range?start=2026-06-30T18:30:00.000Z&end=2026-07-31T18:29:59.999Z 304 - - 114.422 ms","timestamp":"2026-07-08 14:16:42"}
{"level":"info","message":"GET /api/users/all 200 - - 114.175 ms","timestamp":"2026-07-08 14:16:42"}
{"level":"info","message":"GET /api/appointments/stats?month=7&year=2026 304 - - 55.541 ms","timestamp":"2026-07-08 14:16:42"}
{"level":"info","message":"GET /api/appointments/stats?month=6&year=2026 304 - - 55.460 ms","timestamp":"2026-07-08 14:16:42"}
{"level":"info","message":"GET /api/appointments/revenue 304 - - 87.958 ms","timestamp":"2026-07-08 14:16:42"}
{"level":"info","message":"GET /api/users 200 - - 114.266 ms","timestamp":"2026-07-08 14:16:42"}
{"level":"info","message":"OPTIONS /api/attendance/2026/7 200 0 - 0.209 ms","timestamp":"2026-07-08 14:17:42"}
{"level":"info","message":"OPTIONS /api/users/all 200 0 - 0.118 ms","timestamp":"2026-07-08 14:17:42"}
{"level":"info","message":"OPTIONS /api/attendance/range?start=2026-06-30T18:30:00.000Z&end=2026-07-31T18:29:59.999Z 200 0 - 0.057 ms","timestamp":"2026-07-08 14:17:42"}
{"level":"info","message":"OPTIONS /api/appointments/stats?month=7&year=2026 200 0 - 0.055 ms","timestamp":"2026-07-08 14:17:42"}
{"level":"info","message":"OPTIONS /api/appointments/stats?month=6&year=2026 200 0 - 0.065 ms","timestamp":"2026-07-08 14:17:42"}
{"level":"info","message":"OPTIONS /api/appointments/revenue 200 0 - 0.038 ms","timestamp":"2026-07-08 14:17:42"}
{"level":"info","message":"OPTIONS /api/users 200 0 - 0.036 ms","timestamp":"2026-07-08 14:17:42"}
{"level":"info","message":"GET /api/attendance/2026/7 304 - - 112.744 ms","timestamp":"2026-07-08 14:17:42"}
{"level":"info","message":"GET /api/attendance/range?start=2026-06-30T18:30:00.000Z&end=2026-07-31T18:29:59.999Z 304 - - 117.623 ms","timestamp":"2026-07-08 14:17:42"}
{"level":"info","message":"GET /api/appointments/stats?month=7&year=2026 304 - - 58.880 ms","timestamp":"2026-07-08 14:17:42"}
{"level":"info","message":"GET /api/appointments/stats?month=6&year=2026 304 - - 60.331 ms","timestamp":"2026-07-08 14:17:42"}
{"level":"info","message":"GET /api/users/all 200 - - 117.984 ms","timestamp":"2026-07-08 14:17:42"}
{"level":"info","message":"GET /api/appointments/revenue 304 - - 86.234 ms","timestamp":"2026-07-08 14:17:42"}
{"level":"info","message":"GET /api/users 200 - - 93.736 ms","timestamp":"2026-07-08 14:17:42"}
{"level":"info","message":"OPTIONS /api/attendance/2026/7 200 0 - 0.139 ms","timestamp":"2026-07-08 14:18:42"}
{"level":"info","message":"OPTIONS /api/users/all 200 0 - 0.195 ms","timestamp":"2026-07-08 14:18:42"}
{"level":"info","message":"OPTIONS /api/attendance/range?start=2026-06-30T18:30:00.000Z&end=2026-07-31T18:29:59.999Z 200 0 - 0.231 ms","timestamp":"2026-07-08 14:18:42"}
{"level":"info","message":"OPTIONS /api/appointments/stats?month=7&year=2026 200 0 - 0.047 ms","timestamp":"2026-07-08 14:18:42"}
{"level":"info","message":"OPTIONS /api/appointments/stats?month=6&year=2026 200 0 - 0.056 ms","timestamp":"2026-07-08 14:18:42"}
{"level":"info","message":"OPTIONS /api/appointments/revenue 200 0 - 0.050 ms","timestamp":"2026-07-08 14:18:42"}
{"level":"info","message":"OPTIONS /api/users 200 0 - 0.032 ms","timestamp":"2026-07-08 14:18:42"}
{"level":"info","message":"GET /api/attendance/2026/7 304 - - 109.736 ms","timestamp":"2026-07-08 14:18:42"}
{"level":"info","message":"GET /api/attendance/range?start=2026-06-30T18:30:00.000Z&end=2026-07-31T18:29:59.999Z 304 - - 113.014 ms","timestamp":"2026-07-08 14:18:42"}
{"level":"info","message":"GET /api/users/all 200 - - 113.140 ms","timestamp":"2026-07-08 14:18:42"}
{"level":"info","message":"GET /api/appointments/stats?month=7&year=2026 304 - - 50.975 ms","timestamp":"2026-07-08 14:18:42"}
{"level":"info","message":"GET /api/appointments/stats?month=6&year=2026 304 - - 52.174 ms","timestamp":"2026-07-08 14:18:42"}
{"level":"info","message":"GET /api/appointments/revenue 304 - - 90.964 ms","timestamp":"2026-07-08 14:18:42"}
{"level":"info","message":"GET /api/users 200 - - 122.508 ms","timestamp":"2026-07-08 14:18:42"}
{"level":"info","message":"OPTIONS /api/attendance/2026/7 200 0 - 0.115 ms","timestamp":"2026-07-08 14:19:42"}
{"level":"info","message":"OPTIONS /api/users/all 200 0 - 0.067 ms","timestamp":"2026-07-08 14:19:42"}
{"level":"info","message":"OPTIONS /api/attendance/range?start=2026-06-30T18:30:00.000Z&end=2026-07-31T18:29:59.999Z 200 0 - 0.090 ms","timestamp":"2026-07-08 14:19:42"}
{"level":"info","message":"OPTIONS /api/appointments/stats?month=7&year=2026 200 0 - 0.063 ms","timestamp":"2026-07-08 14:19:42"}
{"level":"info","message":"OPTIONS /api/appointments/stats?month=6&year=2026 200 0 - 0.047 ms","timestamp":"2026-07-08 14:19:42"}
{"level":"info","message":"OPTIONS /api/appointments/revenue 200 0 - 0.036 ms","timestamp":"2026-07-08 14:19:42"}
{"level":"info","message":"OPTIONS /api/users 200 0 - 0.059 ms","timestamp":"2026-07-08 14:19:42"}
{"level":"info","message":"GET /api/appointments/stats?month=7&year=2026 304 - - 54.779 ms","timestamp":"2026-07-08 14:19:42"}
{"level":"info","message":"GET /api/attendance/range?start=2026-06-30T18:30:00.000Z&end=2026-07-31T18:29:59.999Z 304 - - 114.533 ms","timestamp":"2026-07-08 14:19:42"}
{"level":"info","message":"GET /api/attendance/2026/7 304 - - 135.487 ms","timestamp":"2026-07-08 14:19:42"}
{"level":"info","message":"GET /api/appointments/stats?month=6&year=2026 304 - - 73.748 ms","timestamp":"2026-07-08 14:19:42"}
{"level":"info","message":"GET /api/users/all 200 - - 131.292 ms","timestamp":"2026-07-08 14:19:42"}
{"level":"info","message":"GET /api/appointments/revenue 304 - - 83.591 ms","timestamp":"2026-07-08 14:19:42"}
{"level":"info","message":"GET /api/users 200 - - 138.536 ms","timestamp":"2026-07-08 14:19:42"}
{"level":"info","message":"OPTIONS /api/attendance/2026/7 200 0 - 0.048 ms","timestamp":"2026-07-08 14:20:42"}
{"level":"info","message":"OPTIONS /api/users/all 200 0 - 0.060 ms","timestamp":"2026-07-08 14:20:42"}
{"level":"info","message":"OPTIONS /api/attendance/range?start=2026-06-30T18:30:00.000Z&end=2026-07-31T18:29:59.999Z 200 0 - 0.041 ms","timestamp":"2026-07-08 14:20:42"}
{"level":"info","message":"OPTIONS /api/appointments/stats?month=7&year=2026 200 0 - 0.052 ms","timestamp":"2026-07-08 14:20:42"}
{"level":"info","message":"OPTIONS /api/appointments/stats?month=6&year=2026 200 0 - 0.027 ms","timestamp":"2026-07-08 14:20:42"}
{"level":"info","message":"OPTIONS /api/appointments/revenue 200 0 - 0.043 ms","timestamp":"2026-07-08 14:20:42"}
{"level":"info","message":"OPTIONS /api/users 200 0 - 0.035 ms","timestamp":"2026-07-08 14:20:42"}
{"level":"info","message":"GET /api/appointments/stats?month=7&year=2026 304 - - 63.291 ms","timestamp":"2026-07-08 14:20:42"}
{"level":"info","message":"GET /api/appointments/stats?month=6&year=2026 304 - - 66.291 ms","timestamp":"2026-07-08 14:20:42"}
{"level":"info","message":"GET /api/appointments/revenue 304 - - 107.653 ms","timestamp":"2026-07-08 14:20:42"}
{"level":"info","message":"GET /api/attendance/2026/7 304 - - 141.444 ms","timestamp":"2026-07-08 14:20:42"}
{"level":"info","message":"GET /api/attendance/range?start=2026-06-30T18:30:00.000Z&end=2026-07-31T18:29:59.999Z 304 - - 141.480 ms","timestamp":"2026-07-08 14:20:42"}
{"level":"info","message":"GET /api/users/all 200 - - 134.417 ms","timestamp":"2026-07-08 14:20:42"}
{"level":"info","message":"GET /api/users 200 - - 162.981 ms","timestamp":"2026-07-08 14:20:42"}
{"level":"info","message":"OPTIONS /api/attendance/2026/7 200 0 - 0.073 ms","timestamp":"2026-07-08 14:21:42"}
{"level":"info","message":"OPTIONS /api/users/all 200 0 - 0.042 ms","timestamp":"2026-07-08 14:21:42"}
{"level":"info","message":"OPTIONS /api/attendance/range?start=2026-06-30T18:30:00.000Z&end=2026-07-31T18:29:59.999Z 200 0 - 0.035 ms","timestamp":"2026-07-08 14:21:42"}
{"level":"info","message":"OPTIONS /api/appointments/stats?month=7&year=2026 200 0 - 0.081 ms","timestamp":"2026-07-08 14:21:42"}
{"level":"info","message":"OPTIONS /api/appointments/stats?month=6&year=2026 200 0 - 0.040 ms","timestamp":"2026-07-08 14:21:42"}
{"level":"info","message":"OPTIONS /api/appointments/revenue 200 0 - 0.055 ms","timestamp":"2026-07-08 14:21:42"}
{"level":"info","message":"OPTIONS /api/users 200 0 - 0.036 ms","timestamp":"2026-07-08 14:21:42"}
{"level":"info","message":"GET /api/appointments/stats?month=7&year=2026 304 - - 65.781 ms","timestamp":"2026-07-08 14:21:42"}
{"level":"info","message":"GET /api/appointments/stats?month=6&year=2026 304 - - 70.507 ms","timestamp":"2026-07-08 14:21:42"}
{"level":"info","message":"GET /api/attendance/2026/7 304 - - 134.577 ms","timestamp":"2026-07-08 14:21:42"}
{"level":"info","message":"GET /api/attendance/range?start=2026-06-30T18:30:00.000Z&end=2026-07-31T18:29:59.999Z 304 - - 146.290 ms","timestamp":"2026-07-08 14:21:42"}
{"level":"info","message":"GET /api/users/all 200 - - 145.751 ms","timestamp":"2026-07-08 14:21:42"}
{"level":"info","message":"GET /api/appointments/revenue 304 - - 108.428 ms","timestamp":"2026-07-08 14:21:42"}
{"level":"info","message":"GET /api/users 200 - - 165.883 ms","timestamp":"2026-07-08 14:21:42"}
{"level":"info","message":"OPTIONS /api/attendance/2026/7 200 0 - 0.079 ms","timestamp":"2026-07-08 14:22:42"}
{"level":"info","message":"OPTIONS /api/users/all 200 0 - 0.052 ms","timestamp":"2026-07-08 14:22:42"}
{"level":"info","message":"OPTIONS /api/attendance/range?start=2026-06-30T18:30:00.000Z&end=2026-07-31T18:29:59.999Z 200 0 - 0.044 ms","timestamp":"2026-07-08 14:22:42"}
{"level":"info","message":"OPTIONS /api/appointments/stats?month=7&year=2026 200 0 - 0.072 ms","timestamp":"2026-07-08 14:22:42"}
{"level":"info","message":"OPTIONS /api/appointments/stats?month=6&year=2026 200 0 - 0.056 ms","timestamp":"2026-07-08 14:22:42"}
{"level":"info","message":"OPTIONS /api/appointments/revenue 200 0 - 0.051 ms","timestamp":"2026-07-08 14:22:42"}
{"level":"info","message":"OPTIONS /api/users 200 0 - 0.053 ms","timestamp":"2026-07-08 14:22:42"}
{"level":"info","message":"GET /api/attendance/range?start=2026-06-30T18:30:00.000Z&end=2026-07-31T18:29:59.999Z 304 - - 121.708 ms","timestamp":"2026-07-08 14:22:42"}
{"level":"info","message":"GET /api/attendance/2026/7 304 - - 136.869 ms","timestamp":"2026-07-08 14:22:42"}
{"level":"info","message":"GET /api/users/all 200 - - 122.326 ms","timestamp":"2026-07-08 14:22:42"}
{"level":"info","message":"GET /api/appointments/stats?month=7&year=2026 304 - - 53.976 ms","timestamp":"2026-07-08 14:22:42"}
{"level":"info","message":"GET /api/appointments/stats?month=6&year=2026 304 - - 62.045 ms","timestamp":"2026-07-08 14:22:42"}
{"level":"info","message":"GET /api/appointments/revenue 304 - - 95.423 ms","timestamp":"2026-07-08 14:22:42"}
{"level":"info","message":"GET /api/users 200 - - 112.801 ms","timestamp":"2026-07-08 14:22:42"}
{"level":"info","message":"OPTIONS /api/attendance/2026/7 200 0 - 0.189 ms","timestamp":"2026-07-08 14:23:42"}
{"level":"info","message":"OPTIONS /api/users/all 200 0 - 0.088 ms","timestamp":"2026-07-08 14:23:42"}
{"level":"info","message":"OPTIONS /api/attendance/range?start=2026-06-30T18:30:00.000Z&end=2026-07-31T18:29:59.999Z 200 0 - 0.091 ms","timestamp":"2026-07-08 14:23:42"}
{"level":"info","message":"OPTIONS /api/appointments/stats?month=7&year=2026 200 0 - 0.045 ms","timestamp":"2026-07-08 14:23:42"}
{"level":"info","message":"OPTIONS /api/appointments/stats?month=6&year=2026 200 0 - 0.034 ms","timestamp":"2026-07-08 14:23:42"}
{"level":"info","message":"OPTIONS /api/appointments/revenue 200 0 - 0.040 ms","timestamp":"2026-07-08 14:23:42"}
{"level":"info","message":"OPTIONS /api/users 200 0 - 0.041 ms","timestamp":"2026-07-08 14:23:42"}
{"level":"info","message":"GET /api/attendance/2026/7 304 - - 110.947 ms","timestamp":"2026-07-08 14:23:42"}
{"level":"info","message":"GET /api/appointments/stats?month=7&year=2026 304 - - 58.958 ms","timestamp":"2026-07-08 14:23:42"}
{"level":"info","message":"GET /api/appointments/stats?month=6&year=2026 304 - - 57.388 ms","timestamp":"2026-07-08 14:23:42"}
{"level":"info","message":"GET /api/users/all 200 - - 123.562 ms","timestamp":"2026-07-08 14:23:42"}
{"level":"info","message":"GET /api/attendance/range?start=2026-06-30T18:30:00.000Z&end=2026-07-31T18:29:59.999Z 304 - - 124.411 ms","timestamp":"2026-07-08 14:23:42"}
{"level":"info","message":"GET /api/appointments/revenue 304 - - 92.084 ms","timestamp":"2026-07-08 14:23:42"}
{"level":"info","message":"GET /api/users 200 - - 118.067 ms","timestamp":"2026-07-08 14:23:42"}
{"level":"info","message":"OPTIONS /api/attendance/2026/7 200 0 - 0.213 ms","timestamp":"2026-07-08 14:24:42"}
{"level":"info","message":"OPTIONS /api/users/all 200 0 - 0.096 ms","timestamp":"2026-07-08 14:24:42"}
{"level":"info","message":"OPTIONS /api/attendance/range?start=2026-06-30T18:30:00.000Z&end=2026-07-31T18:29:59.999Z 200 0 - 0.097 ms","timestamp":"2026-07-08 14:24:42"}
{"level":"info","message":"OPTIONS /api/appointments/stats?month=7&year=2026 200 0 - 0.046 ms","timestamp":"2026-07-08 14:24:42"}
{"level":"info","message":"OPTIONS /api/appointments/stats?month=6&year=2026 200 0 - 0.022 ms","timestamp":"2026-07-08 14:24:42"}
{"level":"info","message":"OPTIONS /api/appointments/revenue 200 0 - 0.033 ms","timestamp":"2026-07-08 14:24:42"}
{"level":"info","message":"OPTIONS /api/users 200 0 - 0.030 ms","timestamp":"2026-07-08 14:24:42"}
{"level":"info","message":"GET /api/appointments/stats?month=6&year=2026 304 - - 53.349 ms","timestamp":"2026-07-08 14:24:42"}
{"level":"info","message":"GET /api/appointments/stats?month=7&year=2026 304 - - 58.115 ms","timestamp":"2026-07-08 14:24:42"}
{"level":"info","message":"GET /api/attendance/2026/7 304 - - 131.255 ms","timestamp":"2026-07-08 14:24:42"}
{"level":"info","message":"GET /api/attendance/range?start=2026-06-30T18:30:00.000Z&end=2026-07-31T18:29:59.999Z 304 - - 130.546 ms","timestamp":"2026-07-08 14:24:42"}
{"level":"info","message":"GET /api/users/all 200 - - 125.463 ms","timestamp":"2026-07-08 14:24:42"}
{"level":"info","message":"GET /api/appointments/revenue 304 - - 84.790 ms","timestamp":"2026-07-08 14:24:42"}
{"level":"info","message":"GET /api/users 200 - - 164.116 ms","timestamp":"2026-07-08 14:24:42"}
{"level":"info","message":"OPTIONS /api/attendance/2026/7 200 0 - 0.384 ms","timestamp":"2026-07-08 14:25:42"}
{"level":"info","message":"OPTIONS /api/users/all 200 0 - 0.193 ms","timestamp":"2026-07-08 14:25:42"}
{"level":"info","message":"OPTIONS /api/attendance/range?start=2026-06-30T18:30:00.000Z&end=2026-07-31T18:29:59.999Z 200 0 - 0.210 ms","timestamp":"2026-07-08 14:25:42"}
{"level":"info","message":"OPTIONS /api/appointments/stats?month=7&year=2026 200 0 - 0.068 ms","timestamp":"2026-07-08 14:25:42"}
{"level":"info","message":"OPTIONS /api/appointments/stats?month=6&year=2026 200 0 - 0.028 ms","timestamp":"2026-07-08 14:25:42"}
{"level":"info","message":"OPTIONS /api/appointments/revenue 200 0 - 0.035 ms","timestamp":"2026-07-08 14:25:42"}
{"level":"info","message":"OPTIONS /api/users 200 0 - 0.039 ms","timestamp":"2026-07-08 14:25:42"}
{"level":"info","message":"GET /api/attendance/2026/7 304 - - 124.834 ms","timestamp":"2026-07-08 14:25:42"}
{"level":"info","message":"GET /api/appointments/stats?month=7&year=2026 304 - - 62.544 ms","timestamp":"2026-07-08 14:25:42"}
{"level":"info","message":"GET /api/attendance/range?start=2026-06-30T18:30:00.000Z&end=2026-07-31T18:29:59.999Z 304 - - 122.689 ms","timestamp":"2026-07-08 14:25:42"}
{"level":"info","message":"GET /api/users/all 200 - - 120.404 ms","timestamp":"2026-07-08 14:25:42"}
{"level":"info","message":"GET /api/appointments/stats?month=6&year=2026 304 - - 70.627 ms","timestamp":"2026-07-08 14:25:42"}
{"level":"info","message":"GET /api/appointments/revenue 304 - - 89.806 ms","timestamp":"2026-07-08 14:25:42"}
{"level":"info","message":"GET /api/users 200 - - 116.200 ms","timestamp":"2026-07-08 14:25:42"}
{"level":"info","message":"OPTIONS /api/attendance/2026/7 200 0 - 0.088 ms","timestamp":"2026-07-08 14:26:42"}
{"level":"info","message":"OPTIONS /api/users/all 200 0 - 0.066 ms","timestamp":"2026-07-08 14:26:42"}
{"level":"info","message":"OPTIONS /api/attendance/range?start=2026-06-30T18:30:00.000Z&end=2026-07-31T18:29:59.999Z 200 0 - 0.040 ms","timestamp":"2026-07-08 14:26:42"}
{"level":"info","message":"OPTIONS /api/appointments/stats?month=7&year=2026 200 0 - 0.064 ms","timestamp":"2026-07-08 14:26:42"}
{"level":"info","message":"OPTIONS /api/appointments/stats?month=6&year=2026 200 0 - 0.043 ms","timestamp":"2026-07-08 14:26:42"}
{"level":"info","message":"OPTIONS /api/appointments/revenue 200 0 - 0.058 ms","timestamp":"2026-07-08 14:26:42"}
{"level":"info","message":"OPTIONS /api/users 200 0 - 0.036 ms","timestamp":"2026-07-08 14:26:42"}
{"level":"info","message":"GET /api/appointments/stats?month=7&year=2026 304 - - 53.867 ms","timestamp":"2026-07-08 14:26:42"}
{"level":"info","message":"GET /api/appointments/stats?month=6&year=2026 304 - - 52.853 ms","timestamp":"2026-07-08 14:26:42"}
{"level":"info","message":"GET /api/users/all 200 - - 110.703 ms","timestamp":"2026-07-08 14:26:42"}
{"level":"info","message":"GET /api/attendance/range?start=2026-06-30T18:30:00.000Z&end=2026-07-31T18:29:59.999Z 304 - - 117.918 ms","timestamp":"2026-07-08 14:26:42"}
{"level":"info","message":"GET /api/attendance/2026/7 304 - - 122.556 ms","timestamp":"2026-07-08 14:26:42"}
{"level":"info","message":"GET /api/appointments/revenue 304 - - 86.089 ms","timestamp":"2026-07-08 14:26:42"}
{"level":"info","message":"GET /api/users 200 - - 132.981 ms","timestamp":"2026-07-08 14:26:42"}
{"level":"info","message":"OPTIONS /api/attendance/2026/7 200 0 - 0.215 ms","timestamp":"2026-07-08 14:27:42"}
{"level":"info","message":"OPTIONS /api/users/all 200 0 - 0.219 ms","timestamp":"2026-07-08 14:27:42"}
{"level":"info","message":"OPTIONS /api/attendance/range?start=2026-06-30T18:30:00.000Z&end=2026-07-31T18:29:59.999Z 200 0 - 0.071 ms","timestamp":"2026-07-08 14:27:42"}
{"level":"info","message":"OPTIONS /api/appointments/stats?month=7&year=2026 200 0 - 0.035 ms","timestamp":"2026-07-08 14:27:42"}
{"level":"info","message":"OPTIONS /api/appointments/stats?month=6&year=2026 200 0 - 0.029 ms","timestamp":"2026-07-08 14:27:42"}
{"level":"info","message":"OPTIONS /api/appointments/revenue 200 0 - 0.029 ms","timestamp":"2026-07-08 14:27:42"}
{"level":"info","message":"OPTIONS /api/users 200 0 - 0.043 ms","timestamp":"2026-07-08 14:27:42"}
{"level":"info","message":"GET /api/appointments/stats?month=7&year=2026 304 - - 50.999 ms","timestamp":"2026-07-08 14:27:42"}
{"level":"info","message":"GET /api/appointments/stats?month=6&year=2026 304 - - 50.743 ms","timestamp":"2026-07-08 14:27:42"}
{"level":"info","message":"GET /api/attendance/2026/7 304 - - 106.648 ms","timestamp":"2026-07-08 14:27:42"}
{"level":"info","message":"GET /api/attendance/range?start=2026-06-30T18:30:00.000Z&end=2026-07-31T18:29:59.999Z 304 - - 115.077 ms","timestamp":"2026-07-08 14:27:42"}
{"level":"info","message":"GET /api/appointments/revenue 304 - - 82.816 ms","timestamp":"2026-07-08 14:27:42"}
{"level":"info","message":"GET /api/users/all 200 - - 114.823 ms","timestamp":"2026-07-08 14:27:42"}
{"level":"info","message":"GET /api/users 200 - - 136.279 ms","timestamp":"2026-07-08 14:27:42"}
{"level":"info","message":"OPTIONS /api/attendance/2026/7 200 0 - 0.147 ms","timestamp":"2026-07-08 14:28:42"}
{"level":"info","message":"OPTIONS /api/users/all 200 0 - 0.112 ms","timestamp":"2026-07-08 14:28:42"}
{"level":"info","message":"OPTIONS /api/attendance/range?start=2026-06-30T18:30:00.000Z&end=2026-07-31T18:29:59.999Z 200 0 - 0.102 ms","timestamp":"2026-07-08 14:28:42"}
{"level":"info","message":"OPTIONS /api/appointments/stats?month=7&year=2026 200 0 - 0.041 ms","timestamp":"2026-07-08 14:28:42"}
{"level":"info","message":"OPTIONS /api/appointments/stats?month=6&year=2026 200 0 - 0.077 ms","timestamp":"2026-07-08 14:28:42"}
{"level":"info","message":"OPTIONS /api/appointments/revenue 200 0 - 0.049 ms","timestamp":"2026-07-08 14:28:42"}
{"level":"info","message":"OPTIONS /api/users 200 0 - 0.049 ms","timestamp":"2026-07-08 14:28:42"}
{"level":"info","message":"GET /api/attendance/2026/7 304 - - 117.296 ms","timestamp":"2026-07-08 14:28:42"}
{"level":"info","message":"GET /api/appointments/stats?month=7&year=2026 304 - - 50.583 ms","timestamp":"2026-07-08 14:28:42"}
{"level":"info","message":"GET /api/users/all 200 - - 111.843 ms","timestamp":"2026-07-08 14:28:42"}
{"level":"info","message":"GET /api/appointments/stats?month=6&year=2026 304 - - 52.518 ms","timestamp":"2026-07-08 14:28:42"}
{"level":"info","message":"GET /api/attendance/range?start=2026-06-30T18:30:00.000Z&end=2026-07-31T18:29:59.999Z 304 - - 117.183 ms","timestamp":"2026-07-08 14:28:42"}
{"level":"info","message":"GET /api/appointments/revenue 304 - - 83.782 ms","timestamp":"2026-07-08 14:28:42"}
{"level":"info","message":"GET /api/users 200 - - 133.751 ms","timestamp":"2026-07-08 14:28:42"}
{"level":"info","message":"OPTIONS /api/attendance/2026/7 200 0 - 0.075 ms","timestamp":"2026-07-08 14:29:42"}
{"level":"info","message":"OPTIONS /api/users/all 200 0 - 0.051 ms","timestamp":"2026-07-08 14:29:42"}
{"level":"info","message":"OPTIONS /api/attendance/range?start=2026-06-30T18:30:00.000Z&end=2026-07-31T18:29:59.999Z 200 0 - 0.070 ms","timestamp":"2026-07-08 14:29:42"}
{"level":"info","message":"OPTIONS /api/appointments/stats?month=7&year=2026 200 0 - 0.071 ms","timestamp":"2026-07-08 14:29:42"}
{"level":"info","message":"OPTIONS /api/appointments/stats?month=6&year=2026 200 0 - 0.035 ms","timestamp":"2026-07-08 14:29:42"}
{"level":"info","message":"OPTIONS /api/appointments/revenue 200 0 - 0.033 ms","timestamp":"2026-07-08 14:29:42"}
{"level":"info","message":"OPTIONS /api/users 200 0 - 0.034 ms","timestamp":"2026-07-08 14:29:42"}
{"level":"info","message":"GET /api/appointments/stats?month=7&year=2026 304 - - 52.129 ms","timestamp":"2026-07-08 14:29:42"}
{"level":"info","message":"GET /api/appointments/stats?month=6&year=2026 304 - - 54.283 ms","timestamp":"2026-07-08 14:29:42"}
{"level":"info","message":"GET /api/attendance/2026/7 304 - - 105.835 ms","timestamp":"2026-07-08 14:29:42"}
{"level":"info","message":"GET /api/attendance/range?start=2026-06-30T18:30:00.000Z&end=2026-07-31T18:29:59.999Z 304 - - 114.797 ms","timestamp":"2026-07-08 14:29:42"}
{"level":"info","message":"GET /api/users/all 200 - - 114.581 ms","timestamp":"2026-07-08 14:29:42"}
{"level":"info","message":"GET /api/appointments/revenue 304 - - 89.031 ms","timestamp":"2026-07-08 14:29:42"}
{"level":"info","message":"GET /api/users 200 - - 140.748 ms","timestamp":"2026-07-08 14:29:42"}
{"level":"info","message":"OPTIONS /api/attendance/2026/7 200 0 - 0.215 ms","timestamp":"2026-07-08 14:30:42"}
{"level":"info","message":"OPTIONS /api/users/all 200 0 - 0.189 ms","timestamp":"2026-07-08 14:30:42"}
{"level":"info","message":"OPTIONS /api/attendance/range?start=2026-06-30T18:30:00.000Z&end=2026-07-31T18:29:59.999Z 200 0 - 0.203 ms","timestamp":"2026-07-08 14:30:42"}
{"level":"info","message":"OPTIONS /api/appointments/stats?month=7&year=2026 200 0 - 0.046 ms","timestamp":"2026-07-08 14:30:42"}
{"level":"info","message":"OPTIONS /api/appointments/stats?month=6&year=2026 200 0 - 0.040 ms","timestamp":"2026-07-08 14:30:42"}
{"level":"info","message":"OPTIONS /api/appointments/revenue 200 0 - 0.029 ms","timestamp":"2026-07-08 14:30:42"}
{"level":"info","message":"OPTIONS /api/users 200 0 - 0.029 ms","timestamp":"2026-07-08 14:30:42"}
{"level":"info","message":"GET /api/attendance/2026/7 304 - - 153.481 ms","timestamp":"2026-07-08 14:30:42"}
{"level":"info","message":"GET /api/appointments/stats?month=6&year=2026 304 - - 87.804 ms","timestamp":"2026-07-08 14:30:42"}
{"level":"info","message":"GET /api/attendance/range?start=2026-06-30T18:30:00.000Z&end=2026-07-31T18:29:59.999Z 304 - - 150.045 ms","timestamp":"2026-07-08 14:30:42"}
{"level":"info","message":"GET /api/appointments/stats?month=7&year=2026 304 - - 93.432 ms","timestamp":"2026-07-08 14:30:42"}
{"level":"info","message":"GET /api/users/all 200 - - 148.049 ms","timestamp":"2026-07-08 14:30:42"}
{"level":"info","message":"GET /api/appointments/revenue 304 - - 122.088 ms","timestamp":"2026-07-08 14:30:42"}
{"level":"info","message":"GET /api/users 200 - - 143.443 ms","timestamp":"2026-07-08 14:30:42"}
{"level":"info","message":"OPTIONS /api/attendance/2026/7 200 0 - 0.217 ms","timestamp":"2026-07-08 14:31:42"}
{"level":"info","message":"OPTIONS /api/users/all 200 0 - 0.127 ms","timestamp":"2026-07-08 14:31:42"}
{"level":"info","message":"OPTIONS /api/attendance/range?start=2026-06-30T18:30:00.000Z&end=2026-07-31T18:29:59.999Z 200 0 - 0.187 ms","timestamp":"2026-07-08 14:31:42"}
{"level":"info","message":"OPTIONS /api/appointments/stats?month=7&year=2026 200 0 - 0.043 ms","timestamp":"2026-07-08 14:31:42"}
{"level":"info","message":"OPTIONS /api/appointments/stats?month=6&year=2026 200 0 - 0.028 ms","timestamp":"2026-07-08 14:31:42"}
{"level":"info","message":"OPTIONS /api/appointments/revenue 200 0 - 0.032 ms","timestamp":"2026-07-08 14:31:42"}
{"level":"info","message":"OPTIONS /api/users 200 0 - 0.035 ms","timestamp":"2026-07-08 14:31:42"}
{"level":"info","message":"GET /api/attendance/2026/7 304 - - 111.761 ms","timestamp":"2026-07-08 14:31:42"}
{"level":"info","message":"GET /api/attendance/range?start=2026-06-30T18:30:00.000Z&end=2026-07-31T18:29:59.999Z 304 - - 119.528 ms","timestamp":"2026-07-08 14:31:42"}
{"level":"info","message":"GET /api/appointments/stats?month=7&year=2026 304 - - 59.129 ms","timestamp":"2026-07-08 14:31:42"}
{"level":"info","message":"GET /api/appointments/stats?month=6&year=2026 304 - - 57.916 ms","timestamp":"2026-07-08 14:31:42"}
{"level":"info","message":"GET /api/users/all 200 - - 126.678 ms","timestamp":"2026-07-08 14:31:42"}
{"level":"info","message":"GET /api/appointments/revenue 304 - - 85.836 ms","timestamp":"2026-07-08 14:31:42"}
{"level":"info","message":"GET /api/users 200 - - 112.789 ms","timestamp":"2026-07-08 14:31:42"}
{"level":"info","message":"OPTIONS /api/attendance/2026/7 200 0 - 0.379 ms","timestamp":"2026-07-08 14:32:42"}
{"level":"info","message":"OPTIONS /api/users/all 200 0 - 0.134 ms","timestamp":"2026-07-08 14:32:42"}
{"level":"info","message":"OPTIONS /api/attendance/range?start=2026-06-30T18:30:00.000Z&end=2026-07-31T18:29:59.999Z 200 0 - 0.129 ms","timestamp":"2026-07-08 14:32:42"}
{"level":"info","message":"OPTIONS /api/appointments/stats?month=7&year=2026 200 0 - 0.047 ms","timestamp":"2026-07-08 14:32:42"}
{"level":"info","message":"OPTIONS /api/appointments/stats?month=6&year=2026 200 0 - 0.039 ms","timestamp":"2026-07-08 14:32:42"}
{"level":"info","message":"OPTIONS /api/appointments/revenue 200 0 - 0.057 ms","timestamp":"2026-07-08 14:32:42"}
{"level":"info","message":"OPTIONS /api/users 200 0 - 0.034 ms","timestamp":"2026-07-08 14:32:42"}
{"level":"info","message":"GET /api/attendance/2026/7 304 - - 114.096 ms","timestamp":"2026-07-08 14:32:42"}
{"level":"info","message":"GET /api/attendance/range?start=2026-06-30T18:30:00.000Z&end=2026-07-31T18:29:59.999Z 304 - - 110.373 ms","timestamp":"2026-07-08 14:32:42"}
{"level":"info","message":"GET /api/appointments/stats?month=7&year=2026 304 - - 56.087 ms","timestamp":"2026-07-08 14:32:42"}
{"level":"info","message":"GET /api/appointments/stats?month=6&year=2026 304 - - 55.491 ms","timestamp":"2026-07-08 14:32:42"}
{"level":"info","message":"GET /api/users/all 200 - - 123.013 ms","timestamp":"2026-07-08 14:32:42"}
{"level":"info","message":"GET /api/appointments/revenue 304 - - 84.889 ms","timestamp":"2026-07-08 14:32:42"}
{"level":"info","message":"GET /api/users 200 - - 116.818 ms","timestamp":"2026-07-08 14:32:42"}
{"level":"info","message":"OPTIONS /api/attendance/2026/7 200 0 - 0.217 ms","timestamp":"2026-07-08 14:33:42"}
{"level":"info","message":"OPTIONS /api/users/all 200 0 - 0.131 ms","timestamp":"2026-07-08 14:33:42"}
{"level":"info","message":"OPTIONS /api/attendance/range?start=2026-06-30T18:30:00.000Z&end=2026-07-31T18:29:59.999Z 200 0 - 0.118 ms","timestamp":"2026-07-08 14:33:42"}
{"level":"info","message":"OPTIONS /api/appointments/stats?month=7&year=2026 200 0 - 0.050 ms","timestamp":"2026-07-08 14:33:42"}
{"level":"info","message":"OPTIONS /api/appointments/stats?month=6&year=2026 200 0 - 0.036 ms","timestamp":"2026-07-08 14:33:42"}
{"level":"info","message":"OPTIONS /api/appointments/revenue 200 0 - 0.041 ms","timestamp":"2026-07-08 14:33:42"}
{"level":"info","message":"OPTIONS /api/users 200 0 - 0.033 ms","timestamp":"2026-07-08 14:33:42"}
{"level":"info","message":"GET /api/appointments/stats?month=7&year=2026 304 - - 63.185 ms","timestamp":"2026-07-08 14:33:42"}
{"level":"info","message":"GET /api/attendance/2026/7 304 - - 137.504 ms","timestamp":"2026-07-08 14:33:42"}
{"level":"info","message":"GET /api/attendance/range?start=2026-06-30T18:30:00.000Z&end=2026-07-31T18:29:59.999Z 304 - - 128.242 ms","timestamp":"2026-07-08 14:33:42"}
{"level":"info","message":"GET /api/appointments/stats?month=6&year=2026 304 - - 73.244 ms","timestamp":"2026-07-08 14:33:42"}
{"level":"info","message":"GET /api/users/all 200 - - 121.263 ms","timestamp":"2026-07-08 14:33:42"}
{"level":"info","message":"GET /api/appointments/revenue 304 - - 90.321 ms","timestamp":"2026-07-08 14:33:42"}
{"level":"info","message":"GET /api/users 200 - - 113.102 ms","timestamp":"2026-07-08 14:33:42"}
{"level":"info","message":"OPTIONS /api/attendance/2026/7 200 0 - 0.257 ms","timestamp":"2026-07-08 14:34:42"}
{"level":"info","message":"OPTIONS /api/users/all 200 0 - 0.130 ms","timestamp":"2026-07-08 14:34:42"}
{"level":"info","message":"OPTIONS /api/attendance/range?start=2026-06-30T18:30:00.000Z&end=2026-07-31T18:29:59.999Z 200 0 - 0.068 ms","timestamp":"2026-07-08 14:34:42"}
{"level":"info","message":"OPTIONS /api/appointments/stats?month=7&year=2026 200 0 - 0.049 ms","timestamp":"2026-07-08 14:34:42"}
{"level":"info","message":"OPTIONS /api/appointments/stats?month=6&year=2026 200 0 - 0.064 ms","timestamp":"2026-07-08 14:34:42"}
{"level":"info","message":"OPTIONS /api/appointments/revenue 200 0 - 0.032 ms","timestamp":"2026-07-08 14:34:42"}
{"level":"info","message":"OPTIONS /api/users 200 0 - 0.026 ms","timestamp":"2026-07-08 14:34:42"}
{"level":"info","message":"GET /api/attendance/2026/7 304 - - 119.027 ms","timestamp":"2026-07-08 14:34:42"}
{"level":"info","message":"GET /api/attendance/range?start=2026-06-30T18:30:00.000Z&end=2026-07-31T18:29:59.999Z 304 - - 114.152 ms","timestamp":"2026-07-08 14:34:42"}
{"level":"info","message":"GET /api/appointments/stats?month=6&year=2026 304 - - 51.432 ms","timestamp":"2026-07-08 14:34:42"}
{"level":"info","message":"GET /api/users/all 200 - - 113.212 ms","timestamp":"2026-07-08 14:34:42"}
{"level":"info","message":"GET /api/appointments/stats?month=7&year=2026 304 - - 64.217 ms","timestamp":"2026-07-08 14:34:42"}
{"level":"info","message":"GET /api/appointments/revenue 304 - - 82.534 ms","timestamp":"2026-07-08 14:34:42"}
{"level":"info","message":"GET /api/users 200 - - 115.256 ms","timestamp":"2026-07-08 14:34:42"}
{"level":"info","message":"OPTIONS /api/attendance/2026/7 200 0 - 0.205 ms","timestamp":"2026-07-08 14:35:42"}
{"level":"info","message":"OPTIONS /api/users/all 200 0 - 0.132 ms","timestamp":"2026-07-08 14:35:42"}
{"level":"info","message":"OPTIONS /api/attendance/range?start=2026-06-30T18:30:00.000Z&end=2026-07-31T18:29:59.999Z 200 0 - 0.073 ms","timestamp":"2026-07-08 14:35:42"}
{"level":"info","message":"OPTIONS /api/appointments/stats?month=7&year=2026 200 0 - 0.049 ms","timestamp":"2026-07-08 14:35:42"}
{"level":"info","message":"OPTIONS /api/appointments/stats?month=6&year=2026 200 0 - 0.039 ms","timestamp":"2026-07-08 14:35:42"}
{"level":"info","message":"OPTIONS /api/appointments/revenue 200 0 - 0.040 ms","timestamp":"2026-07-08 14:35:42"}
{"level":"info","message":"OPTIONS /api/users 200 0 - 0.025 ms","timestamp":"2026-07-08 14:35:42"}
{"level":"info","message":"GET /api/appointments/stats?month=7&year=2026 304 - - 55.143 ms","timestamp":"2026-07-08 14:35:42"}
{"level":"info","message":"GET /api/attendance/range?start=2026-06-30T18:30:00.000Z&end=2026-07-31T18:29:59.999Z 304 - - 112.669 ms","timestamp":"2026-07-08 14:35:42"}
{"level":"info","message":"GET /api/appointments/stats?month=6&year=2026 304 - - 54.205 ms","timestamp":"2026-07-08 14:35:42"}
{"level":"info","message":"GET /api/attendance/2026/7 304 - - 127.883 ms","timestamp":"2026-07-08 14:35:42"}
{"level":"info","message":"GET /api/users/all 200 - - 112.828 ms","timestamp":"2026-07-08 14:35:42"}
{"level":"info","message":"GET /api/appointments/revenue 304 - - 86.928 ms","timestamp":"2026-07-08 14:35:42"}
{"level":"info","message":"GET /api/users 200 - - 149.236 ms","timestamp":"2026-07-08 14:35:42"}
{"level":"info","message":"OPTIONS /api/attendance/2026/7 200 0 - 0.345 ms","timestamp":"2026-07-08 14:36:42"}
{"level":"info","message":"OPTIONS /api/users/all 200 0 - 0.137 ms","timestamp":"2026-07-08 14:36:42"}
{"level":"info","message":"OPTIONS /api/attendance/range?start=2026-06-30T18:30:00.000Z&end=2026-07-31T18:29:59.999Z 200 0 - 0.116 ms","timestamp":"2026-07-08 14:36:42"}
{"level":"info","message":"OPTIONS /api/appointments/stats?month=7&year=2026 200 0 - 0.063 ms","timestamp":"2026-07-08 14:36:42"}
{"level":"info","message":"OPTIONS /api/appointments/stats?month=6&year=2026 200 0 - 0.041 ms","timestamp":"2026-07-08 14:36:42"}
{"level":"info","message":"OPTIONS /api/appointments/revenue 200 0 - 0.037 ms","timestamp":"2026-07-08 14:36:42"}
{"level":"info","message":"OPTIONS /api/users 200 0 - 0.028 ms","timestamp":"2026-07-08 14:36:42"}
{"level":"info","message":"GET /api/appointments/stats?month=7&year=2026 304 - - 51.751 ms","timestamp":"2026-07-08 14:36:42"}
{"level":"info","message":"GET /api/appointments/stats?month=6&year=2026 304 - - 51.408 ms","timestamp":"2026-07-08 14:36:42"}
{"level":"info","message":"GET /api/attendance/2026/7 304 - - 130.947 ms","timestamp":"2026-07-08 14:36:42"}
{"level":"info","message":"GET /api/attendance/range?start=2026-06-30T18:30:00.000Z&end=2026-07-31T18:29:59.999Z 304 - - 130.920 ms","timestamp":"2026-07-08 14:36:42"}
{"level":"info","message":"GET /api/users/all 200 - - 124.522 ms","timestamp":"2026-07-08 14:36:42"}
{"level":"info","message":"GET /api/appointments/revenue 304 - - 103.758 ms","timestamp":"2026-07-08 14:36:42"}
{"level":"info","message":"GET /api/users 200 - - 149.196 ms","timestamp":"2026-07-08 14:36:42"}
{"level":"info","message":"OPTIONS /api/attendance/2026/7 200 0 - 0.220 ms","timestamp":"2026-07-08 14:37:42"}
{"level":"info","message":"OPTIONS /api/users/all 200 0 - 0.118 ms","timestamp":"2026-07-08 14:37:42"}
{"level":"info","message":"OPTIONS /api/attendance/range?start=2026-06-30T18:30:00.000Z&end=2026-07-31T18:29:59.999Z 200 0 - 0.065 ms","timestamp":"2026-07-08 14:37:42"}
{"level":"info","message":"OPTIONS /api/appointments/stats?month=7&year=2026 200 0 - 0.048 ms","timestamp":"2026-07-08 14:37:42"}
{"level":"info","message":"OPTIONS /api/users 200 0 - 0.032 ms","timestamp":"2026-07-08 14:37:42"}
{"level":"info","message":"OPTIONS /api/appointments/stats?month=6&year=2026 200 0 - 0.028 ms","timestamp":"2026-07-08 14:37:42"}
{"level":"info","message":"OPTIONS /api/appointments/revenue 200 0 - 0.030 ms","timestamp":"2026-07-08 14:37:42"}
{"level":"info","message":"GET /api/appointments/stats?month=7&year=2026 304 - - 52.114 ms","timestamp":"2026-07-08 14:37:42"}
{"level":"info","message":"GET /api/appointments/stats?month=6&year=2026 304 - - 52.614 ms","timestamp":"2026-07-08 14:37:42"}
{"level":"info","message":"GET /api/attendance/2026/7 304 - - 117.504 ms","timestamp":"2026-07-08 14:37:42"}
{"level":"info","message":"GET /api/users/all 200 - - 112.666 ms","timestamp":"2026-07-08 14:37:42"}
{"level":"info","message":"GET /api/attendance/range?start=2026-06-30T18:30:00.000Z&end=2026-07-31T18:29:59.999Z 304 - - 123.337 ms","timestamp":"2026-07-08 14:37:42"}
{"level":"info","message":"GET /api/appointments/revenue 304 - - 113.571 ms","timestamp":"2026-07-08 14:37:42"}
{"level":"info","message":"GET /api/users 200 - - 170.564 ms","timestamp":"2026-07-08 14:37:42"}
{"level":"info","message":"OPTIONS /api/attendance/2026/7 200 0 - 0.181 ms","timestamp":"2026-07-08 14:38:42"}
{"level":"info","message":"OPTIONS /api/users/all 200 0 - 0.110 ms","timestamp":"2026-07-08 14:38:42"}
{"level":"info","message":"OPTIONS /api/attendance/range?start=2026-06-30T18:30:00.000Z&end=2026-07-31T18:29:59.999Z 200 0 - 0.129 ms","timestamp":"2026-07-08 14:38:42"}
{"level":"info","message":"OPTIONS /api/appointments/stats?month=7&year=2026 200 0 - 0.049 ms","timestamp":"2026-07-08 14:38:42"}
{"level":"info","message":"OPTIONS /api/appointments/stats?month=6&year=2026 200 0 - 0.032 ms","timestamp":"2026-07-08 14:38:42"}
{"level":"info","message":"OPTIONS /api/appointments/revenue 200 0 - 0.028 ms","timestamp":"2026-07-08 14:38:42"}
{"level":"info","message":"OPTIONS /api/users 200 0 - 0.059 ms","timestamp":"2026-07-08 14:38:42"}
{"level":"info","message":"GET /api/appointments/stats?month=6&year=2026 304 - - 51.026 ms","timestamp":"2026-07-08 14:38:42"}
{"level":"info","message":"GET /api/appointments/stats?month=7&year=2026 304 - - 56.937 ms","timestamp":"2026-07-08 14:38:42"}
{"level":"info","message":"GET /api/attendance/range?start=2026-06-30T18:30:00.000Z&end=2026-07-31T18:29:59.999Z 304 - - 126.171 ms","timestamp":"2026-07-08 14:38:42"}
{"level":"info","message":"GET /api/attendance/2026/7 304 - - 134.751 ms","timestamp":"2026-07-08 14:38:42"}
{"level":"info","message":"GET /api/users/all 200 - - 126.032 ms","timestamp":"2026-07-08 14:38:42"}
{"level":"info","message":"GET /api/appointments/revenue 304 - - 85.268 ms","timestamp":"2026-07-08 14:38:42"}
{"level":"info","message":"GET /api/users 200 - - 149.994 ms","timestamp":"2026-07-08 14:38:42"}
{"level":"info","message":"OPTIONS /api/attendance/2026/7 200 0 - 0.150 ms","timestamp":"2026-07-08 14:39:42"}
{"level":"info","message":"OPTIONS /api/users/all 200 0 - 0.097 ms","timestamp":"2026-07-08 14:39:42"}
{"level":"info","message":"OPTIONS /api/attendance/range?start=2026-06-30T18:30:00.000Z&end=2026-07-31T18:29:59.999Z 200 0 - 0.085 ms","timestamp":"2026-07-08 14:39:42"}
{"level":"info","message":"OPTIONS /api/appointments/stats?month=7&year=2026 200 0 - 0.053 ms","timestamp":"2026-07-08 14:39:42"}
{"level":"info","message":"OPTIONS /api/appointments/stats?month=6&year=2026 200 0 - 0.036 ms","timestamp":"2026-07-08 14:39:42"}
{"level":"info","message":"OPTIONS /api/appointments/revenue 200 0 - 0.033 ms","timestamp":"2026-07-08 14:39:42"}
{"level":"info","message":"OPTIONS /api/users 200 0 - 0.062 ms","timestamp":"2026-07-08 14:39:42"}
{"level":"info","message":"GET /api/appointments/stats?month=7&year=2026 304 - - 52.946 ms","timestamp":"2026-07-08 14:39:42"}
{"level":"info","message":"GET /api/appointments/stats?month=6&year=2026 304 - - 52.026 ms","timestamp":"2026-07-08 14:39:42"}
{"level":"info","message":"GET /api/attendance/range?start=2026-06-30T18:30:00.000Z&end=2026-07-31T18:29:59.999Z 304 - - 127.308 ms","timestamp":"2026-07-08 14:39:42"}
{"level":"info","message":"GET /api/attendance/2026/7 304 - - 135.159 ms","timestamp":"2026-07-08 14:39:42"}
{"level":"info","message":"GET /api/users/all 200 - - 127.939 ms","timestamp":"2026-07-08 14:39:42"}
{"level":"info","message":"GET /api/appointments/revenue 304 - - 83.351 ms","timestamp":"2026-07-08 14:39:42"}
{"level":"info","message":"GET /api/users 200 - - 134.513 ms","timestamp":"2026-07-08 14:39:42"}
{"level":"info","message":"OPTIONS /api/attendance/2026/7 200 0 - 0.152 ms","timestamp":"2026-07-08 14:40:42"}
{"level":"info","message":"OPTIONS /api/users/all 200 0 - 0.119 ms","timestamp":"2026-07-08 14:40:42"}
{"level":"info","message":"OPTIONS /api/attendance/range?start=2026-06-30T18:30:00.000Z&end=2026-07-31T18:29:59.999Z 200 0 - 0.154 ms","timestamp":"2026-07-08 14:40:42"}
{"level":"info","message":"OPTIONS /api/appointments/stats?month=7&year=2026 200 0 - 0.066 ms","timestamp":"2026-07-08 14:40:42"}
{"level":"info","message":"OPTIONS /api/appointments/stats?month=6&year=2026 200 0 - 0.046 ms","timestamp":"2026-07-08 14:40:42"}
{"level":"info","message":"OPTIONS /api/appointments/revenue 200 0 - 0.033 ms","timestamp":"2026-07-08 14:40:42"}
{"level":"info","message":"OPTIONS /api/users 200 0 - 0.037 ms","timestamp":"2026-07-08 14:40:42"}
{"level":"info","message":"GET /api/attendance/2026/7 304 - - 117.769 ms","timestamp":"2026-07-08 14:40:42"}
{"level":"info","message":"GET /api/appointments/stats?month=7&year=2026 304 - - 51.137 ms","timestamp":"2026-07-08 14:40:42"}
{"level":"info","message":"GET /api/appointments/stats?month=6&year=2026 304 - - 51.784 ms","timestamp":"2026-07-08 14:40:42"}
{"level":"info","message":"GET /api/attendance/range?start=2026-06-30T18:30:00.000Z&end=2026-07-31T18:29:59.999Z 304 - - 119.890 ms","timestamp":"2026-07-08 14:40:42"}
{"level":"info","message":"GET /api/users/all 200 - - 146.378 ms","timestamp":"2026-07-08 14:40:42"}
{"level":"info","message":"GET /api/appointments/revenue 304 - - 80.148 ms","timestamp":"2026-07-08 14:40:42"}
{"level":"info","message":"GET /api/users 200 - - 127.332 ms","timestamp":"2026-07-08 14:40:42"}
{"level":"info","message":"OPTIONS /api/attendance/2026/7 200 0 - 0.071 ms","timestamp":"2026-07-08 14:41:42"}
{"level":"info","message":"OPTIONS /api/users/all 200 0 - 0.046 ms","timestamp":"2026-07-08 14:41:42"}
{"level":"info","message":"OPTIONS /api/attendance/range?start=2026-06-30T18:30:00.000Z&end=2026-07-31T18:29:59.999Z 200 0 - 0.033 ms","timestamp":"2026-07-08 14:41:42"}
{"level":"info","message":"OPTIONS /api/appointments/stats?month=7&year=2026 200 0 - 0.063 ms","timestamp":"2026-07-08 14:41:42"}
{"level":"info","message":"OPTIONS /api/appointments/stats?month=6&year=2026 200 0 - 0.061 ms","timestamp":"2026-07-08 14:41:42"}
{"level":"info","message":"OPTIONS /api/appointments/revenue 200 0 - 0.051 ms","timestamp":"2026-07-08 14:41:42"}
{"level":"info","message":"OPTIONS /api/users 200 0 - 0.050 ms","timestamp":"2026-07-08 14:41:42"}
{"level":"info","message":"GET /api/appointments/stats?month=7&year=2026 304 - - 61.392 ms","timestamp":"2026-07-08 14:41:42"}
{"level":"info","message":"GET /api/appointments/stats?month=6&year=2026 304 - - 59.816 ms","timestamp":"2026-07-08 14:41:42"}
{"level":"info","message":"GET /api/users/all 200 - - 125.376 ms","timestamp":"2026-07-08 14:41:42"}
{"level":"info","message":"GET /api/attendance/2026/7 304 - - 312.357 ms","timestamp":"2026-07-08 14:41:42"}
{"level":"info","message":"GET /api/attendance/range?start=2026-06-30T18:30:00.000Z&end=2026-07-31T18:29:59.999Z 304 - - 366.666 ms","timestamp":"2026-07-08 14:41:42"}
{"level":"info","message":"GET /api/appointments/revenue 304 - - 323.148 ms","timestamp":"2026-07-08 14:41:42"}
{"level":"info","message":"GET /api/users 200 - - 358.220 ms","timestamp":"2026-07-08 14:41:42"}
{"level":"info","message":"OPTIONS /api/attendance/2026/7 200 0 - 0.147 ms","timestamp":"2026-07-08 14:42:42"}
{"level":"info","message":"OPTIONS /api/users/all 200 0 - 0.108 ms","timestamp":"2026-07-08 14:42:42"}
{"level":"info","message":"OPTIONS /api/attendance/range?start=2026-06-30T18:30:00.000Z&end=2026-07-31T18:29:59.999Z 200 0 - 0.046 ms","timestamp":"2026-07-08 14:42:42"}
{"level":"info","message":"OPTIONS /api/appointments/stats?month=7&year=2026 200 0 - 0.049 ms","timestamp":"2026-07-08 14:42:42"}
{"level":"info","message":"OPTIONS /api/appointments/stats?month=6&year=2026 200 0 - 0.053 ms","timestamp":"2026-07-08 14:42:42"}
{"level":"info","message":"OPTIONS /api/appointments/revenue 200 0 - 0.033 ms","timestamp":"2026-07-08 14:42:42"}
{"level":"info","message":"OPTIONS /api/users 200 0 - 0.030 ms","timestamp":"2026-07-08 14:42:42"}
{"level":"info","message":"GET /api/users/all 200 - - 120.149 ms","timestamp":"2026-07-08 14:42:42"}
{"level":"info","message":"GET /api/attendance/range?start=2026-06-30T18:30:00.000Z&end=2026-07-31T18:29:59.999Z 304 - - 137.727 ms","timestamp":"2026-07-08 14:42:42"}
{"level":"info","message":"GET /api/attendance/2026/7 304 - - 160.635 ms","timestamp":"2026-07-08 14:42:42"}
{"level":"info","message":"GET /api/appointments/stats?month=6&year=2026 304 - - 94.310 ms","timestamp":"2026-07-08 14:42:42"}
{"level":"info","message":"GET /api/appointments/stats?month=7&year=2026 304 - - 101.734 ms","timestamp":"2026-07-08 14:42:42"}
{"level":"info","message":"GET /api/appointments/revenue 304 - - 145.013 ms","timestamp":"2026-07-08 14:42:42"}
{"level":"info","message":"GET /api/users 200 - - 112.688 ms","timestamp":"2026-07-08 14:42:42"}
{"level":"info","message":"OPTIONS /api/attendance/2026/7 200 0 - 0.092 ms","timestamp":"2026-07-08 14:43:06"}
{"level":"info","message":"OPTIONS /api/users/all 200 0 - 0.098 ms","timestamp":"2026-07-08 14:43:06"}
{"level":"info","message":"OPTIONS /api/attendance/range?start=2026-06-30T18:30:00.000Z&end=2026-07-31T18:29:59.999Z 200 0 - 0.079 ms","timestamp":"2026-07-08 14:43:06"}
{"level":"info","message":"OPTIONS /api/appointments/stats?month=7&year=2026 200 0 - 0.056 ms","timestamp":"2026-07-08 14:43:06"}
{"level":"info","message":"OPTIONS /api/appointments/stats?month=6&year=2026 200 0 - 0.067 ms","timestamp":"2026-07-08 14:43:06"}
{"level":"info","message":"OPTIONS /api/appointments/revenue 200 0 - 0.053 ms","timestamp":"2026-07-08 14:43:06"}
{"level":"info","message":"OPTIONS /api/users 200 0 - 0.040 ms","timestamp":"2026-07-08 14:43:06"}
{"level":"info","message":"GET /api/appointments/stats?month=6&year=2026 304 - - 62.180 ms","timestamp":"2026-07-08 14:43:06"}
{"level":"info","message":"GET /api/attendance/2026/7 304 - - 132.048 ms","timestamp":"2026-07-08 14:43:06"}
{"level":"info","message":"GET /api/attendance/range?start=2026-06-30T18:30:00.000Z&end=2026-07-31T18:29:59.999Z 304 - - 122.986 ms","timestamp":"2026-07-08 14:43:06"}
{"level":"info","message":"GET /api/appointments/stats?month=7&year=2026 304 - - 71.008 ms","timestamp":"2026-07-08 14:43:06"}
{"level":"info","message":"GET /api/users/all 200 - - 118.362 ms","timestamp":"2026-07-08 14:43:06"}
{"level":"info","message":"GET /api/appointments/revenue 304 - - 90.430 ms","timestamp":"2026-07-08 14:43:06"}
{"level":"info","message":"GET /api/users 200 - - 139.287 ms","timestamp":"2026-07-08 14:43:06"}
{"level":"info","message":"GET /api/appointments/stats?month=7&year=2026 304 - - 62.190 ms","timestamp":"2026-07-08 14:43:06"}
{"level":"info","message":"GET /api/appointments/stats?month=6&year=2026 304 - - 61.992 ms","timestamp":"2026-07-08 14:43:06"}
{"level":"info","message":"GET /api/appointments/revenue 304 - - 93.450 ms","timestamp":"2026-07-08 14:43:06"}
{"level":"info","message":"GET /api/users 304 - - 137.559 ms","timestamp":"2026-07-08 14:43:06"}
{"level":"info","message":"OPTIONS /api/attendance/2026/7 200 0 - 0.148 ms","timestamp":"2026-07-08 14:43:17"}
{"level":"info","message":"OPTIONS /api/users/all 200 0 - 0.198 ms","timestamp":"2026-07-08 14:43:17"}
{"level":"info","message":"OPTIONS /api/attendance/range?start=2026-06-30T18:30:00.000Z&end=2026-07-31T18:29:59.999Z 200 0 - 0.194 ms","timestamp":"2026-07-08 14:43:17"}
{"level":"info","message":"OPTIONS /api/appointments/stats?month=7&year=2026 200 0 - 0.068 ms","timestamp":"2026-07-08 14:43:17"}
{"level":"info","message":"OPTIONS /api/appointments/stats?month=6&year=2026 200 0 - 0.044 ms","timestamp":"2026-07-08 14:43:17"}
{"level":"info","message":"OPTIONS /api/appointments/revenue 200 0 - 0.047 ms","timestamp":"2026-07-08 14:43:17"}
{"level":"info","message":"OPTIONS /api/users 200 0 - 0.023 ms","timestamp":"2026-07-08 14:43:17"}
{"level":"info","message":"GET /api/attendance/2026/7 304 - - 107.174 ms","timestamp":"2026-07-08 14:43:17"}
{"level":"info","message":"GET /api/appointments/stats?month=7&year=2026 304 - - 51.358 ms","timestamp":"2026-07-08 14:43:17"}
{"level":"info","message":"GET /api/appointments/stats?month=6&year=2026 304 - - 51.248 ms","timestamp":"2026-07-08 14:43:17"}
{"level":"info","message":"GET /api/attendance/range?start=2026-06-30T18:30:00.000Z&end=2026-07-31T18:29:59.999Z 304 - - 112.463 ms","timestamp":"2026-07-08 14:43:17"}
{"level":"info","message":"GET /api/users/all 200 - - 130.444 ms","timestamp":"2026-07-08 14:43:17"}
{"level":"info","message":"GET /api/appointments/revenue 304 - - 83.091 ms","timestamp":"2026-07-08 14:43:17"}
{"level":"info","message":"GET /api/users 200 - - 118.006 ms","timestamp":"2026-07-08 14:43:17"}
{"level":"info","message":"OPTIONS /api/appointments/stats?month=7&year=2026 200 0 - 0.064 ms","timestamp":"2026-07-08 14:43:27"}
{"level":"info","message":"OPTIONS /api/appointments/stats?month=6&year=2026 200 0 - 0.039 ms","timestamp":"2026-07-08 14:43:27"}
{"level":"info","message":"OPTIONS /api/appointments/revenue 200 0 - 0.030 ms","timestamp":"2026-07-08 14:43:27"}
{"level":"info","message":"OPTIONS /api/users 200 0 - 0.032 ms","timestamp":"2026-07-08 14:43:27"}
{"level":"info","message":"GET /api/appointments/stats?month=7&year=2026 304 - - 57.536 ms","timestamp":"2026-07-08 14:43:27"}
{"level":"info","message":"GET /api/appointments/stats?month=6&year=2026 304 - - 63.892 ms","timestamp":"2026-07-08 14:43:27"}
{"level":"info","message":"GET /api/appointments/revenue 304 - - 115.397 ms","timestamp":"2026-07-08 14:43:27"}
{"level":"info","message":"GET /api/users 304 - - 184.970 ms","timestamp":"2026-07-08 14:43:27"}
{"level":"info","message":"OPTIONS /api/appointments/stats?month=7&year=2026 200 0 - 0.066 ms","timestamp":"2026-07-08 14:43:37"}
{"level":"info","message":"OPTIONS /api/appointments/stats?month=6&year=2026 200 0 - 0.048 ms","timestamp":"2026-07-08 14:43:37"}
{"level":"info","message":"OPTIONS /api/appointments/revenue 200 0 - 0.055 ms","timestamp":"2026-07-08 14:43:37"}
{"level":"info","message":"OPTIONS /api/users 200 0 - 0.050 ms","timestamp":"2026-07-08 14:43:37"}
{"level":"info","message":"GET /api/appointments/stats?month=6&year=2026 304 - - 57.483 ms","timestamp":"2026-07-08 14:43:37"}
{"level":"info","message":"GET /api/appointments/stats?month=7&year=2026 304 - - 62.413 ms","timestamp":"2026-07-08 14:43:37"}
{"level":"info","message":"GET /api/appointments/revenue 304 - - 86.380 ms","timestamp":"2026-07-08 14:43:37"}
{"level":"info","message":"GET /api/users 304 - - 136.094 ms","timestamp":"2026-07-08 14:43:37"}
{"level":"info","message":"OPTIONS /api/attendance/2026/7 200 0 - 0.135 ms","timestamp":"2026-07-08 14:43:47"}
{"level":"info","message":"OPTIONS /api/users/all 200 0 - 0.184 ms","timestamp":"2026-07-08 14:43:47"}
{"level":"info","message":"OPTIONS /api/attendance/range?start=2026-06-30T18:30:00.000Z&end=2026-07-31T18:29:59.999Z 200 0 - 0.136 ms","timestamp":"2026-07-08 14:43:47"}
{"level":"info","message":"OPTIONS /api/appointments/stats?month=7&year=2026 200 0 - 0.086 ms","timestamp":"2026-07-08 14:43:47"}
{"level":"info","message":"OPTIONS /api/appointments/stats?month=6&year=2026 200 0 - 0.055 ms","timestamp":"2026-07-08 14:43:47"}
{"level":"info","message":"OPTIONS /api/appointments/revenue 200 0 - 0.086 ms","timestamp":"2026-07-08 14:43:47"}
{"level":"info","message":"OPTIONS /api/users 200 0 - 0.063 ms","timestamp":"2026-07-08 14:43:47"}
{"level":"info","message":"GET /api/attendance/2026/7 304 - - 116.889 ms","timestamp":"2026-07-08 14:43:47"}
{"level":"info","message":"GET /api/attendance/range?start=2026-06-30T18:30:00.000Z&end=2026-07-31T18:29:59.999Z 304 - - 127.675 ms","timestamp":"2026-07-08 14:43:47"}
{"level":"info","message":"GET /api/users/all 200 - - 128.626 ms","timestamp":"2026-07-08 14:43:47"}
{"level":"info","message":"GET /api/appointments/stats?month=7&year=2026 304 - - 55.552 ms","timestamp":"2026-07-08 14:43:47"}
{"level":"info","message":"GET /api/appointments/stats?month=6&year=2026 304 - - 55.306 ms","timestamp":"2026-07-08 14:43:47"}
{"level":"info","message":"GET /api/appointments/revenue 304 - - 82.194 ms","timestamp":"2026-07-08 14:43:47"}
{"level":"info","message":"GET /api/users 200 - - 118.473 ms","timestamp":"2026-07-08 14:43:47"}
{"level":"info","message":"OPTIONS /api/appointments/stats?month=7&year=2026 200 0 - 0.093 ms","timestamp":"2026-07-08 14:43:57"}
{"level":"info","message":"OPTIONS /api/appointments/stats?month=6&year=2026 200 0 - 0.036 ms","timestamp":"2026-07-08 14:43:57"}
{"level":"info","message":"OPTIONS /api/appointments/revenue 200 0 - 0.028 ms","timestamp":"2026-07-08 14:43:57"}
{"level":"info","message":"OPTIONS /api/users 200 0 - 0.046 ms","timestamp":"2026-07-08 14:43:57"}
{"level":"info","message":"GET /api/appointments/stats?month=7&year=2026 304 - - 52.058 ms","timestamp":"2026-07-08 14:43:57"}
{"level":"info","message":"GET /api/appointments/stats?month=6&year=2026 304 - - 52.616 ms","timestamp":"2026-07-08 14:43:57"}
{"level":"info","message":"GET /api/appointments/revenue 304 - - 91.828 ms","timestamp":"2026-07-08 14:43:57"}
{"level":"info","message":"GET /api/users 304 - - 143.481 ms","timestamp":"2026-07-08 14:43:57"}
{"level":"info","message":"OPTIONS /api/appointments/stats?month=7&year=2026 200 0 - 0.100 ms","timestamp":"2026-07-08 14:44:07"}
{"level":"info","message":"OPTIONS /api/appointments/stats?month=6&year=2026 200 0 - 0.069 ms","timestamp":"2026-07-08 14:44:07"}
{"level":"info","message":"OPTIONS /api/appointments/revenue 200 0 - 0.056 ms","timestamp":"2026-07-08 14:44:07"}
{"level":"info","message":"OPTIONS /api/users 200 0 - 0.046 ms","timestamp":"2026-07-08 14:44:07"}
{"level":"info","message":"GET /api/appointments/stats?month=6&year=2026 304 - - 73.380 ms","timestamp":"2026-07-08 14:44:07"}
{"level":"info","message":"GET /api/appointments/revenue 304 - - 100.503 ms","timestamp":"2026-07-08 14:44:07"}
{"level":"info","message":"GET /api/appointments/stats?month=7&year=2026 304 - - 104.690 ms","timestamp":"2026-07-08 14:44:07"}
{"level":"info","message":"GET /api/users 304 - - 178.636 ms","timestamp":"2026-07-08 14:44:07"}
{"level":"info","message":"OPTIONS /api/attendance/2026/7 200 0 - 0.084 ms","timestamp":"2026-07-08 14:44:42"}
{"level":"info","message":"OPTIONS /api/users/all 200 0 - 0.052 ms","timestamp":"2026-07-08 14:44:42"}
{"level":"info","message":"OPTIONS /api/attendance/range?start=2026-06-30T18:30:00.000Z&end=2026-07-31T18:29:59.999Z 200 0 - 0.062 ms","timestamp":"2026-07-08 14:44:42"}
{"level":"info","message":"OPTIONS /api/appointments/stats?month=7&year=2026 200 0 - 0.053 ms","timestamp":"2026-07-08 14:44:42"}
{"level":"info","message":"OPTIONS /api/appointments/stats?month=6&year=2026 200 0 - 0.052 ms","timestamp":"2026-07-08 14:44:42"}
{"level":"info","message":"OPTIONS /api/appointments/revenue 200 0 - 0.047 ms","timestamp":"2026-07-08 14:44:42"}
{"level":"info","message":"OPTIONS /api/users 200 0 - 0.029 ms","timestamp":"2026-07-08 14:44:42"}
{"level":"info","message":"GET /api/appointments/stats?month=7&year=2026 304 - - 76.970 ms","timestamp":"2026-07-08 14:44:42"}
{"level":"info","message":"GET /api/appointments/stats?month=6&year=2026 304 - - 80.120 ms","timestamp":"2026-07-08 14:44:42"}
{"level":"info","message":"GET /api/attendance/2026/7 304 - - 151.242 ms","timestamp":"2026-07-08 14:44:42"}
{"level":"info","message":"GET /api/attendance/range?start=2026-06-30T18:30:00.000Z&end=2026-07-31T18:29:59.999Z 304 - - 150.967 ms","timestamp":"2026-07-08 14:44:42"}
{"level":"info","message":"GET /api/users/all 200 - - 163.608 ms","timestamp":"2026-07-08 14:44:42"}
{"level":"info","message":"GET /api/appointments/revenue 304 - - 113.913 ms","timestamp":"2026-07-08 14:44:42"}
{"level":"info","message":"GET /api/users 200 - - 200.343 ms","timestamp":"2026-07-08 14:44:42"}
{"level":"info","message":"OPTIONS /api/attendance/2026/7 200 0 - 0.119 ms","timestamp":"2026-07-08 14:45:02"}
{"level":"info","message":"OPTIONS /api/users/all 200 0 - 0.075 ms","timestamp":"2026-07-08 14:45:02"}
{"level":"info","message":"OPTIONS /api/attendance/range?start=2026-06-30T18:30:00.000Z&end=2026-07-31T18:29:59.999Z 200 0 - 0.062 ms","timestamp":"2026-07-08 14:45:02"}
{"level":"info","message":"OPTIONS /api/appointments/stats?month=7&year=2026 200 0 - 0.078 ms","timestamp":"2026-07-08 14:45:02"}
{"level":"info","message":"OPTIONS /api/appointments/stats?month=6&year=2026 200 0 - 0.052 ms","timestamp":"2026-07-08 14:45:02"}
{"level":"info","message":"OPTIONS /api/appointments/revenue 200 0 - 0.053 ms","timestamp":"2026-07-08 14:45:02"}
{"level":"info","message":"OPTIONS /api/users 200 0 - 0.077 ms","timestamp":"2026-07-08 14:45:02"}
{"level":"info","message":"GET /api/appointments/stats?month=7&year=2026 304 - - 52.545 ms","timestamp":"2026-07-08 14:45:02"}
{"level":"info","message":"GET /api/appointments/stats?month=6&year=2026 304 - - 59.940 ms","timestamp":"2026-07-08 14:45:02"}
{"level":"info","message":"GET /api/attendance/range?start=2026-06-30T18:30:00.000Z&end=2026-07-31T18:29:59.999Z 304 - - 117.415 ms","timestamp":"2026-07-08 14:45:02"}
{"level":"info","message":"GET /api/attendance/2026/7 304 - - 138.157 ms","timestamp":"2026-07-08 14:45:02"}
{"level":"info","message":"GET /api/users/all 200 - - 134.034 ms","timestamp":"2026-07-08 14:45:02"}
{"level":"info","message":"GET /api/appointments/revenue 304 - - 91.623 ms","timestamp":"2026-07-08 14:45:02"}
{"level":"info","message":"GET /api/users 200 - - 138.571 ms","timestamp":"2026-07-08 14:45:02"}
{"level":"info","message":"OPTIONS /api/calls/sip-config 200 0 - 0.088 ms","timestamp":"2026-07-08 14:45:04"}
{"level":"info","message":"OPTIONS /api/messages/unread-count 200 0 - 0.059 ms","timestamp":"2026-07-08 14:45:04"}
{"level":"info","message":"GET /api/calls/sip-config 304 - - 43.273 ms","timestamp":"2026-07-08 14:45:04"}
{"level":"info","message":"GET /api/calls/sip-config 304 - - 31.584 ms","timestamp":"2026-07-08 14:45:04"}
{"level":"info","message":"GET /api/messages/unread-count 304 - - 81.040 ms","timestamp":"2026-07-08 14:45:04"}
{"level":"info","message":"GET /api/messages/unread-count 304 - - 175.998 ms","timestamp":"2026-07-08 14:45:04"}
{"level":"info","message":"OPTIONS /api/appointments/revenue/reports 200 0 - 0.058 ms","timestamp":"2026-07-08 14:45:04"}
{"level":"info","message":"OPTIONS /api/appointments/all 200 0 - 0.043 ms","timestamp":"2026-07-08 14:45:04"}
{"level":"info","message":"OPTIONS /api/tasks 200 0 - 0.051 ms","timestamp":"2026-07-08 14:45:04"}
{"level":"info","message":"OPTIONS /api/admin-status 200 0 - 0.048 ms","timestamp":"2026-07-08 14:45:04"}
{"level":"info","message":"OPTIONS /api/admin-status 200 0 - 0.119 ms","timestamp":"2026-07-08 14:45:04"}
{"level":"info","message":"GET /api/appointments/revenue/reports 304 - - 124.047 ms","timestamp":"2026-07-08 14:45:04"}
{"level":"info","message":"GET /api/attendance/2026/7 304 - - 159.942 ms","timestamp":"2026-07-08 14:45:04"}
{"level":"info","message":"GET /api/tasks 304 - - 160.544 ms","timestamp":"2026-07-08 14:45:04"}
{"level":"info","message":"GET /api/attendance/range?start=2026-06-30T18:30:00.000Z&end=2026-07-31T18:29:59.999Z 304 - - 161.183 ms","timestamp":"2026-07-08 14:45:04"}
{"level":"info","message":"GET /api/appointments/stats?month=7&year=2026 304 - - 71.219 ms","timestamp":"2026-07-08 14:45:04"}
{"level":"info","message":"GET /api/users/all 200 - - 195.356 ms","timestamp":"2026-07-08 14:45:04"}
{"level":"info","message":"GET /api/appointments/stats?month=6&year=2026 304 - - 104.967 ms","timestamp":"2026-07-08 14:45:05"}
{"level":"info","message":"GET /api/appointments/revenue 304 - - 144.283 ms","timestamp":"2026-07-08 14:45:05"}
{"level":"info","message":"GET /api/appointments/all 304 - - 342.853 ms","timestamp":"2026-07-08 14:45:05"}
{"level":"info","message":"GET /api/admin-status 200 48 - 141.479 ms","timestamp":"2026-07-08 14:45:05"}
{"level":"info","message":"GET /api/appointments/revenue/reports 304 - - 187.360 ms","timestamp":"2026-07-08 14:45:05"}
{"level":"info","message":"GET /api/tasks 304 - - 107.171 ms","timestamp":"2026-07-08 14:45:05"}
{"level":"info","message":"GET /api/attendance/2026/7 304 - - 159.512 ms","timestamp":"2026-07-08 14:45:05"}
{"level":"info","message":"GET /api/appointments/stats?month=7&year=2026 304 - - 105.457 ms","timestamp":"2026-07-08 14:45:05"}
{"level":"info","message":"GET /api/users 200 - - 303.620 ms","timestamp":"2026-07-08 14:45:05"}
{"level":"info","message":"GET /api/appointments/stats?month=6&year=2026 304 - - 76.194 ms","timestamp":"2026-07-08 14:45:05"}
{"level":"info","message":"GET /api/attendance/range?start=2026-06-30T18:30:00.000Z&end=2026-07-31T18:29:59.999Z 304 - - 154.096 ms","timestamp":"2026-07-08 14:45:05"}
{"level":"info","message":"GET /api/appointments/revenue 304 - - 152.831 ms","timestamp":"2026-07-08 14:45:05"}
{"level":"info","message":"GET /api/admin-status 304 - - 102.622 ms","timestamp":"2026-07-08 14:45:05"}
{"level":"info","message":"GET /api/users/all 304 - - 358.176 ms","timestamp":"2026-07-08 14:45:05"}
{"level":"info","message":"GET /api/users 304 - - 300.586 ms","timestamp":"2026-07-08 14:45:05"}
{"level":"info","message":"GET /api/tasks 304 - - 341.236 ms","timestamp":"2026-07-08 14:45:05"}
{"level":"info","message":"GET /api/appointments/all 304 - - 422.057 ms","timestamp":"2026-07-08 14:45:05"}
{"level":"info","message":"GET /api/tasks 304 - - 127.359 ms","timestamp":"2026-07-08 14:45:05"}
{"level":"info","message":"OPTIONS /api/appointments/stats?month=7&year=2026 200 0 - 0.059 ms","timestamp":"2026-07-08 14:45:15"}
{"level":"info","message":"OPTIONS /api/appointments/stats?month=6&year=2026 200 0 - 0.042 ms","timestamp":"2026-07-08 14:45:15"}
{"level":"info","message":"OPTIONS /api/appointments/revenue 200 0 - 0.032 ms","timestamp":"2026-07-08 14:45:15"}
{"level":"info","message":"OPTIONS /api/users 200 0 - 0.061 ms","timestamp":"2026-07-08 14:45:15"}
{"level":"info","message":"GET /api/appointments/stats?month=7&year=2026 304 - - 208.738 ms","timestamp":"2026-07-08 14:45:15"}
{"level":"info","message":"GET /api/appointments/stats?month=6&year=2026 304 - - 307.323 ms","timestamp":"2026-07-08 14:45:15"}
{"level":"info","message":"GET /api/appointments/revenue 304 - - 349.490 ms","timestamp":"2026-07-08 14:45:15"}
{"level":"info","message":"GET /api/users 200 - - 413.081 ms","timestamp":"2026-07-08 14:45:15"}
{"level":"info","message":"OPTIONS /api/appointments/stats?month=7&year=2026 200 0 - 0.056 ms","timestamp":"2026-07-08 14:45:24"}
{"level":"info","message":"OPTIONS /api/appointments/stats?month=6&year=2026 200 0 - 0.041 ms","timestamp":"2026-07-08 14:45:24"}
{"level":"info","message":"OPTIONS /api/appointments/revenue 200 0 - 0.025 ms","timestamp":"2026-07-08 14:45:24"}
{"level":"info","message":"OPTIONS /api/users 200 0 - 0.052 ms","timestamp":"2026-07-08 14:45:24"}
{"level":"info","message":"GET /api/appointments/stats?month=6&year=2026 304 - - 83.119 ms","timestamp":"2026-07-08 14:45:24"}
{"level":"info","message":"GET /api/appointments/stats?month=7&year=2026 304 - - 126.287 ms","timestamp":"2026-07-08 14:45:24"}
{"level":"info","message":"GET /api/appointments/revenue 304 - - 148.254 ms","timestamp":"2026-07-08 14:45:24"}
{"level":"info","message":"GET /api/users 304 - - 305.552 ms","timestamp":"2026-07-08 14:45:25"}
{"level":"info","message":"OPTIONS /api/appointments/revenue/reports 200 0 - 0.112 ms","timestamp":"2026-07-08 14:45:32"}
{"level":"info","message":"OPTIONS /api/appointments/all 200 0 - 0.087 ms","timestamp":"2026-07-08 14:45:32"}
{"level":"info","message":"OPTIONS /api/tasks 200 0 - 0.043 ms","timestamp":"2026-07-08 14:45:32"}
{"level":"info","message":"OPTIONS /api/users/all 200 0 - 0.041 ms","timestamp":"2026-07-08 14:45:32"}
{"level":"info","message":"OPTIONS /api/attendance/range?start=2026-06-30T18:30:00.000Z&end=2026-07-31T18:29:59.999Z 200 0 - 0.041 ms","timestamp":"2026-07-08 14:45:32"}
{"level":"info","message":"OPTIONS /api/admin-status 200 0 - 0.026 ms","timestamp":"2026-07-08 14:45:32"}
{"level":"info","message":"OPTIONS /api/appointments/stats?month=7&year=2026 200 0 - 0.060 ms","timestamp":"2026-07-08 14:45:32"}
{"level":"info","message":"OPTIONS /api/appointments/stats?month=6&year=2026 200 0 - 0.057 ms","timestamp":"2026-07-08 14:45:32"}
{"level":"info","message":"OPTIONS /api/appointments/revenue 200 0 - 0.038 ms","timestamp":"2026-07-08 14:45:32"}
{"level":"info","message":"OPTIONS /api/users 200 0 - 0.065 ms","timestamp":"2026-07-08 14:45:32"}
{"level":"info","message":"GET /api/appointments/revenue/reports 304 - - 55.548 ms","timestamp":"2026-07-08 14:45:32"}
{"level":"info","message":"GET /api/admin-status 304 - - 64.873 ms","timestamp":"2026-07-08 14:45:32"}
{"level":"info","message":"GET /api/tasks 304 - - 102.557 ms","timestamp":"2026-07-08 14:45:32"}
{"level":"info","message":"GET /api/appointments/stats?month=7&year=2026 304 - - 66.136 ms","timestamp":"2026-07-08 14:45:32"}
{"level":"info","message":"GET /api/users/all 200 - - 114.376 ms","timestamp":"2026-07-08 14:45:32"}
{"level":"info","message":"GET /api/appointments/stats?month=6&year=2026 304 - - 60.250 ms","timestamp":"2026-07-08 14:45:32"}
{"level":"info","message":"GET /api/attendance/range?start=2026-06-30T18:30:00.000Z&end=2026-07-31T18:29:59.999Z 304 - - 130.799 ms","timestamp":"2026-07-08 14:45:32"}
{"level":"info","message":"GET /api/appointments/all 304 - - 203.992 ms","timestamp":"2026-07-08 14:45:32"}
{"level":"info","message":"GET /api/appointments/revenue/reports 304 - - 78.897 ms","timestamp":"2026-07-08 14:45:32"}
{"level":"info","message":"GET /api/appointments/revenue 304 - - 106.375 ms","timestamp":"2026-07-08 14:45:32"}
{"level":"info","message":"GET /api/admin-status 304 - - 72.174 ms","timestamp":"2026-07-08 14:45:32"}
{"level":"info","message":"GET /api/tasks 304 - - 93.650 ms","timestamp":"2026-07-08 14:45:32"}
{"level":"info","message":"GET /api/appointments/stats?month=6&year=2026 304 - - 56.082 ms","timestamp":"2026-07-08 14:45:32"}
{"level":"info","message":"GET /api/appointments/stats?month=7&year=2026 304 - - 62.907 ms","timestamp":"2026-07-08 14:45:32"}
{"level":"info","message":"GET /api/users 304 - - 167.514 ms","timestamp":"2026-07-08 14:45:32"}
{"level":"info","message":"GET /api/users/all 304 - - 94.782 ms","timestamp":"2026-07-08 14:45:32"}
{"level":"info","message":"GET /api/attendance/range?start=2026-06-30T18:30:00.000Z&end=2026-07-31T18:29:59.999Z 304 - - 138.256 ms","timestamp":"2026-07-08 14:45:33"}
{"level":"info","message":"GET /api/appointments/all 304 - - 150.637 ms","timestamp":"2026-07-08 14:45:33"}
{"level":"info","message":"GET /api/appointments/revenue 304 - - 125.391 ms","timestamp":"2026-07-08 14:45:33"}
{"level":"info","message":"GET /api/tasks 304 - - 125.563 ms","timestamp":"2026-07-08 14:45:33"}
{"level":"info","message":"GET /api/users 304 - - 130.475 ms","timestamp":"2026-07-08 14:45:33"}
{"level":"info","message":"GET /api/tasks 304 - - 101.375 ms","timestamp":"2026-07-08 14:45:33"}
{"level":"info","message":"OPTIONS /api/reports 200 0 - 0.087 ms","timestamp":"2026-07-08 14:45:34"}
{"level":"info","message":"OPTIONS /api/reports 200 0 - 0.038 ms","timestamp":"2026-07-08 14:45:34"}
{"level":"info","message":"GET /api/reports 200 - - 454.597 ms","timestamp":"2026-07-08 14:45:34"}
{"level":"info","message":"OPTIONS /api/attendance/2026/7 200 0 - 0.100 ms","timestamp":"2026-07-08 14:45:34"}
{"level":"info","message":"GET /api/attendance/2026/7 304 - - 187.057 ms","timestamp":"2026-07-08 14:45:34"}
{"level":"info","message":"GET /api/reports 304 - - 508.748 ms","timestamp":"2026-07-08 14:45:35"}
{"level":"info","message":"OPTIONS /api/appointments/revenue/reports 200 0 - 0.070 ms","timestamp":"2026-07-08 14:46:01"}
{"level":"info","message":"OPTIONS /api/appointments/all 200 0 - 0.065 ms","timestamp":"2026-07-08 14:46:01"}
{"level":"info","message":"OPTIONS /api/tasks 200 0 - 0.044 ms","timestamp":"2026-07-08 14:46:01"}
{"level":"info","message":"OPTIONS /api/users/all 200 0 - 0.050 ms","timestamp":"2026-07-08 14:46:01"}
{"level":"info","message":"OPTIONS /api/attendance/range?start=2026-06-30T18:30:00.000Z&end=2026-07-31T18:29:59.999Z 200 0 - 0.110 ms","timestamp":"2026-07-08 14:46:01"}
{"level":"info","message":"OPTIONS /api/admin-status 200 0 - 0.042 ms","timestamp":"2026-07-08 14:46:01"}
{"level":"info","message":"OPTIONS /api/appointments/stats?month=7&year=2026 200 0 - 0.041 ms","timestamp":"2026-07-08 14:46:01"}
{"level":"info","message":"OPTIONS /api/appointments/stats?month=6&year=2026 200 0 - 0.023 ms","timestamp":"2026-07-08 14:46:01"}
{"level":"info","message":"OPTIONS /api/appointments/revenue 200 0 - 0.041 ms","timestamp":"2026-07-08 14:46:01"}
{"level":"info","message":"OPTIONS /api/users 200 0 - 0.043 ms","timestamp":"2026-07-08 14:46:01"}
{"level":"info","message":"GET /api/admin-status 304 - - 80.549 ms","timestamp":"2026-07-08 14:46:01"}
{"level":"info","message":"GET /api/appointments/revenue/reports 304 - - 92.528 ms","timestamp":"2026-07-08 14:46:01"}
{"level":"info","message":"GET /api/appointments/stats?month=7&year=2026 304 - - 80.450 ms","timestamp":"2026-07-08 14:46:01"}
{"level":"info","message":"GET /api/attendance/range?start=2026-06-30T18:30:00.000Z&end=2026-07-31T18:29:59.999Z 304 - - 180.109 ms","timestamp":"2026-07-08 14:46:01"}
{"level":"info","message":"GET /api/users/all 200 - - 212.118 ms","timestamp":"2026-07-08 14:46:01"}
{"level":"info","message":"GET /api/tasks 304 - - 236.048 ms","timestamp":"2026-07-08 14:46:01"}
{"level":"info","message":"GET /api/appointments/stats?month=6&year=2026 304 - - 181.522 ms","timestamp":"2026-07-08 14:46:02"}
{"level":"info","message":"GET /api/appointments/revenue/reports 304 - - 118.064 ms","timestamp":"2026-07-08 14:46:02"}
{"level":"info","message":"GET /api/appointments/stats?month=7&year=2026 304 - - 96.006 ms","timestamp":"2026-07-08 14:46:02"}
{"level":"info","message":"GET /api/appointments/revenue 304 - - 218.108 ms","timestamp":"2026-07-08 14:46:02"}
{"level":"info","message":"GET /api/admin-status 304 - - 169.921 ms","timestamp":"2026-07-08 14:46:02"}
{"level":"info","message":"GET /api/users 200 - - 287.814 ms","timestamp":"2026-07-08 14:46:02"}
{"level":"info","message":"GET /api/users/all 304 - - 187.138 ms","timestamp":"2026-07-08 14:46:02"}
{"level":"info","message":"GET /api/appointments/all 304 - - 593.202 ms","timestamp":"2026-07-08 14:46:02"}
{"level":"info","message":"GET /api/appointments/stats?month=6&year=2026 304 - - 205.632 ms","timestamp":"2026-07-08 14:46:02"}
{"level":"info","message":"GET /api/attendance/range?start=2026-06-30T18:30:00.000Z&end=2026-07-31T18:29:59.999Z 304 - - 247.381 ms","timestamp":"2026-07-08 14:46:02"}
{"level":"info","message":"GET /api/tasks 304 - - 253.973 ms","timestamp":"2026-07-08 14:46:02"}
{"level":"info","message":"GET /api/appointments/revenue 304 - - 188.029 ms","timestamp":"2026-07-08 14:46:02"}
{"level":"info","message":"GET /api/tasks 304 - - 162.520 ms","timestamp":"2026-07-08 14:46:02"}
{"level":"info","message":"GET /api/users 304 - - 254.575 ms","timestamp":"2026-07-08 14:46:02"}
{"level":"info","message":"GET /api/tasks 304 - - 195.589 ms","timestamp":"2026-07-08 14:46:02"}
{"level":"info","message":"GET /api/appointments/all 304 - - 576.036 ms","timestamp":"2026-07-08 14:46:02"}
{"level":"info","message":"OPTIONS /api/attendance/2026/7 200 0 - 0.174 ms","timestamp":"2026-07-08 14:46:04"}
{"level":"info","message":"GET /api/attendance/2026/7 304 - - 200.833 ms","timestamp":"2026-07-08 14:46:04"}
{"level":"info","message":"OPTIONS /api/appointments/stats?month=7&year=2026 200 0 - 0.058 ms","timestamp":"2026-07-08 14:46:11"}
{"level":"info","message":"OPTIONS /api/appointments/stats?month=6&year=2026 200 0 - 0.054 ms","timestamp":"2026-07-08 14:46:11"}
{"level":"info","message":"OPTIONS /api/appointments/revenue 200 0 - 0.051 ms","timestamp":"2026-07-08 14:46:11"}
{"level":"info","message":"OPTIONS /api/users 200 0 - 0.032 ms","timestamp":"2026-07-08 14:46:11"}
{"level":"info","message":"GET /api/appointments/stats?month=7&year=2026 304 - - 51.791 ms","timestamp":"2026-07-08 14:46:11"}
{"level":"info","message":"GET /api/appointments/stats?month=6&year=2026 304 - - 53.081 ms","timestamp":"2026-07-08 14:46:11"}
{"level":"info","message":"GET /api/appointments/revenue 304 - - 81.108 ms","timestamp":"2026-07-08 14:46:11"}
{"level":"info","message":"GET /api/users 200 - - 138.031 ms","timestamp":"2026-07-08 14:46:11"}
{"level":"info","message":"OPTIONS /api/appointments/stats?month=7&year=2026 200 0 - 0.046 ms","timestamp":"2026-07-08 14:46:22"}
{"level":"info","message":"OPTIONS /api/appointments/stats?month=6&year=2026 200 0 - 0.037 ms","timestamp":"2026-07-08 14:46:22"}
{"level":"info","message":"OPTIONS /api/appointments/revenue 200 0 - 0.029 ms","timestamp":"2026-07-08 14:46:22"}
{"level":"info","message":"OPTIONS /api/users 200 0 - 0.029 ms","timestamp":"2026-07-08 14:46:22"}
{"level":"info","message":"GET /api/appointments/stats?month=7&year=2026 304 - - 181.568 ms","timestamp":"2026-07-08 14:46:22"}
{"level":"info","message":"GET /api/appointments/stats?month=6&year=2026 304 - - 291.842 ms","timestamp":"2026-07-08 14:46:22"}
{"level":"info","message":"GET /api/users 304 - - 490.449 ms","timestamp":"2026-07-08 14:46:22"}
{"level":"info","message":"GET /api/appointments/revenue 304 - - 506.350 ms","timestamp":"2026-07-08 14:46:22"}
{"level":"info","message":"OPTIONS /api/users/all 200 0 - 0.137 ms","timestamp":"2026-07-08 14:46:32"}
{"level":"info","message":"OPTIONS /api/attendance/range?start=2026-06-30T18:30:00.000Z&end=2026-07-31T18:29:59.999Z 200 0 - 0.136 ms","timestamp":"2026-07-08 14:46:32"}
{"level":"info","message":"OPTIONS /api/appointments/stats?month=7&year=2026 200 0 - 0.073 ms","timestamp":"2026-07-08 14:46:32"}
{"level":"info","message":"OPTIONS /api/appointments/stats?month=6&year=2026 200 0 - 0.055 ms","timestamp":"2026-07-08 14:46:32"}
{"level":"info","message":"OPTIONS /api/appointments/revenue 200 0 - 0.038 ms","timestamp":"2026-07-08 14:46:32"}
{"level":"info","message":"OPTIONS /api/users 200 0 - 0.024 ms","timestamp":"2026-07-08 14:46:32"}
{"level":"info","message":"GET /api/users/all 200 - - 128.512 ms","timestamp":"2026-07-08 14:46:32"}
{"level":"info","message":"GET /api/appointments/stats?month=7&year=2026 304 - - 62.365 ms","timestamp":"2026-07-08 14:46:32"}
{"level":"info","message":"GET /api/appointments/stats?month=6&year=2026 304 - - 64.329 ms","timestamp":"2026-07-08 14:46:32"}
{"level":"info","message":"GET /api/attendance/range?start=2026-06-30T18:30:00.000Z&end=2026-07-31T18:29:59.999Z 304 - - 132.964 ms","timestamp":"2026-07-08 14:46:32"}
{"level":"info","message":"GET /api/appointments/revenue 304 - - 91.435 ms","timestamp":"2026-07-08 14:46:32"}
{"level":"info","message":"GET /api/users 304 - - 140.583 ms","timestamp":"2026-07-08 14:46:32"}
{"level":"info","message":"OPTIONS /api/attendance/2026/7 200 0 - 0.153 ms","timestamp":"2026-07-08 14:46:35"}
{"level":"info","message":"GET /api/attendance/2026/7 304 - - 200.514 ms","timestamp":"2026-07-08 14:46:35"}
{"level":"info","message":"OPTIONS /api/appointments/stats?month=7&year=2026 200 0 - 0.052 ms","timestamp":"2026-07-08 14:46:42"}
{"level":"info","message":"OPTIONS /api/appointments/stats?month=6&year=2026 200 0 - 0.075 ms","timestamp":"2026-07-08 14:46:42"}
{"level":"info","message":"OPTIONS /api/appointments/revenue 200 0 - 0.054 ms","timestamp":"2026-07-08 14:46:42"}
{"level":"info","message":"OPTIONS /api/users 200 0 - 0.048 ms","timestamp":"2026-07-08 14:46:42"}
{"level":"info","message":"GET /api/appointments/stats?month=7&year=2026 304 - - 54.386 ms","timestamp":"2026-07-08 14:46:42"}
{"level":"info","message":"GET /api/appointments/stats?month=6&year=2026 304 - - 58.772 ms","timestamp":"2026-07-08 14:46:42"}
{"level":"info","message":"GET /api/appointments/revenue 304 - - 93.330 ms","timestamp":"2026-07-08 14:46:42"}
{"level":"info","message":"GET /api/users 304 - - 176.317 ms","timestamp":"2026-07-08 14:46:42"}
{"level":"info","message":"OPTIONS /api/appointments/stats?month=7&year=2026 200 0 - 0.078 ms","timestamp":"2026-07-08 14:46:51"}
{"level":"info","message":"OPTIONS /api/appointments/stats?month=6&year=2026 200 0 - 0.057 ms","timestamp":"2026-07-08 14:46:51"}
{"level":"info","message":"OPTIONS /api/appointments/revenue 200 0 - 0.041 ms","timestamp":"2026-07-08 14:46:51"}
{"level":"info","message":"OPTIONS /api/users 200 0 - 0.049 ms","timestamp":"2026-07-08 14:46:51"}
{"level":"info","message":"OPTIONS /api/calls/daily-stats 200 0 - 0.046 ms","timestamp":"2026-07-08 14:46:51"}
{"level":"info","message":"OPTIONS /api/telecaller-reports 200 0 - 0.054 ms","timestamp":"2026-07-08 14:46:51"}
{"level":"info","message":"OPTIONS /api/calls/daily-stats 200 0 - 0.029 ms","timestamp":"2026-07-08 14:46:51"}
{"level":"info","message":"OPTIONS /api/telecaller-reports 200 0 - 0.048 ms","timestamp":"2026-07-08 14:46:51"}
{"level":"info","message":"GET /api/appointments/stats?month=6&year=2026 304 - - 88.806 ms","timestamp":"2026-07-08 14:46:51"}
{"level":"info","message":"GET /api/appointments/stats?month=7&year=2026 304 - - 99.857 ms","timestamp":"2026-07-08 14:46:51"}
{"level":"info","message":"GET /api/telecaller-reports 304 - - 127.085 ms","timestamp":"2026-07-08 14:46:51"}
{"level":"info","message":"GET /api/calls/daily-stats 200 2 - 143.767 ms","timestamp":"2026-07-08 14:46:51"}
{"level":"info","message":"GET /api/users 200 - - 194.588 ms","timestamp":"2026-07-08 14:46:51"}
{"level":"info","message":"GET /api/appointments/revenue 304 - - 210.629 ms","timestamp":"2026-07-08 14:46:51"}
{"level":"info","message":"GET /api/telecaller-reports 304 - - 76.883 ms","timestamp":"2026-07-08 14:46:52"}
{"level":"info","message":"GET /api/calls/daily-stats 304 - - 58.331 ms","timestamp":"2026-07-08 14:46:52"}
{"level":"info","message":"OPTIONS /api/leads 200 0 - 0.045 ms","timestamp":"2026-07-08 14:46:52"}
{"level":"info","message":"OPTIONS /api/leads 200 0 - 0.022 ms","timestamp":"2026-07-08 14:46:52"}
{"level":"info","message":"GET /api/leads 200 - - 191.540 ms","timestamp":"2026-07-08 14:46:53"}
{"level":"info","message":"GET /api/leads 304 - - 235.164 ms","timestamp":"2026-07-08 14:46:53"}
{"level":"info","message":"OPTIONS /api/attendance/2026/7 200 0 - 0.204 ms","timestamp":"2026-07-08 14:47:04"}
{"level":"info","message":"GET /api/attendance/2026/7 304 - - 435.076 ms","timestamp":"2026-07-08 14:47:05"}
{"level":"info","message":"OPTIONS /api/attendance/2026/7 200 0 - 0.165 ms","timestamp":"2026-07-08 14:47:34"}
{"level":"info","message":"GET /api/attendance/2026/7 304 - - 124.229 ms","timestamp":"2026-07-08 14:47:34"}
{"level":"info","message":"OPTIONS /api/attendance/2026/7 200 0 - 0.156 ms","timestamp":"2026-07-08 14:48:04"}
{"level":"info","message":"GET /api/attendance/2026/7 304 - - 128.477 ms","timestamp":"2026-07-08 14:48:04"}
{"level":"info","message":"OPTIONS /api/leads/6a0da69742428f2b4640e805/files 200 0 - 0.059 ms","timestamp":"2026-07-08 14:48:29"}
{"level":"info","message":"GET /api/leads/6a0da69742428f2b4640e805/files 200 2 - 78.498 ms","timestamp":"2026-07-08 14:48:29"}
{"level":"info","message":"OPTIONS /api/attendance/2026/7 200 0 - 0.054 ms","timestamp":"2026-07-08 14:48:34"}
{"level":"info","message":"GET /api/attendance/2026/7 304 - - 301.330 ms","timestamp":"2026-07-08 14:48:35"}
{"level":"info","message":"OPTIONS /api/attendance/2026/7 200 0 - 0.431 ms","timestamp":"2026-07-08 14:49:05"}
{"level":"info","message":"GET /api/attendance/2026/7 304 - - 190.474 ms","timestamp":"2026-07-08 14:49:05"}
{"level":"info","message":"OPTIONS /api/attendance/2026/7 200 0 - 0.171 ms","timestamp":"2026-07-08 14:49:34"}
{"level":"info","message":"GET /api/attendance/2026/7 304 - - 118.579 ms","timestamp":"2026-07-08 14:49:34"}
{"level":"info","message":"OPTIONS /api/attendance/2026/7 200 0 - 0.171 ms","timestamp":"2026-07-08 14:50:05"}
{"level":"info","message":"GET /api/attendance/2026/7 304 - - 154.818 ms","timestamp":"2026-07-08 14:50:05"}
{"level":"info","message":"OPTIONS /api/attendance/2026/7 200 0 - 0.500 ms","timestamp":"2026-07-08 14:50:34"}
{"level":"info","message":"GET /api/attendance/2026/7 304 - - 166.126 ms","timestamp":"2026-07-08 14:50:34"}
{"level":"info","message":"OPTIONS /api/attendance/2026/7 200 0 - 0.071 ms","timestamp":"2026-07-08 14:51:05"}
{"level":"info","message":"GET /api/attendance/2026/7 304 - - 123.342 ms","timestamp":"2026-07-08 14:51:05"}
{"level":"info","message":"OPTIONS /api/attendance/2026/7 200 0 - 0.063 ms","timestamp":"2026-07-08 14:51:42"}
{"level":"info","message":"GET /api/attendance/2026/7 304 - - 203.767 ms","timestamp":"2026-07-08 14:51:42"}
{"level":"info","message":"OPTIONS /api/attendance/2026/7 200 0 - 0.209 ms","timestamp":"2026-07-08 14:52:42"}
{"level":"info","message":"GET /api/attendance/2026/7 304 - - 224.986 ms","timestamp":"2026-07-08 14:52:42"}
{"level":"info","message":"OPTIONS /api/attendance/2026/7 200 0 - 0.183 ms","timestamp":"2026-07-08 14:53:42"}
{"level":"info","message":"GET /api/attendance/2026/7 304 - - 143.124 ms","timestamp":"2026-07-08 14:53:42"}
{"level":"info","message":"OPTIONS /api/attendance/2026/7 200 0 - 0.290 ms","timestamp":"2026-07-08 14:54:42"}
{"level":"info","message":"GET /api/attendance/2026/7 304 - - 309.536 ms","timestamp":"2026-07-08 14:54:42"}
{"level":"info","message":"OPTIONS /api/attendance/2026/7 200 0 - 0.199 ms","timestamp":"2026-07-08 14:55:42"}
{"level":"info","message":"GET /api/attendance/2026/7 304 - - 98.190 ms","timestamp":"2026-07-08 14:55:42"}
{"level":"info","message":"OPTIONS /api/attendance/2026/7 200 0 - 0.182 ms","timestamp":"2026-07-08 14:56:42"}
{"level":"info","message":"GET /api/attendance/2026/7 304 - - 156.577 ms","timestamp":"2026-07-08 14:56:42"}
{"level":"info","message":"OPTIONS /api/attendance/2026/7 200 0 - 0.130 ms","timestamp":"2026-07-08 14:57:42"}
{"level":"info","message":"GET /api/attendance/2026/7 304 - - 218.145 ms","timestamp":"2026-07-08 14:57:42"}
{"level":"info","message":"OPTIONS /api/attendance/2026/7 200 0 - 0.185 ms","timestamp":"2026-07-08 14:58:42"}
{"level":"info","message":"GET /api/attendance/2026/7 304 - - 131.720 ms","timestamp":"2026-07-08 14:58:42"}
{"0":"C","1":"o","10":" ","11":"t","12":"i","13":"m","14":"e","15":"o","16":"u","17":"t","2":"n","3":"n","4":"e","5":"c","6":"t","7":"i","8":"o","9":"n","level":"error","message":"🔴 Redis Pub Client Error:","timestamp":"2026-07-08 15:03:31"}
{"level":"info","message":"✅ Redis Clients (Pub/Sub) Connected and Ready","timestamp":"2026-07-08 15:03:31"}
{"level":"info","message":"🚀 Server running on http://localhost:5000","timestamp":"2026-07-08 15:03:32"}
{"level":"info","message":"📡 Socket.IO server ready for connections","timestamp":"2026-07-08 15:03:32"}
{"level":"info","message":"OPTIONS /api/calls/sip-config 200 0 - 1.275 ms","timestamp":"2026-07-08 15:03:49"}
{"level":"info","message":"OPTIONS /api/messages/unread-count 200 0 - 0.210 ms","timestamp":"2026-07-08 15:03:49"}
{"level":"info","message":"OPTIONS /api/calls/sip-config 200 0 - 0.190 ms","timestamp":"2026-07-08 15:03:49"}
{"level":"info","message":"OPTIONS /api/messages/unread-count 200 0 - 0.143 ms","timestamp":"2026-07-08 15:03:49"}
{"level":"info","message":"GET /api/calls/sip-config 200 197 - 59.942 ms","timestamp":"2026-07-08 15:03:49"}
{"level":"info","message":"GET /api/calls/sip-config 304 - - 30.869 ms","timestamp":"2026-07-08 15:03:49"}
{"level":"info","message":"GET /api/messages/unread-count 200 17 - 105.809 ms","timestamp":"2026-07-08 15:03:49"}
{"level":"info","message":"GET /api/messages/unread-count 304 - - 53.503 ms","timestamp":"2026-07-08 15:03:49"}
{"level":"info","message":"OPTIONS /api/attendance/2026/7 200 0 - 0.196 ms","timestamp":"2026-07-08 15:03:49"}
{"level":"info","message":"OPTIONS /api/leads 200 0 - 0.223 ms","timestamp":"2026-07-08 15:03:49"}
{"level":"info","message":"OPTIONS /api/attendance/2026/7 200 0 - 0.113 ms","timestamp":"2026-07-08 15:03:49"}
{"level":"info","message":"OPTIONS /api/leads 200 0 - 0.087 ms","timestamp":"2026-07-08 15:03:49"}
{"level":"info","message":"GET /api/attendance/2026/7 200 - - 116.453 ms","timestamp":"2026-07-08 15:03:49"}
{"level":"info","message":"GET /api/leads 200 - - 177.002 ms","timestamp":"2026-07-08 15:03:50"}
{"level":"info","message":"GET /api/leads 304 - - 83.464 ms","timestamp":"2026-07-08 15:03:50"}
{"level":"info","message":"GET /api/attendance/2026/7 304 - - 222.127 ms","timestamp":"2026-07-08 15:03:50"}
{"level":"info","message":"OPTIONS /api/attendance/2026/7 200 0 - 0.387 ms","timestamp":"2026-07-08 15:04:20"}
{"level":"info","message":"GET /api/attendance/2026/7 304 - - 166.355 ms","timestamp":"2026-07-08 15:04:20"}
{"level":"info","message":"OPTIONS /api/attendance/2026/7 200 0 - 0.143 ms","timestamp":"2026-07-08 15:04:50"}
{"level":"info","message":"GET /api/attendance/2026/7 304 - - 89.816 ms","timestamp":"2026-07-08 15:04:50"}
{"level":"info","message":"OPTIONS /api/attendance/2026/7 200 0 - 0.151 ms","timestamp":"2026-07-08 15:05:20"}
{"level":"info","message":"GET /api/attendance/2026/7 304 - - 92.041 ms","timestamp":"2026-07-08 15:05:20"}
{"level":"info","message":"OPTIONS /api/attendance/2026/7 200 0 - 0.069 ms","timestamp":"2026-07-08 15:05:50"}
{"level":"info","message":"GET /api/attendance/2026/7 304 - - 101.232 ms","timestamp":"2026-07-08 15:05:50"}
{"level":"info","message":"OPTIONS /api/attendance/2026/7 200 0 - 0.242 ms","timestamp":"2026-07-08 15:06:20"}
{"level":"info","message":"GET /api/attendance/2026/7 304 - - 113.067 ms","timestamp":"2026-07-08 15:06:20"}
{"level":"info","message":"OPTIONS /api/attendance/2026/7 200 0 - 0.079 ms","timestamp":"2026-07-08 15:06:50"}
{"level":"info","message":"GET /api/attendance/2026/7 304 - - 86.264 ms","timestamp":"2026-07-08 15:06:50"}
{"level":"info","message":"OPTIONS /api/attendance/2026/7 200 0 - 0.234 ms","timestamp":"2026-07-08 15:07:26"}
{"level":"info","message":"GET /api/attendance/2026/7 200 - - 89.665 ms","timestamp":"2026-07-08 15:07:26"}
{"level":"info","message":"OPTIONS /api/attendance/2026/7 200 0 - 0.090 ms","timestamp":"2026-07-08 15:08:26"}
{"level":"info","message":"GET /api/attendance/2026/7 304 - - 86.532 ms","timestamp":"2026-07-08 15:08:26"}
{"level":"info","message":"OPTIONS /api/attendance/2026/7 200 0 - 0.324 ms","timestamp":"2026-07-08 15:09:26"}
{"level":"info","message":"GET /api/attendance/2026/7 304 - - 92.480 ms","timestamp":"2026-07-08 15:09:26"}
{"level":"info","message":"OPTIONS /api/attendance/2026/7 200 0 - 0.085 ms","timestamp":"2026-07-08 15:10:26"}
{"level":"info","message":"GET /api/attendance/2026/7 304 - - 123.264 ms","timestamp":"2026-07-08 15:10:26"}
{"level":"info","message":"OPTIONS /api/attendance/2026/7 200 0 - 0.125 ms","timestamp":"2026-07-08 15:11:26"}
{"level":"info","message":"GET /api/attendance/2026/7 304 - - 97.675 ms","timestamp":"2026-07-08 15:11:26"}
{"level":"info","message":"OPTIONS /api/attendance/2026/7 200 0 - 0.426 ms","timestamp":"2026-07-08 15:12:26"}
{"level":"info","message":"GET /api/attendance/2026/7 304 - - 92.462 ms","timestamp":"2026-07-08 15:12:26"}
{"level":"info","message":"OPTIONS /api/attendance/2026/7 200 0 - 0.180 ms","timestamp":"2026-07-08 15:13:26"}
{"level":"info","message":"GET /api/attendance/2026/7 304 - - 122.764 ms","timestamp":"2026-07-08 15:13:26"}
{"level":"info","message":"OPTIONS /api/attendance/2026/7 200 0 - 0.196 ms","timestamp":"2026-07-08 15:14:26"}
{"level":"info","message":"GET /api/attendance/2026/7 304 - - 82.599 ms","timestamp":"2026-07-08 15:14:26"}
{"level":"info","message":"OPTIONS /api/attendance/2026/7 200 0 - 0.070 ms","timestamp":"2026-07-08 15:15:20"}
{"level":"info","message":"GET /api/attendance/2026/7 304 - - 101.903 ms","timestamp":"2026-07-08 15:15:20"}
{"level":"info","message":"OPTIONS /api/attendance/2026/7 200 0 - 0.107 ms","timestamp":"2026-07-08 15:15:49"}
{"level":"info","message":"GET /api/attendance/2026/7 304 - - 105.517 ms","timestamp":"2026-07-08 15:15:49"}
{"level":"info","message":"OPTIONS /api/attendance/2026/7 200 0 - 0.191 ms","timestamp":"2026-07-08 15:16:19"}
{"level":"info","message":"GET /api/attendance/2026/7 304 - - 115.446 ms","timestamp":"2026-07-08 15:16:19"}
{"level":"info","message":"OPTIONS /api/attendance/2026/7 200 0 - 0.171 ms","timestamp":"2026-07-08 15:16:50"}
{"level":"info","message":"GET /api/attendance/2026/7 304 - - 89.838 ms","timestamp":"2026-07-08 15:16:50"}
{"level":"info","message":"OPTIONS /api/attendance/2026/7 200 0 - 0.061 ms","timestamp":"2026-07-08 15:17:20"}
{"level":"info","message":"GET /api/attendance/2026/7 304 - - 89.015 ms","timestamp":"2026-07-08 15:17:20"}
{"level":"info","message":"OPTIONS /api/attendance/2026/7 200 0 - 0.182 ms","timestamp":"2026-07-08 15:18:21"}
{"level":"info","message":"GET /api/attendance/2026/7 304 - - 115.964 ms","timestamp":"2026-07-08 15:18:21"}
{"level":"info","message":"OPTIONS /api/attendance/2026/7 200 0 - 0.431 ms","timestamp":"2026-07-08 15:19:22"}
{"level":"info","message":"GET /api/attendance/2026/7 304 - - 99.792 ms","timestamp":"2026-07-08 15:19:22"}
{"level":"info","message":"OPTIONS /api/attendance/2026/7 200 0 - 0.193 ms","timestamp":"2026-07-08 15:20:23"}
{"level":"info","message":"GET /api/attendance/2026/7 304 - - 113.956 ms","timestamp":"2026-07-08 15:20:23"}
{"level":"info","message":"OPTIONS /api/attendance/2026/7 200 0 - 0.102 ms","timestamp":"2026-07-08 15:21:07"}
{"level":"info","message":"GET /api/attendance/2026/7 304 - - 88.132 ms","timestamp":"2026-07-08 15:21:07"}
{"level":"info","message":"OPTIONS /api/calls/sip-config 200 0 - 0.112 ms","timestamp":"2026-07-08 15:21:13"}
{"level":"info","message":"OPTIONS /api/messages/unread-count 200 0 - 0.089 ms","timestamp":"2026-07-08 15:21:13"}
{"level":"info","message":"OPTIONS /api/calls/sip-config 200 0 - 0.117 ms","timestamp":"2026-07-08 15:21:13"}
{"level":"info","message":"OPTIONS /api/messages/unread-count 200 0 - 0.075 ms","timestamp":"2026-07-08 15:21:13"}
{"level":"info","message":"GET /api/calls/sip-config 304 - - 36.687 ms","timestamp":"2026-07-08 15:21:13"}
{"level":"info","message":"GET /api/messages/unread-count 304 - - 56.450 ms","timestamp":"2026-07-08 15:21:14"}
{"level":"info","message":"GET /api/calls/sip-config 304 - - 22.556 ms","timestamp":"2026-07-08 15:21:14"}
{"level":"info","message":"GET /api/messages/unread-count 304 - - 63.454 ms","timestamp":"2026-07-08 15:21:14"}
{"level":"info","message":"OPTIONS /api/attendance/2026/7 200 0 - 0.108 ms","timestamp":"2026-07-08 15:21:14"}
{"level":"info","message":"OPTIONS /api/leads 200 0 - 0.071 ms","timestamp":"2026-07-08 15:21:14"}
{"level":"info","message":"OPTIONS /api/attendance/2026/7 200 0 - 0.074 ms","timestamp":"2026-07-08 15:21:14"}
{"level":"info","message":"OPTIONS /api/leads 200 0 - 0.108 ms","timestamp":"2026-07-08 15:21:14"}
{"level":"info","message":"GET /api/attendance/2026/7 304 - - 99.684 ms","timestamp":"2026-07-08 15:21:14"}
{"level":"info","message":"GET /api/leads 304 - - 116.813 ms","timestamp":"2026-07-08 15:21:14"}
{"level":"info","message":"GET /api/leads 304 - - 71.557 ms","timestamp":"2026-07-08 15:21:14"}
{"level":"info","message":"GET /api/attendance/2026/7 304 - - 108.225 ms","timestamp":"2026-07-08 15:21:14"}
{"level":"info","message":"OPTIONS /api/attendance/2026/7 200 0 - 0.086 ms","timestamp":"2026-07-08 15:21:44"}
{"level":"info","message":"GET /api/attendance/2026/7 304 - - 104.605 ms","timestamp":"2026-07-08 15:21:44"}
{"level":"info","message":"OPTIONS /api/attendance/2026/7 200 0 - 0.082 ms","timestamp":"2026-07-08 15:22:14"}
{"level":"info","message":"GET /api/attendance/2026/7 304 - - 91.058 ms","timestamp":"2026-07-08 15:22:14"}
{"level":"info","message":"OPTIONS /api/attendance/2026/7 200 0 - 0.052 ms","timestamp":"2026-07-08 15:22:44"}
{"level":"info","message":"GET /api/attendance/2026/7 304 - - 95.691 ms","timestamp":"2026-07-08 15:22:44"}
{"level":"info","message":"OPTIONS /api/attendance/2026/7 200 0 - 0.182 ms","timestamp":"2026-07-08 15:23:14"}
{"level":"info","message":"GET /api/attendance/2026/7 304 - - 116.068 ms","timestamp":"2026-07-08 15:23:14"}
{"level":"info","message":"OPTIONS /api/attendance/2026/7 200 0 - 0.201 ms","timestamp":"2026-07-08 15:23:44"}
{"level":"info","message":"GET /api/attendance/2026/7 304 - - 114.664 ms","timestamp":"2026-07-08 15:23:44"}
{"level":"info","message":"OPTIONS /api/attendance/2026/7 200 0 - 0.189 ms","timestamp":"2026-07-08 15:24:14"}
{"level":"info","message":"GET /api/attendance/2026/7 304 - - 97.819 ms","timestamp":"2026-07-08 15:24:14"}
{"level":"info","message":"OPTIONS /api/attendance/2026/7 200 0 - 0.276 ms","timestamp":"2026-07-08 15:24:44"}
{"level":"info","message":"GET /api/attendance/2026/7 304 - - 101.177 ms","timestamp":"2026-07-08 15:24:44"}
{"level":"info","message":"OPTIONS /api/attendance/2026/7 200 0 - 0.096 ms","timestamp":"2026-07-08 15:25:26"}
{"level":"info","message":"GET /api/attendance/2026/7 304 - - 88.424 ms","timestamp":"2026-07-08 15:25:26"}
{"level":"info","message":"OPTIONS /api/attendance/2026/7 200 0 - 0.113 ms","timestamp":"2026-07-08 15:26:18"}
{"level":"info","message":"GET /api/attendance/2026/7 304 - - 89.990 ms","timestamp":"2026-07-08 15:26:18"}
{"level":"info","message":"OPTIONS /api/attendance/2026/7 200 0 - 0.177 ms","timestamp":"2026-07-08 15:26:44"}
{"level":"info","message":"GET /api/attendance/2026/7 304 - - 97.637 ms","timestamp":"2026-07-08 15:26:44"}
{"level":"info","message":"OPTIONS /api/attendance/2026/7 200 0 - 0.173 ms","timestamp":"2026-07-08 15:27:14"}
{"level":"info","message":"GET /api/attendance/2026/7 304 - - 101.622 ms","timestamp":"2026-07-08 15:27:14"}
{"level":"info","message":"OPTIONS /api/attendance/2026/7 200 0 - 0.182 ms","timestamp":"2026-07-08 15:27:44"}
{"level":"info","message":"GET /api/attendance/2026/7 304 - - 99.604 ms","timestamp":"2026-07-08 15:27:44"}
{"level":"info","message":"OPTIONS /api/attendance/2026/7 200 0 - 0.299 ms","timestamp":"2026-07-08 15:28:14"}
{"level":"info","message":"GET /api/attendance/2026/7 304 - - 95.020 ms","timestamp":"2026-07-08 15:28:14"}
{"level":"info","message":"OPTIONS /api/attendance/2026/7 200 0 - 0.133 ms","timestamp":"2026-07-08 15:28:44"}
{"level":"info","message":"GET /api/attendance/2026/7 304 - - 84.364 ms","timestamp":"2026-07-08 15:28:44"}
{"level":"info","message":"OPTIONS /api/attendance/2026/7 200 0 - 0.182 ms","timestamp":"2026-07-08 15:29:14"}
{"level":"info","message":"GET /api/attendance/2026/7 304 - - 102.437 ms","timestamp":"2026-07-08 15:29:14"}
{"level":"info","message":"OPTIONS /api/attendance/2026/7 200 0 - 0.175 ms","timestamp":"2026-07-08 15:29:44"}
{"level":"info","message":"GET /api/attendance/2026/7 304 - - 125.557 ms","timestamp":"2026-07-08 15:29:44"}
{"level":"info","message":"OPTIONS /api/attendance/2026/7 200 0 - 0.189 ms","timestamp":"2026-07-08 15:30:14"}
{"level":"info","message":"GET /api/attendance/2026/7 304 - - 116.696 ms","timestamp":"2026-07-08 15:30:14"}
{"level":"info","message":"OPTIONS /api/attendance/2026/7 200 0 - 0.176 ms","timestamp":"2026-07-08 15:30:44"}
{"level":"info","message":"GET /api/attendance/2026/7 304 - - 116.410 ms","timestamp":"2026-07-08 15:30:44"}
{"level":"info","message":"OPTIONS /api/attendance/2026/7 200 0 - 0.096 ms","timestamp":"2026-07-08 15:31:14"}
{"level":"info","message":"GET /api/attendance/2026/7 304 - - 85.294 ms","timestamp":"2026-07-08 15:31:14"}
{"level":"info","message":"OPTIONS /api/attendance/2026/7 200 0 - 0.167 ms","timestamp":"2026-07-08 15:31:44"}
{"level":"info","message":"GET /api/attendance/2026/7 304 - - 103.982 ms","timestamp":"2026-07-08 15:31:44"}
{"level":"info","message":"OPTIONS /api/attendance/2026/7 200 0 - 0.182 ms","timestamp":"2026-07-08 15:32:14"}
{"level":"info","message":"GET /api/attendance/2026/7 304 - - 112.843 ms","timestamp":"2026-07-08 15:32:14"}
{"level":"info","message":"OPTIONS /api/attendance/2026/7 200 0 - 0.175 ms","timestamp":"2026-07-08 15:32:44"}
{"level":"info","message":"GET /api/attendance/2026/7 304 - - 113.089 ms","timestamp":"2026-07-08 15:32:44"}
{"level":"info","message":"OPTIONS /api/attendance/2026/7 200 0 - 0.180 ms","timestamp":"2026-07-08 15:33:14"}
{"level":"info","message":"GET /api/attendance/2026/7 304 - - 120.158 ms","timestamp":"2026-07-08 15:33:14"}
{"level":"info","message":"OPTIONS /api/attendance/2026/7 200 0 - 0.096 ms","timestamp":"2026-07-08 15:33:44"}
{"level":"info","message":"GET /api/attendance/2026/7 304 - - 106.398 ms","timestamp":"2026-07-08 15:33:44"}
{"level":"info","message":"OPTIONS /api/attendance/2026/7 200 0 - 0.188 ms","timestamp":"2026-07-08 15:34:14"}
{"level":"info","message":"GET /api/attendance/2026/7 304 - - 115.765 ms","timestamp":"2026-07-08 15:34:14"}
{"level":"info","message":"OPTIONS /api/attendance/2026/7 200 0 - 0.210 ms","timestamp":"2026-07-08 15:34:44"}
{"level":"info","message":"GET /api/attendance/2026/7 304 - - 331.951 ms","timestamp":"2026-07-08 15:34:44"}
{"level":"info","message":"OPTIONS /api/attendance/2026/7 200 0 - 0.174 ms","timestamp":"2026-07-08 15:35:14"}
{"level":"info","message":"GET /api/attendance/2026/7 304 - - 114.863 ms","timestamp":"2026-07-08 15:35:14"}
{"level":"info","message":"OPTIONS /api/attendance/2026/7 200 0 - 0.185 ms","timestamp":"2026-07-08 15:35:44"}
{"level":"info","message":"GET /api/attendance/2026/7 401 31 - 5.348 ms","timestamp":"2026-07-08 15:35:44"}
{"level":"info","message":"GET /api/calls/sip-config 401 44 - 0.750 ms","timestamp":"2026-07-08 15:35:44"}
{"level":"info","message":"GET /api/calls/sip-config 401 44 - 0.703 ms","timestamp":"2026-07-08 15:35:44"}
{"level":"info","message":"OPTIONS /api/auth/login 200 0 - 0.084 ms","timestamp":"2026-07-08 15:36:13"}
{"level":"info","message":"POST /api/auth/login 200 767 - 250.615 ms","timestamp":"2026-07-08 15:36:14"}
{"level":"info","message":"OPTIONS /api/calls/sip-config 200 0 - 0.082 ms","timestamp":"2026-07-08 15:36:14"}
{"level":"info","message":"OPTIONS /api/messages/unread-count 200 0 - 0.110 ms","timestamp":"2026-07-08 15:36:14"}
{"level":"info","message":"GET /api/calls/sip-config 304 - - 26.975 ms","timestamp":"2026-07-08 15:36:14"}
{"level":"info","message":"GET /api/messages/unread-count 200 17 - 48.591 ms","timestamp":"2026-07-08 15:36:14"}
{"level":"info","message":"OPTIONS /api/attendance/2026/7 200 0 - 0.072 ms","timestamp":"2026-07-08 15:36:14"}
{"level":"info","message":"OPTIONS /api/appointments/revenue/reports 200 0 - 0.082 ms","timestamp":"2026-07-08 15:36:14"}
{"level":"info","message":"OPTIONS /api/appointments/all 200 0 - 0.080 ms","timestamp":"2026-07-08 15:36:14"}
{"level":"info","message":"OPTIONS /api/tasks 200 0 - 0.090 ms","timestamp":"2026-07-08 15:36:14"}
{"level":"info","message":"OPTIONS /api/users/all 200 0 - 0.091 ms","timestamp":"2026-07-08 15:36:14"}
{"level":"info","message":"OPTIONS /api/attendance/range?start=2026-06-30T18:30:00.000Z&end=2026-07-31T18:29:59.999Z 200 0 - 0.098 ms","timestamp":"2026-07-08 15:36:14"}
{"level":"info","message":"OPTIONS /api/admin-status 200 0 - 0.067 ms","timestamp":"2026-07-08 15:36:14"}
{"level":"info","message":"OPTIONS /api/appointments/stats?month=7&year=2026 200 0 - 0.060 ms","timestamp":"2026-07-08 15:36:14"}
{"level":"info","message":"OPTIONS /api/attendance/range?start=2026-06-30T18:30:00.000Z&end=2026-07-31T18:29:59.999Z 200 0 - 0.078 ms","timestamp":"2026-07-08 15:36:14"}
{"level":"info","message":"OPTIONS /api/admin-status 200 0 - 0.048 ms","timestamp":"2026-07-08 15:36:14"}
{"level":"info","message":"OPTIONS /api/appointments/stats?month=7&year=2026 200 0 - 0.051 ms","timestamp":"2026-07-08 15:36:14"}
{"level":"info","message":"OPTIONS /api/appointments/stats?month=6&year=2026 200 0 - 0.069 ms","timestamp":"2026-07-08 15:36:14"}
{"level":"info","message":"OPTIONS /api/appointments/revenue 200 0 - 0.051 ms","timestamp":"2026-07-08 15:36:14"}
{"level":"info","message":"OPTIONS /api/users 200 0 - 0.045 ms","timestamp":"2026-07-08 15:36:14"}
{"level":"info","message":"OPTIONS /api/appointments/stats?month=6&year=2026 200 0 - 0.090 ms","timestamp":"2026-07-08 15:36:14"}
{"level":"info","message":"OPTIONS /api/appointments/revenue 200 0 - 0.060 ms","timestamp":"2026-07-08 15:36:14"}
{"level":"info","message":"OPTIONS /api/users 200 0 - 0.101 ms","timestamp":"2026-07-08 15:36:14"}
{"level":"info","message":"GET /api/appointments/revenue/reports 200 - - 52.069 ms","timestamp":"2026-07-08 15:36:14"}
{"level":"info","message":"GET /api/attendance/2026/7 304 - - 103.494 ms","timestamp":"2026-07-08 15:36:14"}
{"level":"info","message":"GET /api/tasks 200 - - 87.495 ms","timestamp":"2026-07-08 15:36:14"}
{"level":"info","message":"GET /api/users/all 200 - - 153.231 ms","timestamp":"2026-07-08 15:36:14"}
{"level":"info","message":"GET /api/appointments/stats?month=7&year=2026 200 11 - 95.715 ms","timestamp":"2026-07-08 15:36:14"}
{"level":"info","message":"GET /api/appointments/stats?month=6&year=2026 200 12 - 91.164 ms","timestamp":"2026-07-08 15:36:14"}
{"level":"info","message":"GET /api/appointments/all 200 - - 193.138 ms","timestamp":"2026-07-08 15:36:14"}
{"level":"info","message":"GET /api/attendance/range?start=2026-06-30T18:30:00.000Z&end=2026-07-31T18:29:59.999Z 200 - - 186.551 ms","timestamp":"2026-07-08 15:36:14"}
{"level":"info","message":"GET /api/appointments/revenue/reports 304 - - 53.679 ms","timestamp":"2026-07-08 15:36:14"}
{"level":"info","message":"GET /api/appointments/revenue 200 45 - 82.363 ms","timestamp":"2026-07-08 15:36:15"}
{"level":"info","message":"GET /api/tasks 304 - - 80.034 ms","timestamp":"2026-07-08 15:36:15"}
{"level":"info","message":"GET /api/attendance/2026/7 304 - - 109.578 ms","timestamp":"2026-07-08 15:36:15"}
{"level":"info","message":"GET /api/users/all 304 - - 80.264 ms","timestamp":"2026-07-08 15:36:15"}
{"level":"info","message":"GET /api/appointments/stats?month=7&year=2026 304 - - 61.813 ms","timestamp":"2026-07-08 15:36:15"}
{"level":"info","message":"GET /api/users 200 - - 129.136 ms","timestamp":"2026-07-08 15:36:15"}
{"level":"info","message":"GET /api/admin-status 200 48 - 327.375 ms","timestamp":"2026-07-08 15:36:15"}
{"level":"info","message":"GET /api/appointments/stats?month=6&year=2026 304 - - 62.211 ms","timestamp":"2026-07-08 15:36:15"}
{"level":"info","message":"GET /api/appointments/revenue 304 - - 106.034 ms","timestamp":"2026-07-08 15:36:15"}
{"level":"info","message":"GET /api/tasks 304 - - 103.211 ms","timestamp":"2026-07-08 15:36:15"}
{"level":"info","message":"GET /api/appointments/all 304 - - 161.178 ms","timestamp":"2026-07-08 15:36:15"}
{"level":"info","message":"GET /api/attendance/range?start=2026-06-30T18:30:00.000Z&end=2026-07-31T18:29:59.999Z 304 - - 141.244 ms","timestamp":"2026-07-08 15:36:15"}
{"level":"info","message":"GET /api/users 304 - - 114.843 ms","timestamp":"2026-07-08 15:36:15"}
{"level":"info","message":"GET /api/tasks 304 - - 103.810 ms","timestamp":"2026-07-08 15:36:15"}
{"level":"info","message":"GET /api/admin-status 304 - - 283.906 ms","timestamp":"2026-07-08 15:36:15"}
{"level":"info","message":"OPTIONS /api/leads 200 0 - 0.087 ms","timestamp":"2026-07-08 15:36:21"}
{"level":"info","message":"OPTIONS /api/leads 200 0 - 0.041 ms","timestamp":"2026-07-08 15:36:21"}
{"level":"info","message":"GET /api/leads 304 - - 142.799 ms","timestamp":"2026-07-08 15:36:22"}
{"level":"info","message":"GET /api/leads 304 - - 86.324 ms","timestamp":"2026-07-08 15:36:22"}
{"level":"info","message":"OPTIONS /api/attendance/2026/7 200 0 - 0.195 ms","timestamp":"2026-07-08 15:36:44"}
{"level":"info","message":"GET /api/attendance/2026/7 304 - - 117.453 ms","timestamp":"2026-07-08 15:36:44"}
{"level":"info","message":"OPTIONS /api/attendance/2026/7 200 0 - 0.058 ms","timestamp":"2026-07-08 15:37:14"}
{"level":"info","message":"GET /api/attendance/2026/7 304 - - 100.066 ms","timestamp":"2026-07-08 15:37:14"}
{"level":"info","message":"OPTIONS /api/attendance/2026/7 200 0 - 0.250 ms","timestamp":"2026-07-08 15:37:44"}
{"level":"info","message":"GET /api/attendance/2026/7 304 - - 113.537 ms","timestamp":"2026-07-08 15:37:44"}
{"level":"info","message":"OPTIONS /api/attendance/2026/7 200 0 - 0.082 ms","timestamp":"2026-07-08 15:38:14"}
{"level":"info","message":"GET /api/attendance/2026/7 304 - - 103.924 ms","timestamp":"2026-07-08 15:38:14"}
{"level":"info","message":"OPTIONS /api/attendance/2026/7 200 0 - 0.183 ms","timestamp":"2026-07-08 15:38:44"}
{"level":"info","message":"GET /api/attendance/2026/7 304 - - 118.520 ms","timestamp":"2026-07-08 15:38:44"}
{"level":"info","message":"OPTIONS /api/leads 200 0 - 0.082 ms","timestamp":"2026-07-08 15:39:06"}
{"level":"info","message":"POST /api/leads 201 911 - 83.871 ms","timestamp":"2026-07-08 15:39:06"}
{"level":"info","message":"GET /api/leads 200 - - 130.825 ms","timestamp":"2026-07-08 15:39:06"}
{"level":"info","message":"OPTIONS /api/leads/6a4e21c2e7a0c67871e43583/files 200 0 - 0.128 ms","timestamp":"2026-07-08 15:39:09"}
{"level":"info","message":"GET /api/leads/6a4e21c2e7a0c67871e43583/files 200 2 - 50.249 ms","timestamp":"2026-07-08 15:39:09"}
{"level":"info","message":"OPTIONS /api/attendance/2026/7 200 0 - 0.093 ms","timestamp":"2026-07-08 15:39:15"}
{"level":"info","message":"GET /api/attendance/2026/7 304 - - 112.259 ms","timestamp":"2026-07-08 15:39:15"}
{"level":"info","message":"OPTIONS /api/attendance/2026/7 200 0 - 0.115 ms","timestamp":"2026-07-08 15:39:44"}
{"level":"info","message":"GET /api/attendance/2026/7 304 - - 112.212 ms","timestamp":"2026-07-08 15:39:44"}
{"level":"info","message":"OPTIONS /api/attendance/2026/7 200 0 - 0.091 ms","timestamp":"2026-07-08 15:40:14"}
{"level":"info","message":"GET /api/attendance/2026/7 304 - - 107.378 ms","timestamp":"2026-07-08 15:40:14"}
{"level":"info","message":"OPTIONS /api/attendance/2026/7 200 0 - 0.207 ms","timestamp":"2026-07-08 15:40:44"}
{"level":"info","message":"GET /api/attendance/2026/7 304 - - 120.281 ms","timestamp":"2026-07-08 15:40:44"}
{"level":"info","message":"OPTIONS /api/attendance/2026/7 200 0 - 0.134 ms","timestamp":"2026-07-08 15:41:14"}
{"level":"info","message":"GET /api/attendance/2026/7 304 - - 95.816 ms","timestamp":"2026-07-08 15:41:14"}
{"level":"info","message":"OPTIONS /api/attendance/2026/7 200 0 - 0.192 ms","timestamp":"2026-07-08 15:41:44"}
{"level":"info","message":"GET /api/attendance/2026/7 304 - - 111.339 ms","timestamp":"2026-07-08 15:41:44"}
{"level":"info","message":"OPTIONS /api/attendance/2026/7 200 0 - 0.176 ms","timestamp":"2026-07-08 15:42:14"}
{"level":"info","message":"GET /api/attendance/2026/7 304 - - 123.373 ms","timestamp":"2026-07-08 15:42:14"}
{"level":"info","message":"OPTIONS /api/attendance/2026/7 200 0 - 0.181 ms","timestamp":"2026-07-08 15:42:44"}
{"level":"info","message":"GET /api/attendance/2026/7 304 - - 120.128 ms","timestamp":"2026-07-08 15:42:44"}
{"level":"info","message":"OPTIONS /api/attendance/2026/7 200 0 - 0.092 ms","timestamp":"2026-07-08 15:43:14"}
{"level":"info","message":"GET /api/attendance/2026/7 304 - - 117.378 ms","timestamp":"2026-07-08 15:43:14"}
{"level":"info","message":"OPTIONS /api/attendance/2026/7 200 0 - 0.170 ms","timestamp":"2026-07-08 15:43:44"}
{"level":"info","message":"GET /api/attendance/2026/7 304 - - 118.343 ms","timestamp":"2026-07-08 15:43:44"}
{"level":"info","message":"OPTIONS /api/attendance/2026/7 200 0 - 0.173 ms","timestamp":"2026-07-08 15:44:15"}
{"level":"info","message":"GET /api/attendance/2026/7 304 - - 108.891 ms","timestamp":"2026-07-08 15:44:15"}
{"level":"info","message":"OPTIONS /api/attendance/2026/7 200 0 - 0.072 ms","timestamp":"2026-07-08 15:44:45"}
{"level":"info","message":"GET /api/attendance/2026/7 304 - - 123.082 ms","timestamp":"2026-07-08 15:44:45"}
{"level":"info","message":"OPTIONS /api/attendance/2026/7 200 0 - 0.216 ms","timestamp":"2026-07-08 15:45:15"}
{"level":"info","message":"GET /api/attendance/2026/7 304 - - 104.652 ms","timestamp":"2026-07-08 15:45:15"}
{"level":"info","message":"OPTIONS /api/attendance/2026/7 200 0 - 0.268 ms","timestamp":"2026-07-08 15:45:45"}
{"level":"info","message":"GET /api/attendance/2026/7 304 - - 114.195 ms","timestamp":"2026-07-08 15:45:45"}
{"level":"info","message":"OPTIONS /api/attendance/2026/7 200 0 - 0.182 ms","timestamp":"2026-07-08 15:46:14"}
{"level":"info","message":"GET /api/attendance/2026/7 304 - - 101.700 ms","timestamp":"2026-07-08 15:46:14"}
{"level":"info","message":"OPTIONS /api/attendance/2026/7 200 0 - 0.168 ms","timestamp":"2026-07-08 15:46:45"}
{"level":"info","message":"GET /api/attendance/2026/7 304 - - 118.471 ms","timestamp":"2026-07-08 15:46:45"}
{"level":"info","message":"✅ Redis Clients (Pub/Sub) Connected and Ready","timestamp":"2026-07-08 15:47:22"}
{"level":"info","message":"🚀 Server running on http://localhost:5000","timestamp":"2026-07-08 15:47:22"}
{"level":"info","message":"📡 Socket.IO server ready for connections","timestamp":"2026-07-08 15:47:22"}
{"level":"info","message":"OPTIONS /api/attendance/2026/7 200 0 - 1.638 ms","timestamp":"2026-07-08 15:47:42"}
{"level":"info","message":"GET /api/attendance/2026/7 304 - - 144.335 ms","timestamp":"2026-07-08 15:47:42"}
{"level":"info","message":"OPTIONS /api/attendance/2026/7 200 0 - 0.510 ms","timestamp":"2026-07-08 15:48:12"}
{"level":"info","message":"GET /api/attendance/2026/7 304 - - 126.821 ms","timestamp":"2026-07-08 15:48:12"}
{"level":"info","message":"OPTIONS /api/attendance/2026/7 200 0 - 0.203 ms","timestamp":"2026-07-08 15:48:42"}
{"level":"info","message":"GET /api/attendance/2026/7 304 - - 104.838 ms","timestamp":"2026-07-08 15:48:42"}
{"level":"info","message":"OPTIONS /api/attendance/2026/7 200 0 - 0.381 ms","timestamp":"2026-07-08 15:49:12"}
{"level":"info","message":"GET /api/attendance/2026/7 304 - - 104.724 ms","timestamp":"2026-07-08 15:49:12"}
{"level":"info","message":"OPTIONS /api/attendance/2026/7 200 0 - 0.173 ms","timestamp":"2026-07-08 15:49:42"}
{"level":"info","message":"GET /api/attendance/2026/7 304 - - 90.497 ms","timestamp":"2026-07-08 15:49:42"}
{"level":"info","message":"OPTIONS /api/attendance/2026/7 200 0 - 0.336 ms","timestamp":"2026-07-08 15:50:12"}
{"level":"info","message":"GET /api/attendance/2026/7 304 - - 100.411 ms","timestamp":"2026-07-08 15:50:12"}
{"level":"info","message":"OPTIONS /api/attendance/2026/7 200 0 - 0.327 ms","timestamp":"2026-07-08 15:50:42"}
{"level":"info","message":"GET /api/attendance/2026/7 304 - - 92.301 ms","timestamp":"2026-07-08 15:50:42"}
{"level":"info","message":"OPTIONS /api/leads 200 0 - 0.088 ms","timestamp":"2026-07-08 15:50:54"}
{"level":"info","message":"POST /api/leads 201 - - 91.657 ms","timestamp":"2026-07-08 15:50:54"}
{"level":"info","message":"GET /api/leads 200 - - 132.021 ms","timestamp":"2026-07-08 15:50:54"}
{"level":"info","message":"OPTIONS /api/attendance/2026/7 200 0 - 0.139 ms","timestamp":"2026-07-08 15:51:12"}
{"level":"info","message":"GET /api/attendance/2026/7 304 - - 131.383 ms","timestamp":"2026-07-08 15:51:12"}
{"level":"info","message":"OPTIONS /api/attendance/2026/7 200 0 - 0.329 ms","timestamp":"2026-07-08 15:51:42"}
{"level":"info","message":"GET /api/attendance/2026/7 304 - - 156.553 ms","timestamp":"2026-07-08 15:51:42"}
{"level":"info","message":"OPTIONS /api/attendance/2026/7 200 0 - 0.420 ms","timestamp":"2026-07-08 15:52:12"}
{"level":"info","message":"GET /api/attendance/2026/7 304 - - 145.849 ms","timestamp":"2026-07-08 15:52:12"}
{"level":"info","message":"OPTIONS /api/attendance/2026/7 200 0 - 0.212 ms","timestamp":"2026-07-08 15:52:42"}
{"level":"info","message":"GET /api/attendance/2026/7 304 - - 139.978 ms","timestamp":"2026-07-08 15:52:42"}
{"level":"info","message":"OPTIONS /api/attendance/2026/7 200 0 - 0.210 ms","timestamp":"2026-07-08 15:53:12"}
{"level":"info","message":"GET /api/attendance/2026/7 304 - - 105.001 ms","timestamp":"2026-07-08 15:53:12"}
{"level":"info","message":"OPTIONS /api/attendance/2026/7 200 0 - 0.052 ms","timestamp":"2026-07-08 15:53:42"}
{"level":"info","message":"GET /api/attendance/2026/7 304 - - 90.540 ms","timestamp":"2026-07-08 15:53:42"}
{"level":"info","message":"OPTIONS /api/attendance/2026/7 200 0 - 0.149 ms","timestamp":"2026-07-08 15:54:12"}
{"level":"info","message":"GET /api/attendance/2026/7 304 - - 107.736 ms","timestamp":"2026-07-08 15:54:12"}
{"level":"info","message":"OPTIONS /api/attendance/2026/7 200 0 - 0.053 ms","timestamp":"2026-07-08 15:55:13"}
{"level":"info","message":"GET /api/attendance/2026/7 304 - - 83.269 ms","timestamp":"2026-07-08 15:55:13"}
