{"level":"info","message":"🚀 Server running on http://localhost:5000","timestamp":"2026-02-25 14:22:46"}
{"level":"info","message":"📡 Socket.IO server ready for connections","timestamp":"2026-02-25 14:22:46"}
{"level":"info","message":"✅ Redis Clients (Pub/Sub) Connected and Ready","timestamp":"2026-02-25 14:22:46"}
{"level":"info","message":"OPTIONS /api/auth/login 200 0 - 1.633 ms","timestamp":"2026-02-25 14:24:20"}
{"level":"info","message":"POST /api/auth/login 200 790 - 327.428 ms","timestamp":"2026-02-25 14:24:21"}
{"level":"info","message":"OPTIONS /api/messages/unread-count 200 0 - 0.144 ms","timestamp":"2026-02-25 14:24:21"}
{"level":"info","message":"GET /api/messages/unread-count 200 17 - 76.998 ms","timestamp":"2026-02-25 14:24:21"}
{"level":"info","message":"OPTIONS /api/attendance/2026/2 200 0 - 0.147 ms","timestamp":"2026-02-25 14:24:22"}
{"level":"info","message":"OPTIONS /api/appointments/revenue/reports 200 0 - 0.117 ms","timestamp":"2026-02-25 14:24:22"}
{"level":"info","message":"OPTIONS /api/appointments 200 0 - 0.100 ms","timestamp":"2026-02-25 14:24:22"}
{"level":"info","message":"OPTIONS /api/users/all 200 0 - 0.150 ms","timestamp":"2026-02-25 14:24:22"}
{"level":"info","message":"OPTIONS /api/tasks 200 0 - 0.143 ms","timestamp":"2026-02-25 14:24:22"}
{"level":"info","message":"OPTIONS /api/attendance/range?start=2026-01-31T18:30:00.000Z&end=2026-02-28T18:29:59.999Z 200 0 - 0.080 ms","timestamp":"2026-02-25 14:24:22"}
{"level":"info","message":"OPTIONS /api/admin-status 200 0 - 0.068 ms","timestamp":"2026-02-25 14:24:22"}
{"level":"info","message":"OPTIONS /api/appointments/stats?month=1&year=2026 200 0 - 0.077 ms","timestamp":"2026-02-25 14:24:22"}
{"level":"info","message":"OPTIONS /api/appointments/stats?month=2&year=2026 200 0 - 0.080 ms","timestamp":"2026-02-25 14:24:22"}
{"level":"info","message":"GET /api/appointments/revenue/reports 200 - - 55.413 ms","timestamp":"2026-02-25 14:24:22"}
{"level":"info","message":"OPTIONS /api/appointments/stats?month=1&year=2026 200 0 - 0.065 ms","timestamp":"2026-02-25 14:24:22"}
{"level":"info","message":"GET /api/appointments/revenue/reports 200 - - 58.887 ms","timestamp":"2026-02-25 14:24:22"}
{"level":"info","message":"OPTIONS /api/appointments/revenue 200 0 - 0.056 ms","timestamp":"2026-02-25 14:24:22"}
{"level":"info","message":"OPTIONS /api/tasks 200 0 - 0.112 ms","timestamp":"2026-02-25 14:24:22"}
{"level":"info","message":"OPTIONS /api/users 200 0 - 0.063 ms","timestamp":"2026-02-25 14:24:22"}
{"level":"info","message":"OPTIONS /api/tasks 200 0 - 0.067 ms","timestamp":"2026-02-25 14:24:22"}
{"level":"info","message":"OPTIONS /api/users/all 200 0 - 0.057 ms","timestamp":"2026-02-25 14:24:22"}
{"level":"info","message":"OPTIONS /api/attendance/range?start=2026-01-31T18:30:00.000Z&end=2026-02-28T18:29:59.999Z 200 0 - 0.053 ms","timestamp":"2026-02-25 14:24:22"}
{"level":"info","message":"GET /api/attendance/2026/2 200 - - 155.868 ms","timestamp":"2026-02-25 14:24:22"}
{"level":"info","message":"OPTIONS /api/admin-status 200 0 - 0.148 ms","timestamp":"2026-02-25 14:24:22"}
{"level":"info","message":"GET /api/attendance/2026/2 200 - - 170.092 ms","timestamp":"2026-02-25 14:24:22"}
{"level":"info","message":"OPTIONS /api/appointments/stats?month=2&year=2026 200 0 - 0.082 ms","timestamp":"2026-02-25 14:24:22"}
{"level":"info","message":"OPTIONS /api/appointments/revenue 200 0 - 0.097 ms","timestamp":"2026-02-25 14:24:22"}
{"level":"info","message":"OPTIONS /api/users 200 0 - 0.119 ms","timestamp":"2026-02-25 14:24:22"}
{"level":"info","message":"GET /api/users/all 200 - - 155.098 ms","timestamp":"2026-02-25 14:24:22"}
{"level":"info","message":"GET /api/appointments 200 - - 214.471 ms","timestamp":"2026-02-25 14:24:22"}
{"level":"info","message":"GET /api/appointments/stats?month=1&year=2026 200 12 - 50.907 ms","timestamp":"2026-02-25 14:24:22"}
{"level":"info","message":"GET /api/admin-status 200 49 - 56.465 ms","timestamp":"2026-02-25 14:24:22"}
{"level":"info","message":"GET /api/tasks 200 - - 86.541 ms","timestamp":"2026-02-25 14:24:22"}
{"level":"info","message":"GET /api/appointments/stats?month=1&year=2026 200 12 - 56.369 ms","timestamp":"2026-02-25 14:24:22"}
{"level":"info","message":"GET /api/appointments/stats?month=2&year=2026 200 12 - 60.320 ms","timestamp":"2026-02-25 14:24:22"}
{"level":"info","message":"GET /api/attendance/range?start=2026-01-31T18:30:00.000Z&end=2026-02-28T18:29:59.999Z 200 - - 146.231 ms","timestamp":"2026-02-25 14:24:22"}
{"level":"info","message":"GET /api/appointments/revenue 200 46 - 83.148 ms","timestamp":"2026-02-25 14:24:22"}
{"level":"info","message":"GET /api/tasks 200 - - 356.007 ms","timestamp":"2026-02-25 14:24:22"}
{"level":"info","message":"GET /api/tasks 200 - - 79.536 ms","timestamp":"2026-02-25 14:24:22"}
{"level":"info","message":"GET /api/appointments 200 - - 448.827 ms","timestamp":"2026-02-25 14:24:22"}
{"level":"info","message":"GET /api/tasks 200 - - 115.443 ms","timestamp":"2026-02-25 14:24:22"}
{"level":"info","message":"GET /api/users/all 200 - - 99.583 ms","timestamp":"2026-02-25 14:24:22"}
{"level":"info","message":"GET /api/admin-status 200 49 - 71.748 ms","timestamp":"2026-02-25 14:24:22"}
{"level":"info","message":"GET /api/users 200 - - 149.612 ms","timestamp":"2026-02-25 14:24:22"}
{"level":"info","message":"GET /api/appointments/stats?month=2&year=2026 200 12 - 74.126 ms","timestamp":"2026-02-25 14:24:22"}
{"level":"info","message":"GET /api/attendance/range?start=2026-01-31T18:30:00.000Z&end=2026-02-28T18:29:59.999Z 200 - - 131.614 ms","timestamp":"2026-02-25 14:24:22"}
{"level":"info","message":"GET /api/appointments/revenue 200 46 - 84.945 ms","timestamp":"2026-02-25 14:24:22"}
{"level":"info","message":"GET /api/users 200 - - 111.142 ms","timestamp":"2026-02-25 14:24:22"}
{"level":"info","message":"OPTIONS /api/attendance/2026/2 200 0 - 0.177 ms","timestamp":"2026-02-25 14:24:52"}
{"level":"info","message":"GET /api/attendance/2026/2 304 - - 115.371 ms","timestamp":"2026-02-25 14:24:52"}
{"level":"info","message":"OPTIONS /api/attendance/2026/2 200 0 - 0.175 ms","timestamp":"2026-02-25 14:25:22"}
{"level":"info","message":"GET /api/attendance/2026/2 304 - - 140.826 ms","timestamp":"2026-02-25 14:25:22"}
{"level":"info","message":"OPTIONS /api/users/698aed1417c9f7bc51cbb99b 200 0 - 0.054 ms","timestamp":"2026-02-25 14:25:38"}
{"level":"info","message":"OPTIONS /api/users 200 0 - 0.044 ms","timestamp":"2026-02-25 14:25:38"}
{"level":"info","message":"PUT /api/users/698aed1417c9f7bc51cbb99b 200 546 - 61.550 ms","timestamp":"2026-02-25 14:25:38"}
{"level":"info","message":"GET /api/users 200 - - 132.656 ms","timestamp":"2026-02-25 14:25:38"}
{"level":"info","message":"GET /api/users 200 - - 151.958 ms","timestamp":"2026-02-25 14:25:38"}
{"level":"info","message":"OPTIONS /api/attendance/2026/2 200 0 - 0.173 ms","timestamp":"2026-02-25 14:25:52"}
{"level":"info","message":"GET /api/attendance/2026/2 304 - - 121.349 ms","timestamp":"2026-02-25 14:25:52"}
{"level":"info","message":"OPTIONS /api/users/6981c74e108cae7ded9679dd 200 0 - 0.101 ms","timestamp":"2026-02-25 14:26:19"}
{"level":"info","message":"OPTIONS /api/users 200 0 - 0.069 ms","timestamp":"2026-02-25 14:26:19"}
{"level":"info","message":"PUT /api/users/6981c74e108cae7ded9679dd 200 524 - 55.716 ms","timestamp":"2026-02-25 14:26:19"}
{"level":"info","message":"GET /api/users 200 - - 135.753 ms","timestamp":"2026-02-25 14:26:19"}
{"level":"info","message":"GET /api/users 200 - - 135.845 ms","timestamp":"2026-02-25 14:26:20"}
{"level":"info","message":"OPTIONS /api/attendance/2026/2 200 0 - 0.051 ms","timestamp":"2026-02-25 14:26:22"}
{"level":"info","message":"GET /api/attendance/2026/2 304 - - 108.490 ms","timestamp":"2026-02-25 14:26:22"}
{"level":"info","message":"OPTIONS /api/attendance/2026/2 200 0 - 0.249 ms","timestamp":"2026-02-25 14:26:52"}
{"level":"info","message":"GET /api/attendance/2026/2 304 - - 119.036 ms","timestamp":"2026-02-25 14:26:52"}
{"level":"info","message":"OPTIONS /api/users/698ece512cf455ff056116dc 200 0 - 0.079 ms","timestamp":"2026-02-25 14:27:02"}
{"level":"info","message":"OPTIONS /api/users 200 0 - 0.057 ms","timestamp":"2026-02-25 14:27:02"}
{"level":"info","message":"PUT /api/users/698ece512cf455ff056116dc 200 532 - 52.885 ms","timestamp":"2026-02-25 14:27:02"}
{"level":"info","message":"GET /api/users 200 - - 130.263 ms","timestamp":"2026-02-25 14:27:02"}
{"level":"info","message":"GET /api/users 200 - - 138.951 ms","timestamp":"2026-02-25 14:27:02"}
{"level":"info","message":"OPTIONS /api/attendance/2026/2 200 0 - 0.298 ms","timestamp":"2026-02-25 14:27:22"}
{"level":"info","message":"GET /api/attendance/2026/2 304 - - 120.146 ms","timestamp":"2026-02-25 14:27:23"}
{"level":"info","message":"OPTIONS /api/users/698ecf0c2cf455ff05611730 200 0 - 0.082 ms","timestamp":"2026-02-25 14:27:43"}
{"level":"info","message":"OPTIONS /api/users 200 0 - 0.075 ms","timestamp":"2026-02-25 14:27:43"}
{"level":"info","message":"PUT /api/users/698ecf0c2cf455ff05611730 200 532 - 55.045 ms","timestamp":"2026-02-25 14:27:43"}
{"level":"info","message":"GET /api/users 200 - - 129.240 ms","timestamp":"2026-02-25 14:27:43"}
{"level":"info","message":"GET /api/users 200 - - 148.701 ms","timestamp":"2026-02-25 14:27:43"}
{"level":"info","message":"OPTIONS /api/attendance/2026/2 200 0 - 0.317 ms","timestamp":"2026-02-25 14:27:52"}
{"level":"info","message":"GET /api/attendance/2026/2 304 - - 142.307 ms","timestamp":"2026-02-25 14:27:53"}
{"level":"info","message":"OPTIONS /api/users/68fcc5bfb85c2281711925bb 200 0 - 0.087 ms","timestamp":"2026-02-25 14:28:12"}
{"level":"info","message":"OPTIONS /api/users 200 0 - 0.063 ms","timestamp":"2026-02-25 14:28:12"}
{"level":"info","message":"PUT /api/users/68fcc5bfb85c2281711925bb 200 - - 56.868 ms","timestamp":"2026-02-25 14:28:12"}
{"level":"info","message":"GET /api/users 200 - - 148.409 ms","timestamp":"2026-02-25 14:28:12"}
{"level":"info","message":"GET /api/users 200 - - 136.486 ms","timestamp":"2026-02-25 14:28:12"}
{"level":"info","message":"OPTIONS /api/attendance/2026/2 200 0 - 0.140 ms","timestamp":"2026-02-25 14:28:22"}
{"level":"info","message":"GET /api/attendance/2026/2 304 - - 183.546 ms","timestamp":"2026-02-25 14:28:23"}
{"level":"info","message":"OPTIONS /api/messages/unread-count 200 0 - 0.066 ms","timestamp":"2026-02-25 14:28:24"}
{"level":"info","message":"OPTIONS /api/messages/unread-count 200 0 - 0.066 ms","timestamp":"2026-02-25 14:28:24"}
{"level":"info","message":"GET /api/messages/unread-count 304 - - 50.681 ms","timestamp":"2026-02-25 14:28:24"}
{"level":"info","message":"GET /api/messages/unread-count 304 - - 59.621 ms","timestamp":"2026-02-25 14:28:24"}
{"level":"info","message":"OPTIONS /api/attendance/2026/2 200 0 - 0.080 ms","timestamp":"2026-02-25 14:28:34"}
{"level":"info","message":"OPTIONS /api/users 200 0 - 0.077 ms","timestamp":"2026-02-25 14:28:34"}
{"level":"info","message":"OPTIONS /api/calls/huawei-audio-status 200 0 - 0.069 ms","timestamp":"2026-02-25 14:28:34"}
{"level":"info","message":"OPTIONS /api/calls/huawei-audio-status 200 0 - 0.059 ms","timestamp":"2026-02-25 14:28:34"}
{"level":"info","message":"OPTIONS /api/calls/setup-huawei-audio 200 0 - 0.049 ms","timestamp":"2026-02-25 14:28:34"}
{"level":"info","message":"OPTIONS /api/tasks 200 0 - 0.145 ms","timestamp":"2026-02-25 14:28:34"}
{"level":"info","message":"OPTIONS /api/tasks 200 0 - 0.075 ms","timestamp":"2026-02-25 14:28:34"}
{"level":"info","message":"GET /api/calls/huawei-audio-status 200 111 - 28.023 ms","timestamp":"2026-02-25 14:28:34"}
{"level":"info","message":"GET /api/calls/huawei-audio-status 200 111 - 28.160 ms","timestamp":"2026-02-25 14:28:34"}
{"level":"info","message":"OPTIONS /api/calls/huawei-audio-status 200 0 - 0.084 ms","timestamp":"2026-02-25 14:28:34"}
{"level":"info","message":"OPTIONS /api/calls/huawei-audio-status 200 0 - 0.091 ms","timestamp":"2026-02-25 14:28:34"}
{"level":"info","message":"OPTIONS /api/calls/setup-huawei-audio 200 0 - 0.085 ms","timestamp":"2026-02-25 14:28:35"}
{"level":"info","message":"GET /api/attendance/2026/2 304 - - 174.747 ms","timestamp":"2026-02-25 14:28:35"}
{"level":"info","message":"GET /api/tasks 304 - - 167.788 ms","timestamp":"2026-02-25 14:28:35"}
{"level":"info","message":"GET /api/attendance/2026/2 200 - - 178.651 ms","timestamp":"2026-02-25 14:28:35"}
{"level":"info","message":"GET /api/users 200 - - 157.525 ms","timestamp":"2026-02-25 14:28:35"}
{"level":"info","message":"GET /api/tasks - - - - ms","timestamp":"2026-02-25 14:28:35"}
{"level":"info","message":"POST /api/calls/setup-huawei-audio - - - - ms","timestamp":"2026-02-25 14:28:35"}
{"level":"info","message":"GET /api/users 200 - - 209.650 ms","timestamp":"2026-02-25 14:28:35"}
{"level":"info","message":"OPTIONS /api/messages/unread-count 200 0 - 0.136 ms","timestamp":"2026-02-25 14:28:35"}
{"level":"info","message":"OPTIONS /api/messages/unread-count 200 0 - 0.116 ms","timestamp":"2026-02-25 14:28:35"}
{"level":"info","message":"GET /api/messages/unread-count 304 - - 56.249 ms","timestamp":"2026-02-25 14:28:35"}
{"level":"info","message":"GET /api/messages/unread-count 200 17 - 54.080 ms","timestamp":"2026-02-25 14:28:36"}
{"level":"info","message":"OPTIONS /api/attendance/2026/2 200 0 - 0.088 ms","timestamp":"2026-02-25 14:28:36"}
{"level":"info","message":"OPTIONS /api/users 200 0 - 0.080 ms","timestamp":"2026-02-25 14:28:36"}
{"level":"info","message":"OPTIONS /api/tasks 200 0 - 0.094 ms","timestamp":"2026-02-25 14:28:36"}
{"level":"info","message":"OPTIONS /api/calls/huawei-audio-status 200 0 - 0.073 ms","timestamp":"2026-02-25 14:28:36"}
{"level":"info","message":"OPTIONS /api/calls/huawei-audio-status 200 0 - 0.051 ms","timestamp":"2026-02-25 14:28:36"}
{"level":"info","message":"OPTIONS /api/calls/setup-huawei-audio 200 0 - 0.057 ms","timestamp":"2026-02-25 14:28:36"}
{"level":"info","message":"OPTIONS /api/users 200 0 - 0.073 ms","timestamp":"2026-02-25 14:28:36"}
{"level":"info","message":"OPTIONS /api/tasks 200 0 - 0.070 ms","timestamp":"2026-02-25 14:28:36"}
{"level":"info","message":"OPTIONS /api/calls/huawei-audio-status 200 0 - 0.155 ms","timestamp":"2026-02-25 14:28:36"}
{"level":"info","message":"OPTIONS /api/calls/huawei-audio-status 200 0 - 0.082 ms","timestamp":"2026-02-25 14:28:36"}
{"level":"info","message":"OPTIONS /api/calls/setup-huawei-audio 200 0 - 0.081 ms","timestamp":"2026-02-25 14:28:36"}
{"level":"info","message":"GET /api/calls/huawei-audio-status 200 126 - 27.324 ms","timestamp":"2026-02-25 14:28:36"}
{"level":"info","message":"GET /api/calls/huawei-audio-status 200 126 - 26.168 ms","timestamp":"2026-02-25 14:28:36"}
{"level":"info","message":"GET /api/tasks 304 - - 104.673 ms","timestamp":"2026-02-25 14:28:36"}
{"level":"info","message":"GET /api/attendance/2026/2 304 - - 137.399 ms","timestamp":"2026-02-25 14:28:36"}
{"level":"info","message":"GET /api/attendance/2026/2 200 - - 138.525 ms","timestamp":"2026-02-25 14:28:36"}
{"level":"info","message":"GET /api/calls/huawei-audio-status 200 135 - 25.652 ms","timestamp":"2026-02-25 14:28:36"}
{"level":"info","message":"GET /api/users 200 - - 146.344 ms","timestamp":"2026-02-25 14:28:36"}
{"level":"info","message":"GET /api/calls/huawei-audio-status 200 135 - 27.733 ms","timestamp":"2026-02-25 14:28:36"}
{"level":"info","message":"GET /api/users 200 - - 185.776 ms","timestamp":"2026-02-25 14:28:36"}
{"level":"info","message":"GET /api/tasks 200 - - 129.038 ms","timestamp":"2026-02-25 14:28:36"}
{"level":"info","message":"POST /api/calls/setup-huawei-audio 200 560 - 1650.122 ms","timestamp":"2026-02-25 14:28:37"}
{"level":"info","message":"POST /api/calls/setup-huawei-audio 200 560 - 1550.101 ms","timestamp":"2026-02-25 14:28:37"}
{"level":"info","message":"OPTIONS /api/users 200 0 - 0.083 ms","timestamp":"2026-02-25 14:28:54"}
{"level":"info","message":"GET /api/users 200 - - 128.772 ms","timestamp":"2026-02-25 14:28:54"}
{"level":"info","message":"OPTIONS /api/users/68fcc5bfb85c2281711925bb 200 0 - 0.103 ms","timestamp":"2026-02-25 14:29:00"}
{"level":"info","message":"OPTIONS /api/users 200 0 - 0.064 ms","timestamp":"2026-02-25 14:29:00"}
{"level":"info","message":"PUT /api/users/68fcc5bfb85c2281711925bb 200 - - 66.207 ms","timestamp":"2026-02-25 14:29:00"}
{"level":"info","message":"GET /api/users 304 - - 143.518 ms","timestamp":"2026-02-25 14:29:00"}
{"level":"info","message":"GET /api/users 200 - - 137.907 ms","timestamp":"2026-02-25 14:29:00"}
{"level":"info","message":"OPTIONS /api/tasks 200 0 - 0.056 ms","timestamp":"2026-02-25 14:29:04"}
{"level":"info","message":"OPTIONS /api/calls/huawei-audio-status 200 0 - 0.064 ms","timestamp":"2026-02-25 14:29:04"}
{"level":"info","message":"OPTIONS /api/calls/huawei-audio-status 200 0 - 0.051 ms","timestamp":"2026-02-25 14:29:04"}
{"level":"info","message":"OPTIONS /api/calls/setup-huawei-audio 200 0 - 0.074 ms","timestamp":"2026-02-25 14:29:04"}
{"level":"info","message":"OPTIONS /api/tasks 200 0 - 0.064 ms","timestamp":"2026-02-25 14:29:04"}
{"level":"info","message":"OPTIONS /api/calls/huawei-audio-status 200 0 - 0.068 ms","timestamp":"2026-02-25 14:29:04"}
{"level":"info","message":"OPTIONS /api/calls/huawei-audio-status 200 0 - 0.075 ms","timestamp":"2026-02-25 14:29:04"}
{"level":"info","message":"OPTIONS /api/calls/setup-huawei-audio 200 0 - 0.105 ms","timestamp":"2026-02-25 14:29:04"}
{"level":"info","message":"GET /api/calls/huawei-audio-status 200 132 - 24.854 ms","timestamp":"2026-02-25 14:29:04"}
{"level":"info","message":"GET /api/calls/huawei-audio-status 200 132 - 25.801 ms","timestamp":"2026-02-25 14:29:04"}
{"level":"info","message":"GET /api/calls/huawei-audio-status 200 132 - 35.404 ms","timestamp":"2026-02-25 14:29:04"}
{"level":"info","message":"GET /api/tasks 304 - - 92.321 ms","timestamp":"2026-02-25 14:29:04"}
{"level":"info","message":"GET /api/calls/huawei-audio-status 200 132 - 26.656 ms","timestamp":"2026-02-25 14:29:04"}
{"level":"info","message":"GET /api/users 200 - - 135.747 ms","timestamp":"2026-02-25 14:29:04"}
{"level":"info","message":"GET /api/users 200 - - 141.916 ms","timestamp":"2026-02-25 14:29:04"}
{"level":"info","message":"GET /api/tasks 200 - - 307.213 ms","timestamp":"2026-02-25 14:29:04"}
{"level":"info","message":"POST /api/calls/setup-huawei-audio 200 560 - 1494.998 ms","timestamp":"2026-02-25 14:29:06"}
{"level":"info","message":"POST /api/calls/setup-huawei-audio 200 560 - 1498.606 ms","timestamp":"2026-02-25 14:29:06"}
{"level":"info","message":"OPTIONS /api/attendance/2026/2 200 0 - 0.181 ms","timestamp":"2026-02-25 14:29:06"}
{"level":"info","message":"GET /api/attendance/2026/2 304 - - 117.531 ms","timestamp":"2026-02-25 14:29:06"}
{"level":"info","message":"OPTIONS /api/calls/make 200 0 - 0.138 ms","timestamp":"2026-02-25 14:29:30"}
{"level":"info","message":"POST /api/calls/make 500 97 - 30.131 ms","timestamp":"2026-02-25 14:29:30"}
{"level":"info","message":"OPTIONS /api/attendance/2026/2 200 0 - 0.052 ms","timestamp":"2026-02-25 14:29:36"}
{"level":"info","message":"GET /api/attendance/2026/2 304 - - 106.381 ms","timestamp":"2026-02-25 14:29:36"}
{"level":"info","message":"OPTIONS /api/attendance/2026/2 200 0 - 0.056 ms","timestamp":"2026-02-25 14:30:06"}
{"level":"info","message":"GET /api/attendance/2026/2 304 - - 186.147 ms","timestamp":"2026-02-25 14:30:06"}
{"level":"info","message":"OPTIONS /api/attendance/2026/2 200 0 - 0.128 ms","timestamp":"2026-02-25 14:30:36"}
{"level":"info","message":"GET /api/attendance/2026/2 304 - - 118.433 ms","timestamp":"2026-02-25 14:30:37"}
{"level":"info","message":"OPTIONS /api/attendance/2026/2 200 0 - 0.056 ms","timestamp":"2026-02-25 14:31:06"}
{"level":"info","message":"GET /api/attendance/2026/2 304 - - 110.368 ms","timestamp":"2026-02-25 14:31:06"}
{"level":"info","message":"OPTIONS /api/attendance/2026/2 200 0 - 0.185 ms","timestamp":"2026-02-25 14:31:36"}
{"level":"info","message":"GET /api/attendance/2026/2 304 - - 118.571 ms","timestamp":"2026-02-25 14:31:37"}
{"level":"info","message":"OPTIONS /api/attendance/2026/2 200 0 - 0.059 ms","timestamp":"2026-02-25 14:32:06"}
{"level":"info","message":"GET /api/attendance/2026/2 304 - - 107.314 ms","timestamp":"2026-02-25 14:32:07"}
{"level":"info","message":"OPTIONS /api/attendance/2026/2 200 0 - 0.153 ms","timestamp":"2026-02-25 14:33:04"}
{"level":"info","message":"OPTIONS /api/users 200 0 - 0.066 ms","timestamp":"2026-02-25 14:33:04"}
{"level":"info","message":"OPTIONS /api/tasks 200 0 - 0.049 ms","timestamp":"2026-02-25 14:33:04"}
{"level":"info","message":"GET /api/tasks 304 - - 88.947 ms","timestamp":"2026-02-25 14:33:04"}
{"level":"info","message":"GET /api/attendance/2026/2 304 - - 127.124 ms","timestamp":"2026-02-25 14:33:04"}
{"level":"info","message":"GET /api/users 200 - - 136.788 ms","timestamp":"2026-02-25 14:33:04"}
{"level":"info","message":"OPTIONS /api/attendance/2026/2 200 0 - 0.180 ms","timestamp":"2026-02-25 14:33:34"}
{"level":"info","message":"GET /api/attendance/2026/2 304 - - 129.564 ms","timestamp":"2026-02-25 14:33:34"}
{"level":"info","message":"OPTIONS /api/attendance/2026/2 200 0 - 0.056 ms","timestamp":"2026-02-25 14:34:04"}
{"level":"info","message":"GET /api/attendance/2026/2 304 - - 133.439 ms","timestamp":"2026-02-25 14:34:04"}
{"level":"info","message":"OPTIONS /api/attendance/2026/2 200 0 - 0.048 ms","timestamp":"2026-02-25 14:34:34"}
{"level":"info","message":"GET /api/attendance/2026/2 304 - - 105.624 ms","timestamp":"2026-02-25 14:34:34"}
{"level":"info","message":"OPTIONS /api/attendance/2026/2 200 0 - 0.062 ms","timestamp":"2026-02-25 14:35:07"}
{"level":"info","message":"GET /api/attendance/2026/2 304 - - 122.974 ms","timestamp":"2026-02-25 14:35:07"}
{"level":"info","message":"OPTIONS /api/attendance/2026/2 200 0 - 0.087 ms","timestamp":"2026-02-25 14:35:37"}
{"level":"info","message":"GET /api/attendance/2026/2 304 - - 111.054 ms","timestamp":"2026-02-25 14:35:37"}
{"level":"info","message":"OPTIONS /api/attendance/2026/2 200 0 - 0.096 ms","timestamp":"2026-02-25 14:36:07"}
{"level":"info","message":"GET /api/attendance/2026/2 304 - - 106.447 ms","timestamp":"2026-02-25 14:36:07"}
{"level":"info","message":"OPTIONS /api/attendance/2026/2 200 0 - 0.056 ms","timestamp":"2026-02-25 14:36:37"}
{"level":"info","message":"GET /api/attendance/2026/2 304 - - 105.639 ms","timestamp":"2026-02-25 14:36:37"}
{"level":"info","message":"OPTIONS /api/attendance/2026/2 200 0 - 0.176 ms","timestamp":"2026-02-25 14:37:07"}
{"level":"info","message":"GET /api/attendance/2026/2 304 - - 120.978 ms","timestamp":"2026-02-25 14:37:07"}
{"level":"info","message":"OPTIONS /api/attendance/2026/2 200 0 - 0.065 ms","timestamp":"2026-02-25 14:37:37"}
{"level":"info","message":"GET /api/attendance/2026/2 304 - - 105.559 ms","timestamp":"2026-02-25 14:37:37"}
{"level":"info","message":"OPTIONS /api/attendance/2026/2 200 0 - 0.115 ms","timestamp":"2026-02-25 14:38:07"}
{"level":"info","message":"GET /api/attendance/2026/2 304 - - 107.651 ms","timestamp":"2026-02-25 14:38:07"}
{"level":"info","message":"OPTIONS /api/users 200 0 - 0.101 ms","timestamp":"2026-02-25 14:38:20"}
{"level":"info","message":"OPTIONS /api/tasks 200 0 - 0.073 ms","timestamp":"2026-02-25 14:38:20"}
{"level":"info","message":"GET /api/tasks 304 - - 88.144 ms","timestamp":"2026-02-25 14:38:20"}
{"level":"info","message":"GET /api/users 200 - - 136.311 ms","timestamp":"2026-02-25 14:38:20"}
{"level":"info","message":"OPTIONS /api/users 200 0 - 0.104 ms","timestamp":"2026-02-25 14:38:30"}
{"level":"info","message":"OPTIONS /api/tasks 200 0 - 0.069 ms","timestamp":"2026-02-25 14:38:30"}
{"level":"info","message":"GET /api/tasks 304 - - 80.932 ms","timestamp":"2026-02-25 14:38:30"}
{"level":"info","message":"GET /api/users 200 - - 147.223 ms","timestamp":"2026-02-25 14:38:30"}
{"level":"info","message":"OPTIONS /api/attendance/2026/2 200 0 - 0.127 ms","timestamp":"2026-02-25 14:38:37"}
{"level":"info","message":"GET /api/attendance/2026/2 304 - - 134.050 ms","timestamp":"2026-02-25 14:38:37"}
{"level":"info","message":"OPTIONS /api/attendance/2026/2 200 0 - 0.072 ms","timestamp":"2026-02-25 14:39:07"}
{"level":"info","message":"GET /api/attendance/2026/2 304 - - 133.400 ms","timestamp":"2026-02-25 14:39:07"}
{"level":"info","message":"OPTIONS /api/users 200 0 - 0.076 ms","timestamp":"2026-02-25 14:39:36"}
{"level":"info","message":"OPTIONS /api/tasks 200 0 - 0.046 ms","timestamp":"2026-02-25 14:39:36"}
{"level":"info","message":"OPTIONS /api/users 200 0 - 0.044 ms","timestamp":"2026-02-25 14:39:36"}
{"level":"info","message":"OPTIONS /api/tasks 200 0 - 0.040 ms","timestamp":"2026-02-25 14:39:36"}
{"level":"info","message":"GET /api/tasks 200 - - 78.810 ms","timestamp":"2026-02-25 14:39:36"}
{"level":"info","message":"GET /api/tasks 304 - - 101.986 ms","timestamp":"2026-02-25 14:39:36"}
{"level":"info","message":"GET /api/users 200 - - 128.304 ms","timestamp":"2026-02-25 14:39:36"}
{"level":"info","message":"GET /api/users 200 - - 129.441 ms","timestamp":"2026-02-25 14:39:36"}
{"level":"info","message":"OPTIONS /api/attendance/2026/2 200 0 - 0.053 ms","timestamp":"2026-02-25 14:39:37"}
{"level":"info","message":"GET /api/attendance/2026/2 304 - - 103.642 ms","timestamp":"2026-02-25 14:39:37"}
{"level":"info","message":"OPTIONS /api/attendance/2026/2 200 0 - 0.082 ms","timestamp":"2026-02-25 14:40:07"}
{"level":"info","message":"GET /api/attendance/2026/2 304 - - 120.831 ms","timestamp":"2026-02-25 14:40:07"}
{"level":"info","message":"OPTIONS /api/attendance/2026/2 200 0 - 0.176 ms","timestamp":"2026-02-25 14:40:37"}
{"level":"info","message":"GET /api/attendance/2026/2 304 - - 343.915 ms","timestamp":"2026-02-25 14:40:37"}
{"level":"info","message":"OPTIONS /api/attendance/2026/2 200 0 - 0.056 ms","timestamp":"2026-02-25 14:41:07"}
{"level":"info","message":"GET /api/attendance/2026/2 304 - - 122.021 ms","timestamp":"2026-02-25 14:41:07"}
{"level":"info","message":"OPTIONS /api/attendance/2026/2 200 0 - 0.169 ms","timestamp":"2026-02-25 14:41:37"}
{"level":"info","message":"GET /api/attendance/2026/2 304 - - 117.037 ms","timestamp":"2026-02-25 14:41:37"}
{"level":"info","message":"OPTIONS /api/attendance/2026/2 200 0 - 0.105 ms","timestamp":"2026-02-25 14:42:07"}
{"level":"info","message":"GET /api/attendance/2026/2 304 - - 132.270 ms","timestamp":"2026-02-25 14:42:07"}
{"level":"info","message":"OPTIONS /api/attendance/2026/2 200 0 - 0.069 ms","timestamp":"2026-02-25 14:42:37"}
{"level":"info","message":"GET /api/attendance/2026/2 304 - - 120.883 ms","timestamp":"2026-02-25 14:42:37"}
{"level":"info","message":"OPTIONS /api/attendance/2026/2 200 0 - 0.281 ms","timestamp":"2026-02-25 14:43:07"}
{"level":"info","message":"GET /api/attendance/2026/2 304 - - 132.929 ms","timestamp":"2026-02-25 14:43:07"}
{"level":"info","message":"OPTIONS /api/attendance/2026/2 200 0 - 0.175 ms","timestamp":"2026-02-25 14:43:37"}
{"level":"info","message":"GET /api/attendance/2026/2 304 - - 129.901 ms","timestamp":"2026-02-25 14:43:37"}
{"level":"info","message":"OPTIONS /api/attendance/2026/2 200 0 - 0.075 ms","timestamp":"2026-02-25 14:44:07"}
{"level":"info","message":"GET /api/attendance/2026/2 304 - - 143.531 ms","timestamp":"2026-02-25 14:44:07"}
{"level":"info","message":"OPTIONS /api/attendance/2026/2 200 0 - 0.081 ms","timestamp":"2026-02-25 14:44:37"}
{"level":"info","message":"GET /api/attendance/2026/2 304 - - 119.335 ms","timestamp":"2026-02-25 14:44:37"}
{"level":"info","message":"OPTIONS /api/attendance/2026/2 200 0 - 0.126 ms","timestamp":"2026-02-25 14:45:07"}
{"level":"info","message":"GET /api/attendance/2026/2 304 - - 137.659 ms","timestamp":"2026-02-25 14:45:07"}
{"level":"info","message":"OPTIONS /api/attendance/2026/2 200 0 - 0.193 ms","timestamp":"2026-02-25 14:45:37"}
{"level":"info","message":"GET /api/attendance/2026/2 304 - - 157.422 ms","timestamp":"2026-02-25 14:45:37"}
{"level":"info","message":"OPTIONS /api/attendance/2026/2 200 0 - 0.176 ms","timestamp":"2026-02-25 14:46:07"}
{"level":"info","message":"GET /api/attendance/2026/2 304 - - 144.002 ms","timestamp":"2026-02-25 14:46:07"}
{"level":"info","message":"OPTIONS /api/attendance/2026/2 200 0 - 0.193 ms","timestamp":"2026-02-25 14:46:37"}
{"level":"info","message":"GET /api/attendance/2026/2 304 - - 144.347 ms","timestamp":"2026-02-25 14:46:37"}
{"level":"info","message":"OPTIONS /api/attendance/2026/2 200 0 - 0.186 ms","timestamp":"2026-02-25 14:47:08"}
{"level":"info","message":"GET /api/attendance/2026/2 304 - - 144.097 ms","timestamp":"2026-02-25 14:47:08"}
{"level":"info","message":"OPTIONS /api/attendance/2026/2 200 0 - 0.166 ms","timestamp":"2026-02-25 14:47:38"}
{"level":"info","message":"GET /api/attendance/2026/2 304 - - 145.692 ms","timestamp":"2026-02-25 14:47:38"}
{"level":"info","message":"OPTIONS /api/attendance/2026/2 200 0 - 0.061 ms","timestamp":"2026-02-25 14:48:08"}
{"level":"info","message":"GET /api/attendance/2026/2 304 - - 114.189 ms","timestamp":"2026-02-25 14:48:08"}
{"level":"info","message":"OPTIONS /api/attendance/2026/2 200 0 - 0.124 ms","timestamp":"2026-02-25 14:48:38"}
{"level":"info","message":"GET /api/attendance/2026/2 304 - - 124.183 ms","timestamp":"2026-02-25 14:48:38"}
{"level":"info","message":"OPTIONS /api/attendance/2026/2 200 0 - 0.286 ms","timestamp":"2026-02-25 14:49:08"}
{"level":"info","message":"GET /api/attendance/2026/2 304 - - 120.323 ms","timestamp":"2026-02-25 14:49:08"}
{"level":"info","message":"OPTIONS /api/attendance/2026/2 200 0 - 0.161 ms","timestamp":"2026-02-25 14:49:38"}
{"level":"info","message":"GET /api/attendance/2026/2 304 - - 132.901 ms","timestamp":"2026-02-25 14:49:38"}
{"level":"info","message":"OPTIONS /api/attendance/2026/2 200 0 - 0.058 ms","timestamp":"2026-02-25 14:50:08"}
{"level":"info","message":"GET /api/attendance/2026/2 304 - - 122.757 ms","timestamp":"2026-02-25 14:50:08"}
{"level":"info","message":"OPTIONS /api/attendance/2026/2 200 0 - 0.168 ms","timestamp":"2026-02-25 14:50:38"}
{"level":"info","message":"GET /api/attendance/2026/2 304 - - 119.450 ms","timestamp":"2026-02-25 14:50:38"}
{"level":"info","message":"OPTIONS /api/attendance/2026/2 200 0 - 0.164 ms","timestamp":"2026-02-25 14:51:08"}
{"level":"info","message":"GET /api/attendance/2026/2 304 - - 125.397 ms","timestamp":"2026-02-25 14:51:08"}
{"level":"info","message":"OPTIONS /api/attendance/2026/2 200 0 - 0.080 ms","timestamp":"2026-02-25 14:51:38"}
{"level":"info","message":"GET /api/attendance/2026/2 304 - - 115.956 ms","timestamp":"2026-02-25 14:51:38"}
{"level":"info","message":"OPTIONS /api/attendance/2026/2 200 0 - 0.163 ms","timestamp":"2026-02-25 14:52:08"}
{"level":"info","message":"GET /api/attendance/2026/2 304 - - 120.622 ms","timestamp":"2026-02-25 14:52:08"}
{"level":"info","message":"OPTIONS /api/attendance/2026/2 200 0 - 0.348 ms","timestamp":"2026-02-25 14:52:38"}
{"level":"info","message":"GET /api/attendance/2026/2 304 - - 142.401 ms","timestamp":"2026-02-25 14:52:38"}
{"level":"info","message":"OPTIONS /api/attendance/2026/2 200 0 - 0.194 ms","timestamp":"2026-02-25 14:53:08"}
{"level":"info","message":"GET /api/attendance/2026/2 304 - - 134.770 ms","timestamp":"2026-02-25 14:53:08"}
{"level":"info","message":"OPTIONS /api/attendance/2026/2 200 0 - 0.161 ms","timestamp":"2026-02-25 14:53:38"}
{"level":"info","message":"GET /api/attendance/2026/2 304 - - 135.936 ms","timestamp":"2026-02-25 14:53:38"}
{"level":"info","message":"OPTIONS /api/attendance/2026/2 200 0 - 0.169 ms","timestamp":"2026-02-25 14:54:11"}
{"level":"info","message":"GET /api/attendance/2026/2 304 - - 127.508 ms","timestamp":"2026-02-25 14:54:11"}
{"level":"info","message":"OPTIONS /api/attendance/2026/2 200 0 - 0.178 ms","timestamp":"2026-02-25 14:54:41"}
{"level":"info","message":"GET /api/attendance/2026/2 304 - - 133.944 ms","timestamp":"2026-02-25 14:54:41"}
{"level":"info","message":"OPTIONS /api/attendance/2026/2 200 0 - 0.167 ms","timestamp":"2026-02-25 14:55:11"}
{"level":"info","message":"GET /api/attendance/2026/2 304 - - 128.556 ms","timestamp":"2026-02-25 14:55:11"}
{"level":"info","message":"OPTIONS /api/attendance/2026/2 200 0 - 0.163 ms","timestamp":"2026-02-25 14:55:41"}
{"level":"info","message":"GET /api/attendance/2026/2 304 - - 131.630 ms","timestamp":"2026-02-25 14:55:41"}
{"level":"info","message":"OPTIONS /api/attendance/2026/2 200 0 - 0.317 ms","timestamp":"2026-02-25 14:56:11"}
{"level":"info","message":"GET /api/attendance/2026/2 304 - - 157.346 ms","timestamp":"2026-02-25 14:56:11"}
{"level":"info","message":"OPTIONS /api/attendance/2026/2 200 0 - 0.171 ms","timestamp":"2026-02-25 14:56:41"}
{"level":"info","message":"GET /api/attendance/2026/2 304 - - 133.546 ms","timestamp":"2026-02-25 14:56:41"}
{"level":"info","message":"OPTIONS /api/attendance/2026/2 200 0 - 0.170 ms","timestamp":"2026-02-25 14:57:11"}
{"level":"info","message":"GET /api/attendance/2026/2 304 - - 136.136 ms","timestamp":"2026-02-25 14:57:11"}
{"level":"info","message":"OPTIONS /api/attendance/2026/2 200 0 - 0.093 ms","timestamp":"2026-02-25 14:57:41"}
{"level":"info","message":"GET /api/attendance/2026/2 304 - - 108.788 ms","timestamp":"2026-02-25 14:57:41"}
{"level":"info","message":"OPTIONS /api/attendance/2026/2 200 0 - 0.157 ms","timestamp":"2026-02-25 14:58:11"}
{"level":"info","message":"GET /api/attendance/2026/2 304 - - 124.310 ms","timestamp":"2026-02-25 14:58:11"}
{"level":"info","message":"OPTIONS /api/attendance/2026/2 200 0 - 0.167 ms","timestamp":"2026-02-25 14:58:41"}
{"level":"info","message":"GET /api/attendance/2026/2 304 - - 124.384 ms","timestamp":"2026-02-25 14:58:41"}
{"level":"info","message":"OPTIONS /api/attendance/2026/2 200 0 - 0.451 ms","timestamp":"2026-02-25 14:59:11"}
{"level":"info","message":"GET /api/attendance/2026/2 304 - - 139.591 ms","timestamp":"2026-02-25 14:59:11"}
{"level":"info","message":"OPTIONS /api/attendance/2026/2 200 0 - 0.178 ms","timestamp":"2026-02-25 14:59:41"}
{"level":"info","message":"GET /api/attendance/2026/2 304 - - 139.118 ms","timestamp":"2026-02-25 14:59:41"}
{"level":"info","message":"OPTIONS /api/attendance/2026/2 200 0 - 0.301 ms","timestamp":"2026-02-25 15:00:11"}
{"level":"info","message":"GET /api/attendance/2026/2 304 - - 139.310 ms","timestamp":"2026-02-25 15:00:11"}
{"level":"info","message":"OPTIONS /api/attendance/2026/2 200 0 - 0.171 ms","timestamp":"2026-02-25 15:00:41"}
{"level":"info","message":"GET /api/attendance/2026/2 304 - - 133.567 ms","timestamp":"2026-02-25 15:00:41"}
{"level":"info","message":"OPTIONS /api/attendance/2026/2 200 0 - 0.059 ms","timestamp":"2026-02-25 15:01:11"}
{"level":"info","message":"GET /api/attendance/2026/2 304 - - 133.576 ms","timestamp":"2026-02-25 15:01:11"}
{"level":"info","message":"OPTIONS /api/attendance/2026/2 200 0 - 0.160 ms","timestamp":"2026-02-25 15:01:41"}
{"level":"info","message":"GET /api/attendance/2026/2 304 - - 123.475 ms","timestamp":"2026-02-25 15:01:41"}
{"level":"info","message":"OPTIONS /api/attendance/2026/2 200 0 - 0.165 ms","timestamp":"2026-02-25 15:02:11"}
{"level":"info","message":"GET /api/attendance/2026/2 304 - - 125.764 ms","timestamp":"2026-02-25 15:02:11"}
{"level":"info","message":"OPTIONS /api/attendance/2026/2 200 0 - 0.175 ms","timestamp":"2026-02-25 15:02:41"}
{"level":"info","message":"GET /api/attendance/2026/2 304 - - 129.263 ms","timestamp":"2026-02-25 15:02:41"}
{"level":"info","message":"OPTIONS /api/attendance/2026/2 200 0 - 0.176 ms","timestamp":"2026-02-25 15:03:11"}
{"level":"info","message":"GET /api/attendance/2026/2 304 - - 136.569 ms","timestamp":"2026-02-25 15:03:11"}
{"level":"info","message":"OPTIONS /api/attendance/2026/2 200 0 - 0.050 ms","timestamp":"2026-02-25 15:03:41"}
{"level":"info","message":"GET /api/attendance/2026/2 304 - - 104.380 ms","timestamp":"2026-02-25 15:03:41"}
{"level":"info","message":"OPTIONS /api/attendance/2026/2 200 0 - 0.308 ms","timestamp":"2026-02-25 15:04:11"}
{"level":"info","message":"GET /api/attendance/2026/2 304 - - 138.519 ms","timestamp":"2026-02-25 15:04:11"}
{"level":"info","message":"OPTIONS /api/attendance/2026/2 200 0 - 0.086 ms","timestamp":"2026-02-25 15:04:41"}
{"level":"info","message":"GET /api/attendance/2026/2 304 - - 106.270 ms","timestamp":"2026-02-25 15:04:41"}
{"level":"info","message":"OPTIONS /api/attendance/2026/2 200 0 - 0.162 ms","timestamp":"2026-02-25 15:05:12"}
{"level":"info","message":"GET /api/attendance/2026/2 304 - - 117.753 ms","timestamp":"2026-02-25 15:05:12"}
{"level":"info","message":"OPTIONS /api/attendance/2026/2 200 0 - 0.159 ms","timestamp":"2026-02-25 15:05:42"}
{"level":"info","message":"GET /api/attendance/2026/2 304 - - 150.550 ms","timestamp":"2026-02-25 15:05:42"}
{"level":"info","message":"OPTIONS /api/attendance/2026/2 200 0 - 0.153 ms","timestamp":"2026-02-25 15:06:12"}
{"level":"info","message":"GET /api/attendance/2026/2 304 - - 127.344 ms","timestamp":"2026-02-25 15:06:12"}
{"level":"info","message":"OPTIONS /api/attendance/2026/2 200 0 - 0.149 ms","timestamp":"2026-02-25 15:06:42"}
{"level":"info","message":"GET /api/attendance/2026/2 304 - - 118.561 ms","timestamp":"2026-02-25 15:06:42"}
{"level":"info","message":"OPTIONS /api/attendance/2026/2 200 0 - 0.158 ms","timestamp":"2026-02-25 15:07:12"}
{"level":"info","message":"GET /api/attendance/2026/2 200 - - 131.675 ms","timestamp":"2026-02-25 15:07:12"}
{"level":"info","message":"OPTIONS /api/attendance/2026/2 200 0 - 0.182 ms","timestamp":"2026-02-25 15:07:42"}
{"level":"info","message":"GET /api/attendance/2026/2 200 - - 148.935 ms","timestamp":"2026-02-25 15:07:42"}
{"level":"info","message":"OPTIONS /api/attendance/2026/2 200 0 - 0.583 ms","timestamp":"2026-02-25 15:08:12"}
{"level":"info","message":"GET /api/attendance/2026/2 200 - - 130.877 ms","timestamp":"2026-02-25 15:08:12"}
{"level":"info","message":"OPTIONS /api/attendance/2026/2 200 0 - 0.161 ms","timestamp":"2026-02-25 15:08:42"}
{"level":"info","message":"GET /api/attendance/2026/2 304 - - 133.026 ms","timestamp":"2026-02-25 15:08:42"}
{"level":"info","message":"OPTIONS /api/attendance/2026/2 200 0 - 0.077 ms","timestamp":"2026-02-25 15:09:12"}
{"level":"info","message":"GET /api/attendance/2026/2 304 - - 126.933 ms","timestamp":"2026-02-25 15:09:12"}
{"level":"info","message":"OPTIONS /api/attendance/2026/2 200 0 - 0.095 ms","timestamp":"2026-02-25 15:09:42"}
{"level":"info","message":"GET /api/attendance/2026/2 304 - - 128.460 ms","timestamp":"2026-02-25 15:09:42"}
{"level":"info","message":"OPTIONS /api/attendance/2026/2 200 0 - 0.190 ms","timestamp":"2026-02-25 15:10:12"}
{"level":"info","message":"GET /api/attendance/2026/2 304 - - 133.490 ms","timestamp":"2026-02-25 15:10:12"}
{"level":"info","message":"OPTIONS /api/attendance/2026/2 200 0 - 0.162 ms","timestamp":"2026-02-25 15:10:42"}
{"level":"info","message":"GET /api/attendance/2026/2 304 - - 134.417 ms","timestamp":"2026-02-25 15:10:42"}
{"level":"info","message":"OPTIONS /api/attendance/2026/2 200 0 - 0.059 ms","timestamp":"2026-02-25 15:11:12"}
{"level":"info","message":"GET /api/attendance/2026/2 304 - - 122.779 ms","timestamp":"2026-02-25 15:11:12"}
{"level":"info","message":"OPTIONS /api/attendance/2026/2 200 0 - 0.159 ms","timestamp":"2026-02-25 15:11:42"}
{"level":"info","message":"GET /api/attendance/2026/2 304 - - 117.689 ms","timestamp":"2026-02-25 15:11:42"}
{"level":"info","message":"OPTIONS /api/attendance/2026/2 200 0 - 0.292 ms","timestamp":"2026-02-25 15:12:12"}
{"level":"info","message":"GET /api/attendance/2026/2 304 - - 123.866 ms","timestamp":"2026-02-25 15:12:12"}
{"level":"info","message":"OPTIONS /api/attendance/2026/2 200 0 - 0.175 ms","timestamp":"2026-02-25 15:12:42"}
{"level":"info","message":"GET /api/attendance/2026/2 304 - - 134.210 ms","timestamp":"2026-02-25 15:12:42"}
{"level":"info","message":"OPTIONS /api/attendance/2026/2 200 0 - 0.093 ms","timestamp":"2026-02-25 15:13:12"}
{"level":"info","message":"GET /api/attendance/2026/2 304 - - 135.062 ms","timestamp":"2026-02-25 15:13:12"}
{"level":"info","message":"OPTIONS /api/attendance/2026/2 200 0 - 0.166 ms","timestamp":"2026-02-25 15:13:42"}
{"level":"info","message":"GET /api/attendance/2026/2 304 - - 121.744 ms","timestamp":"2026-02-25 15:13:42"}
{"level":"info","message":"OPTIONS /api/attendance/2026/2 200 0 - 0.084 ms","timestamp":"2026-02-25 15:14:12"}
{"level":"info","message":"GET /api/attendance/2026/2 304 - - 129.881 ms","timestamp":"2026-02-25 15:14:12"}
{"level":"info","message":"OPTIONS /api/attendance/2026/2 200 0 - 0.085 ms","timestamp":"2026-02-25 15:14:42"}
{"level":"info","message":"GET /api/attendance/2026/2 304 - - 124.478 ms","timestamp":"2026-02-25 15:14:42"}
{"level":"info","message":"OPTIONS /api/attendance/2026/2 200 0 - 0.093 ms","timestamp":"2026-02-25 15:15:12"}
{"level":"info","message":"GET /api/attendance/2026/2 304 - - 116.144 ms","timestamp":"2026-02-25 15:15:12"}
{"level":"info","message":"OPTIONS /api/attendance/2026/2 200 0 - 0.180 ms","timestamp":"2026-02-25 15:15:42"}
{"level":"info","message":"GET /api/attendance/2026/2 304 - - 122.370 ms","timestamp":"2026-02-25 15:15:42"}
{"level":"info","message":"OPTIONS /api/attendance/2026/2 200 0 - 0.092 ms","timestamp":"2026-02-25 15:16:12"}
{"level":"info","message":"GET /api/attendance/2026/2 304 - - 105.366 ms","timestamp":"2026-02-25 15:16:12"}
{"level":"info","message":"OPTIONS /api/attendance/2026/2 200 0 - 0.136 ms","timestamp":"2026-02-25 15:16:42"}
{"level":"info","message":"GET /api/attendance/2026/2 304 - - 129.325 ms","timestamp":"2026-02-25 15:16:42"}
{"level":"info","message":"OPTIONS /api/attendance/2026/2 200 0 - 0.061 ms","timestamp":"2026-02-25 15:17:12"}
{"level":"info","message":"GET /api/attendance/2026/2 304 - - 106.404 ms","timestamp":"2026-02-25 15:17:12"}
{"level":"info","message":"OPTIONS /api/attendance/2026/2 200 0 - 0.087 ms","timestamp":"2026-02-25 15:17:42"}
{"level":"info","message":"GET /api/attendance/2026/2 304 - - 143.012 ms","timestamp":"2026-02-25 15:17:42"}
{"level":"info","message":"OPTIONS /api/tasks 200 0 - 0.088 ms","timestamp":"2026-02-25 15:18:01"}
{"level":"info","message":"GET /api/tasks 304 - - 93.909 ms","timestamp":"2026-02-25 15:18:01"}
{"level":"info","message":"OPTIONS /api/attendance/2026/2 200 0 - 0.073 ms","timestamp":"2026-02-25 15:18:12"}
{"level":"info","message":"GET /api/attendance/2026/2 304 - - 106.918 ms","timestamp":"2026-02-25 15:18:12"}
{"level":"info","message":"OPTIONS /api/tasks 200 0 - 0.142 ms","timestamp":"2026-02-25 15:18:14"}
{"level":"info","message":"GET /api/tasks 304 - - 98.448 ms","timestamp":"2026-02-25 15:18:14"}
{"level":"info","message":"OPTIONS /api/attendance/2026/2 200 0 - 0.059 ms","timestamp":"2026-02-25 15:18:42"}
{"level":"info","message":"GET /api/attendance/2026/2 304 - - 116.694 ms","timestamp":"2026-02-25 15:18:42"}
{"level":"info","message":"OPTIONS /api/attendance/2026/2 200 0 - 0.418 ms","timestamp":"2026-02-25 15:19:12"}
{"level":"info","message":"GET /api/attendance/2026/2 304 - - 126.182 ms","timestamp":"2026-02-25 15:19:13"}
{"level":"info","message":"OPTIONS /api/attendance/2026/2 200 0 - 0.162 ms","timestamp":"2026-02-25 15:19:43"}
{"level":"info","message":"GET /api/attendance/2026/2 304 - - 136.981 ms","timestamp":"2026-02-25 15:19:43"}
{"level":"info","message":"OPTIONS /api/attendance/2026/2 200 0 - 0.091 ms","timestamp":"2026-02-25 15:20:13"}
{"level":"info","message":"GET /api/attendance/2026/2 304 - - 115.312 ms","timestamp":"2026-02-25 15:20:13"}
{"level":"info","message":"OPTIONS /api/attendance/2026/2 200 0 - 0.080 ms","timestamp":"2026-02-25 15:20:43"}
{"level":"info","message":"GET /api/attendance/2026/2 304 - - 129.372 ms","timestamp":"2026-02-25 15:20:43"}
{"level":"info","message":"OPTIONS /api/attendance/2026/2 200 0 - 0.175 ms","timestamp":"2026-02-25 15:21:13"}
{"level":"info","message":"GET /api/attendance/2026/2 304 - - 113.017 ms","timestamp":"2026-02-25 15:21:13"}
{"level":"info","message":"OPTIONS /api/attendance/2026/2 200 0 - 0.148 ms","timestamp":"2026-02-25 15:21:43"}
{"level":"info","message":"GET /api/attendance/2026/2 304 - - 109.593 ms","timestamp":"2026-02-25 15:21:43"}
{"level":"info","message":"OPTIONS /api/attendance/2026/2 200 0 - 0.053 ms","timestamp":"2026-02-25 15:22:13"}
{"level":"info","message":"GET /api/attendance/2026/2 304 - - 107.281 ms","timestamp":"2026-02-25 15:22:13"}
{"level":"info","message":"OPTIONS /api/users/68fcc5bfb85c2281711925bb 200 0 - 0.056 ms","timestamp":"2026-02-25 15:22:21"}
{"level":"info","message":"OPTIONS /api/users 200 0 - 0.040 ms","timestamp":"2026-02-25 15:22:21"}
{"level":"info","message":"PUT /api/users/68fcc5bfb85c2281711925bb 200 - - 62.208 ms","timestamp":"2026-02-25 15:22:21"}
{"level":"info","message":"GET /api/users 200 - - 140.674 ms","timestamp":"2026-02-25 15:22:21"}
{"level":"info","message":"GET /api/users 200 - - 124.683 ms","timestamp":"2026-02-25 15:22:22"}
{"level":"info","message":"OPTIONS /api/attendance/2026/2 200 0 - 0.192 ms","timestamp":"2026-02-25 15:22:43"}
{"level":"info","message":"GET /api/attendance/2026/2 304 - - 124.032 ms","timestamp":"2026-02-25 15:22:43"}
{"level":"info","message":"OPTIONS /api/attendance/2026/2 200 0 - 0.119 ms","timestamp":"2026-02-25 15:23:13"}
{"level":"info","message":"GET /api/attendance/2026/2 304 - - 112.394 ms","timestamp":"2026-02-25 15:23:13"}
{"level":"info","message":"OPTIONS /api/attendance/2026/2 200 0 - 0.056 ms","timestamp":"2026-02-25 15:23:43"}
{"level":"info","message":"GET /api/attendance/2026/2 304 - - 105.317 ms","timestamp":"2026-02-25 15:23:43"}
{"level":"info","message":"OPTIONS /api/attendance/2026/2 200 0 - 0.094 ms","timestamp":"2026-02-25 15:24:13"}
{"level":"info","message":"GET /api/attendance/2026/2 304 - - 108.682 ms","timestamp":"2026-02-25 15:24:13"}
{"level":"info","message":"OPTIONS /api/attendance/2026/2 200 0 - 0.169 ms","timestamp":"2026-02-25 15:24:43"}
{"level":"info","message":"GET /api/attendance/2026/2 304 - - 110.350 ms","timestamp":"2026-02-25 15:24:43"}
{"level":"info","message":"OPTIONS /api/attendance/2026/2 200 0 - 0.061 ms","timestamp":"2026-02-25 15:25:13"}
{"level":"info","message":"GET /api/attendance/2026/2 304 - - 108.164 ms","timestamp":"2026-02-25 15:25:13"}
{"level":"info","message":"OPTIONS /api/attendance/2026/2 200 0 - 0.061 ms","timestamp":"2026-02-25 15:25:43"}
{"level":"info","message":"GET /api/attendance/2026/2 304 - - 123.836 ms","timestamp":"2026-02-25 15:25:43"}
{"level":"info","message":"OPTIONS /api/attendance/2026/2 200 0 - 0.198 ms","timestamp":"2026-02-25 15:26:13"}
{"level":"info","message":"GET /api/attendance/2026/2 304 - - 108.699 ms","timestamp":"2026-02-25 15:26:13"}
{"level":"info","message":"OPTIONS /api/attendance/2026/2 200 0 - 0.088 ms","timestamp":"2026-02-25 15:26:43"}
{"level":"info","message":"GET /api/attendance/2026/2 304 - - 107.960 ms","timestamp":"2026-02-25 15:26:43"}
{"level":"info","message":"OPTIONS /api/attendance/2026/2 200 0 - 0.089 ms","timestamp":"2026-02-25 15:27:13"}
{"level":"info","message":"GET /api/attendance/2026/2 304 - - 124.900 ms","timestamp":"2026-02-25 15:27:13"}
{"level":"info","message":"OPTIONS /api/attendance/2026/2 200 0 - 0.309 ms","timestamp":"2026-02-25 15:27:43"}
{"level":"info","message":"GET /api/attendance/2026/2 304 - - 108.279 ms","timestamp":"2026-02-25 15:27:43"}
{"level":"info","message":"OPTIONS /api/attendance/2026/2 200 0 - 0.191 ms","timestamp":"2026-02-25 15:28:13"}
{"level":"info","message":"GET /api/attendance/2026/2 304 - - 109.727 ms","timestamp":"2026-02-25 15:28:13"}
{"level":"info","message":"OPTIONS /api/attendance/2026/2 200 0 - 0.097 ms","timestamp":"2026-02-25 15:28:43"}
{"level":"info","message":"GET /api/attendance/2026/2 304 - - 114.541 ms","timestamp":"2026-02-25 15:28:43"}
{"level":"info","message":"OPTIONS /api/attendance/2026/2 200 0 - 0.082 ms","timestamp":"2026-02-25 15:29:13"}
{"level":"info","message":"GET /api/attendance/2026/2 304 - - 109.299 ms","timestamp":"2026-02-25 15:29:13"}
{"level":"info","message":"OPTIONS /api/attendance/2026/2 200 0 - 0.164 ms","timestamp":"2026-02-25 15:29:43"}
{"level":"info","message":"GET /api/attendance/2026/2 304 - - 108.727 ms","timestamp":"2026-02-25 15:29:43"}
{"level":"info","message":"OPTIONS /api/attendance/2026/2 200 0 - 0.066 ms","timestamp":"2026-02-25 15:30:13"}
{"level":"info","message":"GET /api/attendance/2026/2 304 - - 107.157 ms","timestamp":"2026-02-25 15:30:13"}
{"level":"info","message":"OPTIONS /api/attendance/2026/2 200 0 - 0.080 ms","timestamp":"2026-02-25 15:30:43"}
{"level":"info","message":"GET /api/attendance/2026/2 304 - - 116.425 ms","timestamp":"2026-02-25 15:30:43"}
{"level":"info","message":"OPTIONS /api/attendance/2026/2 200 0 - 0.065 ms","timestamp":"2026-02-25 15:31:13"}
{"level":"info","message":"GET /api/attendance/2026/2 304 - - 185.412 ms","timestamp":"2026-02-25 15:31:13"}
{"level":"info","message":"OPTIONS /api/attendance/2026/2 200 0 - 0.072 ms","timestamp":"2026-02-25 15:31:43"}
{"level":"info","message":"GET /api/attendance/2026/2 304 - - 157.516 ms","timestamp":"2026-02-25 15:31:43"}
{"level":"info","message":"OPTIONS /api/attendance/2026/2 200 0 - 0.066 ms","timestamp":"2026-02-25 15:32:13"}
{"level":"info","message":"GET /api/attendance/2026/2 304 - - 106.822 ms","timestamp":"2026-02-25 15:32:13"}
{"level":"info","message":"OPTIONS /api/attendance/2026/2 200 0 - 0.058 ms","timestamp":"2026-02-25 15:32:43"}
{"level":"info","message":"GET /api/attendance/2026/2 304 - - 110.958 ms","timestamp":"2026-02-25 15:32:43"}
{"level":"info","message":"OPTIONS /api/attendance/2026/2 200 0 - 0.180 ms","timestamp":"2026-02-25 15:33:13"}
{"level":"info","message":"GET /api/attendance/2026/2 304 - - 112.477 ms","timestamp":"2026-02-25 15:33:13"}
{"level":"info","message":"OPTIONS /api/attendance/2026/2 200 0 - 0.168 ms","timestamp":"2026-02-25 15:33:43"}
{"level":"info","message":"GET /api/attendance/2026/2 304 - - 112.596 ms","timestamp":"2026-02-25 15:33:43"}
{"level":"info","message":"OPTIONS /api/attendance/2026/2 200 0 - 0.086 ms","timestamp":"2026-02-25 15:34:13"}
{"level":"info","message":"GET /api/attendance/2026/2 304 - - 106.409 ms","timestamp":"2026-02-25 15:34:13"}
{"level":"info","message":"OPTIONS /api/attendance/2026/2 200 0 - 0.086 ms","timestamp":"2026-02-25 15:34:43"}
{"level":"info","message":"GET /api/attendance/2026/2 304 - - 109.090 ms","timestamp":"2026-02-25 15:34:43"}
{"level":"info","message":"OPTIONS /api/attendance/2026/2 200 0 - 0.079 ms","timestamp":"2026-02-25 15:35:13"}
{"level":"info","message":"GET /api/attendance/2026/2 304 - - 110.629 ms","timestamp":"2026-02-25 15:35:13"}
{"level":"info","message":"OPTIONS /api/attendance/2026/2 200 0 - 0.069 ms","timestamp":"2026-02-25 15:35:43"}
{"level":"info","message":"GET /api/attendance/2026/2 304 - - 106.167 ms","timestamp":"2026-02-25 15:35:43"}
{"level":"info","message":"OPTIONS /api/attendance/2026/2 200 0 - 0.145 ms","timestamp":"2026-02-25 15:36:13"}
{"level":"info","message":"GET /api/attendance/2026/2 304 - - 112.296 ms","timestamp":"2026-02-25 15:36:13"}
{"level":"info","message":"OPTIONS /api/attendance/2026/2 200 0 - 0.076 ms","timestamp":"2026-02-25 15:36:43"}
{"level":"info","message":"GET /api/attendance/2026/2 304 - - 106.661 ms","timestamp":"2026-02-25 15:36:43"}
{"level":"info","message":"OPTIONS /api/attendance/2026/2 200 0 - 0.062 ms","timestamp":"2026-02-25 15:37:13"}
{"level":"info","message":"GET /api/attendance/2026/2 304 - - 107.981 ms","timestamp":"2026-02-25 15:37:13"}
{"level":"info","message":"OPTIONS /api/attendance/2026/2 200 0 - 0.160 ms","timestamp":"2026-02-25 15:37:43"}
{"level":"info","message":"GET /api/attendance/2026/2 304 - - 108.087 ms","timestamp":"2026-02-25 15:37:43"}
{"level":"info","message":"OPTIONS /api/attendance/2026/2 200 0 - 0.101 ms","timestamp":"2026-02-25 15:38:13"}
{"level":"info","message":"GET /api/attendance/2026/2 304 - - 108.524 ms","timestamp":"2026-02-25 15:38:13"}
{"level":"info","message":"OPTIONS /api/attendance/2026/2 200 0 - 0.097 ms","timestamp":"2026-02-25 15:38:43"}
{"level":"info","message":"GET /api/attendance/2026/2 304 - - 107.109 ms","timestamp":"2026-02-25 15:38:43"}
{"level":"info","message":"OPTIONS /api/attendance/2026/2 200 0 - 0.053 ms","timestamp":"2026-02-25 15:39:13"}
{"level":"info","message":"GET /api/attendance/2026/2 304 - - 113.259 ms","timestamp":"2026-02-25 15:39:13"}
{"level":"info","message":"OPTIONS /api/attendance/2026/2 200 0 - 0.059 ms","timestamp":"2026-02-25 15:39:43"}
{"level":"info","message":"GET /api/attendance/2026/2 304 - - 114.222 ms","timestamp":"2026-02-25 15:39:43"}
{"level":"info","message":"OPTIONS /api/attendance/2026/2 200 0 - 0.087 ms","timestamp":"2026-02-25 15:40:13"}
{"level":"info","message":"GET /api/attendance/2026/2 304 - - 123.261 ms","timestamp":"2026-02-25 15:40:13"}
{"level":"info","message":"OPTIONS /api/attendance/2026/2 200 0 - 0.079 ms","timestamp":"2026-02-25 15:40:43"}
{"level":"info","message":"GET /api/attendance/2026/2 304 - - 108.257 ms","timestamp":"2026-02-25 15:40:43"}
{"level":"info","message":"OPTIONS /api/attendance/2026/2 200 0 - 0.059 ms","timestamp":"2026-02-25 15:41:13"}
{"level":"info","message":"GET /api/attendance/2026/2 304 - - 115.853 ms","timestamp":"2026-02-25 15:41:13"}
{"level":"info","message":"OPTIONS /api/attendance/2026/2 200 0 - 0.194 ms","timestamp":"2026-02-25 15:41:43"}
{"level":"info","message":"GET /api/attendance/2026/2 304 - - 113.517 ms","timestamp":"2026-02-25 15:41:43"}
{"level":"info","message":"OPTIONS /api/attendance/2026/2 200 0 - 0.107 ms","timestamp":"2026-02-25 15:42:13"}
{"level":"info","message":"GET /api/attendance/2026/2 304 - - 108.652 ms","timestamp":"2026-02-25 15:42:13"}
{"level":"info","message":"OPTIONS /api/attendance/2026/2 200 0 - 0.083 ms","timestamp":"2026-02-25 15:42:43"}
{"level":"info","message":"GET /api/attendance/2026/2 304 - - 108.169 ms","timestamp":"2026-02-25 15:42:43"}
{"level":"info","message":"OPTIONS /api/attendance/2026/2 200 0 - 0.122 ms","timestamp":"2026-02-25 15:43:13"}
{"level":"info","message":"GET /api/attendance/2026/2 304 - - 109.783 ms","timestamp":"2026-02-25 15:43:13"}
{"level":"info","message":"OPTIONS /api/attendance/2026/2 200 0 - 0.097 ms","timestamp":"2026-02-25 15:43:43"}
{"level":"info","message":"GET /api/attendance/2026/2 304 - - 119.358 ms","timestamp":"2026-02-25 15:43:43"}
{"level":"info","message":"OPTIONS /api/attendance/2026/2 200 0 - 0.130 ms","timestamp":"2026-02-25 15:44:13"}
{"level":"info","message":"GET /api/attendance/2026/2 304 - - 108.384 ms","timestamp":"2026-02-25 15:44:13"}
{"level":"info","message":"OPTIONS /api/attendance/2026/2 200 0 - 0.087 ms","timestamp":"2026-02-25 15:44:43"}
{"level":"info","message":"GET /api/attendance/2026/2 304 - - 111.870 ms","timestamp":"2026-02-25 15:44:43"}
{"level":"info","message":"OPTIONS /api/attendance/2026/2 200 0 - 0.076 ms","timestamp":"2026-02-25 15:45:13"}
{"level":"info","message":"GET /api/attendance/2026/2 304 - - 107.664 ms","timestamp":"2026-02-25 15:45:13"}
{"level":"info","message":"OPTIONS /api/attendance/2026/2 200 0 - 0.208 ms","timestamp":"2026-02-25 15:45:43"}
{"level":"info","message":"GET /api/attendance/2026/2 304 - - 109.810 ms","timestamp":"2026-02-25 15:45:43"}
{"level":"info","message":"OPTIONS /api/attendance/2026/2 200 0 - 0.053 ms","timestamp":"2026-02-25 15:46:13"}
{"level":"info","message":"GET /api/attendance/2026/2 304 - - 110.250 ms","timestamp":"2026-02-25 15:46:13"}
{"level":"info","message":"OPTIONS /api/attendance/2026/2 200 0 - 0.140 ms","timestamp":"2026-02-25 15:46:43"}
{"level":"info","message":"GET /api/attendance/2026/2 304 - - 119.346 ms","timestamp":"2026-02-25 15:46:43"}
{"level":"info","message":"OPTIONS /api/attendance/2026/2 200 0 - 0.047 ms","timestamp":"2026-02-25 15:47:13"}
{"level":"info","message":"GET /api/attendance/2026/2 304 - - 109.941 ms","timestamp":"2026-02-25 15:47:13"}
{"level":"info","message":"OPTIONS /api/attendance/2026/2 200 0 - 0.094 ms","timestamp":"2026-02-25 15:47:43"}
{"level":"info","message":"GET /api/attendance/2026/2 304 - - 109.575 ms","timestamp":"2026-02-25 15:47:43"}
{"level":"info","message":"OPTIONS /api/attendance/2026/2 200 0 - 0.053 ms","timestamp":"2026-02-25 15:48:13"}
{"level":"info","message":"GET /api/attendance/2026/2 304 - - 106.714 ms","timestamp":"2026-02-25 15:48:13"}
{"level":"info","message":"OPTIONS /api/attendance/2026/2 200 0 - 0.051 ms","timestamp":"2026-02-25 15:48:43"}
{"level":"info","message":"GET /api/attendance/2026/2 304 - - 109.956 ms","timestamp":"2026-02-25 15:48:43"}
{"level":"info","message":"OPTIONS /api/attendance/2026/2 200 0 - 0.065 ms","timestamp":"2026-02-25 15:49:13"}
{"level":"info","message":"GET /api/attendance/2026/2 304 - - 105.884 ms","timestamp":"2026-02-25 15:49:13"}
{"level":"info","message":"OPTIONS /api/attendance/2026/2 200 0 - 0.144 ms","timestamp":"2026-02-25 15:49:43"}
{"level":"info","message":"GET /api/attendance/2026/2 304 - - 107.001 ms","timestamp":"2026-02-25 15:49:43"}
{"level":"info","message":"OPTIONS /api/attendance/2026/2 200 0 - 0.062 ms","timestamp":"2026-02-25 15:50:13"}
{"level":"info","message":"GET /api/attendance/2026/2 304 - - 106.531 ms","timestamp":"2026-02-25 15:50:13"}
{"level":"info","message":"OPTIONS /api/attendance/2026/2 200 0 - 0.098 ms","timestamp":"2026-02-25 15:50:43"}
{"level":"info","message":"GET /api/attendance/2026/2 304 - - 109.388 ms","timestamp":"2026-02-25 15:50:43"}
{"level":"info","message":"OPTIONS /api/attendance/2026/2 200 0 - 0.079 ms","timestamp":"2026-02-25 15:51:13"}
{"level":"info","message":"GET /api/attendance/2026/2 304 - - 130.319 ms","timestamp":"2026-02-25 15:51:13"}
{"level":"info","message":"OPTIONS /api/attendance/2026/2 200 0 - 0.119 ms","timestamp":"2026-02-25 15:51:43"}
{"level":"info","message":"GET /api/attendance/2026/2 304 - - 121.254 ms","timestamp":"2026-02-25 15:51:43"}
{"level":"info","message":"OPTIONS /api/attendance/2026/2 200 0 - 0.095 ms","timestamp":"2026-02-25 15:52:13"}
{"level":"info","message":"GET /api/attendance/2026/2 304 - - 116.216 ms","timestamp":"2026-02-25 15:52:13"}
{"level":"info","message":"OPTIONS /api/attendance/2026/2 200 0 - 0.070 ms","timestamp":"2026-02-25 15:52:43"}
{"level":"info","message":"GET /api/attendance/2026/2 304 - - 116.786 ms","timestamp":"2026-02-25 15:52:43"}
{"level":"info","message":"OPTIONS /api/attendance/2026/2 200 0 - 0.063 ms","timestamp":"2026-02-25 15:53:13"}
{"level":"info","message":"GET /api/attendance/2026/2 304 - - 111.187 ms","timestamp":"2026-02-25 15:53:13"}
{"level":"info","message":"OPTIONS /api/attendance/2026/2 200 0 - 0.227 ms","timestamp":"2026-02-25 15:53:43"}
{"level":"info","message":"GET /api/attendance/2026/2 304 - - 110.462 ms","timestamp":"2026-02-25 15:53:43"}
{"level":"info","message":"OPTIONS /api/attendance/2026/2 200 0 - 0.046 ms","timestamp":"2026-02-25 15:54:13"}
{"level":"info","message":"GET /api/attendance/2026/2 304 - - 106.242 ms","timestamp":"2026-02-25 15:54:13"}
{"level":"info","message":"OPTIONS /api/attendance/2026/2 200 0 - 0.081 ms","timestamp":"2026-02-25 15:54:43"}
{"level":"info","message":"GET /api/attendance/2026/2 304 - - 139.238 ms","timestamp":"2026-02-25 15:54:44"}
{"level":"info","message":"OPTIONS /api/attendance/2026/2 200 0 - 0.240 ms","timestamp":"2026-02-25 15:55:13"}
{"level":"info","message":"GET /api/attendance/2026/2 304 - - 113.840 ms","timestamp":"2026-02-25 15:55:14"}
{"level":"info","message":"OPTIONS /api/attendance/2026/2 200 0 - 0.105 ms","timestamp":"2026-02-25 15:55:43"}
{"level":"info","message":"GET /api/attendance/2026/2 304 - - 121.122 ms","timestamp":"2026-02-25 15:55:44"}
{"level":"info","message":"OPTIONS /api/attendance/2026/2 200 0 - 0.101 ms","timestamp":"2026-02-25 15:56:13"}
{"level":"info","message":"GET /api/attendance/2026/2 304 - - 128.528 ms","timestamp":"2026-02-25 15:56:14"}
{"level":"info","message":"OPTIONS /api/attendance/2026/2 200 0 - 0.058 ms","timestamp":"2026-02-25 15:56:43"}
{"level":"info","message":"GET /api/attendance/2026/2 304 - - 108.411 ms","timestamp":"2026-02-25 15:56:44"}
{"level":"info","message":"OPTIONS /api/attendance/2026/2 200 0 - 0.122 ms","timestamp":"2026-02-25 15:57:13"}
{"level":"info","message":"GET /api/attendance/2026/2 304 - - 111.916 ms","timestamp":"2026-02-25 15:57:14"}
{"level":"info","message":"OPTIONS /api/attendance/2026/2 200 0 - 0.061 ms","timestamp":"2026-02-25 15:57:43"}
{"level":"info","message":"GET /api/attendance/2026/2 304 - - 115.654 ms","timestamp":"2026-02-25 15:57:44"}
{"level":"info","message":"OPTIONS /api/attendance/2026/2 200 0 - 0.153 ms","timestamp":"2026-02-25 15:58:13"}
{"level":"info","message":"GET /api/attendance/2026/2 304 - - 112.045 ms","timestamp":"2026-02-25 15:58:14"}
{"level":"info","message":"OPTIONS /api/attendance/2026/2 200 0 - 0.060 ms","timestamp":"2026-02-25 15:58:43"}
{"level":"info","message":"GET /api/attendance/2026/2 304 - - 108.810 ms","timestamp":"2026-02-25 15:58:44"}
{"level":"info","message":"OPTIONS /api/attendance/2026/2 200 0 - 0.075 ms","timestamp":"2026-02-25 15:59:13"}
{"level":"info","message":"GET /api/attendance/2026/2 304 - - 110.241 ms","timestamp":"2026-02-25 15:59:14"}
{"level":"info","message":"OPTIONS /api/attendance/2026/2 200 0 - 0.165 ms","timestamp":"2026-02-25 15:59:44"}
{"level":"info","message":"GET /api/attendance/2026/2 304 - - 146.973 ms","timestamp":"2026-02-25 15:59:44"}
{"level":"info","message":"OPTIONS /api/attendance/2026/2 200 0 - 0.093 ms","timestamp":"2026-02-25 16:00:14"}
{"level":"info","message":"GET /api/attendance/2026/2 304 - - 112.619 ms","timestamp":"2026-02-25 16:00:14"}
{"level":"info","message":"OPTIONS /api/attendance/2026/2 200 0 - 0.213 ms","timestamp":"2026-02-25 16:00:44"}
{"level":"info","message":"GET /api/attendance/2026/2 304 - - 132.905 ms","timestamp":"2026-02-25 16:00:44"}
{"level":"info","message":"OPTIONS /api/attendance/2026/2 200 0 - 0.048 ms","timestamp":"2026-02-25 16:01:14"}
{"level":"info","message":"GET /api/attendance/2026/2 304 - - 106.711 ms","timestamp":"2026-02-25 16:01:14"}
{"level":"info","message":"OPTIONS /api/attendance/2026/2 200 0 - 0.049 ms","timestamp":"2026-02-25 16:01:44"}
{"level":"info","message":"GET /api/attendance/2026/2 304 - - 106.451 ms","timestamp":"2026-02-25 16:01:44"}
{"level":"info","message":"OPTIONS /api/attendance/2026/2 200 0 - 0.059 ms","timestamp":"2026-02-25 16:02:14"}
{"level":"info","message":"GET /api/attendance/2026/2 304 - - 107.317 ms","timestamp":"2026-02-25 16:02:14"}
{"level":"info","message":"OPTIONS /api/attendance/2026/2 200 0 - 0.066 ms","timestamp":"2026-02-25 16:02:44"}
{"level":"info","message":"GET /api/attendance/2026/2 304 - - 107.486 ms","timestamp":"2026-02-25 16:02:44"}
{"level":"info","message":"OPTIONS /api/attendance/2026/2 200 0 - 0.066 ms","timestamp":"2026-02-25 16:03:14"}
{"level":"info","message":"GET /api/attendance/2026/2 304 - - 113.439 ms","timestamp":"2026-02-25 16:03:14"}
{"level":"info","message":"OPTIONS /api/attendance/2026/2 200 0 - 0.199 ms","timestamp":"2026-02-25 16:03:44"}
{"level":"info","message":"GET /api/attendance/2026/2 304 - - 135.407 ms","timestamp":"2026-02-25 16:03:44"}
{"level":"info","message":"OPTIONS /api/attendance/2026/2 200 0 - 0.420 ms","timestamp":"2026-02-25 16:04:14"}
{"level":"info","message":"GET /api/attendance/2026/2 304 - - 155.181 ms","timestamp":"2026-02-25 16:04:14"}
{"level":"info","message":"OPTIONS /api/attendance/2026/2 200 0 - 0.174 ms","timestamp":"2026-02-25 16:04:44"}
{"level":"info","message":"GET /api/attendance/2026/2 304 - - 146.713 ms","timestamp":"2026-02-25 16:04:44"}
{"level":"info","message":"OPTIONS /api/attendance/2026/2 200 0 - 0.298 ms","timestamp":"2026-02-25 16:05:14"}
{"level":"info","message":"GET /api/attendance/2026/2 304 - - 149.994 ms","timestamp":"2026-02-25 16:05:14"}
{"level":"info","message":"OPTIONS /api/attendance/2026/2 200 0 - 0.173 ms","timestamp":"2026-02-25 16:05:44"}
{"level":"info","message":"GET /api/attendance/2026/2 304 - - 139.446 ms","timestamp":"2026-02-25 16:05:44"}
{"level":"info","message":"OPTIONS /api/attendance/2026/2 200 0 - 0.158 ms","timestamp":"2026-02-25 16:06:14"}
{"level":"info","message":"GET /api/attendance/2026/2 304 - - 144.618 ms","timestamp":"2026-02-25 16:06:14"}
{"level":"info","message":"OPTIONS /api/attendance/2026/2 200 0 - 0.066 ms","timestamp":"2026-02-25 16:06:44"}
{"level":"info","message":"GET /api/attendance/2026/2 304 - - 117.133 ms","timestamp":"2026-02-25 16:06:44"}
{"level":"info","message":"OPTIONS /api/attendance/2026/2 200 0 - 0.177 ms","timestamp":"2026-02-25 16:07:14"}
{"level":"info","message":"GET /api/attendance/2026/2 304 - - 147.124 ms","timestamp":"2026-02-25 16:07:14"}
{"level":"info","message":"OPTIONS /api/attendance/2026/2 200 0 - 0.419 ms","timestamp":"2026-02-25 16:07:44"}
{"level":"info","message":"GET /api/attendance/2026/2 304 - - 149.636 ms","timestamp":"2026-02-25 16:07:44"}
{"level":"info","message":"OPTIONS /api/attendance/2026/2 200 0 - 0.216 ms","timestamp":"2026-02-25 16:08:14"}
{"level":"info","message":"GET /api/attendance/2026/2 304 - - 147.602 ms","timestamp":"2026-02-25 16:08:14"}
{"level":"info","message":"OPTIONS /api/attendance/2026/2 200 0 - 0.093 ms","timestamp":"2026-02-25 16:08:44"}
{"level":"info","message":"GET /api/attendance/2026/2 304 - - 168.568 ms","timestamp":"2026-02-25 16:08:44"}
{"level":"info","message":"OPTIONS /api/attendance/2026/2 200 0 - 0.113 ms","timestamp":"2026-02-25 16:09:14"}
{"level":"info","message":"GET /api/attendance/2026/2 304 - - 131.970 ms","timestamp":"2026-02-25 16:09:14"}
{"level":"info","message":"OPTIONS /api/attendance/2026/2 200 0 - 0.119 ms","timestamp":"2026-02-25 16:09:44"}
{"level":"info","message":"GET /api/attendance/2026/2 304 - - 105.953 ms","timestamp":"2026-02-25 16:09:44"}
{"level":"info","message":"OPTIONS /api/attendance/2026/2 200 0 - 0.163 ms","timestamp":"2026-02-25 16:10:14"}
{"level":"info","message":"GET /api/attendance/2026/2 304 - - 139.161 ms","timestamp":"2026-02-25 16:10:14"}
{"level":"info","message":"OPTIONS /api/attendance/2026/2 200 0 - 0.109 ms","timestamp":"2026-02-25 16:10:44"}
{"level":"info","message":"GET /api/attendance/2026/2 304 - - 111.082 ms","timestamp":"2026-02-25 16:10:44"}
{"level":"info","message":"OPTIONS /api/attendance/2026/2 200 0 - 0.165 ms","timestamp":"2026-02-25 16:11:14"}
{"level":"info","message":"GET /api/attendance/2026/2 304 - - 112.830 ms","timestamp":"2026-02-25 16:11:14"}
{"level":"info","message":"OPTIONS /api/attendance/2026/2 200 0 - 0.129 ms","timestamp":"2026-02-25 16:11:44"}
{"level":"info","message":"GET /api/attendance/2026/2 304 - - 106.529 ms","timestamp":"2026-02-25 16:11:44"}
{"level":"info","message":"OPTIONS /api/attendance/2026/2 200 0 - 0.109 ms","timestamp":"2026-02-25 16:12:14"}
{"level":"info","message":"GET /api/attendance/2026/2 304 - - 127.737 ms","timestamp":"2026-02-25 16:12:14"}
{"level":"info","message":"OPTIONS /api/attendance/2026/2 200 0 - 0.160 ms","timestamp":"2026-02-25 16:12:44"}
{"level":"info","message":"GET /api/attendance/2026/2 304 - - 129.035 ms","timestamp":"2026-02-25 16:12:44"}
{"level":"info","message":"OPTIONS /api/attendance/2026/2 200 0 - 0.167 ms","timestamp":"2026-02-25 16:13:14"}
{"level":"info","message":"GET /api/attendance/2026/2 304 - - 132.976 ms","timestamp":"2026-02-25 16:13:14"}
{"level":"info","message":"OPTIONS /api/attendance/2026/2 200 0 - 0.054 ms","timestamp":"2026-02-25 16:13:44"}
{"level":"info","message":"GET /api/attendance/2026/2 304 - - 117.826 ms","timestamp":"2026-02-25 16:13:44"}
{"level":"info","message":"OPTIONS /api/attendance/2026/2 200 0 - 0.155 ms","timestamp":"2026-02-25 16:14:14"}
{"level":"info","message":"GET /api/attendance/2026/2 304 - - 137.026 ms","timestamp":"2026-02-25 16:14:14"}
{"level":"info","message":"OPTIONS /api/attendance/2026/2 200 0 - 0.080 ms","timestamp":"2026-02-25 16:14:44"}
{"level":"info","message":"GET /api/attendance/2026/2 304 - - 110.822 ms","timestamp":"2026-02-25 16:14:44"}
{"level":"info","message":"OPTIONS /api/attendance/2026/2 200 0 - 0.104 ms","timestamp":"2026-02-25 16:15:14"}
{"level":"info","message":"GET /api/attendance/2026/2 304 - - 111.870 ms","timestamp":"2026-02-25 16:15:14"}
{"level":"info","message":"OPTIONS /api/attendance/2026/2 200 0 - 0.105 ms","timestamp":"2026-02-25 16:15:44"}
{"level":"info","message":"GET /api/attendance/2026/2 200 - - 142.705 ms","timestamp":"2026-02-25 16:15:44"}
{"level":"info","message":"OPTIONS /api/attendance/2026/2 200 0 - 0.166 ms","timestamp":"2026-02-25 16:16:14"}
{"level":"info","message":"GET /api/attendance/2026/2 304 - - 125.150 ms","timestamp":"2026-02-25 16:16:14"}
{"level":"info","message":"OPTIONS /api/attendance/2026/2 200 0 - 0.048 ms","timestamp":"2026-02-25 16:16:44"}
{"level":"info","message":"GET /api/attendance/2026/2 304 - - 111.501 ms","timestamp":"2026-02-25 16:16:44"}
{"level":"info","message":"OPTIONS /api/attendance/2026/2 200 0 - 0.152 ms","timestamp":"2026-02-25 16:17:14"}
{"level":"info","message":"GET /api/attendance/2026/2 304 - - 113.791 ms","timestamp":"2026-02-25 16:17:14"}
{"level":"info","message":"OPTIONS /api/attendance/2026/2 200 0 - 0.053 ms","timestamp":"2026-02-25 16:17:44"}
{"level":"info","message":"GET /api/attendance/2026/2 304 - - 110.697 ms","timestamp":"2026-02-25 16:17:44"}
{"level":"info","message":"OPTIONS /api/attendance/2026/2 200 0 - 0.182 ms","timestamp":"2026-02-25 16:18:14"}
{"level":"info","message":"GET /api/attendance/2026/2 304 - - 118.485 ms","timestamp":"2026-02-25 16:18:14"}
{"level":"info","message":"OPTIONS /api/attendance/2026/2 200 0 - 0.075 ms","timestamp":"2026-02-25 16:18:44"}
{"level":"info","message":"GET /api/attendance/2026/2 304 - - 106.726 ms","timestamp":"2026-02-25 16:18:44"}
{"level":"info","message":"OPTIONS /api/attendance/2026/2 200 0 - 0.298 ms","timestamp":"2026-02-25 16:19:14"}
{"level":"info","message":"GET /api/attendance/2026/2 304 - - 133.310 ms","timestamp":"2026-02-25 16:19:14"}
{"level":"info","message":"OPTIONS /api/attendance/2026/2 200 0 - 0.168 ms","timestamp":"2026-02-25 16:19:44"}
{"level":"info","message":"GET /api/attendance/2026/2 304 - - 137.235 ms","timestamp":"2026-02-25 16:19:44"}
{"level":"info","message":"OPTIONS /api/attendance/2026/2 200 0 - 0.176 ms","timestamp":"2026-02-25 16:20:14"}
{"level":"info","message":"GET /api/attendance/2026/2 304 - - 131.409 ms","timestamp":"2026-02-25 16:20:14"}
{"level":"info","message":"OPTIONS /api/attendance/2026/2 200 0 - 0.163 ms","timestamp":"2026-02-25 16:20:44"}
{"level":"info","message":"GET /api/attendance/2026/2 304 - - 130.705 ms","timestamp":"2026-02-25 16:20:44"}
{"level":"info","message":"OPTIONS /api/attendance/2026/2 200 0 - 0.090 ms","timestamp":"2026-02-25 16:21:14"}
{"level":"info","message":"GET /api/attendance/2026/2 304 - - 113.380 ms","timestamp":"2026-02-25 16:21:14"}
{"level":"info","message":"OPTIONS /api/attendance/2026/2 200 0 - 0.126 ms","timestamp":"2026-02-25 16:21:44"}
{"level":"info","message":"GET /api/attendance/2026/2 304 - - 128.264 ms","timestamp":"2026-02-25 16:21:44"}
{"level":"info","message":"OPTIONS /api/attendance/2026/2 200 0 - 0.162 ms","timestamp":"2026-02-25 16:22:14"}
{"level":"info","message":"GET /api/attendance/2026/2 304 - - 138.592 ms","timestamp":"2026-02-25 16:22:15"}
{"level":"info","message":"OPTIONS /api/attendance/2026/2 200 0 - 0.160 ms","timestamp":"2026-02-25 16:22:44"}
{"level":"info","message":"GET /api/attendance/2026/2 304 - - 150.194 ms","timestamp":"2026-02-25 16:22:45"}
{"level":"info","message":"OPTIONS /api/attendance/2026/2 200 0 - 0.317 ms","timestamp":"2026-02-25 16:23:14"}
{"level":"info","message":"GET /api/attendance/2026/2 304 - - 141.617 ms","timestamp":"2026-02-25 16:23:15"}
{"level":"info","message":"OPTIONS /api/attendance/2026/2 200 0 - 0.055 ms","timestamp":"2026-02-25 16:23:44"}
{"level":"info","message":"GET /api/attendance/2026/2 304 - - 111.569 ms","timestamp":"2026-02-25 16:23:44"}
{"level":"info","message":"OPTIONS /api/attendance/2026/2 200 0 - 0.052 ms","timestamp":"2026-02-25 16:24:14"}
{"level":"info","message":"GET /api/attendance/2026/2 304 - - 106.400 ms","timestamp":"2026-02-25 16:24:15"}
{"level":"info","message":"OPTIONS /api/attendance/2026/2 200 0 - 0.157 ms","timestamp":"2026-02-25 16:24:44"}
{"level":"info","message":"GET /api/attendance/2026/2 304 - - 129.374 ms","timestamp":"2026-02-25 16:24:45"}
{"level":"info","message":"OPTIONS /api/attendance/2026/2 200 0 - 0.170 ms","timestamp":"2026-02-25 16:25:14"}
{"level":"info","message":"GET /api/attendance/2026/2 304 - - 153.884 ms","timestamp":"2026-02-25 16:25:15"}
{"level":"info","message":"OPTIONS /api/attendance/2026/2 200 0 - 0.078 ms","timestamp":"2026-02-25 16:25:44"}
{"level":"info","message":"GET /api/attendance/2026/2 304 - - 112.548 ms","timestamp":"2026-02-25 16:25:45"}
{"level":"info","message":"OPTIONS /api/attendance/2026/2 200 0 - 0.213 ms","timestamp":"2026-02-25 16:26:14"}
{"level":"info","message":"GET /api/attendance/2026/2 304 - - 126.341 ms","timestamp":"2026-02-25 16:26:15"}
{"level":"info","message":"OPTIONS /api/attendance/2026/2 200 0 - 0.053 ms","timestamp":"2026-02-25 16:26:44"}
{"level":"info","message":"GET /api/attendance/2026/2 304 - - 107.813 ms","timestamp":"2026-02-25 16:26:45"}
{"level":"info","message":"OPTIONS /api/attendance/2026/2 200 0 - 0.500 ms","timestamp":"2026-02-25 16:27:14"}
{"level":"info","message":"GET /api/attendance/2026/2 304 - - 120.352 ms","timestamp":"2026-02-25 16:27:15"}
{"level":"info","message":"OPTIONS /api/attendance/2026/2 200 0 - 0.242 ms","timestamp":"2026-02-25 16:27:44"}
{"level":"info","message":"GET /api/attendance/2026/2 304 - - 147.960 ms","timestamp":"2026-02-25 16:27:45"}
{"level":"info","message":"OPTIONS /api/attendance/2026/2 200 0 - 0.165 ms","timestamp":"2026-02-25 16:28:14"}
{"level":"info","message":"GET /api/attendance/2026/2 304 - - 147.290 ms","timestamp":"2026-02-25 16:28:15"}
{"level":"info","message":"OPTIONS /api/attendance/2026/2 200 0 - 0.198 ms","timestamp":"2026-02-25 16:28:44"}
{"level":"info","message":"GET /api/attendance/2026/2 304 - - 134.101 ms","timestamp":"2026-02-25 16:28:45"}
{"level":"info","message":"OPTIONS /api/attendance/2026/2 200 0 - 0.168 ms","timestamp":"2026-02-25 16:29:14"}
{"level":"info","message":"GET /api/attendance/2026/2 304 - - 134.595 ms","timestamp":"2026-02-25 16:29:15"}
{"level":"info","message":"OPTIONS /api/attendance/2026/2 200 0 - 0.165 ms","timestamp":"2026-02-25 16:29:44"}
{"level":"info","message":"GET /api/attendance/2026/2 304 - - 131.751 ms","timestamp":"2026-02-25 16:29:45"}
{"level":"info","message":"OPTIONS /api/attendance/2026/2 200 0 - 0.202 ms","timestamp":"2026-02-25 16:30:14"}
{"level":"info","message":"GET /api/attendance/2026/2 304 - - 132.357 ms","timestamp":"2026-02-25 16:30:15"}
{"level":"info","message":"OPTIONS /api/attendance/2026/2 200 0 - 0.069 ms","timestamp":"2026-02-25 16:30:44"}
{"level":"info","message":"GET /api/attendance/2026/2 304 - - 109.753 ms","timestamp":"2026-02-25 16:30:45"}
{"level":"info","message":"OPTIONS /api/attendance/2026/2 200 0 - 0.295 ms","timestamp":"2026-02-25 16:31:16"}
{"level":"info","message":"GET /api/attendance/2026/2 304 - - 123.256 ms","timestamp":"2026-02-25 16:31:16"}
{"level":"info","message":"OPTIONS /api/attendance/2026/2 200 0 - 0.163 ms","timestamp":"2026-02-25 16:31:46"}
{"level":"info","message":"GET /api/attendance/2026/2 304 - - 134.233 ms","timestamp":"2026-02-25 16:31:46"}
{"level":"info","message":"OPTIONS /api/attendance/2026/2 200 0 - 0.221 ms","timestamp":"2026-02-25 16:32:16"}
{"level":"info","message":"GET /api/attendance/2026/2 304 - - 114.743 ms","timestamp":"2026-02-25 16:32:16"}
{"level":"info","message":"OPTIONS /api/attendance/2026/2 200 0 - 0.153 ms","timestamp":"2026-02-25 16:32:46"}
{"level":"info","message":"GET /api/attendance/2026/2 304 - - 135.303 ms","timestamp":"2026-02-25 16:32:46"}
{"level":"info","message":"OPTIONS /api/attendance/2026/2 200 0 - 0.157 ms","timestamp":"2026-02-25 16:33:16"}
{"level":"info","message":"GET /api/attendance/2026/2 304 - - 133.782 ms","timestamp":"2026-02-25 16:33:16"}
{"level":"info","message":"OPTIONS /api/attendance/2026/2 200 0 - 0.156 ms","timestamp":"2026-02-25 16:33:46"}
{"level":"info","message":"GET /api/attendance/2026/2 304 - - 130.782 ms","timestamp":"2026-02-25 16:33:46"}
{"level":"info","message":"OPTIONS /api/attendance/2026/2 200 0 - 0.156 ms","timestamp":"2026-02-25 16:34:16"}
{"level":"info","message":"GET /api/attendance/2026/2 304 - - 131.757 ms","timestamp":"2026-02-25 16:34:16"}
{"level":"info","message":"OPTIONS /api/attendance/2026/2 200 0 - 0.180 ms","timestamp":"2026-02-25 16:34:46"}
{"level":"info","message":"GET /api/attendance/2026/2 304 - - 136.122 ms","timestamp":"2026-02-25 16:34:46"}
{"level":"info","message":"OPTIONS /api/attendance/2026/2 200 0 - 0.081 ms","timestamp":"2026-02-25 16:35:16"}
{"level":"info","message":"GET /api/attendance/2026/2 304 - - 114.842 ms","timestamp":"2026-02-25 16:35:16"}
{"level":"info","message":"OPTIONS /api/attendance/2026/2 200 0 - 0.159 ms","timestamp":"2026-02-25 16:35:46"}
{"level":"info","message":"GET /api/attendance/2026/2 304 - - 135.303 ms","timestamp":"2026-02-25 16:35:46"}
{"level":"info","message":"OPTIONS /api/attendance/2026/2 200 0 - 0.167 ms","timestamp":"2026-02-25 16:36:16"}
{"level":"info","message":"GET /api/attendance/2026/2 304 - - 135.627 ms","timestamp":"2026-02-25 16:36:16"}
{"level":"info","message":"OPTIONS /api/attendance/2026/2 200 0 - 0.111 ms","timestamp":"2026-02-25 16:36:46"}
{"level":"info","message":"GET /api/attendance/2026/2 304 - - 107.896 ms","timestamp":"2026-02-25 16:36:46"}
{"level":"info","message":"OPTIONS /api/attendance/2026/2 200 0 - 0.160 ms","timestamp":"2026-02-25 16:37:16"}
{"level":"info","message":"GET /api/attendance/2026/2 304 - - 132.975 ms","timestamp":"2026-02-25 16:37:16"}
{"level":"info","message":"OPTIONS /api/attendance/2026/2 200 0 - 0.053 ms","timestamp":"2026-02-25 16:37:46"}
{"level":"info","message":"GET /api/attendance/2026/2 304 - - 129.386 ms","timestamp":"2026-02-25 16:37:46"}
{"level":"info","message":"OPTIONS /api/attendance/2026/2 200 0 - 0.181 ms","timestamp":"2026-02-25 16:38:16"}
{"level":"info","message":"GET /api/attendance/2026/2 304 - - 137.248 ms","timestamp":"2026-02-25 16:38:16"}
{"level":"info","message":"OPTIONS /api/messages/unread-count 200 0 - 0.054 ms","timestamp":"2026-02-25 16:38:40"}
{"level":"info","message":"OPTIONS /api/messages/unread-count 200 0 - 0.061 ms","timestamp":"2026-02-25 16:38:40"}
{"level":"info","message":"GET /api/messages/unread-count 304 - - 52.473 ms","timestamp":"2026-02-25 16:38:40"}
{"level":"info","message":"GET /api/messages/unread-count 200 17 - 56.114 ms","timestamp":"2026-02-25 16:38:40"}
{"level":"info","message":"OPTIONS /api/attendance/2026/2 200 0 - 0.076 ms","timestamp":"2026-02-25 16:38:40"}
{"level":"info","message":"OPTIONS /api/users 200 0 - 0.073 ms","timestamp":"2026-02-25 16:38:41"}
{"level":"info","message":"OPTIONS /api/attendance/2026/2 200 0 - 0.051 ms","timestamp":"2026-02-25 16:38:41"}
{"level":"info","message":"GET /api/attendance/2026/2 304 - - 111.339 ms","timestamp":"2026-02-25 16:38:41"}
{"level":"info","message":"GET /api/users 200 - - 132.803 ms","timestamp":"2026-02-25 16:38:41"}
{"level":"info","message":"GET /api/attendance/2026/2 200 - - 137.909 ms","timestamp":"2026-02-25 16:38:41"}
{"level":"info","message":"OPTIONS /api/tasks 200 0 - 0.147 ms","timestamp":"2026-02-25 16:38:43"}
{"level":"info","message":"OPTIONS /api/tasks 200 0 - 0.065 ms","timestamp":"2026-02-25 16:38:43"}
{"level":"info","message":"GET /api/tasks 304 - - 82.666 ms","timestamp":"2026-02-25 16:38:43"}
{"level":"info","message":"GET /api/tasks 200 - - 80.574 ms","timestamp":"2026-02-25 16:38:43"}
{"level":"info","message":"GET /api/users 304 - - 133.787 ms","timestamp":"2026-02-25 16:38:43"}
{"level":"info","message":"GET /api/users 200 - - 125.143 ms","timestamp":"2026-02-25 16:38:43"}
{"level":"info","message":"OPTIONS /api/attendance/2026/2 200 0 - 0.226 ms","timestamp":"2026-02-25 16:39:11"}
{"level":"info","message":"GET /api/attendance/2026/2 304 - - 129.960 ms","timestamp":"2026-02-25 16:39:11"}
{"level":"info","message":"OPTIONS /api/attendance/2026/2 200 0 - 0.097 ms","timestamp":"2026-02-25 16:39:40"}
{"level":"info","message":"GET /api/attendance/2026/2 304 - - 119.470 ms","timestamp":"2026-02-25 16:39:41"}
{"level":"info","message":"OPTIONS /api/users/68fcc5bfb85c2281711925bb 200 0 - 0.083 ms","timestamp":"2026-02-25 16:39:49"}
{"level":"info","message":"OPTIONS /api/users 200 0 - 0.149 ms","timestamp":"2026-02-25 16:39:49"}
{"level":"info","message":"PUT /api/users/68fcc5bfb85c2281711925bb 200 - - 60.750 ms","timestamp":"2026-02-25 16:39:49"}
{"level":"info","message":"GET /api/users 200 - - 153.034 ms","timestamp":"2026-02-25 16:39:49"}
{"level":"info","message":"GET /api/users 200 - - 136.239 ms","timestamp":"2026-02-25 16:39:50"}
{"level":"info","message":"OPTIONS /api/users 200 0 - 0.102 ms","timestamp":"2026-02-25 16:39:56"}
{"level":"info","message":"OPTIONS /api/tasks 200 0 - 0.040 ms","timestamp":"2026-02-25 16:39:56"}
{"level":"info","message":"OPTIONS /api/users 200 0 - 0.044 ms","timestamp":"2026-02-25 16:39:56"}
{"level":"info","message":"OPTIONS /api/tasks 200 0 - 0.071 ms","timestamp":"2026-02-25 16:39:56"}
{"level":"info","message":"GET /api/tasks 304 - - 87.594 ms","timestamp":"2026-02-25 16:39:56"}
{"level":"info","message":"GET /api/tasks 200 - - 80.387 ms","timestamp":"2026-02-25 16:39:56"}
{"level":"info","message":"GET /api/users 200 - - 129.226 ms","timestamp":"2026-02-25 16:39:56"}
{"level":"info","message":"GET /api/users 200 - - 130.105 ms","timestamp":"2026-02-25 16:39:56"}
{"level":"info","message":"OPTIONS /api/attendance/2026/2 200 0 - 0.305 ms","timestamp":"2026-02-25 16:40:11"}
{"level":"info","message":"GET /api/attendance/2026/2 304 - - 155.544 ms","timestamp":"2026-02-25 16:40:11"}
{"level":"info","message":"OPTIONS /api/calls/click2call 200 0 - 0.087 ms","timestamp":"2026-02-25 16:40:26"}
{"level":"info","message":"POST /api/calls/click2call 404 160 - 2.753 ms","timestamp":"2026-02-25 16:40:26"}
{"level":"info","message":"OPTIONS /api/calls/click2call 200 0 - 0.068 ms","timestamp":"2026-02-25 16:40:34"}
{"level":"info","message":"POST /api/calls/click2call 404 160 - 0.986 ms","timestamp":"2026-02-25 16:40:34"}
{"level":"info","message":"OPTIONS /api/messages/unread-count 200 0 - 0.054 ms","timestamp":"2026-02-25 16:40:40"}
{"level":"info","message":"GET /api/messages/unread-count 304 - - 58.032 ms","timestamp":"2026-02-25 16:40:40"}
{"level":"info","message":"GET /api/messages/unread-count 304 - - 54.717 ms","timestamp":"2026-02-25 16:40:40"}
{"level":"info","message":"OPTIONS /api/attendance/2026/2 200 0 - 0.067 ms","timestamp":"2026-02-25 16:40:40"}
{"level":"info","message":"OPTIONS /api/users 200 0 - 0.042 ms","timestamp":"2026-02-25 16:40:40"}
{"level":"info","message":"OPTIONS /api/attendance/2026/2 200 0 - 0.064 ms","timestamp":"2026-02-25 16:40:40"}
{"level":"info","message":"OPTIONS /api/tasks 200 0 - 0.060 ms","timestamp":"2026-02-25 16:40:40"}
{"level":"info","message":"OPTIONS /api/users 200 0 - 0.054 ms","timestamp":"2026-02-25 16:40:40"}
{"level":"info","message":"OPTIONS /api/tasks 200 0 - 0.048 ms","timestamp":"2026-02-25 16:40:40"}
{"level":"info","message":"GET /api/tasks 304 - - 79.905 ms","timestamp":"2026-02-25 16:40:40"}
{"level":"info","message":"GET /api/attendance/2026/2 304 - - 122.896 ms","timestamp":"2026-02-25 16:40:40"}
{"level":"info","message":"GET /api/attendance/2026/2 200 - - 123.249 ms","timestamp":"2026-02-25 16:40:40"}
{"level":"info","message":"GET /api/users 200 - - 138.141 ms","timestamp":"2026-02-25 16:40:40"}
{"level":"info","message":"GET /api/users 200 - - 144.265 ms","timestamp":"2026-02-25 16:40:40"}
{"level":"info","message":"GET /api/tasks 200 - - 256.248 ms","timestamp":"2026-02-25 16:40:40"}
{"level":"info","message":"OPTIONS /api/users 200 0 - 0.092 ms","timestamp":"2026-02-25 16:40:48"}
{"level":"info","message":"GET /api/users 200 - - 126.980 ms","timestamp":"2026-02-25 16:40:49"}
{"level":"info","message":"OPTIONS /api/attendance/2026/2 200 0 - 0.055 ms","timestamp":"2026-02-25 16:41:11"}
{"level":"info","message":"GET /api/attendance/2026/2 304 - - 124.842 ms","timestamp":"2026-02-25 16:41:11"}
{"level":"info","message":"OPTIONS /api/attendance/2026/2 200 0 - 0.191 ms","timestamp":"2026-02-25 16:41:42"}
{"level":"info","message":"GET /api/attendance/2026/2 304 - - 147.126 ms","timestamp":"2026-02-25 16:41:42"}
{"level":"info","message":"OPTIONS /api/attendance/2026/2 200 0 - 0.174 ms","timestamp":"2026-02-25 16:42:13"}
{"level":"info","message":"GET /api/attendance/2026/2 304 - - 122.854 ms","timestamp":"2026-02-25 16:42:13"}
{"level":"info","message":"OPTIONS /api/attendance/2026/2 200 0 - 0.117 ms","timestamp":"2026-02-25 16:42:43"}
{"level":"info","message":"GET /api/attendance/2026/2 304 - - 120.507 ms","timestamp":"2026-02-25 16:42:43"}
{"level":"info","message":"OPTIONS /api/attendance/2026/2 200 0 - 0.092 ms","timestamp":"2026-02-25 16:43:13"}
{"level":"info","message":"GET /api/attendance/2026/2 304 - - 130.585 ms","timestamp":"2026-02-25 16:43:13"}
{"level":"info","message":"OPTIONS /api/attendance/2026/2 200 0 - 0.298 ms","timestamp":"2026-02-25 16:43:43"}
{"level":"info","message":"GET /api/attendance/2026/2 304 - - 132.856 ms","timestamp":"2026-02-25 16:43:43"}
{"level":"info","message":"OPTIONS /api/users 200 0 - 0.214 ms","timestamp":"2026-02-25 16:44:10"}
{"level":"info","message":"OPTIONS /api/tasks 200 0 - 0.083 ms","timestamp":"2026-02-25 16:44:10"}
{"level":"info","message":"OPTIONS /api/tasks 200 0 - 0.082 ms","timestamp":"2026-02-25 16:44:10"}
{"level":"info","message":"OPTIONS /api/users 200 0 - 0.046 ms","timestamp":"2026-02-25 16:44:10"}
{"level":"info","message":"GET /api/tasks 304 - - 88.656 ms","timestamp":"2026-02-25 16:44:10"}
{"level":"info","message":"GET /api/tasks 200 - - 91.324 ms","timestamp":"2026-02-25 16:44:10"}
{"level":"info","message":"GET /api/users 200 - - 143.139 ms","timestamp":"2026-02-25 16:44:10"}
{"level":"info","message":"GET /api/users 200 - - 144.182 ms","timestamp":"2026-02-25 16:44:10"}
{"level":"info","message":"OPTIONS /api/messages/unread-count 200 0 - 0.060 ms","timestamp":"2026-02-25 16:44:12"}
{"level":"info","message":"OPTIONS /api/messages/unread-count 200 0 - 0.075 ms","timestamp":"2026-02-25 16:44:12"}
{"level":"info","message":"GET /api/messages/unread-count 200 17 - 62.138 ms","timestamp":"2026-02-25 16:44:12"}
{"level":"info","message":"GET /api/messages/unread-count 304 - - 84.974 ms","timestamp":"2026-02-25 16:44:12"}
{"level":"info","message":"OPTIONS /api/attendance/2026/2 200 0 - 0.045 ms","timestamp":"2026-02-25 16:44:12"}
{"level":"info","message":"OPTIONS /api/attendance/2026/2 200 0 - 0.051 ms","timestamp":"2026-02-25 16:44:12"}
{"level":"info","message":"GET /api/tasks 304 - - 88.385 ms","timestamp":"2026-02-25 16:44:12"}
{"level":"info","message":"GET /api/tasks 200 - - 93.051 ms","timestamp":"2026-02-25 16:44:12"}
{"level":"info","message":"GET /api/attendance/2026/2 304 - - 148.471 ms","timestamp":"2026-02-25 16:44:12"}
{"level":"info","message":"GET /api/attendance/2026/2 200 - - 142.232 ms","timestamp":"2026-02-25 16:44:12"}
{"level":"info","message":"GET /api/users 200 - - 163.423 ms","timestamp":"2026-02-25 16:44:12"}
{"level":"info","message":"GET /api/users 200 - - 164.894 ms","timestamp":"2026-02-25 16:44:12"}
{"level":"info","message":"GET /api/messages/unread-count - - - - ms","timestamp":"2026-02-25 16:44:14"}
{"level":"info","message":"OPTIONS /api/messages/unread-count 200 0 - 0.195 ms","timestamp":"2026-02-25 16:44:14"}
{"level":"info","message":"OPTIONS /api/messages/unread-count 200 0 - 0.091 ms","timestamp":"2026-02-25 16:44:14"}
{"level":"info","message":"GET /api/messages/unread-count 304 - - 57.722 ms","timestamp":"2026-02-25 16:44:14"}
{"level":"info","message":"GET /api/messages/unread-count 200 17 - 56.813 ms","timestamp":"2026-02-25 16:44:14"}
{"level":"info","message":"GET /api/tasks 304 - - 92.582 ms","timestamp":"2026-02-25 16:44:14"}
{"level":"info","message":"GET /api/tasks 200 - - 102.827 ms","timestamp":"2026-02-25 16:44:14"}
{"level":"info","message":"GET /api/attendance/2026/2 304 - - 118.947 ms","timestamp":"2026-02-25 16:44:14"}
{"level":"info","message":"GET /api/attendance/2026/2 200 - - 127.958 ms","timestamp":"2026-02-25 16:44:14"}
{"level":"info","message":"GET /api/users 200 - - 139.676 ms","timestamp":"2026-02-25 16:44:14"}
{"level":"info","message":"GET /api/users 200 - - 149.221 ms","timestamp":"2026-02-25 16:44:14"}
{"level":"info","message":"OPTIONS /api/calls/click2call 200 0 - 0.084 ms","timestamp":"2026-02-25 16:44:31"}
{"level":"info","message":"POST /api/calls/click2call 404 160 - 1.350 ms","timestamp":"2026-02-25 16:44:31"}
{"level":"info","message":"OPTIONS /api/attendance/2026/2 200 0 - 0.073 ms","timestamp":"2026-02-25 16:44:44"}
{"level":"info","message":"GET /api/attendance/2026/2 304 - - 118.876 ms","timestamp":"2026-02-25 16:44:44"}
{"level":"info","message":"OPTIONS /api/attendance/2026/2 200 0 - 0.066 ms","timestamp":"2026-02-25 16:45:15"}
{"level":"info","message":"GET /api/attendance/2026/2 304 - - 120.683 ms","timestamp":"2026-02-25 16:45:15"}
{"level":"info","message":"OPTIONS /api/attendance/2026/2 200 0 - 0.059 ms","timestamp":"2026-02-25 16:45:45"}
{"level":"info","message":"GET /api/attendance/2026/2 304 - - 118.712 ms","timestamp":"2026-02-25 16:45:45"}
{"level":"info","message":"OPTIONS /api/attendance/2026/2 200 0 - 0.177 ms","timestamp":"2026-02-25 16:46:15"}
{"level":"info","message":"GET /api/attendance/2026/2 304 - - 118.779 ms","timestamp":"2026-02-25 16:46:15"}
{"level":"info","message":"OPTIONS /api/attendance/2026/2 200 0 - 0.086 ms","timestamp":"2026-02-25 16:46:45"}
{"level":"info","message":"GET /api/attendance/2026/2 304 - - 118.654 ms","timestamp":"2026-02-25 16:46:45"}
{"level":"info","message":"🚀 Server running on http://localhost:5000","timestamp":"2026-02-25 16:46:59"}
{"level":"info","message":"📡 Socket.IO server ready for connections","timestamp":"2026-02-25 16:46:59"}
{"level":"info","message":"✅ Redis Clients (Pub/Sub) Connected and Ready","timestamp":"2026-02-25 16:46:59"}
{"level":"info","message":"OPTIONS /api/attendance/2026/2 200 0 - 1.075 ms","timestamp":"2026-02-25 16:47:15"}
{"level":"info","message":"GET /api/attendance/2026/2 304 - - 149.659 ms","timestamp":"2026-02-25 16:47:15"}
{"level":"info","message":"OPTIONS /api/messages/unread-count 200 0 - 0.138 ms","timestamp":"2026-02-25 16:47:28"}
{"level":"info","message":"OPTIONS /api/messages/unread-count 200 0 - 0.120 ms","timestamp":"2026-02-25 16:47:28"}
{"level":"info","message":"GET /api/messages/unread-count 304 - - 59.673 ms","timestamp":"2026-02-25 16:47:28"}
{"level":"info","message":"GET /api/messages/unread-count 200 17 - 68.657 ms","timestamp":"2026-02-25 16:47:28"}
{"level":"info","message":"OPTIONS /api/attendance/2026/2 200 0 - 0.147 ms","timestamp":"2026-02-25 16:47:29"}
{"level":"info","message":"OPTIONS /api/users 200 0 - 0.115 ms","timestamp":"2026-02-25 16:47:29"}
{"level":"info","message":"OPTIONS /api/tasks 200 0 - 0.092 ms","timestamp":"2026-02-25 16:47:29"}
{"level":"info","message":"OPTIONS /api/attendance/2026/2 200 0 - 0.066 ms","timestamp":"2026-02-25 16:47:29"}
{"level":"info","message":"OPTIONS /api/users 200 0 - 0.097 ms","timestamp":"2026-02-25 16:47:29"}
{"level":"info","message":"OPTIONS /api/tasks 200 0 - 0.094 ms","timestamp":"2026-02-25 16:47:29"}
{"level":"info","message":"GET /api/attendance/2026/2 304 - - 175.584 ms","timestamp":"2026-02-25 16:47:29"}
{"level":"info","message":"GET /api/tasks 200 - - 148.036 ms","timestamp":"2026-02-25 16:47:29"}
{"level":"info","message":"GET /api/attendance/2026/2 200 - - 183.300 ms","timestamp":"2026-02-25 16:47:29"}
{"level":"info","message":"GET /api/users 200 - - 184.403 ms","timestamp":"2026-02-25 16:47:29"}
{"level":"info","message":"GET /api/users 200 - - 175.475 ms","timestamp":"2026-02-25 16:47:29"}
{"level":"info","message":"GET /api/tasks 304 - - 337.035 ms","timestamp":"2026-02-25 16:47:29"}
{"level":"info","message":"GET /api/messages/unread-count - - - - ms","timestamp":"2026-02-25 16:47:30"}
{"level":"info","message":"GET /api/messages/unread-count - - - - ms","timestamp":"2026-02-25 16:47:30"}
{"level":"info","message":"OPTIONS /api/messages/unread-count 200 0 - 0.164 ms","timestamp":"2026-02-25 16:47:30"}
{"level":"info","message":"OPTIONS /api/messages/unread-count 200 0 - 0.085 ms","timestamp":"2026-02-25 16:47:30"}
{"level":"info","message":"GET /api/messages/unread-count 304 - - 55.328 ms","timestamp":"2026-02-25 16:47:30"}
{"level":"info","message":"GET /api/messages/unread-count 200 17 - 59.095 ms","timestamp":"2026-02-25 16:47:30"}
{"level":"info","message":"GET /api/messages/unread-count 200 17 - 58.641 ms","timestamp":"2026-02-25 16:47:31"}
{"level":"info","message":"GET /api/messages/unread-count 304 - - 63.567 ms","timestamp":"2026-02-25 16:47:31"}
{"level":"info","message":"GET /api/tasks 304 - - 98.703 ms","timestamp":"2026-02-25 16:47:31"}
{"level":"info","message":"GET /api/attendance/2026/2 304 - - 146.010 ms","timestamp":"2026-02-25 16:47:31"}
{"level":"info","message":"GET /api/attendance/2026/2 200 - - 150.375 ms","timestamp":"2026-02-25 16:47:31"}
{"level":"info","message":"GET /api/users 200 - - 155.554 ms","timestamp":"2026-02-25 16:47:31"}
{"level":"info","message":"GET /api/users 200 - - 161.349 ms","timestamp":"2026-02-25 16:47:31"}
{"level":"info","message":"GET /api/tasks 200 - - 311.142 ms","timestamp":"2026-02-25 16:47:31"}
{"level":"info","message":"OPTIONS /api/messages/unread-count 200 0 - 0.100 ms","timestamp":"2026-02-25 16:47:38"}
{"level":"info","message":"OPTIONS /api/messages/unread-count 200 0 - 0.128 ms","timestamp":"2026-02-25 16:47:38"}
{"level":"info","message":"GET /api/messages/unread-count 200 17 - 55.436 ms","timestamp":"2026-02-25 16:47:38"}
{"level":"info","message":"GET /api/messages/unread-count 200 17 - 59.247 ms","timestamp":"2026-02-25 16:47:38"}
{"level":"info","message":"OPTIONS /api/attendance/2026/2 200 0 - 0.076 ms","timestamp":"2026-02-25 16:47:39"}
{"level":"info","message":"OPTIONS /api/attendance/2026/2 200 0 - 0.081 ms","timestamp":"2026-02-25 16:47:39"}
{"level":"info","message":"OPTIONS /api/users 200 0 - 0.097 ms","timestamp":"2026-02-25 16:47:39"}
{"level":"info","message":"OPTIONS /api/tasks 200 0 - 0.099 ms","timestamp":"2026-02-25 16:47:39"}
{"level":"info","message":"OPTIONS /api/users 200 0 - 0.093 ms","timestamp":"2026-02-25 16:47:39"}
{"level":"info","message":"OPTIONS /api/tasks 200 0 - 0.090 ms","timestamp":"2026-02-25 16:47:39"}
{"level":"info","message":"GET /api/tasks 304 - - 100.416 ms","timestamp":"2026-02-25 16:47:39"}
{"level":"info","message":"GET /api/attendance/2026/2 200 - - 125.532 ms","timestamp":"2026-02-25 16:47:39"}
{"level":"info","message":"GET /api/attendance/2026/2 304 - - 138.756 ms","timestamp":"2026-02-25 16:47:39"}
{"level":"info","message":"GET /api/users 200 - - 151.342 ms","timestamp":"2026-02-25 16:47:39"}
{"level":"info","message":"GET /api/users 200 - - 151.729 ms","timestamp":"2026-02-25 16:47:39"}
{"level":"info","message":"GET /api/tasks 200 - - 290.998 ms","timestamp":"2026-02-25 16:47:39"}
{"level":"info","message":"OPTIONS /api/calls/click2call 200 0 - 0.171 ms","timestamp":"2026-02-25 16:47:48"}
{"level":"info","message":"POST /api/calls/click2call 200 265 - 335.386 ms","timestamp":"2026-02-25 16:47:48"}
{"level":"info","message":"OPTIONS /api/attendance/2026/2 200 0 - 0.086 ms","timestamp":"2026-02-25 16:48:09"}
{"level":"info","message":"GET /api/attendance/2026/2 304 - - 122.524 ms","timestamp":"2026-02-25 16:48:09"}
{"level":"info","message":"OPTIONS /api/attendance/2026/2 200 0 - 0.067 ms","timestamp":"2026-02-25 16:48:39"}
{"level":"info","message":"GET /api/attendance/2026/2 304 - - 128.271 ms","timestamp":"2026-02-25 16:48:39"}
{"level":"info","message":"OPTIONS /api/calls/click2call 200 0 - 0.102 ms","timestamp":"2026-02-25 16:48:46"}
{"level":"info","message":"POST /api/calls/click2call 200 265 - 285.010 ms","timestamp":"2026-02-25 16:48:46"}
{"level":"info","message":"OPTIONS /api/attendance/2026/2 200 0 - 0.066 ms","timestamp":"2026-02-25 16:49:09"}
{"level":"info","message":"GET /api/attendance/2026/2 304 - - 123.208 ms","timestamp":"2026-02-25 16:49:09"}
{"level":"info","message":"OPTIONS /api/attendance/2026/2 200 0 - 0.210 ms","timestamp":"2026-02-25 16:49:40"}
{"level":"info","message":"GET /api/attendance/2026/2 304 - - 139.904 ms","timestamp":"2026-02-25 16:49:40"}
{"level":"info","message":"OPTIONS /api/attendance/2026/2 200 0 - 0.265 ms","timestamp":"2026-02-25 16:50:10"}
{"level":"info","message":"GET /api/attendance/2026/2 304 - - 133.771 ms","timestamp":"2026-02-25 16:50:10"}
{"level":"info","message":"OPTIONS /api/attendance/2026/2 200 0 - 0.127 ms","timestamp":"2026-02-25 16:50:40"}
{"level":"info","message":"GET /api/attendance/2026/2 304 - - 123.488 ms","timestamp":"2026-02-25 16:50:40"}
{"level":"info","message":"OPTIONS /api/attendance/2026/2 200 0 - 0.172 ms","timestamp":"2026-02-25 16:51:10"}
{"level":"info","message":"GET /api/attendance/2026/2 304 - - 138.434 ms","timestamp":"2026-02-25 16:51:10"}
{"level":"info","message":"OPTIONS /api/attendance/2026/2 200 0 - 0.403 ms","timestamp":"2026-02-25 16:51:40"}
{"level":"info","message":"GET /api/attendance/2026/2 304 - - 140.924 ms","timestamp":"2026-02-25 16:51:40"}
{"level":"info","message":"OPTIONS /api/attendance/2026/2 200 0 - 0.081 ms","timestamp":"2026-02-25 16:52:10"}
{"level":"info","message":"GET /api/attendance/2026/2 304 - - 116.091 ms","timestamp":"2026-02-25 16:52:10"}
{"level":"info","message":"OPTIONS /api/attendance/2026/2 200 0 - 0.108 ms","timestamp":"2026-02-25 16:52:40"}
{"level":"info","message":"GET /api/attendance/2026/2 304 - - 117.634 ms","timestamp":"2026-02-25 16:52:40"}
{"level":"info","message":"OPTIONS /api/attendance/2026/2 200 0 - 0.168 ms","timestamp":"2026-02-25 16:53:10"}
{"level":"info","message":"GET /api/attendance/2026/2 304 - - 122.705 ms","timestamp":"2026-02-25 16:53:10"}
{"level":"info","message":"OPTIONS /api/attendance/2026/2 200 0 - 0.199 ms","timestamp":"2026-02-25 16:53:40"}
{"level":"info","message":"GET /api/attendance/2026/2 304 - - 128.622 ms","timestamp":"2026-02-25 16:53:40"}
{"level":"info","message":"OPTIONS /api/attendance/2026/2 200 0 - 0.111 ms","timestamp":"2026-02-25 16:54:10"}
{"level":"info","message":"GET /api/attendance/2026/2 304 - - 116.920 ms","timestamp":"2026-02-25 16:54:10"}
{"level":"info","message":"OPTIONS /api/attendance/2026/2 200 0 - 0.279 ms","timestamp":"2026-02-25 16:54:40"}
{"level":"info","message":"GET /api/attendance/2026/2 304 - - 130.103 ms","timestamp":"2026-02-25 16:54:40"}
{"level":"info","message":"OPTIONS /api/attendance/2026/2 200 0 - 0.200 ms","timestamp":"2026-02-25 16:55:10"}
{"level":"info","message":"GET /api/attendance/2026/2 304 - - 124.191 ms","timestamp":"2026-02-25 16:55:10"}
{"level":"info","message":"OPTIONS /api/attendance/2026/2 200 0 - 0.196 ms","timestamp":"2026-02-25 16:55:40"}
{"level":"info","message":"GET /api/attendance/2026/2 304 - - 124.191 ms","timestamp":"2026-02-25 16:55:40"}
{"level":"info","message":"OPTIONS /api/attendance/2026/2 200 0 - 0.208 ms","timestamp":"2026-02-25 16:56:10"}
{"level":"info","message":"GET /api/attendance/2026/2 304 - - 150.911 ms","timestamp":"2026-02-25 16:56:11"}
{"level":"info","message":"OPTIONS /api/attendance/2026/2 200 0 - 0.097 ms","timestamp":"2026-02-25 16:56:40"}
{"level":"info","message":"GET /api/attendance/2026/2 304 - - 119.646 ms","timestamp":"2026-02-25 16:56:40"}
{"level":"info","message":"OPTIONS /api/attendance/2026/2 200 0 - 0.171 ms","timestamp":"2026-02-25 16:57:10"}
{"level":"info","message":"GET /api/attendance/2026/2 304 - - 137.697 ms","timestamp":"2026-02-25 16:57:11"}
{"level":"info","message":"OPTIONS /api/attendance/2026/2 200 0 - 0.077 ms","timestamp":"2026-02-25 16:57:40"}
{"level":"info","message":"GET /api/attendance/2026/2 304 - - 109.030 ms","timestamp":"2026-02-25 16:57:40"}
{"level":"info","message":"OPTIONS /api/attendance/2026/2 200 0 - 0.170 ms","timestamp":"2026-02-25 16:58:10"}
{"level":"info","message":"GET /api/attendance/2026/2 304 - - 142.331 ms","timestamp":"2026-02-25 16:58:11"}
{"level":"info","message":"OPTIONS /api/attendance/2026/2 200 0 - 0.130 ms","timestamp":"2026-02-25 16:58:40"}
{"level":"info","message":"GET /api/attendance/2026/2 304 - - 107.287 ms","timestamp":"2026-02-25 16:58:40"}
{"level":"info","message":"OPTIONS /api/attendance/2026/2 200 0 - 0.112 ms","timestamp":"2026-02-25 16:59:10"}
{"level":"info","message":"GET /api/attendance/2026/2 304 - - 129.254 ms","timestamp":"2026-02-25 16:59:11"}
{"level":"info","message":"OPTIONS /api/calls/click2call 200 0 - 0.080 ms","timestamp":"2026-02-25 16:59:14"}
{"level":"info","message":"POST /api/calls/click2call 200 265 - 289.608 ms","timestamp":"2026-02-25 16:59:15"}
{"level":"info","message":"OPTIONS /api/attendance/2026/2 200 0 - 0.062 ms","timestamp":"2026-02-25 16:59:40"}
{"level":"info","message":"GET /api/attendance/2026/2 304 - - 115.414 ms","timestamp":"2026-02-25 16:59:41"}
{"level":"info","message":"OPTIONS /api/attendance/2026/2 200 0 - 0.286 ms","timestamp":"2026-02-25 17:00:10"}
{"level":"info","message":"GET /api/attendance/2026/2 304 - - 128.760 ms","timestamp":"2026-02-25 17:00:11"}
{"level":"info","message":"OPTIONS /api/attendance/2026/2 200 0 - 0.072 ms","timestamp":"2026-02-25 17:00:40"}
{"level":"info","message":"GET /api/attendance/2026/2 304 - - 142.383 ms","timestamp":"2026-02-25 17:00:41"}
{"level":"info","message":"OPTIONS /api/calls/click2call 200 0 - 0.076 ms","timestamp":"2026-02-25 17:01:06"}
{"level":"info","message":"POST /api/calls/click2call 200 265 - 397.198 ms","timestamp":"2026-02-25 17:01:06"}
{"level":"info","message":"OPTIONS /api/attendance/2026/2 200 0 - 0.129 ms","timestamp":"2026-02-25 17:01:11"}
{"level":"info","message":"GET /api/attendance/2026/2 304 - - 126.148 ms","timestamp":"2026-02-25 17:01:11"}
{"level":"info","message":"OPTIONS /api/attendance/2026/2 200 0 - 0.131 ms","timestamp":"2026-02-25 17:01:41"}
{"level":"info","message":"GET /api/attendance/2026/2 304 - - 119.653 ms","timestamp":"2026-02-25 17:01:41"}
{"level":"info","message":"OPTIONS /api/attendance/2026/2 200 0 - 0.084 ms","timestamp":"2026-02-25 17:02:11"}
{"level":"info","message":"GET /api/attendance/2026/2 304 - - 106.861 ms","timestamp":"2026-02-25 17:02:11"}
{"level":"info","message":"OPTIONS /api/attendance/2026/2 200 0 - 0.157 ms","timestamp":"2026-02-25 17:02:41"}
{"level":"info","message":"GET /api/attendance/2026/2 304 - - 119.958 ms","timestamp":"2026-02-25 17:02:41"}
{"level":"info","message":"OPTIONS /api/attendance/2026/2 200 0 - 0.157 ms","timestamp":"2026-02-25 17:03:11"}
{"level":"info","message":"GET /api/attendance/2026/2 304 - - 123.386 ms","timestamp":"2026-02-25 17:03:11"}
{"level":"info","message":"OPTIONS /api/calls/click2call 200 0 - 0.081 ms","timestamp":"2026-02-25 17:03:12"}
{"level":"info","message":"POST /api/calls/click2call 200 265 - 282.066 ms","timestamp":"2026-02-25 17:03:12"}
{"level":"info","message":"OPTIONS /api/attendance/2026/2 200 0 - 0.056 ms","timestamp":"2026-02-25 17:03:41"}
{"level":"info","message":"GET /api/attendance/2026/2 304 - - 107.621 ms","timestamp":"2026-02-25 17:03:41"}
{"level":"info","message":"OPTIONS /api/attendance/2026/2 200 0 - 0.212 ms","timestamp":"2026-02-25 17:04:12"}
{"level":"info","message":"GET /api/attendance/2026/2 304 - - 133.431 ms","timestamp":"2026-02-25 17:04:13"}
{"level":"info","message":"OPTIONS /api/attendance/2026/2 200 0 - 0.223 ms","timestamp":"2026-02-25 17:04:42"}
{"level":"info","message":"GET /api/attendance/2026/2 304 - - 129.313 ms","timestamp":"2026-02-25 17:04:43"}
{"level":"info","message":"OPTIONS /api/attendance/2026/2 200 0 - 0.176 ms","timestamp":"2026-02-25 17:05:12"}
{"level":"info","message":"GET /api/attendance/2026/2 304 - - 159.830 ms","timestamp":"2026-02-25 17:05:13"}
{"level":"info","message":"OPTIONS /api/attendance/2026/2 200 0 - 0.122 ms","timestamp":"2026-02-25 17:05:42"}
{"level":"info","message":"GET /api/attendance/2026/2 304 - - 126.843 ms","timestamp":"2026-02-25 17:05:43"}
{"level":"info","message":"OPTIONS /api/attendance/2026/2 200 0 - 0.114 ms","timestamp":"2026-02-25 17:06:12"}
{"level":"info","message":"GET /api/attendance/2026/2 304 - - 125.051 ms","timestamp":"2026-02-25 17:06:13"}
{"level":"info","message":"OPTIONS /api/attendance/2026/2 200 0 - 0.180 ms","timestamp":"2026-02-25 17:06:43"}
{"level":"info","message":"GET /api/attendance/2026/2 304 - - 337.360 ms","timestamp":"2026-02-25 17:06:43"}
{"level":"info","message":"OPTIONS /api/attendance/2026/2 200 0 - 0.097 ms","timestamp":"2026-02-25 17:07:13"}
{"level":"info","message":"GET /api/attendance/2026/2 304 - - 132.403 ms","timestamp":"2026-02-25 17:07:13"}
{"level":"info","message":"OPTIONS /api/attendance/2026/2 200 0 - 0.058 ms","timestamp":"2026-02-25 17:07:43"}
{"level":"info","message":"GET /api/attendance/2026/2 304 - - 119.333 ms","timestamp":"2026-02-25 17:07:43"}
{"level":"info","message":"OPTIONS /api/attendance/2026/2 200 0 - 0.104 ms","timestamp":"2026-02-25 17:08:13"}
{"level":"info","message":"GET /api/attendance/2026/2 200 - - 107.111 ms","timestamp":"2026-02-25 17:08:13"}
{"level":"info","message":"OPTIONS /api/attendance/2026/2 200 0 - 0.175 ms","timestamp":"2026-02-25 17:08:43"}
{"level":"info","message":"GET /api/attendance/2026/2 304 - - 130.976 ms","timestamp":"2026-02-25 17:08:43"}
{"level":"info","message":"OPTIONS /api/attendance/2026/2 200 0 - 0.062 ms","timestamp":"2026-02-25 17:09:13"}
{"level":"info","message":"GET /api/attendance/2026/2 304 - - 138.203 ms","timestamp":"2026-02-25 17:09:13"}
{"level":"info","message":"OPTIONS /api/attendance/2026/2 200 0 - 0.219 ms","timestamp":"2026-02-25 17:09:43"}
{"level":"info","message":"GET /api/attendance/2026/2 304 - - 115.356 ms","timestamp":"2026-02-25 17:09:43"}
{"level":"info","message":"OPTIONS /api/attendance/2026/2 200 0 - 0.101 ms","timestamp":"2026-02-25 17:10:13"}
{"level":"info","message":"GET /api/attendance/2026/2 304 - - 126.722 ms","timestamp":"2026-02-25 17:10:13"}
{"level":"info","message":"OPTIONS /api/attendance/2026/2 200 0 - 0.184 ms","timestamp":"2026-02-25 17:10:44"}
{"level":"info","message":"GET /api/attendance/2026/2 304 - - 155.723 ms","timestamp":"2026-02-25 17:10:44"}
{"level":"info","message":"OPTIONS /api/attendance/2026/2 200 0 - 0.094 ms","timestamp":"2026-02-25 17:11:14"}
{"level":"info","message":"GET /api/attendance/2026/2 304 - - 124.716 ms","timestamp":"2026-02-25 17:11:14"}
{"level":"info","message":"OPTIONS /api/attendance/2026/2 200 0 - 0.111 ms","timestamp":"2026-02-25 17:11:44"}
{"level":"info","message":"GET /api/attendance/2026/2 304 - - 146.289 ms","timestamp":"2026-02-25 17:11:44"}
{"level":"info","message":"OPTIONS /api/attendance/2026/2 200 0 - 0.083 ms","timestamp":"2026-02-25 17:12:14"}
{"level":"info","message":"GET /api/attendance/2026/2 304 - - 121.162 ms","timestamp":"2026-02-25 17:12:14"}
{"level":"info","message":"OPTIONS /api/attendance/2026/2 200 0 - 0.165 ms","timestamp":"2026-02-25 17:12:44"}
{"level":"info","message":"GET /api/attendance/2026/2 304 - - 129.667 ms","timestamp":"2026-02-25 17:12:44"}
{"level":"info","message":"OPTIONS /api/attendance/2026/2 200 0 - 0.363 ms","timestamp":"2026-02-25 17:13:14"}
{"level":"info","message":"GET /api/attendance/2026/2 200 - - 146.965 ms","timestamp":"2026-02-25 17:13:14"}
{"level":"info","message":"OPTIONS /api/attendance/2026/2 200 0 - 0.174 ms","timestamp":"2026-02-25 17:13:44"}
{"level":"info","message":"GET /api/attendance/2026/2 304 - - 133.800 ms","timestamp":"2026-02-25 17:13:44"}
{"level":"info","message":"OPTIONS /api/attendance/2026/2 200 0 - 0.174 ms","timestamp":"2026-02-25 17:14:17"}
{"level":"info","message":"GET /api/attendance/2026/2 304 - - 139.877 ms","timestamp":"2026-02-25 17:14:17"}
{"level":"info","message":"OPTIONS /api/attendance/2026/2 200 0 - 0.174 ms","timestamp":"2026-02-25 17:14:47"}
{"level":"info","message":"GET /api/attendance/2026/2 304 - - 152.362 ms","timestamp":"2026-02-25 17:14:47"}
{"level":"info","message":"OPTIONS /api/attendance/2026/2 200 0 - 0.124 ms","timestamp":"2026-02-25 17:15:17"}
{"level":"info","message":"GET /api/attendance/2026/2 304 - - 143.840 ms","timestamp":"2026-02-25 17:15:17"}
{"level":"info","message":"OPTIONS /api/attendance/2026/2 200 0 - 0.103 ms","timestamp":"2026-02-25 17:15:47"}
{"level":"info","message":"GET /api/attendance/2026/2 304 - - 120.319 ms","timestamp":"2026-02-25 17:15:47"}
{"level":"info","message":"OPTIONS /api/attendance/2026/2 200 0 - 0.198 ms","timestamp":"2026-02-25 17:16:17"}
{"level":"info","message":"GET /api/attendance/2026/2 304 - - 145.016 ms","timestamp":"2026-02-25 17:16:17"}
{"level":"info","message":"OPTIONS /api/attendance/2026/2 200 0 - 0.348 ms","timestamp":"2026-02-25 17:16:47"}
{"level":"info","message":"GET /api/attendance/2026/2 304 - - 147.479 ms","timestamp":"2026-02-25 17:16:47"}
{"level":"info","message":"OPTIONS /api/attendance/2026/2 200 0 - 0.055 ms","timestamp":"2026-02-25 17:17:17"}
{"level":"info","message":"GET /api/attendance/2026/2 304 - - 121.665 ms","timestamp":"2026-02-25 17:17:17"}
{"level":"info","message":"OPTIONS /api/attendance/2026/2 200 0 - 0.109 ms","timestamp":"2026-02-25 17:17:47"}
{"level":"info","message":"GET /api/attendance/2026/2 304 - - 169.690 ms","timestamp":"2026-02-25 17:17:47"}
{"level":"info","message":"OPTIONS /api/attendance/2026/2 200 0 - 0.108 ms","timestamp":"2026-02-25 17:18:17"}
{"level":"info","message":"GET /api/attendance/2026/2 304 - - 143.488 ms","timestamp":"2026-02-25 17:18:17"}
{"level":"info","message":"OPTIONS /api/attendance/2026/2 200 0 - 0.171 ms","timestamp":"2026-02-25 17:18:47"}
{"level":"info","message":"GET /api/attendance/2026/2 304 - - 139.627 ms","timestamp":"2026-02-25 17:18:47"}
{"level":"info","message":"OPTIONS /api/attendance/2026/2 200 0 - 0.170 ms","timestamp":"2026-02-25 17:19:17"}
{"level":"info","message":"GET /api/attendance/2026/2 304 - - 130.332 ms","timestamp":"2026-02-25 17:19:17"}
{"level":"info","message":"OPTIONS /api/attendance/2026/2 200 0 - 0.051 ms","timestamp":"2026-02-25 17:19:47"}
{"level":"info","message":"GET /api/attendance/2026/2 304 - - 107.705 ms","timestamp":"2026-02-25 17:19:47"}
{"level":"info","message":"OPTIONS /api/attendance/2026/2 200 0 - 0.355 ms","timestamp":"2026-02-25 17:20:17"}
{"level":"info","message":"GET /api/attendance/2026/2 304 - - 137.282 ms","timestamp":"2026-02-25 17:20:17"}
{"level":"info","message":"OPTIONS /api/attendance/2026/2 200 0 - 0.206 ms","timestamp":"2026-02-25 17:20:47"}
{"level":"info","message":"GET /api/attendance/2026/2 304 - - 127.707 ms","timestamp":"2026-02-25 17:20:47"}
{"level":"info","message":"OPTIONS /api/attendance/2026/2 200 0 - 0.085 ms","timestamp":"2026-02-25 17:21:17"}
{"level":"info","message":"GET /api/attendance/2026/2 304 - - 116.224 ms","timestamp":"2026-02-25 17:21:17"}
{"level":"info","message":"OPTIONS /api/attendance/2026/2 200 0 - 0.066 ms","timestamp":"2026-02-25 17:21:47"}
{"level":"info","message":"GET /api/attendance/2026/2 304 - - 125.963 ms","timestamp":"2026-02-25 17:21:47"}
{"level":"info","message":"OPTIONS /api/attendance/2026/2 200 0 - 0.179 ms","timestamp":"2026-02-25 17:22:18"}
{"level":"info","message":"GET /api/attendance/2026/2 304 - - 143.707 ms","timestamp":"2026-02-25 17:22:18"}
{"level":"info","message":"OPTIONS /api/attendance/2026/2 200 0 - 0.086 ms","timestamp":"2026-02-25 17:22:48"}
{"level":"info","message":"GET /api/attendance/2026/2 304 - - 111.095 ms","timestamp":"2026-02-25 17:22:48"}
{"level":"info","message":"OPTIONS /api/attendance/2026/2 200 0 - 0.051 ms","timestamp":"2026-02-25 17:23:18"}
{"level":"info","message":"GET /api/attendance/2026/2 304 - - 115.826 ms","timestamp":"2026-02-25 17:23:18"}
{"level":"info","message":"OPTIONS /api/attendance/2026/2 200 0 - 0.185 ms","timestamp":"2026-02-25 17:23:48"}
{"level":"info","message":"GET /api/attendance/2026/2 304 - - 130.456 ms","timestamp":"2026-02-25 17:23:48"}
{"level":"info","message":"OPTIONS /api/attendance/2026/2 200 0 - 0.164 ms","timestamp":"2026-02-25 17:24:18"}
{"level":"info","message":"GET /api/attendance/2026/2 304 - - 137.819 ms","timestamp":"2026-02-25 17:24:18"}
{"level":"info","message":"OPTIONS /api/attendance/2026/2 200 0 - 0.194 ms","timestamp":"2026-02-25 17:24:48"}
{"level":"info","message":"GET /api/attendance/2026/2 304 - - 145.049 ms","timestamp":"2026-02-25 17:24:48"}
{"level":"info","message":"OPTIONS /api/attendance/2026/2 200 0 - 0.055 ms","timestamp":"2026-02-25 17:25:19"}
{"level":"info","message":"GET /api/attendance/2026/2 304 - - 122.376 ms","timestamp":"2026-02-25 17:25:19"}
{"level":"info","message":"OPTIONS /api/attendance/2026/2 200 0 - 0.250 ms","timestamp":"2026-02-25 17:25:49"}
{"level":"info","message":"GET /api/attendance/2026/2 304 - - 129.429 ms","timestamp":"2026-02-25 17:25:49"}
{"level":"info","message":"OPTIONS /api/attendance/2026/2 200 0 - 0.196 ms","timestamp":"2026-02-25 17:26:19"}
{"level":"info","message":"GET /api/attendance/2026/2 304 - - 146.380 ms","timestamp":"2026-02-25 17:26:19"}
{"level":"info","message":"OPTIONS /api/attendance/2026/2 200 0 - 0.194 ms","timestamp":"2026-02-25 17:26:49"}
{"level":"info","message":"GET /api/attendance/2026/2 304 - - 149.094 ms","timestamp":"2026-02-25 17:26:49"}
{"level":"info","message":"OPTIONS /api/attendance/2026/2 200 0 - 0.185 ms","timestamp":"2026-02-25 17:27:19"}
{"level":"info","message":"GET /api/attendance/2026/2 304 - - 146.961 ms","timestamp":"2026-02-25 17:27:19"}
{"level":"info","message":"OPTIONS /api/attendance/2026/2 200 0 - 0.163 ms","timestamp":"2026-02-25 17:27:49"}
{"level":"info","message":"GET /api/attendance/2026/2 304 - - 157.519 ms","timestamp":"2026-02-25 17:27:49"}
{"level":"info","message":"OPTIONS /api/attendance/2026/2 200 0 - 0.294 ms","timestamp":"2026-02-25 17:28:19"}
{"level":"info","message":"GET /api/attendance/2026/2 304 - - 141.614 ms","timestamp":"2026-02-25 17:28:19"}
{"level":"info","message":"OPTIONS /api/attendance/2026/2 200 0 - 0.268 ms","timestamp":"2026-02-25 17:28:49"}
{"level":"info","message":"GET /api/attendance/2026/2 304 - - 143.138 ms","timestamp":"2026-02-25 17:28:49"}
{"level":"info","message":"OPTIONS /api/attendance/2026/2 200 0 - 0.068 ms","timestamp":"2026-02-25 17:29:19"}
{"level":"info","message":"GET /api/attendance/2026/2 304 - - 112.016 ms","timestamp":"2026-02-25 17:29:19"}
{"level":"info","message":"OPTIONS /api/attendance/2026/2 200 0 - 0.107 ms","timestamp":"2026-02-25 17:29:49"}
{"level":"info","message":"GET /api/attendance/2026/2 304 - - 122.863 ms","timestamp":"2026-02-25 17:29:49"}
{"level":"info","message":"OPTIONS /api/attendance/2026/2 200 0 - 0.099 ms","timestamp":"2026-02-25 17:30:20"}
{"level":"info","message":"GET /api/attendance/2026/2 304 - - 115.795 ms","timestamp":"2026-02-25 17:30:20"}
{"level":"info","message":"OPTIONS /api/attendance/2026/2 200 0 - 0.112 ms","timestamp":"2026-02-25 17:30:50"}
{"level":"info","message":"GET /api/attendance/2026/2 304 - - 127.711 ms","timestamp":"2026-02-25 17:30:50"}
{"level":"info","message":"OPTIONS /api/attendance/2026/2 200 0 - 0.172 ms","timestamp":"2026-02-25 17:31:20"}
{"level":"info","message":"GET /api/attendance/2026/2 304 - - 150.516 ms","timestamp":"2026-02-25 17:31:20"}
{"level":"info","message":"OPTIONS /api/attendance/2026/2 200 0 - 0.212 ms","timestamp":"2026-02-25 17:31:50"}
{"level":"info","message":"GET /api/attendance/2026/2 304 - - 114.638 ms","timestamp":"2026-02-25 17:31:50"}
{"level":"info","message":"OPTIONS /api/attendance/2026/2 200 0 - 0.102 ms","timestamp":"2026-02-25 17:32:20"}
{"level":"info","message":"GET /api/attendance/2026/2 304 - - 137.598 ms","timestamp":"2026-02-25 17:32:20"}
{"level":"info","message":"OPTIONS /api/attendance/2026/2 200 0 - 0.083 ms","timestamp":"2026-02-25 17:32:50"}
{"level":"info","message":"GET /api/attendance/2026/2 304 - - 108.106 ms","timestamp":"2026-02-25 17:32:50"}
{"level":"info","message":"OPTIONS /api/attendance/2026/2 200 0 - 0.160 ms","timestamp":"2026-02-25 17:33:20"}
{"level":"info","message":"GET /api/attendance/2026/2 304 - - 129.676 ms","timestamp":"2026-02-25 17:33:20"}
{"level":"info","message":"OPTIONS /api/attendance/2026/2 200 0 - 0.061 ms","timestamp":"2026-02-25 17:33:50"}
{"level":"info","message":"GET /api/attendance/2026/2 304 - - 121.833 ms","timestamp":"2026-02-25 17:33:50"}
{"level":"info","message":"OPTIONS /api/attendance/2026/2 200 0 - 0.190 ms","timestamp":"2026-02-25 17:34:20"}
{"level":"info","message":"GET /api/attendance/2026/2 304 - - 159.277 ms","timestamp":"2026-02-25 17:34:20"}
{"level":"info","message":"OPTIONS /api/attendance/2026/2 200 0 - 0.198 ms","timestamp":"2026-02-25 17:34:50"}
{"level":"info","message":"GET /api/attendance/2026/2 304 - - 121.348 ms","timestamp":"2026-02-25 17:34:50"}
{"level":"info","message":"OPTIONS /api/attendance/2026/2 200 0 - 0.345 ms","timestamp":"2026-02-25 17:35:20"}
{"level":"info","message":"GET /api/attendance/2026/2 304 - - 176.023 ms","timestamp":"2026-02-25 17:35:20"}
{"level":"info","message":"OPTIONS /api/attendance/2026/2 200 0 - 0.072 ms","timestamp":"2026-02-25 17:35:50"}
{"level":"info","message":"GET /api/attendance/2026/2 304 - - 115.365 ms","timestamp":"2026-02-25 17:35:51"}
{"level":"info","message":"OPTIONS /api/attendance/2026/2 200 0 - 0.281 ms","timestamp":"2026-02-25 17:36:20"}
{"level":"info","message":"GET /api/attendance/2026/2 304 - - 133.304 ms","timestamp":"2026-02-25 17:36:21"}
{"level":"info","message":"OPTIONS /api/attendance/2026/2 200 0 - 0.159 ms","timestamp":"2026-02-25 17:36:50"}
{"level":"info","message":"GET /api/attendance/2026/2 304 - - 130.904 ms","timestamp":"2026-02-25 17:36:51"}
{"level":"info","message":"OPTIONS /api/attendance/2026/2 200 0 - 0.088 ms","timestamp":"2026-02-25 17:37:20"}
{"level":"info","message":"GET /api/attendance/2026/2 304 - - 116.533 ms","timestamp":"2026-02-25 17:37:21"}
{"level":"info","message":"OPTIONS /api/attendance/2026/2 200 0 - 0.115 ms","timestamp":"2026-02-25 17:37:50"}
{"level":"info","message":"GET /api/attendance/2026/2 304 - - 127.183 ms","timestamp":"2026-02-25 17:37:51"}
{"level":"info","message":"OPTIONS /api/attendance/2026/2 200 0 - 0.166 ms","timestamp":"2026-02-25 17:38:20"}
{"level":"info","message":"GET /api/attendance/2026/2 304 - - 126.489 ms","timestamp":"2026-02-25 17:38:21"}
{"level":"info","message":"OPTIONS /api/attendance/2026/2 200 0 - 0.138 ms","timestamp":"2026-02-25 17:38:50"}
{"level":"info","message":"GET /api/attendance/2026/2 304 - - 160.524 ms","timestamp":"2026-02-25 17:38:51"}
{"level":"info","message":"OPTIONS /api/attendance/2026/2 200 0 - 0.091 ms","timestamp":"2026-02-25 17:39:21"}
{"level":"info","message":"GET /api/attendance/2026/2 304 - - 116.330 ms","timestamp":"2026-02-25 17:39:21"}
{"level":"info","message":"OPTIONS /api/attendance/2026/2 200 0 - 0.062 ms","timestamp":"2026-02-25 17:39:51"}
{"level":"info","message":"GET /api/attendance/2026/2 304 - - 117.862 ms","timestamp":"2026-02-25 17:39:51"}
{"level":"info","message":"OPTIONS /api/attendance/2026/2 200 0 - 0.190 ms","timestamp":"2026-02-25 17:40:21"}
{"level":"info","message":"GET /api/attendance/2026/2 304 - - 128.853 ms","timestamp":"2026-02-25 17:40:21"}
{"level":"info","message":"OPTIONS /api/attendance/2026/2 200 0 - 0.137 ms","timestamp":"2026-02-25 17:40:51"}
{"level":"info","message":"GET /api/attendance/2026/2 304 - - 121.103 ms","timestamp":"2026-02-25 17:40:51"}
{"level":"info","message":"OPTIONS /api/attendance/2026/2 200 0 - 0.114 ms","timestamp":"2026-02-25 17:41:21"}
{"level":"info","message":"GET /api/attendance/2026/2 304 - - 116.741 ms","timestamp":"2026-02-25 17:41:21"}
{"level":"info","message":"OPTIONS /api/attendance/2026/2 200 0 - 0.054 ms","timestamp":"2026-02-25 17:41:51"}
{"level":"info","message":"GET /api/attendance/2026/2 304 - - 128.010 ms","timestamp":"2026-02-25 17:41:51"}
{"level":"info","message":"OPTIONS /api/attendance/2026/2 200 0 - 0.060 ms","timestamp":"2026-02-25 17:42:21"}
{"level":"info","message":"GET /api/attendance/2026/2 304 - - 115.788 ms","timestamp":"2026-02-25 17:42:21"}
{"level":"info","message":"OPTIONS /api/attendance/2026/2 200 0 - 0.313 ms","timestamp":"2026-02-25 17:42:51"}
{"level":"info","message":"GET /api/attendance/2026/2 304 - - 137.109 ms","timestamp":"2026-02-25 17:42:51"}
{"level":"info","message":"OPTIONS /api/attendance/2026/2 200 0 - 0.192 ms","timestamp":"2026-02-25 17:43:21"}
{"level":"info","message":"GET /api/attendance/2026/2 304 - - 145.634 ms","timestamp":"2026-02-25 17:43:21"}
{"level":"info","message":"OPTIONS /api/attendance/2026/2 200 0 - 0.167 ms","timestamp":"2026-02-25 17:43:51"}
{"level":"info","message":"GET /api/attendance/2026/2 304 - - 144.341 ms","timestamp":"2026-02-25 17:43:51"}
{"level":"info","message":"OPTIONS /api/attendance/2026/2 200 0 - 0.170 ms","timestamp":"2026-02-25 17:44:21"}
{"level":"info","message":"GET /api/attendance/2026/2 304 - - 135.478 ms","timestamp":"2026-02-25 17:44:21"}
{"level":"info","message":"OPTIONS /api/attendance/2026/2 200 0 - 0.184 ms","timestamp":"2026-02-25 17:44:51"}
{"level":"info","message":"GET /api/attendance/2026/2 304 - - 143.313 ms","timestamp":"2026-02-25 17:44:51"}
{"level":"info","message":"OPTIONS /api/attendance/2026/2 200 0 - 0.106 ms","timestamp":"2026-02-25 17:45:21"}
{"level":"info","message":"GET /api/attendance/2026/2 304 - - 121.163 ms","timestamp":"2026-02-25 17:45:21"}
{"level":"info","message":"OPTIONS /api/attendance/2026/2 200 0 - 0.055 ms","timestamp":"2026-02-25 17:45:51"}
{"level":"info","message":"GET /api/attendance/2026/2 304 - - 104.588 ms","timestamp":"2026-02-25 17:45:51"}
{"level":"info","message":"OPTIONS /api/attendance/2026/2 200 0 - 0.358 ms","timestamp":"2026-02-25 17:46:21"}
{"level":"info","message":"GET /api/attendance/2026/2 304 - - 124.246 ms","timestamp":"2026-02-25 17:46:21"}
{"level":"info","message":"OPTIONS /api/attendance/2026/2 200 0 - 0.178 ms","timestamp":"2026-02-25 17:46:51"}
{"level":"info","message":"GET /api/attendance/2026/2 304 - - 135.211 ms","timestamp":"2026-02-25 17:46:51"}
{"level":"info","message":"OPTIONS /api/attendance/2026/2 200 0 - 0.088 ms","timestamp":"2026-02-25 17:47:21"}
{"level":"info","message":"GET /api/attendance/2026/2 304 - - 106.838 ms","timestamp":"2026-02-25 17:47:21"}
{"level":"info","message":"OPTIONS /api/attendance/2026/2 200 0 - 0.107 ms","timestamp":"2026-02-25 17:47:51"}
{"level":"info","message":"GET /api/attendance/2026/2 304 - - 106.645 ms","timestamp":"2026-02-25 17:47:51"}
{"level":"info","message":"OPTIONS /api/attendance/2026/2 200 0 - 0.120 ms","timestamp":"2026-02-25 17:48:21"}
{"level":"info","message":"GET /api/attendance/2026/2 304 - - 121.515 ms","timestamp":"2026-02-25 17:48:21"}
{"level":"info","message":"OPTIONS /api/attendance/2026/2 200 0 - 0.286 ms","timestamp":"2026-02-25 17:48:51"}
{"level":"info","message":"GET /api/attendance/2026/2 304 - - 119.588 ms","timestamp":"2026-02-25 17:48:51"}
{"level":"info","message":"OPTIONS /api/attendance/2026/2 200 0 - 0.060 ms","timestamp":"2026-02-25 17:49:21"}
{"level":"info","message":"GET /api/attendance/2026/2 304 - - 105.945 ms","timestamp":"2026-02-25 17:49:21"}
{"level":"info","message":"OPTIONS /api/attendance/2026/2 200 0 - 0.181 ms","timestamp":"2026-02-25 17:49:51"}
{"level":"info","message":"GET /api/attendance/2026/2 304 - - 119.827 ms","timestamp":"2026-02-25 17:49:51"}
{"level":"info","message":"OPTIONS /api/attendance/2026/2 200 0 - 0.105 ms","timestamp":"2026-02-25 17:50:22"}
{"level":"info","message":"GET /api/attendance/2026/2 304 - - 131.735 ms","timestamp":"2026-02-25 17:50:22"}
{"level":"info","message":"OPTIONS /api/attendance/2026/2 200 0 - 0.052 ms","timestamp":"2026-02-25 17:50:52"}
{"level":"info","message":"GET /api/attendance/2026/2 304 - - 113.548 ms","timestamp":"2026-02-25 17:50:52"}
{"level":"info","message":"OPTIONS /api/attendance/2026/2 200 0 - 0.053 ms","timestamp":"2026-02-25 17:51:22"}
{"level":"info","message":"GET /api/attendance/2026/2 304 - - 115.187 ms","timestamp":"2026-02-25 17:51:22"}
{"level":"info","message":"OPTIONS /api/attendance/2026/2 200 0 - 0.164 ms","timestamp":"2026-02-25 17:51:52"}
{"level":"info","message":"GET /api/attendance/2026/2 304 - - 137.031 ms","timestamp":"2026-02-25 17:51:52"}
{"level":"info","message":"OPTIONS /api/attendance/2026/2 200 0 - 0.057 ms","timestamp":"2026-02-25 17:52:22"}
{"level":"info","message":"GET /api/attendance/2026/2 304 - - 129.038 ms","timestamp":"2026-02-25 17:52:22"}
{"level":"info","message":"OPTIONS /api/attendance/2026/2 200 0 - 0.085 ms","timestamp":"2026-02-25 17:52:52"}
{"level":"info","message":"GET /api/attendance/2026/2 304 - - 139.128 ms","timestamp":"2026-02-25 17:52:52"}
{"level":"info","message":"OPTIONS /api/attendance/2026/2 200 0 - 0.100 ms","timestamp":"2026-02-25 17:53:22"}
{"level":"info","message":"GET /api/attendance/2026/2 304 - - 136.544 ms","timestamp":"2026-02-25 17:53:22"}
{"level":"info","message":"OPTIONS /api/attendance/2026/2 200 0 - 0.316 ms","timestamp":"2026-02-25 17:53:52"}
{"level":"info","message":"GET /api/attendance/2026/2 304 - - 126.596 ms","timestamp":"2026-02-25 17:53:52"}
{"level":"info","message":"OPTIONS /api/attendance/2026/2 200 0 - 0.185 ms","timestamp":"2026-02-25 17:54:22"}
{"level":"info","message":"GET /api/attendance/2026/2 304 - - 129.052 ms","timestamp":"2026-02-25 17:54:22"}
{"level":"info","message":"OPTIONS /api/auth/login 200 0 - 0.081 ms","timestamp":"2026-02-25 17:54:37"}
{"level":"info","message":"POST /api/auth/login 400 94 - 8.600 ms","timestamp":"2026-02-25 17:54:37"}
{"level":"info","message":"POST /api/auth/login 400 94 - 1.361 ms","timestamp":"2026-02-25 17:54:40"}
{"level":"info","message":"OPTIONS /api/auth/register 200 0 - 0.062 ms","timestamp":"2026-02-25 17:54:44"}
{"level":"info","message":"POST /api/auth/register 404 157 - 1.511 ms","timestamp":"2026-02-25 17:54:44"}
{"level":"info","message":"POST /api/auth/register 404 157 - 0.726 ms","timestamp":"2026-02-25 17:54:45"}
{"level":"info","message":"POST /api/auth/register 404 157 - 0.660 ms","timestamp":"2026-02-25 17:54:46"}
{"level":"info","message":"POST /api/auth/register 404 157 - 0.580 ms","timestamp":"2026-02-25 17:54:46"}
{"level":"info","message":"OPTIONS /api/attendance/2026/2 200 0 - 0.060 ms","timestamp":"2026-02-25 17:54:52"}
{"level":"info","message":"GET /api/attendance/2026/2 304 - - 117.449 ms","timestamp":"2026-02-25 17:54:52"}
{"level":"info","message":"OPTIONS /api/attendance/2026/2 200 0 - 0.083 ms","timestamp":"2026-02-25 17:55:22"}
{"level":"info","message":"GET /api/attendance/2026/2 304 - - 147.957 ms","timestamp":"2026-02-25 17:55:22"}
{"level":"info","message":"OPTIONS /api/attendance/2026/2 200 0 - 0.060 ms","timestamp":"2026-02-25 17:55:52"}
{"level":"info","message":"GET /api/attendance/2026/2 304 - - 119.849 ms","timestamp":"2026-02-25 17:55:52"}
{"level":"info","message":"OPTIONS /api/attendance/2026/2 200 0 - 0.186 ms","timestamp":"2026-02-25 17:56:22"}
{"level":"info","message":"GET /api/attendance/2026/2 304 - - 127.678 ms","timestamp":"2026-02-25 17:56:22"}
{"level":"info","message":"OPTIONS /api/attendance/2026/2 200 0 - 0.083 ms","timestamp":"2026-02-25 17:56:52"}
{"level":"info","message":"GET /api/attendance/2026/2 304 - - 106.277 ms","timestamp":"2026-02-25 17:56:52"}
{"level":"info","message":"OPTIONS /api/attendance/2026/2 200 0 - 0.353 ms","timestamp":"2026-02-25 17:57:22"}
{"level":"info","message":"GET /api/attendance/2026/2 304 - - 132.031 ms","timestamp":"2026-02-25 17:57:22"}
{"level":"info","message":"OPTIONS /api/attendance/2026/2 200 0 - 0.081 ms","timestamp":"2026-02-25 17:57:52"}
{"level":"info","message":"GET /api/attendance/2026/2 304 - - 120.851 ms","timestamp":"2026-02-25 17:57:52"}
{"level":"info","message":"OPTIONS /api/attendance/2026/2 200 0 - 0.092 ms","timestamp":"2026-02-25 17:58:22"}
{"level":"info","message":"GET /api/attendance/2026/2 304 - - 114.652 ms","timestamp":"2026-02-25 17:58:22"}
{"level":"info","message":"OPTIONS /api/attendance/2026/2 200 0 - 0.053 ms","timestamp":"2026-02-25 17:58:52"}
{"level":"info","message":"GET /api/attendance/2026/2 304 - - 106.115 ms","timestamp":"2026-02-25 17:58:52"}
{"level":"info","message":"OPTIONS /api/attendance/2026/2 200 0 - 0.158 ms","timestamp":"2026-02-25 17:59:22"}
{"level":"info","message":"GET /api/attendance/2026/2 304 - - 129.068 ms","timestamp":"2026-02-25 17:59:23"}
{"level":"info","message":"OPTIONS /api/attendance/2026/2 200 0 - 0.063 ms","timestamp":"2026-02-25 17:59:52"}
{"level":"info","message":"GET /api/attendance/2026/2 304 - - 114.451 ms","timestamp":"2026-02-25 17:59:53"}
{"level":"info","message":"OPTIONS /api/attendance/2026/2 200 0 - 0.172 ms","timestamp":"2026-02-25 18:00:22"}
{"level":"info","message":"GET /api/attendance/2026/2 304 - - 122.465 ms","timestamp":"2026-02-25 18:00:23"}
{"level":"info","message":"OPTIONS /api/attendance/2026/2 200 0 - 0.108 ms","timestamp":"2026-02-25 18:00:52"}
{"level":"info","message":"GET /api/attendance/2026/2 304 - - 128.479 ms","timestamp":"2026-02-25 18:00:53"}
{"level":"info","message":"OPTIONS /api/attendance/2026/2 200 0 - 0.083 ms","timestamp":"2026-02-25 18:01:22"}
{"level":"info","message":"GET /api/attendance/2026/2 304 - - 128.800 ms","timestamp":"2026-02-25 18:01:23"}
{"level":"info","message":"OPTIONS /api/attendance/2026/2 200 0 - 0.109 ms","timestamp":"2026-02-25 18:01:52"}
{"level":"info","message":"GET /api/attendance/2026/2 304 - - 134.772 ms","timestamp":"2026-02-25 18:01:53"}
{"level":"info","message":"OPTIONS /api/attendance/2026/2 200 0 - 0.060 ms","timestamp":"2026-02-25 18:02:22"}
{"level":"info","message":"GET /api/attendance/2026/2 304 - - 117.370 ms","timestamp":"2026-02-25 18:02:23"}
{"level":"info","message":"OPTIONS /api/attendance/2026/2 200 0 - 0.117 ms","timestamp":"2026-02-25 18:02:53"}
{"level":"info","message":"GET /api/attendance/2026/2 304 - - 151.717 ms","timestamp":"2026-02-25 18:02:54"}
{"level":"info","message":"OPTIONS /api/attendance/2026/2 200 0 - 0.065 ms","timestamp":"2026-02-25 18:03:23"}
{"level":"info","message":"GET /api/attendance/2026/2 304 - - 115.172 ms","timestamp":"2026-02-25 18:03:24"}
{"level":"info","message":"OPTIONS /api/attendance/2026/2 200 0 - 0.055 ms","timestamp":"2026-02-25 18:03:53"}
{"level":"info","message":"GET /api/attendance/2026/2 304 - - 126.480 ms","timestamp":"2026-02-25 18:03:54"}
{"level":"info","message":"OPTIONS /api/attendance/2026/2 200 0 - 0.053 ms","timestamp":"2026-02-25 18:04:23"}
{"level":"info","message":"GET /api/attendance/2026/2 304 - - 114.207 ms","timestamp":"2026-02-25 18:04:24"}
{"level":"info","message":"OPTIONS /api/attendance/2026/2 200 0 - 0.084 ms","timestamp":"2026-02-25 18:04:53"}
{"level":"info","message":"GET /api/attendance/2026/2 304 - - 151.893 ms","timestamp":"2026-02-25 18:04:54"}
{"level":"info","message":"OPTIONS /api/attendance/2026/2 200 0 - 0.088 ms","timestamp":"2026-02-25 18:05:23"}
{"level":"info","message":"GET /api/attendance/2026/2 304 - - 118.924 ms","timestamp":"2026-02-25 18:05:24"}
{"level":"info","message":"OPTIONS /api/attendance/2026/2 200 0 - 0.166 ms","timestamp":"2026-02-25 18:05:53"}
{"level":"info","message":"GET /api/attendance/2026/2 304 - - 134.109 ms","timestamp":"2026-02-25 18:05:54"}
{"level":"info","message":"OPTIONS /api/attendance/2026/2 200 0 - 0.196 ms","timestamp":"2026-02-25 18:06:23"}
{"level":"info","message":"GET /api/attendance/2026/2 304 - - 140.054 ms","timestamp":"2026-02-25 18:06:24"}
{"level":"info","message":"OPTIONS /api/attendance/2026/2 200 0 - 0.085 ms","timestamp":"2026-02-25 18:06:53"}
{"level":"info","message":"GET /api/attendance/2026/2 304 - - 125.507 ms","timestamp":"2026-02-25 18:06:54"}
{"level":"info","message":"OPTIONS /api/attendance/2026/2 200 0 - 0.051 ms","timestamp":"2026-02-25 18:07:23"}
{"level":"info","message":"GET /api/attendance/2026/2 304 - - 118.377 ms","timestamp":"2026-02-25 18:07:24"}
{"level":"info","message":"OPTIONS /api/attendance/2026/2 200 0 - 0.115 ms","timestamp":"2026-02-25 18:07:53"}
{"level":"info","message":"GET /api/attendance/2026/2 304 - - 128.256 ms","timestamp":"2026-02-25 18:07:54"}
{"level":"info","message":"OPTIONS /api/attendance/2026/2 200 0 - 0.176 ms","timestamp":"2026-02-25 18:08:23"}
{"level":"info","message":"GET /api/attendance/2026/2 304 - - 137.460 ms","timestamp":"2026-02-25 18:08:24"}
{"level":"info","message":"OPTIONS /api/attendance/2026/2 200 0 - 0.069 ms","timestamp":"2026-02-25 18:08:54"}
{"level":"info","message":"GET /api/attendance/2026/2 304 - - 129.747 ms","timestamp":"2026-02-25 18:08:54"}
{"level":"info","message":"OPTIONS /api/attendance/2026/2 200 0 - 0.336 ms","timestamp":"2026-02-25 18:09:24"}
{"level":"info","message":"GET /api/attendance/2026/2 304 - - 149.376 ms","timestamp":"2026-02-25 18:09:24"}
{"level":"info","message":"OPTIONS /api/attendance/2026/2 200 0 - 0.057 ms","timestamp":"2026-02-25 18:09:54"}
{"level":"info","message":"GET /api/attendance/2026/2 304 - - 125.673 ms","timestamp":"2026-02-25 18:09:54"}
{"level":"info","message":"OPTIONS /api/attendance/2026/2 200 0 - 0.105 ms","timestamp":"2026-02-25 18:10:24"}
{"level":"info","message":"GET /api/attendance/2026/2 304 - - 142.344 ms","timestamp":"2026-02-25 18:10:24"}
{"level":"info","message":"OPTIONS /api/attendance/2026/2 200 0 - 0.174 ms","timestamp":"2026-02-25 18:10:54"}
{"level":"info","message":"GET /api/attendance/2026/2 304 - - 138.979 ms","timestamp":"2026-02-25 18:10:54"}
{"level":"info","message":"OPTIONS /api/attendance/2026/2 200 0 - 0.066 ms","timestamp":"2026-02-25 18:11:24"}
{"level":"info","message":"GET /api/attendance/2026/2 304 - - 107.643 ms","timestamp":"2026-02-25 18:11:24"}
{"level":"info","message":"OPTIONS /api/attendance/2026/2 200 0 - 0.055 ms","timestamp":"2026-02-25 18:11:54"}
{"level":"info","message":"GET /api/attendance/2026/2 304 - - 106.120 ms","timestamp":"2026-02-25 18:11:54"}
{"level":"info","message":"OPTIONS /api/attendance/2026/2 200 0 - 0.072 ms","timestamp":"2026-02-25 18:12:24"}
{"level":"info","message":"GET /api/attendance/2026/2 304 - - 150.868 ms","timestamp":"2026-02-25 18:12:24"}
{"level":"info","message":"OPTIONS /api/attendance/2026/2 200 0 - 0.250 ms","timestamp":"2026-02-25 18:12:54"}
{"level":"info","message":"GET /api/attendance/2026/2 304 - - 127.483 ms","timestamp":"2026-02-25 18:12:54"}
{"level":"info","message":"OPTIONS /api/attendance/2026/2 200 0 - 0.169 ms","timestamp":"2026-02-25 18:13:24"}
{"level":"info","message":"GET /api/attendance/2026/2 304 - - 147.484 ms","timestamp":"2026-02-25 18:13:24"}
{"level":"info","message":"OPTIONS /api/attendance/2026/2 200 0 - 0.175 ms","timestamp":"2026-02-25 18:13:54"}
{"level":"info","message":"GET /api/attendance/2026/2 304 - - 129.058 ms","timestamp":"2026-02-25 18:13:54"}
{"level":"info","message":"OPTIONS /api/attendance/2026/2 200 0 - 0.277 ms","timestamp":"2026-02-25 18:14:24"}
{"level":"info","message":"GET /api/attendance/2026/2 304 - - 138.917 ms","timestamp":"2026-02-25 18:14:24"}
{"level":"info","message":"OPTIONS /api/attendance/2026/2 200 0 - 0.170 ms","timestamp":"2026-02-25 18:14:54"}
{"level":"info","message":"GET /api/attendance/2026/2 304 - - 143.885 ms","timestamp":"2026-02-25 18:14:54"}
{"level":"info","message":"OPTIONS /api/attendance/2026/2 200 0 - 0.065 ms","timestamp":"2026-02-25 18:15:24"}
{"level":"info","message":"GET /api/attendance/2026/2 304 - - 115.063 ms","timestamp":"2026-02-25 18:15:24"}
{"level":"info","message":"OPTIONS /api/attendance/2026/2 200 0 - 0.063 ms","timestamp":"2026-02-25 18:15:54"}
{"level":"info","message":"GET /api/attendance/2026/2 304 - - 123.983 ms","timestamp":"2026-02-25 18:15:54"}
{"level":"info","message":"OPTIONS /api/attendance/2026/2 200 0 - 0.167 ms","timestamp":"2026-02-25 18:16:24"}
{"level":"info","message":"GET /api/attendance/2026/2 304 - - 140.664 ms","timestamp":"2026-02-25 18:16:24"}
{"level":"info","message":"OPTIONS /api/auth/register 200 0 - 0.063 ms","timestamp":"2026-02-25 18:16:53"}
{"level":"info","message":"POST /api/auth/register 404 157 - 3.676 ms","timestamp":"2026-02-25 18:16:53"}
{"level":"info","message":"OPTIONS /api/attendance/2026/2 200 0 - 0.049 ms","timestamp":"2026-02-25 18:16:54"}
{"level":"info","message":"GET /api/attendance/2026/2 304 - - 152.324 ms","timestamp":"2026-02-25 18:16:54"}
{"level":"info","message":"POST /api/auth/register 404 157 - 0.607 ms","timestamp":"2026-02-25 18:16:54"}
{"level":"info","message":"POST /api/auth/register 404 157 - 0.574 ms","timestamp":"2026-02-25 18:16:55"}
{"level":"info","message":"POST /api/auth/register 404 157 - 0.612 ms","timestamp":"2026-02-25 18:16:55"}
{"level":"info","message":"POST /api/auth/register 404 157 - 0.648 ms","timestamp":"2026-02-25 18:16:55"}
{"level":"info","message":"POST /api/auth/register 404 157 - 0.537 ms","timestamp":"2026-02-25 18:16:56"}
{"level":"info","message":"POST /api/auth/register 404 157 - 0.752 ms","timestamp":"2026-02-25 18:16:56"}
{"level":"info","message":"POST /api/auth/register 404 157 - 0.816 ms","timestamp":"2026-02-25 18:16:56"}
{"level":"info","message":"POST /api/auth/register 404 157 - 0.742 ms","timestamp":"2026-02-25 18:16:56"}
{"level":"info","message":"POST /api/auth/register 404 157 - 0.731 ms","timestamp":"2026-02-25 18:16:56"}
{"level":"info","message":"POST /api/auth/register 404 157 - 0.501 ms","timestamp":"2026-02-25 18:16:57"}
{"level":"info","message":"POST /api/auth/register 404 157 - 0.599 ms","timestamp":"2026-02-25 18:16:57"}
{"level":"info","message":"POST /api/auth/register 404 157 - 0.705 ms","timestamp":"2026-02-25 18:16:57"}
{"level":"info","message":"POST /api/auth/register 404 157 - 0.645 ms","timestamp":"2026-02-25 18:16:57"}
{"level":"info","message":"OPTIONS /api/attendance/2026/2 200 0 - 0.252 ms","timestamp":"2026-02-25 18:17:24"}
{"level":"info","message":"GET /api/attendance/2026/2 304 - - 134.257 ms","timestamp":"2026-02-25 18:17:24"}
{"level":"info","message":"OPTIONS /api/attendance/2026/2 200 0 - 0.104 ms","timestamp":"2026-02-25 18:17:54"}
{"level":"info","message":"GET /api/attendance/2026/2 304 - - 117.274 ms","timestamp":"2026-02-25 18:17:54"}
{"level":"info","message":"OPTIONS /api/attendance/2026/2 200 0 - 0.055 ms","timestamp":"2026-02-25 18:18:24"}
{"level":"info","message":"GET /api/attendance/2026/2 304 - - 114.762 ms","timestamp":"2026-02-25 18:18:24"}
{"level":"info","message":"OPTIONS /api/auth/register 200 0 - 0.084 ms","timestamp":"2026-02-25 18:18:30"}
{"level":"info","message":"POST /api/auth/register 404 157 - 0.875 ms","timestamp":"2026-02-25 18:18:30"}
{"level":"info","message":"OPTIONS /api/attendance/2026/2 200 0 - 0.073 ms","timestamp":"2026-02-25 18:18:54"}
{"level":"info","message":"GET /api/attendance/2026/2 304 - - 124.750 ms","timestamp":"2026-02-25 18:18:54"}
{"level":"info","message":"OPTIONS /api/attendance/2026/2 200 0 - 0.095 ms","timestamp":"2026-02-25 18:19:24"}
{"level":"info","message":"GET /api/attendance/2026/2 304 - - 128.897 ms","timestamp":"2026-02-25 18:19:24"}
{"level":"info","message":"OPTIONS /api/attendance/2026/2 200 0 - 0.136 ms","timestamp":"2026-02-25 18:19:54"}
{"level":"info","message":"GET /api/attendance/2026/2 304 - - 113.331 ms","timestamp":"2026-02-25 18:19:54"}
{"level":"info","message":"OPTIONS /api/auth/register 200 0 - 0.082 ms","timestamp":"2026-02-25 18:20:04"}
{"level":"info","message":"POST /api/auth/register 404 157 - 0.910 ms","timestamp":"2026-02-25 18:20:04"}
{"level":"info","message":"OPTIONS /api/attendance/2026/2 200 0 - 0.157 ms","timestamp":"2026-02-25 18:20:24"}
{"level":"info","message":"GET /api/attendance/2026/2 304 - - 138.457 ms","timestamp":"2026-02-25 18:20:24"}
{"level":"info","message":"GET / 200 777 - 4.207 ms","timestamp":"2026-02-25 18:20:39"}
{"level":"info","message":"OPTIONS /api/attendance/2026/2 200 0 - 0.184 ms","timestamp":"2026-02-25 18:20:54"}
{"level":"info","message":"GET /api/attendance/2026/2 304 - - 127.024 ms","timestamp":"2026-02-25 18:20:54"}
