{"0":"C","1":"o","10":" ","11":"t","12":"i","13":"m","14":"e","15":"o","16":"u","17":"t","2":"n","3":"n","4":"e","5":"c","6":"t","7":"i","8":"o","9":"n","level":"error","message":"🔴 Redis Pub Client Error:","timestamp":"2026-07-07 15:35:27"}
{"level":"info","message":"✅ Redis Clients (Pub/Sub) Connected and Ready","timestamp":"2026-07-07 15:35:27"}
{"level":"info","message":"🚀 Server running on http://localhost:5000","timestamp":"2026-07-07 15:35:27"}
{"level":"info","message":"📡 Socket.IO server ready for connections","timestamp":"2026-07-07 15:35:27"}
{"level":"info","message":"OPTIONS /api/auth/login 200 0 - 1.372 ms","timestamp":"2026-07-07 15:35:31"}
{"level":"info","message":"POST /api/auth/login 200 750 - 311.428 ms","timestamp":"2026-07-07 15:35:32"}
{"level":"info","message":"OPTIONS /api/calls/sip-config 200 0 - 0.132 ms","timestamp":"2026-07-07 15:35:32"}
{"level":"info","message":"OPTIONS /api/messages/unread-count 200 0 - 0.134 ms","timestamp":"2026-07-07 15:35:32"}
{"level":"info","message":"GET /api/calls/sip-config 200 197 - 30.372 ms","timestamp":"2026-07-07 15:35:32"}
{"level":"info","message":"GET /api/messages/unread-count 200 17 - 60.606 ms","timestamp":"2026-07-07 15:35:32"}
{"level":"info","message":"OPTIONS /api/attendance/2026/7 200 0 - 0.192 ms","timestamp":"2026-07-07 15:35:32"}
{"level":"info","message":"OPTIONS /api/appointments/revenue/reports 200 0 - 0.119 ms","timestamp":"2026-07-07 15:35:32"}
{"level":"info","message":"OPTIONS /api/appointments/all 200 0 - 0.164 ms","timestamp":"2026-07-07 15:35:32"}
{"level":"info","message":"OPTIONS /api/tasks 200 0 - 0.154 ms","timestamp":"2026-07-07 15:35:32"}
{"level":"info","message":"OPTIONS /api/users/all 200 0 - 0.132 ms","timestamp":"2026-07-07 15:35:32"}
{"level":"info","message":"OPTIONS /api/attendance/range?start=2026-06-30T18:30:00.000Z&end=2026-07-31T18:29:59.999Z 200 0 - 0.133 ms","timestamp":"2026-07-07 15:35:32"}
{"level":"info","message":"OPTIONS /api/admin-status 200 0 - 0.131 ms","timestamp":"2026-07-07 15:35:32"}
{"level":"info","message":"OPTIONS /api/appointments/stats?month=7&year=2026 200 0 - 0.105 ms","timestamp":"2026-07-07 15:35:32"}
{"level":"info","message":"OPTIONS /api/users 200 0 - 0.091 ms","timestamp":"2026-07-07 15:35:32"}
{"level":"info","message":"OPTIONS /api/attendance/range?start=2026-06-30T18:30:00.000Z&end=2026-07-31T18:29:59.999Z 200 0 - 0.113 ms","timestamp":"2026-07-07 15:35:32"}
{"level":"info","message":"OPTIONS /api/admin-status 200 0 - 0.113 ms","timestamp":"2026-07-07 15:35:32"}
{"level":"info","message":"OPTIONS /api/appointments/stats?month=7&year=2026 200 0 - 0.103 ms","timestamp":"2026-07-07 15:35:32"}
{"level":"info","message":"OPTIONS /api/appointments/stats?month=6&year=2026 200 0 - 0.062 ms","timestamp":"2026-07-07 15:35:32"}
{"level":"info","message":"OPTIONS /api/appointments/revenue 200 0 - 0.122 ms","timestamp":"2026-07-07 15:35:32"}
{"level":"info","message":"OPTIONS /api/users 200 0 - 0.089 ms","timestamp":"2026-07-07 15:35:32"}
{"level":"info","message":"OPTIONS /api/appointments/stats?month=6&year=2026 200 0 - 0.066 ms","timestamp":"2026-07-07 15:35:32"}
{"level":"info","message":"OPTIONS /api/appointments/revenue 200 0 - 0.051 ms","timestamp":"2026-07-07 15:35:32"}
{"level":"info","message":"GET /api/appointments/revenue/reports 200 - - 49.740 ms","timestamp":"2026-07-07 15:35:32"}
{"level":"info","message":"GET /api/attendance/2026/7 200 - - 119.746 ms","timestamp":"2026-07-07 15:35:32"}
{"level":"info","message":"GET /api/admin-status 200 48 - 78.645 ms","timestamp":"2026-07-07 15:35:32"}
{"level":"info","message":"GET /api/attendance/range?start=2026-06-30T18:30:00.000Z&end=2026-07-31T18:29:59.999Z 200 - - 122.603 ms","timestamp":"2026-07-07 15:35:33"}
{"level":"info","message":"GET /api/users/all 200 - - 118.892 ms","timestamp":"2026-07-07 15:35:33"}
{"level":"info","message":"GET /api/appointments/stats?month=7&year=2026 200 11 - 129.541 ms","timestamp":"2026-07-07 15:35:33"}
{"level":"info","message":"GET /api/appointments/all 200 - - 287.361 ms","timestamp":"2026-07-07 15:35:33"}
{"level":"info","message":"GET /api/users 200 - - 176.226 ms","timestamp":"2026-07-07 15:35:33"}
{"level":"info","message":"GET /api/appointments/stats?month=6&year=2026 200 12 - 111.135 ms","timestamp":"2026-07-07 15:35:33"}
{"level":"info","message":"GET /api/appointments/revenue/reports 304 - - 56.767 ms","timestamp":"2026-07-07 15:35:33"}
{"level":"info","message":"GET /api/admin-status 304 - - 66.200 ms","timestamp":"2026-07-07 15:35:33"}
{"level":"info","message":"GET /api/appointments/revenue 200 45 - 163.782 ms","timestamp":"2026-07-07 15:35:33"}
{"level":"info","message":"GET /api/tasks 200 - - 393.264 ms","timestamp":"2026-07-07 15:35:33"}
{"level":"info","message":"GET /api/attendance/2026/7 304 - - 106.346 ms","timestamp":"2026-07-07 15:35:33"}
{"level":"info","message":"GET /api/users/all 304 - - 127.186 ms","timestamp":"2026-07-07 15:35:33"}
{"level":"info","message":"GET /api/attendance/range?start=2026-06-30T18:30:00.000Z&end=2026-07-31T18:29:59.999Z 304 - - 115.033 ms","timestamp":"2026-07-07 15:35:33"}
{"level":"info","message":"GET /api/appointments/stats?month=7&year=2026 304 - - 61.594 ms","timestamp":"2026-07-07 15:35:33"}
{"level":"info","message":"GET /api/appointments/stats?month=6&year=2026 304 - - 66.366 ms","timestamp":"2026-07-07 15:35:33"}
{"level":"info","message":"GET /api/appointments/all 304 - - 160.562 ms","timestamp":"2026-07-07 15:35:33"}
{"level":"info","message":"GET /api/users 304 - - 165.655 ms","timestamp":"2026-07-07 15:35:33"}
{"level":"info","message":"GET /api/appointments/revenue 304 - - 117.823 ms","timestamp":"2026-07-07 15:35:33"}
{"level":"info","message":"GET /api/tasks 304 - - 116.875 ms","timestamp":"2026-07-07 15:35:33"}
{"level":"info","message":"GET /api/tasks 304 - - 78.282 ms","timestamp":"2026-07-07 15:35:33"}
{"level":"info","message":"GET /api/tasks 304 - - 74.832 ms","timestamp":"2026-07-07 15:35:33"}
{"level":"info","message":"OPTIONS /api/appointments/stats?month=7&year=2026 200 0 - 0.208 ms","timestamp":"2026-07-07 15:35:42"}
{"level":"info","message":"OPTIONS /api/appointments/stats?month=6&year=2026 200 0 - 0.102 ms","timestamp":"2026-07-07 15:35:42"}
{"level":"info","message":"OPTIONS /api/appointments/revenue 200 0 - 0.056 ms","timestamp":"2026-07-07 15:35:42"}
{"level":"info","message":"OPTIONS /api/users 200 0 - 0.085 ms","timestamp":"2026-07-07 15:35:42"}
{"level":"info","message":"GET /api/appointments/stats?month=7&year=2026 304 - - 54.500 ms","timestamp":"2026-07-07 15:35:42"}
{"level":"info","message":"GET /api/appointments/stats?month=6&year=2026 304 - - 54.645 ms","timestamp":"2026-07-07 15:35:42"}
{"level":"info","message":"GET /api/appointments/revenue 304 - - 69.057 ms","timestamp":"2026-07-07 15:35:42"}
{"level":"info","message":"GET /api/users 304 - - 116.749 ms","timestamp":"2026-07-07 15:35:42"}
{"level":"info","message":"OPTIONS /api/appointments/stats?month=7&year=2026 200 0 - 0.056 ms","timestamp":"2026-07-07 15:35:52"}
{"level":"info","message":"OPTIONS /api/appointments/stats?month=6&year=2026 200 0 - 0.062 ms","timestamp":"2026-07-07 15:35:52"}
{"level":"info","message":"OPTIONS /api/appointments/revenue 200 0 - 0.080 ms","timestamp":"2026-07-07 15:35:52"}
{"level":"info","message":"OPTIONS /api/users 200 0 - 0.067 ms","timestamp":"2026-07-07 15:35:52"}
{"level":"info","message":"GET /api/appointments/stats?month=7&year=2026 304 - - 39.555 ms","timestamp":"2026-07-07 15:35:52"}
{"level":"info","message":"GET /api/appointments/stats?month=6&year=2026 304 - - 40.993 ms","timestamp":"2026-07-07 15:35:52"}
{"level":"info","message":"GET /api/appointments/revenue 304 - - 80.539 ms","timestamp":"2026-07-07 15:35:52"}
{"level":"info","message":"GET /api/users 304 - - 129.858 ms","timestamp":"2026-07-07 15:35:52"}
{"level":"info","message":"OPTIONS /api/calls/sip-config 200 0 - 0.112 ms","timestamp":"2026-07-07 15:35:54"}
{"level":"info","message":"OPTIONS /api/messages/unread-count 200 0 - 0.104 ms","timestamp":"2026-07-07 15:35:54"}
{"level":"info","message":"OPTIONS /api/calls/sip-config 200 0 - 0.087 ms","timestamp":"2026-07-07 15:35:54"}
{"level":"info","message":"OPTIONS /api/messages/unread-count 200 0 - 0.111 ms","timestamp":"2026-07-07 15:35:54"}
{"level":"info","message":"GET /api/calls/sip-config 304 - - 27.331 ms","timestamp":"2026-07-07 15:35:54"}
{"level":"info","message":"GET /api/messages/unread-count 304 - - 57.097 ms","timestamp":"2026-07-07 15:35:54"}
{"level":"info","message":"GET /api/calls/sip-config 304 - - 42.836 ms","timestamp":"2026-07-07 15:35:54"}
{"level":"info","message":"GET /api/messages/unread-count 304 - - 53.113 ms","timestamp":"2026-07-07 15:35:54"}
{"level":"info","message":"OPTIONS /api/attendance/2026/7 200 0 - 0.055 ms","timestamp":"2026-07-07 15:35:54"}
{"level":"info","message":"OPTIONS /api/attendance/2026/7 200 0 - 0.067 ms","timestamp":"2026-07-07 15:35:54"}
{"level":"info","message":"GET /api/attendance/2026/7 304 - - 95.657 ms","timestamp":"2026-07-07 15:35:54"}
{"level":"info","message":"GET /api/attendance/2026/7 304 - - 74.439 ms","timestamp":"2026-07-07 15:35:54"}
{"level":"info","message":"OPTIONS /api/attendance/2026/7 200 0 - 0.071 ms","timestamp":"2026-07-07 15:36:24"}
{"level":"info","message":"GET /api/attendance/2026/7 304 - - 81.009 ms","timestamp":"2026-07-07 15:36:24"}
{"level":"info","message":"OPTIONS /api/attendance/2026/7 200 0 - 0.270 ms","timestamp":"2026-07-07 15:36:54"}
{"level":"info","message":"GET /api/attendance/2026/7 304 - - 100.215 ms","timestamp":"2026-07-07 15:36:54"}
{"level":"info","message":"OPTIONS /api/attendance/2026/7 200 0 - 0.180 ms","timestamp":"2026-07-07 15:37:24"}
{"level":"info","message":"GET /api/attendance/2026/7 304 - - 88.145 ms","timestamp":"2026-07-07 15:37:24"}
{"level":"info","message":"OPTIONS /api/attendance/2026/7 200 0 - 0.073 ms","timestamp":"2026-07-07 15:37:54"}
{"level":"info","message":"GET /api/attendance/2026/7 200 - - 76.351 ms","timestamp":"2026-07-07 15:37:54"}
{"level":"info","message":"OPTIONS /api/attendance/2026/7 200 0 - 0.296 ms","timestamp":"2026-07-07 15:38:25"}
{"level":"info","message":"GET /api/attendance/2026/7 304 - - 84.481 ms","timestamp":"2026-07-07 15:38:25"}
{"level":"info","message":"OPTIONS /api/users 200 0 - 0.086 ms","timestamp":"2026-07-07 15:38:48"}
{"level":"info","message":"OPTIONS /api/users 200 0 - 0.073 ms","timestamp":"2026-07-07 15:38:48"}
{"level":"info","message":"OPTIONS /api/users 200 0 - 0.067 ms","timestamp":"2026-07-07 15:38:48"}
{"level":"info","message":"GET /api/users 200 - - 141.468 ms","timestamp":"2026-07-07 15:38:48"}
{"level":"info","message":"GET /api/users 304 - - 118.701 ms","timestamp":"2026-07-07 15:38:48"}
{"level":"info","message":"GET /api/users 304 - - 90.048 ms","timestamp":"2026-07-07 15:38:49"}
{"level":"info","message":"OPTIONS /api/attendance/2026/7 200 0 - 0.064 ms","timestamp":"2026-07-07 15:38:55"}
{"level":"info","message":"GET /api/attendance/2026/7 304 - - 88.820 ms","timestamp":"2026-07-07 15:38:55"}
{"level":"info","message":"OPTIONS /api/calls/sip-config 200 0 - 0.073 ms","timestamp":"2026-07-07 15:39:03"}
{"level":"info","message":"OPTIONS /api/messages/unread-count 200 0 - 0.081 ms","timestamp":"2026-07-07 15:39:03"}
{"level":"info","message":"OPTIONS /api/calls/sip-config 200 0 - 0.049 ms","timestamp":"2026-07-07 15:39:03"}
{"level":"info","message":"OPTIONS /api/messages/unread-count 200 0 - 0.063 ms","timestamp":"2026-07-07 15:39:03"}
{"level":"info","message":"GET /api/calls/sip-config 304 - - 28.138 ms","timestamp":"2026-07-07 15:39:03"}
{"level":"info","message":"GET /api/messages/unread-count 304 - - 52.877 ms","timestamp":"2026-07-07 15:39:03"}
{"level":"info","message":"GET /api/calls/sip-config 304 - - 27.508 ms","timestamp":"2026-07-07 15:39:03"}
{"level":"info","message":"GET /api/messages/unread-count 304 - - 51.819 ms","timestamp":"2026-07-07 15:39:03"}
{"level":"info","message":"OPTIONS /api/attendance/2026/7 200 0 - 0.075 ms","timestamp":"2026-07-07 15:39:03"}
{"level":"info","message":"OPTIONS /api/users 200 0 - 0.097 ms","timestamp":"2026-07-07 15:39:03"}
{"level":"info","message":"OPTIONS /api/attendance/2026/7 200 0 - 0.076 ms","timestamp":"2026-07-07 15:39:03"}
{"level":"info","message":"OPTIONS /api/users 200 0 - 0.057 ms","timestamp":"2026-07-07 15:39:03"}
{"level":"info","message":"GET /api/attendance/2026/7 304 - - 90.658 ms","timestamp":"2026-07-07 15:39:03"}
{"level":"info","message":"GET /api/users 200 - - 135.193 ms","timestamp":"2026-07-07 15:39:03"}
{"level":"info","message":"GET /api/attendance/2026/7 304 - - 76.277 ms","timestamp":"2026-07-07 15:39:03"}
{"level":"info","message":"GET /api/users 304 - - 106.061 ms","timestamp":"2026-07-07 15:39:03"}
{"level":"info","message":"OPTIONS /api/attendance/2026/7 200 0 - 0.318 ms","timestamp":"2026-07-07 15:39:33"}
{"level":"info","message":"GET /api/attendance/2026/7 304 - - 97.121 ms","timestamp":"2026-07-07 15:39:33"}
{"level":"info","message":"OPTIONS /api/attendance/2026/7 200 0 - 0.052 ms","timestamp":"2026-07-07 15:40:03"}
{"level":"info","message":"GET /api/attendance/2026/7 304 - - 74.098 ms","timestamp":"2026-07-07 15:40:03"}
{"level":"info","message":"OPTIONS /api/attendance/2026/7 200 0 - 0.063 ms","timestamp":"2026-07-07 15:40:33"}
{"level":"info","message":"GET /api/attendance/2026/7 304 - - 83.446 ms","timestamp":"2026-07-07 15:40:33"}
{"level":"info","message":"OPTIONS /api/appointments/revenue/reports 200 0 - 0.104 ms","timestamp":"2026-07-07 15:40:59"}
{"level":"info","message":"OPTIONS /api/appointments/all 200 0 - 0.104 ms","timestamp":"2026-07-07 15:40:59"}
{"level":"info","message":"OPTIONS /api/tasks 200 0 - 0.056 ms","timestamp":"2026-07-07 15:40:59"}
{"level":"info","message":"OPTIONS /api/users/all 200 0 - 0.057 ms","timestamp":"2026-07-07 15:40:59"}
{"level":"info","message":"OPTIONS /api/attendance/range?start=2026-06-30T18:30:00.000Z&end=2026-07-31T18:29:59.999Z 200 0 - 0.066 ms","timestamp":"2026-07-07 15:40:59"}
{"level":"info","message":"OPTIONS /api/admin-status 200 0 - 0.086 ms","timestamp":"2026-07-07 15:40:59"}
{"level":"info","message":"OPTIONS /api/appointments/stats?month=7&year=2026 200 0 - 0.112 ms","timestamp":"2026-07-07 15:40:59"}
{"level":"info","message":"OPTIONS /api/appointments/stats?month=6&year=2026 200 0 - 0.094 ms","timestamp":"2026-07-07 15:40:59"}
{"level":"info","message":"OPTIONS /api/appointments/revenue 200 0 - 0.081 ms","timestamp":"2026-07-07 15:40:59"}
{"level":"info","message":"OPTIONS /api/users 200 0 - 0.148 ms","timestamp":"2026-07-07 15:40:59"}
{"level":"info","message":"OPTIONS /api/users 200 0 - 0.124 ms","timestamp":"2026-07-07 15:40:59"}
{"level":"info","message":"GET /api/appointments/revenue/reports 304 - - 56.620 ms","timestamp":"2026-07-07 15:40:59"}
{"level":"info","message":"GET /api/admin-status 304 - - 46.025 ms","timestamp":"2026-07-07 15:40:59"}
{"level":"info","message":"GET /api/attendance/range?start=2026-06-30T18:30:00.000Z&end=2026-07-31T18:29:59.999Z 304 - - 74.216 ms","timestamp":"2026-07-07 15:40:59"}
{"level":"info","message":"GET /api/users/all 200 - - 99.299 ms","timestamp":"2026-07-07 15:40:59"}
{"level":"info","message":"GET /api/appointments/stats?month=7&year=2026 304 - - 96.915 ms","timestamp":"2026-07-07 15:40:59"}
{"level":"info","message":"GET /api/appointments/stats?month=6&year=2026 304 - - 91.033 ms","timestamp":"2026-07-07 15:40:59"}
{"level":"info","message":"GET /api/appointments/all 304 - - 201.739 ms","timestamp":"2026-07-07 15:40:59"}
{"level":"info","message":"GET /api/appointments/revenue 304 - - 140.134 ms","timestamp":"2026-07-07 15:40:59"}
{"level":"info","message":"GET /api/appointments/revenue/reports 304 - - 74.262 ms","timestamp":"2026-07-07 15:40:59"}
{"level":"info","message":"GET /api/admin-status 304 - - 73.081 ms","timestamp":"2026-07-07 15:40:59"}
{"level":"info","message":"GET /api/users 200 - - 137.645 ms","timestamp":"2026-07-07 15:40:59"}
{"level":"info","message":"GET /api/attendance/range?start=2026-06-30T18:30:00.000Z&end=2026-07-31T18:29:59.999Z 304 - - 98.271 ms","timestamp":"2026-07-07 15:40:59"}
{"level":"info","message":"GET /api/appointments/stats?month=7&year=2026 304 - - 47.437 ms","timestamp":"2026-07-07 15:40:59"}
{"level":"info","message":"GET /api/tasks 304 - - 311.300 ms","timestamp":"2026-07-07 15:40:59"}
{"level":"info","message":"GET /api/appointments/stats?month=6&year=2026 304 - - 52.323 ms","timestamp":"2026-07-07 15:40:59"}
{"level":"info","message":"GET /api/users/all 304 - - 141.158 ms","timestamp":"2026-07-07 15:40:59"}
{"level":"info","message":"GET /api/appointments/all 304 - - 155.019 ms","timestamp":"2026-07-07 15:40:59"}
{"level":"info","message":"GET /api/appointments/revenue 304 - - 112.017 ms","timestamp":"2026-07-07 15:40:59"}
{"level":"info","message":"GET /api/tasks 304 - - 108.755 ms","timestamp":"2026-07-07 15:40:59"}
{"level":"info","message":"GET /api/tasks 304 - - 87.031 ms","timestamp":"2026-07-07 15:40:59"}
{"level":"info","message":"GET /api/users 304 - - 230.799 ms","timestamp":"2026-07-07 15:40:59"}
{"level":"info","message":"GET /api/tasks 304 - - 82.081 ms","timestamp":"2026-07-07 15:40:59"}
{"level":"info","message":"OPTIONS /api/attendance/2026/7 200 0 - 0.131 ms","timestamp":"2026-07-07 15:41:03"}
{"level":"info","message":"GET /api/attendance/2026/7 304 - - 74.998 ms","timestamp":"2026-07-07 15:41:03"}
{"level":"info","message":"OPTIONS /api/appointments/stats?month=7&year=2026 200 0 - 0.083 ms","timestamp":"2026-07-07 15:41:09"}
{"level":"info","message":"OPTIONS /api/appointments/stats?month=6&year=2026 200 0 - 0.105 ms","timestamp":"2026-07-07 15:41:09"}
{"level":"info","message":"OPTIONS /api/appointments/revenue 200 0 - 0.068 ms","timestamp":"2026-07-07 15:41:09"}
{"level":"info","message":"OPTIONS /api/users 200 0 - 0.078 ms","timestamp":"2026-07-07 15:41:09"}
{"level":"info","message":"GET /api/appointments/stats?month=7&year=2026 304 - - 48.404 ms","timestamp":"2026-07-07 15:41:09"}
{"level":"info","message":"GET /api/appointments/stats?month=6&year=2026 304 - - 47.202 ms","timestamp":"2026-07-07 15:41:09"}
{"level":"info","message":"GET /api/appointments/revenue 304 - - 62.245 ms","timestamp":"2026-07-07 15:41:09"}
{"level":"info","message":"GET /api/users 200 - - 116.825 ms","timestamp":"2026-07-07 15:41:09"}
{"level":"info","message":"OPTIONS /api/appointments/stats?month=7&year=2026 200 0 - 0.159 ms","timestamp":"2026-07-07 15:41:19"}
{"level":"info","message":"OPTIONS /api/appointments/stats?month=6&year=2026 200 0 - 0.138 ms","timestamp":"2026-07-07 15:41:19"}
{"level":"info","message":"OPTIONS /api/appointments/revenue 200 0 - 0.079 ms","timestamp":"2026-07-07 15:41:19"}
{"level":"info","message":"OPTIONS /api/users 200 0 - 0.113 ms","timestamp":"2026-07-07 15:41:19"}
{"level":"info","message":"GET /api/appointments/stats?month=6&year=2026 304 - - 40.901 ms","timestamp":"2026-07-07 15:41:19"}
{"level":"info","message":"GET /api/appointments/stats?month=7&year=2026 304 - - 44.905 ms","timestamp":"2026-07-07 15:41:19"}
{"level":"info","message":"GET /api/appointments/revenue 304 - - 77.490 ms","timestamp":"2026-07-07 15:41:19"}
{"level":"info","message":"GET /api/users 304 - - 134.730 ms","timestamp":"2026-07-07 15:41:19"}
{"level":"info","message":"OPTIONS /api/attendance/2026/7 200 0 - 0.218 ms","timestamp":"2026-07-07 15:41:33"}
{"level":"info","message":"GET /api/attendance/2026/7 304 - - 96.580 ms","timestamp":"2026-07-07 15:41:33"}
{"level":"info","message":"OPTIONS /api/attendance/2026/7 200 0 - 0.053 ms","timestamp":"2026-07-07 15:42:03"}
{"level":"info","message":"GET /api/attendance/2026/7 304 - - 73.767 ms","timestamp":"2026-07-07 15:42:03"}
{"level":"info","message":"OPTIONS /api/appointments/revenue/reports 200 0 - 0.099 ms","timestamp":"2026-07-07 15:42:14"}
{"level":"info","message":"OPTIONS /api/appointments/all 200 0 - 0.087 ms","timestamp":"2026-07-07 15:42:14"}
{"level":"info","message":"OPTIONS /api/tasks 200 0 - 0.052 ms","timestamp":"2026-07-07 15:42:14"}
{"level":"info","message":"OPTIONS /api/users/all 200 0 - 0.050 ms","timestamp":"2026-07-07 15:42:14"}
{"level":"info","message":"OPTIONS /api/attendance/range?start=2026-06-30T18:30:00.000Z&end=2026-07-31T18:29:59.999Z 200 0 - 0.116 ms","timestamp":"2026-07-07 15:42:14"}
{"level":"info","message":"OPTIONS /api/admin-status 200 0 - 0.090 ms","timestamp":"2026-07-07 15:42:14"}
{"level":"info","message":"OPTIONS /api/appointments/stats?month=7&year=2026 200 0 - 0.070 ms","timestamp":"2026-07-07 15:42:14"}
{"level":"info","message":"OPTIONS /api/appointments/stats?month=6&year=2026 200 0 - 0.076 ms","timestamp":"2026-07-07 15:42:14"}
{"level":"info","message":"OPTIONS /api/users 200 0 - 0.068 ms","timestamp":"2026-07-07 15:42:14"}
{"level":"info","message":"OPTIONS /api/appointments/revenue 200 0 - 0.086 ms","timestamp":"2026-07-07 15:42:14"}
{"level":"info","message":"GET /api/appointments/revenue/reports 304 - - 52.064 ms","timestamp":"2026-07-07 15:42:14"}
{"level":"info","message":"GET /api/admin-status 304 - - 40.341 ms","timestamp":"2026-07-07 15:42:14"}
{"level":"info","message":"GET /api/tasks 304 - - 68.147 ms","timestamp":"2026-07-07 15:42:14"}
{"level":"info","message":"GET /api/attendance/range?start=2026-06-30T18:30:00.000Z&end=2026-07-31T18:29:59.999Z 304 - - 76.533 ms","timestamp":"2026-07-07 15:42:14"}
{"level":"info","message":"GET /api/appointments/stats?month=6&year=2026 304 - - 55.539 ms","timestamp":"2026-07-07 15:42:14"}
{"level":"info","message":"GET /api/appointments/stats?month=7&year=2026 304 - - 64.850 ms","timestamp":"2026-07-07 15:42:14"}
{"level":"info","message":"GET /api/users/all 200 - - 100.615 ms","timestamp":"2026-07-07 15:42:14"}
{"level":"info","message":"GET /api/appointments/all 304 - - 223.758 ms","timestamp":"2026-07-07 15:42:14"}
{"level":"info","message":"GET /api/appointments/revenue/reports 304 - - 119.571 ms","timestamp":"2026-07-07 15:42:14"}
{"level":"info","message":"GET /api/appointments/revenue 304 - - 152.484 ms","timestamp":"2026-07-07 15:42:14"}
{"level":"info","message":"GET /api/admin-status 304 - - 89.129 ms","timestamp":"2026-07-07 15:42:14"}
{"level":"info","message":"GET /api/users 200 - - 175.333 ms","timestamp":"2026-07-07 15:42:14"}
{"level":"info","message":"GET /api/tasks 304 - - 101.124 ms","timestamp":"2026-07-07 15:42:14"}
{"level":"info","message":"GET /api/appointments/stats?month=6&year=2026 304 - - 60.110 ms","timestamp":"2026-07-07 15:42:14"}
{"level":"info","message":"GET /api/appointments/stats?month=7&year=2026 304 - - 49.464 ms","timestamp":"2026-07-07 15:42:14"}
{"level":"info","message":"GET /api/attendance/range?start=2026-06-30T18:30:00.000Z&end=2026-07-31T18:29:59.999Z 304 - - 93.209 ms","timestamp":"2026-07-07 15:42:14"}
{"level":"info","message":"GET /api/users/all 304 - - 99.361 ms","timestamp":"2026-07-07 15:42:14"}
{"level":"info","message":"GET /api/appointments/revenue 304 - - 96.376 ms","timestamp":"2026-07-07 15:42:14"}
{"level":"info","message":"GET /api/appointments/all 304 - - 168.341 ms","timestamp":"2026-07-07 15:42:14"}
{"level":"info","message":"GET /api/tasks 304 - - 128.142 ms","timestamp":"2026-07-07 15:42:14"}
{"level":"info","message":"GET /api/users 304 - - 145.464 ms","timestamp":"2026-07-07 15:42:14"}
{"level":"info","message":"GET /api/tasks 304 - - 77.635 ms","timestamp":"2026-07-07 15:42:14"}
{"level":"info","message":"OPTIONS /api/attendance/2026/7 200 0 - 0.293 ms","timestamp":"2026-07-07 15:42:33"}
{"level":"info","message":"GET /api/attendance/2026/7 304 - - 82.629 ms","timestamp":"2026-07-07 15:42:33"}
{"level":"info","message":"OPTIONS /api/calls/sip-config 200 0 - 0.091 ms","timestamp":"2026-07-07 15:42:44"}
{"level":"info","message":"OPTIONS /api/messages/unread-count 200 0 - 0.075 ms","timestamp":"2026-07-07 15:42:44"}
{"level":"info","message":"OPTIONS /api/calls/sip-config 200 0 - 0.056 ms","timestamp":"2026-07-07 15:42:44"}
{"level":"info","message":"OPTIONS /api/messages/unread-count 200 0 - 0.049 ms","timestamp":"2026-07-07 15:42:44"}
{"level":"info","message":"GET /api/calls/sip-config 304 - - 31.779 ms","timestamp":"2026-07-07 15:42:44"}
{"level":"info","message":"GET /api/calls/sip-config 304 - - 33.603 ms","timestamp":"2026-07-07 15:42:44"}
{"level":"info","message":"GET /api/messages/unread-count 304 - - 67.441 ms","timestamp":"2026-07-07 15:42:44"}
{"level":"info","message":"GET /api/messages/unread-count 304 - - 39.848 ms","timestamp":"2026-07-07 15:42:44"}
{"level":"info","message":"OPTIONS /api/attendance/2026/7 200 0 - 0.092 ms","timestamp":"2026-07-07 15:42:44"}
{"level":"info","message":"OPTIONS /api/users 200 0 - 0.153 ms","timestamp":"2026-07-07 15:42:44"}
{"level":"info","message":"OPTIONS /api/attendance/2026/7 200 0 - 0.094 ms","timestamp":"2026-07-07 15:42:44"}
{"level":"info","message":"OPTIONS /api/users 200 0 - 0.075 ms","timestamp":"2026-07-07 15:42:44"}
{"level":"info","message":"GET /api/attendance/2026/7 304 - - 68.793 ms","timestamp":"2026-07-07 15:42:44"}
{"level":"info","message":"GET /api/attendance/2026/7 304 - - 70.948 ms","timestamp":"2026-07-07 15:42:44"}
{"level":"info","message":"GET /api/users 200 - - 146.122 ms","timestamp":"2026-07-07 15:42:44"}
{"level":"info","message":"GET /api/users 304 - - 108.509 ms","timestamp":"2026-07-07 15:42:44"}
{"level":"info","message":"OPTIONS /api/attendance/2026/7 200 0 - 0.306 ms","timestamp":"2026-07-07 15:43:14"}
{"level":"info","message":"GET /api/attendance/2026/7 304 - - 89.122 ms","timestamp":"2026-07-07 15:43:14"}
{"level":"info","message":"OPTIONS /api/attendance/2026/7 200 0 - 0.113 ms","timestamp":"2026-07-07 15:43:44"}
{"level":"info","message":"GET /api/attendance/2026/7 304 - - 68.307 ms","timestamp":"2026-07-07 15:43:44"}
{"level":"info","message":"OPTIONS /api/attendance/2026/7 200 0 - 0.175 ms","timestamp":"2026-07-07 15:44:14"}
{"level":"info","message":"GET /api/attendance/2026/7 304 - - 81.093 ms","timestamp":"2026-07-07 15:44:14"}
{"level":"info","message":"OPTIONS /api/attendance/2026/7 200 0 - 0.174 ms","timestamp":"2026-07-07 15:44:44"}
{"level":"info","message":"GET /api/attendance/2026/7 304 - - 95.788 ms","timestamp":"2026-07-07 15:44:44"}
{"level":"info","message":"OPTIONS /api/attendance/2026/7 200 0 - 0.205 ms","timestamp":"2026-07-07 15:45:14"}
{"level":"info","message":"GET /api/attendance/2026/7 304 - - 95.857 ms","timestamp":"2026-07-07 15:45:14"}
{"level":"info","message":"OPTIONS /api/attendance/2026/7 200 0 - 0.167 ms","timestamp":"2026-07-07 15:45:44"}
{"level":"info","message":"GET /api/attendance/2026/7 304 - - 78.547 ms","timestamp":"2026-07-07 15:45:44"}
{"level":"info","message":"OPTIONS /api/attendance/2026/7 200 0 - 0.178 ms","timestamp":"2026-07-07 15:46:45"}
{"level":"info","message":"GET /api/attendance/2026/7 304 - - 70.076 ms","timestamp":"2026-07-07 15:46:45"}
{"level":"info","message":"OPTIONS /api/attendance/2026/7 200 0 - 0.065 ms","timestamp":"2026-07-07 15:47:46"}
{"level":"info","message":"GET /api/attendance/2026/7 304 - - 63.434 ms","timestamp":"2026-07-07 15:47:46"}
{"level":"info","message":"OPTIONS /api/attendance/2026/7 200 0 - 0.105 ms","timestamp":"2026-07-07 15:48:47"}
{"level":"info","message":"GET /api/attendance/2026/7 304 - - 94.806 ms","timestamp":"2026-07-07 15:48:47"}
{"level":"info","message":"OPTIONS /api/attendance/2026/7 200 0 - 0.087 ms","timestamp":"2026-07-07 15:49:34"}
{"level":"info","message":"GET /api/attendance/2026/7 304 - - 74.129 ms","timestamp":"2026-07-07 15:49:34"}
{"level":"info","message":"OPTIONS /api/attendance/2026/7 200 0 - 0.101 ms","timestamp":"2026-07-07 15:49:44"}
{"level":"info","message":"GET /api/attendance/2026/7 304 - - 78.669 ms","timestamp":"2026-07-07 15:49:44"}
{"level":"info","message":"OPTIONS /api/attendance/2026/7 200 0 - 0.191 ms","timestamp":"2026-07-07 15:50:14"}
{"level":"info","message":"GET /api/attendance/2026/7 304 - - 106.628 ms","timestamp":"2026-07-07 15:50:14"}
{"level":"info","message":"OPTIONS /api/attendance/2026/7 200 0 - 0.139 ms","timestamp":"2026-07-07 15:51:10"}
{"level":"info","message":"GET /api/attendance/2026/7 304 - - 69.722 ms","timestamp":"2026-07-07 15:51:10"}
{"level":"info","message":"OPTIONS /api/attendance/2026/7 200 0 - 0.111 ms","timestamp":"2026-07-07 15:51:34"}
{"level":"info","message":"GET /api/attendance/2026/7 304 - - 75.017 ms","timestamp":"2026-07-07 15:51:35"}
{"level":"info","message":"OPTIONS /api/calls/sip-config 200 0 - 0.090 ms","timestamp":"2026-07-07 15:51:37"}
{"level":"info","message":"OPTIONS /api/messages/unread-count 200 0 - 0.072 ms","timestamp":"2026-07-07 15:51:37"}
{"level":"info","message":"OPTIONS /api/messages/unread-count 200 0 - 0.056 ms","timestamp":"2026-07-07 15:51:37"}
{"level":"info","message":"GET /api/calls/sip-config 304 - - 21.724 ms","timestamp":"2026-07-07 15:51:37"}
{"level":"info","message":"GET /api/calls/sip-config 304 - - 21.050 ms","timestamp":"2026-07-07 15:51:37"}
{"level":"info","message":"GET /api/messages/unread-count 304 - - 51.273 ms","timestamp":"2026-07-07 15:51:37"}
{"level":"info","message":"GET /api/messages/unread-count 304 - - 50.515 ms","timestamp":"2026-07-07 15:51:37"}
{"level":"info","message":"OPTIONS /api/users 200 0 - 0.204 ms","timestamp":"2026-07-07 15:51:37"}
{"level":"info","message":"GET /api/attendance/2026/7 304 - - 75.441 ms","timestamp":"2026-07-07 15:51:37"}
{"level":"info","message":"GET /api/users 200 - - 107.696 ms","timestamp":"2026-07-07 15:51:37"}
{"level":"info","message":"GET /api/attendance/2026/7 304 - - 79.592 ms","timestamp":"2026-07-07 15:51:37"}
{"level":"info","message":"GET /api/users 304 - - 81.990 ms","timestamp":"2026-07-07 15:51:37"}
{"level":"info","message":"OPTIONS /api/attendance/2026/7 200 0 - 0.309 ms","timestamp":"2026-07-07 15:52:07"}
{"level":"info","message":"GET /api/attendance/2026/7 304 - - 70.300 ms","timestamp":"2026-07-07 15:52:07"}
{"level":"info","message":"OPTIONS /api/attendance/2026/7 200 0 - 0.119 ms","timestamp":"2026-07-07 15:52:37"}
{"level":"info","message":"GET /api/attendance/2026/7 304 - - 68.619 ms","timestamp":"2026-07-07 15:52:37"}
{"level":"info","message":"OPTIONS /api/attendance/2026/7 200 0 - 0.173 ms","timestamp":"2026-07-07 15:53:08"}
{"level":"info","message":"GET /api/attendance/2026/7 304 - - 76.043 ms","timestamp":"2026-07-07 15:53:08"}
{"level":"info","message":"OPTIONS /api/attendance/2026/7 200 0 - 0.066 ms","timestamp":"2026-07-07 15:53:38"}
{"level":"info","message":"GET /api/attendance/2026/7 304 - - 63.517 ms","timestamp":"2026-07-07 15:53:38"}
{"level":"info","message":"OPTIONS /api/attendance/2026/7 200 0 - 0.174 ms","timestamp":"2026-07-07 15:54:08"}
{"level":"info","message":"GET /api/attendance/2026/7 304 - - 68.689 ms","timestamp":"2026-07-07 15:54:08"}
{"level":"info","message":"OPTIONS /api/attendance/2026/7 200 0 - 0.057 ms","timestamp":"2026-07-07 15:54:37"}
{"level":"info","message":"GET /api/attendance/2026/7 304 - - 63.516 ms","timestamp":"2026-07-07 15:54:37"}
{"level":"info","message":"OPTIONS /api/attendance/2026/7 200 0 - 0.099 ms","timestamp":"2026-07-07 15:55:07"}
{"level":"info","message":"GET /api/attendance/2026/7 304 - - 67.258 ms","timestamp":"2026-07-07 15:55:07"}
{"level":"info","message":"OPTIONS /api/attendance/2026/7 200 0 - 0.198 ms","timestamp":"2026-07-07 15:55:37"}
{"level":"info","message":"GET /api/attendance/2026/7 304 - - 78.450 ms","timestamp":"2026-07-07 15:55:37"}
{"level":"info","message":"OPTIONS /api/attendance/2026/7 200 0 - 0.086 ms","timestamp":"2026-07-07 15:56:07"}
{"level":"info","message":"GET /api/attendance/2026/7 304 - - 82.455 ms","timestamp":"2026-07-07 15:56:07"}
{"level":"info","message":"OPTIONS /api/attendance/2026/7 200 0 - 0.056 ms","timestamp":"2026-07-07 15:56:38"}
{"level":"info","message":"GET /api/attendance/2026/7 304 - - 69.169 ms","timestamp":"2026-07-07 15:56:38"}
{"level":"info","message":"OPTIONS /api/calls/sip-config 200 0 - 0.056 ms","timestamp":"2026-07-07 15:57:00"}
{"level":"info","message":"OPTIONS /api/messages/unread-count 200 0 - 0.060 ms","timestamp":"2026-07-07 15:57:00"}
{"level":"info","message":"OPTIONS /api/calls/sip-config 200 0 - 0.056 ms","timestamp":"2026-07-07 15:57:00"}
{"level":"info","message":"OPTIONS /api/messages/unread-count 200 0 - 0.070 ms","timestamp":"2026-07-07 15:57:00"}
{"level":"info","message":"GET /api/calls/sip-config 304 - - 22.630 ms","timestamp":"2026-07-07 15:57:00"}
{"level":"info","message":"GET /api/calls/sip-config 304 - - 20.796 ms","timestamp":"2026-07-07 15:57:00"}
{"level":"info","message":"GET /api/messages/unread-count 304 - - 52.600 ms","timestamp":"2026-07-07 15:57:00"}
{"level":"info","message":"GET /api/messages/unread-count 304 - - 52.815 ms","timestamp":"2026-07-07 15:57:00"}
{"level":"info","message":"OPTIONS /api/attendance/2026/7 200 0 - 0.085 ms","timestamp":"2026-07-07 15:57:00"}
{"level":"info","message":"OPTIONS /api/users 200 0 - 0.064 ms","timestamp":"2026-07-07 15:57:00"}
{"level":"info","message":"OPTIONS /api/attendance/2026/7 200 0 - 0.060 ms","timestamp":"2026-07-07 15:57:00"}
{"level":"info","message":"OPTIONS /api/users 200 0 - 0.066 ms","timestamp":"2026-07-07 15:57:00"}
{"level":"info","message":"GET /api/attendance/2026/7 304 - - 99.143 ms","timestamp":"2026-07-07 15:57:00"}
{"level":"info","message":"GET /api/users 200 - - 114.906 ms","timestamp":"2026-07-07 15:57:00"}
{"level":"info","message":"GET /api/attendance/2026/7 304 - - 101.589 ms","timestamp":"2026-07-07 15:57:00"}
{"level":"info","message":"GET /api/users 304 - - 88.359 ms","timestamp":"2026-07-07 15:57:00"}
{"level":"info","message":"OPTIONS /api/attendance/2026/7 200 0 - 0.107 ms","timestamp":"2026-07-07 15:57:30"}
{"level":"info","message":"GET /api/attendance/2026/7 304 - - 63.606 ms","timestamp":"2026-07-07 15:57:30"}
{"level":"info","message":"OPTIONS /api/attendance/2026/7 200 0 - 0.060 ms","timestamp":"2026-07-07 15:58:00"}
{"level":"info","message":"GET /api/attendance/2026/7 304 - - 80.708 ms","timestamp":"2026-07-07 15:58:00"}
{"level":"info","message":"OPTIONS /api/attendance/2026/7 200 0 - 0.191 ms","timestamp":"2026-07-07 15:58:30"}
{"level":"info","message":"GET /api/attendance/2026/7 304 - - 93.805 ms","timestamp":"2026-07-07 15:58:30"}
{"level":"info","message":"OPTIONS /api/attendance/2026/7 200 0 - 0.083 ms","timestamp":"2026-07-07 15:59:00"}
{"level":"info","message":"GET /api/attendance/2026/7 304 - - 63.600 ms","timestamp":"2026-07-07 15:59:00"}
{"level":"info","message":"OPTIONS /api/calls/sip-config 200 0 - 0.077 ms","timestamp":"2026-07-07 15:59:18"}
{"level":"info","message":"OPTIONS /api/messages/unread-count 200 0 - 0.084 ms","timestamp":"2026-07-07 15:59:18"}
{"level":"info","message":"OPTIONS /api/calls/sip-config 200 0 - 0.047 ms","timestamp":"2026-07-07 15:59:18"}
{"level":"info","message":"OPTIONS /api/messages/unread-count 200 0 - 0.054 ms","timestamp":"2026-07-07 15:59:18"}
{"level":"info","message":"GET /api/calls/sip-config 304 - - 20.737 ms","timestamp":"2026-07-07 15:59:18"}
{"level":"info","message":"GET /api/calls/sip-config 304 - - 23.790 ms","timestamp":"2026-07-07 15:59:18"}
{"level":"info","message":"GET /api/messages/unread-count 304 - - 50.827 ms","timestamp":"2026-07-07 15:59:18"}
{"level":"info","message":"GET /api/messages/unread-count 304 - - 49.205 ms","timestamp":"2026-07-07 15:59:18"}
{"level":"info","message":"OPTIONS /api/attendance/2026/7 200 0 - 0.052 ms","timestamp":"2026-07-07 15:59:18"}
{"level":"info","message":"OPTIONS /api/users 200 0 - 0.053 ms","timestamp":"2026-07-07 15:59:18"}
{"level":"info","message":"GET /api/attendance/2026/7 304 - - 78.119 ms","timestamp":"2026-07-07 15:59:18"}
{"level":"info","message":"GET /api/users 200 - - 129.266 ms","timestamp":"2026-07-07 15:59:18"}
{"level":"info","message":"GET /api/attendance/2026/7 304 - - 78.023 ms","timestamp":"2026-07-07 15:59:18"}
{"level":"info","message":"GET /api/users 304 - - 89.525 ms","timestamp":"2026-07-07 15:59:18"}
{"level":"info","message":"OPTIONS /api/attendance/2026/7 200 0 - 0.259 ms","timestamp":"2026-07-07 15:59:48"}
{"level":"info","message":"GET /api/attendance/2026/7 304 - - 82.867 ms","timestamp":"2026-07-07 15:59:48"}
{"level":"info","message":"OPTIONS /api/calls/sip-config 200 0 - 0.057 ms","timestamp":"2026-07-07 16:00:14"}
{"level":"info","message":"OPTIONS /api/messages/unread-count 200 0 - 0.082 ms","timestamp":"2026-07-07 16:00:14"}
{"level":"info","message":"OPTIONS /api/calls/sip-config 200 0 - 0.036 ms","timestamp":"2026-07-07 16:00:14"}
{"level":"info","message":"OPTIONS /api/messages/unread-count 200 0 - 0.033 ms","timestamp":"2026-07-07 16:00:14"}
{"level":"info","message":"GET /api/calls/sip-config 304 - - 24.982 ms","timestamp":"2026-07-07 16:00:14"}
{"level":"info","message":"GET /api/calls/sip-config 304 - - 24.544 ms","timestamp":"2026-07-07 16:00:14"}
{"level":"info","message":"GET /api/messages/unread-count 304 - - 52.264 ms","timestamp":"2026-07-07 16:00:14"}
{"level":"info","message":"GET /api/messages/unread-count 304 - - 64.118 ms","timestamp":"2026-07-07 16:00:14"}
{"level":"info","message":"OPTIONS /api/attendance/2026/7 200 0 - 0.082 ms","timestamp":"2026-07-07 16:00:15"}
{"level":"info","message":"OPTIONS /api/users 200 0 - 0.059 ms","timestamp":"2026-07-07 16:00:15"}
{"level":"info","message":"OPTIONS /api/attendance/2026/7 200 0 - 0.070 ms","timestamp":"2026-07-07 16:00:15"}
{"level":"info","message":"OPTIONS /api/users 200 0 - 0.063 ms","timestamp":"2026-07-07 16:00:15"}
{"level":"info","message":"GET /api/attendance/2026/7 304 - - 75.907 ms","timestamp":"2026-07-07 16:00:15"}
{"level":"info","message":"GET /api/users 200 - - 126.339 ms","timestamp":"2026-07-07 16:00:15"}
{"level":"info","message":"GET /api/attendance/2026/7 304 - - 75.806 ms","timestamp":"2026-07-07 16:00:15"}
{"level":"info","message":"GET /api/users 304 - - 88.044 ms","timestamp":"2026-07-07 16:00:15"}
{"level":"info","message":"OPTIONS /api/attendance/2026/7 200 0 - 0.429 ms","timestamp":"2026-07-07 16:00:45"}
{"level":"info","message":"GET /api/attendance/2026/7 304 - - 97.493 ms","timestamp":"2026-07-07 16:00:45"}
{"level":"info","message":"OPTIONS /api/attendance/2026/7 200 0 - 0.160 ms","timestamp":"2026-07-07 16:01:15"}
{"level":"info","message":"GET /api/attendance/2026/7 304 - - 81.912 ms","timestamp":"2026-07-07 16:01:15"}
{"level":"info","message":"OPTIONS /api/attendance/2026/7 200 0 - 0.158 ms","timestamp":"2026-07-07 16:01:45"}
{"level":"info","message":"GET /api/attendance/2026/7 304 - - 84.063 ms","timestamp":"2026-07-07 16:01:45"}
{"level":"info","message":"OPTIONS /api/attendance/2026/7 200 0 - 0.151 ms","timestamp":"2026-07-07 16:02:16"}
{"level":"info","message":"GET /api/attendance/2026/7 304 - - 85.183 ms","timestamp":"2026-07-07 16:02:16"}
{"level":"info","message":"OPTIONS /api/attendance/2026/7 200 0 - 0.165 ms","timestamp":"2026-07-07 16:02:45"}
{"level":"info","message":"GET /api/attendance/2026/7 304 - - 89.789 ms","timestamp":"2026-07-07 16:02:45"}
{"level":"info","message":"OPTIONS /api/attendance/2026/7 200 0 - 0.160 ms","timestamp":"2026-07-07 16:03:15"}
{"level":"info","message":"GET /api/attendance/2026/7 304 - - 91.312 ms","timestamp":"2026-07-07 16:03:15"}
{"level":"info","message":"OPTIONS /api/attendance/2026/7 200 0 - 0.103 ms","timestamp":"2026-07-07 16:03:45"}
{"level":"info","message":"GET /api/attendance/2026/7 304 - - 78.381 ms","timestamp":"2026-07-07 16:03:45"}
{"level":"info","message":"OPTIONS /api/calls/sip-config 200 0 - 0.121 ms","timestamp":"2026-07-07 16:03:59"}
{"level":"info","message":"OPTIONS /api/messages/unread-count 200 0 - 0.052 ms","timestamp":"2026-07-07 16:03:59"}
{"level":"info","message":"OPTIONS /api/calls/sip-config 200 0 - 0.043 ms","timestamp":"2026-07-07 16:03:59"}
{"level":"info","message":"OPTIONS /api/messages/unread-count 200 0 - 0.037 ms","timestamp":"2026-07-07 16:03:59"}
{"level":"info","message":"GET /api/calls/sip-config 304 - - 28.828 ms","timestamp":"2026-07-07 16:03:59"}
{"level":"info","message":"GET /api/messages/unread-count 304 - - 57.081 ms","timestamp":"2026-07-07 16:03:59"}
{"level":"info","message":"GET /api/calls/sip-config 304 - - 27.376 ms","timestamp":"2026-07-07 16:03:59"}
{"level":"info","message":"GET /api/messages/unread-count 304 - - 84.335 ms","timestamp":"2026-07-07 16:04:00"}
{"level":"info","message":"OPTIONS /api/attendance/2026/7 200 0 - 0.092 ms","timestamp":"2026-07-07 16:04:00"}
{"level":"info","message":"OPTIONS /api/users 200 0 - 0.114 ms","timestamp":"2026-07-07 16:04:00"}
{"level":"info","message":"OPTIONS /api/attendance/2026/7 200 0 - 0.129 ms","timestamp":"2026-07-07 16:04:00"}
{"level":"info","message":"GET /api/attendance/2026/7 304 - - 81.313 ms","timestamp":"2026-07-07 16:04:00"}
{"level":"info","message":"GET /api/users 200 - - 127.884 ms","timestamp":"2026-07-07 16:04:00"}
{"level":"info","message":"GET /api/attendance/2026/7 304 - - 78.894 ms","timestamp":"2026-07-07 16:04:00"}
{"level":"info","message":"GET /api/users 304 - - 89.167 ms","timestamp":"2026-07-07 16:04:00"}
{"level":"info","message":"OPTIONS /api/attendance/2026/7 200 0 - 0.077 ms","timestamp":"2026-07-07 16:04:30"}
{"level":"info","message":"GET /api/attendance/2026/7 304 - - 74.260 ms","timestamp":"2026-07-07 16:04:30"}
{"level":"info","message":"OPTIONS /api/attendance/2026/7 200 0 - 0.059 ms","timestamp":"2026-07-07 16:05:00"}
{"level":"info","message":"GET /api/attendance/2026/7 304 - - 90.880 ms","timestamp":"2026-07-07 16:05:00"}
{"level":"info","message":"OPTIONS /api/attendance/2026/7 200 0 - 0.170 ms","timestamp":"2026-07-07 16:05:30"}
{"level":"info","message":"GET /api/attendance/2026/7 304 - - 83.794 ms","timestamp":"2026-07-07 16:05:30"}
{"level":"info","message":"OPTIONS /api/attendance/2026/7 200 0 - 0.047 ms","timestamp":"2026-07-07 16:06:00"}
{"level":"info","message":"GET /api/attendance/2026/7 304 - - 75.227 ms","timestamp":"2026-07-07 16:06:00"}
{"level":"info","message":"OPTIONS /api/attendance/2026/7 200 0 - 0.053 ms","timestamp":"2026-07-07 16:06:30"}
{"level":"info","message":"GET /api/attendance/2026/7 304 - - 100.375 ms","timestamp":"2026-07-07 16:06:30"}
{"level":"info","message":"OPTIONS /api/attendance/2026/7 200 0 - 0.088 ms","timestamp":"2026-07-07 16:07:00"}
{"level":"info","message":"GET /api/attendance/2026/7 304 - - 94.114 ms","timestamp":"2026-07-07 16:07:00"}
{"level":"info","message":"OPTIONS /api/attendance/2026/7 200 0 - 0.075 ms","timestamp":"2026-07-07 16:07:30"}
{"level":"info","message":"GET /api/attendance/2026/7 304 - - 114.507 ms","timestamp":"2026-07-07 16:07:30"}
{"level":"info","message":"OPTIONS /api/attendance/2026/7 200 0 - 0.048 ms","timestamp":"2026-07-07 16:08:00"}
{"level":"info","message":"GET /api/attendance/2026/7 304 - - 79.631 ms","timestamp":"2026-07-07 16:08:00"}
{"level":"info","message":"OPTIONS /api/calls/sip-config 200 0 - 0.057 ms","timestamp":"2026-07-07 16:08:20"}
{"level":"info","message":"OPTIONS /api/messages/unread-count 200 0 - 0.081 ms","timestamp":"2026-07-07 16:08:20"}
{"level":"info","message":"OPTIONS /api/calls/sip-config 200 0 - 0.072 ms","timestamp":"2026-07-07 16:08:20"}
{"level":"info","message":"OPTIONS /api/messages/unread-count 200 0 - 0.056 ms","timestamp":"2026-07-07 16:08:20"}
{"level":"info","message":"GET /api/calls/sip-config 304 - - 27.015 ms","timestamp":"2026-07-07 16:08:20"}
{"level":"info","message":"GET /api/calls/sip-config 304 - - 24.081 ms","timestamp":"2026-07-07 16:08:20"}
{"level":"info","message":"GET /api/messages/unread-count 304 - - 60.821 ms","timestamp":"2026-07-07 16:08:20"}
{"level":"info","message":"GET /api/messages/unread-count 304 - - 55.275 ms","timestamp":"2026-07-07 16:08:20"}
{"level":"info","message":"OPTIONS /api/attendance/2026/7 200 0 - 0.093 ms","timestamp":"2026-07-07 16:08:20"}
{"level":"info","message":"OPTIONS /api/users 200 0 - 0.057 ms","timestamp":"2026-07-07 16:08:20"}
{"level":"info","message":"OPTIONS /api/attendance/2026/7 200 0 - 0.056 ms","timestamp":"2026-07-07 16:08:20"}
{"level":"info","message":"GET /api/attendance/2026/7 304 - - 76.639 ms","timestamp":"2026-07-07 16:08:20"}
{"level":"info","message":"GET /api/users 200 - - 123.576 ms","timestamp":"2026-07-07 16:08:20"}
{"level":"info","message":"GET /api/attendance/2026/7 304 - - 76.870 ms","timestamp":"2026-07-07 16:08:20"}
{"level":"info","message":"GET /api/users 304 - - 88.560 ms","timestamp":"2026-07-07 16:08:20"}
{"level":"info","message":"OPTIONS /api/attendance/2026/7 200 0 - 0.309 ms","timestamp":"2026-07-07 16:08:50"}
{"level":"info","message":"GET /api/attendance/2026/7 304 - - 94.348 ms","timestamp":"2026-07-07 16:08:50"}
{"level":"info","message":"OPTIONS /api/attendance/2026/7 200 0 - 0.260 ms","timestamp":"2026-07-07 16:09:20"}
{"level":"info","message":"GET /api/attendance/2026/7 304 - - 90.018 ms","timestamp":"2026-07-07 16:09:20"}
{"level":"info","message":"OPTIONS /api/attendance/2026/7 200 0 - 0.336 ms","timestamp":"2026-07-07 16:09:50"}
{"level":"info","message":"GET /api/attendance/2026/7 304 - - 90.584 ms","timestamp":"2026-07-07 16:09:50"}
{"level":"info","message":"OPTIONS /api/attendance/2026/7 200 0 - 0.180 ms","timestamp":"2026-07-07 16:10:20"}
{"level":"info","message":"GET /api/attendance/2026/7 304 - - 82.537 ms","timestamp":"2026-07-07 16:10:20"}
{"level":"info","message":"OPTIONS /api/attendance/2026/7 200 0 - 0.160 ms","timestamp":"2026-07-07 16:10:50"}
{"level":"info","message":"GET /api/attendance/2026/7 304 - - 79.921 ms","timestamp":"2026-07-07 16:10:50"}
{"level":"info","message":"OPTIONS /api/attendance/2026/7 200 0 - 0.200 ms","timestamp":"2026-07-07 16:11:20"}
{"level":"info","message":"GET /api/attendance/2026/7 304 - - 87.048 ms","timestamp":"2026-07-07 16:11:20"}
{"level":"info","message":"OPTIONS /api/attendance/2026/7 200 0 - 0.137 ms","timestamp":"2026-07-07 16:11:50"}
{"level":"info","message":"GET /api/attendance/2026/7 304 - - 87.199 ms","timestamp":"2026-07-07 16:11:50"}
{"level":"info","message":"OPTIONS /api/calls/sip-config 200 0 - 0.116 ms","timestamp":"2026-07-07 16:12:11"}
{"level":"info","message":"OPTIONS /api/messages/unread-count 200 0 - 0.050 ms","timestamp":"2026-07-07 16:12:11"}
{"level":"info","message":"OPTIONS /api/calls/sip-config 200 0 - 0.045 ms","timestamp":"2026-07-07 16:12:11"}
{"level":"info","message":"OPTIONS /api/messages/unread-count 200 0 - 0.052 ms","timestamp":"2026-07-07 16:12:11"}
{"level":"info","message":"GET /api/calls/sip-config 304 - - 36.844 ms","timestamp":"2026-07-07 16:12:11"}
{"level":"info","message":"GET /api/messages/unread-count 304 - - 53.568 ms","timestamp":"2026-07-07 16:12:11"}
{"level":"info","message":"GET /api/calls/sip-config 304 - - 28.392 ms","timestamp":"2026-07-07 16:12:11"}
{"level":"info","message":"GET /api/messages/unread-count 304 - - 65.078 ms","timestamp":"2026-07-07 16:12:11"}
{"level":"info","message":"OPTIONS /api/attendance/2026/7 200 0 - 0.063 ms","timestamp":"2026-07-07 16:12:11"}
{"level":"info","message":"OPTIONS /api/users 200 0 - 0.059 ms","timestamp":"2026-07-07 16:12:11"}
{"level":"info","message":"OPTIONS /api/attendance/2026/7 200 0 - 0.066 ms","timestamp":"2026-07-07 16:12:11"}
{"level":"info","message":"GET /api/attendance/2026/7 304 - - 82.380 ms","timestamp":"2026-07-07 16:12:11"}
{"level":"info","message":"GET /api/users 200 - - 107.136 ms","timestamp":"2026-07-07 16:12:11"}
{"level":"info","message":"GET /api/attendance/2026/7 304 - - 88.572 ms","timestamp":"2026-07-07 16:12:12"}
{"level":"info","message":"GET /api/users 304 - - 81.303 ms","timestamp":"2026-07-07 16:12:12"}
{"level":"info","message":"OPTIONS /api/attendance/2026/7 200 0 - 0.168 ms","timestamp":"2026-07-07 16:12:41"}
{"level":"info","message":"GET /api/attendance/2026/7 304 - - 97.643 ms","timestamp":"2026-07-07 16:12:41"}
{"level":"info","message":"OPTIONS /api/attendance/2026/7 200 0 - 0.191 ms","timestamp":"2026-07-07 16:13:11"}
{"level":"info","message":"GET /api/attendance/2026/7 304 - - 79.219 ms","timestamp":"2026-07-07 16:13:11"}
{"level":"info","message":"OPTIONS /api/attendance/2026/7 200 0 - 0.164 ms","timestamp":"2026-07-07 16:13:41"}
{"level":"info","message":"GET /api/attendance/2026/7 304 - - 76.180 ms","timestamp":"2026-07-07 16:13:41"}
{"level":"info","message":"OPTIONS /api/attendance/2026/7 200 0 - 0.058 ms","timestamp":"2026-07-07 16:14:12"}
{"level":"info","message":"GET /api/attendance/2026/7 304 - - 63.408 ms","timestamp":"2026-07-07 16:14:12"}
{"level":"info","message":"OPTIONS /api/attendance/2026/7 200 0 - 0.154 ms","timestamp":"2026-07-07 16:14:42"}
{"level":"info","message":"GET /api/attendance/2026/7 304 - - 84.322 ms","timestamp":"2026-07-07 16:14:42"}
{"level":"info","message":"OPTIONS /api/attendance/2026/7 200 0 - 0.156 ms","timestamp":"2026-07-07 16:15:12"}
{"level":"info","message":"GET /api/attendance/2026/7 304 - - 81.491 ms","timestamp":"2026-07-07 16:15:12"}
{"level":"info","message":"OPTIONS /api/attendance/2026/7 200 0 - 0.170 ms","timestamp":"2026-07-07 16:16:10"}
{"level":"info","message":"GET /api/attendance/2026/7 304 - - 68.112 ms","timestamp":"2026-07-07 16:16:10"}
{"level":"info","message":"OPTIONS /api/attendance/2026/7 200 0 - 0.259 ms","timestamp":"2026-07-07 16:17:10"}
{"level":"info","message":"GET /api/attendance/2026/7 304 - - 67.070 ms","timestamp":"2026-07-07 16:17:10"}
{"level":"info","message":"OPTIONS /api/attendance/2026/7 200 0 - 0.138 ms","timestamp":"2026-07-07 16:18:10"}
{"level":"info","message":"GET /api/attendance/2026/7 304 - - 69.532 ms","timestamp":"2026-07-07 16:18:10"}
{"level":"info","message":"OPTIONS /api/attendance/2026/7 200 0 - 0.151 ms","timestamp":"2026-07-07 16:19:10"}
{"level":"info","message":"GET /api/attendance/2026/7 304 - - 64.366 ms","timestamp":"2026-07-07 16:19:10"}
{"level":"info","message":"OPTIONS /api/attendance/2026/7 200 0 - 0.083 ms","timestamp":"2026-07-07 16:20:10"}
{"level":"info","message":"GET /api/attendance/2026/7 304 - - 76.294 ms","timestamp":"2026-07-07 16:20:10"}
{"level":"info","message":"OPTIONS /api/attendance/2026/7 200 0 - 0.095 ms","timestamp":"2026-07-07 16:21:10"}
{"level":"info","message":"GET /api/attendance/2026/7 304 - - 115.271 ms","timestamp":"2026-07-07 16:21:10"}
{"level":"info","message":"OPTIONS /api/attendance/2026/7 200 0 - 0.057 ms","timestamp":"2026-07-07 16:22:10"}
{"level":"info","message":"GET /api/attendance/2026/7 304 - - 108.350 ms","timestamp":"2026-07-07 16:22:10"}
{"level":"info","message":"OPTIONS /api/attendance/2026/7 200 0 - 0.138 ms","timestamp":"2026-07-07 16:23:10"}
{"level":"info","message":"GET /api/attendance/2026/7 304 - - 67.483 ms","timestamp":"2026-07-07 16:23:10"}
{"level":"info","message":"OPTIONS /api/attendance/2026/7 200 0 - 0.084 ms","timestamp":"2026-07-07 16:24:10"}
{"level":"info","message":"GET /api/attendance/2026/7 304 - - 63.860 ms","timestamp":"2026-07-07 16:24:10"}
{"level":"info","message":"OPTIONS /api/attendance/2026/7 200 0 - 0.081 ms","timestamp":"2026-07-07 16:25:10"}
{"level":"info","message":"GET /api/attendance/2026/7 304 - - 64.481 ms","timestamp":"2026-07-07 16:25:10"}
{"level":"info","message":"OPTIONS /api/attendance/2026/7 200 0 - 0.234 ms","timestamp":"2026-07-07 16:26:10"}
{"level":"info","message":"GET /api/attendance/2026/7 304 - - 81.100 ms","timestamp":"2026-07-07 16:26:10"}
{"level":"info","message":"OPTIONS /api/attendance/2026/7 200 0 - 0.153 ms","timestamp":"2026-07-07 16:26:42"}
{"level":"info","message":"GET /api/attendance/2026/7 304 - - 81.195 ms","timestamp":"2026-07-07 16:26:42"}
{"level":"info","message":"OPTIONS /api/attendance/2026/7 200 0 - 0.049 ms","timestamp":"2026-07-07 16:27:12"}
{"level":"info","message":"GET /api/attendance/2026/7 304 - - 75.510 ms","timestamp":"2026-07-07 16:27:12"}
{"level":"info","message":"OPTIONS /api/attendance/2026/7 200 0 - 0.353 ms","timestamp":"2026-07-07 16:28:10"}
{"level":"info","message":"GET /api/attendance/2026/7 304 - - 82.203 ms","timestamp":"2026-07-07 16:28:10"}
{"level":"info","message":"OPTIONS /api/attendance/2026/7 200 0 - 0.053 ms","timestamp":"2026-07-07 16:29:10"}
{"level":"info","message":"GET /api/attendance/2026/7 304 - - 86.146 ms","timestamp":"2026-07-07 16:29:10"}
{"level":"info","message":"OPTIONS /api/attendance/2026/7 200 0 - 0.197 ms","timestamp":"2026-07-07 16:30:10"}
{"level":"info","message":"GET /api/attendance/2026/7 304 - - 66.974 ms","timestamp":"2026-07-07 16:30:10"}
{"level":"info","message":"OPTIONS /api/attendance/2026/7 200 0 - 0.108 ms","timestamp":"2026-07-07 16:31:10"}
{"level":"info","message":"GET /api/attendance/2026/7 304 - - 185.490 ms","timestamp":"2026-07-07 16:31:10"}
{"level":"info","message":"OPTIONS /api/attendance/2026/7 200 0 - 0.162 ms","timestamp":"2026-07-07 16:32:10"}
{"level":"info","message":"GET /api/attendance/2026/7 304 - - 76.763 ms","timestamp":"2026-07-07 16:32:10"}
{"level":"info","message":"OPTIONS /api/attendance/2026/7 200 0 - 0.321 ms","timestamp":"2026-07-07 16:33:10"}
{"level":"info","message":"GET /api/attendance/2026/7 304 - - 64.542 ms","timestamp":"2026-07-07 16:33:10"}
{"level":"info","message":"OPTIONS /api/attendance/2026/7 200 0 - 0.079 ms","timestamp":"2026-07-07 16:34:10"}
{"level":"info","message":"GET /api/attendance/2026/7 304 - - 61.688 ms","timestamp":"2026-07-07 16:34:10"}
{"level":"info","message":"OPTIONS /api/attendance/2026/7 200 0 - 0.537 ms","timestamp":"2026-07-07 16:35:10"}
{"level":"info","message":"GET /api/attendance/2026/7 304 - - 85.231 ms","timestamp":"2026-07-07 16:35:10"}
{"level":"info","message":"OPTIONS /api/attendance/2026/7 200 0 - 0.299 ms","timestamp":"2026-07-07 16:36:10"}
{"level":"info","message":"GET /api/attendance/2026/7 304 - - 78.814 ms","timestamp":"2026-07-07 16:36:10"}
{"level":"info","message":"OPTIONS /api/attendance/2026/7 200 0 - 0.239 ms","timestamp":"2026-07-07 16:37:10"}
{"level":"info","message":"GET /api/attendance/2026/7 304 - - 67.297 ms","timestamp":"2026-07-07 16:37:10"}
{"level":"info","message":"OPTIONS /api/attendance/2026/7 200 0 - 0.146 ms","timestamp":"2026-07-07 16:38:10"}
{"level":"info","message":"GET /api/attendance/2026/7 304 - - 64.727 ms","timestamp":"2026-07-07 16:38:10"}
{"level":"info","message":"OPTIONS /api/attendance/2026/7 200 0 - 0.090 ms","timestamp":"2026-07-07 16:39:10"}
{"level":"info","message":"GET /api/attendance/2026/7 304 - - 72.751 ms","timestamp":"2026-07-07 16:39:10"}
{"level":"info","message":"OPTIONS /api/attendance/2026/7 200 0 - 0.088 ms","timestamp":"2026-07-07 16:40:10"}
{"level":"info","message":"GET /api/attendance/2026/7 304 - - 71.188 ms","timestamp":"2026-07-07 16:40:10"}
{"level":"info","message":"OPTIONS /api/attendance/2026/7 200 0 - 0.100 ms","timestamp":"2026-07-07 16:41:10"}
{"level":"info","message":"GET /api/attendance/2026/7 304 - - 64.329 ms","timestamp":"2026-07-07 16:41:10"}
{"level":"info","message":"OPTIONS /api/attendance/2026/7 200 0 - 0.195 ms","timestamp":"2026-07-07 16:42:10"}
{"level":"info","message":"GET /api/attendance/2026/7 304 - - 64.929 ms","timestamp":"2026-07-07 16:42:10"}
{"level":"info","message":"OPTIONS /api/attendance/2026/7 200 0 - 0.056 ms","timestamp":"2026-07-07 16:42:59"}
{"level":"info","message":"GET /api/attendance/2026/7 304 - - 79.615 ms","timestamp":"2026-07-07 16:42:59"}
{"level":"info","message":"OPTIONS /api/calls/sip-config 200 0 - 0.054 ms","timestamp":"2026-07-07 16:43:08"}
{"level":"info","message":"OPTIONS /api/messages/unread-count 200 0 - 0.081 ms","timestamp":"2026-07-07 16:43:08"}
{"level":"info","message":"OPTIONS /api/calls/sip-config 200 0 - 0.052 ms","timestamp":"2026-07-07 16:43:08"}
{"level":"info","message":"OPTIONS /api/messages/unread-count 200 0 - 0.049 ms","timestamp":"2026-07-07 16:43:08"}
{"level":"info","message":"GET /api/calls/sip-config 304 - - 24.554 ms","timestamp":"2026-07-07 16:43:08"}
{"level":"info","message":"GET /api/messages/unread-count 304 - - 40.703 ms","timestamp":"2026-07-07 16:43:08"}
{"level":"info","message":"GET /api/calls/sip-config 304 - - 23.391 ms","timestamp":"2026-07-07 16:43:08"}
{"level":"info","message":"GET /api/messages/unread-count 304 - - 48.770 ms","timestamp":"2026-07-07 16:43:08"}
{"level":"info","message":"OPTIONS /api/attendance/2026/7 200 0 - 0.054 ms","timestamp":"2026-07-07 16:43:08"}
{"level":"info","message":"OPTIONS /api/users 200 0 - 0.072 ms","timestamp":"2026-07-07 16:43:08"}
{"level":"info","message":"OPTIONS /api/attendance/2026/7 200 0 - 0.059 ms","timestamp":"2026-07-07 16:43:08"}
{"level":"info","message":"GET /api/attendance/2026/7 304 - - 62.864 ms","timestamp":"2026-07-07 16:43:08"}
{"level":"info","message":"GET /api/attendance/2026/7 304 - - 69.249 ms","timestamp":"2026-07-07 16:43:08"}
{"level":"info","message":"GET /api/users 200 - - 127.738 ms","timestamp":"2026-07-07 16:43:08"}
{"level":"info","message":"GET /api/users 304 - - 98.569 ms","timestamp":"2026-07-07 16:43:09"}
{"level":"info","message":"OPTIONS /api/attendance/2026/7 200 0 - 0.240 ms","timestamp":"2026-07-07 16:43:38"}
{"level":"info","message":"GET /api/attendance/2026/7 304 - - 82.314 ms","timestamp":"2026-07-07 16:43:38"}
{"level":"info","message":"OPTIONS /api/attendance/2026/7 200 0 - 0.184 ms","timestamp":"2026-07-07 16:44:09"}
{"level":"info","message":"GET /api/attendance/2026/7 304 - - 69.069 ms","timestamp":"2026-07-07 16:44:09"}
{"level":"info","message":"OPTIONS /api/attendance/2026/7 200 0 - 0.153 ms","timestamp":"2026-07-07 16:44:39"}
{"level":"info","message":"GET /api/attendance/2026/7 304 - - 77.146 ms","timestamp":"2026-07-07 16:44:39"}
{"level":"info","message":"OPTIONS /api/attendance/2026/7 200 0 - 0.152 ms","timestamp":"2026-07-07 16:45:09"}
{"level":"info","message":"GET /api/attendance/2026/7 304 - - 71.913 ms","timestamp":"2026-07-07 16:45:09"}
{"level":"info","message":"OPTIONS /api/attendance/2026/7 200 0 - 0.134 ms","timestamp":"2026-07-07 16:45:39"}
{"level":"info","message":"GET /api/attendance/2026/7 304 - - 70.242 ms","timestamp":"2026-07-07 16:45:39"}
{"level":"info","message":"OPTIONS /api/attendance/2026/7 200 0 - 0.274 ms","timestamp":"2026-07-07 16:46:09"}
{"level":"info","message":"GET /api/attendance/2026/7 304 - - 70.902 ms","timestamp":"2026-07-07 16:46:09"}
{"level":"info","message":"OPTIONS /api/attendance/2026/7 200 0 - 0.101 ms","timestamp":"2026-07-07 16:46:39"}
{"level":"info","message":"GET /api/attendance/2026/7 304 - - 72.933 ms","timestamp":"2026-07-07 16:46:39"}
{"level":"info","message":"OPTIONS /api/attendance/2026/7 200 0 - 0.168 ms","timestamp":"2026-07-07 16:47:08"}
{"level":"info","message":"GET /api/attendance/2026/7 304 - - 78.231 ms","timestamp":"2026-07-07 16:47:08"}
{"level":"info","message":"OPTIONS /api/attendance/2026/7 200 0 - 0.124 ms","timestamp":"2026-07-07 16:47:39"}
{"level":"info","message":"GET /api/attendance/2026/7 304 - - 69.214 ms","timestamp":"2026-07-07 16:47:39"}
{"level":"info","message":"OPTIONS /api/attendance/2026/7 200 0 - 0.251 ms","timestamp":"2026-07-07 16:48:08"}
{"level":"info","message":"GET /api/attendance/2026/7 304 - - 72.658 ms","timestamp":"2026-07-07 16:48:08"}
{"level":"info","message":"OPTIONS /api/attendance/2026/7 200 0 - 0.177 ms","timestamp":"2026-07-07 16:48:38"}
{"level":"info","message":"GET /api/attendance/2026/7 304 - - 67.211 ms","timestamp":"2026-07-07 16:48:38"}
{"level":"info","message":"OPTIONS /api/attendance/2026/7 200 0 - 0.239 ms","timestamp":"2026-07-07 16:49:09"}
{"level":"info","message":"GET /api/attendance/2026/7 304 - - 69.339 ms","timestamp":"2026-07-07 16:49:09"}
{"level":"info","message":"OPTIONS /api/attendance/2026/7 200 0 - 0.166 ms","timestamp":"2026-07-07 16:49:38"}
{"level":"info","message":"GET /api/attendance/2026/7 304 - - 80.710 ms","timestamp":"2026-07-07 16:49:38"}
{"level":"info","message":"OPTIONS /api/attendance/2026/7 200 0 - 0.139 ms","timestamp":"2026-07-07 16:50:08"}
{"level":"info","message":"GET /api/attendance/2026/7 304 - - 72.961 ms","timestamp":"2026-07-07 16:50:08"}
{"level":"info","message":"OPTIONS /api/attendance/2026/7 200 0 - 0.170 ms","timestamp":"2026-07-07 16:50:38"}
{"level":"info","message":"GET /api/attendance/2026/7 304 - - 76.929 ms","timestamp":"2026-07-07 16:50:38"}
{"level":"info","message":"OPTIONS /api/attendance/2026/7 200 0 - 0.057 ms","timestamp":"2026-07-07 16:51:08"}
{"level":"info","message":"GET /api/attendance/2026/7 304 - - 62.835 ms","timestamp":"2026-07-07 16:51:08"}
{"level":"info","message":"OPTIONS /api/attendance/2026/7 200 0 - 0.088 ms","timestamp":"2026-07-07 16:51:39"}
{"level":"info","message":"GET /api/attendance/2026/7 304 - - 65.366 ms","timestamp":"2026-07-07 16:51:39"}
{"level":"info","message":"OPTIONS /api/calls/sip-config 200 0 - 0.078 ms","timestamp":"2026-07-07 16:51:46"}
{"level":"info","message":"OPTIONS /api/messages/unread-count 200 0 - 0.048 ms","timestamp":"2026-07-07 16:51:46"}
{"level":"info","message":"OPTIONS /api/calls/sip-config 200 0 - 0.060 ms","timestamp":"2026-07-07 16:51:46"}
{"level":"info","message":"OPTIONS /api/messages/unread-count 200 0 - 0.064 ms","timestamp":"2026-07-07 16:51:46"}
{"level":"info","message":"GET /api/calls/sip-config 304 - - 39.235 ms","timestamp":"2026-07-07 16:51:46"}
{"level":"info","message":"GET /api/calls/sip-config 304 - - 20.678 ms","timestamp":"2026-07-07 16:51:46"}
{"level":"info","message":"GET /api/messages/unread-count 304 - - 63.346 ms","timestamp":"2026-07-07 16:51:46"}
{"level":"info","message":"GET /api/messages/unread-count 304 - - 50.669 ms","timestamp":"2026-07-07 16:51:46"}
{"level":"info","message":"OPTIONS /api/attendance/2026/7 200 0 - 0.165 ms","timestamp":"2026-07-07 16:51:46"}
{"level":"info","message":"OPTIONS /api/users 200 0 - 0.143 ms","timestamp":"2026-07-07 16:51:46"}
{"level":"info","message":"GET /api/attendance/2026/7 304 - - 75.471 ms","timestamp":"2026-07-07 16:51:46"}
{"level":"info","message":"GET /api/users 200 - - 113.687 ms","timestamp":"2026-07-07 16:51:46"}
{"level":"info","message":"GET /api/attendance/2026/7 304 - - 78.420 ms","timestamp":"2026-07-07 16:51:46"}
{"level":"info","message":"GET /api/users 304 - - 90.774 ms","timestamp":"2026-07-07 16:51:46"}
{"level":"info","message":"OPTIONS /api/attendance/2026/7 200 0 - 0.260 ms","timestamp":"2026-07-07 16:52:16"}
{"level":"info","message":"GET /api/attendance/2026/7 304 - - 68.449 ms","timestamp":"2026-07-07 16:52:16"}
{"level":"info","message":"OPTIONS /api/attendance/2026/7 200 0 - 0.176 ms","timestamp":"2026-07-07 16:52:46"}
{"level":"info","message":"GET /api/attendance/2026/7 304 - - 79.064 ms","timestamp":"2026-07-07 16:52:46"}
{"level":"info","message":"OPTIONS /api/attendance/2026/7 200 0 - 0.155 ms","timestamp":"2026-07-07 16:53:16"}
{"level":"info","message":"GET /api/attendance/2026/7 304 - - 75.999 ms","timestamp":"2026-07-07 16:53:16"}
{"level":"info","message":"OPTIONS /api/attendance/2026/7 200 0 - 0.053 ms","timestamp":"2026-07-07 16:53:46"}
{"level":"info","message":"GET /api/attendance/2026/7 304 - - 61.047 ms","timestamp":"2026-07-07 16:53:46"}
{"level":"info","message":"OPTIONS /api/attendance/2026/7 200 0 - 0.051 ms","timestamp":"2026-07-07 16:54:16"}
{"level":"info","message":"GET /api/attendance/2026/7 304 - - 61.809 ms","timestamp":"2026-07-07 16:54:16"}
{"level":"info","message":"OPTIONS /api/attendance/2026/7 200 0 - 0.054 ms","timestamp":"2026-07-07 16:54:46"}
{"level":"info","message":"GET /api/attendance/2026/7 304 - - 69.684 ms","timestamp":"2026-07-07 16:54:46"}
{"level":"info","message":"OPTIONS /api/attendance/2026/7 200 0 - 0.069 ms","timestamp":"2026-07-07 16:55:16"}
{"level":"info","message":"GET /api/attendance/2026/7 304 - - 62.546 ms","timestamp":"2026-07-07 16:55:16"}
{"level":"info","message":"OPTIONS /api/attendance/2026/7 200 0 - 0.086 ms","timestamp":"2026-07-07 16:55:46"}
{"level":"info","message":"GET /api/attendance/2026/7 304 - - 64.038 ms","timestamp":"2026-07-07 16:55:46"}
{"level":"info","message":"OPTIONS /api/attendance/2026/7 200 0 - 0.167 ms","timestamp":"2026-07-07 16:56:16"}
{"level":"info","message":"GET /api/attendance/2026/7 304 - - 72.729 ms","timestamp":"2026-07-07 16:56:16"}
{"level":"info","message":"OPTIONS /api/attendance/2026/7 200 0 - 0.158 ms","timestamp":"2026-07-07 16:56:46"}
{"level":"info","message":"GET /api/attendance/2026/7 304 - - 78.434 ms","timestamp":"2026-07-07 16:56:46"}
{"level":"info","message":"OPTIONS /api/attendance/2026/7 200 0 - 0.071 ms","timestamp":"2026-07-07 16:57:16"}
{"level":"info","message":"GET /api/attendance/2026/7 304 - - 67.263 ms","timestamp":"2026-07-07 16:57:16"}
{"level":"info","message":"OPTIONS /api/attendance/2026/7 200 0 - 0.136 ms","timestamp":"2026-07-07 16:57:46"}
{"level":"info","message":"GET /api/attendance/2026/7 304 - - 79.558 ms","timestamp":"2026-07-07 16:57:46"}
{"level":"info","message":"OPTIONS /api/attendance/2026/7 200 0 - 0.105 ms","timestamp":"2026-07-07 16:58:50"}
{"level":"info","message":"GET /api/attendance/2026/7 304 - - 69.672 ms","timestamp":"2026-07-07 16:58:50"}
{"level":"info","message":"OPTIONS /api/attendance/2026/7 200 0 - 0.091 ms","timestamp":"2026-07-07 16:59:46"}
{"level":"info","message":"GET /api/attendance/2026/7 304 - - 77.616 ms","timestamp":"2026-07-07 16:59:47"}
{"level":"info","message":"OPTIONS /api/attendance/2026/7 200 0 - 0.052 ms","timestamp":"2026-07-07 17:00:16"}
{"level":"info","message":"GET /api/attendance/2026/7 304 - - 73.426 ms","timestamp":"2026-07-07 17:00:16"}
{"level":"info","message":"OPTIONS /api/attendance/2026/7 200 0 - 0.150 ms","timestamp":"2026-07-07 17:00:46"}
{"level":"info","message":"GET /api/attendance/2026/7 304 - - 75.519 ms","timestamp":"2026-07-07 17:00:46"}
{"level":"info","message":"OPTIONS /api/attendance/2026/7 200 0 - 0.170 ms","timestamp":"2026-07-07 17:01:16"}
{"level":"info","message":"GET /api/attendance/2026/7 304 - - 86.670 ms","timestamp":"2026-07-07 17:01:16"}
{"level":"info","message":"OPTIONS /api/attendance/2026/7 200 0 - 0.145 ms","timestamp":"2026-07-07 17:01:46"}
{"level":"info","message":"GET /api/attendance/2026/7 304 - - 80.016 ms","timestamp":"2026-07-07 17:01:46"}
{"level":"info","message":"OPTIONS /api/attendance/2026/7 200 0 - 0.157 ms","timestamp":"2026-07-07 17:02:16"}
{"level":"info","message":"GET /api/attendance/2026/7 304 - - 87.893 ms","timestamp":"2026-07-07 17:02:16"}
{"level":"info","message":"OPTIONS /api/attendance/2026/7 200 0 - 0.203 ms","timestamp":"2026-07-07 17:02:46"}
{"level":"info","message":"GET /api/attendance/2026/7 304 - - 83.471 ms","timestamp":"2026-07-07 17:02:46"}
{"level":"info","message":"OPTIONS /api/attendance/2026/7 200 0 - 0.243 ms","timestamp":"2026-07-07 17:03:16"}
{"level":"info","message":"GET /api/attendance/2026/7 304 - - 76.252 ms","timestamp":"2026-07-07 17:03:16"}
{"level":"info","message":"OPTIONS /api/attendance/2026/7 200 0 - 0.144 ms","timestamp":"2026-07-07 17:03:46"}
{"level":"info","message":"GET /api/attendance/2026/7 304 - - 76.623 ms","timestamp":"2026-07-07 17:03:46"}
{"level":"info","message":"OPTIONS /api/attendance/2026/7 200 0 - 0.176 ms","timestamp":"2026-07-07 17:04:16"}
{"level":"info","message":"GET /api/attendance/2026/7 304 - - 75.433 ms","timestamp":"2026-07-07 17:04:16"}
{"level":"info","message":"OPTIONS /api/calls/sip-config 200 0 - 0.096 ms","timestamp":"2026-07-07 17:04:17"}
{"level":"info","message":"OPTIONS /api/messages/unread-count 200 0 - 0.058 ms","timestamp":"2026-07-07 17:04:17"}
{"level":"info","message":"OPTIONS /api/calls/sip-config 200 0 - 0.036 ms","timestamp":"2026-07-07 17:04:17"}
{"level":"info","message":"GET /api/calls/sip-config 304 - - 28.765 ms","timestamp":"2026-07-07 17:04:17"}
{"level":"info","message":"GET /api/messages/unread-count 304 - - 45.212 ms","timestamp":"2026-07-07 17:04:17"}
{"level":"info","message":"GET /api/calls/sip-config 304 - - 29.464 ms","timestamp":"2026-07-07 17:04:17"}
{"level":"info","message":"GET /api/messages/unread-count 304 - - 39.841 ms","timestamp":"2026-07-07 17:04:17"}
{"level":"info","message":"OPTIONS /api/users 200 0 - 0.057 ms","timestamp":"2026-07-07 17:04:17"}
{"level":"info","message":"OPTIONS /api/users 200 0 - 0.061 ms","timestamp":"2026-07-07 17:04:17"}
{"level":"info","message":"GET /api/attendance/2026/7 304 - - 74.797 ms","timestamp":"2026-07-07 17:04:17"}
{"level":"info","message":"GET /api/users 200 - - 104.586 ms","timestamp":"2026-07-07 17:04:17"}
{"level":"info","message":"GET /api/attendance/2026/7 304 - - 71.093 ms","timestamp":"2026-07-07 17:04:17"}
{"level":"info","message":"GET /api/users 304 - - 80.995 ms","timestamp":"2026-07-07 17:04:17"}
{"level":"info","message":"OPTIONS /api/attendance/2026/7 200 0 - 0.059 ms","timestamp":"2026-07-07 17:04:47"}
{"level":"info","message":"GET /api/attendance/2026/7 304 - - 65.049 ms","timestamp":"2026-07-07 17:04:47"}
{"level":"info","message":"OPTIONS /api/attendance/2026/7 200 0 - 0.111 ms","timestamp":"2026-07-07 17:05:17"}
{"level":"info","message":"GET /api/attendance/2026/7 304 - - 77.506 ms","timestamp":"2026-07-07 17:05:17"}
{"level":"info","message":"OPTIONS /api/attendance/2026/7 200 0 - 0.073 ms","timestamp":"2026-07-07 17:05:47"}
{"level":"info","message":"GET /api/attendance/2026/7 304 - - 74.273 ms","timestamp":"2026-07-07 17:05:47"}
{"level":"info","message":"OPTIONS /api/attendance/2026/7 200 0 - 0.156 ms","timestamp":"2026-07-07 17:06:17"}
{"level":"info","message":"GET /api/attendance/2026/7 304 - - 71.451 ms","timestamp":"2026-07-07 17:06:17"}
{"level":"info","message":"OPTIONS /api/attendance/2026/7 200 0 - 0.152 ms","timestamp":"2026-07-07 17:06:47"}
{"level":"info","message":"GET /api/attendance/2026/7 304 - - 77.040 ms","timestamp":"2026-07-07 17:06:47"}
{"level":"info","message":"OPTIONS /api/calls/sip-config 200 0 - 0.113 ms","timestamp":"2026-07-07 17:06:54"}
{"level":"info","message":"OPTIONS /api/messages/unread-count 200 0 - 0.076 ms","timestamp":"2026-07-07 17:06:54"}
{"level":"info","message":"OPTIONS /api/messages/unread-count 200 0 - 0.060 ms","timestamp":"2026-07-07 17:06:54"}
{"level":"info","message":"GET /api/calls/sip-config 304 - - 23.160 ms","timestamp":"2026-07-07 17:06:54"}
{"level":"info","message":"GET /api/calls/sip-config 304 - - 20.099 ms","timestamp":"2026-07-07 17:06:54"}
{"level":"info","message":"GET /api/messages/unread-count 304 - - 49.206 ms","timestamp":"2026-07-07 17:06:54"}
{"level":"info","message":"GET /api/messages/unread-count 304 - - 45.696 ms","timestamp":"2026-07-07 17:06:54"}
{"level":"info","message":"GET /api/calls/sip-config 304 - - 27.885 ms","timestamp":"2026-07-07 17:06:56"}
{"level":"info","message":"GET /api/calls/sip-config 304 - - 24.543 ms","timestamp":"2026-07-07 17:06:56"}
{"level":"info","message":"GET /api/messages/unread-count 304 - - 55.063 ms","timestamp":"2026-07-07 17:06:56"}
{"level":"info","message":"GET /api/messages/unread-count 304 - - 41.338 ms","timestamp":"2026-07-07 17:06:56"}
{"level":"info","message":"GET /api/calls/sip-config 304 - - 22.972 ms","timestamp":"2026-07-07 17:06:58"}
{"level":"info","message":"GET /api/calls/sip-config 304 - - 22.175 ms","timestamp":"2026-07-07 17:06:58"}
{"level":"info","message":"GET /api/messages/unread-count 304 - - 50.168 ms","timestamp":"2026-07-07 17:06:58"}
{"level":"info","message":"GET /api/messages/unread-count - - - - ms","timestamp":"2026-07-07 17:06:58"}
{"level":"info","message":"GET /api/calls/sip-config 304 - - 21.186 ms","timestamp":"2026-07-07 17:06:58"}
{"level":"info","message":"GET /api/messages/unread-count 200 17 - 48.852 ms","timestamp":"2026-07-07 17:06:58"}
{"level":"info","message":"GET /api/calls/sip-config 304 - - 23.697 ms","timestamp":"2026-07-07 17:06:58"}
{"level":"info","message":"GET /api/messages/unread-count 304 - - 56.519 ms","timestamp":"2026-07-07 17:06:58"}
{"level":"info","message":"OPTIONS /api/calls/sip-config 200 0 - 0.096 ms","timestamp":"2026-07-07 17:07:56"}
{"level":"info","message":"OPTIONS /api/messages/unread-count 200 0 - 0.078 ms","timestamp":"2026-07-07 17:07:56"}
{"level":"info","message":"OPTIONS /api/calls/sip-config 200 0 - 0.095 ms","timestamp":"2026-07-07 17:07:56"}
{"level":"info","message":"OPTIONS /api/messages/unread-count 200 0 - 0.063 ms","timestamp":"2026-07-07 17:07:56"}
{"level":"info","message":"GET /api/calls/sip-config 200 197 - 41.744 ms","timestamp":"2026-07-07 17:07:56"}
{"level":"info","message":"GET /api/calls/sip-config 200 197 - 53.456 ms","timestamp":"2026-07-07 17:07:56"}
{"level":"info","message":"GET /api/messages/unread-count 200 17 - 79.370 ms","timestamp":"2026-07-07 17:07:56"}
{"level":"info","message":"GET /api/messages/unread-count 200 17 - 103.109 ms","timestamp":"2026-07-07 17:07:56"}
{"level":"info","message":"OPTIONS /api/calls/sip-config 200 0 - 0.079 ms","timestamp":"2026-07-07 17:08:18"}
{"level":"info","message":"OPTIONS /api/messages/unread-count 200 0 - 0.064 ms","timestamp":"2026-07-07 17:08:18"}
{"level":"info","message":"OPTIONS /api/calls/sip-config 200 0 - 0.075 ms","timestamp":"2026-07-07 17:08:18"}
{"level":"info","message":"OPTIONS /api/messages/unread-count 200 0 - 0.067 ms","timestamp":"2026-07-07 17:08:18"}
{"level":"info","message":"GET /api/calls/sip-config 200 197 - 36.262 ms","timestamp":"2026-07-07 17:08:18"}
{"level":"info","message":"GET /api/calls/sip-config 200 197 - 55.832 ms","timestamp":"2026-07-07 17:08:18"}
{"level":"info","message":"GET /api/messages/unread-count 200 17 - 70.203 ms","timestamp":"2026-07-07 17:08:18"}
{"level":"info","message":"GET /api/messages/unread-count 200 17 - 75.408 ms","timestamp":"2026-07-07 17:08:18"}
{"level":"info","message":"GET /api/calls/sip-config 304 - - 28.972 ms","timestamp":"2026-07-07 17:08:23"}
{"level":"info","message":"GET /api/messages/unread-count 304 - - 46.140 ms","timestamp":"2026-07-07 17:08:23"}
{"level":"info","message":"GET /api/calls/sip-config 304 - - 25.206 ms","timestamp":"2026-07-07 17:08:23"}
{"level":"info","message":"GET /api/messages/unread-count 304 - - 39.190 ms","timestamp":"2026-07-07 17:08:23"}
{"level":"info","message":"OPTIONS /api/calls/sip-config 200 0 - 0.076 ms","timestamp":"2026-07-07 17:08:28"}
{"level":"info","message":"OPTIONS /api/messages/unread-count 200 0 - 0.095 ms","timestamp":"2026-07-07 17:08:28"}
{"level":"info","message":"OPTIONS /api/calls/sip-config 200 0 - 0.106 ms","timestamp":"2026-07-07 17:08:28"}
{"level":"info","message":"OPTIONS /api/messages/unread-count 200 0 - 0.057 ms","timestamp":"2026-07-07 17:08:28"}
{"level":"info","message":"GET /api/calls/sip-config 304 - - 20.634 ms","timestamp":"2026-07-07 17:08:28"}
{"level":"info","message":"GET /api/calls/sip-config 304 - - 22.571 ms","timestamp":"2026-07-07 17:08:28"}
{"level":"info","message":"GET /api/messages/unread-count 304 - - 48.061 ms","timestamp":"2026-07-07 17:08:29"}
{"level":"info","message":"GET /api/messages/unread-count 304 - - 47.203 ms","timestamp":"2026-07-07 17:08:29"}
{"level":"info","message":"GET /api/calls/sip-config 304 - - 33.874 ms","timestamp":"2026-07-07 17:08:29"}
{"level":"info","message":"GET /api/messages/unread-count 304 - - 44.029 ms","timestamp":"2026-07-07 17:08:29"}
{"level":"info","message":"GET /api/calls/sip-config 304 - - 24.828 ms","timestamp":"2026-07-07 17:08:29"}
{"level":"info","message":"GET /api/messages/unread-count 304 - - 43.839 ms","timestamp":"2026-07-07 17:08:29"}
{"level":"info","message":"OPTIONS /api/calls/sip-config 200 0 - 0.080 ms","timestamp":"2026-07-07 17:09:54"}
{"level":"info","message":"OPTIONS /api/messages/unread-count 200 0 - 0.067 ms","timestamp":"2026-07-07 17:09:54"}
{"level":"info","message":"OPTIONS /api/messages/unread-count 200 0 - 0.077 ms","timestamp":"2026-07-07 17:09:54"}
{"level":"info","message":"OPTIONS /api/calls/sip-config 200 0 - 0.085 ms","timestamp":"2026-07-07 17:09:54"}
{"level":"info","message":"GET /api/calls/sip-config 200 197 - 28.289 ms","timestamp":"2026-07-07 17:09:54"}
{"level":"info","message":"GET /api/calls/sip-config 200 197 - 28.322 ms","timestamp":"2026-07-07 17:09:54"}
{"level":"info","message":"GET /api/messages/unread-count 200 17 - 51.037 ms","timestamp":"2026-07-07 17:09:54"}
{"level":"info","message":"GET /api/messages/unread-count 200 17 - 58.533 ms","timestamp":"2026-07-07 17:09:54"}
{"level":"info","message":"OPTIONS /api/attendance/2026/7 200 0 - 0.128 ms","timestamp":"2026-07-07 17:09:54"}
{"level":"info","message":"OPTIONS /api/users 200 0 - 0.079 ms","timestamp":"2026-07-07 17:09:54"}
{"level":"info","message":"OPTIONS /api/attendance/2026/7 200 0 - 0.082 ms","timestamp":"2026-07-07 17:09:54"}
{"level":"info","message":"OPTIONS /api/users 200 0 - 0.051 ms","timestamp":"2026-07-07 17:09:54"}
{"level":"info","message":"GET /api/attendance/2026/7 200 - - 99.562 ms","timestamp":"2026-07-07 17:09:54"}
{"level":"info","message":"GET /api/attendance/2026/7 200 - - 93.677 ms","timestamp":"2026-07-07 17:09:54"}
{"level":"info","message":"GET /api/users 200 - - 140.302 ms","timestamp":"2026-07-07 17:09:54"}
{"level":"info","message":"GET /api/users 200 - - 142.540 ms","timestamp":"2026-07-07 17:09:54"}
{"level":"info","message":"OPTIONS /api/attendance/2026/7 200 0 - 0.065 ms","timestamp":"2026-07-07 17:10:24"}
{"level":"info","message":"GET /api/attendance/2026/7 304 - - 75.064 ms","timestamp":"2026-07-07 17:10:24"}
{"level":"info","message":"OPTIONS /api/attendance/2026/7 200 0 - 0.153 ms","timestamp":"2026-07-07 17:10:54"}
{"level":"info","message":"GET /api/attendance/2026/7 304 - - 407.590 ms","timestamp":"2026-07-07 17:10:55"}
{"level":"info","message":"OPTIONS /api/attendance/2026/7 200 0 - 0.159 ms","timestamp":"2026-07-07 17:11:25"}
{"level":"info","message":"GET /api/attendance/2026/7 304 - - 101.754 ms","timestamp":"2026-07-07 17:11:25"}
{"level":"info","message":"OPTIONS /api/attendance/2026/7 200 0 - 0.165 ms","timestamp":"2026-07-07 17:11:55"}
{"level":"info","message":"GET /api/attendance/2026/7 304 - - 99.505 ms","timestamp":"2026-07-07 17:11:55"}
{"level":"info","message":"OPTIONS /api/attendance/2026/7 200 0 - 0.164 ms","timestamp":"2026-07-07 17:12:25"}
{"level":"info","message":"GET /api/attendance/2026/7 304 - - 107.799 ms","timestamp":"2026-07-07 17:12:25"}
{"level":"info","message":"OPTIONS /api/attendance/2026/7 200 0 - 0.048 ms","timestamp":"2026-07-07 17:12:55"}
{"level":"info","message":"GET /api/attendance/2026/7 304 - - 94.741 ms","timestamp":"2026-07-07 17:12:55"}
{"level":"info","message":"OPTIONS /api/attendance/2026/7 200 0 - 0.086 ms","timestamp":"2026-07-07 17:13:47"}
{"level":"info","message":"GET /api/attendance/2026/7 304 - - 93.969 ms","timestamp":"2026-07-07 17:13:47"}
{"level":"info","message":"OPTIONS /api/attendance/2026/7 200 0 - 0.223 ms","timestamp":"2026-07-07 17:13:54"}
{"level":"info","message":"GET /api/attendance/2026/7 304 - - 94.883 ms","timestamp":"2026-07-07 17:13:54"}
{"level":"info","message":"OPTIONS /api/attendance/2026/7 200 0 - 0.053 ms","timestamp":"2026-07-07 17:14:24"}
{"level":"info","message":"GET /api/attendance/2026/7 304 - - 94.762 ms","timestamp":"2026-07-07 17:14:24"}
{"level":"info","message":"OPTIONS /api/attendance/2026/7 200 0 - 0.046 ms","timestamp":"2026-07-07 17:14:54"}
{"level":"info","message":"GET /api/attendance/2026/7 304 - - 97.851 ms","timestamp":"2026-07-07 17:14:54"}
{"level":"info","message":"OPTIONS /api/calls/sip-config 200 0 - 0.084 ms","timestamp":"2026-07-07 17:15:11"}
{"level":"info","message":"OPTIONS /api/messages/unread-count 200 0 - 0.075 ms","timestamp":"2026-07-07 17:15:11"}
{"level":"info","message":"OPTIONS /api/calls/sip-config 200 0 - 0.061 ms","timestamp":"2026-07-07 17:15:11"}
{"level":"info","message":"OPTIONS /api/messages/unread-count 200 0 - 0.073 ms","timestamp":"2026-07-07 17:15:11"}
{"level":"info","message":"GET /api/calls/sip-config 304 - - 23.855 ms","timestamp":"2026-07-07 17:15:11"}
{"level":"info","message":"GET /api/messages/unread-count 304 - - 49.203 ms","timestamp":"2026-07-07 17:15:11"}
{"level":"info","message":"GET /api/calls/sip-config 304 - - 24.230 ms","timestamp":"2026-07-07 17:15:11"}
{"level":"info","message":"GET /api/messages/unread-count 304 - - 50.836 ms","timestamp":"2026-07-07 17:15:11"}
{"level":"info","message":"OPTIONS /api/attendance/2026/7 200 0 - 0.055 ms","timestamp":"2026-07-07 17:15:11"}
{"level":"info","message":"OPTIONS /api/users 200 0 - 0.025 ms","timestamp":"2026-07-07 17:15:11"}
{"level":"info","message":"OPTIONS /api/attendance/2026/7 200 0 - 0.036 ms","timestamp":"2026-07-07 17:15:11"}
{"level":"info","message":"GET /api/attendance/2026/7 304 - - 92.854 ms","timestamp":"2026-07-07 17:15:11"}
{"level":"info","message":"GET /api/users 200 - - 125.000 ms","timestamp":"2026-07-07 17:15:11"}
{"level":"info","message":"GET /api/attendance/2026/7 304 - - 73.707 ms","timestamp":"2026-07-07 17:15:11"}
{"level":"info","message":"GET /api/users 304 - - 87.003 ms","timestamp":"2026-07-07 17:15:11"}
{"level":"info","message":"OPTIONS /api/calls/sip-config 200 0 - 0.111 ms","timestamp":"2026-07-07 17:15:35"}
{"level":"info","message":"OPTIONS /api/messages/unread-count 200 0 - 0.069 ms","timestamp":"2026-07-07 17:15:35"}
{"level":"info","message":"OPTIONS /api/messages/unread-count 200 0 - 0.048 ms","timestamp":"2026-07-07 17:15:35"}
{"level":"info","message":"GET /api/calls/sip-config 304 - - 24.563 ms","timestamp":"2026-07-07 17:15:35"}
{"level":"info","message":"GET /api/calls/sip-config 304 - - 24.338 ms","timestamp":"2026-07-07 17:15:35"}
{"level":"info","message":"GET /api/messages/unread-count 304 - - 50.951 ms","timestamp":"2026-07-07 17:15:35"}
{"level":"info","message":"GET /api/messages/unread-count 304 - - 51.532 ms","timestamp":"2026-07-07 17:15:35"}
{"level":"info","message":"OPTIONS /api/attendance/2026/7 200 0 - 0.072 ms","timestamp":"2026-07-07 17:15:35"}
{"level":"info","message":"OPTIONS /api/users 200 0 - 0.066 ms","timestamp":"2026-07-07 17:15:35"}
{"level":"info","message":"OPTIONS /api/attendance/2026/7 200 0 - 0.069 ms","timestamp":"2026-07-07 17:15:35"}
{"level":"info","message":"GET /api/attendance/2026/7 304 - - 84.406 ms","timestamp":"2026-07-07 17:15:35"}
{"level":"info","message":"GET /api/users 200 - - 133.565 ms","timestamp":"2026-07-07 17:15:35"}
{"level":"info","message":"GET /api/attendance/2026/7 304 - - 75.137 ms","timestamp":"2026-07-07 17:15:35"}
{"level":"info","message":"GET /api/users 304 - - 131.374 ms","timestamp":"2026-07-07 17:15:35"}
{"level":"info","message":"OPTIONS /api/attendance/2026/7 200 0 - 0.081 ms","timestamp":"2026-07-07 17:16:05"}
{"level":"info","message":"GET /api/attendance/2026/7 304 - - 71.114 ms","timestamp":"2026-07-07 17:16:05"}
{"level":"info","message":"OPTIONS /api/attendance/2026/7 200 0 - 0.048 ms","timestamp":"2026-07-07 17:16:35"}
{"level":"info","message":"GET /api/attendance/2026/7 304 - - 71.329 ms","timestamp":"2026-07-07 17:16:35"}
{"level":"info","message":"OPTIONS /api/attendance/2026/7 200 0 - 0.065 ms","timestamp":"2026-07-07 17:17:06"}
{"level":"info","message":"GET /api/attendance/2026/7 304 - - 69.330 ms","timestamp":"2026-07-07 17:17:06"}
{"level":"info","message":"OPTIONS /api/attendance/2026/7 200 0 - 0.068 ms","timestamp":"2026-07-07 17:17:36"}
{"level":"info","message":"GET /api/attendance/2026/7 304 - - 69.659 ms","timestamp":"2026-07-07 17:17:36"}
{"level":"info","message":"OPTIONS /api/calls/sip-config 200 0 - 0.052 ms","timestamp":"2026-07-07 17:17:58"}
{"level":"info","message":"OPTIONS /api/messages/unread-count 200 0 - 0.105 ms","timestamp":"2026-07-07 17:17:58"}
{"level":"info","message":"OPTIONS /api/calls/sip-config 200 0 - 0.074 ms","timestamp":"2026-07-07 17:17:58"}
{"level":"info","message":"OPTIONS /api/messages/unread-count 200 0 - 0.080 ms","timestamp":"2026-07-07 17:17:58"}
{"level":"info","message":"GET /api/calls/sip-config 304 - - 28.492 ms","timestamp":"2026-07-07 17:17:58"}
{"level":"info","message":"GET /api/messages/unread-count 304 - - 47.831 ms","timestamp":"2026-07-07 17:17:58"}
{"level":"info","message":"GET /api/calls/sip-config 304 - - 24.058 ms","timestamp":"2026-07-07 17:17:58"}
{"level":"info","message":"GET /api/messages/unread-count 304 - - 45.778 ms","timestamp":"2026-07-07 17:17:58"}
{"level":"info","message":"OPTIONS /api/attendance/2026/7 200 0 - 0.050 ms","timestamp":"2026-07-07 17:17:58"}
{"level":"info","message":"OPTIONS /api/users 200 0 - 0.035 ms","timestamp":"2026-07-07 17:17:58"}
{"level":"info","message":"OPTIONS /api/attendance/2026/7 200 0 - 0.079 ms","timestamp":"2026-07-07 17:17:58"}
{"level":"info","message":"OPTIONS /api/users 200 0 - 0.069 ms","timestamp":"2026-07-07 17:17:58"}
{"level":"info","message":"GET /api/attendance/2026/7 304 - - 71.245 ms","timestamp":"2026-07-07 17:17:58"}
{"level":"info","message":"GET /api/users 200 - - 118.044 ms","timestamp":"2026-07-07 17:17:58"}
{"level":"info","message":"GET /api/attendance/2026/7 304 - - 72.977 ms","timestamp":"2026-07-07 17:17:58"}
{"level":"info","message":"GET /api/users 304 - - 85.063 ms","timestamp":"2026-07-07 17:17:58"}
{"level":"info","message":"OPTIONS /api/attendance/2026/7 200 0 - 0.179 ms","timestamp":"2026-07-07 17:18:28"}
{"level":"info","message":"GET /api/attendance/2026/7 304 - - 87.951 ms","timestamp":"2026-07-07 17:18:28"}
{"level":"info","message":"OPTIONS /api/attendance/2026/7 200 0 - 0.158 ms","timestamp":"2026-07-07 17:18:58"}
{"level":"info","message":"GET /api/attendance/2026/7 304 - - 84.237 ms","timestamp":"2026-07-07 17:18:58"}
{"level":"info","message":"OPTIONS /api/attendance/2026/7 200 0 - 0.097 ms","timestamp":"2026-07-07 17:19:28"}
{"level":"info","message":"GET /api/attendance/2026/7 304 - - 76.947 ms","timestamp":"2026-07-07 17:19:28"}
{"level":"info","message":"OPTIONS /api/attendance/2026/7 200 0 - 0.057 ms","timestamp":"2026-07-07 17:19:58"}
{"level":"info","message":"GET /api/attendance/2026/7 304 - - 70.769 ms","timestamp":"2026-07-07 17:19:58"}
{"level":"info","message":"OPTIONS /api/attendance/2026/7 200 0 - 0.143 ms","timestamp":"2026-07-07 17:20:28"}
{"level":"info","message":"GET /api/attendance/2026/7 304 - - 76.597 ms","timestamp":"2026-07-07 17:20:28"}
{"level":"info","message":"OPTIONS /api/attendance/2026/7 200 0 - 0.152 ms","timestamp":"2026-07-07 17:20:58"}
{"level":"info","message":"GET /api/attendance/2026/7 304 - - 105.909 ms","timestamp":"2026-07-07 17:20:58"}
{"level":"info","message":"OPTIONS /api/attendance/2026/7 200 0 - 0.102 ms","timestamp":"2026-07-07 17:21:28"}
{"level":"info","message":"GET /api/attendance/2026/7 304 - - 71.549 ms","timestamp":"2026-07-07 17:21:28"}
{"level":"info","message":"OPTIONS /api/attendance/2026/7 200 0 - 0.048 ms","timestamp":"2026-07-07 17:21:58"}
{"level":"info","message":"GET /api/attendance/2026/7 200 - - 83.137 ms","timestamp":"2026-07-07 17:21:58"}
{"level":"info","message":"OPTIONS /api/attendance/2026/7 200 0 - 0.141 ms","timestamp":"2026-07-07 17:22:28"}
{"level":"info","message":"GET /api/attendance/2026/7 304 - - 84.666 ms","timestamp":"2026-07-07 17:22:28"}
{"level":"info","message":"OPTIONS /api/attendance/2026/7 200 0 - 0.064 ms","timestamp":"2026-07-07 17:22:58"}
{"level":"info","message":"GET /api/attendance/2026/7 304 - - 73.309 ms","timestamp":"2026-07-07 17:22:58"}
{"level":"info","message":"OPTIONS /api/attendance/2026/7 200 0 - 0.142 ms","timestamp":"2026-07-07 17:23:28"}
{"level":"info","message":"GET /api/attendance/2026/7 304 - - 77.071 ms","timestamp":"2026-07-07 17:23:28"}
{"level":"info","message":"OPTIONS /api/attendance/2026/7 200 0 - 0.065 ms","timestamp":"2026-07-07 17:23:58"}
{"level":"info","message":"GET /api/attendance/2026/7 304 - - 71.825 ms","timestamp":"2026-07-07 17:23:58"}
{"level":"info","message":"OPTIONS /api/attendance/2026/7 200 0 - 0.144 ms","timestamp":"2026-07-07 17:24:28"}
{"level":"info","message":"GET /api/attendance/2026/7 304 - - 76.081 ms","timestamp":"2026-07-07 17:24:28"}
{"level":"info","message":"OPTIONS /api/attendance/2026/7 200 0 - 0.218 ms","timestamp":"2026-07-07 17:24:58"}
{"level":"info","message":"GET /api/attendance/2026/7 304 - - 97.331 ms","timestamp":"2026-07-07 17:24:58"}
{"level":"info","message":"OPTIONS /api/attendance/2026/7 200 0 - 0.049 ms","timestamp":"2026-07-07 17:25:28"}
{"level":"info","message":"GET /api/attendance/2026/7 304 - - 71.620 ms","timestamp":"2026-07-07 17:25:28"}
{"level":"info","message":"OPTIONS /api/attendance/2026/7 200 0 - 0.142 ms","timestamp":"2026-07-07 17:25:58"}
{"level":"info","message":"GET /api/attendance/2026/7 304 - - 80.379 ms","timestamp":"2026-07-07 17:25:58"}
{"level":"info","message":"OPTIONS /api/attendance/2026/7 200 0 - 0.231 ms","timestamp":"2026-07-07 17:26:28"}
{"level":"info","message":"GET /api/attendance/2026/7 304 - - 80.243 ms","timestamp":"2026-07-07 17:26:28"}
{"level":"info","message":"OPTIONS /api/attendance/2026/7 200 0 - 0.147 ms","timestamp":"2026-07-07 17:26:58"}
{"level":"info","message":"GET /api/attendance/2026/7 304 - - 101.225 ms","timestamp":"2026-07-07 17:26:58"}
{"level":"info","message":"OPTIONS /api/attendance/2026/7 200 0 - 0.142 ms","timestamp":"2026-07-07 17:27:28"}
{"level":"info","message":"GET /api/attendance/2026/7 304 - - 85.416 ms","timestamp":"2026-07-07 17:27:28"}
{"level":"info","message":"OPTIONS /api/attendance/2026/7 200 0 - 0.149 ms","timestamp":"2026-07-07 17:27:58"}
{"level":"info","message":"GET /api/attendance/2026/7 304 - - 85.968 ms","timestamp":"2026-07-07 17:27:58"}
{"level":"info","message":"OPTIONS /api/attendance/2026/7 200 0 - 0.139 ms","timestamp":"2026-07-07 17:28:28"}
{"level":"info","message":"GET /api/attendance/2026/7 304 - - 86.283 ms","timestamp":"2026-07-07 17:28:28"}
{"level":"info","message":"OPTIONS /api/attendance/2026/7 200 0 - 0.127 ms","timestamp":"2026-07-07 17:28:58"}
{"level":"info","message":"GET /api/attendance/2026/7 304 - - 89.248 ms","timestamp":"2026-07-07 17:28:58"}
{"level":"info","message":"OPTIONS /api/attendance/2026/7 200 0 - 0.043 ms","timestamp":"2026-07-07 17:29:28"}
{"level":"info","message":"GET /api/attendance/2026/7 304 - - 73.121 ms","timestamp":"2026-07-07 17:29:28"}
{"level":"info","message":"OPTIONS /api/attendance/2026/7 200 0 - 0.144 ms","timestamp":"2026-07-07 17:29:58"}
{"level":"info","message":"GET /api/attendance/2026/7 304 - - 86.797 ms","timestamp":"2026-07-07 17:29:58"}
{"level":"info","message":"OPTIONS /api/attendance/2026/7 200 0 - 0.142 ms","timestamp":"2026-07-07 17:30:28"}
{"level":"info","message":"GET /api/attendance/2026/7 304 - - 90.518 ms","timestamp":"2026-07-07 17:30:28"}
{"level":"info","message":"OPTIONS /api/attendance/2026/7 200 0 - 0.140 ms","timestamp":"2026-07-07 17:30:58"}
{"level":"info","message":"GET /api/attendance/2026/7 304 - - 84.165 ms","timestamp":"2026-07-07 17:30:58"}
{"level":"info","message":"OPTIONS /api/attendance/2026/7 200 0 - 0.061 ms","timestamp":"2026-07-07 17:31:28"}
{"level":"info","message":"GET /api/attendance/2026/7 304 - - 70.905 ms","timestamp":"2026-07-07 17:31:28"}
{"level":"info","message":"OPTIONS /api/attendance/2026/7 200 0 - 0.048 ms","timestamp":"2026-07-07 17:31:58"}
{"level":"info","message":"GET /api/attendance/2026/7 304 - - 95.168 ms","timestamp":"2026-07-07 17:31:58"}
{"level":"info","message":"OPTIONS /api/attendance/2026/7 200 0 - 0.148 ms","timestamp":"2026-07-07 17:32:28"}
{"level":"info","message":"GET /api/attendance/2026/7 304 - - 80.002 ms","timestamp":"2026-07-07 17:32:28"}
{"level":"info","message":"OPTIONS /api/attendance/2026/7 200 0 - 0.056 ms","timestamp":"2026-07-07 17:32:58"}
{"level":"info","message":"GET /api/attendance/2026/7 304 - - 71.700 ms","timestamp":"2026-07-07 17:32:58"}
{"level":"info","message":"OPTIONS /api/attendance/2026/7 200 0 - 0.163 ms","timestamp":"2026-07-07 17:33:28"}
{"level":"info","message":"GET /api/attendance/2026/7 304 - - 85.456 ms","timestamp":"2026-07-07 17:33:28"}
{"level":"info","message":"OPTIONS /api/attendance/2026/7 200 0 - 0.061 ms","timestamp":"2026-07-07 17:33:58"}
{"level":"info","message":"GET /api/attendance/2026/7 304 - - 70.565 ms","timestamp":"2026-07-07 17:33:58"}
{"level":"info","message":"OPTIONS /api/attendance/2026/7 200 0 - 0.049 ms","timestamp":"2026-07-07 17:34:28"}
{"level":"info","message":"GET /api/attendance/2026/7 304 - - 72.036 ms","timestamp":"2026-07-07 17:34:28"}
{"level":"info","message":"OPTIONS /api/attendance/2026/7 200 0 - 0.283 ms","timestamp":"2026-07-07 17:34:58"}
{"level":"info","message":"GET /api/attendance/2026/7 304 - - 75.887 ms","timestamp":"2026-07-07 17:34:58"}
{"level":"info","message":"OPTIONS /api/attendance/2026/7 200 0 - 0.067 ms","timestamp":"2026-07-07 17:35:28"}
{"level":"info","message":"GET /api/attendance/2026/7 304 - - 73.539 ms","timestamp":"2026-07-07 17:35:28"}
{"level":"info","message":"OPTIONS /api/attendance/2026/7 200 0 - 0.138 ms","timestamp":"2026-07-07 17:35:58"}
{"level":"info","message":"GET /api/attendance/2026/7 304 - - 97.606 ms","timestamp":"2026-07-07 17:35:58"}
{"level":"info","message":"OPTIONS /api/attendance/2026/7 200 0 - 0.142 ms","timestamp":"2026-07-07 17:36:28"}
{"level":"info","message":"GET /api/attendance/2026/7 304 - - 91.001 ms","timestamp":"2026-07-07 17:36:28"}
{"level":"info","message":"OPTIONS /api/attendance/2026/7 200 0 - 0.137 ms","timestamp":"2026-07-07 17:36:58"}
{"level":"info","message":"GET /api/attendance/2026/7 304 - - 91.297 ms","timestamp":"2026-07-07 17:36:58"}
{"level":"info","message":"OPTIONS /api/attendance/2026/7 200 0 - 0.159 ms","timestamp":"2026-07-07 17:37:28"}
{"level":"info","message":"GET /api/attendance/2026/7 304 - - 94.952 ms","timestamp":"2026-07-07 17:37:28"}
{"level":"info","message":"OPTIONS /api/attendance/2026/7 200 0 - 0.138 ms","timestamp":"2026-07-07 17:37:58"}
{"level":"info","message":"GET /api/attendance/2026/7 304 - - 85.896 ms","timestamp":"2026-07-07 17:37:58"}
{"level":"info","message":"OPTIONS /api/attendance/2026/7 200 0 - 0.146 ms","timestamp":"2026-07-07 17:38:28"}
{"level":"info","message":"GET /api/attendance/2026/7 304 - - 82.526 ms","timestamp":"2026-07-07 17:38:28"}
{"level":"info","message":"OPTIONS /api/attendance/2026/7 200 0 - 0.138 ms","timestamp":"2026-07-07 17:38:58"}
{"level":"info","message":"GET /api/attendance/2026/7 304 - - 91.836 ms","timestamp":"2026-07-07 17:38:58"}
{"level":"info","message":"OPTIONS /api/attendance/2026/7 200 0 - 0.142 ms","timestamp":"2026-07-07 17:39:28"}
{"level":"info","message":"GET /api/attendance/2026/7 304 - - 85.787 ms","timestamp":"2026-07-07 17:39:28"}
{"level":"info","message":"OPTIONS /api/attendance/2026/7 200 0 - 0.138 ms","timestamp":"2026-07-07 17:39:58"}
{"level":"info","message":"GET /api/attendance/2026/7 304 - - 84.363 ms","timestamp":"2026-07-07 17:39:58"}
{"level":"info","message":"OPTIONS /api/attendance/2026/7 200 0 - 0.146 ms","timestamp":"2026-07-07 17:40:28"}
{"level":"info","message":"GET /api/attendance/2026/7 304 - - 81.603 ms","timestamp":"2026-07-07 17:40:28"}
{"level":"info","message":"OPTIONS /api/attendance/2026/7 200 0 - 0.043 ms","timestamp":"2026-07-07 17:40:58"}
{"level":"info","message":"GET /api/attendance/2026/7 304 - - 69.772 ms","timestamp":"2026-07-07 17:40:58"}
{"level":"info","message":"OPTIONS /api/attendance/2026/7 200 0 - 0.155 ms","timestamp":"2026-07-07 17:41:28"}
{"level":"info","message":"GET /api/attendance/2026/7 304 - - 80.272 ms","timestamp":"2026-07-07 17:41:28"}
{"level":"info","message":"OPTIONS /api/attendance/2026/7 200 0 - 0.051 ms","timestamp":"2026-07-07 17:41:58"}
{"level":"info","message":"GET /api/attendance/2026/7 304 - - 70.137 ms","timestamp":"2026-07-07 17:41:58"}
{"level":"info","message":"OPTIONS /api/attendance/2026/7 200 0 - 0.145 ms","timestamp":"2026-07-07 17:42:28"}
{"level":"info","message":"GET /api/attendance/2026/7 304 - - 82.617 ms","timestamp":"2026-07-07 17:42:28"}
{"level":"info","message":"OPTIONS /api/attendance/2026/7 200 0 - 0.142 ms","timestamp":"2026-07-07 17:42:58"}
{"level":"info","message":"GET /api/attendance/2026/7 304 - - 95.924 ms","timestamp":"2026-07-07 17:42:58"}
{"level":"info","message":"OPTIONS /api/attendance/2026/7 200 0 - 0.200 ms","timestamp":"2026-07-07 17:43:28"}
{"level":"info","message":"GET /api/attendance/2026/7 304 - - 78.554 ms","timestamp":"2026-07-07 17:43:28"}
{"level":"info","message":"OPTIONS /api/attendance/2026/7 200 0 - 0.134 ms","timestamp":"2026-07-07 17:43:58"}
{"level":"info","message":"GET /api/attendance/2026/7 304 - - 75.823 ms","timestamp":"2026-07-07 17:43:58"}
{"level":"info","message":"OPTIONS /api/attendance/2026/7 200 0 - 0.048 ms","timestamp":"2026-07-07 17:44:28"}
{"level":"info","message":"GET /api/attendance/2026/7 304 - - 71.332 ms","timestamp":"2026-07-07 17:44:28"}
{"level":"info","message":"OPTIONS /api/attendance/2026/7 200 0 - 0.130 ms","timestamp":"2026-07-07 17:45:10"}
{"level":"info","message":"GET /api/attendance/2026/7 304 - - 77.894 ms","timestamp":"2026-07-07 17:45:10"}
{"level":"info","message":"OPTIONS /api/attendance/2026/7 200 0 - 0.190 ms","timestamp":"2026-07-07 17:46:10"}
{"level":"info","message":"GET /api/attendance/2026/7 304 - - 72.846 ms","timestamp":"2026-07-07 17:46:10"}
{"level":"info","message":"OPTIONS /api/attendance/2026/7 200 0 - 0.120 ms","timestamp":"2026-07-07 17:46:39"}
{"level":"info","message":"GET /api/attendance/2026/7 304 - - 69.988 ms","timestamp":"2026-07-07 17:46:39"}
{"level":"info","message":"OPTIONS /api/calls/sip-config 200 0 - 0.049 ms","timestamp":"2026-07-07 17:46:41"}
{"level":"info","message":"OPTIONS /api/messages/unread-count 200 0 - 0.059 ms","timestamp":"2026-07-07 17:46:41"}
{"level":"info","message":"OPTIONS /api/messages/unread-count 200 0 - 0.061 ms","timestamp":"2026-07-07 17:46:41"}
{"level":"info","message":"GET /api/calls/sip-config 304 - - 43.788 ms","timestamp":"2026-07-07 17:46:41"}
{"level":"info","message":"GET /api/calls/sip-config 304 - - 28.524 ms","timestamp":"2026-07-07 17:46:41"}
{"level":"info","message":"GET /api/messages/unread-count 304 - - 75.349 ms","timestamp":"2026-07-07 17:46:41"}
{"level":"info","message":"GET /api/messages/unread-count 304 - - 75.534 ms","timestamp":"2026-07-07 17:46:41"}
{"level":"info","message":"OPTIONS /api/users 200 0 - 0.083 ms","timestamp":"2026-07-07 17:46:42"}
{"level":"info","message":"OPTIONS /api/users 200 0 - 0.060 ms","timestamp":"2026-07-07 17:46:42"}
{"level":"info","message":"GET /api/attendance/2026/7 304 - - 83.565 ms","timestamp":"2026-07-07 17:46:42"}
{"level":"info","message":"GET /api/users 200 - - 140.559 ms","timestamp":"2026-07-07 17:46:42"}
{"level":"info","message":"GET /api/attendance/2026/7 304 - - 90.133 ms","timestamp":"2026-07-07 17:46:42"}
{"level":"info","message":"GET /api/users 304 - - 111.215 ms","timestamp":"2026-07-07 17:46:42"}
{"level":"info","message":"OPTIONS /api/attendance/2026/7 200 0 - 0.148 ms","timestamp":"2026-07-07 17:47:12"}
{"level":"info","message":"GET /api/attendance/2026/7 304 - - 83.239 ms","timestamp":"2026-07-07 17:47:12"}
{"level":"info","message":"OPTIONS /api/attendance/2026/7 200 0 - 0.093 ms","timestamp":"2026-07-07 17:47:42"}
{"level":"info","message":"GET /api/attendance/2026/7 304 - - 76.670 ms","timestamp":"2026-07-07 17:47:42"}
{"level":"info","message":"OPTIONS /api/attendance/2026/7 200 0 - 0.149 ms","timestamp":"2026-07-07 17:48:12"}
{"level":"info","message":"GET /api/attendance/2026/7 304 - - 87.299 ms","timestamp":"2026-07-07 17:48:12"}
{"level":"info","message":"OPTIONS /api/attendance/2026/7 200 0 - 0.149 ms","timestamp":"2026-07-07 17:48:42"}
{"level":"info","message":"GET /api/attendance/2026/7 304 - - 85.315 ms","timestamp":"2026-07-07 17:48:42"}
{"level":"info","message":"OPTIONS /api/attendance/2026/7 200 0 - 0.145 ms","timestamp":"2026-07-07 17:49:12"}
{"level":"info","message":"GET /api/attendance/2026/7 304 - - 84.188 ms","timestamp":"2026-07-07 17:49:12"}
{"level":"info","message":"OPTIONS /api/attendance/2026/7 200 0 - 0.161 ms","timestamp":"2026-07-07 17:49:42"}
{"level":"info","message":"GET /api/attendance/2026/7 304 - - 85.721 ms","timestamp":"2026-07-07 17:49:42"}
{"level":"info","message":"OPTIONS /api/attendance/2026/7 200 0 - 0.049 ms","timestamp":"2026-07-07 17:50:12"}
{"level":"info","message":"GET /api/attendance/2026/7 304 - - 74.933 ms","timestamp":"2026-07-07 17:50:12"}
{"level":"info","message":"OPTIONS /api/attendance/2026/7 200 0 - 0.159 ms","timestamp":"2026-07-07 17:50:42"}
{"level":"info","message":"GET /api/attendance/2026/7 304 - - 84.991 ms","timestamp":"2026-07-07 17:50:42"}
{"level":"info","message":"OPTIONS /api/calls/sip-config 200 0 - 0.051 ms","timestamp":"2026-07-07 17:51:05"}
{"level":"info","message":"OPTIONS /api/messages/unread-count 200 0 - 0.113 ms","timestamp":"2026-07-07 17:51:05"}
{"level":"info","message":"OPTIONS /api/calls/sip-config 200 0 - 0.073 ms","timestamp":"2026-07-07 17:51:05"}
{"level":"info","message":"OPTIONS /api/messages/unread-count 200 0 - 0.050 ms","timestamp":"2026-07-07 17:51:05"}
{"level":"info","message":"GET /api/calls/sip-config 304 - - 27.470 ms","timestamp":"2026-07-07 17:51:05"}
{"level":"info","message":"GET /api/messages/unread-count 304 - - 51.202 ms","timestamp":"2026-07-07 17:51:05"}
{"level":"info","message":"GET /api/calls/sip-config 304 - - 24.503 ms","timestamp":"2026-07-07 17:51:05"}
{"level":"info","message":"GET /api/messages/unread-count 304 - - 50.075 ms","timestamp":"2026-07-07 17:51:05"}
{"level":"info","message":"OPTIONS /api/attendance/2026/7 200 0 - 0.052 ms","timestamp":"2026-07-07 17:51:05"}
{"level":"info","message":"OPTIONS /api/users 200 0 - 0.034 ms","timestamp":"2026-07-07 17:51:05"}
{"level":"info","message":"OPTIONS /api/attendance/2026/7 200 0 - 0.050 ms","timestamp":"2026-07-07 17:51:05"}
{"level":"info","message":"OPTIONS /api/users 200 0 - 0.059 ms","timestamp":"2026-07-07 17:51:05"}
{"level":"info","message":"GET /api/attendance/2026/7 304 - - 75.677 ms","timestamp":"2026-07-07 17:51:05"}
{"level":"info","message":"GET /api/users 200 - - 139.272 ms","timestamp":"2026-07-07 17:51:05"}
{"level":"info","message":"GET /api/attendance/2026/7 304 - - 71.020 ms","timestamp":"2026-07-07 17:51:05"}
{"level":"info","message":"GET /api/users 304 - - 130.276 ms","timestamp":"2026-07-07 17:51:06"}
{"level":"info","message":"OPTIONS /api/attendance/2026/7 200 0 - 0.146 ms","timestamp":"2026-07-07 17:51:35"}
{"level":"info","message":"GET /api/attendance/2026/7 304 - - 85.903 ms","timestamp":"2026-07-07 17:51:35"}
{"level":"info","message":"OPTIONS /api/attendance/2026/7 200 0 - 0.057 ms","timestamp":"2026-07-07 17:52:05"}
{"level":"info","message":"GET /api/attendance/2026/7 304 - - 88.410 ms","timestamp":"2026-07-07 17:52:05"}
{"level":"info","message":"OPTIONS /api/attendance/2026/7 200 0 - 0.176 ms","timestamp":"2026-07-07 17:52:35"}
{"level":"info","message":"GET /api/attendance/2026/7 304 - - 84.012 ms","timestamp":"2026-07-07 17:52:35"}
{"level":"info","message":"OPTIONS /api/attendance/2026/7 200 0 - 0.053 ms","timestamp":"2026-07-07 17:53:05"}
{"level":"info","message":"GET /api/attendance/2026/7 304 - - 68.810 ms","timestamp":"2026-07-07 17:53:05"}
{"level":"info","message":"OPTIONS /api/attendance/2026/7 200 0 - 0.153 ms","timestamp":"2026-07-07 17:53:35"}
{"level":"info","message":"GET /api/attendance/2026/7 304 - - 88.770 ms","timestamp":"2026-07-07 17:53:35"}
{"level":"info","message":"OPTIONS /api/attendance/2026/7 200 0 - 0.044 ms","timestamp":"2026-07-07 17:54:05"}
{"level":"info","message":"GET /api/attendance/2026/7 304 - - 111.236 ms","timestamp":"2026-07-07 17:54:05"}
{"level":"info","message":"OPTIONS /api/attendance/2026/7 200 0 - 0.141 ms","timestamp":"2026-07-07 17:54:35"}
{"level":"info","message":"GET /api/attendance/2026/7 304 - - 89.923 ms","timestamp":"2026-07-07 17:54:35"}
{"level":"info","message":"OPTIONS /api/calls/sip-config 200 0 - 0.046 ms","timestamp":"2026-07-07 17:54:48"}
{"level":"info","message":"OPTIONS /api/messages/unread-count 200 0 - 0.077 ms","timestamp":"2026-07-07 17:54:48"}
{"level":"info","message":"OPTIONS /api/calls/sip-config 200 0 - 0.057 ms","timestamp":"2026-07-07 17:54:48"}
{"level":"info","message":"OPTIONS /api/messages/unread-count 200 0 - 0.046 ms","timestamp":"2026-07-07 17:54:48"}
{"level":"info","message":"GET /api/calls/sip-config 304 - - 24.272 ms","timestamp":"2026-07-07 17:54:48"}
{"level":"info","message":"GET /api/calls/sip-config 304 - - 23.480 ms","timestamp":"2026-07-07 17:54:48"}
{"level":"info","message":"GET /api/messages/unread-count 304 - - 53.125 ms","timestamp":"2026-07-07 17:54:48"}
{"level":"info","message":"GET /api/messages/unread-count 304 - - 45.582 ms","timestamp":"2026-07-07 17:54:48"}
{"level":"info","message":"OPTIONS /api/attendance/2026/7 200 0 - 0.045 ms","timestamp":"2026-07-07 17:54:48"}
{"level":"info","message":"OPTIONS /api/users 200 0 - 0.033 ms","timestamp":"2026-07-07 17:54:48"}
{"level":"info","message":"OPTIONS /api/attendance/2026/7 200 0 - 0.040 ms","timestamp":"2026-07-07 17:54:48"}
{"level":"info","message":"OPTIONS /api/users 200 0 - 0.027 ms","timestamp":"2026-07-07 17:54:48"}
{"level":"info","message":"GET /api/attendance/2026/7 304 - - 74.709 ms","timestamp":"2026-07-07 17:54:48"}
{"level":"info","message":"GET /api/users 200 - - 126.200 ms","timestamp":"2026-07-07 17:54:48"}
{"level":"info","message":"GET /api/attendance/2026/7 304 - - 77.706 ms","timestamp":"2026-07-07 17:54:48"}
{"level":"info","message":"GET /api/users 304 - - 119.220 ms","timestamp":"2026-07-07 17:54:48"}
{"level":"info","message":"OPTIONS /api/attendance/2026/7 200 0 - 0.285 ms","timestamp":"2026-07-07 17:55:18"}
{"level":"info","message":"GET /api/attendance/2026/7 304 - - 90.233 ms","timestamp":"2026-07-07 17:55:18"}
{"level":"info","message":"OPTIONS /api/attendance/2026/7 200 0 - 0.142 ms","timestamp":"2026-07-07 17:55:48"}
{"level":"info","message":"GET /api/attendance/2026/7 304 - - 79.660 ms","timestamp":"2026-07-07 17:55:48"}
{"level":"info","message":"OPTIONS /api/attendance/2026/7 200 0 - 0.068 ms","timestamp":"2026-07-07 17:56:18"}
{"level":"info","message":"GET /api/attendance/2026/7 304 - - 84.810 ms","timestamp":"2026-07-07 17:56:18"}
{"level":"info","message":"OPTIONS /api/attendance/2026/7 200 0 - 0.145 ms","timestamp":"2026-07-07 17:56:48"}
{"level":"info","message":"GET /api/attendance/2026/7 304 - - 91.835 ms","timestamp":"2026-07-07 17:56:48"}
{"level":"info","message":"OPTIONS /api/attendance/2026/7 200 0 - 0.093 ms","timestamp":"2026-07-07 17:57:18"}
{"level":"info","message":"GET /api/attendance/2026/7 304 - - 75.564 ms","timestamp":"2026-07-07 17:57:18"}
{"level":"info","message":"OPTIONS /api/attendance/2026/7 200 0 - 0.141 ms","timestamp":"2026-07-07 17:57:48"}
{"level":"info","message":"GET /api/attendance/2026/7 304 - - 97.307 ms","timestamp":"2026-07-07 17:57:48"}
{"level":"info","message":"OPTIONS /api/attendance/2026/7 200 0 - 0.063 ms","timestamp":"2026-07-07 17:58:18"}
{"level":"info","message":"GET /api/attendance/2026/7 304 - - 71.256 ms","timestamp":"2026-07-07 17:58:18"}
{"level":"info","message":"OPTIONS /api/attendance/2026/7 200 0 - 0.079 ms","timestamp":"2026-07-07 17:58:48"}
{"level":"info","message":"GET /api/attendance/2026/7 304 - - 88.476 ms","timestamp":"2026-07-07 17:58:48"}
{"level":"info","message":"OPTIONS /api/attendance/2026/7 200 0 - 0.142 ms","timestamp":"2026-07-07 17:59:19"}
{"level":"info","message":"GET /api/attendance/2026/7 304 - - 77.034 ms","timestamp":"2026-07-07 17:59:19"}
{"level":"info","message":"OPTIONS /api/attendance/2026/7 200 0 - 0.046 ms","timestamp":"2026-07-07 17:59:49"}
{"level":"info","message":"GET /api/attendance/2026/7 304 - - 75.803 ms","timestamp":"2026-07-07 17:59:49"}
{"level":"info","message":"OPTIONS /api/attendance/2026/7 200 0 - 0.161 ms","timestamp":"2026-07-07 18:00:18"}
{"level":"info","message":"GET /api/attendance/2026/7 304 - - 86.529 ms","timestamp":"2026-07-07 18:00:18"}
{"level":"info","message":"OPTIONS /api/attendance/2026/7 200 0 - 0.057 ms","timestamp":"2026-07-07 18:00:48"}
{"level":"info","message":"GET /api/attendance/2026/7 304 - - 82.002 ms","timestamp":"2026-07-07 18:00:48"}
{"level":"info","message":"OPTIONS /api/attendance/2026/7 200 0 - 0.142 ms","timestamp":"2026-07-07 18:01:18"}
{"level":"info","message":"GET /api/attendance/2026/7 304 - - 84.897 ms","timestamp":"2026-07-07 18:01:18"}
{"level":"info","message":"OPTIONS /api/attendance/2026/7 200 0 - 0.141 ms","timestamp":"2026-07-07 18:01:48"}
{"level":"info","message":"GET /api/attendance/2026/7 304 - - 97.202 ms","timestamp":"2026-07-07 18:01:48"}
{"level":"info","message":"OPTIONS /api/attendance/2026/7 200 0 - 0.047 ms","timestamp":"2026-07-07 18:02:18"}
{"level":"info","message":"GET /api/attendance/2026/7 304 - - 70.619 ms","timestamp":"2026-07-07 18:02:18"}
{"level":"info","message":"OPTIONS /api/attendance/2026/7 200 0 - 0.133 ms","timestamp":"2026-07-07 18:02:48"}
{"level":"info","message":"GET /api/attendance/2026/7 304 - - 78.898 ms","timestamp":"2026-07-07 18:02:48"}
{"level":"info","message":"OPTIONS /api/attendance/2026/7 200 0 - 0.143 ms","timestamp":"2026-07-07 18:03:18"}
{"level":"info","message":"GET /api/attendance/2026/7 304 - - 88.769 ms","timestamp":"2026-07-07 18:03:18"}
{"level":"info","message":"OPTIONS /api/attendance/2026/7 200 0 - 0.150 ms","timestamp":"2026-07-07 18:03:48"}
{"level":"info","message":"GET /api/attendance/2026/7 304 - - 86.274 ms","timestamp":"2026-07-07 18:03:48"}
{"level":"info","message":"OPTIONS /api/attendance/2026/7 200 0 - 0.188 ms","timestamp":"2026-07-07 18:04:18"}
{"level":"info","message":"GET /api/attendance/2026/7 304 - - 77.910 ms","timestamp":"2026-07-07 18:04:18"}
{"level":"info","message":"OPTIONS /api/attendance/2026/7 200 0 - 0.141 ms","timestamp":"2026-07-07 18:04:48"}
{"level":"info","message":"GET /api/attendance/2026/7 304 - - 84.988 ms","timestamp":"2026-07-07 18:04:48"}
{"level":"info","message":"OPTIONS /api/attendance/2026/7 200 0 - 0.142 ms","timestamp":"2026-07-07 18:05:18"}
{"level":"info","message":"GET /api/attendance/2026/7 304 - - 80.359 ms","timestamp":"2026-07-07 18:05:18"}
{"level":"info","message":"OPTIONS /api/attendance/2026/7 200 0 - 0.179 ms","timestamp":"2026-07-07 18:05:48"}
{"level":"info","message":"GET /api/attendance/2026/7 304 - - 90.331 ms","timestamp":"2026-07-07 18:05:48"}
{"level":"info","message":"OPTIONS /api/attendance/2026/7 200 0 - 0.144 ms","timestamp":"2026-07-07 18:06:18"}
{"level":"info","message":"GET /api/attendance/2026/7 304 - - 78.968 ms","timestamp":"2026-07-07 18:06:18"}
{"level":"info","message":"OPTIONS /api/attendance/2026/7 200 0 - 0.144 ms","timestamp":"2026-07-07 18:06:48"}
{"level":"info","message":"GET /api/attendance/2026/7 304 - - 83.972 ms","timestamp":"2026-07-07 18:06:48"}
{"level":"info","message":"OPTIONS /api/attendance/2026/7 200 0 - 0.141 ms","timestamp":"2026-07-07 18:07:18"}
{"level":"info","message":"GET /api/attendance/2026/7 304 - - 83.791 ms","timestamp":"2026-07-07 18:07:18"}
{"level":"info","message":"OPTIONS /api/attendance/2026/7 200 0 - 0.043 ms","timestamp":"2026-07-07 18:07:48"}
{"level":"info","message":"GET /api/attendance/2026/7 304 - - 70.554 ms","timestamp":"2026-07-07 18:07:48"}
{"level":"info","message":"OPTIONS /api/attendance/2026/7 200 0 - 0.132 ms","timestamp":"2026-07-07 18:08:18"}
{"level":"info","message":"GET /api/attendance/2026/7 304 - - 83.727 ms","timestamp":"2026-07-07 18:08:18"}
{"level":"info","message":"OPTIONS /api/attendance/2026/7 200 0 - 0.057 ms","timestamp":"2026-07-07 18:08:49"}
{"level":"info","message":"GET /api/attendance/2026/7 304 - - 72.450 ms","timestamp":"2026-07-07 18:08:49"}
{"level":"info","message":"OPTIONS /api/attendance/2026/7 200 0 - 0.133 ms","timestamp":"2026-07-07 18:09:19"}
{"level":"info","message":"GET /api/attendance/2026/7 304 - - 81.145 ms","timestamp":"2026-07-07 18:09:19"}
{"level":"info","message":"OPTIONS /api/attendance/2026/7 200 0 - 0.109 ms","timestamp":"2026-07-07 18:10:10"}
{"level":"info","message":"GET /api/attendance/2026/7 304 - - 74.058 ms","timestamp":"2026-07-07 18:10:10"}
{"level":"info","message":"OPTIONS /api/attendance/2026/7 200 0 - 0.149 ms","timestamp":"2026-07-07 18:10:41"}
{"level":"info","message":"GET /api/attendance/2026/7 304 - - 73.050 ms","timestamp":"2026-07-07 18:10:41"}
{"level":"info","message":"OPTIONS /api/attendance/2026/7 200 0 - 0.144 ms","timestamp":"2026-07-07 18:10:48"}
{"level":"info","message":"GET /api/attendance/2026/7 304 - - 80.567 ms","timestamp":"2026-07-07 18:10:48"}
{"level":"info","message":"OPTIONS /api/attendance/2026/7 200 0 - 0.053 ms","timestamp":"2026-07-07 18:11:18"}
{"level":"info","message":"GET /api/attendance/2026/7 304 - - 71.291 ms","timestamp":"2026-07-07 18:11:18"}
{"level":"info","message":"OPTIONS /api/attendance/2026/7 200 0 - 0.150 ms","timestamp":"2026-07-07 18:11:49"}
{"level":"info","message":"GET /api/attendance/2026/7 304 - - 77.580 ms","timestamp":"2026-07-07 18:11:49"}
{"level":"info","message":"OPTIONS /api/attendance/2026/7 200 0 - 0.086 ms","timestamp":"2026-07-07 18:12:19"}
{"level":"info","message":"GET /api/attendance/2026/7 304 - - 74.434 ms","timestamp":"2026-07-07 18:12:19"}
{"level":"info","message":"OPTIONS /api/attendance/2026/7 200 0 - 0.151 ms","timestamp":"2026-07-07 18:13:10"}
{"level":"info","message":"GET /api/attendance/2026/7 304 - - 78.387 ms","timestamp":"2026-07-07 18:13:10"}
{"level":"info","message":"OPTIONS /api/attendance/2026/7 200 0 - 0.071 ms","timestamp":"2026-07-07 18:13:57"}
{"level":"info","message":"GET /api/attendance/2026/7 304 - - 76.624 ms","timestamp":"2026-07-07 18:13:57"}
{"level":"info","message":"OPTIONS /api/attendance/2026/7 200 0 - 0.142 ms","timestamp":"2026-07-07 18:14:18"}
{"level":"info","message":"GET /api/attendance/2026/7 304 - - 84.840 ms","timestamp":"2026-07-07 18:14:18"}
{"level":"info","message":"OPTIONS /api/calls/sip-config 200 0 - 0.067 ms","timestamp":"2026-07-07 18:14:31"}
{"level":"info","message":"OPTIONS /api/messages/unread-count 200 0 - 0.045 ms","timestamp":"2026-07-07 18:14:31"}
{"level":"info","message":"OPTIONS /api/calls/sip-config 200 0 - 0.037 ms","timestamp":"2026-07-07 18:14:31"}
{"level":"info","message":"OPTIONS /api/messages/unread-count 200 0 - 0.033 ms","timestamp":"2026-07-07 18:14:31"}
{"level":"info","message":"GET /api/calls/sip-config 304 - - 23.433 ms","timestamp":"2026-07-07 18:14:31"}
{"level":"info","message":"GET /api/calls/sip-config 304 - - 22.886 ms","timestamp":"2026-07-07 18:14:31"}
{"level":"info","message":"GET /api/messages/unread-count 304 - - 52.791 ms","timestamp":"2026-07-07 18:14:31"}
{"level":"info","message":"GET /api/messages/unread-count 304 - - 46.893 ms","timestamp":"2026-07-07 18:14:31"}
{"level":"info","message":"OPTIONS /api/attendance/2026/7 200 0 - 0.050 ms","timestamp":"2026-07-07 18:14:31"}
{"level":"info","message":"OPTIONS /api/users 200 0 - 0.044 ms","timestamp":"2026-07-07 18:14:31"}
{"level":"info","message":"GET /api/attendance/2026/7 304 - - 73.054 ms","timestamp":"2026-07-07 18:14:31"}
{"level":"info","message":"GET /api/users 200 - - 128.371 ms","timestamp":"2026-07-07 18:14:31"}
{"level":"info","message":"GET /api/attendance/2026/7 304 - - 74.983 ms","timestamp":"2026-07-07 18:14:31"}
{"level":"info","message":"GET /api/users 304 - - 83.234 ms","timestamp":"2026-07-07 18:14:31"}
{"level":"info","message":"OPTIONS /api/attendance/2026/7 200 0 - 0.048 ms","timestamp":"2026-07-07 18:15:01"}
{"level":"info","message":"GET /api/attendance/2026/7 304 - - 69.893 ms","timestamp":"2026-07-07 18:15:01"}
{"level":"info","message":"OPTIONS /api/attendance/2026/7 200 0 - 0.104 ms","timestamp":"2026-07-07 18:15:31"}
{"level":"info","message":"GET /api/attendance/2026/7 304 - - 76.039 ms","timestamp":"2026-07-07 18:15:31"}
{"level":"info","message":"OPTIONS /api/calls/sip-config 200 0 - 0.070 ms","timestamp":"2026-07-07 18:15:37"}
{"level":"info","message":"OPTIONS /api/messages/unread-count 200 0 - 0.068 ms","timestamp":"2026-07-07 18:15:37"}
{"level":"info","message":"OPTIONS /api/calls/sip-config 200 0 - 0.055 ms","timestamp":"2026-07-07 18:15:37"}
{"level":"info","message":"OPTIONS /api/messages/unread-count 200 0 - 0.052 ms","timestamp":"2026-07-07 18:15:37"}
{"level":"info","message":"GET /api/calls/sip-config 304 - - 30.995 ms","timestamp":"2026-07-07 18:15:37"}
{"level":"info","message":"GET /api/messages/unread-count 304 - - 49.451 ms","timestamp":"2026-07-07 18:15:37"}
{"level":"info","message":"GET /api/calls/sip-config 304 - - 26.070 ms","timestamp":"2026-07-07 18:15:37"}
{"level":"info","message":"GET /api/messages/unread-count 304 - - 48.350 ms","timestamp":"2026-07-07 18:15:37"}
{"level":"info","message":"OPTIONS /api/attendance/2026/7 200 0 - 0.103 ms","timestamp":"2026-07-07 18:15:37"}
{"level":"info","message":"OPTIONS /api/users 200 0 - 0.065 ms","timestamp":"2026-07-07 18:15:37"}
{"level":"info","message":"OPTIONS /api/attendance/2026/7 200 0 - 0.056 ms","timestamp":"2026-07-07 18:15:37"}
{"level":"info","message":"OPTIONS /api/users 200 0 - 0.059 ms","timestamp":"2026-07-07 18:15:37"}
{"level":"info","message":"GET /api/attendance/2026/7 304 - - 72.023 ms","timestamp":"2026-07-07 18:15:37"}
{"level":"info","message":"GET /api/users 200 - - 117.691 ms","timestamp":"2026-07-07 18:15:37"}
{"level":"info","message":"GET /api/attendance/2026/7 304 - - 72.648 ms","timestamp":"2026-07-07 18:15:37"}
{"level":"info","message":"GET /api/users 304 - - 83.145 ms","timestamp":"2026-07-07 18:15:37"}
{"level":"info","message":"OPTIONS /api/attendance/2026/7 200 0 - 0.149 ms","timestamp":"2026-07-07 18:16:07"}
{"level":"info","message":"GET /api/attendance/2026/7 304 - - 80.823 ms","timestamp":"2026-07-07 18:16:07"}
{"level":"info","message":"OPTIONS /api/attendance/2026/7 200 0 - 0.047 ms","timestamp":"2026-07-07 18:16:37"}
{"level":"info","message":"GET /api/attendance/2026/7 304 - - 71.247 ms","timestamp":"2026-07-07 18:16:37"}
{"level":"info","message":"OPTIONS /api/attendance/2026/7 200 0 - 0.056 ms","timestamp":"2026-07-07 18:17:07"}
{"level":"info","message":"GET /api/attendance/2026/7 304 - - 73.729 ms","timestamp":"2026-07-07 18:17:07"}
{"level":"info","message":"OPTIONS /api/attendance/2026/7 200 0 - 0.083 ms","timestamp":"2026-07-07 18:17:37"}
{"level":"info","message":"GET /api/attendance/2026/7 304 - - 69.661 ms","timestamp":"2026-07-07 18:17:37"}
{"level":"info","message":"OPTIONS /api/attendance/2026/7 200 0 - 0.050 ms","timestamp":"2026-07-07 18:18:07"}
{"level":"info","message":"GET /api/attendance/2026/7 304 - - 74.591 ms","timestamp":"2026-07-07 18:18:07"}
{"level":"info","message":"OPTIONS /api/attendance/2026/7 200 0 - 0.059 ms","timestamp":"2026-07-07 18:18:37"}
{"level":"info","message":"GET /api/attendance/2026/7 304 - - 69.775 ms","timestamp":"2026-07-07 18:18:37"}
{"level":"info","message":"OPTIONS /api/calls/sip-config 200 0 - 0.096 ms","timestamp":"2026-07-07 18:18:39"}
{"level":"info","message":"OPTIONS /api/calls/sip-config 200 0 - 0.085 ms","timestamp":"2026-07-07 18:18:39"}
{"level":"info","message":"GET /api/attendance/2026/7 - - - - ms","timestamp":"2026-07-07 18:18:39"}
{"level":"info","message":"OPTIONS /api/messages/unread-count 200 0 - 0.050 ms","timestamp":"2026-07-07 18:18:39"}
{"level":"info","message":"OPTIONS /api/messages/unread-count 200 0 - 0.068 ms","timestamp":"2026-07-07 18:18:39"}
{"level":"info","message":"GET /api/calls/sip-config 304 - - 25.382 ms","timestamp":"2026-07-07 18:18:39"}
{"level":"info","message":"GET /api/messages/unread-count 304 - - 49.155 ms","timestamp":"2026-07-07 18:18:40"}
{"level":"info","message":"GET /api/calls/sip-config 304 - - 25.053 ms","timestamp":"2026-07-07 18:18:40"}
{"level":"info","message":"GET /api/messages/unread-count 304 - - 47.043 ms","timestamp":"2026-07-07 18:18:40"}
{"level":"info","message":"OPTIONS /api/users 200 0 - 0.122 ms","timestamp":"2026-07-07 18:18:40"}
{"level":"info","message":"OPTIONS /api/users 200 0 - 0.111 ms","timestamp":"2026-07-07 18:18:40"}
{"level":"info","message":"GET /api/attendance/2026/7 200 - - 74.419 ms","timestamp":"2026-07-07 18:18:40"}
{"level":"info","message":"GET /api/users 200 - - 132.094 ms","timestamp":"2026-07-07 18:18:40"}
{"level":"info","message":"GET /api/attendance/2026/7 304 - - 70.015 ms","timestamp":"2026-07-07 18:18:40"}
{"level":"info","message":"GET /api/users 304 - - 102.123 ms","timestamp":"2026-07-07 18:18:40"}
{"level":"info","message":"OPTIONS /api/calls/sip-config 200 0 - 0.094 ms","timestamp":"2026-07-07 18:20:02"}
{"level":"info","message":"OPTIONS /api/messages/unread-count 200 0 - 0.075 ms","timestamp":"2026-07-07 18:20:02"}
{"level":"info","message":"OPTIONS /api/calls/sip-config 200 0 - 0.054 ms","timestamp":"2026-07-07 18:20:02"}
{"level":"info","message":"OPTIONS /api/messages/unread-count 200 0 - 0.048 ms","timestamp":"2026-07-07 18:20:02"}
{"level":"info","message":"GET /api/calls/sip-config 304 - - 24.127 ms","timestamp":"2026-07-07 18:20:02"}
{"level":"info","message":"GET /api/calls/sip-config 304 - - 24.470 ms","timestamp":"2026-07-07 18:20:02"}
{"level":"info","message":"GET /api/messages/unread-count 304 - - 51.425 ms","timestamp":"2026-07-07 18:20:02"}
{"level":"info","message":"GET /api/messages/unread-count 304 - - 55.619 ms","timestamp":"2026-07-07 18:20:02"}
{"level":"info","message":"OPTIONS /api/attendance/2026/7 200 0 - 0.046 ms","timestamp":"2026-07-07 18:20:02"}
{"level":"info","message":"OPTIONS /api/users 200 0 - 0.036 ms","timestamp":"2026-07-07 18:20:02"}
{"level":"info","message":"OPTIONS /api/attendance/2026/7 200 0 - 0.038 ms","timestamp":"2026-07-07 18:20:02"}
{"level":"info","message":"OPTIONS /api/users 200 0 - 0.027 ms","timestamp":"2026-07-07 18:20:02"}
{"level":"info","message":"GET /api/attendance/2026/7 304 - - 100.110 ms","timestamp":"2026-07-07 18:20:02"}
{"level":"info","message":"GET /api/users 200 - - 119.062 ms","timestamp":"2026-07-07 18:20:02"}
{"level":"info","message":"GET /api/attendance/2026/7 304 - - 75.577 ms","timestamp":"2026-07-07 18:20:02"}
{"level":"info","message":"GET /api/users 304 - - 85.793 ms","timestamp":"2026-07-07 18:20:02"}
{"level":"info","message":"OPTIONS /api/attendance/2026/7 200 0 - 0.195 ms","timestamp":"2026-07-07 18:20:32"}
{"level":"info","message":"GET /api/attendance/2026/7 304 - - 87.243 ms","timestamp":"2026-07-07 18:20:32"}
{"level":"info","message":"OPTIONS /api/attendance/2026/7 200 0 - 0.059 ms","timestamp":"2026-07-07 18:21:02"}
{"level":"info","message":"GET /api/attendance/2026/7 304 - - 83.851 ms","timestamp":"2026-07-07 18:21:02"}
{"level":"info","message":"OPTIONS /api/attendance/2026/7 200 0 - 0.142 ms","timestamp":"2026-07-07 18:21:32"}
{"level":"info","message":"GET /api/attendance/2026/7 304 - - 79.558 ms","timestamp":"2026-07-07 18:21:32"}
{"level":"info","message":"OPTIONS /api/attendance/2026/7 200 0 - 0.045 ms","timestamp":"2026-07-07 18:22:02"}
{"level":"info","message":"GET /api/attendance/2026/7 304 - - 73.835 ms","timestamp":"2026-07-07 18:22:02"}
{"level":"info","message":"OPTIONS /api/calls/sip-config 200 0 - 0.071 ms","timestamp":"2026-07-07 18:22:18"}
{"level":"info","message":"OPTIONS /api/messages/unread-count 200 0 - 0.073 ms","timestamp":"2026-07-07 18:22:18"}
{"level":"info","message":"OPTIONS /api/calls/sip-config 200 0 - 0.059 ms","timestamp":"2026-07-07 18:22:18"}
{"level":"info","message":"OPTIONS /api/messages/unread-count 200 0 - 0.048 ms","timestamp":"2026-07-07 18:22:18"}
{"level":"info","message":"GET /api/calls/sip-config 304 - - 25.458 ms","timestamp":"2026-07-07 18:22:18"}
{"level":"info","message":"GET /api/messages/unread-count 304 - - 50.737 ms","timestamp":"2026-07-07 18:22:19"}
{"level":"info","message":"GET /api/calls/sip-config 304 - - 27.681 ms","timestamp":"2026-07-07 18:22:19"}
{"level":"info","message":"GET /api/messages/unread-count 304 - - 51.368 ms","timestamp":"2026-07-07 18:22:19"}
{"level":"info","message":"OPTIONS /api/attendance/2026/7 200 0 - 0.047 ms","timestamp":"2026-07-07 18:22:19"}
{"level":"info","message":"OPTIONS /api/users 200 0 - 0.051 ms","timestamp":"2026-07-07 18:22:19"}
{"level":"info","message":"OPTIONS /api/attendance/2026/7 200 0 - 0.028 ms","timestamp":"2026-07-07 18:22:19"}
{"level":"info","message":"GET /api/attendance/2026/7 304 - - 74.550 ms","timestamp":"2026-07-07 18:22:19"}
{"level":"info","message":"GET /api/users 200 - - 132.034 ms","timestamp":"2026-07-07 18:22:19"}
{"level":"info","message":"GET /api/attendance/2026/7 304 - - 85.384 ms","timestamp":"2026-07-07 18:22:19"}
{"level":"info","message":"GET /api/users 304 - - 106.255 ms","timestamp":"2026-07-07 18:22:19"}
{"level":"info","message":"OPTIONS /api/calls/sip-config 200 0 - 0.049 ms","timestamp":"2026-07-07 18:22:46"}
{"level":"info","message":"OPTIONS /api/messages/unread-count 200 0 - 0.071 ms","timestamp":"2026-07-07 18:22:46"}
{"level":"info","message":"OPTIONS /api/messages/unread-count 200 0 - 0.051 ms","timestamp":"2026-07-07 18:22:46"}
{"level":"info","message":"GET /api/calls/sip-config 304 - - 26.973 ms","timestamp":"2026-07-07 18:22:46"}
{"level":"info","message":"GET /api/calls/sip-config 304 - - 25.323 ms","timestamp":"2026-07-07 18:22:46"}
{"level":"info","message":"GET /api/messages/unread-count 304 - - 55.874 ms","timestamp":"2026-07-07 18:22:46"}
{"level":"info","message":"GET /api/messages/unread-count 304 - - 45.192 ms","timestamp":"2026-07-07 18:22:46"}
{"level":"info","message":"OPTIONS /api/attendance/2026/7 200 0 - 0.050 ms","timestamp":"2026-07-07 18:22:46"}
{"level":"info","message":"OPTIONS /api/users 200 0 - 0.079 ms","timestamp":"2026-07-07 18:22:46"}
{"level":"info","message":"OPTIONS /api/attendance/2026/7 200 0 - 0.067 ms","timestamp":"2026-07-07 18:22:46"}
{"level":"info","message":"OPTIONS /api/users 200 0 - 0.056 ms","timestamp":"2026-07-07 18:22:46"}
{"level":"info","message":"GET /api/attendance/2026/7 304 - - 73.971 ms","timestamp":"2026-07-07 18:22:46"}
{"level":"info","message":"GET /api/users 200 - - 126.786 ms","timestamp":"2026-07-07 18:22:46"}
{"level":"info","message":"GET /api/attendance/2026/7 304 - - 77.442 ms","timestamp":"2026-07-07 18:22:46"}
{"level":"info","message":"GET /api/users 304 - - 103.921 ms","timestamp":"2026-07-07 18:22:47"}
{"level":"info","message":"OPTIONS /api/attendance/2026/7 200 0 - 0.160 ms","timestamp":"2026-07-07 18:23:16"}
{"level":"info","message":"GET /api/attendance/2026/7 200 - - 79.514 ms","timestamp":"2026-07-07 18:23:16"}
{"level":"info","message":"OPTIONS /api/attendance/2026/7 200 0 - 0.043 ms","timestamp":"2026-07-07 18:23:46"}
{"level":"info","message":"GET /api/attendance/2026/7 304 - - 69.246 ms","timestamp":"2026-07-07 18:23:46"}
{"level":"info","message":"OPTIONS /api/attendance/2026/7 200 0 - 0.160 ms","timestamp":"2026-07-07 18:24:17"}
{"level":"info","message":"GET /api/attendance/2026/7 304 - - 76.566 ms","timestamp":"2026-07-07 18:24:17"}
{"level":"info","message":"OPTIONS /api/attendance/2026/7 200 0 - 0.090 ms","timestamp":"2026-07-07 18:24:46"}
{"level":"info","message":"GET /api/attendance/2026/7 304 - - 74.917 ms","timestamp":"2026-07-07 18:24:46"}
{"level":"info","message":"OPTIONS /api/attendance/2026/7 200 0 - 0.142 ms","timestamp":"2026-07-07 18:25:16"}
{"level":"info","message":"GET /api/attendance/2026/7 304 - - 86.278 ms","timestamp":"2026-07-07 18:25:16"}
{"level":"info","message":"OPTIONS /api/attendance/2026/7 200 0 - 0.155 ms","timestamp":"2026-07-07 18:25:46"}
{"level":"info","message":"GET /api/attendance/2026/7 304 - - 71.445 ms","timestamp":"2026-07-07 18:25:46"}
{"level":"info","message":"OPTIONS /api/attendance/2026/7 200 0 - 0.066 ms","timestamp":"2026-07-07 18:26:16"}
{"level":"info","message":"GET /api/attendance/2026/7 304 - - 70.900 ms","timestamp":"2026-07-07 18:26:16"}
{"level":"info","message":"OPTIONS /api/attendance/2026/7 200 0 - 0.151 ms","timestamp":"2026-07-07 18:26:46"}
{"level":"info","message":"GET /api/attendance/2026/7 304 - - 83.513 ms","timestamp":"2026-07-07 18:26:46"}
{"level":"info","message":"OPTIONS /api/attendance/2026/7 200 0 - 0.169 ms","timestamp":"2026-07-07 18:27:16"}
{"level":"info","message":"GET /api/attendance/2026/7 304 - - 83.079 ms","timestamp":"2026-07-07 18:27:16"}
{"level":"info","message":"OPTIONS /api/attendance/2026/7 200 0 - 0.156 ms","timestamp":"2026-07-07 18:27:46"}
{"level":"info","message":"GET /api/attendance/2026/7 304 - - 84.986 ms","timestamp":"2026-07-07 18:27:46"}
{"level":"info","message":"OPTIONS /api/attendance/2026/7 200 0 - 0.155 ms","timestamp":"2026-07-07 18:28:16"}
{"level":"info","message":"GET /api/attendance/2026/7 304 - - 85.636 ms","timestamp":"2026-07-07 18:28:16"}
{"level":"info","message":"OPTIONS /api/attendance/2026/7 200 0 - 0.174 ms","timestamp":"2026-07-07 18:28:47"}
{"level":"info","message":"GET /api/attendance/2026/7 304 - - 84.808 ms","timestamp":"2026-07-07 18:28:47"}
{"level":"info","message":"OPTIONS /api/attendance/2026/7 200 0 - 0.167 ms","timestamp":"2026-07-07 18:29:17"}
{"level":"info","message":"GET /api/attendance/2026/7 304 - - 78.314 ms","timestamp":"2026-07-07 18:29:17"}
{"level":"info","message":"OPTIONS /api/attendance/2026/7 200 0 - 0.079 ms","timestamp":"2026-07-07 18:30:10"}
{"level":"info","message":"GET /api/attendance/2026/7 304 - - 83.098 ms","timestamp":"2026-07-07 18:30:10"}
{"level":"info","message":"OPTIONS /api/attendance/2026/7 200 0 - 0.082 ms","timestamp":"2026-07-07 18:30:59"}
{"level":"info","message":"GET /api/attendance/2026/7 304 - - 71.952 ms","timestamp":"2026-07-07 18:30:59"}
{"level":"info","message":"OPTIONS /api/attendance/2026/7 200 0 - 0.081 ms","timestamp":"2026-07-07 18:31:16"}
{"level":"info","message":"GET /api/attendance/2026/7 304 - - 74.939 ms","timestamp":"2026-07-07 18:31:16"}
{"level":"info","message":"OPTIONS /api/calls/sip-config 200 0 - 0.047 ms","timestamp":"2026-07-07 18:31:31"}
{"level":"info","message":"OPTIONS /api/messages/unread-count 200 0 - 0.079 ms","timestamp":"2026-07-07 18:31:31"}
{"level":"info","message":"OPTIONS /api/calls/sip-config 200 0 - 0.033 ms","timestamp":"2026-07-07 18:31:31"}
{"level":"info","message":"OPTIONS /api/messages/unread-count 200 0 - 0.059 ms","timestamp":"2026-07-07 18:31:31"}
{"level":"info","message":"GET /api/calls/sip-config 304 - - 23.733 ms","timestamp":"2026-07-07 18:31:31"}
{"level":"info","message":"GET /api/calls/sip-config 304 - - 24.445 ms","timestamp":"2026-07-07 18:31:31"}
{"level":"info","message":"GET /api/messages/unread-count 304 - - 49.439 ms","timestamp":"2026-07-07 18:31:31"}
{"level":"info","message":"GET /api/messages/unread-count 304 - - 48.171 ms","timestamp":"2026-07-07 18:31:31"}
{"level":"info","message":"OPTIONS /api/attendance/2026/7 200 0 - 0.076 ms","timestamp":"2026-07-07 18:31:31"}
{"level":"info","message":"OPTIONS /api/users 200 0 - 0.050 ms","timestamp":"2026-07-07 18:31:31"}
{"level":"info","message":"GET /api/attendance/2026/7 304 - - 75.873 ms","timestamp":"2026-07-07 18:31:31"}
{"level":"info","message":"GET /api/users 200 - - 160.639 ms","timestamp":"2026-07-07 18:31:31"}
{"level":"info","message":"GET /api/attendance/2026/7 304 - - 143.723 ms","timestamp":"2026-07-07 18:31:31"}
{"level":"info","message":"GET /api/users 304 - - 116.672 ms","timestamp":"2026-07-07 18:31:31"}
{"level":"info","message":"OPTIONS /api/attendance/2026/7 200 0 - 0.060 ms","timestamp":"2026-07-07 18:32:01"}
{"level":"info","message":"GET /api/attendance/2026/7 304 - - 73.639 ms","timestamp":"2026-07-07 18:32:01"}
{"level":"info","message":"OPTIONS /api/attendance/2026/7 200 0 - 0.052 ms","timestamp":"2026-07-07 18:32:31"}
{"level":"info","message":"GET /api/attendance/2026/7 304 - - 72.720 ms","timestamp":"2026-07-07 18:32:31"}
{"level":"info","message":"OPTIONS /api/attendance/2026/7 200 0 - 0.047 ms","timestamp":"2026-07-07 18:33:01"}
{"level":"info","message":"GET /api/attendance/2026/7 304 - - 74.463 ms","timestamp":"2026-07-07 18:33:01"}
{"level":"info","message":"OPTIONS /api/attendance/2026/7 200 0 - 0.162 ms","timestamp":"2026-07-07 18:33:31"}
{"level":"info","message":"GET /api/attendance/2026/7 304 - - 85.047 ms","timestamp":"2026-07-07 18:33:31"}
{"level":"info","message":"OPTIONS /api/attendance/2026/7 200 0 - 0.059 ms","timestamp":"2026-07-07 18:34:01"}
{"level":"info","message":"GET /api/attendance/2026/7 304 - - 69.716 ms","timestamp":"2026-07-07 18:34:01"}
{"level":"info","message":"OPTIONS /api/attendance/2026/7 200 0 - 0.158 ms","timestamp":"2026-07-07 18:34:31"}
{"level":"info","message":"GET /api/attendance/2026/7 304 - - 89.593 ms","timestamp":"2026-07-07 18:34:31"}
{"level":"info","message":"OPTIONS /api/attendance/2026/7 200 0 - 0.123 ms","timestamp":"2026-07-07 18:35:01"}
{"level":"info","message":"GET /api/attendance/2026/7 304 - - 69.068 ms","timestamp":"2026-07-07 18:35:01"}
{"level":"info","message":"OPTIONS /api/attendance/2026/7 200 0 - 0.053 ms","timestamp":"2026-07-07 18:35:31"}
{"level":"info","message":"GET /api/attendance/2026/7 304 - - 70.081 ms","timestamp":"2026-07-07 18:35:31"}
{"level":"info","message":"OPTIONS /api/attendance/2026/7 200 0 - 0.042 ms","timestamp":"2026-07-07 18:36:01"}
{"level":"info","message":"GET /api/attendance/2026/7 304 - - 75.529 ms","timestamp":"2026-07-07 18:36:01"}
{"level":"info","message":"OPTIONS /api/attendance/2026/7 200 0 - 0.136 ms","timestamp":"2026-07-07 18:36:31"}
{"level":"info","message":"GET /api/attendance/2026/7 304 - - 84.276 ms","timestamp":"2026-07-07 18:36:31"}
{"level":"info","message":"OPTIONS /api/attendance/2026/7 200 0 - 0.044 ms","timestamp":"2026-07-07 18:37:01"}
{"level":"info","message":"GET /api/attendance/2026/7 304 - - 69.772 ms","timestamp":"2026-07-07 18:37:01"}
{"level":"info","message":"OPTIONS /api/attendance/2026/7 200 0 - 0.179 ms","timestamp":"2026-07-07 18:37:31"}
{"level":"info","message":"GET /api/attendance/2026/7 304 - - 85.516 ms","timestamp":"2026-07-07 18:37:31"}
{"level":"info","message":"OPTIONS /api/attendance/2026/7 200 0 - 0.041 ms","timestamp":"2026-07-07 18:38:01"}
{"level":"info","message":"GET /api/attendance/2026/7 304 - - 68.903 ms","timestamp":"2026-07-07 18:38:01"}
{"level":"info","message":"OPTIONS /api/attendance/2026/7 200 0 - 0.044 ms","timestamp":"2026-07-07 18:39:02"}
{"level":"info","message":"GET /api/attendance/2026/7 304 - - 69.895 ms","timestamp":"2026-07-07 18:39:02"}
{"level":"info","message":"OPTIONS /api/calls/sip-config 200 0 - 0.054 ms","timestamp":"2026-07-07 18:39:11"}
{"level":"info","message":"OPTIONS /api/messages/unread-count 200 0 - 0.070 ms","timestamp":"2026-07-07 18:39:11"}
{"level":"info","message":"OPTIONS /api/calls/sip-config 200 0 - 0.045 ms","timestamp":"2026-07-07 18:39:11"}
{"level":"info","message":"OPTIONS /api/messages/unread-count 200 0 - 0.041 ms","timestamp":"2026-07-07 18:39:11"}
{"level":"info","message":"GET /api/calls/sip-config 304 - - 23.703 ms","timestamp":"2026-07-07 18:39:11"}
{"level":"info","message":"GET /api/calls/sip-config 304 - - 23.408 ms","timestamp":"2026-07-07 18:39:11"}
{"level":"info","message":"GET /api/messages/unread-count 304 - - 49.598 ms","timestamp":"2026-07-07 18:39:11"}
{"level":"info","message":"GET /api/messages/unread-count 304 - - 46.852 ms","timestamp":"2026-07-07 18:39:11"}
{"level":"info","message":"OPTIONS /api/attendance/2026/7 200 0 - 0.055 ms","timestamp":"2026-07-07 18:39:12"}
{"level":"info","message":"OPTIONS /api/users 200 0 - 0.062 ms","timestamp":"2026-07-07 18:39:12"}
{"level":"info","message":"GET /api/attendance/2026/7 304 - - 78.619 ms","timestamp":"2026-07-07 18:39:12"}
{"level":"info","message":"GET /api/users 200 - - 119.618 ms","timestamp":"2026-07-07 18:39:12"}
{"level":"info","message":"GET /api/attendance/2026/7 304 - - 71.797 ms","timestamp":"2026-07-07 18:39:12"}
{"level":"info","message":"GET /api/users 304 - - 99.462 ms","timestamp":"2026-07-07 18:39:12"}
{"level":"info","message":"OPTIONS /api/attendance/2026/7 200 0 - 0.226 ms","timestamp":"2026-07-07 18:39:42"}
{"level":"info","message":"GET /api/attendance/2026/7 200 - - 80.751 ms","timestamp":"2026-07-07 18:39:42"}
{"level":"info","message":"OPTIONS /api/attendance/2026/7 200 0 - 0.142 ms","timestamp":"2026-07-07 18:40:12"}
{"level":"info","message":"GET /api/attendance/2026/7 304 - - 87.238 ms","timestamp":"2026-07-07 18:40:12"}
{"level":"info","message":"OPTIONS /api/attendance/2026/7 200 0 - 0.092 ms","timestamp":"2026-07-07 18:40:42"}
{"level":"info","message":"GET /api/attendance/2026/7 304 - - 80.128 ms","timestamp":"2026-07-07 18:40:42"}
{"level":"info","message":"OPTIONS /api/calls/sip-config 200 0 - 0.045 ms","timestamp":"2026-07-07 18:40:51"}
{"level":"info","message":"OPTIONS /api/messages/unread-count 200 0 - 0.074 ms","timestamp":"2026-07-07 18:40:51"}
{"level":"info","message":"OPTIONS /api/calls/sip-config 200 0 - 0.083 ms","timestamp":"2026-07-07 18:40:51"}
{"level":"info","message":"OPTIONS /api/messages/unread-count 200 0 - 0.073 ms","timestamp":"2026-07-07 18:40:51"}
{"level":"info","message":"GET /api/calls/sip-config 304 - - 25.661 ms","timestamp":"2026-07-07 18:40:51"}
{"level":"info","message":"GET /api/calls/sip-config 304 - - 24.599 ms","timestamp":"2026-07-07 18:40:51"}
{"level":"info","message":"GET /api/messages/unread-count 304 - - 52.243 ms","timestamp":"2026-07-07 18:40:51"}
{"level":"info","message":"GET /api/messages/unread-count 304 - - 48.919 ms","timestamp":"2026-07-07 18:40:51"}
{"level":"info","message":"OPTIONS /api/attendance/2026/7 200 0 - 0.069 ms","timestamp":"2026-07-07 18:40:51"}
{"level":"info","message":"OPTIONS /api/users 200 0 - 0.047 ms","timestamp":"2026-07-07 18:40:51"}
{"level":"info","message":"OPTIONS /api/attendance/2026/7 200 0 - 0.055 ms","timestamp":"2026-07-07 18:40:51"}
{"level":"info","message":"OPTIONS /api/users 200 0 - 0.054 ms","timestamp":"2026-07-07 18:40:51"}
{"level":"info","message":"GET /api/attendance/2026/7 304 - - 75.889 ms","timestamp":"2026-07-07 18:40:52"}
{"level":"info","message":"GET /api/users 200 - - 117.682 ms","timestamp":"2026-07-07 18:40:52"}
{"level":"info","message":"GET /api/attendance/2026/7 304 - - 75.531 ms","timestamp":"2026-07-07 18:40:52"}
{"level":"info","message":"GET /api/users 304 - - 84.847 ms","timestamp":"2026-07-07 18:40:52"}
{"level":"info","message":"OPTIONS /api/attendance/2026/7 200 0 - 0.162 ms","timestamp":"2026-07-07 18:41:21"}
{"level":"info","message":"GET /api/attendance/2026/7 304 - - 84.496 ms","timestamp":"2026-07-07 18:41:22"}
{"level":"info","message":"OPTIONS /api/attendance/2026/7 200 0 - 0.147 ms","timestamp":"2026-07-07 18:41:51"}
{"level":"info","message":"GET /api/attendance/2026/7 304 - - 86.590 ms","timestamp":"2026-07-07 18:41:52"}
{"level":"info","message":"OPTIONS /api/attendance/2026/7 200 0 - 0.146 ms","timestamp":"2026-07-07 18:42:22"}
{"level":"info","message":"GET /api/attendance/2026/7 304 - - 86.955 ms","timestamp":"2026-07-07 18:42:22"}
{"level":"info","message":"OPTIONS /api/attendance/2026/7 200 0 - 0.044 ms","timestamp":"2026-07-07 18:42:52"}
{"level":"info","message":"GET /api/attendance/2026/7 304 - - 90.498 ms","timestamp":"2026-07-07 18:42:52"}
{"level":"info","message":"OPTIONS /api/attendance/2026/7 200 0 - 0.144 ms","timestamp":"2026-07-07 18:43:22"}
{"level":"info","message":"GET /api/attendance/2026/7 304 - - 75.987 ms","timestamp":"2026-07-07 18:43:22"}
{"level":"info","message":"OPTIONS /api/calls/sip-config 200 0 - 0.084 ms","timestamp":"2026-07-07 18:43:46"}
{"level":"info","message":"OPTIONS /api/messages/unread-count 200 0 - 0.083 ms","timestamp":"2026-07-07 18:43:46"}
{"level":"info","message":"OPTIONS /api/calls/sip-config 200 0 - 0.050 ms","timestamp":"2026-07-07 18:43:46"}
{"level":"info","message":"OPTIONS /api/messages/unread-count 200 0 - 0.047 ms","timestamp":"2026-07-07 18:43:46"}
{"level":"info","message":"GET /api/calls/sip-config 304 - - 23.517 ms","timestamp":"2026-07-07 18:43:46"}
{"level":"info","message":"GET /api/messages/unread-count 304 - - 47.457 ms","timestamp":"2026-07-07 18:43:46"}
{"level":"info","message":"GET /api/calls/sip-config 304 - - 25.624 ms","timestamp":"2026-07-07 18:43:46"}
{"level":"info","message":"GET /api/messages/unread-count 304 - - 46.251 ms","timestamp":"2026-07-07 18:43:46"}
{"level":"info","message":"OPTIONS /api/attendance/2026/7 200 0 - 0.080 ms","timestamp":"2026-07-07 18:43:46"}
{"level":"info","message":"OPTIONS /api/users 200 0 - 0.046 ms","timestamp":"2026-07-07 18:43:46"}
{"level":"info","message":"OPTIONS /api/attendance/2026/7 200 0 - 0.061 ms","timestamp":"2026-07-07 18:43:46"}
{"level":"info","message":"GET /api/attendance/2026/7 304 - - 75.134 ms","timestamp":"2026-07-07 18:43:46"}
{"level":"info","message":"GET /api/users 200 - - 118.748 ms","timestamp":"2026-07-07 18:43:46"}
{"level":"info","message":"GET /api/attendance/2026/7 304 - - 74.721 ms","timestamp":"2026-07-07 18:43:46"}
{"level":"info","message":"GET /api/users 304 - - 85.884 ms","timestamp":"2026-07-07 18:43:47"}
{"level":"info","message":"OPTIONS /api/calls/sip-config 200 0 - 0.095 ms","timestamp":"2026-07-07 18:44:00"}
{"level":"info","message":"OPTIONS /api/messages/unread-count 200 0 - 0.068 ms","timestamp":"2026-07-07 18:44:00"}
{"level":"info","message":"OPTIONS /api/calls/sip-config 200 0 - 0.048 ms","timestamp":"2026-07-07 18:44:00"}
{"level":"info","message":"OPTIONS /api/messages/unread-count 200 0 - 0.037 ms","timestamp":"2026-07-07 18:44:00"}
{"level":"info","message":"GET /api/calls/sip-config 304 - - 29.968 ms","timestamp":"2026-07-07 18:44:00"}
{"level":"info","message":"GET /api/messages/unread-count 304 - - 54.621 ms","timestamp":"2026-07-07 18:44:00"}
{"level":"info","message":"GET /api/calls/sip-config 304 - - 26.604 ms","timestamp":"2026-07-07 18:44:00"}
{"level":"info","message":"GET /api/messages/unread-count 304 - - 53.235 ms","timestamp":"2026-07-07 18:44:00"}
{"level":"info","message":"OPTIONS /api/attendance/2026/7 200 0 - 0.049 ms","timestamp":"2026-07-07 18:44:01"}
{"level":"info","message":"OPTIONS /api/users 200 0 - 0.038 ms","timestamp":"2026-07-07 18:44:01"}
{"level":"info","message":"OPTIONS /api/attendance/2026/7 200 0 - 0.063 ms","timestamp":"2026-07-07 18:44:01"}
{"level":"info","message":"GET /api/attendance/2026/7 304 - - 76.397 ms","timestamp":"2026-07-07 18:44:01"}
{"level":"info","message":"GET /api/users 200 - - 119.120 ms","timestamp":"2026-07-07 18:44:01"}
{"level":"info","message":"GET /api/attendance/2026/7 304 - - 71.694 ms","timestamp":"2026-07-07 18:44:01"}
{"level":"info","message":"GET /api/users 304 - - 101.098 ms","timestamp":"2026-07-07 18:44:01"}
{"level":"info","message":"OPTIONS /api/attendance/2026/7 200 0 - 0.149 ms","timestamp":"2026-07-07 18:44:31"}
{"level":"info","message":"GET /api/attendance/2026/7 304 - - 77.325 ms","timestamp":"2026-07-07 18:44:31"}
{"level":"info","message":"OPTIONS /api/calls/sip-config 200 0 - 0.097 ms","timestamp":"2026-07-07 18:45:28"}
{"level":"info","message":"OPTIONS /api/messages/unread-count 200 0 - 0.077 ms","timestamp":"2026-07-07 18:45:28"}
{"level":"info","message":"OPTIONS /api/calls/sip-config 200 0 - 0.066 ms","timestamp":"2026-07-07 18:45:28"}
{"level":"info","message":"OPTIONS /api/messages/unread-count 200 0 - 0.061 ms","timestamp":"2026-07-07 18:45:28"}
{"level":"info","message":"GET /api/calls/sip-config 304 - - 24.996 ms","timestamp":"2026-07-07 18:45:28"}
{"level":"info","message":"GET /api/messages/unread-count 304 - - 48.696 ms","timestamp":"2026-07-07 18:45:28"}
{"level":"info","message":"GET /api/calls/sip-config 304 - - 26.702 ms","timestamp":"2026-07-07 18:45:28"}
{"level":"info","message":"GET /api/messages/unread-count 304 - - 56.133 ms","timestamp":"2026-07-07 18:45:28"}
{"level":"info","message":"GET /api/calls/sip-config 304 - - 28.525 ms","timestamp":"2026-07-07 18:45:28"}
{"level":"info","message":"GET /api/messages/unread-count 304 - - 51.504 ms","timestamp":"2026-07-07 18:45:28"}
{"level":"info","message":"GET /api/calls/sip-config 304 - - 26.769 ms","timestamp":"2026-07-07 18:45:29"}
{"level":"info","message":"GET /api/messages/unread-count 304 - - 50.919 ms","timestamp":"2026-07-07 18:45:29"}
{"level":"info","message":"OPTIONS /api/attendance/2026/7 200 0 - 0.079 ms","timestamp":"2026-07-07 18:45:29"}
{"level":"info","message":"OPTIONS /api/appointments/revenue/reports 200 0 - 0.059 ms","timestamp":"2026-07-07 18:45:29"}
{"level":"info","message":"OPTIONS /api/appointments/all 200 0 - 0.068 ms","timestamp":"2026-07-07 18:45:29"}
{"level":"info","message":"OPTIONS /api/tasks 200 0 - 0.068 ms","timestamp":"2026-07-07 18:45:29"}
{"level":"info","message":"OPTIONS /api/users/all 200 0 - 0.052 ms","timestamp":"2026-07-07 18:45:29"}
{"level":"info","message":"OPTIONS /api/attendance/range?start=2026-06-30T18:30:00.000Z&end=2026-07-31T18:29:59.999Z 200 0 - 0.043 ms","timestamp":"2026-07-07 18:45:29"}
{"level":"info","message":"OPTIONS /api/admin-status 200 0 - 0.078 ms","timestamp":"2026-07-07 18:45:29"}
{"level":"info","message":"OPTIONS /api/appointments/stats?month=7&year=2026 200 0 - 0.051 ms","timestamp":"2026-07-07 18:45:29"}
{"level":"info","message":"OPTIONS /api/appointments/stats?month=6&year=2026 200 0 - 0.049 ms","timestamp":"2026-07-07 18:45:29"}
{"level":"info","message":"OPTIONS /api/appointments/revenue 200 0 - 0.082 ms","timestamp":"2026-07-07 18:45:29"}
{"level":"info","message":"OPTIONS /api/users 200 0 - 0.065 ms","timestamp":"2026-07-07 18:45:29"}
{"level":"info","message":"OPTIONS /api/appointments/revenue 200 0 - 0.059 ms","timestamp":"2026-07-07 18:45:29"}
{"level":"info","message":"OPTIONS /api/users 200 0 - 0.085 ms","timestamp":"2026-07-07 18:45:29"}
{"level":"info","message":"GET /api/appointments/revenue/reports 304 - - 50.035 ms","timestamp":"2026-07-07 18:45:29"}
{"level":"info","message":"GET /api/attendance/2026/7 304 - - 74.619 ms","timestamp":"2026-07-07 18:45:29"}
{"level":"info","message":"GET /api/tasks 304 - - 87.280 ms","timestamp":"2026-07-07 18:45:29"}
{"level":"info","message":"GET /api/attendance/range?start=2026-06-30T18:30:00.000Z&end=2026-07-31T18:29:59.999Z 200 - - 87.747 ms","timestamp":"2026-07-07 18:45:29"}
{"level":"info","message":"GET /api/admin-status 200 48 - 58.310 ms","timestamp":"2026-07-07 18:45:29"}
{"level":"info","message":"GET /api/appointments/stats?month=7&year=2026 304 - - 138.655 ms","timestamp":"2026-07-07 18:45:29"}
{"level":"info","message":"GET /api/users/all 200 - - 114.839 ms","timestamp":"2026-07-07 18:45:29"}
{"level":"info","message":"GET /api/appointments/all 304 - - 256.506 ms","timestamp":"2026-07-07 18:45:29"}
{"level":"info","message":"GET /api/appointments/stats?month=6&year=2026 304 - - 160.387 ms","timestamp":"2026-07-07 18:45:29"}
{"level":"info","message":"GET /api/appointments/revenue 304 - - 197.367 ms","timestamp":"2026-07-07 18:45:29"}
{"level":"info","message":"GET /api/appointments/revenue/reports 304 - - 87.860 ms","timestamp":"2026-07-07 18:45:29"}
{"level":"info","message":"GET /api/attendance/2026/7 304 - - 105.519 ms","timestamp":"2026-07-07 18:45:29"}
{"level":"info","message":"GET /api/users 200 - - 215.116 ms","timestamp":"2026-07-07 18:45:29"}
{"level":"info","message":"GET /api/attendance/range?start=2026-06-30T18:30:00.000Z&end=2026-07-31T18:29:59.999Z 304 - - 99.677 ms","timestamp":"2026-07-07 18:45:29"}
{"level":"info","message":"GET /api/tasks 304 - - 106.073 ms","timestamp":"2026-07-07 18:45:29"}
{"level":"info","message":"GET /api/admin-status 304 - - 64.389 ms","timestamp":"2026-07-07 18:45:29"}
{"level":"info","message":"GET /api/appointments/stats?month=7&year=2026 304 - - 63.726 ms","timestamp":"2026-07-07 18:45:29"}
{"level":"info","message":"GET /api/users/all 304 - - 81.182 ms","timestamp":"2026-07-07 18:45:29"}
{"level":"info","message":"GET /api/appointments/stats?month=6&year=2026 304 - - 58.573 ms","timestamp":"2026-07-07 18:45:29"}
{"level":"info","message":"GET /api/appointments/revenue 304 - - 117.387 ms","timestamp":"2026-07-07 18:45:29"}
{"level":"info","message":"GET /api/attendance/2026/7 304 - - 125.373 ms","timestamp":"2026-07-07 18:45:29"}
{"level":"info","message":"GET /api/appointments/all 304 - - 194.783 ms","timestamp":"2026-07-07 18:45:29"}
{"level":"info","message":"GET /api/users 304 - - 170.218 ms","timestamp":"2026-07-07 18:45:29"}
{"level":"info","message":"GET /api/tasks 304 - - 140.932 ms","timestamp":"2026-07-07 18:45:29"}
{"level":"info","message":"GET /api/attendance/2026/7 304 - - 89.480 ms","timestamp":"2026-07-07 18:45:29"}
{"level":"info","message":"GET /api/tasks 304 - - 70.769 ms","timestamp":"2026-07-07 18:45:29"}
{"level":"info","message":"GET /api/users 304 - - 85.982 ms","timestamp":"2026-07-07 18:45:29"}
{"level":"info","message":"GET /api/users 304 - - 88.104 ms","timestamp":"2026-07-07 18:45:29"}
{"level":"info","message":"OPTIONS /api/appointments/stats?month=7&year=2026 200 0 - 0.047 ms","timestamp":"2026-07-07 18:45:39"}
{"level":"info","message":"OPTIONS /api/appointments/stats?month=6&year=2026 200 0 - 0.043 ms","timestamp":"2026-07-07 18:45:39"}
{"level":"info","message":"OPTIONS /api/appointments/revenue 200 0 - 0.029 ms","timestamp":"2026-07-07 18:45:39"}
{"level":"info","message":"OPTIONS /api/users 200 0 - 0.046 ms","timestamp":"2026-07-07 18:45:39"}
{"level":"info","message":"GET /api/appointments/stats?month=6&year=2026 304 - - 44.901 ms","timestamp":"2026-07-07 18:45:39"}
{"level":"info","message":"GET /api/appointments/stats?month=7&year=2026 304 - - 47.728 ms","timestamp":"2026-07-07 18:45:39"}
{"level":"info","message":"GET /api/appointments/revenue 304 - - 62.858 ms","timestamp":"2026-07-07 18:45:39"}
{"level":"info","message":"GET /api/users 304 - - 104.864 ms","timestamp":"2026-07-07 18:45:39"}
{"level":"info","message":"OPTIONS /api/calls/sip-config 200 0 - 0.100 ms","timestamp":"2026-07-07 18:45:40"}
{"level":"info","message":"OPTIONS /api/messages/unread-count 200 0 - 0.046 ms","timestamp":"2026-07-07 18:45:40"}
{"level":"info","message":"OPTIONS /api/calls/sip-config 200 0 - 0.049 ms","timestamp":"2026-07-07 18:45:40"}
{"level":"info","message":"GET /api/calls/sip-config 304 - - 25.762 ms","timestamp":"2026-07-07 18:45:40"}
{"level":"info","message":"GET /api/calls/sip-config 304 - - 22.716 ms","timestamp":"2026-07-07 18:45:40"}
{"level":"info","message":"GET /api/messages/unread-count 304 - - 49.581 ms","timestamp":"2026-07-07 18:45:40"}
{"level":"info","message":"GET /api/messages/unread-count 304 - - 41.412 ms","timestamp":"2026-07-07 18:45:40"}
{"level":"info","message":"OPTIONS /api/attendance/2026/7 200 0 - 0.142 ms","timestamp":"2026-07-07 18:45:40"}
{"level":"info","message":"OPTIONS /api/attendance/2026/7 200 0 - 0.268 ms","timestamp":"2026-07-07 18:45:40"}
{"level":"info","message":"GET /api/attendance/2026/7 304 - - 64.939 ms","timestamp":"2026-07-07 18:45:40"}
{"level":"info","message":"GET /api/users 200 - - 109.412 ms","timestamp":"2026-07-07 18:45:40"}
{"level":"info","message":"GET /api/attendance/2026/7 304 - - 61.880 ms","timestamp":"2026-07-07 18:45:40"}
{"level":"info","message":"GET /api/users 304 - - 75.018 ms","timestamp":"2026-07-07 18:45:40"}
{"level":"info","message":"OPTIONS /api/appointments/stats?month=7&year=2026 200 0 - 0.047 ms","timestamp":"2026-07-07 18:45:49"}
{"level":"info","message":"OPTIONS /api/appointments/stats?month=6&year=2026 200 0 - 0.048 ms","timestamp":"2026-07-07 18:45:49"}
{"level":"info","message":"OPTIONS /api/appointments/revenue 200 0 - 0.024 ms","timestamp":"2026-07-07 18:45:49"}
{"level":"info","message":"OPTIONS /api/users 200 0 - 0.035 ms","timestamp":"2026-07-07 18:45:49"}
{"level":"info","message":"GET /api/appointments/stats?month=7&year=2026 304 - - 38.522 ms","timestamp":"2026-07-07 18:45:49"}
{"level":"info","message":"GET /api/appointments/stats?month=6&year=2026 304 - - 38.049 ms","timestamp":"2026-07-07 18:45:49"}
{"level":"info","message":"GET /api/appointments/revenue 304 - - 74.393 ms","timestamp":"2026-07-07 18:45:49"}
{"level":"info","message":"GET /api/users 304 - - 117.714 ms","timestamp":"2026-07-07 18:45:49"}
{"level":"info","message":"OPTIONS /api/attendance/2026/7 200 0 - 0.139 ms","timestamp":"2026-07-07 18:45:59"}
{"level":"info","message":"OPTIONS /api/users/all 200 0 - 0.075 ms","timestamp":"2026-07-07 18:45:59"}
{"level":"info","message":"OPTIONS /api/attendance/range?start=2026-06-30T18:30:00.000Z&end=2026-07-31T18:29:59.999Z 200 0 - 0.054 ms","timestamp":"2026-07-07 18:45:59"}
{"level":"info","message":"OPTIONS /api/appointments/stats?month=7&year=2026 200 0 - 0.043 ms","timestamp":"2026-07-07 18:45:59"}
{"level":"info","message":"OPTIONS /api/appointments/stats?month=6&year=2026 200 0 - 0.025 ms","timestamp":"2026-07-07 18:45:59"}
{"level":"info","message":"OPTIONS /api/appointments/revenue 200 0 - 0.033 ms","timestamp":"2026-07-07 18:45:59"}
{"level":"info","message":"OPTIONS /api/users 200 0 - 0.033 ms","timestamp":"2026-07-07 18:45:59"}
{"level":"info","message":"GET /api/attendance/range?start=2026-06-30T18:30:00.000Z&end=2026-07-31T18:29:59.999Z 304 - - 62.746 ms","timestamp":"2026-07-07 18:45:59"}
{"level":"info","message":"GET /api/attendance/2026/7 304 - - 75.528 ms","timestamp":"2026-07-07 18:45:59"}
{"level":"info","message":"GET /api/appointments/stats?month=6&year=2026 304 - - 39.569 ms","timestamp":"2026-07-07 18:45:59"}
{"level":"info","message":"GET /api/appointments/stats?month=7&year=2026 304 - - 41.417 ms","timestamp":"2026-07-07 18:45:59"}
{"level":"info","message":"GET /api/users/all 200 - - 98.659 ms","timestamp":"2026-07-07 18:45:59"}
{"level":"info","message":"GET /api/appointments/revenue 304 - - 70.545 ms","timestamp":"2026-07-07 18:45:59"}
{"level":"info","message":"GET /api/users 304 - - 87.861 ms","timestamp":"2026-07-07 18:45:59"}
{"level":"info","message":"OPTIONS /api/calls/sip-config 200 0 - 0.083 ms","timestamp":"2026-07-07 18:46:04"}
{"level":"info","message":"OPTIONS /api/messages/unread-count 200 0 - 0.065 ms","timestamp":"2026-07-07 18:46:04"}
{"level":"info","message":"OPTIONS /api/calls/sip-config 200 0 - 0.055 ms","timestamp":"2026-07-07 18:46:04"}
{"level":"info","message":"GET /api/calls/sip-config 304 - - 22.168 ms","timestamp":"2026-07-07 18:46:04"}
{"level":"info","message":"GET /api/calls/sip-config 304 - - 24.361 ms","timestamp":"2026-07-07 18:46:04"}
{"level":"info","message":"GET /api/messages/unread-count 304 - - 55.976 ms","timestamp":"2026-07-07 18:46:04"}
{"level":"info","message":"GET /api/messages/unread-count 304 - - 47.930 ms","timestamp":"2026-07-07 18:46:04"}
{"level":"info","message":"OPTIONS /api/attendance/2026/7 200 0 - 0.116 ms","timestamp":"2026-07-07 18:46:04"}
{"level":"info","message":"OPTIONS /api/users 200 0 - 0.055 ms","timestamp":"2026-07-07 18:46:04"}
{"level":"info","message":"OPTIONS /api/attendance/2026/7 200 0 - 0.065 ms","timestamp":"2026-07-07 18:46:04"}
{"level":"info","message":"GET /api/attendance/2026/7 304 - - 73.341 ms","timestamp":"2026-07-07 18:46:04"}
{"level":"info","message":"GET /api/users 200 - - 126.795 ms","timestamp":"2026-07-07 18:46:04"}
{"level":"info","message":"GET /api/attendance/2026/7 304 - - 81.823 ms","timestamp":"2026-07-07 18:46:04"}
{"level":"info","message":"GET /api/users 304 - - 74.798 ms","timestamp":"2026-07-07 18:46:04"}
{"level":"info","message":"OPTIONS /api/appointments/stats?month=7&year=2026 200 0 - 0.102 ms","timestamp":"2026-07-07 18:46:09"}
{"level":"info","message":"OPTIONS /api/appointments/stats?month=6&year=2026 200 0 - 0.047 ms","timestamp":"2026-07-07 18:46:09"}
{"level":"info","message":"OPTIONS /api/appointments/revenue 200 0 - 0.045 ms","timestamp":"2026-07-07 18:46:09"}
{"level":"info","message":"GET /api/appointments/stats?month=6&year=2026 304 - - 42.134 ms","timestamp":"2026-07-07 18:46:09"}
{"level":"info","message":"GET /api/appointments/stats?month=7&year=2026 304 - - 45.193 ms","timestamp":"2026-07-07 18:46:09"}
{"level":"info","message":"GET /api/appointments/revenue 304 - - 63.384 ms","timestamp":"2026-07-07 18:46:09"}
{"level":"info","message":"GET /api/users 304 - - 121.406 ms","timestamp":"2026-07-07 18:46:09"}
{"level":"info","message":"OPTIONS /api/appointments/stats?month=7&year=2026 200 0 - 0.065 ms","timestamp":"2026-07-07 18:46:19"}
{"level":"info","message":"OPTIONS /api/appointments/stats?month=6&year=2026 200 0 - 0.039 ms","timestamp":"2026-07-07 18:46:19"}
{"level":"info","message":"OPTIONS /api/appointments/revenue 200 0 - 0.044 ms","timestamp":"2026-07-07 18:46:19"}
{"level":"info","message":"OPTIONS /api/users 200 0 - 0.056 ms","timestamp":"2026-07-07 18:46:19"}
{"level":"info","message":"GET /api/appointments/stats?month=6&year=2026 304 - - 44.700 ms","timestamp":"2026-07-07 18:46:19"}
{"level":"info","message":"GET /api/appointments/stats?month=7&year=2026 304 - - 46.548 ms","timestamp":"2026-07-07 18:46:19"}
{"level":"info","message":"GET /api/appointments/revenue 304 - - 73.089 ms","timestamp":"2026-07-07 18:46:19"}
{"level":"info","message":"GET /api/users 304 - - 107.130 ms","timestamp":"2026-07-07 18:46:19"}
{"level":"info","message":"OPTIONS /api/attendance/2026/7 200 0 - 0.096 ms","timestamp":"2026-07-07 18:46:29"}
{"level":"info","message":"OPTIONS /api/users/all 200 0 - 0.084 ms","timestamp":"2026-07-07 18:46:29"}
{"level":"info","message":"OPTIONS /api/attendance/range?start=2026-06-30T18:30:00.000Z&end=2026-07-31T18:29:59.999Z 200 0 - 0.072 ms","timestamp":"2026-07-07 18:46:29"}
{"level":"info","message":"OPTIONS /api/appointments/stats?month=7&year=2026 200 0 - 0.057 ms","timestamp":"2026-07-07 18:46:29"}
{"level":"info","message":"OPTIONS /api/appointments/stats?month=6&year=2026 200 0 - 0.024 ms","timestamp":"2026-07-07 18:46:29"}
{"level":"info","message":"OPTIONS /api/appointments/revenue 200 0 - 0.042 ms","timestamp":"2026-07-07 18:46:29"}
{"level":"info","message":"OPTIONS /api/users 200 0 - 0.027 ms","timestamp":"2026-07-07 18:46:29"}
{"level":"info","message":"GET /api/attendance/2026/7 304 - - 81.307 ms","timestamp":"2026-07-07 18:46:29"}
{"level":"info","message":"GET /api/attendance/range?start=2026-06-30T18:30:00.000Z&end=2026-07-31T18:29:59.999Z 304 - - 78.146 ms","timestamp":"2026-07-07 18:46:29"}
{"level":"info","message":"GET /api/appointments/stats?month=7&year=2026 304 - - 45.607 ms","timestamp":"2026-07-07 18:46:29"}
{"level":"info","message":"GET /api/appointments/stats?month=6&year=2026 304 - - 45.103 ms","timestamp":"2026-07-07 18:46:29"}
{"level":"info","message":"GET /api/users/all 200 - - 118.066 ms","timestamp":"2026-07-07 18:46:29"}
{"level":"info","message":"GET /api/appointments/revenue 304 - - 71.084 ms","timestamp":"2026-07-07 18:46:29"}
{"level":"info","message":"GET /api/users 200 - - 106.258 ms","timestamp":"2026-07-07 18:46:29"}
{"level":"info","message":"OPTIONS /api/attendance/2026/7 200 0 - 0.209 ms","timestamp":"2026-07-07 18:46:35"}
{"level":"info","message":"GET /api/attendance/2026/7 304 - - 81.020 ms","timestamp":"2026-07-07 18:46:35"}
{"level":"info","message":"OPTIONS /api/appointments/stats?month=7&year=2026 200 0 - 0.050 ms","timestamp":"2026-07-07 18:46:39"}
{"level":"info","message":"OPTIONS /api/appointments/stats?month=6&year=2026 200 0 - 0.050 ms","timestamp":"2026-07-07 18:46:39"}
{"level":"info","message":"OPTIONS /api/appointments/revenue 200 0 - 0.027 ms","timestamp":"2026-07-07 18:46:39"}
{"level":"info","message":"OPTIONS /api/users 200 0 - 0.037 ms","timestamp":"2026-07-07 18:46:39"}
{"level":"info","message":"GET /api/appointments/stats?month=7&year=2026 304 - - 39.991 ms","timestamp":"2026-07-07 18:46:39"}
{"level":"info","message":"GET /api/appointments/stats?month=6&year=2026 304 - - 51.626 ms","timestamp":"2026-07-07 18:46:39"}
{"level":"info","message":"GET /api/appointments/revenue 304 - - 82.021 ms","timestamp":"2026-07-07 18:46:39"}
{"level":"info","message":"GET /api/users 200 - - 106.059 ms","timestamp":"2026-07-07 18:46:39"}
{"level":"info","message":"OPTIONS /api/attendance/2026/7 200 0 - 0.075 ms","timestamp":"2026-07-07 18:46:59"}
{"level":"info","message":"OPTIONS /api/users/all 200 0 - 0.060 ms","timestamp":"2026-07-07 18:46:59"}
{"level":"info","message":"OPTIONS /api/attendance/range?start=2026-06-30T18:30:00.000Z&end=2026-07-31T18:29:59.999Z 200 0 - 0.047 ms","timestamp":"2026-07-07 18:46:59"}
{"level":"info","message":"GET /api/attendance/2026/7 304 - - 86.574 ms","timestamp":"2026-07-07 18:46:59"}
{"level":"info","message":"GET /api/attendance/range?start=2026-06-30T18:30:00.000Z&end=2026-07-31T18:29:59.999Z 304 - - 87.347 ms","timestamp":"2026-07-07 18:46:59"}
{"level":"info","message":"GET /api/users/all 200 - - 120.666 ms","timestamp":"2026-07-07 18:46:59"}
{"level":"info","message":"OPTIONS /api/attendance/2026/7 200 0 - 0.045 ms","timestamp":"2026-07-07 18:47:04"}
{"level":"info","message":"GET /api/attendance/2026/7 200 - - 85.336 ms","timestamp":"2026-07-07 18:47:04"}
{"level":"info","message":"OPTIONS /api/appointments/stats?month=7&year=2026 200 0 - 0.062 ms","timestamp":"2026-07-07 18:47:05"}
{"level":"info","message":"OPTIONS /api/appointments/stats?month=6&year=2026 200 0 - 0.043 ms","timestamp":"2026-07-07 18:47:05"}
{"level":"info","message":"OPTIONS /api/appointments/revenue 200 0 - 0.032 ms","timestamp":"2026-07-07 18:47:05"}
{"level":"info","message":"OPTIONS /api/users 200 0 - 0.035 ms","timestamp":"2026-07-07 18:47:05"}
{"level":"info","message":"GET /api/appointments/stats?month=7&year=2026 304 - - 45.058 ms","timestamp":"2026-07-07 18:47:06"}
{"level":"info","message":"GET /api/appointments/stats?month=6&year=2026 304 - - 49.467 ms","timestamp":"2026-07-07 18:47:06"}
{"level":"info","message":"GET /api/appointments/revenue 304 - - 77.134 ms","timestamp":"2026-07-07 18:47:06"}
{"level":"info","message":"GET /api/users 200 - - 108.413 ms","timestamp":"2026-07-07 18:47:06"}
{"level":"info","message":"GET /api/appointments/stats?month=6&year=2026 304 - - 46.913 ms","timestamp":"2026-07-07 18:47:09"}
{"level":"info","message":"GET /api/appointments/stats?month=7&year=2026 304 - - 49.218 ms","timestamp":"2026-07-07 18:47:09"}
{"level":"info","message":"GET /api/appointments/revenue 304 - - 78.117 ms","timestamp":"2026-07-07 18:47:09"}
{"level":"info","message":"GET /api/users 200 - - 126.879 ms","timestamp":"2026-07-07 18:47:09"}
{"level":"info","message":"OPTIONS /api/users/me 200 0 - 0.052 ms","timestamp":"2026-07-07 18:47:12"}
{"level":"info","message":"OPTIONS /api/users 200 0 - 0.049 ms","timestamp":"2026-07-07 18:47:12"}
{"level":"info","message":"OPTIONS /api/tasks 200 0 - 0.048 ms","timestamp":"2026-07-07 18:47:12"}
{"level":"info","message":"OPTIONS /api/users/me 200 0 - 0.046 ms","timestamp":"2026-07-07 18:47:12"}
{"level":"info","message":"GET /api/users/me 200 - - 48.855 ms","timestamp":"2026-07-07 18:47:12"}
{"level":"info","message":"GET /api/tasks 304 - - 63.849 ms","timestamp":"2026-07-07 18:47:12"}
{"level":"info","message":"GET /api/users/me 304 - - 57.288 ms","timestamp":"2026-07-07 18:47:12"}
{"level":"info","message":"GET /api/users 304 - - 122.986 ms","timestamp":"2026-07-07 18:47:12"}
{"level":"info","message":"GET /api/tasks 304 - - 73.157 ms","timestamp":"2026-07-07 18:47:12"}
{"level":"info","message":"OPTIONS /api/queries 200 0 - 0.059 ms","timestamp":"2026-07-07 18:47:12"}
{"level":"info","message":"OPTIONS /api/reports 200 0 - 0.042 ms","timestamp":"2026-07-07 18:47:12"}
{"level":"info","message":"OPTIONS /api/telecaller-reports 200 0 - 0.039 ms","timestamp":"2026-07-07 18:47:12"}
{"level":"info","message":"OPTIONS /api/appointment-status 200 0 - 0.034 ms","timestamp":"2026-07-07 18:47:12"}
{"level":"info","message":"OPTIONS /api/appointment-status 200 0 - 0.035 ms","timestamp":"2026-07-07 18:47:12"}
{"level":"info","message":"GET /api/users 304 - - 93.471 ms","timestamp":"2026-07-07 18:47:12"}
{"level":"info","message":"GET /api/queries 200 2 - 54.920 ms","timestamp":"2026-07-07 18:47:12"}
{"level":"info","message":"GET /api/telecaller-reports 200 604 - 55.347 ms","timestamp":"2026-07-07 18:47:12"}
{"level":"info","message":"GET /api/appointment-status 200 - - 66.525 ms","timestamp":"2026-07-07 18:47:12"}
{"level":"info","message":"GET /api/queries 304 - - 52.955 ms","timestamp":"2026-07-07 18:47:12"}
{"level":"info","message":"GET /api/appointment-status 304 - - 46.951 ms","timestamp":"2026-07-07 18:47:12"}
{"level":"info","message":"GET /api/telecaller-reports 304 - - 61.100 ms","timestamp":"2026-07-07 18:47:12"}
{"level":"info","message":"GET /api/reports 200 - - 300.126 ms","timestamp":"2026-07-07 18:47:12"}
{"level":"info","message":"GET /api/reports 304 - - 271.983 ms","timestamp":"2026-07-07 18:47:13"}
{"level":"info","message":"OPTIONS /api/attendance/2026/7 200 0 - 0.052 ms","timestamp":"2026-07-07 18:47:29"}
{"level":"info","message":"GET /api/attendance/2026/7 304 - - 82.511 ms","timestamp":"2026-07-07 18:47:29"}
{"level":"info","message":"OPTIONS /api/attendance/2026/7 200 0 - 0.046 ms","timestamp":"2026-07-07 18:47:35"}
{"level":"info","message":"GET /api/attendance/2026/7 304 - - 72.461 ms","timestamp":"2026-07-07 18:47:35"}
{"level":"info","message":"OPTIONS /api/reports 200 0 - 0.044 ms","timestamp":"2026-07-07 18:47:45"}
{"level":"info","message":"POST /api/reports 201 - - 72.443 ms","timestamp":"2026-07-07 18:47:45"}
