{"level":"info","message":"✅ Redis Clients (Pub/Sub) Connected and Ready","timestamp":"2026-06-03 10:47:58"}
{"level":"info","message":"🚀 Server running on http://localhost:5000","timestamp":"2026-06-03 10:47:59"}
{"level":"info","message":"📡 Socket.IO server ready for connections","timestamp":"2026-06-03 10:47:59"}
{"level":"info","message":"GET /api/calls/sip-config 401 44 - 11.152 ms","timestamp":"2026-06-03 10:48:08"}
{"level":"info","message":"GET /api/calls/sip-config 401 44 - 0.998 ms","timestamp":"2026-06-03 10:48:08"}
{"level":"info","message":"OPTIONS /api/auth/login 200 0 - 0.386 ms","timestamp":"2026-06-03 10:48:42"}
{"level":"info","message":"POST /api/auth/login 401 40 - 99.077 ms","timestamp":"2026-06-03 10:48:42"}
{"level":"info","message":"POST /api/auth/login 401 40 - 26.505 ms","timestamp":"2026-06-03 10:48:46"}
{"level":"info","message":"POST /api/auth/login 401 40 - 27.376 ms","timestamp":"2026-06-03 10:48:46"}
{"level":"info","message":"GET /api/calls/sip-config 401 44 - 1.084 ms","timestamp":"2026-06-03 10:48:49"}
{"level":"info","message":"GET /api/calls/sip-config 401 44 - 1.462 ms","timestamp":"2026-06-03 10:48:49"}
{"level":"info","message":"OPTIONS /api/auth/login 200 0 - 0.178 ms","timestamp":"2026-06-03 10:48:55"}
{"level":"info","message":"POST /api/auth/login 200 750 - 251.875 ms","timestamp":"2026-06-03 10:48:55"}
{"level":"info","message":"OPTIONS /api/calls/sip-config 200 0 - 0.109 ms","timestamp":"2026-06-03 10:48:55"}
{"level":"info","message":"OPTIONS /api/messages/unread-count 200 0 - 0.123 ms","timestamp":"2026-06-03 10:48:55"}
{"level":"info","message":"GET /api/calls/sip-config 200 197 - 34.127 ms","timestamp":"2026-06-03 10:48:55"}
{"level":"info","message":"GET /api/messages/unread-count 200 17 - 65.581 ms","timestamp":"2026-06-03 10:48:55"}
{"level":"info","message":"OPTIONS /api/attendance/2026/6 200 0 - 0.115 ms","timestamp":"2026-06-03 10:48:56"}
{"level":"info","message":"OPTIONS /api/appointments/revenue/reports 200 0 - 0.108 ms","timestamp":"2026-06-03 10:48:56"}
{"level":"info","message":"OPTIONS /api/appointments/all 200 0 - 0.119 ms","timestamp":"2026-06-03 10:48:56"}
{"level":"info","message":"OPTIONS /api/tasks 200 0 - 0.128 ms","timestamp":"2026-06-03 10:48:56"}
{"level":"info","message":"OPTIONS /api/users/all 200 0 - 0.127 ms","timestamp":"2026-06-03 10:48:56"}
{"level":"info","message":"OPTIONS /api/attendance/range?start=2026-05-31T18:30:00.000Z&end=2026-06-30T18:29:59.999Z 200 0 - 0.202 ms","timestamp":"2026-06-03 10:48:56"}
{"level":"info","message":"OPTIONS /api/admin-status 200 0 - 0.112 ms","timestamp":"2026-06-03 10:48:56"}
{"level":"info","message":"OPTIONS /api/appointments/stats?month=6&year=2026 200 0 - 0.176 ms","timestamp":"2026-06-03 10:48:56"}
{"level":"info","message":"OPTIONS /api/appointments/stats?month=5&year=2026 200 0 - 0.075 ms","timestamp":"2026-06-03 10:48:56"}
{"level":"info","message":"OPTIONS /api/appointments/revenue 200 0 - 0.071 ms","timestamp":"2026-06-03 10:48:56"}
{"level":"info","message":"OPTIONS /api/appointments/stats?month=5&year=2026 200 0 - 0.128 ms","timestamp":"2026-06-03 10:48:56"}
{"level":"info","message":"OPTIONS /api/appointments/revenue 200 0 - 0.071 ms","timestamp":"2026-06-03 10:48:56"}
{"level":"info","message":"OPTIONS /api/users 200 0 - 0.164 ms","timestamp":"2026-06-03 10:48:56"}
{"level":"info","message":"OPTIONS /api/users 200 0 - 0.058 ms","timestamp":"2026-06-03 10:48:56"}
{"level":"info","message":"GET /api/appointments/revenue/reports 200 - - 70.028 ms","timestamp":"2026-06-03 10:48:56"}
{"level":"info","message":"GET /api/attendance/2026/6 200 - - 111.938 ms","timestamp":"2026-06-03 10:48:56"}
{"level":"info","message":"GET /api/attendance/range?start=2026-05-31T18:30:00.000Z&end=2026-06-30T18:29:59.999Z 200 - - 97.382 ms","timestamp":"2026-06-03 10:48:56"}
{"level":"info","message":"GET /api/users/all 200 - - 126.166 ms","timestamp":"2026-06-03 10:48:56"}
{"level":"info","message":"GET /api/appointments/stats?month=5&year=2026 200 12 - 156.484 ms","timestamp":"2026-06-03 10:48:56"}
{"level":"info","message":"GET /api/appointments/stats?month=6&year=2026 200 11 - 192.156 ms","timestamp":"2026-06-03 10:48:56"}
{"level":"info","message":"GET /api/appointments/all 200 - - 293.304 ms","timestamp":"2026-06-03 10:48:56"}
{"level":"info","message":"GET /api/appointments/revenue 200 45 - 192.763 ms","timestamp":"2026-06-03 10:48:56"}
{"level":"info","message":"GET /api/appointments/revenue/reports 304 - - 54.830 ms","timestamp":"2026-06-03 10:48:56"}
{"level":"info","message":"GET /api/tasks 200 - - 380.827 ms","timestamp":"2026-06-03 10:48:56"}
{"level":"info","message":"GET /api/attendance/2026/6 304 - - 83.133 ms","timestamp":"2026-06-03 10:48:56"}
{"level":"info","message":"GET /api/admin-status 200 48 - 366.883 ms","timestamp":"2026-06-03 10:48:56"}
{"level":"info","message":"GET /api/appointments/stats?month=5&year=2026 304 - - 62.487 ms","timestamp":"2026-06-03 10:48:56"}
{"level":"info","message":"GET /api/attendance/range?start=2026-05-31T18:30:00.000Z&end=2026-06-30T18:29:59.999Z 304 - - 79.902 ms","timestamp":"2026-06-03 10:48:56"}
{"level":"info","message":"GET /api/appointments/stats?month=6&year=2026 304 - - 63.524 ms","timestamp":"2026-06-03 10:48:56"}
{"level":"info","message":"GET /api/users 200 - - 153.225 ms","timestamp":"2026-06-03 10:48:56"}
{"level":"info","message":"GET /api/users/all 304 - - 113.323 ms","timestamp":"2026-06-03 10:48:56"}
{"level":"info","message":"GET /api/admin-status 304 - - 55.984 ms","timestamp":"2026-06-03 10:48:56"}
{"level":"info","message":"GET /api/tasks 304 - - 116.769 ms","timestamp":"2026-06-03 10:48:56"}
{"level":"info","message":"GET /api/appointments/revenue 304 - - 124.110 ms","timestamp":"2026-06-03 10:48:56"}
{"level":"info","message":"GET /api/appointments/all 304 - - 163.706 ms","timestamp":"2026-06-03 10:48:56"}
{"level":"info","message":"GET /api/users 304 - - 137.810 ms","timestamp":"2026-06-03 10:48:56"}
{"level":"info","message":"GET /api/tasks 304 - - 98.340 ms","timestamp":"2026-06-03 10:48:56"}
{"level":"info","message":"GET /api/tasks 304 - - 91.688 ms","timestamp":"2026-06-03 10:48:56"}
{"level":"info","message":"OPTIONS /api/appointments/stats?month=6&year=2026 200 0 - 0.104 ms","timestamp":"2026-06-03 10:49:06"}
{"level":"info","message":"OPTIONS /api/appointments/stats?month=5&year=2026 200 0 - 0.081 ms","timestamp":"2026-06-03 10:49:06"}
{"level":"info","message":"OPTIONS /api/appointments/revenue 200 0 - 0.072 ms","timestamp":"2026-06-03 10:49:06"}
{"level":"info","message":"OPTIONS /api/users 200 0 - 0.078 ms","timestamp":"2026-06-03 10:49:06"}
{"level":"info","message":"GET /api/appointments/stats?month=6&year=2026 304 - - 51.937 ms","timestamp":"2026-06-03 10:49:06"}
{"level":"info","message":"GET /api/appointments/stats?month=5&year=2026 304 - - 63.247 ms","timestamp":"2026-06-03 10:49:06"}
{"level":"info","message":"GET /api/appointments/revenue 304 - - 99.339 ms","timestamp":"2026-06-03 10:49:06"}
{"level":"info","message":"GET /api/users 304 - - 145.082 ms","timestamp":"2026-06-03 10:49:06"}
{"level":"info","message":"OPTIONS /api/appointments/stats?month=6&year=2026 200 0 - 0.135 ms","timestamp":"2026-06-03 10:49:16"}
{"level":"info","message":"OPTIONS /api/appointments/stats?month=5&year=2026 200 0 - 0.048 ms","timestamp":"2026-06-03 10:49:16"}
{"level":"info","message":"OPTIONS /api/appointments/revenue 200 0 - 0.038 ms","timestamp":"2026-06-03 10:49:16"}
{"level":"info","message":"OPTIONS /api/users 200 0 - 0.062 ms","timestamp":"2026-06-03 10:49:16"}
{"level":"info","message":"GET /api/appointments/stats?month=6&year=2026 304 - - 51.626 ms","timestamp":"2026-06-03 10:49:16"}
{"level":"info","message":"GET /api/appointments/stats?month=5&year=2026 304 - - 50.405 ms","timestamp":"2026-06-03 10:49:16"}
{"level":"info","message":"GET /api/appointments/revenue 304 - - 79.165 ms","timestamp":"2026-06-03 10:49:16"}
{"level":"info","message":"GET /api/users 200 - - 144.738 ms","timestamp":"2026-06-03 10:49:16"}
{"level":"info","message":"OPTIONS /api/users/me 200 0 - 0.070 ms","timestamp":"2026-06-03 10:49:18"}
{"level":"info","message":"OPTIONS /api/tasks 200 0 - 0.073 ms","timestamp":"2026-06-03 10:49:18"}
{"level":"info","message":"OPTIONS /api/tasks 200 0 - 0.067 ms","timestamp":"2026-06-03 10:49:18"}
{"level":"info","message":"GET /api/users/me 200 - - 57.189 ms","timestamp":"2026-06-03 10:49:18"}
{"level":"info","message":"GET /api/tasks 304 - - 94.201 ms","timestamp":"2026-06-03 10:49:18"}
{"level":"info","message":"GET /api/users/me 304 - - 55.195 ms","timestamp":"2026-06-03 10:49:18"}
{"level":"info","message":"GET /api/users 304 - - 143.332 ms","timestamp":"2026-06-03 10:49:18"}
{"level":"info","message":"OPTIONS /api/queries 200 0 - 0.123 ms","timestamp":"2026-06-03 10:49:18"}
{"level":"info","message":"OPTIONS /api/reports 200 0 - 0.069 ms","timestamp":"2026-06-03 10:49:18"}
{"level":"info","message":"GET /api/tasks 304 - - 83.949 ms","timestamp":"2026-06-03 10:49:18"}
{"level":"info","message":"GET /api/users 304 - - 93.584 ms","timestamp":"2026-06-03 10:49:18"}
{"level":"info","message":"GET /api/queries 200 2 - 60.228 ms","timestamp":"2026-06-03 10:49:18"}
{"level":"info","message":"GET /api/queries 304 - - 51.374 ms","timestamp":"2026-06-03 10:49:18"}
{"level":"info","message":"GET /api/reports 200 - - 278.885 ms","timestamp":"2026-06-03 10:49:19"}
{"level":"info","message":"GET /api/reports 304 - - 186.534 ms","timestamp":"2026-06-03 10:49:19"}
{"level":"info","message":"OPTIONS /api/appointments/revenue/reports 200 0 - 0.096 ms","timestamp":"2026-06-03 10:49:21"}
{"level":"info","message":"OPTIONS /api/appointments/all 200 0 - 0.084 ms","timestamp":"2026-06-03 10:49:21"}
{"level":"info","message":"OPTIONS /api/users/all 200 0 - 0.072 ms","timestamp":"2026-06-03 10:49:21"}
{"level":"info","message":"OPTIONS /api/attendance/range?start=2026-05-31T18:30:00.000Z&end=2026-06-30T18:29:59.999Z 200 0 - 0.080 ms","timestamp":"2026-06-03 10:49:21"}
{"level":"info","message":"OPTIONS /api/admin-status 200 0 - 0.069 ms","timestamp":"2026-06-03 10:49:21"}
{"level":"info","message":"OPTIONS /api/appointments/stats?month=6&year=2026 200 0 - 0.065 ms","timestamp":"2026-06-03 10:49:21"}
{"level":"info","message":"OPTIONS /api/appointments/stats?month=5&year=2026 200 0 - 0.074 ms","timestamp":"2026-06-03 10:49:21"}
{"level":"info","message":"OPTIONS /api/appointments/revenue 200 0 - 0.055 ms","timestamp":"2026-06-03 10:49:21"}
{"level":"info","message":"OPTIONS /api/users 200 0 - 0.045 ms","timestamp":"2026-06-03 10:49:21"}
{"level":"info","message":"OPTIONS /api/users 200 0 - 0.066 ms","timestamp":"2026-06-03 10:49:21"}
{"level":"info","message":"GET /api/appointments/revenue/reports 304 - - 59.400 ms","timestamp":"2026-06-03 10:49:21"}
{"level":"info","message":"GET /api/admin-status 304 - - 58.894 ms","timestamp":"2026-06-03 10:49:21"}
{"level":"info","message":"GET /api/attendance/range?start=2026-05-31T18:30:00.000Z&end=2026-06-30T18:29:59.999Z 304 - - 89.062 ms","timestamp":"2026-06-03 10:49:21"}
{"level":"info","message":"GET /api/users/all 200 - - 116.040 ms","timestamp":"2026-06-03 10:49:21"}
{"level":"info","message":"GET /api/appointments/stats?month=5&year=2026 304 - - 79.427 ms","timestamp":"2026-06-03 10:49:21"}
{"level":"info","message":"GET /api/appointments/stats?month=6&year=2026 304 - - 86.768 ms","timestamp":"2026-06-03 10:49:21"}
{"level":"info","message":"GET /api/appointments/all 304 - - 194.045 ms","timestamp":"2026-06-03 10:49:21"}
{"level":"info","message":"GET /api/appointments/revenue 304 - - 112.096 ms","timestamp":"2026-06-03 10:49:21"}
{"level":"info","message":"GET /api/admin-status 304 - - 69.847 ms","timestamp":"2026-06-03 10:49:21"}
{"level":"info","message":"GET /api/appointments/revenue/reports 304 - - 75.603 ms","timestamp":"2026-06-03 10:49:21"}
{"level":"info","message":"GET /api/users 200 - - 117.565 ms","timestamp":"2026-06-03 10:49:21"}
{"level":"info","message":"GET /api/appointments/stats?month=5&year=2026 304 - - 52.813 ms","timestamp":"2026-06-03 10:49:21"}
{"level":"info","message":"GET /api/attendance/range?start=2026-05-31T18:30:00.000Z&end=2026-06-30T18:29:59.999Z 304 - - 83.219 ms","timestamp":"2026-06-03 10:49:21"}
{"level":"info","message":"GET /api/appointments/stats?month=6&year=2026 304 - - 59.953 ms","timestamp":"2026-06-03 10:49:21"}
{"level":"info","message":"GET /api/tasks 304 - - 296.903 ms","timestamp":"2026-06-03 10:49:21"}
{"level":"info","message":"GET /api/users/all 304 - - 116.962 ms","timestamp":"2026-06-03 10:49:21"}
{"level":"info","message":"GET /api/appointments/all 304 - - 144.517 ms","timestamp":"2026-06-03 10:49:21"}
{"level":"info","message":"GET /api/appointments/revenue 304 - - 114.598 ms","timestamp":"2026-06-03 10:49:21"}
{"level":"info","message":"GET /api/users 304 - - 122.914 ms","timestamp":"2026-06-03 10:49:21"}
{"level":"info","message":"GET /api/tasks 304 - - 122.592 ms","timestamp":"2026-06-03 10:49:21"}
{"level":"info","message":"GET /api/tasks 304 - - 95.926 ms","timestamp":"2026-06-03 10:49:21"}
{"level":"info","message":"GET /api/tasks 304 - - 82.062 ms","timestamp":"2026-06-03 10:49:21"}
{"level":"info","message":"OPTIONS /api/users/me 200 0 - 0.133 ms","timestamp":"2026-06-03 10:49:24"}
{"level":"info","message":"OPTIONS /api/tasks 200 0 - 0.058 ms","timestamp":"2026-06-03 10:49:24"}
{"level":"info","message":"GET /api/users/me 304 - - 55.994 ms","timestamp":"2026-06-03 10:49:24"}
{"level":"info","message":"GET /api/tasks 304 - - 84.514 ms","timestamp":"2026-06-03 10:49:24"}
{"level":"info","message":"GET /api/users/me 304 - - 52.362 ms","timestamp":"2026-06-03 10:49:24"}
{"level":"info","message":"GET /api/users 200 - - 135.102 ms","timestamp":"2026-06-03 10:49:24"}
{"level":"info","message":"OPTIONS /api/queries 200 0 - 0.055 ms","timestamp":"2026-06-03 10:49:24"}
{"level":"info","message":"OPTIONS /api/reports 200 0 - 0.056 ms","timestamp":"2026-06-03 10:49:24"}
{"level":"info","message":"GET /api/tasks 304 - - 92.078 ms","timestamp":"2026-06-03 10:49:24"}
{"level":"info","message":"GET /api/queries 304 - - 52.553 ms","timestamp":"2026-06-03 10:49:24"}
{"level":"info","message":"GET /api/users 304 - - 96.915 ms","timestamp":"2026-06-03 10:49:24"}
{"level":"info","message":"GET /api/queries 304 - - 62.418 ms","timestamp":"2026-06-03 10:49:24"}
{"level":"info","message":"GET /api/reports 304 - - 268.701 ms","timestamp":"2026-06-03 10:49:24"}
{"level":"info","message":"GET /api/reports 304 - - 230.575 ms","timestamp":"2026-06-03 10:49:24"}
{"level":"info","message":"GET /api/reports 304 - - 249.446 ms","timestamp":"2026-06-03 10:49:26"}
{"level":"info","message":"OPTIONS /api/attendance/2026/6 200 0 - 0.137 ms","timestamp":"2026-06-03 10:49:26"}
{"level":"info","message":"GET /api/attendance/2026/6 304 - - 85.864 ms","timestamp":"2026-06-03 10:49:26"}
{"level":"info","message":"GET /api/reports 304 - - 188.364 ms","timestamp":"2026-06-03 10:49:26"}
{"level":"info","message":"OPTIONS /api/attendance/2026/6 200 0 - 0.206 ms","timestamp":"2026-06-03 10:49:56"}
{"level":"info","message":"GET /api/attendance/2026/6 304 - - 87.488 ms","timestamp":"2026-06-03 10:49:56"}
{"level":"info","message":"OPTIONS /api/attendance/2026/6 200 0 - 0.065 ms","timestamp":"2026-06-03 10:50:26"}
{"level":"info","message":"GET /api/attendance/2026/6 304 - - 88.264 ms","timestamp":"2026-06-03 10:50:26"}
{"level":"info","message":"OPTIONS /api/attendance/2026/6 200 0 - 0.056 ms","timestamp":"2026-06-03 10:50:56"}
{"level":"info","message":"GET /api/attendance/2026/6 304 - - 84.222 ms","timestamp":"2026-06-03 10:50:56"}
{"level":"info","message":"OPTIONS /api/attendance/2026/6 200 0 - 0.352 ms","timestamp":"2026-06-03 10:51:26"}
{"level":"info","message":"GET /api/attendance/2026/6 304 - - 88.360 ms","timestamp":"2026-06-03 10:51:26"}
{"level":"info","message":"OPTIONS /api/attendance/2026/6 200 0 - 0.170 ms","timestamp":"2026-06-03 10:51:56"}
{"level":"info","message":"GET /api/attendance/2026/6 304 - - 90.861 ms","timestamp":"2026-06-03 10:51:56"}
{"level":"info","message":"OPTIONS /api/attendance/2026/6 200 0 - 0.143 ms","timestamp":"2026-06-03 10:52:39"}
{"level":"info","message":"GET /api/attendance/2026/6 304 - - 88.701 ms","timestamp":"2026-06-03 10:52:39"}
{"level":"info","message":"OPTIONS /api/attendance/2026/6 200 0 - 0.188 ms","timestamp":"2026-06-03 10:53:39"}
{"level":"info","message":"GET /api/attendance/2026/6 304 - - 91.035 ms","timestamp":"2026-06-03 10:53:39"}
{"level":"info","message":"OPTIONS /api/attendance/2026/6 200 0 - 0.060 ms","timestamp":"2026-06-03 10:54:39"}
{"level":"info","message":"GET /api/attendance/2026/6 304 - - 79.733 ms","timestamp":"2026-06-03 10:54:39"}
{"level":"info","message":"OPTIONS /api/attendance/2026/6 200 0 - 0.057 ms","timestamp":"2026-06-03 10:55:16"}
{"level":"info","message":"GET /api/attendance/2026/6 304 - - 79.012 ms","timestamp":"2026-06-03 10:55:16"}
{"level":"info","message":"OPTIONS /api/attendance/2026/6 200 0 - 0.057 ms","timestamp":"2026-06-03 10:55:26"}
{"level":"info","message":"GET /api/attendance/2026/6 304 - - 92.878 ms","timestamp":"2026-06-03 10:55:26"}
{"level":"info","message":"OPTIONS /api/users/me 200 0 - 0.128 ms","timestamp":"2026-06-03 10:55:28"}
{"level":"info","message":"OPTIONS /api/users 200 0 - 0.087 ms","timestamp":"2026-06-03 10:55:28"}
{"level":"info","message":"OPTIONS /api/tasks 200 0 - 0.081 ms","timestamp":"2026-06-03 10:55:28"}
{"level":"info","message":"OPTIONS /api/users 200 0 - 0.081 ms","timestamp":"2026-06-03 10:55:28"}
{"level":"info","message":"GET /api/users/me 200 - - 57.110 ms","timestamp":"2026-06-03 10:55:28"}
{"level":"info","message":"GET /api/tasks 304 - - 84.665 ms","timestamp":"2026-06-03 10:55:28"}
{"level":"info","message":"GET /api/users/me 304 - - 53.776 ms","timestamp":"2026-06-03 10:55:28"}
{"level":"info","message":"GET /api/users 200 - - 138.930 ms","timestamp":"2026-06-03 10:55:28"}
{"level":"info","message":"OPTIONS /api/queries 200 0 - 0.081 ms","timestamp":"2026-06-03 10:55:28"}
{"level":"info","message":"OPTIONS /api/reports 200 0 - 0.030 ms","timestamp":"2026-06-03 10:55:28"}
{"level":"info","message":"GET /api/tasks 304 - - 85.681 ms","timestamp":"2026-06-03 10:55:28"}
{"level":"info","message":"GET /api/queries 304 - - 51.290 ms","timestamp":"2026-06-03 10:55:28"}
{"level":"info","message":"GET /api/users 304 - - 95.628 ms","timestamp":"2026-06-03 10:55:29"}
{"level":"info","message":"GET /api/queries 304 - - 52.636 ms","timestamp":"2026-06-03 10:55:29"}
{"level":"info","message":"GET /api/reports 304 - - 259.418 ms","timestamp":"2026-06-03 10:55:29"}
{"level":"info","message":"GET /api/reports 304 - - 192.202 ms","timestamp":"2026-06-03 10:55:29"}
{"level":"info","message":"OPTIONS /api/attendance/2026/6 200 0 - 0.275 ms","timestamp":"2026-06-03 10:55:56"}
{"level":"info","message":"GET /api/attendance/2026/6 304 - - 96.300 ms","timestamp":"2026-06-03 10:55:56"}
{"level":"info","message":"OPTIONS /api/attendance/2026/6 200 0 - 0.184 ms","timestamp":"2026-06-03 10:56:26"}
{"level":"info","message":"GET /api/attendance/2026/6 304 - - 104.269 ms","timestamp":"2026-06-03 10:56:26"}
{"level":"info","message":"OPTIONS /api/attendance/2026/6 200 0 - 0.100 ms","timestamp":"2026-06-03 10:56:56"}
{"level":"info","message":"GET /api/attendance/2026/6 304 - - 83.911 ms","timestamp":"2026-06-03 10:56:56"}
{"level":"info","message":"OPTIONS /api/attendance/2026/6 200 0 - 0.249 ms","timestamp":"2026-06-03 10:57:26"}
{"level":"info","message":"GET /api/attendance/2026/6 304 - - 92.014 ms","timestamp":"2026-06-03 10:57:26"}
{"level":"info","message":"OPTIONS /api/attendance/2026/6 200 0 - 0.089 ms","timestamp":"2026-06-03 10:57:56"}
{"level":"info","message":"GET /api/attendance/2026/6 304 - - 84.532 ms","timestamp":"2026-06-03 10:57:56"}
{"level":"info","message":"OPTIONS /api/attendance/2026/6 200 0 - 0.299 ms","timestamp":"2026-06-03 10:58:26"}
{"level":"info","message":"GET /api/attendance/2026/6 304 - - 89.998 ms","timestamp":"2026-06-03 10:58:26"}
{"level":"info","message":"OPTIONS /api/attendance/2026/6 200 0 - 0.182 ms","timestamp":"2026-06-03 10:58:56"}
{"level":"info","message":"GET /api/attendance/2026/6 304 - - 96.577 ms","timestamp":"2026-06-03 10:58:56"}
{"level":"info","message":"OPTIONS /api/attendance/2026/6 200 0 - 0.180 ms","timestamp":"2026-06-03 10:59:26"}
{"level":"info","message":"GET /api/attendance/2026/6 304 - - 87.251 ms","timestamp":"2026-06-03 10:59:26"}
{"level":"info","message":"OPTIONS /api/attendance/2026/6 200 0 - 0.166 ms","timestamp":"2026-06-03 10:59:56"}
{"level":"info","message":"GET /api/attendance/2026/6 304 - - 89.698 ms","timestamp":"2026-06-03 10:59:56"}
{"level":"info","message":"OPTIONS /api/attendance/2026/6 200 0 - 0.108 ms","timestamp":"2026-06-03 11:00:26"}
{"level":"info","message":"GET /api/attendance/2026/6 304 - - 85.268 ms","timestamp":"2026-06-03 11:00:26"}
{"level":"info","message":"OPTIONS /api/attendance/2026/6 200 0 - 0.051 ms","timestamp":"2026-06-03 11:00:56"}
{"level":"info","message":"GET /api/attendance/2026/6 304 - - 79.071 ms","timestamp":"2026-06-03 11:00:56"}
{"level":"info","message":"OPTIONS /api/attendance/2026/6 200 0 - 0.086 ms","timestamp":"2026-06-03 11:01:26"}
{"level":"info","message":"GET /api/attendance/2026/6 304 - - 80.876 ms","timestamp":"2026-06-03 11:01:26"}
{"level":"info","message":"OPTIONS /api/attendance/2026/6 200 0 - 0.156 ms","timestamp":"2026-06-03 11:01:56"}
{"level":"info","message":"GET /api/attendance/2026/6 304 - - 89.893 ms","timestamp":"2026-06-03 11:01:56"}
{"level":"info","message":"OPTIONS /api/attendance/2026/6 200 0 - 0.168 ms","timestamp":"2026-06-03 11:02:26"}
{"level":"info","message":"GET /api/attendance/2026/6 304 - - 91.481 ms","timestamp":"2026-06-03 11:02:26"}
{"level":"info","message":"OPTIONS /api/attendance/2026/6 200 0 - 0.168 ms","timestamp":"2026-06-03 11:03:39"}
{"level":"info","message":"GET /api/attendance/2026/6 304 - - 91.168 ms","timestamp":"2026-06-03 11:03:39"}
{"level":"info","message":"OPTIONS /api/attendance/2026/6 200 0 - 0.277 ms","timestamp":"2026-06-03 11:03:56"}
{"level":"info","message":"GET /api/attendance/2026/6 304 - - 91.887 ms","timestamp":"2026-06-03 11:03:56"}
{"level":"info","message":"OPTIONS /api/users/68fcc5bfb85c2281711925bb 200 0 - 0.051 ms","timestamp":"2026-06-03 11:04:04"}
{"level":"info","message":"OPTIONS /api/users 200 0 - 0.065 ms","timestamp":"2026-06-03 11:04:04"}
{"level":"info","message":"PUT /api/users/68fcc5bfb85c2281711925bb 200 - - 70.107 ms","timestamp":"2026-06-03 11:04:04"}
{"level":"info","message":"GET /api/users 200 - - 180.646 ms","timestamp":"2026-06-03 11:04:04"}
{"level":"info","message":"GET /api/users 304 - - 95.683 ms","timestamp":"2026-06-03 11:04:04"}
{"level":"info","message":"OPTIONS /api/attendance/2026/6 200 0 - 0.111 ms","timestamp":"2026-06-03 11:04:26"}
{"level":"info","message":"GET /api/attendance/2026/6 200 - - 93.315 ms","timestamp":"2026-06-03 11:04:26"}
{"level":"info","message":"OPTIONS /api/attendance/2026/6 200 0 - 0.169 ms","timestamp":"2026-06-03 11:04:56"}
{"level":"info","message":"GET /api/attendance/2026/6 304 - - 90.238 ms","timestamp":"2026-06-03 11:04:56"}
{"level":"info","message":"OPTIONS /api/attendance/2026/6 200 0 - 0.104 ms","timestamp":"2026-06-03 11:05:39"}
{"level":"info","message":"GET /api/attendance/2026/6 304 - - 84.992 ms","timestamp":"2026-06-03 11:05:39"}
{"level":"info","message":"OPTIONS /api/attendance/2026/6 200 0 - 0.174 ms","timestamp":"2026-06-03 11:06:39"}
{"level":"info","message":"GET /api/attendance/2026/6 304 - - 90.758 ms","timestamp":"2026-06-03 11:06:39"}
{"level":"info","message":"OPTIONS /api/attendance/2026/6 200 0 - 0.062 ms","timestamp":"2026-06-03 11:07:39"}
{"level":"info","message":"GET /api/attendance/2026/6 304 - - 80.952 ms","timestamp":"2026-06-03 11:07:39"}
{"level":"info","message":"OPTIONS /api/attendance/2026/6 200 0 - 0.062 ms","timestamp":"2026-06-03 11:08:39"}
{"level":"info","message":"GET /api/attendance/2026/6 304 - - 81.865 ms","timestamp":"2026-06-03 11:08:39"}
{"level":"info","message":"OPTIONS /api/attendance/2026/6 200 0 - 0.052 ms","timestamp":"2026-06-03 11:09:39"}
{"level":"info","message":"GET /api/attendance/2026/6 304 - - 78.755 ms","timestamp":"2026-06-03 11:09:39"}
{"level":"info","message":"OPTIONS /api/attendance/2026/6 200 0 - 0.057 ms","timestamp":"2026-06-03 11:10:39"}
{"level":"info","message":"GET /api/attendance/2026/6 304 - - 79.892 ms","timestamp":"2026-06-03 11:10:39"}
{"level":"info","message":"OPTIONS /api/calls/sip-config 200 0 - 0.127 ms","timestamp":"2026-06-03 11:10:49"}
{"level":"info","message":"OPTIONS /api/messages/unread-count 200 0 - 0.101 ms","timestamp":"2026-06-03 11:10:49"}
{"level":"info","message":"GET /api/calls/sip-config 304 - - 28.452 ms","timestamp":"2026-06-03 11:10:49"}
{"level":"info","message":"GET /api/calls/sip-config 304 - - 28.534 ms","timestamp":"2026-06-03 11:10:49"}
{"level":"info","message":"GET /api/messages/unread-count 304 - - 62.495 ms","timestamp":"2026-06-03 11:10:49"}
{"level":"info","message":"GET /api/messages/unread-count 304 - - 60.767 ms","timestamp":"2026-06-03 11:10:49"}
{"level":"info","message":"OPTIONS /api/attendance/2026/6 200 0 - 0.056 ms","timestamp":"2026-06-03 11:10:49"}
{"level":"info","message":"OPTIONS /api/users 200 0 - 0.081 ms","timestamp":"2026-06-03 11:10:49"}
{"level":"info","message":"OPTIONS /api/attendance/2026/6 200 0 - 0.090 ms","timestamp":"2026-06-03 11:10:49"}
{"level":"info","message":"GET /api/attendance/2026/6 304 - - 80.544 ms","timestamp":"2026-06-03 11:10:49"}
{"level":"info","message":"GET /api/users 200 - - 138.445 ms","timestamp":"2026-06-03 11:10:49"}
{"level":"info","message":"GET /api/attendance/2026/6 304 - - 110.673 ms","timestamp":"2026-06-03 11:10:49"}
{"level":"info","message":"OPTIONS /api/attendance/2026/6 200 0 - 0.147 ms","timestamp":"2026-06-03 11:11:20"}
{"level":"info","message":"GET /api/attendance/2026/6 304 - - 83.429 ms","timestamp":"2026-06-03 11:11:20"}
{"level":"info","message":"OPTIONS /api/attendance/2026/6 200 0 - 0.113 ms","timestamp":"2026-06-03 11:11:50"}
{"level":"info","message":"GET /api/attendance/2026/6 304 - - 82.829 ms","timestamp":"2026-06-03 11:11:50"}
{"level":"info","message":"OPTIONS /api/attendance/2026/6 200 0 - 0.080 ms","timestamp":"2026-06-03 11:12:20"}
{"level":"info","message":"GET /api/attendance/2026/6 304 - - 79.259 ms","timestamp":"2026-06-03 11:12:20"}
{"level":"info","message":"OPTIONS /api/attendance/2026/6 200 0 - 0.173 ms","timestamp":"2026-06-03 11:12:50"}
{"level":"info","message":"GET /api/attendance/2026/6 304 - - 84.254 ms","timestamp":"2026-06-03 11:12:50"}
{"level":"info","message":"OPTIONS /api/attendance/2026/6 200 0 - 0.175 ms","timestamp":"2026-06-03 11:13:20"}
{"level":"info","message":"GET /api/attendance/2026/6 304 - - 82.351 ms","timestamp":"2026-06-03 11:13:20"}
{"level":"info","message":"OPTIONS /api/attendance/2026/6 200 0 - 0.211 ms","timestamp":"2026-06-03 11:13:50"}
{"level":"info","message":"GET /api/attendance/2026/6 304 - - 94.549 ms","timestamp":"2026-06-03 11:13:50"}
{"level":"info","message":"OPTIONS /api/attendance/2026/6 200 0 - 0.072 ms","timestamp":"2026-06-03 11:14:39"}
{"level":"info","message":"GET /api/attendance/2026/6 304 - - 77.823 ms","timestamp":"2026-06-03 11:14:39"}
{"level":"info","message":"OPTIONS /api/attendance/2026/6 200 0 - 0.174 ms","timestamp":"2026-06-03 11:15:39"}
{"level":"info","message":"GET /api/attendance/2026/6 304 - - 92.623 ms","timestamp":"2026-06-03 11:15:39"}
{"level":"info","message":"OPTIONS /api/attendance/2026/6 200 0 - 0.052 ms","timestamp":"2026-06-03 11:16:39"}
{"level":"info","message":"GET /api/attendance/2026/6 304 - - 80.703 ms","timestamp":"2026-06-03 11:16:39"}
{"level":"info","message":"OPTIONS /api/attendance/2026/6 200 0 - 0.063 ms","timestamp":"2026-06-03 11:17:02"}
{"level":"info","message":"GET /api/attendance/2026/6 304 - - 78.815 ms","timestamp":"2026-06-03 11:17:02"}
{"level":"info","message":"OPTIONS /api/attendance/2026/6 200 0 - 0.067 ms","timestamp":"2026-06-03 11:17:19"}
{"level":"info","message":"GET /api/attendance/2026/6 304 - - 79.332 ms","timestamp":"2026-06-03 11:17:19"}
{"level":"info","message":"OPTIONS /api/attendance/2026/6 200 0 - 0.171 ms","timestamp":"2026-06-03 11:17:49"}
{"level":"info","message":"GET /api/attendance/2026/6 304 - - 90.812 ms","timestamp":"2026-06-03 11:17:49"}
{"level":"info","message":"OPTIONS /api/attendance/2026/6 200 0 - 0.248 ms","timestamp":"2026-06-03 11:18:19"}
{"level":"info","message":"GET /api/attendance/2026/6 304 - - 90.118 ms","timestamp":"2026-06-03 11:18:19"}
{"level":"info","message":"OPTIONS /api/attendance/2026/6 200 0 - 0.246 ms","timestamp":"2026-06-03 11:18:49"}
{"level":"info","message":"GET /api/attendance/2026/6 304 - - 122.302 ms","timestamp":"2026-06-03 11:18:49"}
{"level":"info","message":"OPTIONS /api/attendance/2026/6 200 0 - 0.180 ms","timestamp":"2026-06-03 11:19:19"}
{"level":"info","message":"GET /api/attendance/2026/6 304 - - 90.940 ms","timestamp":"2026-06-03 11:19:19"}
{"level":"info","message":"OPTIONS /api/attendance/2026/6 200 0 - 0.061 ms","timestamp":"2026-06-03 11:19:49"}
{"level":"info","message":"GET /api/attendance/2026/6 304 - - 88.560 ms","timestamp":"2026-06-03 11:19:49"}
{"level":"info","message":"OPTIONS /api/attendance/2026/6 200 0 - 0.185 ms","timestamp":"2026-06-03 11:20:19"}
{"level":"info","message":"GET /api/attendance/2026/6 304 - - 95.830 ms","timestamp":"2026-06-03 11:20:19"}
{"level":"info","message":"OPTIONS /api/attendance/2026/6 200 0 - 0.170 ms","timestamp":"2026-06-03 11:20:49"}
{"level":"info","message":"GET /api/attendance/2026/6 304 - - 89.459 ms","timestamp":"2026-06-03 11:20:49"}
{"level":"info","message":"OPTIONS /api/attendance/2026/6 200 0 - 0.050 ms","timestamp":"2026-06-03 11:21:19"}
{"level":"info","message":"GET /api/attendance/2026/6 304 - - 78.225 ms","timestamp":"2026-06-03 11:21:19"}
{"level":"info","message":"OPTIONS /api/attendance/2026/6 200 0 - 0.064 ms","timestamp":"2026-06-03 11:21:49"}
{"level":"info","message":"GET /api/attendance/2026/6 304 - - 79.445 ms","timestamp":"2026-06-03 11:21:49"}
{"level":"info","message":"OPTIONS /api/attendance/2026/6 200 0 - 0.049 ms","timestamp":"2026-06-03 11:22:19"}
{"level":"info","message":"GET /api/attendance/2026/6 304 - - 88.453 ms","timestamp":"2026-06-03 11:22:19"}
{"level":"info","message":"OPTIONS /api/attendance/2026/6 200 0 - 0.055 ms","timestamp":"2026-06-03 11:22:49"}
{"level":"info","message":"GET /api/attendance/2026/6 304 - - 78.835 ms","timestamp":"2026-06-03 11:22:49"}
{"level":"info","message":"OPTIONS /api/attendance/2026/6 200 0 - 0.165 ms","timestamp":"2026-06-03 11:23:19"}
{"level":"info","message":"GET /api/attendance/2026/6 304 - - 87.575 ms","timestamp":"2026-06-03 11:23:19"}
{"level":"info","message":"OPTIONS /api/attendance/2026/6 200 0 - 0.167 ms","timestamp":"2026-06-03 11:23:49"}
{"level":"info","message":"GET /api/attendance/2026/6 304 - - 90.807 ms","timestamp":"2026-06-03 11:23:49"}
{"level":"info","message":"OPTIONS /api/attendance/2026/6 200 0 - 0.169 ms","timestamp":"2026-06-03 11:24:19"}
{"level":"info","message":"GET /api/attendance/2026/6 304 - - 92.422 ms","timestamp":"2026-06-03 11:24:19"}
{"level":"info","message":"OPTIONS /api/attendance/2026/6 200 0 - 0.180 ms","timestamp":"2026-06-03 11:24:49"}
{"level":"info","message":"GET /api/attendance/2026/6 304 - - 90.819 ms","timestamp":"2026-06-03 11:24:49"}
{"level":"info","message":"OPTIONS /api/attendance/2026/6 200 0 - 0.168 ms","timestamp":"2026-06-03 11:25:19"}
{"level":"info","message":"GET /api/attendance/2026/6 304 - - 89.813 ms","timestamp":"2026-06-03 11:25:19"}
{"level":"info","message":"OPTIONS /api/attendance/2026/6 200 0 - 0.049 ms","timestamp":"2026-06-03 11:25:49"}
{"level":"info","message":"GET /api/attendance/2026/6 304 - - 78.075 ms","timestamp":"2026-06-03 11:25:49"}
{"level":"info","message":"OPTIONS /api/attendance/2026/6 200 0 - 0.174 ms","timestamp":"2026-06-03 11:26:19"}
{"level":"info","message":"GET /api/attendance/2026/6 304 - - 89.964 ms","timestamp":"2026-06-03 11:26:19"}
{"level":"info","message":"OPTIONS /api/attendance/2026/6 200 0 - 0.388 ms","timestamp":"2026-06-03 11:26:49"}
{"level":"info","message":"GET /api/attendance/2026/6 304 - - 88.464 ms","timestamp":"2026-06-03 11:26:49"}
{"level":"info","message":"OPTIONS /api/attendance/2026/6 200 0 - 0.184 ms","timestamp":"2026-06-03 11:27:20"}
{"level":"info","message":"GET /api/attendance/2026/6 304 - - 89.224 ms","timestamp":"2026-06-03 11:27:20"}
{"level":"info","message":"OPTIONS /api/attendance/2026/6 200 0 - 0.181 ms","timestamp":"2026-06-03 11:27:50"}
{"level":"info","message":"GET /api/attendance/2026/6 304 - - 85.803 ms","timestamp":"2026-06-03 11:27:50"}
{"level":"info","message":"OPTIONS /api/attendance/2026/6 200 0 - 0.172 ms","timestamp":"2026-06-03 11:28:20"}
{"level":"info","message":"GET /api/attendance/2026/6 304 - - 91.902 ms","timestamp":"2026-06-03 11:28:20"}
{"level":"info","message":"OPTIONS /api/attendance/2026/6 200 0 - 0.205 ms","timestamp":"2026-06-03 11:28:50"}
{"level":"info","message":"GET /api/attendance/2026/6 304 - - 84.893 ms","timestamp":"2026-06-03 11:28:50"}
{"level":"info","message":"OPTIONS /api/attendance/2026/6 200 0 - 0.173 ms","timestamp":"2026-06-03 11:29:20"}
{"level":"info","message":"GET /api/attendance/2026/6 304 - - 101.794 ms","timestamp":"2026-06-03 11:29:20"}
{"level":"info","message":"OPTIONS /api/attendance/2026/6 200 0 - 0.174 ms","timestamp":"2026-06-03 11:29:50"}
{"level":"info","message":"GET /api/attendance/2026/6 304 - - 85.760 ms","timestamp":"2026-06-03 11:29:50"}
{"level":"info","message":"OPTIONS /api/attendance/2026/6 200 0 - 0.171 ms","timestamp":"2026-06-03 11:30:20"}
{"level":"info","message":"GET /api/attendance/2026/6 304 - - 90.146 ms","timestamp":"2026-06-03 11:30:20"}
{"level":"info","message":"OPTIONS /api/attendance/2026/6 200 0 - 0.179 ms","timestamp":"2026-06-03 11:30:50"}
{"level":"info","message":"GET /api/attendance/2026/6 304 - - 82.529 ms","timestamp":"2026-06-03 11:30:50"}
{"level":"info","message":"OPTIONS /api/attendance/2026/6 200 0 - 0.188 ms","timestamp":"2026-06-03 11:31:20"}
{"level":"info","message":"GET /api/attendance/2026/6 304 - - 90.394 ms","timestamp":"2026-06-03 11:31:20"}
{"level":"info","message":"OPTIONS /api/attendance/2026/6 200 0 - 0.319 ms","timestamp":"2026-06-03 11:31:50"}
{"level":"info","message":"GET /api/attendance/2026/6 304 - - 89.113 ms","timestamp":"2026-06-03 11:31:50"}
{"level":"info","message":"OPTIONS /api/attendance/2026/6 200 0 - 0.162 ms","timestamp":"2026-06-03 11:32:39"}
{"level":"info","message":"GET /api/attendance/2026/6 200 - - 91.129 ms","timestamp":"2026-06-03 11:32:39"}
{"level":"info","message":"OPTIONS /api/attendance/2026/6 200 0 - 0.173 ms","timestamp":"2026-06-03 11:33:39"}
{"level":"info","message":"GET /api/attendance/2026/6 304 - - 88.979 ms","timestamp":"2026-06-03 11:33:39"}
{"level":"info","message":"OPTIONS /api/attendance/2026/6 200 0 - 0.076 ms","timestamp":"2026-06-03 11:34:39"}
{"level":"info","message":"GET /api/attendance/2026/6 304 - - 81.439 ms","timestamp":"2026-06-03 11:34:39"}
{"level":"info","message":"OPTIONS /api/attendance/2026/6 200 0 - 0.073 ms","timestamp":"2026-06-03 11:35:18"}
{"level":"info","message":"GET /api/attendance/2026/6 304 - - 113.503 ms","timestamp":"2026-06-03 11:35:18"}
{"level":"info","message":"OPTIONS /api/appointments/telecaller 200 0 - 0.053 ms","timestamp":"2026-06-03 11:35:26"}
{"level":"info","message":"OPTIONS /api/users 200 0 - 0.048 ms","timestamp":"2026-06-03 11:35:26"}
{"level":"info","message":"OPTIONS /api/appointments/telecaller 200 0 - 0.034 ms","timestamp":"2026-06-03 11:35:26"}
{"level":"info","message":"OPTIONS /api/users 200 0 - 0.039 ms","timestamp":"2026-06-03 11:35:26"}
{"level":"info","message":"GET /api/users 200 - - 165.377 ms","timestamp":"2026-06-03 11:35:27"}
{"level":"info","message":"GET /api/appointments/telecaller 200 - - 187.718 ms","timestamp":"2026-06-03 11:35:27"}
{"level":"info","message":"GET /api/users 304 - - 100.673 ms","timestamp":"2026-06-03 11:35:27"}
{"level":"info","message":"GET /api/appointments/telecaller 304 - - 135.102 ms","timestamp":"2026-06-03 11:35:27"}
{"level":"info","message":"OPTIONS /api/appointments/69d0e08589323fe70be05b3f/hard 200 0 - 0.087 ms","timestamp":"2026-06-03 11:35:40"}
{"level":"info","message":"DELETE /api/appointments/69d0e08589323fe70be05b3f/hard 200 45 - 60.657 ms","timestamp":"2026-06-03 11:35:40"}
{"level":"info","message":"OPTIONS /api/appointments/all 200 0 - 0.065 ms","timestamp":"2026-06-03 11:35:40"}
{"level":"info","message":"OPTIONS /api/appointments/telecaller 200 0 - 0.097 ms","timestamp":"2026-06-03 11:35:40"}
{"level":"info","message":"GET /api/appointments/all 200 - - 172.534 ms","timestamp":"2026-06-03 11:35:41"}
{"level":"info","message":"GET /api/appointments/telecaller 200 - - 174.392 ms","timestamp":"2026-06-03 11:35:41"}
{"level":"info","message":"OPTIONS /api/appointments/69d0e02489323fe70be05ac1/hard 200 0 - 0.094 ms","timestamp":"2026-06-03 11:35:43"}
{"level":"info","message":"DELETE /api/appointments/69d0e02489323fe70be05ac1/hard 200 45 - 56.220 ms","timestamp":"2026-06-03 11:35:43"}
{"level":"info","message":"GET /api/appointments/all 200 - - 166.029 ms","timestamp":"2026-06-03 11:35:43"}
{"level":"info","message":"GET /api/appointments/telecaller 200 - - 172.711 ms","timestamp":"2026-06-03 11:35:43"}
{"level":"info","message":"OPTIONS /api/appointments/69d0df7689323fe70be059b8/hard 200 0 - 0.081 ms","timestamp":"2026-06-03 11:35:45"}
{"level":"info","message":"DELETE /api/appointments/69d0df7689323fe70be059b8/hard 200 45 - 55.061 ms","timestamp":"2026-06-03 11:35:45"}
{"level":"info","message":"GET /api/appointments/all 200 - - 159.622 ms","timestamp":"2026-06-03 11:35:45"}
{"level":"info","message":"GET /api/appointments/telecaller 200 - - 166.652 ms","timestamp":"2026-06-03 11:35:45"}
{"level":"info","message":"OPTIONS /api/appointments/69d0df7689323fe70be059b5/hard 200 0 - 0.061 ms","timestamp":"2026-06-03 11:35:47"}
{"level":"info","message":"DELETE /api/appointments/69d0df7689323fe70be059b5/hard 200 45 - 55.097 ms","timestamp":"2026-06-03 11:35:47"}
{"level":"info","message":"OPTIONS /api/appointments/all 200 0 - 0.087 ms","timestamp":"2026-06-03 11:35:47"}
{"level":"info","message":"OPTIONS /api/appointments/telecaller 200 0 - 0.070 ms","timestamp":"2026-06-03 11:35:47"}
{"level":"info","message":"GET /api/appointments/all 200 - - 158.316 ms","timestamp":"2026-06-03 11:35:47"}
{"level":"info","message":"GET /api/appointments/telecaller 200 - - 163.665 ms","timestamp":"2026-06-03 11:35:47"}
{"level":"info","message":"OPTIONS /api/attendance/2026/6 200 0 - 0.101 ms","timestamp":"2026-06-03 11:35:49"}
{"level":"info","message":"GET /api/attendance/2026/6 304 - - 88.981 ms","timestamp":"2026-06-03 11:35:49"}
{"level":"info","message":"OPTIONS /api/appointments/69d0df7589323fe70be059af/hard 200 0 - 0.068 ms","timestamp":"2026-06-03 11:35:51"}
{"level":"info","message":"DELETE /api/appointments/69d0df7589323fe70be059af/hard 200 45 - 55.698 ms","timestamp":"2026-06-03 11:35:51"}
{"level":"info","message":"GET /api/appointments/all 200 - - 175.404 ms","timestamp":"2026-06-03 11:35:52"}
{"level":"info","message":"GET /api/appointments/telecaller 200 - - 200.496 ms","timestamp":"2026-06-03 11:35:52"}
{"level":"info","message":"OPTIONS /api/appointments/69d0df7089323fe70be05988/hard 200 0 - 0.082 ms","timestamp":"2026-06-03 11:35:56"}
{"level":"info","message":"DELETE /api/appointments/69d0df7089323fe70be05988/hard 200 45 - 56.915 ms","timestamp":"2026-06-03 11:35:57"}
{"level":"info","message":"OPTIONS /api/appointments/all 200 0 - 0.055 ms","timestamp":"2026-06-03 11:35:57"}
{"level":"info","message":"OPTIONS /api/appointments/telecaller 200 0 - 0.133 ms","timestamp":"2026-06-03 11:35:57"}
{"level":"info","message":"GET /api/appointments/all 200 - - 158.163 ms","timestamp":"2026-06-03 11:35:57"}
{"level":"info","message":"GET /api/appointments/telecaller 200 - - 165.033 ms","timestamp":"2026-06-03 11:35:57"}
{"level":"info","message":"OPTIONS /api/appointments/6901d7e635e07ae84003d4a4/hard 200 0 - 0.058 ms","timestamp":"2026-06-03 11:35:59"}
{"level":"info","message":"DELETE /api/appointments/6901d7e635e07ae84003d4a4/hard 200 45 - 77.860 ms","timestamp":"2026-06-03 11:36:00"}
{"level":"info","message":"GET /api/appointments/all 200 - - 183.811 ms","timestamp":"2026-06-03 11:36:00"}
{"level":"info","message":"GET /api/appointments/telecaller 200 684 - 192.863 ms","timestamp":"2026-06-03 11:36:00"}
{"level":"info","message":"OPTIONS /api/users 200 0 - 0.055 ms","timestamp":"2026-06-03 11:36:05"}
{"level":"info","message":"OPTIONS /api/tasks 200 0 - 0.080 ms","timestamp":"2026-06-03 11:36:05"}
{"level":"info","message":"OPTIONS /api/users 200 0 - 0.055 ms","timestamp":"2026-06-03 11:36:05"}
{"level":"info","message":"OPTIONS /api/tasks 200 0 - 0.053 ms","timestamp":"2026-06-03 11:36:05"}
{"level":"info","message":"GET /api/tasks 304 - - 85.126 ms","timestamp":"2026-06-03 11:36:05"}
{"level":"info","message":"GET /api/users 200 - - 139.228 ms","timestamp":"2026-06-03 11:36:05"}
{"level":"info","message":"GET /api/tasks 304 - - 83.306 ms","timestamp":"2026-06-03 11:36:05"}
{"level":"info","message":"GET /api/users 304 - - 138.378 ms","timestamp":"2026-06-03 11:36:05"}
{"level":"info","message":"OPTIONS /api/attendance/2026/6 200 0 - 0.110 ms","timestamp":"2026-06-03 11:36:20"}
{"level":"info","message":"GET /api/attendance/2026/6 304 - - 136.952 ms","timestamp":"2026-06-03 11:36:20"}
{"level":"info","message":"OPTIONS /api/appointments/all 200 0 - 0.174 ms","timestamp":"2026-06-03 11:36:30"}
{"level":"info","message":"GET /api/appointments/all 200 - - 199.808 ms","timestamp":"2026-06-03 11:36:30"}
{"level":"info","message":"GET /api/appointments/all 200 - - 184.084 ms","timestamp":"2026-06-03 11:36:34"}
{"level":"info","message":"OPTIONS /api/appointments/telecaller 200 0 - 0.102 ms","timestamp":"2026-06-03 11:36:37"}
{"level":"info","message":"OPTIONS /api/users 200 0 - 0.052 ms","timestamp":"2026-06-03 11:36:37"}
{"level":"info","message":"OPTIONS /api/appointments/telecaller 200 0 - 0.034 ms","timestamp":"2026-06-03 11:36:37"}
{"level":"info","message":"OPTIONS /api/users 200 0 - 0.034 ms","timestamp":"2026-06-03 11:36:37"}
{"level":"info","message":"GET /api/users 200 - - 136.739 ms","timestamp":"2026-06-03 11:36:37"}
{"level":"info","message":"GET /api/appointments/telecaller 200 - - 153.500 ms","timestamp":"2026-06-03 11:36:37"}
{"level":"info","message":"GET /api/users 304 - - 98.343 ms","timestamp":"2026-06-03 11:36:37"}
{"level":"info","message":"GET /api/appointments/telecaller 304 - - 130.376 ms","timestamp":"2026-06-03 11:36:37"}
{"level":"info","message":"OPTIONS /api/appointments/revenue/report 200 0 - 0.107 ms","timestamp":"2026-06-03 11:36:45"}
{"level":"info","message":"OPTIONS /api/appointments/all 200 0 - 0.065 ms","timestamp":"2026-06-03 11:36:45"}
{"level":"info","message":"OPTIONS /api/users 200 0 - 0.053 ms","timestamp":"2026-06-03 11:36:45"}
{"level":"info","message":"OPTIONS /api/users 200 0 - 0.039 ms","timestamp":"2026-06-03 11:36:45"}
{"level":"info","message":"POST /api/appointments/revenue/report 200 308 - 118.632 ms","timestamp":"2026-06-03 11:36:45"}
{"level":"info","message":"POST /api/appointments/revenue/report 200 308 - 115.371 ms","timestamp":"2026-06-03 11:36:45"}
{"level":"info","message":"GET /api/users 304 - - 140.189 ms","timestamp":"2026-06-03 11:36:45"}
{"level":"info","message":"GET /api/appointments/all 304 - - 167.016 ms","timestamp":"2026-06-03 11:36:45"}
{"level":"info","message":"GET /api/users 304 - - 98.873 ms","timestamp":"2026-06-03 11:36:45"}
{"level":"info","message":"GET /api/appointments/all 304 - - 151.380 ms","timestamp":"2026-06-03 11:36:45"}
{"level":"info","message":"OPTIONS /api/attendance/2026/6 200 0 - 0.054 ms","timestamp":"2026-06-03 11:36:49"}
{"level":"info","message":"GET /api/attendance/2026/6 304 - - 78.373 ms","timestamp":"2026-06-03 11:36:49"}
{"level":"info","message":"OPTIONS /api/appointments/6a1fc4660cdce9e43c27a393 200 0 - 0.060 ms","timestamp":"2026-06-03 11:36:56"}
{"level":"info","message":"PUT /api/appointments/6a1fc4660cdce9e43c27a393 200 641 - 108.968 ms","timestamp":"2026-06-03 11:36:56"}
{"level":"info","message":"OPTIONS /api/appointments/all 200 0 - 0.066 ms","timestamp":"2026-06-03 11:36:56"}
{"level":"info","message":"GET /api/appointments/all 200 - - 177.234 ms","timestamp":"2026-06-03 11:36:56"}
{"level":"info","message":"GET /api/appointments/all 304 - - 144.542 ms","timestamp":"2026-06-03 11:36:56"}
{"level":"info","message":"OPTIONS /api/attendance/2026/6 200 0 - 0.057 ms","timestamp":"2026-06-03 11:37:20"}
{"level":"info","message":"GET /api/attendance/2026/6 304 - - 92.989 ms","timestamp":"2026-06-03 11:37:20"}
{"level":"info","message":"OPTIONS /api/attendance/2026/6 200 0 - 0.052 ms","timestamp":"2026-06-03 11:37:50"}
{"level":"info","message":"GET /api/attendance/2026/6 304 - - 77.413 ms","timestamp":"2026-06-03 11:37:50"}
{"level":"info","message":"OPTIONS /api/calls/sip-config 200 0 - 0.108 ms","timestamp":"2026-06-03 11:38:06"}
{"level":"info","message":"OPTIONS /api/messages/unread-count 200 0 - 0.096 ms","timestamp":"2026-06-03 11:38:06"}
{"level":"info","message":"OPTIONS /api/calls/sip-config 200 0 - 0.154 ms","timestamp":"2026-06-03 11:38:06"}
{"level":"info","message":"GET /api/calls/sip-config 304 - - 29.298 ms","timestamp":"2026-06-03 11:38:06"}
{"level":"info","message":"GET /api/calls/sip-config 304 - - 27.836 ms","timestamp":"2026-06-03 11:38:06"}
{"level":"info","message":"GET /api/messages/unread-count 304 - - 63.615 ms","timestamp":"2026-06-03 11:38:06"}
{"level":"info","message":"GET /api/messages/unread-count 304 - - 62.385 ms","timestamp":"2026-06-03 11:38:07"}
{"level":"info","message":"OPTIONS /api/attendance/2026/6 200 0 - 0.090 ms","timestamp":"2026-06-03 11:38:07"}
{"level":"info","message":"OPTIONS /api/appointments/revenue/report 200 0 - 0.067 ms","timestamp":"2026-06-03 11:38:07"}
{"level":"info","message":"OPTIONS /api/appointments/all 200 0 - 0.084 ms","timestamp":"2026-06-03 11:38:07"}
{"level":"info","message":"OPTIONS /api/users 200 0 - 0.063 ms","timestamp":"2026-06-03 11:38:07"}
{"level":"info","message":"OPTIONS /api/appointments/all 200 0 - 0.056 ms","timestamp":"2026-06-03 11:38:07"}
{"level":"info","message":"OPTIONS /api/users 200 0 - 0.082 ms","timestamp":"2026-06-03 11:38:07"}
{"level":"info","message":"GET /api/attendance/2026/6 304 - - 90.271 ms","timestamp":"2026-06-03 11:38:07"}
{"level":"info","message":"POST /api/appointments/revenue/report 200 308 - 130.978 ms","timestamp":"2026-06-03 11:38:07"}
{"level":"info","message":"POST /api/appointments/revenue/report 200 308 - 129.877 ms","timestamp":"2026-06-03 11:38:07"}
{"level":"info","message":"GET /api/users 200 - - 166.789 ms","timestamp":"2026-06-03 11:38:07"}
{"level":"info","message":"GET /api/appointments/all 304 - - 206.961 ms","timestamp":"2026-06-03 11:38:07"}
{"level":"info","message":"GET /api/attendance/2026/6 304 - - 125.642 ms","timestamp":"2026-06-03 11:38:07"}
{"level":"info","message":"GET /api/users 304 - - 103.397 ms","timestamp":"2026-06-03 11:38:07"}
{"level":"info","message":"GET /api/appointments/all 304 - - 142.882 ms","timestamp":"2026-06-03 11:38:07"}
{"level":"info","message":"GET /api/calls/sip-config 304 - - 36.260 ms","timestamp":"2026-06-03 11:38:09"}
{"level":"info","message":"GET /api/messages/unread-count 304 - - 69.102 ms","timestamp":"2026-06-03 11:38:09"}
{"level":"info","message":"GET /api/calls/sip-config 304 - - 35.635 ms","timestamp":"2026-06-03 11:38:09"}
{"level":"info","message":"GET /api/messages/unread-count 304 - - 70.245 ms","timestamp":"2026-06-03 11:38:09"}
{"level":"info","message":"GET /api/attendance/2026/6 304 - - 110.395 ms","timestamp":"2026-06-03 11:38:09"}
{"level":"info","message":"POST /api/appointments/revenue/report 200 308 - 108.702 ms","timestamp":"2026-06-03 11:38:09"}
{"level":"info","message":"POST /api/appointments/revenue/report 200 308 - 130.773 ms","timestamp":"2026-06-03 11:38:09"}
{"level":"info","message":"GET /api/users 200 - - 153.504 ms","timestamp":"2026-06-03 11:38:09"}
{"level":"info","message":"GET /api/appointments/all 304 - - 219.045 ms","timestamp":"2026-06-03 11:38:09"}
{"level":"info","message":"GET /api/attendance/2026/6 304 - - 110.250 ms","timestamp":"2026-06-03 11:38:09"}
{"level":"info","message":"GET /api/users 304 - - 124.543 ms","timestamp":"2026-06-03 11:38:09"}
{"level":"info","message":"GET /api/appointments/all 304 - - 170.625 ms","timestamp":"2026-06-03 11:38:09"}
{"level":"info","message":"OPTIONS /api/reports 200 0 - 0.118 ms","timestamp":"2026-06-03 11:38:16"}
{"level":"info","message":"OPTIONS /api/reports 200 0 - 0.074 ms","timestamp":"2026-06-03 11:38:16"}
{"level":"info","message":"GET /api/reports 304 - - 259.252 ms","timestamp":"2026-06-03 11:38:16"}
{"level":"info","message":"GET /api/reports 304 - - 189.788 ms","timestamp":"2026-06-03 11:38:17"}
{"level":"info","message":"OPTIONS /api/leads 200 0 - 0.087 ms","timestamp":"2026-06-03 11:38:36"}
{"level":"info","message":"OPTIONS /api/leads 200 0 - 0.047 ms","timestamp":"2026-06-03 11:38:36"}
{"level":"info","message":"GET /api/leads 200 - - 145.908 ms","timestamp":"2026-06-03 11:38:36"}
{"level":"info","message":"GET /api/leads 304 - - 89.498 ms","timestamp":"2026-06-03 11:38:36"}
{"level":"info","message":"OPTIONS /api/attendance/2026/6 200 0 - 0.051 ms","timestamp":"2026-06-03 11:38:39"}
{"level":"info","message":"GET /api/attendance/2026/6 304 - - 79.599 ms","timestamp":"2026-06-03 11:38:39"}
{"level":"info","message":"OPTIONS /api/users 200 0 - 0.053 ms","timestamp":"2026-06-03 11:38:41"}
{"level":"info","message":"GET /api/users 200 - - 138.590 ms","timestamp":"2026-06-03 11:38:41"}
{"level":"info","message":"OPTIONS /api/attendance/2026/6 200 0 - 0.062 ms","timestamp":"2026-06-03 11:39:09"}
{"level":"info","message":"GET /api/attendance/2026/6 304 - - 98.058 ms","timestamp":"2026-06-03 11:39:09"}
{"level":"info","message":"OPTIONS /api/attendance/2026/6 200 0 - 0.071 ms","timestamp":"2026-06-03 11:39:39"}
{"level":"info","message":"GET /api/attendance/2026/6 304 - - 79.225 ms","timestamp":"2026-06-03 11:39:39"}
{"level":"info","message":"OPTIONS /api/attendance/2026/6 200 0 - 0.113 ms","timestamp":"2026-06-03 11:40:09"}
{"level":"info","message":"GET /api/attendance/2026/6 304 - - 81.847 ms","timestamp":"2026-06-03 11:40:09"}
{"level":"info","message":"OPTIONS /api/attendance/2026/6 200 0 - 0.062 ms","timestamp":"2026-06-03 11:40:39"}
{"level":"info","message":"GET /api/attendance/2026/6 304 - - 80.743 ms","timestamp":"2026-06-03 11:40:39"}
{"level":"info","message":"OPTIONS /api/calls/sip-config 200 0 - 0.109 ms","timestamp":"2026-06-03 11:40:40"}
{"level":"info","message":"OPTIONS /api/messages/unread-count 200 0 - 0.086 ms","timestamp":"2026-06-03 11:40:40"}
{"level":"info","message":"OPTIONS /api/messages/unread-count 200 0 - 0.080 ms","timestamp":"2026-06-03 11:40:40"}
{"level":"info","message":"GET /api/calls/sip-config 304 - - 30.567 ms","timestamp":"2026-06-03 11:40:40"}
{"level":"info","message":"GET /api/calls/sip-config 304 - - 30.149 ms","timestamp":"2026-06-03 11:40:40"}
{"level":"info","message":"GET /api/messages/unread-count 304 - - 64.056 ms","timestamp":"2026-06-03 11:40:40"}
{"level":"info","message":"GET /api/messages/unread-count 304 - - 56.233 ms","timestamp":"2026-06-03 11:40:40"}
{"level":"info","message":"OPTIONS /api/users 200 0 - 0.110 ms","timestamp":"2026-06-03 11:40:40"}
{"level":"info","message":"GET /api/attendance/2026/6 304 - - 82.449 ms","timestamp":"2026-06-03 11:40:41"}
{"level":"info","message":"GET /api/users 200 - - 143.572 ms","timestamp":"2026-06-03 11:40:41"}
{"level":"info","message":"GET /api/attendance/2026/6 304 - - 88.261 ms","timestamp":"2026-06-03 11:40:41"}
{"level":"info","message":"OPTIONS /api/attendance/2026/6 200 0 - 0.073 ms","timestamp":"2026-06-03 11:41:11"}
{"level":"info","message":"GET /api/attendance/2026/6 304 - - 84.597 ms","timestamp":"2026-06-03 11:41:11"}
{"level":"info","message":"OPTIONS /api/attendance/2026/6 200 0 - 0.052 ms","timestamp":"2026-06-03 11:41:41"}
{"level":"info","message":"GET /api/attendance/2026/6 304 - - 80.186 ms","timestamp":"2026-06-03 11:41:41"}
{"level":"info","message":"OPTIONS /api/attendance/2026/6 200 0 - 0.080 ms","timestamp":"2026-06-03 11:42:11"}
{"level":"info","message":"GET /api/attendance/2026/6 304 - - 80.032 ms","timestamp":"2026-06-03 11:42:11"}
{"level":"info","message":"OPTIONS /api/attendance/2026/6 200 0 - 0.103 ms","timestamp":"2026-06-03 11:42:41"}
{"level":"info","message":"GET /api/attendance/2026/6 304 - - 87.967 ms","timestamp":"2026-06-03 11:42:41"}
{"level":"info","message":"OPTIONS /api/attendance/2026/6 200 0 - 0.054 ms","timestamp":"2026-06-03 11:43:11"}
{"level":"info","message":"GET /api/attendance/2026/6 304 - - 105.191 ms","timestamp":"2026-06-03 11:43:11"}
{"level":"info","message":"OPTIONS /api/attendance/2026/6 200 0 - 0.074 ms","timestamp":"2026-06-03 11:43:41"}
{"level":"info","message":"GET /api/attendance/2026/6 304 - - 80.533 ms","timestamp":"2026-06-03 11:43:41"}
{"level":"info","message":"OPTIONS /api/attendance/2026/6 200 0 - 0.053 ms","timestamp":"2026-06-03 11:44:11"}
{"level":"info","message":"GET /api/attendance/2026/6 304 - - 78.827 ms","timestamp":"2026-06-03 11:44:11"}
{"level":"info","message":"OPTIONS /api/attendance/2026/6 200 0 - 0.100 ms","timestamp":"2026-06-03 11:45:32"}
{"level":"info","message":"GET /api/attendance/2026/6 304 - - 79.192 ms","timestamp":"2026-06-03 11:45:32"}
{"level":"info","message":"OPTIONS /api/attendance/2026/6 200 0 - 0.065 ms","timestamp":"2026-06-03 11:45:41"}
{"level":"info","message":"GET /api/attendance/2026/6 304 - - 79.630 ms","timestamp":"2026-06-03 11:45:41"}
{"level":"info","message":"OPTIONS /api/appointments/revenue/reports 200 0 - 0.087 ms","timestamp":"2026-06-03 11:45:50"}
{"level":"info","message":"OPTIONS /api/appointments/all 200 0 - 0.069 ms","timestamp":"2026-06-03 11:45:50"}
{"level":"info","message":"OPTIONS /api/tasks 200 0 - 0.056 ms","timestamp":"2026-06-03 11:45:50"}
{"level":"info","message":"OPTIONS /api/users/all 200 0 - 0.042 ms","timestamp":"2026-06-03 11:45:50"}
{"level":"info","message":"OPTIONS /api/attendance/range?start=2026-05-31T18:30:00.000Z&end=2026-06-30T18:29:59.999Z 200 0 - 0.077 ms","timestamp":"2026-06-03 11:45:50"}
{"level":"info","message":"OPTIONS /api/admin-status 200 0 - 0.067 ms","timestamp":"2026-06-03 11:45:50"}
{"level":"info","message":"OPTIONS /api/appointments/stats?month=6&year=2026 200 0 - 0.128 ms","timestamp":"2026-06-03 11:45:50"}
{"level":"info","message":"OPTIONS /api/appointments/stats?month=5&year=2026 200 0 - 0.130 ms","timestamp":"2026-06-03 11:45:50"}
{"level":"info","message":"OPTIONS /api/appointments/revenue 200 0 - 0.119 ms","timestamp":"2026-06-03 11:45:50"}
{"level":"info","message":"OPTIONS /api/users 200 0 - 0.080 ms","timestamp":"2026-06-03 11:45:50"}
{"level":"info","message":"GET /api/appointments/revenue/reports 304 - - 52.874 ms","timestamp":"2026-06-03 11:45:50"}
{"level":"info","message":"GET /api/admin-status 304 - - 61.240 ms","timestamp":"2026-06-03 11:45:50"}
{"level":"info","message":"GET /api/tasks 304 - - 94.572 ms","timestamp":"2026-06-03 11:45:50"}
{"level":"info","message":"GET /api/attendance/range?start=2026-05-31T18:30:00.000Z&end=2026-06-30T18:29:59.999Z 200 - - 88.675 ms","timestamp":"2026-06-03 11:45:50"}
{"level":"info","message":"GET /api/appointments/stats?month=6&year=2026 200 11 - 57.665 ms","timestamp":"2026-06-03 11:45:50"}
{"level":"info","message":"GET /api/appointments/stats?month=5&year=2026 304 - - 90.397 ms","timestamp":"2026-06-03 11:45:50"}
{"level":"info","message":"GET /api/users/all 200 - - 124.265 ms","timestamp":"2026-06-03 11:45:50"}
{"level":"info","message":"GET /api/appointments/all 304 - - 212.098 ms","timestamp":"2026-06-03 11:45:50"}
{"level":"info","message":"GET /api/appointments/revenue/reports 304 - - 103.228 ms","timestamp":"2026-06-03 11:45:50"}
{"level":"info","message":"GET /api/appointments/revenue 304 - - 124.803 ms","timestamp":"2026-06-03 11:45:50"}
{"level":"info","message":"GET /api/admin-status 304 - - 89.229 ms","timestamp":"2026-06-03 11:45:50"}
{"level":"info","message":"GET /api/tasks 304 - - 109.495 ms","timestamp":"2026-06-03 11:45:50"}
{"level":"info","message":"GET /api/appointments/stats?month=6&year=2026 304 - - 68.508 ms","timestamp":"2026-06-03 11:45:50"}
{"level":"info","message":"GET /api/appointments/stats?month=5&year=2026 304 - - 66.988 ms","timestamp":"2026-06-03 11:45:50"}
{"level":"info","message":"GET /api/users 200 - - 196.492 ms","timestamp":"2026-06-03 11:45:50"}
{"level":"info","message":"GET /api/attendance/range?start=2026-05-31T18:30:00.000Z&end=2026-06-30T18:29:59.999Z 304 - - 97.955 ms","timestamp":"2026-06-03 11:45:50"}
{"level":"info","message":"GET /api/appointments/revenue 304 - - 84.560 ms","timestamp":"2026-06-03 11:45:50"}
{"level":"info","message":"GET /api/tasks 304 - - 86.671 ms","timestamp":"2026-06-03 11:45:50"}
{"level":"info","message":"GET /api/users/all 304 - - 121.390 ms","timestamp":"2026-06-03 11:45:50"}
{"level":"info","message":"GET /api/users 304 - - 157.857 ms","timestamp":"2026-06-03 11:45:50"}
{"level":"info","message":"GET /api/appointments/all 304 - - 195.275 ms","timestamp":"2026-06-03 11:45:50"}
{"level":"info","message":"GET /api/tasks 304 - - 120.328 ms","timestamp":"2026-06-03 11:45:51"}
{"level":"info","message":"OPTIONS /api/users/me 200 0 - 0.095 ms","timestamp":"2026-06-03 11:45:54"}
{"level":"info","message":"OPTIONS /api/users/me 200 0 - 0.063 ms","timestamp":"2026-06-03 11:45:54"}
{"level":"info","message":"GET /api/users/me 200 - - 55.164 ms","timestamp":"2026-06-03 11:45:54"}
{"level":"info","message":"GET /api/tasks 304 - - 84.426 ms","timestamp":"2026-06-03 11:45:55"}
{"level":"info","message":"GET /api/users/me 304 - - 53.758 ms","timestamp":"2026-06-03 11:45:55"}
{"level":"info","message":"GET /api/users 304 - - 136.840 ms","timestamp":"2026-06-03 11:45:55"}
{"level":"info","message":"OPTIONS /api/queries 200 0 - 0.056 ms","timestamp":"2026-06-03 11:45:55"}
{"level":"info","message":"OPTIONS /api/reports 200 0 - 0.039 ms","timestamp":"2026-06-03 11:45:55"}
{"level":"info","message":"OPTIONS /api/telecaller-reports 200 0 - 0.066 ms","timestamp":"2026-06-03 11:45:55"}
{"level":"info","message":"GET /api/tasks 304 - - 96.075 ms","timestamp":"2026-06-03 11:45:55"}
{"level":"info","message":"GET /api/telecaller-reports 200 - - 52.254 ms","timestamp":"2026-06-03 11:45:55"}
{"level":"info","message":"GET /api/queries 304 - - 62.307 ms","timestamp":"2026-06-03 11:45:55"}
{"level":"info","message":"GET /api/users 304 - - 107.510 ms","timestamp":"2026-06-03 11:45:55"}
{"level":"info","message":"GET /api/telecaller-reports 200 - - 10.613 ms","timestamp":"2026-06-03 11:45:55"}
{"level":"info","message":"GET /api/queries 304 - - 60.318 ms","timestamp":"2026-06-03 11:45:55"}
{"level":"info","message":"GET /api/reports 304 - - 275.235 ms","timestamp":"2026-06-03 11:45:55"}
{"level":"info","message":"GET /api/reports 304 - - 205.627 ms","timestamp":"2026-06-03 11:45:55"}
{"level":"info","message":"OPTIONS /api/attendance/2026/6 200 0 - 0.157 ms","timestamp":"2026-06-03 11:45:57"}
{"level":"info","message":"OPTIONS /api/users 200 0 - 0.076 ms","timestamp":"2026-06-03 11:45:57"}
{"level":"info","message":"OPTIONS /api/tasks 200 0 - 0.052 ms","timestamp":"2026-06-03 11:45:57"}
{"level":"info","message":"OPTIONS /api/calls/sip-config 200 0 - 0.050 ms","timestamp":"2026-06-03 11:45:57"}
{"level":"info","message":"GET /api/users - - - - ms","timestamp":"2026-06-03 11:45:57"}
{"level":"info","message":"OPTIONS /api/tasks 200 0 - 0.078 ms","timestamp":"2026-06-03 11:45:57"}
{"level":"info","message":"OPTIONS /api/calls/sip-config 200 0 - 0.094 ms","timestamp":"2026-06-03 11:45:57"}
{"level":"info","message":"GET /api/users/me - - - - ms","timestamp":"2026-06-03 11:45:57"}
{"level":"info","message":"GET /api/attendance/2026/6 - - - - ms","timestamp":"2026-06-03 11:45:57"}
{"level":"info","message":"OPTIONS /api/messages/unread-count 200 0 - 0.233 ms","timestamp":"2026-06-03 11:45:57"}
{"level":"info","message":"OPTIONS /api/messages/unread-count 200 0 - 0.079 ms","timestamp":"2026-06-03 11:45:57"}
{"level":"info","message":"GET /api/calls/sip-config 304 - - 28.471 ms","timestamp":"2026-06-03 11:45:57"}
{"level":"info","message":"GET /api/messages/unread-count 304 - - 56.049 ms","timestamp":"2026-06-03 11:45:57"}
{"level":"info","message":"GET /api/calls/sip-config 304 - - 27.267 ms","timestamp":"2026-06-03 11:45:57"}
{"level":"info","message":"GET /api/messages/unread-count 304 - - 54.526 ms","timestamp":"2026-06-03 11:45:57"}
{"level":"info","message":"GET /api/users/me 200 - - 54.211 ms","timestamp":"2026-06-03 11:45:58"}
{"level":"info","message":"GET /api/attendance/2026/6 200 - - 80.848 ms","timestamp":"2026-06-03 11:45:58"}
{"level":"info","message":"GET /api/tasks 304 - - 91.746 ms","timestamp":"2026-06-03 11:45:58"}
{"level":"info","message":"GET /api/users/me 304 - - 66.770 ms","timestamp":"2026-06-03 11:45:58"}
{"level":"info","message":"GET /api/users 200 - - 147.048 ms","timestamp":"2026-06-03 11:45:58"}
{"level":"info","message":"GET /api/attendance/2026/6 304 - - 99.172 ms","timestamp":"2026-06-03 11:45:58"}
{"level":"info","message":"GET /api/tasks 304 - - 88.522 ms","timestamp":"2026-06-03 11:45:58"}
{"level":"info","message":"GET /api/telecaller-reports 200 - - 3.314 ms","timestamp":"2026-06-03 11:45:58"}
{"level":"info","message":"GET /api/queries 304 - - 50.815 ms","timestamp":"2026-06-03 11:45:58"}
{"level":"info","message":"GET /api/users 304 - - 156.555 ms","timestamp":"2026-06-03 11:45:58"}
{"level":"info","message":"GET /api/telecaller-reports 200 - - 1.601 ms","timestamp":"2026-06-03 11:45:58"}
{"level":"info","message":"GET /api/queries 304 - - 61.676 ms","timestamp":"2026-06-03 11:45:58"}
{"level":"info","message":"GET /api/reports 304 - - 251.683 ms","timestamp":"2026-06-03 11:45:58"}
{"level":"info","message":"GET /api/reports 304 - - 209.000 ms","timestamp":"2026-06-03 11:45:58"}
{"level":"info","message":"OPTIONS /api/calls/sip-config 200 0 - 0.217 ms","timestamp":"2026-06-03 11:47:02"}
{"level":"info","message":"OPTIONS /api/messages/unread-count 200 0 - 0.057 ms","timestamp":"2026-06-03 11:47:02"}
{"level":"info","message":"OPTIONS /api/calls/sip-config 200 0 - 0.073 ms","timestamp":"2026-06-03 11:47:02"}
{"level":"info","message":"OPTIONS /api/messages/unread-count 200 0 - 0.076 ms","timestamp":"2026-06-03 11:47:02"}
{"level":"info","message":"GET /api/calls/sip-config 200 197 - 28.263 ms","timestamp":"2026-06-03 11:47:02"}
{"level":"info","message":"GET /api/calls/sip-config 200 197 - 27.765 ms","timestamp":"2026-06-03 11:47:02"}
{"level":"info","message":"GET /api/messages/unread-count 200 17 - 55.472 ms","timestamp":"2026-06-03 11:47:02"}
{"level":"info","message":"GET /api/messages/unread-count 200 17 - 64.403 ms","timestamp":"2026-06-03 11:47:02"}
{"level":"info","message":"OPTIONS /api/attendance/2026/6 200 0 - 0.166 ms","timestamp":"2026-06-03 11:47:02"}
{"level":"info","message":"OPTIONS /api/appointments/revenue/reports 200 0 - 0.046 ms","timestamp":"2026-06-03 11:47:02"}
{"level":"info","message":"OPTIONS /api/appointments/all 200 0 - 0.068 ms","timestamp":"2026-06-03 11:47:02"}
{"level":"info","message":"OPTIONS /api/tasks 200 0 - 0.237 ms","timestamp":"2026-06-03 11:47:02"}
{"level":"info","message":"OPTIONS /api/users/all 200 0 - 0.085 ms","timestamp":"2026-06-03 11:47:02"}
{"level":"info","message":"OPTIONS /api/attendance/range?start=2026-05-31T18:30:00.000Z&end=2026-06-30T18:29:59.999Z 200 0 - 0.065 ms","timestamp":"2026-06-03 11:47:02"}
{"level":"info","message":"OPTIONS /api/admin-status 200 0 - 0.065 ms","timestamp":"2026-06-03 11:47:02"}
{"level":"info","message":"OPTIONS /api/appointments/stats?month=6&year=2026 200 0 - 0.058 ms","timestamp":"2026-06-03 11:47:02"}
{"level":"info","message":"OPTIONS /api/tasks 200 0 - 0.061 ms","timestamp":"2026-06-03 11:47:02"}
{"level":"info","message":"OPTIONS /api/appointments/stats?month=5&year=2026 200 0 - 0.079 ms","timestamp":"2026-06-03 11:47:02"}
{"level":"info","message":"OPTIONS /api/users 200 0 - 0.057 ms","timestamp":"2026-06-03 11:47:02"}
{"level":"info","message":"OPTIONS /api/attendance/2026/6 200 0 - 0.069 ms","timestamp":"2026-06-03 11:47:02"}
{"level":"info","message":"OPTIONS /api/appointments/revenue 200 0 - 0.081 ms","timestamp":"2026-06-03 11:47:02"}
{"level":"info","message":"OPTIONS /api/appointments/revenue/reports 200 0 - 0.065 ms","timestamp":"2026-06-03 11:47:02"}
{"level":"info","message":"OPTIONS /api/appointments/all 200 0 - 0.063 ms","timestamp":"2026-06-03 11:47:02"}
{"level":"info","message":"OPTIONS /api/tasks 200 0 - 0.078 ms","timestamp":"2026-06-03 11:47:02"}
{"level":"info","message":"OPTIONS /api/users/all 200 0 - 0.078 ms","timestamp":"2026-06-03 11:47:02"}
{"level":"info","message":"OPTIONS /api/attendance/range?start=2026-05-31T18:30:00.000Z&end=2026-06-30T18:29:59.999Z 200 0 - 0.087 ms","timestamp":"2026-06-03 11:47:02"}
{"level":"info","message":"OPTIONS /api/admin-status 200 0 - 0.065 ms","timestamp":"2026-06-03 11:47:02"}
{"level":"info","message":"OPTIONS /api/appointments/stats?month=6&year=2026 200 0 - 0.064 ms","timestamp":"2026-06-03 11:47:02"}
{"level":"info","message":"OPTIONS /api/appointments/stats?month=5&year=2026 200 0 - 0.059 ms","timestamp":"2026-06-03 11:47:02"}
{"level":"info","message":"OPTIONS /api/appointments/revenue 200 0 - 0.084 ms","timestamp":"2026-06-03 11:47:02"}
{"level":"info","message":"OPTIONS /api/tasks 200 0 - 0.148 ms","timestamp":"2026-06-03 11:47:02"}
{"level":"info","message":"OPTIONS /api/users 200 0 - 0.079 ms","timestamp":"2026-06-03 11:47:02"}
{"level":"info","message":"GET /api/appointments/revenue/reports 200 - - 61.048 ms","timestamp":"2026-06-03 11:47:02"}
{"level":"info","message":"GET /api/attendance/2026/6 200 - - 94.667 ms","timestamp":"2026-06-03 11:47:02"}
{"level":"info","message":"GET /api/attendance/range?start=2026-05-31T18:30:00.000Z&end=2026-06-30T18:29:59.999Z 200 - - 87.932 ms","timestamp":"2026-06-03 11:47:02"}
{"level":"info","message":"GET /api/tasks 200 - - 105.267 ms","timestamp":"2026-06-03 11:47:02"}
{"level":"info","message":"GET /api/users/all 200 - - 151.992 ms","timestamp":"2026-06-03 11:47:03"}
{"level":"info","message":"GET /api/appointments/stats?month=6&year=2026 200 11 - 105.351 ms","timestamp":"2026-06-03 11:47:03"}
{"level":"info","message":"GET /api/appointments/stats?month=5&year=2026 200 12 - 100.632 ms","timestamp":"2026-06-03 11:47:03"}
{"level":"info","message":"GET /api/tasks 200 - - 147.591 ms","timestamp":"2026-06-03 11:47:03"}
{"level":"info","message":"GET /api/appointments/all 200 - - 196.664 ms","timestamp":"2026-06-03 11:47:03"}
{"level":"info","message":"GET /api/attendance/2026/6 200 - - 108.142 ms","timestamp":"2026-06-03 11:47:03"}
{"level":"info","message":"GET /api/appointments/revenue/reports 200 - - 53.795 ms","timestamp":"2026-06-03 11:47:03"}
{"level":"info","message":"GET /api/appointments/revenue 200 45 - 87.046 ms","timestamp":"2026-06-03 11:47:03"}
{"level":"info","message":"GET /api/tasks 200 - - 107.136 ms","timestamp":"2026-06-03 11:47:03"}
{"level":"info","message":"GET /api/users/all 200 - - 98.539 ms","timestamp":"2026-06-03 11:47:03"}
{"level":"info","message":"GET /api/users 200 - - 169.956 ms","timestamp":"2026-06-03 11:47:03"}
{"level":"info","message":"GET /api/appointments/all 200 - - 182.716 ms","timestamp":"2026-06-03 11:47:03"}
{"level":"info","message":"GET /api/admin-status 200 48 - 353.565 ms","timestamp":"2026-06-03 11:47:03"}
{"level":"info","message":"GET /api/attendance/range?start=2026-05-31T18:30:00.000Z&end=2026-06-30T18:29:59.999Z 200 - - 142.358 ms","timestamp":"2026-06-03 11:47:03"}
{"level":"info","message":"GET /api/admin-status 200 48 - 60.440 ms","timestamp":"2026-06-03 11:47:03"}
{"level":"info","message":"GET /api/appointments/stats?month=6&year=2026 200 11 - 53.709 ms","timestamp":"2026-06-03 11:47:03"}
{"level":"info","message":"GET /api/appointments/stats?month=5&year=2026 200 12 - 51.514 ms","timestamp":"2026-06-03 11:47:03"}
{"level":"info","message":"GET /api/appointments/revenue 200 45 - 81.325 ms","timestamp":"2026-06-03 11:47:03"}
{"level":"info","message":"GET /api/tasks 200 - - 83.957 ms","timestamp":"2026-06-03 11:47:03"}
{"level":"info","message":"GET /api/users 200 - - 143.360 ms","timestamp":"2026-06-03 11:47:03"}
{"level":"info","message":"OPTIONS /api/appointments/stats?month=6&year=2026 200 0 - 0.132 ms","timestamp":"2026-06-03 11:47:12"}
{"level":"info","message":"OPTIONS /api/appointments/stats?month=5&year=2026 200 0 - 0.077 ms","timestamp":"2026-06-03 11:47:12"}
{"level":"info","message":"OPTIONS /api/appointments/revenue 200 0 - 0.072 ms","timestamp":"2026-06-03 11:47:12"}
{"level":"info","message":"OPTIONS /api/users 200 0 - 0.059 ms","timestamp":"2026-06-03 11:47:12"}
{"level":"info","message":"GET /api/appointments/stats?month=6&year=2026 304 - - 52.796 ms","timestamp":"2026-06-03 11:47:12"}
{"level":"info","message":"GET /api/appointments/stats?month=5&year=2026 304 - - 52.282 ms","timestamp":"2026-06-03 11:47:12"}
{"level":"info","message":"GET /api/appointments/revenue 304 - - 94.279 ms","timestamp":"2026-06-03 11:47:12"}
{"level":"info","message":"GET /api/users 304 - - 149.396 ms","timestamp":"2026-06-03 11:47:12"}
{"level":"info","message":"OPTIONS /api/appointments/stats?month=6&year=2026 200 0 - 0.054 ms","timestamp":"2026-06-03 11:47:23"}
{"level":"info","message":"OPTIONS /api/appointments/stats?month=5&year=2026 200 0 - 0.055 ms","timestamp":"2026-06-03 11:47:23"}
{"level":"info","message":"OPTIONS /api/appointments/revenue 200 0 - 0.041 ms","timestamp":"2026-06-03 11:47:23"}
{"level":"info","message":"OPTIONS /api/users 200 0 - 0.038 ms","timestamp":"2026-06-03 11:47:23"}
{"level":"info","message":"GET /api/appointments/stats?month=6&year=2026 304 - - 51.155 ms","timestamp":"2026-06-03 11:47:23"}
{"level":"info","message":"GET /api/appointments/stats?month=5&year=2026 304 - - 51.105 ms","timestamp":"2026-06-03 11:47:23"}
{"level":"info","message":"GET /api/appointments/revenue 304 - - 79.219 ms","timestamp":"2026-06-03 11:47:23"}
{"level":"info","message":"GET /api/users 200 - - 138.220 ms","timestamp":"2026-06-03 11:47:23"}
{"level":"info","message":"OPTIONS /api/attendance/2026/6 200 0 - 0.084 ms","timestamp":"2026-06-03 11:47:33"}
{"level":"info","message":"OPTIONS /api/users/all 200 0 - 0.068 ms","timestamp":"2026-06-03 11:47:33"}
{"level":"info","message":"OPTIONS /api/attendance/range?start=2026-05-31T18:30:00.000Z&end=2026-06-30T18:29:59.999Z 200 0 - 0.047 ms","timestamp":"2026-06-03 11:47:33"}
{"level":"info","message":"OPTIONS /api/appointments/stats?month=6&year=2026 200 0 - 0.061 ms","timestamp":"2026-06-03 11:47:33"}
{"level":"info","message":"OPTIONS /api/appointments/stats?month=5&year=2026 200 0 - 0.060 ms","timestamp":"2026-06-03 11:47:33"}
{"level":"info","message":"OPTIONS /api/appointments/revenue 200 0 - 0.081 ms","timestamp":"2026-06-03 11:47:33"}
{"level":"info","message":"OPTIONS /api/users 200 0 - 0.038 ms","timestamp":"2026-06-03 11:47:33"}
{"level":"info","message":"GET /api/attendance/2026/6 304 - - 80.595 ms","timestamp":"2026-06-03 11:47:33"}
{"level":"info","message":"GET /api/attendance/range?start=2026-05-31T18:30:00.000Z&end=2026-06-30T18:29:59.999Z 304 - - 82.715 ms","timestamp":"2026-06-03 11:47:33"}
{"level":"info","message":"GET /api/appointments/stats?month=6&year=2026 304 - - 58.664 ms","timestamp":"2026-06-03 11:47:33"}
{"level":"info","message":"GET /api/appointments/stats?month=5&year=2026 304 - - 56.495 ms","timestamp":"2026-06-03 11:47:33"}
{"level":"info","message":"GET /api/users/all 200 - - 109.558 ms","timestamp":"2026-06-03 11:47:33"}
{"level":"info","message":"GET /api/appointments/revenue 304 - - 95.010 ms","timestamp":"2026-06-03 11:47:33"}
{"level":"info","message":"GET /api/users 304 - - 153.018 ms","timestamp":"2026-06-03 11:47:33"}
{"level":"info","message":"OPTIONS /api/appointments/stats?month=6&year=2026 200 0 - 0.114 ms","timestamp":"2026-06-03 11:47:43"}
{"level":"info","message":"OPTIONS /api/appointments/stats?month=5&year=2026 200 0 - 0.060 ms","timestamp":"2026-06-03 11:47:43"}
{"level":"info","message":"OPTIONS /api/appointments/revenue 200 0 - 0.038 ms","timestamp":"2026-06-03 11:47:43"}
{"level":"info","message":"OPTIONS /api/users 200 0 - 0.056 ms","timestamp":"2026-06-03 11:47:43"}
{"level":"info","message":"GET /api/appointments/stats?month=6&year=2026 304 - - 52.305 ms","timestamp":"2026-06-03 11:47:43"}
{"level":"info","message":"GET /api/appointments/stats?month=5&year=2026 304 - - 51.277 ms","timestamp":"2026-06-03 11:47:43"}
{"level":"info","message":"GET /api/appointments/revenue 304 - - 80.173 ms","timestamp":"2026-06-03 11:47:43"}
{"level":"info","message":"GET /api/users 304 - - 140.795 ms","timestamp":"2026-06-03 11:47:43"}
{"level":"info","message":"OPTIONS /api/appointments/stats?month=6&year=2026 200 0 - 0.077 ms","timestamp":"2026-06-03 11:47:53"}
{"level":"info","message":"OPTIONS /api/appointments/stats?month=5&year=2026 200 0 - 0.061 ms","timestamp":"2026-06-03 11:47:53"}
{"level":"info","message":"OPTIONS /api/appointments/revenue 200 0 - 0.042 ms","timestamp":"2026-06-03 11:47:53"}
{"level":"info","message":"OPTIONS /api/users 200 0 - 0.046 ms","timestamp":"2026-06-03 11:47:53"}
{"level":"info","message":"GET /api/appointments/stats?month=6&year=2026 304 - - 51.155 ms","timestamp":"2026-06-03 11:47:53"}
{"level":"info","message":"GET /api/appointments/stats?month=5&year=2026 304 - - 50.531 ms","timestamp":"2026-06-03 11:47:53"}
{"level":"info","message":"GET /api/appointments/revenue 304 - - 78.770 ms","timestamp":"2026-06-03 11:47:53"}
{"level":"info","message":"GET /api/users 200 - - 135.897 ms","timestamp":"2026-06-03 11:47:53"}
{"level":"info","message":"OPTIONS /api/attendance/2026/6 200 0 - 0.080 ms","timestamp":"2026-06-03 11:48:03"}
{"level":"info","message":"OPTIONS /api/users/all 200 0 - 0.050 ms","timestamp":"2026-06-03 11:48:03"}
{"level":"info","message":"OPTIONS /api/attendance/range?start=2026-05-31T18:30:00.000Z&end=2026-06-30T18:29:59.999Z 200 0 - 0.049 ms","timestamp":"2026-06-03 11:48:03"}
{"level":"info","message":"OPTIONS /api/appointments/stats?month=6&year=2026 200 0 - 0.072 ms","timestamp":"2026-06-03 11:48:03"}
{"level":"info","message":"OPTIONS /api/users 200 0 - 0.043 ms","timestamp":"2026-06-03 11:48:03"}
{"level":"info","message":"OPTIONS /api/appointments/stats?month=5&year=2026 200 0 - 0.031 ms","timestamp":"2026-06-03 11:48:03"}
{"level":"info","message":"OPTIONS /api/appointments/revenue 200 0 - 0.053 ms","timestamp":"2026-06-03 11:48:03"}
{"level":"info","message":"GET /api/attendance/2026/6 304 - - 81.944 ms","timestamp":"2026-06-03 11:48:03"}
{"level":"info","message":"GET /api/attendance/range?start=2026-05-31T18:30:00.000Z&end=2026-06-30T18:29:59.999Z 304 - - 84.721 ms","timestamp":"2026-06-03 11:48:03"}
{"level":"info","message":"GET /api/appointments/stats?month=6&year=2026 304 - - 60.943 ms","timestamp":"2026-06-03 11:48:03"}
{"level":"info","message":"GET /api/appointments/stats?month=5&year=2026 304 - - 57.080 ms","timestamp":"2026-06-03 11:48:03"}
{"level":"info","message":"GET /api/users/all 200 - - 115.184 ms","timestamp":"2026-06-03 11:48:03"}
{"level":"info","message":"GET /api/appointments/revenue 304 - - 89.705 ms","timestamp":"2026-06-03 11:48:03"}
{"level":"info","message":"GET /api/users 200 - - 140.069 ms","timestamp":"2026-06-03 11:48:03"}
{"level":"info","message":"OPTIONS /api/appointments/stats?month=6&year=2026 200 0 - 0.061 ms","timestamp":"2026-06-03 11:48:13"}
{"level":"info","message":"OPTIONS /api/appointments/stats?month=5&year=2026 200 0 - 0.060 ms","timestamp":"2026-06-03 11:48:13"}
{"level":"info","message":"OPTIONS /api/appointments/revenue 200 0 - 0.046 ms","timestamp":"2026-06-03 11:48:13"}
{"level":"info","message":"OPTIONS /api/users 200 0 - 0.042 ms","timestamp":"2026-06-03 11:48:13"}
{"level":"info","message":"GET /api/appointments/stats?month=6&year=2026 304 - - 53.881 ms","timestamp":"2026-06-03 11:48:13"}
{"level":"info","message":"GET /api/appointments/stats?month=5&year=2026 304 - - 54.987 ms","timestamp":"2026-06-03 11:48:13"}
{"level":"info","message":"GET /api/appointments/revenue 304 - - 80.407 ms","timestamp":"2026-06-03 11:48:13"}
{"level":"info","message":"GET /api/users 200 - - 142.198 ms","timestamp":"2026-06-03 11:48:13"}
{"level":"info","message":"OPTIONS /api/appointments/stats?month=6&year=2026 200 0 - 0.090 ms","timestamp":"2026-06-03 11:48:23"}
{"level":"info","message":"OPTIONS /api/appointments/stats?month=5&year=2026 200 0 - 0.048 ms","timestamp":"2026-06-03 11:48:23"}
{"level":"info","message":"OPTIONS /api/appointments/revenue 200 0 - 0.050 ms","timestamp":"2026-06-03 11:48:23"}
{"level":"info","message":"OPTIONS /api/users 200 0 - 0.040 ms","timestamp":"2026-06-03 11:48:23"}
{"level":"info","message":"GET /api/appointments/stats?month=6&year=2026 304 - - 54.450 ms","timestamp":"2026-06-03 11:48:23"}
{"level":"info","message":"GET /api/appointments/stats?month=5&year=2026 304 - - 53.304 ms","timestamp":"2026-06-03 11:48:23"}
{"level":"info","message":"GET /api/appointments/revenue 304 - - 85.339 ms","timestamp":"2026-06-03 11:48:23"}
{"level":"info","message":"GET /api/users 200 - - 139.205 ms","timestamp":"2026-06-03 11:48:23"}
{"level":"info","message":"OPTIONS /api/attendance/2026/6 200 0 - 0.294 ms","timestamp":"2026-06-03 11:48:33"}
{"level":"info","message":"OPTIONS /api/users/all 200 0 - 0.251 ms","timestamp":"2026-06-03 11:48:33"}
{"level":"info","message":"OPTIONS /api/attendance/range?start=2026-05-31T18:30:00.000Z&end=2026-06-30T18:29:59.999Z 200 0 - 0.209 ms","timestamp":"2026-06-03 11:48:33"}
{"level":"info","message":"OPTIONS /api/appointments/stats?month=6&year=2026 200 0 - 0.054 ms","timestamp":"2026-06-03 11:48:33"}
{"level":"info","message":"OPTIONS /api/appointments/stats?month=5&year=2026 200 0 - 0.041 ms","timestamp":"2026-06-03 11:48:33"}
{"level":"info","message":"OPTIONS /api/appointments/revenue 200 0 - 0.057 ms","timestamp":"2026-06-03 11:48:33"}
{"level":"info","message":"OPTIONS /api/users 200 0 - 0.034 ms","timestamp":"2026-06-03 11:48:33"}
{"level":"info","message":"GET /api/attendance/2026/6 304 - - 90.010 ms","timestamp":"2026-06-03 11:48:33"}
{"level":"info","message":"GET /api/attendance/range?start=2026-05-31T18:30:00.000Z&end=2026-06-30T18:29:59.999Z 304 - - 82.414 ms","timestamp":"2026-06-03 11:48:33"}
{"level":"info","message":"GET /api/users/all 200 - - 117.199 ms","timestamp":"2026-06-03 11:48:33"}
{"level":"info","message":"GET /api/appointments/stats?month=6&year=2026 304 - - 61.999 ms","timestamp":"2026-06-03 11:48:33"}
{"level":"info","message":"GET /api/appointments/stats?month=5&year=2026 304 - - 61.750 ms","timestamp":"2026-06-03 11:48:33"}
{"level":"info","message":"GET /api/appointments/revenue 304 - - 80.413 ms","timestamp":"2026-06-03 11:48:33"}
{"level":"info","message":"GET /api/users 304 - - 155.337 ms","timestamp":"2026-06-03 11:48:33"}
{"level":"info","message":"OPTIONS /api/appointments/stats?month=6&year=2026 200 0 - 0.130 ms","timestamp":"2026-06-03 11:48:43"}
{"level":"info","message":"OPTIONS /api/appointments/stats?month=5&year=2026 200 0 - 0.070 ms","timestamp":"2026-06-03 11:48:43"}
{"level":"info","message":"OPTIONS /api/appointments/revenue 200 0 - 0.040 ms","timestamp":"2026-06-03 11:48:43"}
{"level":"info","message":"OPTIONS /api/users 200 0 - 0.058 ms","timestamp":"2026-06-03 11:48:43"}
{"level":"info","message":"GET /api/appointments/stats?month=6&year=2026 304 - - 51.725 ms","timestamp":"2026-06-03 11:48:43"}
{"level":"info","message":"GET /api/appointments/stats?month=5&year=2026 304 - - 50.625 ms","timestamp":"2026-06-03 11:48:43"}
{"level":"info","message":"GET /api/appointments/revenue 304 - - 79.227 ms","timestamp":"2026-06-03 11:48:43"}
{"level":"info","message":"GET /api/users 200 - - 139.136 ms","timestamp":"2026-06-03 11:48:43"}
{"level":"info","message":"OPTIONS /api/appointments/stats?month=6&year=2026 200 0 - 0.082 ms","timestamp":"2026-06-03 11:48:53"}
{"level":"info","message":"OPTIONS /api/appointments/stats?month=5&year=2026 200 0 - 0.058 ms","timestamp":"2026-06-03 11:48:53"}
{"level":"info","message":"OPTIONS /api/appointments/revenue 200 0 - 0.035 ms","timestamp":"2026-06-03 11:48:53"}
{"level":"info","message":"OPTIONS /api/users 200 0 - 0.033 ms","timestamp":"2026-06-03 11:48:53"}
{"level":"info","message":"GET /api/appointments/stats?month=6&year=2026 304 - - 52.978 ms","timestamp":"2026-06-03 11:48:53"}
{"level":"info","message":"GET /api/appointments/stats?month=5&year=2026 304 - - 51.514 ms","timestamp":"2026-06-03 11:48:53"}
{"level":"info","message":"GET /api/appointments/revenue 304 - - 78.900 ms","timestamp":"2026-06-03 11:48:53"}
{"level":"info","message":"GET /api/users 200 - - 135.251 ms","timestamp":"2026-06-03 11:48:53"}
{"level":"info","message":"OPTIONS /api/attendance/2026/6 200 0 - 0.056 ms","timestamp":"2026-06-03 11:49:03"}
{"level":"info","message":"OPTIONS /api/users/all 200 0 - 0.049 ms","timestamp":"2026-06-03 11:49:03"}
{"level":"info","message":"OPTIONS /api/attendance/range?start=2026-05-31T18:30:00.000Z&end=2026-06-30T18:29:59.999Z 200 0 - 0.054 ms","timestamp":"2026-06-03 11:49:03"}
{"level":"info","message":"OPTIONS /api/appointments/stats?month=6&year=2026 200 0 - 0.061 ms","timestamp":"2026-06-03 11:49:03"}
{"level":"info","message":"OPTIONS /api/appointments/stats?month=5&year=2026 200 0 - 0.041 ms","timestamp":"2026-06-03 11:49:03"}
{"level":"info","message":"OPTIONS /api/appointments/revenue 200 0 - 0.052 ms","timestamp":"2026-06-03 11:49:03"}
{"level":"info","message":"OPTIONS /api/users 200 0 - 0.053 ms","timestamp":"2026-06-03 11:49:03"}
{"level":"info","message":"GET /api/attendance/range?start=2026-05-31T18:30:00.000Z&end=2026-06-30T18:29:59.999Z 304 - - 83.284 ms","timestamp":"2026-06-03 11:49:03"}
{"level":"info","message":"GET /api/attendance/2026/6 304 - - 98.235 ms","timestamp":"2026-06-03 11:49:03"}
{"level":"info","message":"GET /api/appointments/stats?month=6&year=2026 304 - - 58.866 ms","timestamp":"2026-06-03 11:49:03"}
{"level":"info","message":"GET /api/users/all 200 - - 109.375 ms","timestamp":"2026-06-03 11:49:03"}
{"level":"info","message":"GET /api/appointments/stats?month=5&year=2026 304 - - 69.504 ms","timestamp":"2026-06-03 11:49:03"}
{"level":"info","message":"GET /api/appointments/revenue 304 - - 84.884 ms","timestamp":"2026-06-03 11:49:03"}
{"level":"info","message":"GET /api/users 200 - - 137.904 ms","timestamp":"2026-06-03 11:49:03"}
{"level":"info","message":"OPTIONS /api/calls/daily-stats 200 0 - 0.094 ms","timestamp":"2026-06-03 11:49:11"}
{"level":"info","message":"OPTIONS /api/telecaller-reports 200 0 - 0.087 ms","timestamp":"2026-06-03 11:49:11"}
{"level":"info","message":"OPTIONS /api/calls/daily-stats 200 0 - 0.077 ms","timestamp":"2026-06-03 11:49:11"}
{"level":"info","message":"GET /api/telecaller-reports 200 - - 5.441 ms","timestamp":"2026-06-03 11:49:11"}
{"level":"info","message":"GET /api/telecaller-reports 200 - - 1.634 ms","timestamp":"2026-06-03 11:49:11"}
{"level":"info","message":"GET /api/calls/daily-stats 200 2 - 58.503 ms","timestamp":"2026-06-03 11:49:11"}
{"level":"info","message":"GET /api/calls/daily-stats 304 - - 61.392 ms","timestamp":"2026-06-03 11:49:11"}
{"level":"info","message":"OPTIONS /api/attendance/2026/6 200 0 - 0.091 ms","timestamp":"2026-06-03 11:49:33"}
{"level":"info","message":"GET /api/attendance/2026/6 304 - - 92.542 ms","timestamp":"2026-06-03 11:49:33"}
{"level":"info","message":"OPTIONS /api/attendance/2026/6 200 0 - 0.101 ms","timestamp":"2026-06-03 11:50:03"}
{"level":"info","message":"GET /api/attendance/2026/6 304 - - 81.588 ms","timestamp":"2026-06-03 11:50:03"}
{"level":"info","message":"OPTIONS /api/attendance/2026/6 200 0 - 0.120 ms","timestamp":"2026-06-03 11:50:33"}
{"level":"info","message":"GET /api/attendance/2026/6 304 - - 87.321 ms","timestamp":"2026-06-03 11:50:33"}
{"level":"info","message":"OPTIONS /api/attendance/2026/6 200 0 - 0.156 ms","timestamp":"2026-06-03 11:51:39"}
{"level":"info","message":"GET /api/attendance/2026/6 304 - - 100.856 ms","timestamp":"2026-06-03 11:51:39"}
{"level":"info","message":"OPTIONS /api/attendance/2026/6 200 0 - 0.194 ms","timestamp":"2026-06-03 11:52:39"}
{"level":"info","message":"GET /api/attendance/2026/6 304 - - 95.725 ms","timestamp":"2026-06-03 11:52:39"}
{"level":"info","message":"OPTIONS /api/attendance/2026/6 200 0 - 0.189 ms","timestamp":"2026-06-03 11:53:39"}
{"level":"info","message":"GET /api/attendance/2026/6 304 - - 90.995 ms","timestamp":"2026-06-03 11:53:39"}
{"level":"info","message":"OPTIONS /api/attendance/2026/6 200 0 - 0.107 ms","timestamp":"2026-06-03 11:54:39"}
{"level":"info","message":"GET /api/attendance/2026/6 304 - - 85.552 ms","timestamp":"2026-06-03 11:54:39"}
{"level":"info","message":"OPTIONS /api/attendance/2026/6 200 0 - 0.172 ms","timestamp":"2026-06-03 11:55:39"}
{"level":"info","message":"GET /api/attendance/2026/6 304 - - 91.547 ms","timestamp":"2026-06-03 11:55:39"}
{"level":"info","message":"OPTIONS /api/attendance/2026/6 200 0 - 0.060 ms","timestamp":"2026-06-03 11:56:39"}
{"level":"info","message":"GET /api/attendance/2026/6 304 - - 77.617 ms","timestamp":"2026-06-03 11:56:39"}
{"level":"info","message":"OPTIONS /api/attendance/2026/6 200 0 - 0.123 ms","timestamp":"2026-06-03 11:57:39"}
{"level":"info","message":"GET /api/attendance/2026/6 304 - - 83.368 ms","timestamp":"2026-06-03 11:57:39"}
{"level":"info","message":"OPTIONS /api/telecaller-reports 200 0 - 0.057 ms","timestamp":"2026-06-03 11:57:49"}
{"level":"info","message":"OPTIONS /api/telecaller-reports/marketing-summary?startDate=2026-05-04&endDate=2026-06-03 200 0 - 0.085 ms","timestamp":"2026-06-03 11:57:49"}
{"level":"info","message":"OPTIONS /api/telecaller-reports 200 0 - 0.043 ms","timestamp":"2026-06-03 11:57:49"}
{"level":"info","message":"OPTIONS /api/telecaller-reports/marketing-summary?startDate=2026-05-04&endDate=2026-06-03 200 0 - 0.049 ms","timestamp":"2026-06-03 11:57:49"}
{"level":"info","message":"GET /api/telecaller-reports/marketing-summary?startDate=2026-05-04&endDate=2026-06-03 200 - - 1.256 ms","timestamp":"2026-06-03 11:57:49"}
{"level":"info","message":"GET /api/telecaller-reports 200 - - 1.836 ms","timestamp":"2026-06-03 11:57:49"}
{"level":"info","message":"GET /api/telecaller-reports/marketing-summary?startDate=2026-05-04&endDate=2026-06-03 200 - - 2.132 ms","timestamp":"2026-06-03 11:57:49"}
{"level":"info","message":"GET /api/telecaller-reports 200 - - 1.595 ms","timestamp":"2026-06-03 11:57:49"}
{"level":"info","message":"OPTIONS /api/calls/sip-config 200 0 - 0.129 ms","timestamp":"2026-06-03 11:58:19"}
{"level":"info","message":"OPTIONS /api/messages/unread-count 200 0 - 0.074 ms","timestamp":"2026-06-03 11:58:19"}
{"level":"info","message":"GET /api/calls/sip-config 304 - - 28.613 ms","timestamp":"2026-06-03 11:58:19"}
{"level":"info","message":"GET /api/calls/sip-config 304 - - 38.127 ms","timestamp":"2026-06-03 11:58:19"}
{"level":"info","message":"GET /api/messages/unread-count 304 - - 72.027 ms","timestamp":"2026-06-03 11:58:19"}
{"level":"info","message":"GET /api/messages/unread-count 304 - - 52.838 ms","timestamp":"2026-06-03 11:58:19"}
{"level":"info","message":"OPTIONS /api/attendance/2026/6 200 0 - 0.097 ms","timestamp":"2026-06-03 11:58:19"}
{"level":"info","message":"OPTIONS /api/users/me 200 0 - 0.074 ms","timestamp":"2026-06-03 11:58:19"}
{"level":"info","message":"OPTIONS /api/users 200 0 - 0.086 ms","timestamp":"2026-06-03 11:58:19"}
{"level":"info","message":"OPTIONS /api/tasks 200 0 - 0.050 ms","timestamp":"2026-06-03 11:58:19"}
{"level":"info","message":"OPTIONS /api/tasks 200 0 - 0.050 ms","timestamp":"2026-06-03 11:58:19"}
{"level":"info","message":"GET /api/users/me 200 - - 56.890 ms","timestamp":"2026-06-03 11:58:20"}
{"level":"info","message":"GET /api/attendance/2026/6 200 - - 80.951 ms","timestamp":"2026-06-03 11:58:20"}
{"level":"info","message":"GET /api/tasks 304 - - 85.156 ms","timestamp":"2026-06-03 11:58:20"}
{"level":"info","message":"GET /api/users/me 304 - - 54.151 ms","timestamp":"2026-06-03 11:58:20"}
{"level":"info","message":"GET /api/users 200 - - 142.371 ms","timestamp":"2026-06-03 11:58:20"}
{"level":"info","message":"GET /api/tasks - - - - ms","timestamp":"2026-06-03 11:58:20"}
{"level":"info","message":"GET /api/attendance/2026/6 - - - - ms","timestamp":"2026-06-03 11:58:20"}
{"level":"info","message":"GET /api/calls/sip-config 304 - - 37.691 ms","timestamp":"2026-06-03 11:58:20"}
{"level":"info","message":"GET /api/calls/sip-config 304 - - 31.749 ms","timestamp":"2026-06-03 11:58:20"}
{"level":"info","message":"GET /api/messages/unread-count 304 - - 72.466 ms","timestamp":"2026-06-03 11:58:20"}
{"level":"info","message":"GET /api/messages/unread-count 304 - - 57.967 ms","timestamp":"2026-06-03 11:58:20"}
{"level":"info","message":"GET /api/users/me 200 - - 58.281 ms","timestamp":"2026-06-03 11:58:20"}
{"level":"info","message":"GET /api/attendance/2026/6 200 - - 82.011 ms","timestamp":"2026-06-03 11:58:20"}
{"level":"info","message":"GET /api/tasks 200 - - 86.492 ms","timestamp":"2026-06-03 11:58:20"}
{"level":"info","message":"GET /api/users/me 304 - - 55.801 ms","timestamp":"2026-06-03 11:58:20"}
{"level":"info","message":"GET /api/users 200 - - 140.155 ms","timestamp":"2026-06-03 11:58:20"}
{"level":"info","message":"GET /api/attendance/2026/6 304 - - 94.635 ms","timestamp":"2026-06-03 11:58:20"}
{"level":"info","message":"GET /api/tasks 304 - - 90.200 ms","timestamp":"2026-06-03 11:58:20"}
{"level":"info","message":"OPTIONS /api/queries 200 0 - 0.110 ms","timestamp":"2026-06-03 11:58:20"}
{"level":"info","message":"OPTIONS /api/reports 200 0 - 0.065 ms","timestamp":"2026-06-03 11:58:20"}
{"level":"info","message":"OPTIONS /api/telecaller-reports 200 0 - 0.071 ms","timestamp":"2026-06-03 11:58:20"}
{"level":"info","message":"GET /api/telecaller-reports 200 - - 1.692 ms","timestamp":"2026-06-03 11:58:20"}
{"level":"info","message":"GET /api/queries 304 - - 51.710 ms","timestamp":"2026-06-03 11:58:20"}
{"level":"info","message":"GET /api/users 304 - - 144.249 ms","timestamp":"2026-06-03 11:58:20"}
{"level":"info","message":"GET /api/telecaller-reports 200 - - 1.351 ms","timestamp":"2026-06-03 11:58:20"}
{"level":"info","message":"GET /api/reports 304 - - 220.479 ms","timestamp":"2026-06-03 11:58:21"}
{"level":"info","message":"GET /api/queries 304 - - 103.859 ms","timestamp":"2026-06-03 11:58:21"}
{"level":"info","message":"GET /api/reports 304 - - 222.745 ms","timestamp":"2026-06-03 11:58:21"}
{"level":"info","message":"OPTIONS /api/auth/logout 200 0 - 0.086 ms","timestamp":"2026-06-03 11:58:28"}
{"level":"info","message":"POST /api/auth/logout 200 31 - 1.351 ms","timestamp":"2026-06-03 11:58:28"}
{"level":"info","message":"OPTIONS /api/users/logout 200 0 - 0.056 ms","timestamp":"2026-06-03 11:58:28"}
{"level":"info","message":"POST /api/users/logout 200 33 - 142.090 ms","timestamp":"2026-06-03 11:58:28"}
{"level":"info","message":"GET /api/calls/sip-config 401 44 - 0.729 ms","timestamp":"2026-06-03 11:58:28"}
{"level":"info","message":"OPTIONS /api/auth/login 200 0 - 0.104 ms","timestamp":"2026-06-03 11:58:39"}
{"level":"info","message":"POST /api/auth/login 200 764 - 234.956 ms","timestamp":"2026-06-03 11:58:39"}
{"level":"info","message":"OPTIONS /api/calls/sip-config 200 0 - 0.091 ms","timestamp":"2026-06-03 11:58:39"}
{"level":"info","message":"OPTIONS /api/messages/unread-count 200 0 - 0.101 ms","timestamp":"2026-06-03 11:58:39"}
{"level":"info","message":"GET /api/calls/sip-config 304 - - 41.157 ms","timestamp":"2026-06-03 11:58:39"}
{"level":"info","message":"GET /api/messages/unread-count 200 17 - 62.813 ms","timestamp":"2026-06-03 11:58:39"}
{"level":"info","message":"OPTIONS /api/attendance/2026/6 200 0 - 0.101 ms","timestamp":"2026-06-03 11:58:39"}
{"level":"info","message":"OPTIONS /api/users 200 0 - 0.081 ms","timestamp":"2026-06-03 11:58:39"}
{"level":"info","message":"OPTIONS /api/tasks 200 0 - 0.051 ms","timestamp":"2026-06-03 11:58:39"}
{"level":"info","message":"GET /api/tasks 200 2 - 52.368 ms","timestamp":"2026-06-03 11:58:39"}
{"level":"info","message":"GET /api/attendance/2026/6 200 - - 79.651 ms","timestamp":"2026-06-03 11:58:39"}
{"level":"info","message":"GET /api/tasks 304 - - 54.104 ms","timestamp":"2026-06-03 11:58:39"}
{"level":"info","message":"GET /api/users 200 - - 135.358 ms","timestamp":"2026-06-03 11:58:39"}
{"level":"info","message":"GET /api/attendance/2026/6 304 - - 81.177 ms","timestamp":"2026-06-03 11:58:39"}
{"level":"info","message":"GET /api/users 304 - - 95.233 ms","timestamp":"2026-06-03 11:58:40"}
{"level":"info","message":"OPTIONS /api/users/me 200 0 - 0.120 ms","timestamp":"2026-06-03 11:58:45"}
{"level":"info","message":"OPTIONS /api/users 200 0 - 0.083 ms","timestamp":"2026-06-03 11:58:45"}
{"level":"info","message":"OPTIONS /api/tasks 200 0 - 0.052 ms","timestamp":"2026-06-03 11:58:45"}
{"level":"info","message":"OPTIONS /api/users/me 200 0 - 0.054 ms","timestamp":"2026-06-03 11:58:45"}
{"level":"info","message":"OPTIONS /api/users 200 0 - 0.054 ms","timestamp":"2026-06-03 11:58:45"}
{"level":"info","message":"GET /api/tasks 304 - - 60.894 ms","timestamp":"2026-06-03 11:58:45"}
{"level":"info","message":"GET /api/users/me 200 - - 67.007 ms","timestamp":"2026-06-03 11:58:45"}
{"level":"info","message":"GET /api/tasks 304 - - 53.781 ms","timestamp":"2026-06-03 11:58:45"}
{"level":"info","message":"GET /api/users/me 304 - - 54.125 ms","timestamp":"2026-06-03 11:58:45"}
{"level":"info","message":"GET /api/users 304 - - 146.665 ms","timestamp":"2026-06-03 11:58:46"}
{"level":"info","message":"OPTIONS /api/telecaller-reports 200 0 - 0.057 ms","timestamp":"2026-06-03 11:58:46"}
{"level":"info","message":"GET /api/telecaller-reports 200 - - 1.911 ms","timestamp":"2026-06-03 11:58:46"}
{"level":"info","message":"GET /api/users 304 - - 93.188 ms","timestamp":"2026-06-03 11:58:46"}
{"level":"info","message":"GET /api/telecaller-reports 200 - - 1.763 ms","timestamp":"2026-06-03 11:58:46"}
{"level":"info","message":"OPTIONS /api/attendance/2026/6 200 0 - 0.176 ms","timestamp":"2026-06-03 11:59:09"}
{"level":"info","message":"GET /api/attendance/2026/6 304 - - 93.373 ms","timestamp":"2026-06-03 11:59:09"}
{"level":"info","message":"OPTIONS /api/attendance/2026/6 200 0 - 0.175 ms","timestamp":"2026-06-03 11:59:39"}
{"level":"info","message":"GET /api/attendance/2026/6 304 - - 89.435 ms","timestamp":"2026-06-03 11:59:39"}
{"level":"info","message":"OPTIONS /api/appointments/telecaller 200 0 - 0.130 ms","timestamp":"2026-06-03 11:59:40"}
{"level":"info","message":"GET /api/appointments/telecaller 200 - - 160.168 ms","timestamp":"2026-06-03 11:59:40"}
{"level":"info","message":"OPTIONS /api/telecaller-reports 200 0 - 0.100 ms","timestamp":"2026-06-03 11:59:57"}
{"level":"info","message":"POST /api/telecaller-reports 404 162 - 1.478 ms","timestamp":"2026-06-03 11:59:57"}
{"level":"info","message":"OPTIONS /api/auth/logout 200 0 - 0.093 ms","timestamp":"2026-06-03 12:00:07"}
{"level":"info","message":"POST /api/auth/logout 200 31 - 0.700 ms","timestamp":"2026-06-03 12:00:07"}
{"level":"info","message":"OPTIONS /api/users/logout 200 0 - 0.088 ms","timestamp":"2026-06-03 12:00:07"}
{"level":"info","message":"POST /api/users/logout 200 33 - 141.803 ms","timestamp":"2026-06-03 12:00:07"}
{"level":"info","message":"GET /api/calls/sip-config 401 44 - 0.627 ms","timestamp":"2026-06-03 12:00:07"}
{"level":"info","message":"OPTIONS /api/auth/login 200 0 - 0.082 ms","timestamp":"2026-06-03 12:00:12"}
{"level":"info","message":"POST /api/auth/login 200 750 - 221.798 ms","timestamp":"2026-06-03 12:00:13"}
{"level":"info","message":"OPTIONS /api/calls/sip-config 200 0 - 0.139 ms","timestamp":"2026-06-03 12:00:13"}
{"level":"info","message":"OPTIONS /api/messages/unread-count 200 0 - 0.065 ms","timestamp":"2026-06-03 12:00:13"}
{"level":"info","message":"GET /api/calls/sip-config 304 - - 28.679 ms","timestamp":"2026-06-03 12:00:13"}
{"level":"info","message":"GET /api/messages/unread-count 200 17 - 61.256 ms","timestamp":"2026-06-03 12:00:13"}
{"level":"info","message":"OPTIONS /api/attendance/2026/6 200 0 - 0.111 ms","timestamp":"2026-06-03 12:00:13"}
{"level":"info","message":"OPTIONS /api/appointments/revenue/reports 200 0 - 0.087 ms","timestamp":"2026-06-03 12:00:13"}
{"level":"info","message":"OPTIONS /api/appointments/all 200 0 - 0.102 ms","timestamp":"2026-06-03 12:00:13"}
{"level":"info","message":"OPTIONS /api/tasks 200 0 - 0.080 ms","timestamp":"2026-06-03 12:00:13"}
{"level":"info","message":"OPTIONS /api/users/all 200 0 - 0.081 ms","timestamp":"2026-06-03 12:00:13"}
{"level":"info","message":"OPTIONS /api/attendance/range?start=2026-05-31T18:30:00.000Z&end=2026-06-30T18:29:59.999Z 200 0 - 0.078 ms","timestamp":"2026-06-03 12:00:13"}
{"level":"info","message":"OPTIONS /api/admin-status 200 0 - 0.088 ms","timestamp":"2026-06-03 12:00:13"}
{"level":"info","message":"OPTIONS /api/appointments/stats?month=6&year=2026 200 0 - 0.110 ms","timestamp":"2026-06-03 12:00:13"}
{"level":"info","message":"OPTIONS /api/appointments/stats?month=5&year=2026 200 0 - 0.070 ms","timestamp":"2026-06-03 12:00:13"}
{"level":"info","message":"OPTIONS /api/appointments/revenue 200 0 - 0.098 ms","timestamp":"2026-06-03 12:00:13"}
{"level":"info","message":"OPTIONS /api/users 200 0 - 0.071 ms","timestamp":"2026-06-03 12:00:13"}
{"level":"info","message":"GET /api/appointments/revenue/reports 304 - - 55.963 ms","timestamp":"2026-06-03 12:00:13"}
{"level":"info","message":"GET /api/attendance/2026/6 200 - - 83.597 ms","timestamp":"2026-06-03 12:00:13"}
{"level":"info","message":"GET /api/tasks 200 - - 89.615 ms","timestamp":"2026-06-03 12:00:13"}
{"level":"info","message":"GET /api/attendance/range?start=2026-05-31T18:30:00.000Z&end=2026-06-30T18:29:59.999Z 200 - - 86.310 ms","timestamp":"2026-06-03 12:00:13"}
{"level":"info","message":"GET /api/admin-status 200 48 - 84.394 ms","timestamp":"2026-06-03 12:00:13"}
{"level":"info","message":"GET /api/appointments/stats?month=6&year=2026 200 11 - 86.818 ms","timestamp":"2026-06-03 12:00:13"}
{"level":"info","message":"GET /api/appointments/stats?month=5&year=2026 304 - - 68.903 ms","timestamp":"2026-06-03 12:00:13"}
{"level":"info","message":"GET /api/users/all 200 - - 122.783 ms","timestamp":"2026-06-03 12:00:13"}
{"level":"info","message":"GET /api/appointments/all 200 - - 213.008 ms","timestamp":"2026-06-03 12:00:13"}
{"level":"info","message":"GET /api/appointments/revenue 200 45 - 141.971 ms","timestamp":"2026-06-03 12:00:13"}
{"level":"info","message":"GET /api/appointments/revenue/reports 304 - - 82.911 ms","timestamp":"2026-06-03 12:00:13"}
{"level":"info","message":"GET /api/tasks 304 - - 102.483 ms","timestamp":"2026-06-03 12:00:13"}
{"level":"info","message":"GET /api/attendance/2026/6 304 - - 111.937 ms","timestamp":"2026-06-03 12:00:13"}
{"level":"info","message":"GET /api/admin-status 304 - - 54.053 ms","timestamp":"2026-06-03 12:00:13"}
{"level":"info","message":"GET /api/appointments/stats?month=6&year=2026 304 - - 55.102 ms","timestamp":"2026-06-03 12:00:13"}
{"level":"info","message":"GET /api/attendance/range?start=2026-05-31T18:30:00.000Z&end=2026-06-30T18:29:59.999Z 304 - - 95.982 ms","timestamp":"2026-06-03 12:00:13"}
{"level":"info","message":"GET /api/appointments/stats?month=5&year=2026 304 - - 52.138 ms","timestamp":"2026-06-03 12:00:13"}
{"level":"info","message":"GET /api/users 200 - - 186.921 ms","timestamp":"2026-06-03 12:00:13"}
{"level":"info","message":"GET /api/appointments/revenue 304 - - 83.212 ms","timestamp":"2026-06-03 12:00:13"}
{"level":"info","message":"GET /api/users/all 304 - - 119.323 ms","timestamp":"2026-06-03 12:00:13"}
{"level":"info","message":"GET /api/tasks 304 - - 127.350 ms","timestamp":"2026-06-03 12:00:13"}
{"level":"info","message":"GET /api/appointments/all 304 - - 178.861 ms","timestamp":"2026-06-03 12:00:13"}
{"level":"info","message":"GET /api/users 304 - - 130.922 ms","timestamp":"2026-06-03 12:00:13"}
{"level":"info","message":"GET /api/tasks 304 - - 87.726 ms","timestamp":"2026-06-03 12:00:13"}
{"level":"info","message":"OPTIONS /api/appointments/stats?month=6&year=2026 200 0 - 0.079 ms","timestamp":"2026-06-03 12:00:23"}
{"level":"info","message":"OPTIONS /api/appointments/stats?month=5&year=2026 200 0 - 0.067 ms","timestamp":"2026-06-03 12:00:23"}
{"level":"info","message":"OPTIONS /api/appointments/revenue 200 0 - 0.060 ms","timestamp":"2026-06-03 12:00:23"}
{"level":"info","message":"OPTIONS /api/users 200 0 - 0.080 ms","timestamp":"2026-06-03 12:00:23"}
{"level":"info","message":"GET /api/appointments/stats?month=6&year=2026 304 - - 51.906 ms","timestamp":"2026-06-03 12:00:23"}
{"level":"info","message":"GET /api/appointments/stats?month=5&year=2026 304 - - 51.500 ms","timestamp":"2026-06-03 12:00:23"}
{"level":"info","message":"GET /api/appointments/revenue 304 - - 88.389 ms","timestamp":"2026-06-03 12:00:23"}
{"level":"info","message":"GET /api/users 200 - - 137.601 ms","timestamp":"2026-06-03 12:00:23"}
{"level":"info","message":"OPTIONS /api/appointments/stats?month=6&year=2026 200 0 - 0.156 ms","timestamp":"2026-06-03 12:00:33"}
{"level":"info","message":"OPTIONS /api/appointments/stats?month=5&year=2026 200 0 - 0.067 ms","timestamp":"2026-06-03 12:00:33"}
{"level":"info","message":"OPTIONS /api/appointments/revenue 200 0 - 0.032 ms","timestamp":"2026-06-03 12:00:33"}
{"level":"info","message":"OPTIONS /api/users 200 0 - 0.031 ms","timestamp":"2026-06-03 12:00:33"}
{"level":"info","message":"GET /api/appointments/stats?month=6&year=2026 304 - - 52.420 ms","timestamp":"2026-06-03 12:00:33"}
{"level":"info","message":"GET /api/appointments/stats?month=5&year=2026 304 - - 52.426 ms","timestamp":"2026-06-03 12:00:33"}
{"level":"info","message":"GET /api/appointments/revenue 304 - - 85.019 ms","timestamp":"2026-06-03 12:00:33"}
{"level":"info","message":"GET /api/users 304 - - 138.417 ms","timestamp":"2026-06-03 12:00:33"}
{"level":"info","message":"OPTIONS /api/calls/daily-stats 200 0 - 0.057 ms","timestamp":"2026-06-03 12:00:33"}
{"level":"info","message":"OPTIONS /api/telecaller-reports 200 0 - 0.045 ms","timestamp":"2026-06-03 12:00:33"}
{"level":"info","message":"OPTIONS /api/calls/daily-stats 200 0 - 0.061 ms","timestamp":"2026-06-03 12:00:33"}
{"level":"info","message":"OPTIONS /api/telecaller-reports 200 0 - 0.041 ms","timestamp":"2026-06-03 12:00:33"}
{"level":"info","message":"GET /api/telecaller-reports 200 - - 3.154 ms","timestamp":"2026-06-03 12:00:33"}
{"level":"info","message":"GET /api/telecaller-reports 200 - - 1.802 ms","timestamp":"2026-06-03 12:00:33"}
{"level":"info","message":"GET /api/calls/daily-stats 304 - - 57.807 ms","timestamp":"2026-06-03 12:00:33"}
{"level":"info","message":"GET /api/calls/daily-stats 304 - - 53.514 ms","timestamp":"2026-06-03 12:00:33"}
{"level":"info","message":"OPTIONS /api/telecaller-reports/marketing-summary?startDate=2026-05-04&endDate=2026-06-03 200 0 - 0.054 ms","timestamp":"2026-06-03 12:00:34"}
{"level":"info","message":"OPTIONS /api/telecaller-reports/marketing-summary?startDate=2026-05-04&endDate=2026-06-03 200 0 - 0.072 ms","timestamp":"2026-06-03 12:00:34"}
{"level":"info","message":"GET /api/telecaller-reports 200 - - 1.902 ms","timestamp":"2026-06-03 12:00:34"}
{"level":"info","message":"GET /api/telecaller-reports/marketing-summary?startDate=2026-05-04&endDate=2026-06-03 200 - - 1.297 ms","timestamp":"2026-06-03 12:00:34"}
{"level":"info","message":"GET /api/telecaller-reports 200 - - 2.035 ms","timestamp":"2026-06-03 12:00:35"}
{"level":"info","message":"GET /api/telecaller-reports/marketing-summary?startDate=2026-05-04&endDate=2026-06-03 200 - - 1.238 ms","timestamp":"2026-06-03 12:00:35"}
{"level":"info","message":"OPTIONS /api/attendance/2026/6 200 0 - 0.180 ms","timestamp":"2026-06-03 12:00:43"}
{"level":"info","message":"GET /api/attendance/2026/6 304 - - 83.470 ms","timestamp":"2026-06-03 12:00:43"}
{"level":"info","message":"OPTIONS /api/attendance/2026/6 200 0 - 0.202 ms","timestamp":"2026-06-03 12:01:14"}
{"level":"info","message":"GET /api/attendance/2026/6 304 - - 87.680 ms","timestamp":"2026-06-03 12:01:14"}
{"level":"info","message":"OPTIONS /api/attendance/2026/6 200 0 - 0.181 ms","timestamp":"2026-06-03 12:01:44"}
{"level":"info","message":"GET /api/attendance/2026/6 304 - - 103.436 ms","timestamp":"2026-06-03 12:01:44"}
{"level":"info","message":"OPTIONS /api/attendance/2026/6 200 0 - 0.190 ms","timestamp":"2026-06-03 12:02:14"}
{"level":"info","message":"GET /api/attendance/2026/6 304 - - 85.918 ms","timestamp":"2026-06-03 12:02:14"}
{"level":"info","message":"OPTIONS /api/attendance/2026/6 200 0 - 0.176 ms","timestamp":"2026-06-03 12:02:44"}
{"level":"info","message":"GET /api/attendance/2026/6 304 - - 84.812 ms","timestamp":"2026-06-03 12:02:44"}
{"level":"info","message":"OPTIONS /api/attendance/2026/6 200 0 - 0.178 ms","timestamp":"2026-06-03 12:03:14"}
{"level":"info","message":"GET /api/attendance/2026/6 304 - - 82.540 ms","timestamp":"2026-06-03 12:03:14"}
{"level":"info","message":"OPTIONS /api/attendance/2026/6 200 0 - 0.329 ms","timestamp":"2026-06-03 12:04:39"}
{"level":"info","message":"GET /api/attendance/2026/6 304 - - 89.772 ms","timestamp":"2026-06-03 12:04:39"}
{"level":"info","message":"OPTIONS /api/attendance/2026/6 200 0 - 0.269 ms","timestamp":"2026-06-03 12:05:39"}
{"level":"info","message":"GET /api/attendance/2026/6 304 - - 82.634 ms","timestamp":"2026-06-03 12:05:39"}
{"level":"info","message":"OPTIONS /api/attendance/2026/6 200 0 - 0.103 ms","timestamp":"2026-06-03 12:05:46"}
{"level":"info","message":"GET /api/attendance/2026/6 304 - - 85.807 ms","timestamp":"2026-06-03 12:05:46"}
{"level":"info","message":"OPTIONS /api/calls/sip-config 200 0 - 0.093 ms","timestamp":"2026-06-03 12:05:48"}
{"level":"info","message":"OPTIONS /api/messages/unread-count 200 0 - 0.074 ms","timestamp":"2026-06-03 12:05:48"}
{"level":"info","message":"OPTIONS /api/messages/unread-count 200 0 - 0.062 ms","timestamp":"2026-06-03 12:05:48"}
{"level":"info","message":"GET /api/calls/sip-config 304 - - 26.798 ms","timestamp":"2026-06-03 12:05:48"}
{"level":"info","message":"GET /api/calls/sip-config 304 - - 42.107 ms","timestamp":"2026-06-03 12:05:48"}
{"level":"info","message":"GET /api/messages/unread-count 304 - - 70.053 ms","timestamp":"2026-06-03 12:05:48"}
{"level":"info","message":"OPTIONS /api/telecaller-reports 200 0 - 0.096 ms","timestamp":"2026-06-03 12:05:48"}
{"level":"info","message":"OPTIONS /api/telecaller-reports/marketing-summary?startDate=2026-05-04&endDate=2026-06-03 200 0 - 0.089 ms","timestamp":"2026-06-03 12:05:48"}
{"level":"info","message":"OPTIONS /api/telecaller-reports/marketing-summary?startDate=2026-05-04&endDate=2026-06-03 200 0 - 0.051 ms","timestamp":"2026-06-03 12:05:48"}
{"level":"info","message":"GET /api/telecaller-reports 200 - - 1.799 ms","timestamp":"2026-06-03 12:05:48"}
{"level":"info","message":"GET /api/messages/unread-count 304 - - 54.135 ms","timestamp":"2026-06-03 12:05:48"}
{"level":"info","message":"GET /api/telecaller-reports/marketing-summary?startDate=2026-05-04&endDate=2026-06-03 200 - - 6.088 ms","timestamp":"2026-06-03 12:05:48"}
{"level":"info","message":"GET /api/telecaller-reports 200 - - 1.697 ms","timestamp":"2026-06-03 12:05:48"}
{"level":"info","message":"GET /api/telecaller-reports/marketing-summary?startDate=2026-05-04&endDate=2026-06-03 200 - - 3.812 ms","timestamp":"2026-06-03 12:05:48"}
{"level":"info","message":"GET /api/attendance/2026/6 304 - - 80.921 ms","timestamp":"2026-06-03 12:05:48"}
{"level":"info","message":"GET /api/attendance/2026/6 304 - - 79.291 ms","timestamp":"2026-06-03 12:05:48"}
{"level":"info","message":"GET /api/calls/sip-config 304 - - 27.962 ms","timestamp":"2026-06-03 12:05:50"}
{"level":"info","message":"GET /api/messages/unread-count 304 - - 54.537 ms","timestamp":"2026-06-03 12:05:50"}
{"level":"info","message":"GET /api/calls/sip-config 304 - - 30.333 ms","timestamp":"2026-06-03 12:05:50"}
{"level":"info","message":"GET /api/messages/unread-count 304 - - 53.436 ms","timestamp":"2026-06-03 12:05:50"}
{"level":"info","message":"GET /api/telecaller-reports 200 - - 1.767 ms","timestamp":"2026-06-03 12:05:50"}
{"level":"info","message":"GET /api/telecaller-reports/marketing-summary?startDate=2026-05-04&endDate=2026-06-03 200 - - 1.349 ms","timestamp":"2026-06-03 12:05:50"}
{"level":"info","message":"GET /api/telecaller-reports 200 - - 2.159 ms","timestamp":"2026-06-03 12:05:50"}
{"level":"info","message":"GET /api/telecaller-reports/marketing-summary?startDate=2026-05-04&endDate=2026-06-03 200 - - 1.577 ms","timestamp":"2026-06-03 12:05:50"}
{"level":"info","message":"GET /api/attendance/2026/6 304 - - 77.768 ms","timestamp":"2026-06-03 12:05:50"}
{"level":"info","message":"GET /api/attendance/2026/6 304 - - 80.819 ms","timestamp":"2026-06-03 12:05:50"}
{"level":"info","message":"GET /api/calls/sip-config 304 - - 27.335 ms","timestamp":"2026-06-03 12:05:53"}
{"level":"info","message":"GET /api/messages/unread-count 304 - - 54.840 ms","timestamp":"2026-06-03 12:05:53"}
{"level":"info","message":"GET /api/calls/sip-config 304 - - 28.728 ms","timestamp":"2026-06-03 12:05:53"}
{"level":"info","message":"GET /api/messages/unread-count 304 - - 56.224 ms","timestamp":"2026-06-03 12:05:53"}
{"level":"info","message":"OPTIONS /api/attendance/2026/6 200 0 - 0.090 ms","timestamp":"2026-06-03 12:05:53"}
{"level":"info","message":"OPTIONS /api/attendance/2026/6 200 0 - 0.067 ms","timestamp":"2026-06-03 12:05:53"}
{"level":"info","message":"GET /api/telecaller-reports/marketing-summary?startDate=2026-05-04&endDate=2026-06-03 200 - - 2.458 ms","timestamp":"2026-06-03 12:05:53"}
{"level":"info","message":"GET /api/telecaller-reports 200 - - 3.082 ms","timestamp":"2026-06-03 12:05:53"}
{"level":"info","message":"GET /api/telecaller-reports/marketing-summary?startDate=2026-05-04&endDate=2026-06-03 200 - - 2.011 ms","timestamp":"2026-06-03 12:05:53"}
{"level":"info","message":"GET /api/telecaller-reports 200 - - 1.133 ms","timestamp":"2026-06-03 12:05:53"}
{"level":"info","message":"GET /api/attendance/2026/6 304 - - 79.750 ms","timestamp":"2026-06-03 12:05:53"}
{"level":"info","message":"GET /api/attendance/2026/6 304 - - 87.816 ms","timestamp":"2026-06-03 12:05:53"}
{"level":"info","message":"OPTIONS /api/calls/sip-config 200 0 - 0.204 ms","timestamp":"2026-06-03 12:05:55"}
{"level":"info","message":"OPTIONS /api/messages/unread-count 200 0 - 0.097 ms","timestamp":"2026-06-03 12:05:55"}
{"level":"info","message":"OPTIONS /api/calls/sip-config 200 0 - 0.074 ms","timestamp":"2026-06-03 12:05:55"}
{"level":"info","message":"OPTIONS /api/messages/unread-count 200 0 - 0.065 ms","timestamp":"2026-06-03 12:05:55"}
{"level":"info","message":"GET /api/calls/sip-config 304 - - 28.506 ms","timestamp":"2026-06-03 12:05:55"}
{"level":"info","message":"GET /api/messages/unread-count 304 - - 55.827 ms","timestamp":"2026-06-03 12:05:55"}
{"level":"info","message":"GET /api/calls/sip-config 304 - - 27.847 ms","timestamp":"2026-06-03 12:05:55"}
{"level":"info","message":"GET /api/messages/unread-count 304 - - 52.404 ms","timestamp":"2026-06-03 12:05:55"}
{"level":"info","message":"OPTIONS /api/telecaller-reports 200 0 - 0.056 ms","timestamp":"2026-06-03 12:05:55"}
{"level":"info","message":"OPTIONS /api/telecaller-reports/marketing-summary?startDate=2026-05-04&endDate=2026-06-03 200 0 - 0.096 ms","timestamp":"2026-06-03 12:05:55"}
{"level":"info","message":"OPTIONS /api/telecaller-reports 200 0 - 0.056 ms","timestamp":"2026-06-03 12:05:55"}
{"level":"info","message":"GET /api/telecaller-reports/marketing-summary?startDate=2026-05-04&endDate=2026-06-03 200 - - 1.197 ms","timestamp":"2026-06-03 12:05:55"}
{"level":"info","message":"GET /api/telecaller-reports 200 - - 1.604 ms","timestamp":"2026-06-03 12:05:55"}
{"level":"info","message":"GET /api/telecaller-reports 200 - - 1.982 ms","timestamp":"2026-06-03 12:05:55"}
{"level":"info","message":"GET /api/telecaller-reports/marketing-summary?startDate=2026-05-04&endDate=2026-06-03 200 - - 2.458 ms","timestamp":"2026-06-03 12:05:55"}
{"level":"info","message":"GET /api/attendance/2026/6 304 - - 82.181 ms","timestamp":"2026-06-03 12:05:55"}
{"level":"info","message":"GET /api/attendance/2026/6 304 - - 82.270 ms","timestamp":"2026-06-03 12:05:55"}
{"level":"info","message":"OPTIONS /api/attendance/2026/6 200 0 - 0.457 ms","timestamp":"2026-06-03 12:06:26"}
{"level":"info","message":"GET /api/attendance/2026/6 304 - - 100.290 ms","timestamp":"2026-06-03 12:06:26"}
{"level":"info","message":"OPTIONS /api/attendance/2026/6 200 0 - 0.196 ms","timestamp":"2026-06-03 12:06:56"}
{"level":"info","message":"GET /api/attendance/2026/6 304 - - 81.857 ms","timestamp":"2026-06-03 12:06:56"}
{"level":"info","message":"OPTIONS /api/attendance/2026/6 200 0 - 0.175 ms","timestamp":"2026-06-03 12:07:26"}
{"level":"info","message":"GET /api/attendance/2026/6 304 - - 90.036 ms","timestamp":"2026-06-03 12:07:26"}
{"level":"info","message":"OPTIONS /api/attendance/2026/6 200 0 - 0.139 ms","timestamp":"2026-06-03 12:07:56"}
{"level":"info","message":"GET /api/attendance/2026/6 304 - - 89.106 ms","timestamp":"2026-06-03 12:07:56"}
{"level":"info","message":"OPTIONS /api/attendance/2026/6 200 0 - 0.210 ms","timestamp":"2026-06-03 12:08:26"}
{"level":"info","message":"GET /api/attendance/2026/6 304 - - 85.285 ms","timestamp":"2026-06-03 12:08:26"}
{"level":"info","message":"OPTIONS /api/attendance/2026/6 200 0 - 0.098 ms","timestamp":"2026-06-03 12:09:22"}
{"level":"info","message":"GET /api/attendance/2026/6 304 - - 77.405 ms","timestamp":"2026-06-03 12:09:23"}
{"level":"info","message":"GET /api/attendance/2026/6 304 - - 89.406 ms","timestamp":"2026-06-03 12:09:25"}
{"level":"info","message":"OPTIONS /api/users 200 0 - 0.055 ms","timestamp":"2026-06-03 12:09:50"}
{"level":"info","message":"OPTIONS /api/calls/daily-stats 200 0 - 0.053 ms","timestamp":"2026-06-03 12:09:50"}
{"level":"info","message":"OPTIONS /api/telecaller-reports 200 0 - 0.033 ms","timestamp":"2026-06-03 12:09:50"}
{"level":"info","message":"OPTIONS /api/calls/daily-stats 200 0 - 0.053 ms","timestamp":"2026-06-03 12:09:50"}
{"level":"info","message":"GET /api/telecaller-reports 200 - - 1.703 ms","timestamp":"2026-06-03 12:09:50"}
{"level":"info","message":"GET /api/telecaller-reports 200 - - 1.731 ms","timestamp":"2026-06-03 12:09:50"}
{"level":"info","message":"GET /api/calls/daily-stats 304 - - 54.731 ms","timestamp":"2026-06-03 12:09:50"}
{"level":"info","message":"GET /api/calls/daily-stats 304 - - 53.651 ms","timestamp":"2026-06-03 12:09:50"}
{"level":"info","message":"GET /api/users 200 - - 134.704 ms","timestamp":"2026-06-03 12:09:50"}
{"level":"info","message":"GET /api/telecaller-reports 200 - - 1.302 ms","timestamp":"2026-06-03 12:09:50"}
{"level":"info","message":"GET /api/calls/daily-stats 304 - - 66.993 ms","timestamp":"2026-06-03 12:09:50"}
{"level":"info","message":"OPTIONS /api/attendance/2026/6 200 0 - 0.188 ms","timestamp":"2026-06-03 12:09:55"}
{"level":"info","message":"GET /api/attendance/2026/6 304 - - 95.568 ms","timestamp":"2026-06-03 12:09:55"}
{"level":"info","message":"OPTIONS /api/telecaller-reports 200 0 - 0.062 ms","timestamp":"2026-06-03 12:09:57"}
{"level":"info","message":"OPTIONS /api/telecaller-reports/marketing-summary?startDate=2026-05-04&endDate=2026-06-03 200 0 - 0.091 ms","timestamp":"2026-06-03 12:09:57"}
{"level":"info","message":"OPTIONS /api/telecaller-reports 200 0 - 0.156 ms","timestamp":"2026-06-03 12:09:57"}
{"level":"info","message":"OPTIONS /api/telecaller-reports/marketing-summary?startDate=2026-05-04&endDate=2026-06-03 200 0 - 0.093 ms","timestamp":"2026-06-03 12:09:57"}
{"level":"info","message":"GET /api/telecaller-reports/marketing-summary?startDate=2026-05-04&endDate=2026-06-03 200 - - 1.609 ms","timestamp":"2026-06-03 12:09:57"}
{"level":"info","message":"GET /api/telecaller-reports 200 - - 3.176 ms","timestamp":"2026-06-03 12:09:57"}
{"level":"info","message":"GET /api/telecaller-reports/marketing-summary?startDate=2026-05-04&endDate=2026-06-03 200 - - 2.111 ms","timestamp":"2026-06-03 12:09:57"}
{"level":"info","message":"GET /api/telecaller-reports 200 - - 1.539 ms","timestamp":"2026-06-03 12:09:57"}
{"level":"info","message":"OPTIONS /api/attendance/2026/6 200 0 - 0.160 ms","timestamp":"2026-06-03 12:10:26"}
{"level":"info","message":"GET /api/attendance/2026/6 304 - - 90.417 ms","timestamp":"2026-06-03 12:10:26"}
{"level":"info","message":"OPTIONS /api/attendance/2026/6 200 0 - 0.168 ms","timestamp":"2026-06-03 12:10:56"}
{"level":"info","message":"GET /api/attendance/2026/6 304 - - 77.760 ms","timestamp":"2026-06-03 12:10:56"}
{"level":"info","message":"OPTIONS /api/attendance/2026/6 200 0 - 0.251 ms","timestamp":"2026-06-03 12:11:39"}
{"level":"info","message":"GET /api/attendance/2026/6 304 - - 83.795 ms","timestamp":"2026-06-03 12:11:39"}
{"level":"info","message":"OPTIONS /api/attendance/2026/6 200 0 - 0.232 ms","timestamp":"2026-06-03 12:12:39"}
{"level":"info","message":"GET /api/attendance/2026/6 304 - - 92.459 ms","timestamp":"2026-06-03 12:12:39"}
{"level":"info","message":"OPTIONS /api/attendance/2026/6 200 0 - 0.052 ms","timestamp":"2026-06-03 12:12:56"}
{"level":"info","message":"GET /api/attendance/2026/6 304 - - 78.285 ms","timestamp":"2026-06-03 12:12:56"}
{"level":"info","message":"OPTIONS /api/calls/sip-config 200 0 - 0.088 ms","timestamp":"2026-06-03 12:13:03"}
{"level":"info","message":"OPTIONS /api/messages/unread-count 200 0 - 0.118 ms","timestamp":"2026-06-03 12:13:03"}
{"level":"info","message":"OPTIONS /api/calls/sip-config 200 0 - 0.077 ms","timestamp":"2026-06-03 12:13:03"}
{"level":"info","message":"OPTIONS /api/messages/unread-count 200 0 - 0.055 ms","timestamp":"2026-06-03 12:13:03"}
{"level":"info","message":"GET /api/calls/sip-config 304 - - 27.486 ms","timestamp":"2026-06-03 12:13:03"}
{"level":"info","message":"OPTIONS /api/attendance/2026/6 200 0 - 0.111 ms","timestamp":"2026-06-03 12:13:03"}
{"level":"info","message":"OPTIONS /api/telecaller-reports 200 0 - 0.079 ms","timestamp":"2026-06-03 12:13:03"}
{"level":"info","message":"GET /api/messages/unread-count 304 - - 58.291 ms","timestamp":"2026-06-03 12:13:03"}
{"level":"info","message":"GET /api/calls/sip-config 304 - - 29.901 ms","timestamp":"2026-06-03 12:13:03"}
{"level":"info","message":"OPTIONS /api/telecaller-reports/marketing-summary?startDate=2026-05-04&endDate=2026-06-03 200 0 - 0.275 ms","timestamp":"2026-06-03 12:13:03"}
{"level":"info","message":"OPTIONS /api/telecaller-reports/marketing-summary?startDate=2026-05-04&endDate=2026-06-03 200 0 - 0.047 ms","timestamp":"2026-06-03 12:13:03"}
{"level":"info","message":"GET /api/telecaller-reports 200 - - 5.579 ms","timestamp":"2026-06-03 12:13:03"}
{"level":"info","message":"GET /api/telecaller-reports/marketing-summary?startDate=2026-05-04&endDate=2026-06-03 200 - - 2.546 ms","timestamp":"2026-06-03 12:13:03"}
{"level":"info","message":"GET /api/telecaller-reports 200 - - 4.766 ms","timestamp":"2026-06-03 12:13:03"}
{"level":"info","message":"GET /api/telecaller-reports/marketing-summary?startDate=2026-05-04&endDate=2026-06-03 200 - - 3.712 ms","timestamp":"2026-06-03 12:13:03"}
{"level":"info","message":"GET /api/messages/unread-count 304 - - 63.775 ms","timestamp":"2026-06-03 12:13:03"}
{"level":"info","message":"GET /api/attendance/2026/6 304 - - 92.463 ms","timestamp":"2026-06-03 12:13:03"}
{"level":"info","message":"GET /api/attendance/2026/6 304 - - 78.574 ms","timestamp":"2026-06-03 12:13:03"}
{"level":"info","message":"GET /api/calls/sip-config 304 - - 27.372 ms","timestamp":"2026-06-03 12:13:06"}
{"level":"info","message":"GET /api/calls/sip-config 304 - - 27.218 ms","timestamp":"2026-06-03 12:13:06"}
{"level":"info","message":"GET /api/messages/unread-count 304 - - 59.210 ms","timestamp":"2026-06-03 12:13:06"}
{"level":"info","message":"GET /api/messages/unread-count 304 - - 58.038 ms","timestamp":"2026-06-03 12:13:06"}
{"level":"info","message":"GET /api/telecaller-reports 200 - - 1.721 ms","timestamp":"2026-06-03 12:13:06"}
{"level":"info","message":"GET /api/telecaller-reports/marketing-summary?startDate=2026-05-04&endDate=2026-06-03 200 - - 1.399 ms","timestamp":"2026-06-03 12:13:06"}
{"level":"info","message":"GET /api/telecaller-reports 200 - - 2.495 ms","timestamp":"2026-06-03 12:13:06"}
{"level":"info","message":"GET /api/telecaller-reports/marketing-summary?startDate=2026-05-04&endDate=2026-06-03 200 - - 1.940 ms","timestamp":"2026-06-03 12:13:06"}
{"level":"info","message":"GET /api/attendance/2026/6 304 - - 80.182 ms","timestamp":"2026-06-03 12:13:07"}
{"level":"info","message":"GET /api/attendance/2026/6 304 - - 79.239 ms","timestamp":"2026-06-03 12:13:07"}
{"level":"info","message":"OPTIONS /api/calls/sip-config 200 0 - 0.060 ms","timestamp":"2026-06-03 12:13:07"}
{"level":"info","message":"OPTIONS /api/messages/unread-count 200 0 - 0.052 ms","timestamp":"2026-06-03 12:13:07"}
{"level":"info","message":"OPTIONS /api/calls/sip-config 200 0 - 0.046 ms","timestamp":"2026-06-03 12:13:07"}
{"level":"info","message":"OPTIONS /api/messages/unread-count 200 0 - 0.052 ms","timestamp":"2026-06-03 12:13:07"}
{"level":"info","message":"GET /api/calls/sip-config 200 197 - 31.650 ms","timestamp":"2026-06-03 12:13:07"}
{"level":"info","message":"GET /api/calls/sip-config 200 197 - 27.340 ms","timestamp":"2026-06-03 12:13:07"}
{"level":"info","message":"GET /api/messages/unread-count 200 17 - 57.683 ms","timestamp":"2026-06-03 12:13:07"}
{"level":"info","message":"GET /api/messages/unread-count 200 17 - 54.846 ms","timestamp":"2026-06-03 12:13:07"}
{"level":"info","message":"GET /api/telecaller-reports 200 - - 3.146 ms","timestamp":"2026-06-03 12:13:07"}
{"level":"info","message":"GET /api/telecaller-reports/marketing-summary?startDate=2026-05-04&endDate=2026-06-03 200 - - 2.666 ms","timestamp":"2026-06-03 12:13:07"}
{"level":"info","message":"GET /api/telecaller-reports 200 - - 3.946 ms","timestamp":"2026-06-03 12:13:07"}
{"level":"info","message":"GET /api/telecaller-reports/marketing-summary?startDate=2026-05-04&endDate=2026-06-03 200 - - 2.638 ms","timestamp":"2026-06-03 12:13:07"}
{"level":"info","message":"GET /api/attendance/2026/6 304 - - 81.682 ms","timestamp":"2026-06-03 12:13:07"}
{"level":"info","message":"GET /api/attendance/2026/6 304 - - 78.017 ms","timestamp":"2026-06-03 12:13:07"}
{"level":"info","message":"OPTIONS /api/calls/sip-config 200 0 - 0.133 ms","timestamp":"2026-06-03 12:13:08"}
{"level":"info","message":"OPTIONS /api/messages/unread-count 200 0 - 0.066 ms","timestamp":"2026-06-03 12:13:08"}
{"level":"info","message":"OPTIONS /api/calls/sip-config 200 0 - 0.060 ms","timestamp":"2026-06-03 12:13:08"}
{"level":"info","message":"OPTIONS /api/messages/unread-count 200 0 - 0.057 ms","timestamp":"2026-06-03 12:13:08"}
{"level":"info","message":"GET /api/calls/sip-config 200 197 - 30.369 ms","timestamp":"2026-06-03 12:13:08"}
{"level":"info","message":"GET /api/calls/sip-config 200 197 - 32.500 ms","timestamp":"2026-06-03 12:13:08"}
{"level":"info","message":"OPTIONS /api/attendance/2026/6 200 0 - 0.092 ms","timestamp":"2026-06-03 12:13:08"}
{"level":"info","message":"OPTIONS /api/telecaller-reports 200 0 - 0.086 ms","timestamp":"2026-06-03 12:13:08"}
{"level":"info","message":"OPTIONS /api/telecaller-reports/marketing-summary?startDate=2026-05-04&endDate=2026-06-03 200 0 - 0.054 ms","timestamp":"2026-06-03 12:13:08"}
{"level":"info","message":"OPTIONS /api/attendance/2026/6 200 0 - 0.060 ms","timestamp":"2026-06-03 12:13:08"}
{"level":"info","message":"OPTIONS /api/telecaller-reports 200 0 - 0.083 ms","timestamp":"2026-06-03 12:13:08"}
{"level":"info","message":"OPTIONS /api/telecaller-reports/marketing-summary?startDate=2026-05-04&endDate=2026-06-03 200 0 - 0.072 ms","timestamp":"2026-06-03 12:13:08"}
{"level":"info","message":"GET /api/messages/unread-count 200 17 - 57.260 ms","timestamp":"2026-06-03 12:13:08"}
{"level":"info","message":"GET /api/telecaller-reports 200 - - 11.167 ms","timestamp":"2026-06-03 12:13:08"}
{"level":"info","message":"GET /api/messages/unread-count 200 17 - 61.479 ms","timestamp":"2026-06-03 12:13:08"}
{"level":"info","message":"GET /api/telecaller-reports/marketing-summary?startDate=2026-05-04&endDate=2026-06-03 200 - - 6.107 ms","timestamp":"2026-06-03 12:13:08"}
{"level":"info","message":"GET /api/telecaller-reports 200 - - 5.421 ms","timestamp":"2026-06-03 12:13:08"}
{"level":"info","message":"GET /api/telecaller-reports/marketing-summary?startDate=2026-05-04&endDate=2026-06-03 200 - - 2.623 ms","timestamp":"2026-06-03 12:13:08"}
{"level":"info","message":"GET /api/attendance/2026/6 200 - - 81.757 ms","timestamp":"2026-06-03 12:13:08"}
{"level":"info","message":"GET /api/attendance/2026/6 200 - - 79.456 ms","timestamp":"2026-06-03 12:13:08"}
{"level":"info","message":"OPTIONS /api/calls/sip-config 200 0 - 0.072 ms","timestamp":"2026-06-03 12:13:09"}
{"level":"info","message":"OPTIONS /api/messages/unread-count 200 0 - 0.049 ms","timestamp":"2026-06-03 12:13:09"}
{"level":"info","message":"OPTIONS /api/calls/sip-config 200 0 - 0.055 ms","timestamp":"2026-06-03 12:13:09"}
{"level":"info","message":"OPTIONS /api/messages/unread-count 200 0 - 0.046 ms","timestamp":"2026-06-03 12:13:09"}
{"level":"info","message":"GET /api/calls/sip-config 200 197 - 29.169 ms","timestamp":"2026-06-03 12:13:09"}
{"level":"info","message":"GET /api/calls/sip-config 200 197 - 28.498 ms","timestamp":"2026-06-03 12:13:09"}
{"level":"info","message":"GET /api/messages/unread-count 200 17 - 58.575 ms","timestamp":"2026-06-03 12:13:09"}
{"level":"info","message":"GET /api/messages/unread-count 200 17 - 58.365 ms","timestamp":"2026-06-03 12:13:09"}
{"level":"info","message":"OPTIONS /api/calls/sip-config 200 0 - 0.116 ms","timestamp":"2026-06-03 12:13:09"}
{"level":"info","message":"OPTIONS /api/messages/unread-count 200 0 - 0.089 ms","timestamp":"2026-06-03 12:13:09"}
{"level":"info","message":"OPTIONS /api/calls/sip-config 200 0 - 0.083 ms","timestamp":"2026-06-03 12:13:09"}
{"level":"info","message":"OPTIONS /api/messages/unread-count 200 0 - 0.069 ms","timestamp":"2026-06-03 12:13:09"}
{"level":"info","message":"GET /api/calls/sip-config 200 197 - 29.057 ms","timestamp":"2026-06-03 12:13:09"}
{"level":"info","message":"GET /api/calls/sip-config 200 197 - 28.726 ms","timestamp":"2026-06-03 12:13:09"}
{"level":"info","message":"GET /api/messages/unread-count 200 17 - 57.731 ms","timestamp":"2026-06-03 12:13:09"}
{"level":"info","message":"GET /api/messages/unread-count 200 17 - 59.137 ms","timestamp":"2026-06-03 12:13:09"}
{"level":"info","message":"GET /api/telecaller-reports 200 - - 1.548 ms","timestamp":"2026-06-03 12:13:09"}
{"level":"info","message":"GET /api/telecaller-reports/marketing-summary?startDate=2026-05-04&endDate=2026-06-03 200 - - 1.266 ms","timestamp":"2026-06-03 12:13:09"}
{"level":"info","message":"GET /api/telecaller-reports 200 - - 3.242 ms","timestamp":"2026-06-03 12:13:09"}
{"level":"info","message":"GET /api/telecaller-reports/marketing-summary?startDate=2026-05-04&endDate=2026-06-03 200 - - 1.714 ms","timestamp":"2026-06-03 12:13:09"}
{"level":"info","message":"GET /api/attendance/2026/6 304 - - 92.340 ms","timestamp":"2026-06-03 12:13:09"}
{"level":"info","message":"GET /api/attendance/2026/6 304 - - 78.635 ms","timestamp":"2026-06-03 12:13:09"}
{"level":"info","message":"OPTIONS /api/attendance/2026/6 200 0 - 0.174 ms","timestamp":"2026-06-03 12:13:39"}
{"level":"info","message":"GET /api/attendance/2026/6 304 - - 99.975 ms","timestamp":"2026-06-03 12:13:39"}
{"level":"info","message":"OPTIONS /api/attendance/2026/6 200 0 - 0.192 ms","timestamp":"2026-06-03 12:14:09"}
{"level":"info","message":"GET /api/attendance/2026/6 304 - - 91.573 ms","timestamp":"2026-06-03 12:14:09"}
{"level":"info","message":"OPTIONS /api/attendance/2026/6 200 0 - 0.177 ms","timestamp":"2026-06-03 12:14:39"}
{"level":"info","message":"GET /api/attendance/2026/6 304 - - 89.977 ms","timestamp":"2026-06-03 12:14:39"}
{"level":"info","message":"OPTIONS /api/attendance/2026/6 200 0 - 0.174 ms","timestamp":"2026-06-03 12:15:09"}
{"level":"info","message":"GET /api/attendance/2026/6 304 - - 85.491 ms","timestamp":"2026-06-03 12:15:09"}
{"level":"info","message":"OPTIONS /api/calls/sip-config 200 0 - 0.060 ms","timestamp":"2026-06-03 12:15:18"}
{"level":"info","message":"OPTIONS /api/messages/unread-count 200 0 - 0.051 ms","timestamp":"2026-06-03 12:15:18"}
{"level":"info","message":"OPTIONS /api/calls/sip-config 200 0 - 0.060 ms","timestamp":"2026-06-03 12:15:18"}
{"level":"info","message":"OPTIONS /api/messages/unread-count 200 0 - 0.050 ms","timestamp":"2026-06-03 12:15:18"}
{"level":"info","message":"GET /api/calls/sip-config 304 - - 27.618 ms","timestamp":"2026-06-03 12:15:18"}
{"level":"info","message":"GET /api/calls/sip-config 304 - - 27.533 ms","timestamp":"2026-06-03 12:15:18"}
{"level":"info","message":"GET /api/messages/unread-count 304 - - 60.376 ms","timestamp":"2026-06-03 12:15:19"}
{"level":"info","message":"GET /api/messages/unread-count 304 - - 51.443 ms","timestamp":"2026-06-03 12:15:19"}
{"level":"info","message":"OPTIONS /api/attendance/2026/6 200 0 - 0.132 ms","timestamp":"2026-06-03 12:15:19"}
{"level":"info","message":"OPTIONS /api/telecaller-reports 200 0 - 0.078 ms","timestamp":"2026-06-03 12:15:19"}
{"level":"info","message":"OPTIONS /api/telecaller-reports/marketing-summary?startDate=2026-05-04&endDate=2026-06-03 200 0 - 0.084 ms","timestamp":"2026-06-03 12:15:19"}
{"level":"info","message":"OPTIONS /api/attendance/2026/6 200 0 - 0.108 ms","timestamp":"2026-06-03 12:15:19"}
{"level":"info","message":"GET /api/telecaller-reports 200 - - 2.066 ms","timestamp":"2026-06-03 12:15:19"}
{"level":"info","message":"GET /api/telecaller-reports/marketing-summary?startDate=2026-05-04&endDate=2026-06-03 200 - - 1.716 ms","timestamp":"2026-06-03 12:15:19"}
{"level":"info","message":"GET /api/telecaller-reports 200 - - 2.011 ms","timestamp":"2026-06-03 12:15:19"}
{"level":"info","message":"GET /api/telecaller-reports/marketing-summary?startDate=2026-05-04&endDate=2026-06-03 200 - - 1.388 ms","timestamp":"2026-06-03 12:15:19"}
{"level":"info","message":"GET /api/attendance/2026/6 304 - - 83.478 ms","timestamp":"2026-06-03 12:15:19"}
{"level":"info","message":"GET /api/attendance/2026/6 304 - - 78.421 ms","timestamp":"2026-06-03 12:15:19"}
{"level":"info","message":"GET /api/calls/sip-config 304 - - 26.333 ms","timestamp":"2026-06-03 12:15:23"}
{"level":"info","message":"GET /api/messages/unread-count 304 - - 55.030 ms","timestamp":"2026-06-03 12:15:23"}
{"level":"info","message":"GET /api/calls/sip-config 304 - - 27.338 ms","timestamp":"2026-06-03 12:15:23"}
{"level":"info","message":"GET /api/messages/unread-count 304 - - 54.306 ms","timestamp":"2026-06-03 12:15:23"}
{"level":"info","message":"OPTIONS /api/appointments/revenue/reports 200 0 - 0.052 ms","timestamp":"2026-06-03 12:15:24"}
{"level":"info","message":"OPTIONS /api/appointments/all 200 0 - 0.105 ms","timestamp":"2026-06-03 12:15:24"}
{"level":"info","message":"OPTIONS /api/tasks 200 0 - 0.041 ms","timestamp":"2026-06-03 12:15:24"}
{"level":"info","message":"OPTIONS /api/users/all 200 0 - 0.035 ms","timestamp":"2026-06-03 12:15:24"}
{"level":"info","message":"OPTIONS /api/attendance/range?start=2026-05-31T18:30:00.000Z&end=2026-06-30T18:29:59.999Z 200 0 - 0.065 ms","timestamp":"2026-06-03 12:15:24"}
{"level":"info","message":"OPTIONS /api/admin-status 200 0 - 0.049 ms","timestamp":"2026-06-03 12:15:24"}
{"level":"info","message":"OPTIONS /api/appointments/stats?month=6&year=2026 200 0 - 0.056 ms","timestamp":"2026-06-03 12:15:24"}
{"level":"info","message":"OPTIONS /api/appointments/stats?month=5&year=2026 200 0 - 0.065 ms","timestamp":"2026-06-03 12:15:24"}
{"level":"info","message":"OPTIONS /api/appointments/revenue 200 0 - 0.062 ms","timestamp":"2026-06-03 12:15:24"}
{"level":"info","message":"OPTIONS /api/users 200 0 - 0.060 ms","timestamp":"2026-06-03 12:15:24"}
{"level":"info","message":"GET /api/appointments/revenue/reports 304 - - 52.403 ms","timestamp":"2026-06-03 12:15:24"}
{"level":"info","message":"GET /api/attendance/2026/6 304 - - 85.136 ms","timestamp":"2026-06-03 12:15:24"}
{"level":"info","message":"GET /api/tasks 304 - - 95.249 ms","timestamp":"2026-06-03 12:15:24"}
{"level":"info","message":"GET /api/admin-status 200 48 - 54.576 ms","timestamp":"2026-06-03 12:15:24"}
{"level":"info","message":"GET /api/attendance/range?start=2026-05-31T18:30:00.000Z&end=2026-06-30T18:29:59.999Z 304 - - 122.889 ms","timestamp":"2026-06-03 12:15:24"}
{"level":"info","message":"GET /api/appointments/stats?month=6&year=2026 304 - - 63.074 ms","timestamp":"2026-06-03 12:15:24"}
{"level":"info","message":"GET /api/users/all 200 - - 135.825 ms","timestamp":"2026-06-03 12:15:24"}
{"level":"info","message":"GET /api/appointments/stats?month=5&year=2026 304 - - 65.405 ms","timestamp":"2026-06-03 12:15:24"}
{"level":"info","message":"GET /api/appointments/all 304 - - 174.195 ms","timestamp":"2026-06-03 12:15:24"}
{"level":"info","message":"GET /api/appointments/revenue/reports 304 - - 63.279 ms","timestamp":"2026-06-03 12:15:24"}
{"level":"info","message":"GET /api/appointments/revenue 304 - - 114.211 ms","timestamp":"2026-06-03 12:15:24"}
{"level":"info","message":"GET /api/admin-status 304 - - 63.429 ms","timestamp":"2026-06-03 12:15:24"}
{"level":"info","message":"GET /api/attendance/2026/6 304 - - 93.618 ms","timestamp":"2026-06-03 12:15:24"}
{"level":"info","message":"GET /api/users 200 - - 113.445 ms","timestamp":"2026-06-03 12:15:24"}
{"level":"info","message":"GET /api/tasks 304 - - 92.043 ms","timestamp":"2026-06-03 12:15:24"}
{"level":"info","message":"GET /api/appointments/stats?month=6&year=2026 304 - - 56.250 ms","timestamp":"2026-06-03 12:15:24"}
{"level":"info","message":"GET /api/attendance/range?start=2026-05-31T18:30:00.000Z&end=2026-06-30T18:29:59.999Z 304 - - 79.998 ms","timestamp":"2026-06-03 12:15:24"}
{"level":"info","message":"GET /api/appointments/stats?month=5&year=2026 304 - - 50.687 ms","timestamp":"2026-06-03 12:15:24"}
{"level":"info","message":"GET /api/users/all 304 - - 126.517 ms","timestamp":"2026-06-03 12:15:24"}
{"level":"info","message":"GET /api/appointments/revenue 304 - - 108.783 ms","timestamp":"2026-06-03 12:15:24"}
{"level":"info","message":"GET /api/appointments/all 304 - - 149.538 ms","timestamp":"2026-06-03 12:15:24"}
{"level":"info","message":"GET /api/tasks 304 - - 123.674 ms","timestamp":"2026-06-03 12:15:24"}
{"level":"info","message":"GET /api/users 304 - - 141.918 ms","timestamp":"2026-06-03 12:15:24"}
{"level":"info","message":"GET /api/tasks 304 - - 82.251 ms","timestamp":"2026-06-03 12:15:24"}
{"level":"info","message":"GET /api/appointments/revenue/reports 304 - - 52.299 ms","timestamp":"2026-06-03 12:15:27"}
{"level":"info","message":"OPTIONS /api/auth/logout 200 0 - 0.058 ms","timestamp":"2026-06-03 12:15:29"}
{"level":"info","message":"POST /api/auth/logout 200 31 - 1.140 ms","timestamp":"2026-06-03 12:15:29"}
{"level":"info","message":"OPTIONS /api/users/logout 200 0 - 0.077 ms","timestamp":"2026-06-03 12:15:29"}
{"level":"info","message":"POST /api/users/logout 200 33 - 146.010 ms","timestamp":"2026-06-03 12:15:29"}
{"level":"info","message":"GET /api/calls/sip-config 401 44 - 0.756 ms","timestamp":"2026-06-03 12:15:29"}
{"level":"info","message":"OPTIONS /api/auth/login 200 0 - 0.072 ms","timestamp":"2026-06-03 12:15:44"}
{"level":"info","message":"POST /api/auth/login 200 764 - 224.878 ms","timestamp":"2026-06-03 12:15:44"}
{"level":"info","message":"OPTIONS /api/calls/sip-config 200 0 - 0.076 ms","timestamp":"2026-06-03 12:15:44"}
{"level":"info","message":"OPTIONS /api/messages/unread-count 200 0 - 0.096 ms","timestamp":"2026-06-03 12:15:44"}
{"level":"info","message":"GET /api/calls/sip-config 304 - - 29.702 ms","timestamp":"2026-06-03 12:15:44"}
{"level":"info","message":"GET /api/messages/unread-count 200 17 - 63.665 ms","timestamp":"2026-06-03 12:15:44"}
{"level":"info","message":"OPTIONS /api/attendance/2026/6 200 0 - 0.058 ms","timestamp":"2026-06-03 12:15:45"}
{"level":"info","message":"OPTIONS /api/users 200 0 - 0.058 ms","timestamp":"2026-06-03 12:15:45"}
{"level":"info","message":"OPTIONS /api/tasks 200 0 - 0.033 ms","timestamp":"2026-06-03 12:15:45"}
{"level":"info","message":"OPTIONS /api/users 200 0 - 0.100 ms","timestamp":"2026-06-03 12:15:45"}
{"level":"info","message":"GET /api/tasks 200 2 - 53.806 ms","timestamp":"2026-06-03 12:15:45"}
{"level":"info","message":"GET /api/attendance/2026/6 200 - - 79.558 ms","timestamp":"2026-06-03 12:15:45"}
{"level":"info","message":"GET /api/tasks 304 - - 51.470 ms","timestamp":"2026-06-03 12:15:45"}
{"level":"info","message":"GET /api/users 200 - - 136.318 ms","timestamp":"2026-06-03 12:15:45"}
{"level":"info","message":"GET /api/attendance/2026/6 304 - - 83.166 ms","timestamp":"2026-06-03 12:15:45"}
{"level":"info","message":"GET /api/users 304 - - 94.431 ms","timestamp":"2026-06-03 12:15:45"}
{"level":"info","message":"OPTIONS /api/users/me 200 0 - 0.061 ms","timestamp":"2026-06-03 12:15:47"}
{"level":"info","message":"GET /api/tasks 304 - - 50.864 ms","timestamp":"2026-06-03 12:15:47"}
{"level":"info","message":"GET /api/users/me 200 - - 53.674 ms","timestamp":"2026-06-03 12:15:47"}
{"level":"info","message":"GET /api/tasks 304 - - 54.419 ms","timestamp":"2026-06-03 12:15:47"}
{"level":"info","message":"GET /api/users/me 304 - - 53.173 ms","timestamp":"2026-06-03 12:15:47"}
{"level":"info","message":"GET /api/users 304 - - 135.537 ms","timestamp":"2026-06-03 12:15:47"}
{"level":"info","message":"OPTIONS /api/telecaller-reports 200 0 - 0.051 ms","timestamp":"2026-06-03 12:15:47"}
{"level":"info","message":"GET /api/telecaller-reports 200 - - 1.958 ms","timestamp":"2026-06-03 12:15:47"}
{"level":"info","message":"GET /api/users 304 - - 270.315 ms","timestamp":"2026-06-03 12:15:47"}
{"level":"info","message":"GET /api/telecaller-reports 200 - - 1.188 ms","timestamp":"2026-06-03 12:15:47"}
{"level":"info","message":"GET /api/attendance/2026/6 304 - - 91.578 ms","timestamp":"2026-06-03 12:15:49"}
{"level":"info","message":"OPTIONS /api/attendance/2026/6 200 0 - 0.176 ms","timestamp":"2026-06-03 12:16:15"}
{"level":"info","message":"GET /api/attendance/2026/6 304 - - 90.647 ms","timestamp":"2026-06-03 12:16:15"}
{"level":"info","message":"GET /api/attendance/2026/6 304 - - 94.268 ms","timestamp":"2026-06-03 12:16:19"}
{"level":"info","message":"OPTIONS /api/telecaller-reports 200 0 - 0.064 ms","timestamp":"2026-06-03 12:16:25"}
{"level":"info","message":"POST /api/telecaller-reports 404 162 - 1.139 ms","timestamp":"2026-06-03 12:16:25"}
{"level":"info","message":"OPTIONS /api/attendance/2026/6 200 0 - 0.063 ms","timestamp":"2026-06-03 12:16:45"}
{"level":"info","message":"GET /api/attendance/2026/6 200 - - 78.057 ms","timestamp":"2026-06-03 12:16:45"}
{"level":"info","message":"GET /api/attendance/2026/6 304 - - 90.783 ms","timestamp":"2026-06-03 12:16:49"}
{"level":"info","message":"OPTIONS /api/attendance/2026/6 200 0 - 0.057 ms","timestamp":"2026-06-03 12:17:15"}
{"level":"info","message":"GET /api/attendance/2026/6 200 - - 78.768 ms","timestamp":"2026-06-03 12:17:15"}
{"level":"info","message":"GET /api/attendance/2026/6 304 - - 90.510 ms","timestamp":"2026-06-03 12:17:19"}
{"level":"info","message":"OPTIONS /api/attendance/2026/6 200 0 - 0.152 ms","timestamp":"2026-06-03 12:17:45"}
{"level":"info","message":"GET /api/attendance/2026/6 200 - - 85.985 ms","timestamp":"2026-06-03 12:17:45"}
{"level":"info","message":"GET /api/attendance/2026/6 304 - - 89.127 ms","timestamp":"2026-06-03 12:17:49"}
{"level":"info","message":"OPTIONS /api/attendance/2026/6 200 0 - 0.149 ms","timestamp":"2026-06-03 12:18:15"}
{"level":"info","message":"GET /api/attendance/2026/6 200 - - 82.230 ms","timestamp":"2026-06-03 12:18:15"}
{"level":"info","message":"GET /api/attendance/2026/6 304 - - 81.518 ms","timestamp":"2026-06-03 12:18:19"}
{"level":"info","message":"OPTIONS /api/appointments/revenue/report 200 0 - 0.053 ms","timestamp":"2026-06-03 12:18:38"}
{"level":"info","message":"OPTIONS /api/appointments/all 200 0 - 0.049 ms","timestamp":"2026-06-03 12:18:38"}
{"level":"info","message":"OPTIONS /api/users 200 0 - 0.033 ms","timestamp":"2026-06-03 12:18:38"}
{"level":"info","message":"OPTIONS /api/appointments/revenue/report 200 0 - 0.034 ms","timestamp":"2026-06-03 12:18:38"}
{"level":"info","message":"OPTIONS /api/appointments/all 200 0 - 0.042 ms","timestamp":"2026-06-03 12:18:38"}
{"level":"info","message":"POST /api/appointments/revenue/report 200 308 - 123.554 ms","timestamp":"2026-06-03 12:18:38"}
{"level":"info","message":"POST /api/appointments/revenue/report 200 308 - 147.182 ms","timestamp":"2026-06-03 12:18:38"}
{"level":"info","message":"GET /api/users 200 - - 159.857 ms","timestamp":"2026-06-03 12:18:38"}
{"level":"info","message":"GET /api/appointments/all 304 - - 191.401 ms","timestamp":"2026-06-03 12:18:39"}
{"level":"info","message":"GET /api/users 304 - - 111.599 ms","timestamp":"2026-06-03 12:18:39"}
{"level":"info","message":"GET /api/appointments/all 304 - - 178.547 ms","timestamp":"2026-06-03 12:18:39"}
{"level":"info","message":"OPTIONS /api/attendance/2026/6 200 0 - 0.169 ms","timestamp":"2026-06-03 12:18:45"}
{"level":"info","message":"GET /api/attendance/2026/6 200 - - 92.778 ms","timestamp":"2026-06-03 12:18:45"}
{"level":"info","message":"GET /api/attendance/2026/6 304 - - 99.612 ms","timestamp":"2026-06-03 12:18:49"}
{"level":"info","message":"OPTIONS /api/appointments/6a1fc4660cdce9e43c27a393/hard 200 0 - 0.064 ms","timestamp":"2026-06-03 12:18:49"}
{"level":"info","message":"DELETE /api/appointments/6a1fc4660cdce9e43c27a393/hard 403 64 - 27.912 ms","timestamp":"2026-06-03 12:18:49"}
{"level":"info","message":"OPTIONS /api/appointments/all 200 0 - 0.072 ms","timestamp":"2026-06-03 12:18:49"}
{"level":"info","message":"GET /api/appointments/all 304 - - 184.570 ms","timestamp":"2026-06-03 12:18:49"}
{"level":"info","message":"OPTIONS /api/calls/sip-config 200 0 - 0.103 ms","timestamp":"2026-06-03 12:18:54"}
{"level":"info","message":"OPTIONS /api/messages/unread-count 200 0 - 0.081 ms","timestamp":"2026-06-03 12:18:54"}
{"level":"info","message":"OPTIONS /api/messages/unread-count 200 0 - 0.069 ms","timestamp":"2026-06-03 12:18:54"}
{"level":"info","message":"GET /api/calls/sip-config 304 - - 28.979 ms","timestamp":"2026-06-03 12:18:54"}
{"level":"info","message":"GET /api/messages/unread-count 304 - - 55.922 ms","timestamp":"2026-06-03 12:18:54"}
{"level":"info","message":"GET /api/calls/sip-config 304 - - 28.974 ms","timestamp":"2026-06-03 12:18:54"}
{"level":"info","message":"GET /api/messages/unread-count 304 - - 63.260 ms","timestamp":"2026-06-03 12:18:55"}
{"level":"info","message":"OPTIONS /api/attendance/2026/6 200 0 - 0.091 ms","timestamp":"2026-06-03 12:18:55"}
{"level":"info","message":"OPTIONS /api/users 200 0 - 0.073 ms","timestamp":"2026-06-03 12:18:55"}
{"level":"info","message":"OPTIONS /api/tasks 200 0 - 0.074 ms","timestamp":"2026-06-03 12:18:55"}
{"level":"info","message":"OPTIONS /api/attendance/2026/6 200 0 - 0.069 ms","timestamp":"2026-06-03 12:18:55"}
{"level":"info","message":"GET /api/tasks 304 - - 62.909 ms","timestamp":"2026-06-03 12:18:55"}
{"level":"info","message":"GET /api/attendance/2026/6 304 - - 79.582 ms","timestamp":"2026-06-03 12:18:55"}
{"level":"info","message":"GET /api/tasks 304 - - 54.243 ms","timestamp":"2026-06-03 12:18:55"}
{"level":"info","message":"GET /api/users 200 - - 148.685 ms","timestamp":"2026-06-03 12:18:55"}
{"level":"info","message":"GET /api/attendance/2026/6 304 - - 89.969 ms","timestamp":"2026-06-03 12:18:55"}
{"level":"info","message":"GET /api/users 304 - - 93.424 ms","timestamp":"2026-06-03 12:18:55"}
{"level":"info","message":"OPTIONS /api/auth/logout 200 0 - 0.066 ms","timestamp":"2026-06-03 12:18:58"}
{"level":"info","message":"POST /api/auth/logout 200 31 - 0.723 ms","timestamp":"2026-06-03 12:18:58"}
{"level":"info","message":"OPTIONS /api/users/logout 200 0 - 0.073 ms","timestamp":"2026-06-03 12:18:58"}
{"level":"info","message":"POST /api/users/logout 200 33 - 136.157 ms","timestamp":"2026-06-03 12:18:58"}
{"level":"info","message":"GET /api/calls/sip-config 401 44 - 0.616 ms","timestamp":"2026-06-03 12:18:58"}
{"level":"info","message":"GET /api/calls/sip-config 401 44 - 0.707 ms","timestamp":"2026-06-03 12:19:01"}
{"level":"info","message":"GET /api/calls/sip-config 401 44 - 0.573 ms","timestamp":"2026-06-03 12:19:01"}
{"level":"info","message":"OPTIONS /api/auth/login 200 0 - 0.053 ms","timestamp":"2026-06-03 12:20:26"}
{"level":"info","message":"POST /api/auth/login 200 764 - 224.383 ms","timestamp":"2026-06-03 12:20:26"}
{"level":"info","message":"OPTIONS /api/calls/sip-config 200 0 - 0.216 ms","timestamp":"2026-06-03 12:20:26"}
{"level":"info","message":"OPTIONS /api/messages/unread-count 200 0 - 0.117 ms","timestamp":"2026-06-03 12:20:26"}
{"level":"info","message":"GET /api/calls/sip-config 200 197 - 28.866 ms","timestamp":"2026-06-03 12:20:26"}
{"level":"info","message":"GET /api/messages/unread-count 304 - - 70.187 ms","timestamp":"2026-06-03 12:20:26"}
{"level":"info","message":"OPTIONS /api/attendance/2026/6 200 0 - 0.121 ms","timestamp":"2026-06-03 12:20:26"}
{"level":"info","message":"OPTIONS /api/users 200 0 - 0.113 ms","timestamp":"2026-06-03 12:20:26"}
{"level":"info","message":"OPTIONS /api/tasks 200 0 - 0.072 ms","timestamp":"2026-06-03 12:20:26"}
{"level":"info","message":"OPTIONS /api/attendance/2026/6 200 0 - 0.057 ms","timestamp":"2026-06-03 12:20:26"}
{"level":"info","message":"GET /api/tasks 304 - - 58.541 ms","timestamp":"2026-06-03 12:20:27"}
{"level":"info","message":"GET /api/attendance/2026/6 304 - - 83.227 ms","timestamp":"2026-06-03 12:20:27"}
{"level":"info","message":"GET /api/tasks 304 - - 52.309 ms","timestamp":"2026-06-03 12:20:27"}
{"level":"info","message":"GET /api/users 200 - - 142.348 ms","timestamp":"2026-06-03 12:20:27"}
{"level":"info","message":"GET /api/attendance/2026/6 304 - - 87.543 ms","timestamp":"2026-06-03 12:20:27"}
{"level":"info","message":"GET /api/users 304 - - 165.739 ms","timestamp":"2026-06-03 12:20:27"}
{"level":"info","message":"OPTIONS /api/users/me 200 0 - 0.060 ms","timestamp":"2026-06-03 12:20:28"}
{"level":"info","message":"GET /api/tasks 304 - - 50.998 ms","timestamp":"2026-06-03 12:20:29"}
{"level":"info","message":"GET /api/users/me 200 - - 54.938 ms","timestamp":"2026-06-03 12:20:29"}
{"level":"info","message":"GET /api/tasks 304 - - 54.351 ms","timestamp":"2026-06-03 12:20:29"}
{"level":"info","message":"GET /api/users/me 304 - - 53.640 ms","timestamp":"2026-06-03 12:20:29"}
{"level":"info","message":"GET /api/users 200 - - 135.211 ms","timestamp":"2026-06-03 12:20:29"}
{"level":"info","message":"OPTIONS /api/telecaller-reports 200 0 - 0.048 ms","timestamp":"2026-06-03 12:20:29"}
{"level":"info","message":"GET /api/telecaller-reports 200 - - 1.891 ms","timestamp":"2026-06-03 12:20:29"}
{"level":"info","message":"GET /api/users 304 - - 110.997 ms","timestamp":"2026-06-03 12:20:29"}
{"level":"info","message":"GET /api/telecaller-reports 200 - - 1.240 ms","timestamp":"2026-06-03 12:20:29"}
{"level":"info","message":"OPTIONS /api/attendance/2026/6 200 0 - 0.270 ms","timestamp":"2026-06-03 12:20:56"}
{"level":"info","message":"GET /api/attendance/2026/6 304 - - 88.041 ms","timestamp":"2026-06-03 12:20:57"}
{"level":"info","message":"OPTIONS /api/telecaller-reports 200 0 - 0.060 ms","timestamp":"2026-06-03 12:21:03"}
{"level":"info","message":"POST /api/telecaller-reports 404 162 - 0.853 ms","timestamp":"2026-06-03 12:21:03"}
{"level":"info","message":"OPTIONS /api/attendance/2026/6 200 0 - 0.154 ms","timestamp":"2026-06-03 12:21:27"}
{"level":"info","message":"GET /api/attendance/2026/6 304 - - 88.606 ms","timestamp":"2026-06-03 12:21:27"}
{"level":"info","message":"OPTIONS /api/attendance/2026/6 200 0 - 0.166 ms","timestamp":"2026-06-03 12:21:57"}
{"level":"info","message":"GET /api/attendance/2026/6 200 - - 89.212 ms","timestamp":"2026-06-03 12:21:57"}
{"level":"info","message":"✅ Redis Clients (Pub/Sub) Connected and Ready","timestamp":"2026-06-03 12:22:28"}
{"level":"info","message":"🚀 Server running on http://localhost:5000","timestamp":"2026-06-03 12:22:28"}
{"level":"info","message":"📡 Socket.IO server ready for connections","timestamp":"2026-06-03 12:22:28"}
{"level":"info","message":"OPTIONS /api/attendance/2026/6 200 0 - 1.167 ms","timestamp":"2026-06-03 12:22:28"}
{"level":"info","message":"GET /api/attendance/2026/6 200 - - 358.214 ms","timestamp":"2026-06-03 12:22:28"}
{"level":"info","message":"OPTIONS /api/attendance/2026/6 200 0 - 0.235 ms","timestamp":"2026-06-03 12:22:57"}
{"level":"info","message":"GET /api/attendance/2026/6 200 - - 112.895 ms","timestamp":"2026-06-03 12:22:57"}
{"level":"info","message":"OPTIONS /api/attendance/2026/6 200 0 - 0.172 ms","timestamp":"2026-06-03 12:23:27"}
{"level":"info","message":"GET /api/attendance/2026/6 200 - - 84.529 ms","timestamp":"2026-06-03 12:23:27"}
{"level":"info","message":"OPTIONS /api/attendance/2026/6 200 0 - 0.127 ms","timestamp":"2026-06-03 12:24:39"}
{"level":"info","message":"GET /api/attendance/2026/6 200 - - 96.536 ms","timestamp":"2026-06-03 12:24:39"}
{"level":"info","message":"OPTIONS /api/attendance/2026/6 200 0 - 0.193 ms","timestamp":"2026-06-03 12:25:39"}
{"level":"info","message":"GET /api/attendance/2026/6 200 - - 87.137 ms","timestamp":"2026-06-03 12:25:39"}
{"level":"info","message":"OPTIONS /api/calls/sip-config 200 0 - 0.141 ms","timestamp":"2026-06-03 12:25:44"}
{"level":"info","message":"OPTIONS /api/messages/unread-count 200 0 - 0.316 ms","timestamp":"2026-06-03 12:25:44"}
{"level":"info","message":"OPTIONS /api/calls/sip-config 200 0 - 0.139 ms","timestamp":"2026-06-03 12:25:44"}
{"level":"info","message":"OPTIONS /api/messages/unread-count 200 0 - 0.096 ms","timestamp":"2026-06-03 12:25:44"}
{"level":"info","message":"GET /api/calls/sip-config 200 197 - 28.893 ms","timestamp":"2026-06-03 12:25:44"}
{"level":"info","message":"GET /api/calls/sip-config 200 197 - 31.686 ms","timestamp":"2026-06-03 12:25:44"}
{"level":"info","message":"GET /api/messages/unread-count 200 17 - 57.034 ms","timestamp":"2026-06-03 12:25:44"}
{"level":"info","message":"GET /api/messages/unread-count 200 17 - 59.081 ms","timestamp":"2026-06-03 12:25:44"}
{"level":"info","message":"OPTIONS /api/attendance/2026/6 200 0 - 0.134 ms","timestamp":"2026-06-03 12:25:45"}
{"level":"info","message":"OPTIONS /api/users/me 200 0 - 0.301 ms","timestamp":"2026-06-03 12:25:45"}
{"level":"info","message":"OPTIONS /api/users 200 0 - 0.093 ms","timestamp":"2026-06-03 12:25:45"}
{"level":"info","message":"OPTIONS /api/tasks 200 0 - 0.084 ms","timestamp":"2026-06-03 12:25:45"}
{"level":"info","message":"OPTIONS /api/attendance/2026/6 200 0 - 0.093 ms","timestamp":"2026-06-03 12:25:45"}
{"level":"info","message":"OPTIONS /api/users/me 200 0 - 0.084 ms","timestamp":"2026-06-03 12:25:45"}
{"level":"info","message":"OPTIONS /api/users 200 0 - 0.092 ms","timestamp":"2026-06-03 12:25:45"}
{"level":"info","message":"OPTIONS /api/tasks 200 0 - 0.074 ms","timestamp":"2026-06-03 12:25:45"}
{"level":"info","message":"GET /api/users/me 200 - - 62.832 ms","timestamp":"2026-06-03 12:25:45"}
{"level":"info","message":"GET /api/tasks 200 2 - 58.115 ms","timestamp":"2026-06-03 12:25:45"}
{"level":"info","message":"GET /api/users/me 200 - - 62.145 ms","timestamp":"2026-06-03 12:25:45"}
{"level":"info","message":"GET /api/attendance/2026/6 200 - - 85.414 ms","timestamp":"2026-06-03 12:25:45"}
{"level":"info","message":"GET /api/attendance/2026/6 200 - - 84.259 ms","timestamp":"2026-06-03 12:25:45"}
{"level":"info","message":"GET /api/tasks 200 2 - 68.163 ms","timestamp":"2026-06-03 12:25:45"}
{"level":"info","message":"GET /api/users 200 - - 147.282 ms","timestamp":"2026-06-03 12:25:45"}
{"level":"info","message":"GET /api/users 200 - - 154.529 ms","timestamp":"2026-06-03 12:25:45"}
{"level":"info","message":"OPTIONS /api/telecaller-reports 200 0 - 0.179 ms","timestamp":"2026-06-03 12:25:45"}
{"level":"info","message":"OPTIONS /api/telecaller-reports 200 0 - 0.158 ms","timestamp":"2026-06-03 12:25:45"}
{"level":"info","message":"GET /api/telecaller-reports 200 2 - 52.513 ms","timestamp":"2026-06-03 12:25:45"}
{"level":"info","message":"GET /api/telecaller-reports 200 2 - 53.619 ms","timestamp":"2026-06-03 12:25:45"}
{"level":"info","message":"OPTIONS /api/attendance/2026/6 200 0 - 0.084 ms","timestamp":"2026-06-03 12:26:15"}
{"level":"info","message":"GET /api/attendance/2026/6 200 - - 82.789 ms","timestamp":"2026-06-03 12:26:15"}
{"level":"info","message":"OPTIONS /api/telecaller-reports 200 0 - 0.082 ms","timestamp":"2026-06-03 12:26:26"}
{"level":"info","message":"POST /api/telecaller-reports 201 600 - 134.990 ms","timestamp":"2026-06-03 12:26:26"}
{"level":"info","message":"OPTIONS /api/attendance/2026/6 200 0 - 0.211 ms","timestamp":"2026-06-03 12:26:45"}
{"level":"info","message":"GET /api/attendance/2026/6 200 - - 95.307 ms","timestamp":"2026-06-03 12:26:45"}
{"level":"info","message":"OPTIONS /api/auth/logout 200 0 - 0.141 ms","timestamp":"2026-06-03 12:27:05"}
{"level":"info","message":"POST /api/auth/logout 200 31 - 1.217 ms","timestamp":"2026-06-03 12:27:05"}
{"level":"info","message":"OPTIONS /api/users/logout 200 0 - 0.136 ms","timestamp":"2026-06-03 12:27:05"}
{"level":"info","message":"POST /api/users/logout 200 33 - 147.595 ms","timestamp":"2026-06-03 12:27:05"}
{"level":"info","message":"GET /api/calls/sip-config 401 44 - 0.903 ms","timestamp":"2026-06-03 12:27:05"}
{"level":"info","message":"OPTIONS /api/auth/login 200 0 - 0.069 ms","timestamp":"2026-06-03 12:27:12"}
{"level":"info","message":"POST /api/auth/login 200 750 - 234.029 ms","timestamp":"2026-06-03 12:27:12"}
{"level":"info","message":"OPTIONS /api/calls/sip-config 200 0 - 0.116 ms","timestamp":"2026-06-03 12:27:12"}
{"level":"info","message":"OPTIONS /api/messages/unread-count 200 0 - 0.092 ms","timestamp":"2026-06-03 12:27:12"}
{"level":"info","message":"GET /api/calls/sip-config 200 197 - 29.421 ms","timestamp":"2026-06-03 12:27:12"}
{"level":"info","message":"GET /api/messages/unread-count 200 17 - 58.053 ms","timestamp":"2026-06-03 12:27:12"}
{"level":"info","message":"OPTIONS /api/attendance/2026/6 200 0 - 0.075 ms","timestamp":"2026-06-03 12:27:13"}
{"level":"info","message":"OPTIONS /api/appointments/revenue/reports 200 0 - 0.124 ms","timestamp":"2026-06-03 12:27:13"}
{"level":"info","message":"OPTIONS /api/appointments/all 200 0 - 0.063 ms","timestamp":"2026-06-03 12:27:13"}
{"level":"info","message":"OPTIONS /api/tasks 200 0 - 0.069 ms","timestamp":"2026-06-03 12:27:13"}
{"level":"info","message":"OPTIONS /api/users/all 200 0 - 0.056 ms","timestamp":"2026-06-03 12:27:13"}
{"level":"info","message":"OPTIONS /api/appointments/stats?month=6&year=2026 200 0 - 0.110 ms","timestamp":"2026-06-03 12:27:13"}
{"level":"info","message":"OPTIONS /api/appointments/stats?month=5&year=2026 200 0 - 0.083 ms","timestamp":"2026-06-03 12:27:13"}
{"level":"info","message":"OPTIONS /api/attendance/range?start=2026-05-31T18:30:00.000Z&end=2026-06-30T18:29:59.999Z 200 0 - 0.103 ms","timestamp":"2026-06-03 12:27:13"}
{"level":"info","message":"OPTIONS /api/users 200 0 - 0.046 ms","timestamp":"2026-06-03 12:27:13"}
{"level":"info","message":"OPTIONS /api/attendance/2026/6 200 0 - 0.056 ms","timestamp":"2026-06-03 12:27:13"}
{"level":"info","message":"OPTIONS /api/admin-status 200 0 - 0.055 ms","timestamp":"2026-06-03 12:27:13"}
{"level":"info","message":"OPTIONS /api/appointments/revenue/reports 200 0 - 0.054 ms","timestamp":"2026-06-03 12:27:13"}
{"level":"info","message":"OPTIONS /api/appointments/revenue 200 0 - 0.037 ms","timestamp":"2026-06-03 12:27:13"}
{"level":"info","message":"OPTIONS /api/appointments/all 200 0 - 0.068 ms","timestamp":"2026-06-03 12:27:13"}
{"level":"info","message":"OPTIONS /api/tasks 200 0 - 0.054 ms","timestamp":"2026-06-03 12:27:13"}
{"level":"info","message":"OPTIONS /api/tasks 200 0 - 0.070 ms","timestamp":"2026-06-03 12:27:13"}
{"level":"info","message":"OPTIONS /api/users/all 200 0 - 0.078 ms","timestamp":"2026-06-03 12:27:13"}
{"level":"info","message":"OPTIONS /api/attendance/range?start=2026-05-31T18:30:00.000Z&end=2026-06-30T18:29:59.999Z 200 0 - 0.082 ms","timestamp":"2026-06-03 12:27:13"}
{"level":"info","message":"OPTIONS /api/admin-status 200 0 - 0.070 ms","timestamp":"2026-06-03 12:27:13"}
{"level":"info","message":"OPTIONS /api/appointments/stats?month=6&year=2026 200 0 - 0.103 ms","timestamp":"2026-06-03 12:27:13"}
{"level":"info","message":"OPTIONS /api/appointments/stats?month=5&year=2026 200 0 - 0.097 ms","timestamp":"2026-06-03 12:27:13"}
{"level":"info","message":"OPTIONS /api/appointments/revenue 200 0 - 0.081 ms","timestamp":"2026-06-03 12:27:13"}
{"level":"info","message":"OPTIONS /api/tasks 200 0 - 0.132 ms","timestamp":"2026-06-03 12:27:13"}
{"level":"info","message":"OPTIONS /api/users 200 0 - 0.307 ms","timestamp":"2026-06-03 12:27:13"}
{"level":"info","message":"GET /api/appointments/revenue/reports 200 - - 89.932 ms","timestamp":"2026-06-03 12:27:13"}
{"level":"info","message":"GET /api/appointments/stats?month=6&year=2026 200 11 - 65.256 ms","timestamp":"2026-06-03 12:27:13"}
{"level":"info","message":"GET /api/attendance/2026/6 200 - - 105.428 ms","timestamp":"2026-06-03 12:27:13"}
{"level":"info","message":"GET /api/users/all 200 - - 130.790 ms","timestamp":"2026-06-03 12:27:13"}
{"level":"info","message":"GET /api/attendance/range?start=2026-05-31T18:30:00.000Z&end=2026-06-30T18:29:59.999Z 200 - - 126.335 ms","timestamp":"2026-06-03 12:27:13"}
{"level":"info","message":"GET /api/attendance/2026/6 200 - - 122.295 ms","timestamp":"2026-06-03 12:27:13"}
{"level":"info","message":"GET /api/appointments/all 200 - - 227.260 ms","timestamp":"2026-06-03 12:27:13"}
{"level":"info","message":"GET /api/admin-status 200 48 - 53.829 ms","timestamp":"2026-06-03 12:27:13"}
{"level":"info","message":"GET /api/appointments/revenue/reports 200 - - 54.313 ms","timestamp":"2026-06-03 12:27:13"}
{"level":"info","message":"GET /api/tasks 200 - - 312.317 ms","timestamp":"2026-06-03 12:27:13"}
{"level":"info","message":"GET /api/appointments/stats?month=5&year=2026 200 12 - 281.178 ms","timestamp":"2026-06-03 12:27:13"}
{"level":"info","message":"GET /api/appointments/revenue 200 45 - 120.062 ms","timestamp":"2026-06-03 12:27:13"}
{"level":"info","message":"GET /api/users 200 - - 170.698 ms","timestamp":"2026-06-03 12:27:13"}
{"level":"info","message":"GET /api/appointments/all 200 - - 166.917 ms","timestamp":"2026-06-03 12:27:13"}
{"level":"info","message":"GET /api/tasks 200 - - 129.086 ms","timestamp":"2026-06-03 12:27:13"}
{"level":"info","message":"GET /api/admin-status 200 48 - 67.217 ms","timestamp":"2026-06-03 12:27:13"}
{"level":"info","message":"GET /api/appointments/stats?month=5&year=2026 200 12 - 55.057 ms","timestamp":"2026-06-03 12:27:13"}
{"level":"info","message":"GET /api/appointments/stats?month=6&year=2026 200 11 - 59.292 ms","timestamp":"2026-06-03 12:27:13"}
{"level":"info","message":"GET /api/users/all 200 - - 158.296 ms","timestamp":"2026-06-03 12:27:13"}
{"level":"info","message":"GET /api/attendance/range?start=2026-05-31T18:30:00.000Z&end=2026-06-30T18:29:59.999Z 200 - - 97.997 ms","timestamp":"2026-06-03 12:27:13"}
{"level":"info","message":"GET /api/tasks 200 - - 93.001 ms","timestamp":"2026-06-03 12:27:13"}
{"level":"info","message":"GET /api/appointments/revenue 200 45 - 112.655 ms","timestamp":"2026-06-03 12:27:13"}
{"level":"info","message":"GET /api/users 200 - - 104.607 ms","timestamp":"2026-06-03 12:27:13"}
{"level":"info","message":"GET /api/tasks 200 - - 298.788 ms","timestamp":"2026-06-03 12:27:13"}
{"level":"info","message":"OPTIONS /api/calls/daily-stats 200 0 - 0.096 ms","timestamp":"2026-06-03 12:27:18"}
{"level":"info","message":"OPTIONS /api/telecaller-reports 200 0 - 0.099 ms","timestamp":"2026-06-03 12:27:18"}
{"level":"info","message":"OPTIONS /api/calls/daily-stats 200 0 - 0.047 ms","timestamp":"2026-06-03 12:27:18"}
{"level":"info","message":"OPTIONS /api/telecaller-reports 200 0 - 0.041 ms","timestamp":"2026-06-03 12:27:18"}
{"level":"info","message":"GET /api/calls/daily-stats 304 - - 55.404 ms","timestamp":"2026-06-03 12:27:18"}
{"level":"info","message":"GET /api/telecaller-reports 200 - - 56.467 ms","timestamp":"2026-06-03 12:27:18"}
{"level":"info","message":"GET /api/telecaller-reports 304 - - 55.678 ms","timestamp":"2026-06-03 12:27:18"}
{"level":"info","message":"GET /api/calls/daily-stats 304 - - 70.273 ms","timestamp":"2026-06-03 12:27:18"}
{"level":"info","message":"OPTIONS /api/telecaller-reports/marketing-summary?startDate=2026-05-04&endDate=2026-06-03 200 0 - 0.053 ms","timestamp":"2026-06-03 12:27:19"}
{"level":"info","message":"OPTIONS /api/telecaller-reports/marketing-summary?startDate=2026-05-04&endDate=2026-06-03 200 0 - 0.051 ms","timestamp":"2026-06-03 12:27:19"}
{"level":"info","message":"GET /api/telecaller-reports 304 - - 52.425 ms","timestamp":"2026-06-03 12:27:19"}
{"level":"info","message":"GET /api/telecaller-reports/marketing-summary?startDate=2026-05-04&endDate=2026-06-03 200 437 - 54.251 ms","timestamp":"2026-06-03 12:27:19"}
{"level":"info","message":"GET /api/telecaller-reports 304 - - 52.372 ms","timestamp":"2026-06-03 12:27:19"}
{"level":"info","message":"GET /api/telecaller-reports/marketing-summary?startDate=2026-05-04&endDate=2026-06-03 304 - - 52.812 ms","timestamp":"2026-06-03 12:27:19"}
{"level":"info","message":"OPTIONS /api/attendance/2026/6 200 0 - 0.092 ms","timestamp":"2026-06-03 12:27:42"}
{"level":"info","message":"GET /api/attendance/2026/6 304 - - 80.453 ms","timestamp":"2026-06-03 12:27:43"}
{"level":"info","message":"OPTIONS /api/attendance/2026/6 200 0 - 0.246 ms","timestamp":"2026-06-03 12:28:12"}
{"level":"info","message":"GET /api/attendance/2026/6 304 - - 95.215 ms","timestamp":"2026-06-03 12:28:13"}
{"level":"info","message":"OPTIONS /api/attendance/2026/6 200 0 - 0.081 ms","timestamp":"2026-06-03 12:28:43"}
{"level":"info","message":"GET /api/attendance/2026/6 304 - - 83.917 ms","timestamp":"2026-06-03 12:28:43"}
{"level":"info","message":"OPTIONS /api/attendance/2026/6 200 0 - 0.046 ms","timestamp":"2026-06-03 12:29:13"}
{"level":"info","message":"GET /api/attendance/2026/6 304 - - 80.237 ms","timestamp":"2026-06-03 12:29:13"}
{"level":"info","message":"OPTIONS /api/attendance/2026/6 200 0 - 0.171 ms","timestamp":"2026-06-03 12:29:43"}
{"level":"info","message":"GET /api/attendance/2026/6 304 - - 95.962 ms","timestamp":"2026-06-03 12:29:43"}
{"level":"info","message":"OPTIONS /api/calls/sip-config 200 0 - 0.081 ms","timestamp":"2026-06-03 12:29:59"}
{"level":"info","message":"OPTIONS /api/messages/unread-count 200 0 - 0.067 ms","timestamp":"2026-06-03 12:29:59"}
{"level":"info","message":"OPTIONS /api/calls/sip-config 200 0 - 0.034 ms","timestamp":"2026-06-03 12:29:59"}
{"level":"info","message":"OPTIONS /api/messages/unread-count 200 0 - 0.038 ms","timestamp":"2026-06-03 12:29:59"}
{"level":"info","message":"GET /api/calls/sip-config 304 - - 27.220 ms","timestamp":"2026-06-03 12:29:59"}
{"level":"info","message":"GET /api/calls/sip-config 304 - - 27.416 ms","timestamp":"2026-06-03 12:29:59"}
{"level":"info","message":"GET /api/messages/unread-count 304 - - 65.031 ms","timestamp":"2026-06-03 12:29:59"}
{"level":"info","message":"OPTIONS /api/attendance/2026/6 200 0 - 0.058 ms","timestamp":"2026-06-03 12:29:59"}
{"level":"info","message":"OPTIONS /api/telecaller-reports 200 0 - 0.060 ms","timestamp":"2026-06-03 12:29:59"}
{"level":"info","message":"OPTIONS /api/telecaller-reports/marketing-summary?startDate=2026-05-04&endDate=2026-06-03 200 0 - 0.063 ms","timestamp":"2026-06-03 12:29:59"}
{"level":"info","message":"GET /api/messages/unread-count 304 - - 60.683 ms","timestamp":"2026-06-03 12:29:59"}
{"level":"info","message":"GET /api/telecaller-reports 304 - - 53.305 ms","timestamp":"2026-06-03 12:29:59"}
{"level":"info","message":"GET /api/telecaller-reports/marketing-summary?startDate=2026-05-04&endDate=2026-06-03 304 - - 52.746 ms","timestamp":"2026-06-03 12:29:59"}
{"level":"info","message":"GET /api/attendance/2026/6 304 - - 78.653 ms","timestamp":"2026-06-03 12:29:59"}
{"level":"info","message":"GET /api/telecaller-reports 304 - - 53.739 ms","timestamp":"2026-06-03 12:29:59"}
{"level":"info","message":"GET /api/telecaller-reports/marketing-summary?startDate=2026-05-04&endDate=2026-06-03 304 - - 53.573 ms","timestamp":"2026-06-03 12:29:59"}
{"level":"info","message":"GET /api/attendance/2026/6 304 - - 79.438 ms","timestamp":"2026-06-03 12:29:59"}
{"level":"info","message":"GET /api/calls/sip-config 304 - - 28.779 ms","timestamp":"2026-06-03 12:30:03"}
{"level":"info","message":"GET /api/messages/unread-count 304 - - 56.482 ms","timestamp":"2026-06-03 12:30:03"}
{"level":"info","message":"GET /api/calls/sip-config 304 - - 27.374 ms","timestamp":"2026-06-03 12:30:03"}
{"level":"info","message":"GET /api/messages/unread-count 304 - - 54.395 ms","timestamp":"2026-06-03 12:30:03"}
{"level":"info","message":"GET /api/telecaller-reports 304 - - 55.275 ms","timestamp":"2026-06-03 12:30:03"}
{"level":"info","message":"GET /api/telecaller-reports/marketing-summary?startDate=2026-05-04&endDate=2026-06-03 304 - - 54.826 ms","timestamp":"2026-06-03 12:30:03"}
{"level":"info","message":"GET /api/attendance/2026/6 304 - - 81.994 ms","timestamp":"2026-06-03 12:30:03"}
{"level":"info","message":"GET /api/telecaller-reports/marketing-summary?startDate=2026-05-04&endDate=2026-06-03 304 - - 52.292 ms","timestamp":"2026-06-03 12:30:03"}
{"level":"info","message":"GET /api/telecaller-reports 304 - - 56.171 ms","timestamp":"2026-06-03 12:30:03"}
{"level":"info","message":"GET /api/attendance/2026/6 304 - - 82.989 ms","timestamp":"2026-06-03 12:30:03"}
{"level":"info","message":"GET /api/calls/sip-config 304 - - 28.722 ms","timestamp":"2026-06-03 12:30:04"}
{"level":"info","message":"GET /api/calls/sip-config 304 - - 28.393 ms","timestamp":"2026-06-03 12:30:04"}
{"level":"info","message":"GET /api/messages/unread-count 304 - - 65.710 ms","timestamp":"2026-06-03 12:30:04"}
{"level":"info","message":"GET /api/messages/unread-count 304 - - 53.163 ms","timestamp":"2026-06-03 12:30:04"}
{"level":"info","message":"OPTIONS /api/attendance/2026/6 200 0 - 0.085 ms","timestamp":"2026-06-03 12:30:04"}
{"level":"info","message":"OPTIONS /api/telecaller-reports 200 0 - 0.053 ms","timestamp":"2026-06-03 12:30:04"}
{"level":"info","message":"OPTIONS /api/telecaller-reports/marketing-summary?startDate=2026-05-04&endDate=2026-06-03 200 0 - 0.045 ms","timestamp":"2026-06-03 12:30:04"}
{"level":"info","message":"OPTIONS /api/attendance/2026/6 200 0 - 0.104 ms","timestamp":"2026-06-03 12:30:04"}
{"level":"info","message":"GET /api/telecaller-reports 304 - - 52.507 ms","timestamp":"2026-06-03 12:30:04"}
{"level":"info","message":"GET /api/telecaller-reports/marketing-summary?startDate=2026-05-04&endDate=2026-06-03 304 - - 54.146 ms","timestamp":"2026-06-03 12:30:04"}
{"level":"info","message":"GET /api/attendance/2026/6 304 - - 83.871 ms","timestamp":"2026-06-03 12:30:04"}
{"level":"info","message":"GET /api/telecaller-reports 304 - - 55.028 ms","timestamp":"2026-06-03 12:30:04"}
{"level":"info","message":"GET /api/telecaller-reports/marketing-summary?startDate=2026-05-04&endDate=2026-06-03 304 - - 54.996 ms","timestamp":"2026-06-03 12:30:04"}
{"level":"info","message":"GET /api/attendance/2026/6 304 - - 82.227 ms","timestamp":"2026-06-03 12:30:04"}
{"level":"info","message":"OPTIONS /api/calls/sip-config 200 0 - 0.147 ms","timestamp":"2026-06-03 12:30:07"}
{"level":"info","message":"OPTIONS /api/messages/unread-count 200 0 - 0.095 ms","timestamp":"2026-06-03 12:30:07"}
{"level":"info","message":"OPTIONS /api/calls/sip-config 200 0 - 0.069 ms","timestamp":"2026-06-03 12:30:07"}
{"level":"info","message":"OPTIONS /api/messages/unread-count 200 0 - 0.075 ms","timestamp":"2026-06-03 12:30:07"}
{"level":"info","message":"GET /api/calls/sip-config 304 - - 27.245 ms","timestamp":"2026-06-03 12:30:07"}
{"level":"info","message":"GET /api/messages/unread-count 304 - - 55.993 ms","timestamp":"2026-06-03 12:30:07"}
{"level":"info","message":"GET /api/calls/sip-config 304 - - 31.505 ms","timestamp":"2026-06-03 12:30:07"}
{"level":"info","message":"GET /api/messages/unread-count 304 - - 57.241 ms","timestamp":"2026-06-03 12:30:07"}
{"level":"info","message":"GET /api/telecaller-reports 304 - - 53.451 ms","timestamp":"2026-06-03 12:30:07"}
{"level":"info","message":"GET /api/telecaller-reports/marketing-summary?startDate=2026-05-04&endDate=2026-06-03 304 - - 56.916 ms","timestamp":"2026-06-03 12:30:07"}
{"level":"info","message":"GET /api/attendance/2026/6 304 - - 87.354 ms","timestamp":"2026-06-03 12:30:07"}
{"level":"info","message":"GET /api/telecaller-reports 304 - - 52.519 ms","timestamp":"2026-06-03 12:30:07"}
{"level":"info","message":"GET /api/telecaller-reports/marketing-summary?startDate=2026-05-04&endDate=2026-06-03 304 - - 67.818 ms","timestamp":"2026-06-03 12:30:07"}
{"level":"info","message":"GET /api/attendance/2026/6 304 - - 95.728 ms","timestamp":"2026-06-03 12:30:07"}
{"level":"info","message":"OPTIONS /api/attendance/2026/6 200 0 - 0.173 ms","timestamp":"2026-06-03 12:30:38"}
{"level":"info","message":"GET /api/attendance/2026/6 304 - - 92.979 ms","timestamp":"2026-06-03 12:30:38"}
{"level":"info","message":"OPTIONS /api/attendance/2026/6 200 0 - 0.168 ms","timestamp":"2026-06-03 12:31:08"}
{"level":"info","message":"GET /api/attendance/2026/6 304 - - 101.764 ms","timestamp":"2026-06-03 12:31:08"}
{"level":"info","message":"OPTIONS /api/attendance/2026/6 200 0 - 0.173 ms","timestamp":"2026-06-03 12:31:38"}
{"level":"info","message":"GET /api/attendance/2026/6 304 - - 92.901 ms","timestamp":"2026-06-03 12:31:38"}
{"level":"info","message":"OPTIONS /api/attendance/2026/6 200 0 - 0.166 ms","timestamp":"2026-06-03 12:32:08"}
{"level":"info","message":"GET /api/attendance/2026/6 304 - - 99.601 ms","timestamp":"2026-06-03 12:32:08"}
{"level":"info","message":"OPTIONS /api/attendance/2026/6 200 0 - 0.176 ms","timestamp":"2026-06-03 12:32:38"}
{"level":"info","message":"GET /api/attendance/2026/6 304 - - 93.003 ms","timestamp":"2026-06-03 12:32:38"}
{"level":"info","message":"OPTIONS /api/attendance/2026/6 200 0 - 0.173 ms","timestamp":"2026-06-03 12:33:08"}
{"level":"info","message":"GET /api/attendance/2026/6 304 - - 89.650 ms","timestamp":"2026-06-03 12:33:08"}
{"level":"info","message":"OPTIONS /api/attendance/2026/6 200 0 - 0.303 ms","timestamp":"2026-06-03 12:33:39"}
{"level":"info","message":"GET /api/attendance/2026/6 304 - - 86.567 ms","timestamp":"2026-06-03 12:33:39"}
{"level":"info","message":"OPTIONS /api/attendance/2026/6 200 0 - 0.060 ms","timestamp":"2026-06-03 12:34:08"}
{"level":"info","message":"GET /api/attendance/2026/6 304 - - 81.413 ms","timestamp":"2026-06-03 12:34:08"}
{"level":"info","message":"OPTIONS /api/attendance/2026/6 200 0 - 0.077 ms","timestamp":"2026-06-03 12:34:38"}
{"level":"info","message":"GET /api/attendance/2026/6 304 - - 83.752 ms","timestamp":"2026-06-03 12:34:38"}
{"level":"info","message":"OPTIONS /api/attendance/2026/6 200 0 - 0.115 ms","timestamp":"2026-06-03 12:35:39"}
{"level":"info","message":"GET /api/attendance/2026/6 304 - - 85.228 ms","timestamp":"2026-06-03 12:35:39"}
{"level":"info","message":"OPTIONS /api/attendance/2026/6 200 0 - 0.181 ms","timestamp":"2026-06-03 12:36:08"}
{"level":"info","message":"GET /api/attendance/2026/6 304 - - 88.924 ms","timestamp":"2026-06-03 12:36:08"}
{"level":"info","message":"OPTIONS /api/attendance/2026/6 200 0 - 0.162 ms","timestamp":"2026-06-03 12:36:38"}
{"level":"info","message":"GET /api/attendance/2026/6 304 - - 100.171 ms","timestamp":"2026-06-03 12:36:38"}
{"level":"info","message":"OPTIONS /api/calls/sip-config 200 0 - 0.092 ms","timestamp":"2026-06-03 12:37:03"}
{"level":"info","message":"OPTIONS /api/messages/unread-count 200 0 - 0.129 ms","timestamp":"2026-06-03 12:37:03"}
{"level":"info","message":"OPTIONS /api/calls/sip-config 200 0 - 0.083 ms","timestamp":"2026-06-03 12:37:03"}
{"level":"info","message":"OPTIONS /api/messages/unread-count 200 0 - 0.072 ms","timestamp":"2026-06-03 12:37:03"}
{"level":"info","message":"GET /api/calls/sip-config 304 - - 29.511 ms","timestamp":"2026-06-03 12:37:03"}
{"level":"info","message":"GET /api/calls/sip-config 304 - - 27.867 ms","timestamp":"2026-06-03 12:37:03"}
{"level":"info","message":"GET /api/messages/unread-count 304 - - 71.731 ms","timestamp":"2026-06-03 12:37:03"}
{"level":"info","message":"OPTIONS /api/attendance/2026/6 200 0 - 0.073 ms","timestamp":"2026-06-03 12:37:03"}
{"level":"info","message":"OPTIONS /api/telecaller-reports 200 0 - 0.081 ms","timestamp":"2026-06-03 12:37:03"}
{"level":"info","message":"OPTIONS /api/telecaller-reports/marketing-summary?startDate=2026-05-04&endDate=2026-06-03 200 0 - 0.079 ms","timestamp":"2026-06-03 12:37:03"}
{"level":"info","message":"GET /api/messages/unread-count 304 - - 62.858 ms","timestamp":"2026-06-03 12:37:03"}
{"level":"info","message":"GET /api/telecaller-reports 304 - - 51.150 ms","timestamp":"2026-06-03 12:37:03"}
{"level":"info","message":"GET /api/telecaller-reports/marketing-summary?startDate=2026-05-04&endDate=2026-06-03 304 - - 65.500 ms","timestamp":"2026-06-03 12:37:03"}
{"level":"info","message":"GET /api/attendance/2026/6 304 - - 91.938 ms","timestamp":"2026-06-03 12:37:03"}
{"level":"info","message":"GET /api/telecaller-reports 304 - - 49.342 ms","timestamp":"2026-06-03 12:37:03"}
{"level":"info","message":"GET /api/telecaller-reports/marketing-summary?startDate=2026-05-04&endDate=2026-06-03 304 - - 54.881 ms","timestamp":"2026-06-03 12:37:03"}
{"level":"info","message":"GET /api/attendance/2026/6 304 - - 83.471 ms","timestamp":"2026-06-03 12:37:03"}
{"level":"info","message":"OPTIONS /api/attendance/2026/6 200 0 - 0.069 ms","timestamp":"2026-06-03 12:37:34"}
{"level":"info","message":"GET /api/attendance/2026/6 304 - - 81.236 ms","timestamp":"2026-06-03 12:37:34"}
{"level":"info","message":"OPTIONS /api/attendance/2026/6 200 0 - 0.097 ms","timestamp":"2026-06-03 12:38:04"}
{"level":"info","message":"GET /api/attendance/2026/6 304 - - 81.668 ms","timestamp":"2026-06-03 12:38:04"}
{"level":"info","message":"OPTIONS /api/attendance/2026/6 200 0 - 0.154 ms","timestamp":"2026-06-03 12:38:34"}
{"level":"info","message":"GET /api/attendance/2026/6 304 - - 97.304 ms","timestamp":"2026-06-03 12:38:34"}
{"level":"info","message":"OPTIONS /api/attendance/2026/6 200 0 - 0.048 ms","timestamp":"2026-06-03 12:39:04"}
{"level":"info","message":"GET /api/attendance/2026/6 304 - - 78.976 ms","timestamp":"2026-06-03 12:39:04"}
{"level":"info","message":"OPTIONS /api/attendance/2026/6 200 0 - 0.117 ms","timestamp":"2026-06-03 12:39:34"}
{"level":"info","message":"GET /api/attendance/2026/6 304 - - 82.581 ms","timestamp":"2026-06-03 12:39:34"}
{"level":"info","message":"OPTIONS /api/attendance/2026/6 200 0 - 0.056 ms","timestamp":"2026-06-03 12:40:04"}
{"level":"info","message":"GET /api/attendance/2026/6 304 - - 84.690 ms","timestamp":"2026-06-03 12:40:04"}
{"level":"info","message":"OPTIONS /api/calls/sip-config 200 0 - 0.121 ms","timestamp":"2026-06-03 12:40:31"}
{"level":"info","message":"OPTIONS /api/messages/unread-count 200 0 - 0.054 ms","timestamp":"2026-06-03 12:40:31"}
{"level":"info","message":"OPTIONS /api/calls/sip-config 200 0 - 0.037 ms","timestamp":"2026-06-03 12:40:31"}
{"level":"info","message":"OPTIONS /api/messages/unread-count 200 0 - 0.042 ms","timestamp":"2026-06-03 12:40:31"}
{"level":"info","message":"GET /api/calls/sip-config 304 - - 28.599 ms","timestamp":"2026-06-03 12:40:31"}
{"level":"info","message":"GET /api/messages/unread-count 304 - - 55.958 ms","timestamp":"2026-06-03 12:40:31"}
{"level":"info","message":"GET /api/calls/sip-config 304 - - 29.883 ms","timestamp":"2026-06-03 12:40:31"}
{"level":"info","message":"OPTIONS /api/attendance/2026/6 200 0 - 0.070 ms","timestamp":"2026-06-03 12:40:31"}
{"level":"info","message":"OPTIONS /api/telecaller-reports 200 0 - 0.074 ms","timestamp":"2026-06-03 12:40:31"}
{"level":"info","message":"OPTIONS /api/telecaller-reports/marketing-summary?startDate=2026-05-04&endDate=2026-06-03 200 0 - 0.075 ms","timestamp":"2026-06-03 12:40:31"}
{"level":"info","message":"GET /api/messages/unread-count 304 - - 53.654 ms","timestamp":"2026-06-03 12:40:31"}
{"level":"info","message":"GET /api/telecaller-reports 304 - - 61.923 ms","timestamp":"2026-06-03 12:40:31"}
{"level":"info","message":"GET /api/telecaller-reports/marketing-summary?startDate=2026-05-04&endDate=2026-06-03 304 - - 61.518 ms","timestamp":"2026-06-03 12:40:31"}
{"level":"info","message":"GET /api/attendance/2026/6 304 - - 80.754 ms","timestamp":"2026-06-03 12:40:31"}
{"level":"info","message":"GET /api/telecaller-reports/marketing-summary?startDate=2026-05-04&endDate=2026-06-03 304 - - 58.730 ms","timestamp":"2026-06-03 12:40:31"}
{"level":"info","message":"GET /api/telecaller-reports 304 - - 61.784 ms","timestamp":"2026-06-03 12:40:31"}
{"level":"info","message":"GET /api/attendance/2026/6 304 - - 79.316 ms","timestamp":"2026-06-03 12:40:31"}
{"level":"info","message":"OPTIONS /api/calls/sip-config 200 0 - 0.098 ms","timestamp":"2026-06-03 12:40:34"}
{"level":"info","message":"OPTIONS /api/messages/unread-count 200 0 - 0.064 ms","timestamp":"2026-06-03 12:40:34"}
{"level":"info","message":"OPTIONS /api/calls/sip-config 200 0 - 0.051 ms","timestamp":"2026-06-03 12:40:34"}
{"level":"info","message":"OPTIONS /api/messages/unread-count 200 0 - 0.147 ms","timestamp":"2026-06-03 12:40:34"}
{"level":"info","message":"GET /api/calls/sip-config 200 197 - 30.333 ms","timestamp":"2026-06-03 12:40:34"}
{"level":"info","message":"GET /api/calls/sip-config 200 197 - 32.006 ms","timestamp":"2026-06-03 12:40:34"}
{"level":"info","message":"GET /api/messages/unread-count 200 17 - 59.351 ms","timestamp":"2026-06-03 12:40:34"}
{"level":"info","message":"GET /api/messages/unread-count 200 17 - 58.498 ms","timestamp":"2026-06-03 12:40:34"}
{"level":"info","message":"GET /api/telecaller-reports 304 - - 53.702 ms","timestamp":"2026-06-03 12:40:34"}
{"level":"info","message":"GET /api/telecaller-reports/marketing-summary?startDate=2026-05-04&endDate=2026-06-03 304 - - 53.325 ms","timestamp":"2026-06-03 12:40:34"}
{"level":"info","message":"GET /api/attendance/2026/6 304 - - 80.505 ms","timestamp":"2026-06-03 12:40:34"}
{"level":"info","message":"GET /api/telecaller-reports 304 - - 54.822 ms","timestamp":"2026-06-03 12:40:34"}
{"level":"info","message":"GET /api/telecaller-reports/marketing-summary?startDate=2026-05-04&endDate=2026-06-03 304 - - 54.350 ms","timestamp":"2026-06-03 12:40:34"}
{"level":"info","message":"GET /api/attendance/2026/6 304 - - 79.158 ms","timestamp":"2026-06-03 12:40:34"}
{"level":"info","message":"OPTIONS /api/calls/sip-config 200 0 - 0.118 ms","timestamp":"2026-06-03 12:40:35"}
{"level":"info","message":"OPTIONS /api/messages/unread-count 200 0 - 0.081 ms","timestamp":"2026-06-03 12:40:35"}
{"level":"info","message":"OPTIONS /api/calls/sip-config 200 0 - 0.066 ms","timestamp":"2026-06-03 12:40:35"}
{"level":"info","message":"OPTIONS /api/messages/unread-count 200 0 - 0.070 ms","timestamp":"2026-06-03 12:40:35"}
{"level":"info","message":"GET /api/calls/sip-config 200 197 - 27.840 ms","timestamp":"2026-06-03 12:40:35"}
{"level":"info","message":"GET /api/calls/sip-config 200 197 - 31.445 ms","timestamp":"2026-06-03 12:40:35"}
{"level":"info","message":"GET /api/messages/unread-count 200 17 - 56.378 ms","timestamp":"2026-06-03 12:40:35"}
{"level":"info","message":"GET /api/messages/unread-count 200 17 - 62.954 ms","timestamp":"2026-06-03 12:40:35"}
{"level":"info","message":"GET /api/attendance/2026/6 - - - - ms","timestamp":"2026-06-03 12:40:35"}
{"level":"info","message":"GET /api/telecaller-reports/marketing-summary?startDate=2026-05-04&endDate=2026-06-03 - - - - ms","timestamp":"2026-06-03 12:40:35"}
{"level":"info","message":"GET /api/telecaller-reports/marketing-summary?startDate=2026-05-04&endDate=2026-06-03 - - - - ms","timestamp":"2026-06-03 12:40:35"}
{"level":"info","message":"GET /api/telecaller-reports - - - - ms","timestamp":"2026-06-03 12:40:35"}
{"level":"info","message":"OPTIONS /api/calls/sip-config 200 0 - 0.086 ms","timestamp":"2026-06-03 12:40:35"}
{"level":"info","message":"OPTIONS /api/messages/unread-count 200 0 - 0.063 ms","timestamp":"2026-06-03 12:40:35"}
{"level":"info","message":"OPTIONS /api/calls/sip-config 200 0 - 0.098 ms","timestamp":"2026-06-03 12:40:35"}
{"level":"info","message":"OPTIONS /api/messages/unread-count 200 0 - 0.056 ms","timestamp":"2026-06-03 12:40:35"}
{"level":"info","message":"GET /api/calls/sip-config 200 197 - 27.541 ms","timestamp":"2026-06-03 12:40:35"}
{"level":"info","message":"GET /api/calls/sip-config 200 197 - 30.215 ms","timestamp":"2026-06-03 12:40:35"}
{"level":"info","message":"GET /api/messages/unread-count 200 17 - 56.791 ms","timestamp":"2026-06-03 12:40:35"}
{"level":"info","message":"GET /api/messages/unread-count 200 17 - 58.125 ms","timestamp":"2026-06-03 12:40:35"}
{"level":"info","message":"OPTIONS /api/attendance/2026/6 200 0 - 0.085 ms","timestamp":"2026-06-03 12:40:35"}
{"level":"info","message":"OPTIONS /api/telecaller-reports 200 0 - 0.068 ms","timestamp":"2026-06-03 12:40:35"}
{"level":"info","message":"OPTIONS /api/telecaller-reports/marketing-summary?startDate=2026-05-04&endDate=2026-06-03 200 0 - 0.043 ms","timestamp":"2026-06-03 12:40:35"}
{"level":"info","message":"OPTIONS /api/attendance/2026/6 200 0 - 0.053 ms","timestamp":"2026-06-03 12:40:35"}
{"level":"info","message":"OPTIONS /api/telecaller-reports 200 0 - 0.104 ms","timestamp":"2026-06-03 12:40:35"}
{"level":"info","message":"OPTIONS /api/telecaller-reports/marketing-summary?startDate=2026-05-04&endDate=2026-06-03 200 0 - 0.082 ms","timestamp":"2026-06-03 12:40:35"}
{"level":"info","message":"GET /api/telecaller-reports 200 - - 55.731 ms","timestamp":"2026-06-03 12:40:35"}
{"level":"info","message":"GET /api/telecaller-reports/marketing-summary?startDate=2026-05-04&endDate=2026-06-03 200 437 - 67.374 ms","timestamp":"2026-06-03 12:40:35"}
{"level":"info","message":"GET /api/telecaller-reports/marketing-summary?startDate=2026-05-04&endDate=2026-06-03 200 437 - 57.961 ms","timestamp":"2026-06-03 12:40:35"}
{"level":"info","message":"GET /api/telecaller-reports 200 - - 60.511 ms","timestamp":"2026-06-03 12:40:35"}
{"level":"info","message":"GET /api/attendance/2026/6 200 - - 88.186 ms","timestamp":"2026-06-03 12:40:36"}
{"level":"info","message":"GET /api/attendance/2026/6 200 - - 91.733 ms","timestamp":"2026-06-03 12:40:36"}
{"level":"info","message":"OPTIONS /api/attendance/2026/6 200 0 - 0.139 ms","timestamp":"2026-06-03 12:41:06"}
{"level":"info","message":"GET /api/attendance/2026/6 304 - - 88.294 ms","timestamp":"2026-06-03 12:41:06"}
{"level":"info","message":"OPTIONS /api/attendance/2026/6 200 0 - 0.164 ms","timestamp":"2026-06-03 12:41:36"}
{"level":"info","message":"GET /api/attendance/2026/6 304 - - 96.882 ms","timestamp":"2026-06-03 12:41:36"}
{"level":"info","message":"OPTIONS /api/attendance/2026/6 200 0 - 0.052 ms","timestamp":"2026-06-03 12:42:06"}
{"level":"info","message":"GET /api/attendance/2026/6 304 - - 78.793 ms","timestamp":"2026-06-03 12:42:06"}
{"level":"info","message":"OPTIONS /api/attendance/2026/6 200 0 - 0.159 ms","timestamp":"2026-06-03 12:42:36"}
{"level":"info","message":"GET /api/attendance/2026/6 304 - - 86.873 ms","timestamp":"2026-06-03 12:42:36"}
{"level":"info","message":"OPTIONS /api/telecaller-reports 200 0 - 0.083 ms","timestamp":"2026-06-03 12:43:06"}
{"level":"info","message":"OPTIONS /api/telecaller-reports/marketing-summary?startDate=2026-05-04&endDate=2026-06-03 200 0 - 0.056 ms","timestamp":"2026-06-03 12:43:06"}
{"level":"info","message":"OPTIONS /api/attendance/2026/6 200 0 - 0.049 ms","timestamp":"2026-06-03 12:43:06"}
{"level":"info","message":"GET /api/telecaller-reports 304 - - 52.944 ms","timestamp":"2026-06-03 12:43:06"}
{"level":"info","message":"GET /api/telecaller-reports/marketing-summary?startDate=2026-05-04&endDate=2026-06-03 304 - - 63.992 ms","timestamp":"2026-06-03 12:43:06"}
{"level":"info","message":"GET /api/attendance/2026/6 304 - - 80.333 ms","timestamp":"2026-06-03 12:43:06"}
{"level":"info","message":"OPTIONS /api/attendance/2026/6 200 0 - 0.162 ms","timestamp":"2026-06-03 12:43:36"}
{"level":"info","message":"GET /api/attendance/2026/6 304 - - 91.258 ms","timestamp":"2026-06-03 12:43:36"}
{"level":"info","message":"OPTIONS /api/calls/sip-config 200 0 - 0.106 ms","timestamp":"2026-06-03 12:43:51"}
{"level":"info","message":"OPTIONS /api/messages/unread-count 200 0 - 0.080 ms","timestamp":"2026-06-03 12:43:51"}
{"level":"info","message":"OPTIONS /api/calls/sip-config 200 0 - 0.064 ms","timestamp":"2026-06-03 12:43:51"}
{"level":"info","message":"OPTIONS /api/messages/unread-count 200 0 - 0.100 ms","timestamp":"2026-06-03 12:43:51"}
{"level":"info","message":"GET /api/calls/sip-config 304 - - 27.750 ms","timestamp":"2026-06-03 12:43:51"}
{"level":"info","message":"GET /api/calls/sip-config 304 - - 45.879 ms","timestamp":"2026-06-03 12:43:52"}
{"level":"info","message":"GET /api/messages/unread-count 304 - - 75.980 ms","timestamp":"2026-06-03 12:43:52"}
{"level":"info","message":"GET /api/messages/unread-count 304 - - 51.936 ms","timestamp":"2026-06-03 12:43:52"}
{"level":"info","message":"OPTIONS /api/attendance/2026/6 200 0 - 0.077 ms","timestamp":"2026-06-03 12:43:52"}
{"level":"info","message":"OPTIONS /api/telecaller-reports 200 0 - 0.066 ms","timestamp":"2026-06-03 12:43:52"}
{"level":"info","message":"OPTIONS /api/telecaller-reports/marketing-summary?startDate=2026-05-04&endDate=2026-06-03 200 0 - 0.054 ms","timestamp":"2026-06-03 12:43:52"}
{"level":"info","message":"GET /api/telecaller-reports/marketing-summary?startDate=2026-05-04&endDate=2026-06-03 304 - - 52.826 ms","timestamp":"2026-06-03 12:43:52"}
{"level":"info","message":"GET /api/telecaller-reports 304 - - 56.040 ms","timestamp":"2026-06-03 12:43:52"}
{"level":"info","message":"GET /api/attendance/2026/6 304 - - 81.058 ms","timestamp":"2026-06-03 12:43:52"}
{"level":"info","message":"GET /api/telecaller-reports 304 - - 51.543 ms","timestamp":"2026-06-03 12:43:52"}
{"level":"info","message":"GET /api/telecaller-reports/marketing-summary?startDate=2026-05-04&endDate=2026-06-03 304 - - 56.567 ms","timestamp":"2026-06-03 12:43:52"}
{"level":"info","message":"GET /api/attendance/2026/6 304 - - 78.631 ms","timestamp":"2026-06-03 12:43:52"}
{"level":"info","message":"OPTIONS /api/calls/sip-config 200 0 - 0.074 ms","timestamp":"2026-06-03 12:44:02"}
{"level":"info","message":"OPTIONS /api/messages/unread-count 200 0 - 0.086 ms","timestamp":"2026-06-03 12:44:02"}
{"level":"info","message":"OPTIONS /api/calls/sip-config 200 0 - 0.056 ms","timestamp":"2026-06-03 12:44:02"}
{"level":"info","message":"OPTIONS /api/messages/unread-count 200 0 - 0.058 ms","timestamp":"2026-06-03 12:44:02"}
{"level":"info","message":"GET /api/calls/sip-config 304 - - 29.305 ms","timestamp":"2026-06-03 12:44:02"}
{"level":"info","message":"GET /api/messages/unread-count 304 - - 57.960 ms","timestamp":"2026-06-03 12:44:02"}
{"level":"info","message":"GET /api/calls/sip-config 304 - - 30.077 ms","timestamp":"2026-06-03 12:44:02"}
{"level":"info","message":"GET /api/messages/unread-count 304 - - 57.892 ms","timestamp":"2026-06-03 12:44:02"}
{"level":"info","message":"OPTIONS /api/attendance/2026/6 200 0 - 0.057 ms","timestamp":"2026-06-03 12:44:02"}
{"level":"info","message":"OPTIONS /api/users 200 0 - 0.032 ms","timestamp":"2026-06-03 12:44:02"}
{"level":"info","message":"OPTIONS /api/calls/daily-stats 200 0 - 0.048 ms","timestamp":"2026-06-03 12:44:02"}
{"level":"info","message":"OPTIONS /api/telecaller-reports 200 0 - 0.078 ms","timestamp":"2026-06-03 12:44:02"}
{"level":"info","message":"GET /api/calls/daily-stats 304 - - 56.557 ms","timestamp":"2026-06-03 12:44:02"}
{"level":"info","message":"GET /api/telecaller-reports 304 - - 56.578 ms","timestamp":"2026-06-03 12:44:02"}
{"level":"info","message":"GET /api/attendance/2026/6 304 - - 79.910 ms","timestamp":"2026-06-03 12:44:02"}
{"level":"info","message":"GET /api/telecaller-reports 304 - - 59.628 ms","timestamp":"2026-06-03 12:44:02"}
{"level":"info","message":"GET /api/calls/daily-stats 304 - - 62.916 ms","timestamp":"2026-06-03 12:44:02"}
{"level":"info","message":"GET /api/users 200 - - 144.797 ms","timestamp":"2026-06-03 12:44:02"}
{"level":"info","message":"GET /api/attendance/2026/6 304 - - 83.782 ms","timestamp":"2026-06-03 12:44:02"}
{"level":"info","message":"GET /api/telecaller-reports 304 - - 51.433 ms","timestamp":"2026-06-03 12:44:02"}
{"level":"info","message":"GET /api/calls/daily-stats 304 - - 54.034 ms","timestamp":"2026-06-03 12:44:02"}
{"level":"info","message":"OPTIONS /api/telecaller-reports/marketing-summary?startDate=2026-05-04&endDate=2026-06-03 200 0 - 0.050 ms","timestamp":"2026-06-03 12:44:03"}
{"level":"info","message":"OPTIONS /api/telecaller-reports/marketing-summary?startDate=2026-05-04&endDate=2026-06-03 200 0 - 0.065 ms","timestamp":"2026-06-03 12:44:03"}
{"level":"info","message":"GET /api/telecaller-reports/marketing-summary?startDate=2026-05-04&endDate=2026-06-03 304 - - 51.865 ms","timestamp":"2026-06-03 12:44:03"}
{"level":"info","message":"GET /api/telecaller-reports 304 - - 68.850 ms","timestamp":"2026-06-03 12:44:03"}
{"level":"info","message":"GET /api/telecaller-reports/marketing-summary?startDate=2026-05-04&endDate=2026-06-03 304 - - 52.539 ms","timestamp":"2026-06-03 12:44:03"}
{"level":"info","message":"GET /api/telecaller-reports 304 - - 52.099 ms","timestamp":"2026-06-03 12:44:03"}
{"level":"info","message":"OPTIONS /api/calls/sip-config 200 0 - 0.089 ms","timestamp":"2026-06-03 12:44:23"}
{"level":"info","message":"OPTIONS /api/messages/unread-count 200 0 - 0.078 ms","timestamp":"2026-06-03 12:44:23"}
{"level":"info","message":"OPTIONS /api/calls/sip-config 200 0 - 0.048 ms","timestamp":"2026-06-03 12:44:23"}
{"level":"info","message":"OPTIONS /api/messages/unread-count 200 0 - 0.061 ms","timestamp":"2026-06-03 12:44:23"}
{"level":"info","message":"GET /api/calls/sip-config 304 - - 34.893 ms","timestamp":"2026-06-03 12:44:23"}
{"level":"info","message":"GET /api/messages/unread-count 304 - - 53.608 ms","timestamp":"2026-06-03 12:44:23"}
{"level":"info","message":"GET /api/calls/sip-config 304 - - 39.509 ms","timestamp":"2026-06-03 12:44:23"}
{"level":"info","message":"GET /api/messages/unread-count 304 - - 52.302 ms","timestamp":"2026-06-03 12:44:23"}
{"level":"info","message":"OPTIONS /api/attendance/2026/6 200 0 - 0.077 ms","timestamp":"2026-06-03 12:44:23"}
{"level":"info","message":"OPTIONS /api/telecaller-reports 200 0 - 0.052 ms","timestamp":"2026-06-03 12:44:23"}
{"level":"info","message":"OPTIONS /api/telecaller-reports/marketing-summary?startDate=2026-05-04&endDate=2026-06-03 200 0 - 0.050 ms","timestamp":"2026-06-03 12:44:23"}
{"level":"info","message":"OPTIONS /api/attendance/2026/6 200 0 - 0.044 ms","timestamp":"2026-06-03 12:44:23"}
{"level":"info","message":"GET /api/telecaller-reports 304 - - 54.121 ms","timestamp":"2026-06-03 12:44:23"}
{"level":"info","message":"GET /api/telecaller-reports/marketing-summary?startDate=2026-05-04&endDate=2026-06-03 304 - - 58.222 ms","timestamp":"2026-06-03 12:44:23"}
{"level":"info","message":"GET /api/attendance/2026/6 304 - - 79.075 ms","timestamp":"2026-06-03 12:44:23"}
{"level":"info","message":"GET /api/telecaller-reports 304 - - 52.204 ms","timestamp":"2026-06-03 12:44:23"}
{"level":"info","message":"GET /api/telecaller-reports/marketing-summary?startDate=2026-05-04&endDate=2026-06-03 304 - - 51.700 ms","timestamp":"2026-06-03 12:44:23"}
{"level":"info","message":"GET /api/attendance/2026/6 304 - - 77.292 ms","timestamp":"2026-06-03 12:44:23"}
{"level":"info","message":"OPTIONS /api/attendance/2026/6 200 0 - 0.063 ms","timestamp":"2026-06-03 12:44:54"}
{"level":"info","message":"GET /api/attendance/2026/6 304 - - 78.891 ms","timestamp":"2026-06-03 12:44:54"}
{"level":"info","message":"OPTIONS /api/attendance/2026/6 200 0 - 0.104 ms","timestamp":"2026-06-03 12:45:24"}
{"level":"info","message":"GET /api/attendance/2026/6 304 - - 82.178 ms","timestamp":"2026-06-03 12:45:24"}
{"level":"info","message":"OPTIONS /api/attendance/2026/6 200 0 - 0.065 ms","timestamp":"2026-06-03 12:45:54"}
{"level":"info","message":"GET /api/attendance/2026/6 304 - - 85.362 ms","timestamp":"2026-06-03 12:45:54"}
{"level":"info","message":"OPTIONS /api/attendance/2026/6 200 0 - 0.171 ms","timestamp":"2026-06-03 12:46:24"}
{"level":"info","message":"GET /api/attendance/2026/6 304 - - 95.244 ms","timestamp":"2026-06-03 12:46:24"}
{"level":"info","message":"OPTIONS /api/attendance/2026/6 200 0 - 0.156 ms","timestamp":"2026-06-03 12:46:53"}
{"level":"info","message":"GET /api/attendance/2026/6 304 - - 88.301 ms","timestamp":"2026-06-03 12:46:53"}
{"level":"info","message":"OPTIONS /api/attendance/2026/6 200 0 - 0.052 ms","timestamp":"2026-06-03 12:47:23"}
{"level":"info","message":"GET /api/attendance/2026/6 304 - - 78.082 ms","timestamp":"2026-06-03 12:47:23"}
{"level":"info","message":"OPTIONS /api/calls/sip-config 200 0 - 0.078 ms","timestamp":"2026-06-03 12:47:24"}
{"level":"info","message":"OPTIONS /api/messages/unread-count 200 0 - 0.077 ms","timestamp":"2026-06-03 12:47:24"}
{"level":"info","message":"OPTIONS /api/messages/unread-count 200 0 - 0.079 ms","timestamp":"2026-06-03 12:47:24"}
{"level":"info","message":"GET /api/calls/sip-config 304 - - 27.022 ms","timestamp":"2026-06-03 12:47:24"}
{"level":"info","message":"GET /api/calls/sip-config 304 - - 27.408 ms","timestamp":"2026-06-03 12:47:24"}
{"level":"info","message":"GET /api/messages/unread-count 304 - - 56.346 ms","timestamp":"2026-06-03 12:47:24"}
{"level":"info","message":"GET /api/messages/unread-count 304 - - 53.406 ms","timestamp":"2026-06-03 12:47:25"}
{"level":"info","message":"OPTIONS /api/telecaller-reports 200 0 - 0.089 ms","timestamp":"2026-06-03 12:47:25"}
{"level":"info","message":"OPTIONS /api/telecaller-reports/marketing-summary?startDate=2026-05-04&endDate=2026-06-03 200 0 - 0.044 ms","timestamp":"2026-06-03 12:47:25"}
{"level":"info","message":"OPTIONS /api/telecaller-reports/marketing-summary?startDate=2026-05-04&endDate=2026-06-03 200 0 - 0.082 ms","timestamp":"2026-06-03 12:47:25"}
{"level":"info","message":"GET /api/telecaller-reports 304 - - 53.843 ms","timestamp":"2026-06-03 12:47:25"}
{"level":"info","message":"GET /api/telecaller-reports/marketing-summary?startDate=2026-05-04&endDate=2026-06-03 304 - - 53.732 ms","timestamp":"2026-06-03 12:47:25"}
{"level":"info","message":"GET /api/attendance/2026/6 304 - - 88.803 ms","timestamp":"2026-06-03 12:47:25"}
{"level":"info","message":"GET /api/telecaller-reports/marketing-summary?startDate=2026-05-04&endDate=2026-06-03 304 - - 55.847 ms","timestamp":"2026-06-03 12:47:25"}
{"level":"info","message":"GET /api/telecaller-reports 304 - - 65.966 ms","timestamp":"2026-06-03 12:47:25"}
{"level":"info","message":"GET /api/attendance/2026/6 304 - - 88.977 ms","timestamp":"2026-06-03 12:47:25"}
{"level":"info","message":"OPTIONS /api/calls/sip-config 200 0 - 0.093 ms","timestamp":"2026-06-03 12:47:28"}
{"level":"info","message":"OPTIONS /api/messages/unread-count 200 0 - 0.053 ms","timestamp":"2026-06-03 12:47:28"}
{"level":"info","message":"OPTIONS /api/calls/sip-config 200 0 - 0.074 ms","timestamp":"2026-06-03 12:47:28"}
{"level":"info","message":"OPTIONS /api/messages/unread-count 200 0 - 0.099 ms","timestamp":"2026-06-03 12:47:28"}
{"level":"info","message":"GET /api/calls/sip-config 200 197 - 26.869 ms","timestamp":"2026-06-03 12:47:28"}
{"level":"info","message":"GET /api/calls/sip-config 200 197 - 30.540 ms","timestamp":"2026-06-03 12:47:28"}
{"level":"info","message":"GET /api/messages/unread-count 200 17 - 54.545 ms","timestamp":"2026-06-03 12:47:28"}
{"level":"info","message":"GET /api/messages/unread-count 200 17 - 55.896 ms","timestamp":"2026-06-03 12:47:28"}
{"level":"info","message":"OPTIONS /api/calls/sip-config 200 0 - 0.088 ms","timestamp":"2026-06-03 12:47:28"}
{"level":"info","message":"OPTIONS /api/messages/unread-count 200 0 - 0.096 ms","timestamp":"2026-06-03 12:47:28"}
{"level":"info","message":"OPTIONS /api/calls/sip-config 200 0 - 0.072 ms","timestamp":"2026-06-03 12:47:28"}
{"level":"info","message":"OPTIONS /api/messages/unread-count 200 0 - 0.060 ms","timestamp":"2026-06-03 12:47:28"}
{"level":"info","message":"GET /api/calls/sip-config 200 197 - 28.307 ms","timestamp":"2026-06-03 12:47:28"}
{"level":"info","message":"GET /api/calls/sip-config 200 197 - 32.134 ms","timestamp":"2026-06-03 12:47:28"}
{"level":"info","message":"GET /api/messages/unread-count 200 17 - 55.462 ms","timestamp":"2026-06-03 12:47:28"}
{"level":"info","message":"GET /api/messages/unread-count 200 17 - 73.694 ms","timestamp":"2026-06-03 12:47:28"}
{"level":"info","message":"OPTIONS /api/attendance/2026/6 200 0 - 0.074 ms","timestamp":"2026-06-03 12:47:28"}
{"level":"info","message":"OPTIONS /api/attendance/2026/6 200 0 - 0.080 ms","timestamp":"2026-06-03 12:47:28"}
{"level":"info","message":"GET /api/telecaller-reports 304 - - 52.818 ms","timestamp":"2026-06-03 12:47:28"}
{"level":"info","message":"GET /api/telecaller-reports/marketing-summary?startDate=2026-05-04&endDate=2026-06-03 304 - - 52.323 ms","timestamp":"2026-06-03 12:47:28"}
{"level":"info","message":"GET /api/attendance/2026/6 304 - - 81.182 ms","timestamp":"2026-06-03 12:47:28"}
{"level":"info","message":"GET /api/telecaller-reports 304 - - 53.060 ms","timestamp":"2026-06-03 12:47:28"}
{"level":"info","message":"GET /api/telecaller-reports/marketing-summary?startDate=2026-05-04&endDate=2026-06-03 304 - - 53.124 ms","timestamp":"2026-06-03 12:47:28"}
{"level":"info","message":"GET /api/attendance/2026/6 304 - - 80.847 ms","timestamp":"2026-06-03 12:47:28"}
{"level":"info","message":"OPTIONS /api/calls/sip-config 200 0 - 0.126 ms","timestamp":"2026-06-03 12:47:50"}
{"level":"info","message":"OPTIONS /api/messages/unread-count 200 0 - 0.081 ms","timestamp":"2026-06-03 12:47:50"}
{"level":"info","message":"OPTIONS /api/calls/sip-config 200 0 - 0.068 ms","timestamp":"2026-06-03 12:47:50"}
{"level":"info","message":"OPTIONS /api/messages/unread-count 200 0 - 0.043 ms","timestamp":"2026-06-03 12:47:50"}
{"level":"info","message":"GET /api/calls/sip-config 304 - - 28.726 ms","timestamp":"2026-06-03 12:47:50"}
{"level":"info","message":"GET /api/messages/unread-count 304 - - 56.199 ms","timestamp":"2026-06-03 12:47:50"}
{"level":"info","message":"GET /api/calls/sip-config 304 - - 28.480 ms","timestamp":"2026-06-03 12:47:50"}
{"level":"info","message":"GET /api/messages/unread-count 304 - - 54.856 ms","timestamp":"2026-06-03 12:47:50"}
{"level":"info","message":"OPTIONS /api/attendance/2026/6 200 0 - 0.074 ms","timestamp":"2026-06-03 12:47:50"}
{"level":"info","message":"OPTIONS /api/telecaller-reports 200 0 - 0.073 ms","timestamp":"2026-06-03 12:47:50"}
{"level":"info","message":"OPTIONS /api/telecaller-reports/marketing-summary?startDate=2026-05-04&endDate=2026-06-03 200 0 - 0.065 ms","timestamp":"2026-06-03 12:47:50"}
{"level":"info","message":"GET /api/telecaller-reports/marketing-summary?startDate=2026-05-04&endDate=2026-06-03 304 - - 54.376 ms","timestamp":"2026-06-03 12:47:50"}
{"level":"info","message":"GET /api/telecaller-reports 304 - - 58.883 ms","timestamp":"2026-06-03 12:47:50"}
{"level":"info","message":"GET /api/attendance/2026/6 304 - - 81.669 ms","timestamp":"2026-06-03 12:47:50"}
{"level":"info","message":"GET /api/telecaller-reports/marketing-summary?startDate=2026-05-04&endDate=2026-06-03 304 - - 54.363 ms","timestamp":"2026-06-03 12:47:50"}
{"level":"info","message":"GET /api/telecaller-reports 304 - - 62.517 ms","timestamp":"2026-06-03 12:47:50"}
{"level":"info","message":"GET /api/attendance/2026/6 304 - - 80.367 ms","timestamp":"2026-06-03 12:47:50"}
{"level":"info","message":"OPTIONS /api/calls/sip-config 200 0 - 0.067 ms","timestamp":"2026-06-03 12:47:52"}
{"level":"info","message":"OPTIONS /api/messages/unread-count 200 0 - 0.092 ms","timestamp":"2026-06-03 12:47:52"}
{"level":"info","message":"OPTIONS /api/calls/sip-config 200 0 - 0.164 ms","timestamp":"2026-06-03 12:47:52"}
{"level":"info","message":"OPTIONS /api/messages/unread-count 200 0 - 0.080 ms","timestamp":"2026-06-03 12:47:52"}
{"level":"info","message":"GET /api/calls/sip-config 200 197 - 28.304 ms","timestamp":"2026-06-03 12:47:52"}
{"level":"info","message":"GET /api/calls/sip-config 200 197 - 32.130 ms","timestamp":"2026-06-03 12:47:52"}
{"level":"info","message":"GET /api/messages/unread-count 200 17 - 56.556 ms","timestamp":"2026-06-03 12:47:52"}
{"level":"info","message":"GET /api/messages/unread-count 200 17 - 61.621 ms","timestamp":"2026-06-03 12:47:52"}
{"level":"info","message":"OPTIONS /api/calls/sip-config 200 0 - 0.104 ms","timestamp":"2026-06-03 12:47:52"}
{"level":"info","message":"OPTIONS /api/messages/unread-count 200 0 - 0.064 ms","timestamp":"2026-06-03 12:47:52"}
{"level":"info","message":"OPTIONS /api/calls/sip-config 200 0 - 0.052 ms","timestamp":"2026-06-03 12:47:52"}
{"level":"info","message":"OPTIONS /api/messages/unread-count 200 0 - 0.057 ms","timestamp":"2026-06-03 12:47:52"}
{"level":"info","message":"GET /api/calls/sip-config 200 197 - 27.945 ms","timestamp":"2026-06-03 12:47:52"}
{"level":"info","message":"GET /api/calls/sip-config 200 197 - 29.343 ms","timestamp":"2026-06-03 12:47:52"}
{"level":"info","message":"GET /api/messages/unread-count 200 17 - 54.591 ms","timestamp":"2026-06-03 12:47:52"}
{"level":"info","message":"GET /api/messages/unread-count 200 17 - 63.999 ms","timestamp":"2026-06-03 12:47:52"}
{"level":"info","message":"GET /api/telecaller-reports 304 - - 51.788 ms","timestamp":"2026-06-03 12:47:52"}
{"level":"info","message":"GET /api/telecaller-reports/marketing-summary?startDate=2026-05-04&endDate=2026-06-03 304 - - 55.299 ms","timestamp":"2026-06-03 12:47:52"}
{"level":"info","message":"GET /api/attendance/2026/6 304 - - 82.105 ms","timestamp":"2026-06-03 12:47:52"}
{"level":"info","message":"GET /api/telecaller-reports 304 - - 57.249 ms","timestamp":"2026-06-03 12:47:52"}
{"level":"info","message":"GET /api/telecaller-reports/marketing-summary?startDate=2026-05-04&endDate=2026-06-03 304 - - 56.631 ms","timestamp":"2026-06-03 12:47:52"}
{"level":"info","message":"GET /api/attendance/2026/6 304 - - 78.663 ms","timestamp":"2026-06-03 12:47:52"}
{"level":"info","message":"OPTIONS /api/calls/sip-config 200 0 - 0.090 ms","timestamp":"2026-06-03 12:48:09"}
{"level":"info","message":"OPTIONS /api/messages/unread-count 200 0 - 0.097 ms","timestamp":"2026-06-03 12:48:09"}
{"level":"info","message":"OPTIONS /api/calls/sip-config 200 0 - 0.051 ms","timestamp":"2026-06-03 12:48:09"}
{"level":"info","message":"OPTIONS /api/messages/unread-count 200 0 - 0.061 ms","timestamp":"2026-06-03 12:48:09"}
{"level":"info","message":"GET /api/calls/sip-config 304 - - 31.349 ms","timestamp":"2026-06-03 12:48:09"}
{"level":"info","message":"GET /api/messages/unread-count 304 - - 52.536 ms","timestamp":"2026-06-03 12:48:09"}
{"level":"info","message":"GET /api/calls/sip-config 304 - - 27.534 ms","timestamp":"2026-06-03 12:48:09"}
{"level":"info","message":"GET /api/messages/unread-count 304 - - 54.059 ms","timestamp":"2026-06-03 12:48:09"}
{"level":"info","message":"OPTIONS /api/attendance/2026/6 200 0 - 0.101 ms","timestamp":"2026-06-03 12:48:09"}
{"level":"info","message":"OPTIONS /api/telecaller-reports 200 0 - 0.056 ms","timestamp":"2026-06-03 12:48:09"}
{"level":"info","message":"OPTIONS /api/telecaller-reports/marketing-summary?startDate=2026-05-04&endDate=2026-06-03 200 0 - 0.068 ms","timestamp":"2026-06-03 12:48:09"}
{"level":"info","message":"OPTIONS /api/attendance/2026/6 200 0 - 0.051 ms","timestamp":"2026-06-03 12:48:09"}
{"level":"info","message":"GET /api/telecaller-reports 304 - - 53.174 ms","timestamp":"2026-06-03 12:48:09"}
{"level":"info","message":"GET /api/telecaller-reports/marketing-summary?startDate=2026-05-04&endDate=2026-06-03 304 - - 52.545 ms","timestamp":"2026-06-03 12:48:09"}
{"level":"info","message":"GET /api/attendance/2026/6 304 - - 80.215 ms","timestamp":"2026-06-03 12:48:09"}
{"level":"info","message":"GET /api/telecaller-reports 304 - - 54.367 ms","timestamp":"2026-06-03 12:48:09"}
{"level":"info","message":"GET /api/telecaller-reports/marketing-summary?startDate=2026-05-04&endDate=2026-06-03 304 - - 54.315 ms","timestamp":"2026-06-03 12:48:09"}
{"level":"info","message":"GET /api/attendance/2026/6 304 - - 79.749 ms","timestamp":"2026-06-03 12:48:09"}
{"level":"info","message":"OPTIONS /api/attendance/2026/6 200 0 - 0.081 ms","timestamp":"2026-06-03 12:48:39"}
{"level":"info","message":"GET /api/attendance/2026/6 304 - - 78.409 ms","timestamp":"2026-06-03 12:48:39"}
{"level":"info","message":"OPTIONS /api/telecaller-reports/6a1fca53203e9908ef0a3e99 200 0 - 0.047 ms","timestamp":"2026-06-03 12:48:57"}
{"level":"info","message":"PUT /api/telecaller-reports/6a1fca53203e9908ef0a3e99 200 1010 - 84.793 ms","timestamp":"2026-06-03 12:48:57"}
{"level":"info","message":"OPTIONS /api/telecaller-reports/marketing-summary?startDate=2026-05-04&endDate=2026-06-03 200 0 - 0.050 ms","timestamp":"2026-06-03 12:48:57"}
{"level":"info","message":"GET /api/telecaller-reports/marketing-summary?startDate=2026-05-04&endDate=2026-06-03 200 437 - 52.161 ms","timestamp":"2026-06-03 12:48:57"}
{"level":"info","message":"OPTIONS /api/attendance/2026/6 200 0 - 0.220 ms","timestamp":"2026-06-03 12:49:10"}
{"level":"info","message":"GET /api/attendance/2026/6 304 - - 86.341 ms","timestamp":"2026-06-03 12:49:10"}
{"level":"info","message":"OPTIONS /api/attendance/2026/6 200 0 - 0.056 ms","timestamp":"2026-06-03 12:49:40"}
{"level":"info","message":"GET /api/attendance/2026/6 304 - - 80.510 ms","timestamp":"2026-06-03 12:49:40"}
{"level":"info","message":"OPTIONS /api/attendance/2026/6 200 0 - 0.111 ms","timestamp":"2026-06-03 12:50:10"}
{"level":"info","message":"GET /api/attendance/2026/6 304 - - 90.061 ms","timestamp":"2026-06-03 12:50:10"}
{"level":"info","message":"OPTIONS /api/attendance/2026/6 200 0 - 0.115 ms","timestamp":"2026-06-03 12:50:40"}
{"level":"info","message":"GET /api/attendance/2026/6 304 - - 90.141 ms","timestamp":"2026-06-03 12:50:40"}
{"level":"info","message":"OPTIONS /api/attendance/2026/6 200 0 - 0.081 ms","timestamp":"2026-06-03 12:51:15"}
{"level":"info","message":"GET /api/attendance/2026/6 304 - - 82.839 ms","timestamp":"2026-06-03 12:51:15"}
{"level":"info","message":"OPTIONS /api/attendance/2026/6 200 0 - 0.204 ms","timestamp":"2026-06-03 12:52:39"}
{"level":"info","message":"GET /api/attendance/2026/6 304 - - 85.195 ms","timestamp":"2026-06-03 12:52:39"}
{"level":"info","message":"OPTIONS /api/calls/sip-config 200 0 - 0.069 ms","timestamp":"2026-06-03 12:52:52"}
{"level":"info","message":"OPTIONS /api/messages/unread-count 200 0 - 0.072 ms","timestamp":"2026-06-03 12:52:52"}
{"level":"info","message":"OPTIONS /api/calls/sip-config 200 0 - 0.053 ms","timestamp":"2026-06-03 12:52:52"}
{"level":"info","message":"OPTIONS /api/messages/unread-count 200 0 - 0.069 ms","timestamp":"2026-06-03 12:52:52"}
{"level":"info","message":"GET /api/calls/sip-config 304 - - 28.054 ms","timestamp":"2026-06-03 12:52:52"}
{"level":"info","message":"GET /api/messages/unread-count 304 - - 61.322 ms","timestamp":"2026-06-03 12:52:52"}
{"level":"info","message":"GET /api/calls/sip-config 304 - - 30.527 ms","timestamp":"2026-06-03 12:52:52"}
{"level":"info","message":"GET /api/messages/unread-count 304 - - 55.111 ms","timestamp":"2026-06-03 12:52:52"}
{"level":"info","message":"OPTIONS /api/attendance/2026/6 200 0 - 0.047 ms","timestamp":"2026-06-03 12:52:53"}
{"level":"info","message":"OPTIONS /api/telecaller-reports 200 0 - 0.046 ms","timestamp":"2026-06-03 12:52:53"}
{"level":"info","message":"OPTIONS /api/telecaller-reports/marketing-summary?startDate=2026-05-04&endDate=2026-06-03 200 0 - 0.036 ms","timestamp":"2026-06-03 12:52:53"}
{"level":"info","message":"OPTIONS /api/telecaller-reports/marketing-summary?startDate=2026-05-04&endDate=2026-06-03 200 0 - 0.040 ms","timestamp":"2026-06-03 12:52:53"}
{"level":"info","message":"GET /api/telecaller-reports 200 - - 52.045 ms","timestamp":"2026-06-03 12:52:53"}
{"level":"info","message":"GET /api/telecaller-reports/marketing-summary?startDate=2026-05-04&endDate=2026-06-03 304 - - 52.635 ms","timestamp":"2026-06-03 12:52:53"}
{"level":"info","message":"GET /api/attendance/2026/6 304 - - 100.819 ms","timestamp":"2026-06-03 12:52:53"}
{"level":"info","message":"GET /api/telecaller-reports 304 - - 56.820 ms","timestamp":"2026-06-03 12:52:53"}
{"level":"info","message":"GET /api/telecaller-reports/marketing-summary?startDate=2026-05-04&endDate=2026-06-03 304 - - 52.652 ms","timestamp":"2026-06-03 12:52:53"}
{"level":"info","message":"GET /api/attendance/2026/6 304 - - 84.247 ms","timestamp":"2026-06-03 12:52:53"}
{"level":"info","message":"OPTIONS /api/telecaller-reports/6a1fd01a6b5327a75ec6c3ed 200 0 - 0.050 ms","timestamp":"2026-06-03 12:52:57"}
{"level":"info","message":"DELETE /api/telecaller-reports/6a1fd01a6b5327a75ec6c3ed 200 39 - 78.452 ms","timestamp":"2026-06-03 12:52:57"}
{"level":"info","message":"GET /api/telecaller-reports/marketing-summary?startDate=2026-05-04&endDate=2026-06-03 200 238 - 51.379 ms","timestamp":"2026-06-03 12:52:57"}
{"level":"info","message":"OPTIONS /api/telecaller-reports/6a1fca53203e9908ef0a3e99 200 0 - 0.052 ms","timestamp":"2026-06-03 12:53:01"}
{"level":"info","message":"DELETE /api/telecaller-reports/6a1fca53203e9908ef0a3e99 200 39 - 78.763 ms","timestamp":"2026-06-03 12:53:01"}
{"level":"info","message":"OPTIONS /api/telecaller-reports/marketing-summary?startDate=2026-05-04&endDate=2026-06-03 200 0 - 0.057 ms","timestamp":"2026-06-03 12:53:01"}
{"level":"info","message":"GET /api/telecaller-reports/marketing-summary?startDate=2026-05-04&endDate=2026-06-03 200 2 - 51.553 ms","timestamp":"2026-06-03 12:53:01"}
{"level":"info","message":"OPTIONS /api/auth/logout 200 0 - 0.051 ms","timestamp":"2026-06-03 12:53:07"}
{"level":"info","message":"POST /api/auth/logout 200 31 - 0.856 ms","timestamp":"2026-06-03 12:53:07"}
{"level":"info","message":"OPTIONS /api/users/logout 200 0 - 0.044 ms","timestamp":"2026-06-03 12:53:07"}
{"level":"info","message":"POST /api/users/logout 200 33 - 136.633 ms","timestamp":"2026-06-03 12:53:07"}
{"level":"info","message":"GET /api/calls/sip-config 401 44 - 0.539 ms","timestamp":"2026-06-03 12:53:07"}
{"level":"info","message":"OPTIONS /api/auth/login 200 0 - 0.097 ms","timestamp":"2026-06-03 12:53:21"}
{"level":"info","message":"POST /api/auth/login 401 40 - 123.710 ms","timestamp":"2026-06-03 12:53:21"}
{"level":"info","message":"OPTIONS /api/auth/login 200 0 - 0.074 ms","timestamp":"2026-06-03 12:53:30"}
{"level":"info","message":"POST /api/auth/login 200 764 - 226.295 ms","timestamp":"2026-06-03 12:53:30"}
{"level":"info","message":"OPTIONS /api/calls/sip-config 200 0 - 0.071 ms","timestamp":"2026-06-03 12:53:30"}
{"level":"info","message":"OPTIONS /api/messages/unread-count 200 0 - 0.120 ms","timestamp":"2026-06-03 12:53:30"}
{"level":"info","message":"GET /api/calls/sip-config 304 - - 28.029 ms","timestamp":"2026-06-03 12:53:30"}
{"level":"info","message":"GET /api/messages/unread-count 200 17 - 55.958 ms","timestamp":"2026-06-03 12:53:30"}
{"level":"info","message":"OPTIONS /api/attendance/2026/6 200 0 - 0.058 ms","timestamp":"2026-06-03 12:53:30"}
{"level":"info","message":"OPTIONS /api/users 200 0 - 0.064 ms","timestamp":"2026-06-03 12:53:30"}
{"level":"info","message":"OPTIONS /api/tasks 200 0 - 0.132 ms","timestamp":"2026-06-03 12:53:30"}
{"level":"info","message":"GET /api/tasks 200 2 - 52.954 ms","timestamp":"2026-06-03 12:53:30"}
{"level":"info","message":"GET /api/attendance/2026/6 200 - - 82.081 ms","timestamp":"2026-06-03 12:53:30"}
{"level":"info","message":"GET /api/tasks 304 - - 51.000 ms","timestamp":"2026-06-03 12:53:30"}
{"level":"info","message":"GET /api/users 200 - - 137.755 ms","timestamp":"2026-06-03 12:53:31"}
{"level":"info","message":"GET /api/attendance/2026/6 304 - - 83.950 ms","timestamp":"2026-06-03 12:53:31"}
{"level":"info","message":"GET /api/users 304 - - 98.249 ms","timestamp":"2026-06-03 12:53:31"}
{"level":"info","message":"OPTIONS /api/users/me 200 0 - 0.054 ms","timestamp":"2026-06-03 12:53:33"}
{"level":"info","message":"OPTIONS /api/users/me 200 0 - 0.067 ms","timestamp":"2026-06-03 12:53:33"}
{"level":"info","message":"GET /api/tasks 304 - - 59.018 ms","timestamp":"2026-06-03 12:53:33"}
{"level":"info","message":"GET /api/users/me 200 - - 57.694 ms","timestamp":"2026-06-03 12:53:33"}
{"level":"info","message":"GET /api/tasks 304 - - 51.853 ms","timestamp":"2026-06-03 12:53:33"}
{"level":"info","message":"GET /api/users/me 304 - - 57.030 ms","timestamp":"2026-06-03 12:53:33"}
{"level":"info","message":"GET /api/users 304 - - 156.803 ms","timestamp":"2026-06-03 12:53:33"}
{"level":"info","message":"OPTIONS /api/telecaller-reports 200 0 - 0.046 ms","timestamp":"2026-06-03 12:53:33"}
{"level":"info","message":"GET /api/users 304 - - 101.448 ms","timestamp":"2026-06-03 12:53:33"}
{"level":"info","message":"GET /api/telecaller-reports 200 2 - 67.985 ms","timestamp":"2026-06-03 12:53:33"}
{"level":"info","message":"GET /api/telecaller-reports 304 - - 52.218 ms","timestamp":"2026-06-03 12:53:33"}
{"level":"info","message":"OPTIONS /api/attendance/2026/6 200 0 - 0.046 ms","timestamp":"2026-06-03 12:54:00"}
{"level":"info","message":"GET /api/attendance/2026/6 304 - - 81.723 ms","timestamp":"2026-06-03 12:54:00"}
{"level":"info","message":"OPTIONS /api/telecaller-reports 200 0 - 0.052 ms","timestamp":"2026-06-03 12:54:28"}
{"level":"info","message":"POST /api/telecaller-reports 201 602 - 56.835 ms","timestamp":"2026-06-03 12:54:28"}
{"level":"info","message":"OPTIONS /api/attendance/2026/6 200 0 - 0.091 ms","timestamp":"2026-06-03 12:54:30"}
{"level":"info","message":"GET /api/attendance/2026/6 304 - - 96.920 ms","timestamp":"2026-06-03 12:54:30"}
{"level":"info","message":"OPTIONS /api/auth/logout 200 0 - 0.051 ms","timestamp":"2026-06-03 12:54:31"}
{"level":"info","message":"POST /api/auth/logout 200 31 - 0.516 ms","timestamp":"2026-06-03 12:54:31"}
{"level":"info","message":"OPTIONS /api/users/logout 200 0 - 0.047 ms","timestamp":"2026-06-03 12:54:31"}
{"level":"info","message":"POST /api/users/logout 200 33 - 134.204 ms","timestamp":"2026-06-03 12:54:32"}
{"level":"info","message":"GET /api/calls/sip-config 401 44 - 0.430 ms","timestamp":"2026-06-03 12:54:32"}
{"level":"info","message":"OPTIONS /api/auth/login 200 0 - 0.052 ms","timestamp":"2026-06-03 12:54:37"}
{"level":"info","message":"POST /api/auth/login 200 750 - 220.176 ms","timestamp":"2026-06-03 12:54:37"}
{"level":"info","message":"OPTIONS /api/calls/sip-config 200 0 - 0.111 ms","timestamp":"2026-06-03 12:54:37"}
{"level":"info","message":"OPTIONS /api/messages/unread-count 200 0 - 0.116 ms","timestamp":"2026-06-03 12:54:37"}
{"level":"info","message":"GET /api/calls/sip-config 304 - - 27.808 ms","timestamp":"2026-06-03 12:54:37"}
{"level":"info","message":"GET /api/messages/unread-count 200 17 - 59.054 ms","timestamp":"2026-06-03 12:54:37"}
{"level":"info","message":"OPTIONS /api/attendance/2026/6 200 0 - 0.062 ms","timestamp":"2026-06-03 12:54:37"}
{"level":"info","message":"OPTIONS /api/appointments/revenue/reports 200 0 - 0.063 ms","timestamp":"2026-06-03 12:54:37"}
{"level":"info","message":"OPTIONS /api/appointments/all 200 0 - 0.073 ms","timestamp":"2026-06-03 12:54:37"}
{"level":"info","message":"OPTIONS /api/tasks 200 0 - 0.065 ms","timestamp":"2026-06-03 12:54:37"}
{"level":"info","message":"OPTIONS /api/users/all 200 0 - 0.044 ms","timestamp":"2026-06-03 12:54:37"}
{"level":"info","message":"OPTIONS /api/attendance/range?start=2026-05-31T18:30:00.000Z&end=2026-06-30T18:29:59.999Z 200 0 - 0.067 ms","timestamp":"2026-06-03 12:54:37"}
{"level":"info","message":"OPTIONS /api/appointments/stats?month=5&year=2026 200 0 - 0.060 ms","timestamp":"2026-06-03 12:54:37"}
{"level":"info","message":"OPTIONS /api/appointments/revenue 200 0 - 0.046 ms","timestamp":"2026-06-03 12:54:37"}
{"level":"info","message":"OPTIONS /api/users 200 0 - 0.047 ms","timestamp":"2026-06-03 12:54:37"}
{"level":"info","message":"OPTIONS /api/admin-status 200 0 - 0.038 ms","timestamp":"2026-06-03 12:54:37"}
{"level":"info","message":"OPTIONS /api/appointments/stats?month=6&year=2026 200 0 - 0.080 ms","timestamp":"2026-06-03 12:54:37"}
{"level":"info","message":"OPTIONS /api/appointments/stats?month=6&year=2026 200 0 - 0.069 ms","timestamp":"2026-06-03 12:54:37"}
{"level":"info","message":"OPTIONS /api/admin-status 200 0 - 0.141 ms","timestamp":"2026-06-03 12:54:37"}
{"level":"info","message":"GET /api/appointments/revenue/reports 304 - - 58.506 ms","timestamp":"2026-06-03 12:54:37"}
{"level":"info","message":"GET /api/attendance/2026/6 200 - - 89.628 ms","timestamp":"2026-06-03 12:54:37"}
{"level":"info","message":"GET /api/appointments/stats?month=5&year=2026 304 - - 56.495 ms","timestamp":"2026-06-03 12:54:37"}
{"level":"info","message":"GET /api/attendance/range?start=2026-05-31T18:30:00.000Z&end=2026-06-30T18:29:59.999Z 200 - - 84.504 ms","timestamp":"2026-06-03 12:54:37"}
{"level":"info","message":"GET /api/tasks 200 - - 94.998 ms","timestamp":"2026-06-03 12:54:37"}
{"level":"info","message":"GET /api/users/all 200 - - 127.498 ms","timestamp":"2026-06-03 12:54:37"}
{"level":"info","message":"GET /api/appointments/all 304 - - 217.683 ms","timestamp":"2026-06-03 12:54:38"}
{"level":"info","message":"GET /api/appointments/revenue 304 - - 134.348 ms","timestamp":"2026-06-03 12:54:38"}
{"level":"info","message":"GET /api/appointments/stats?month=6&year=2026 304 - - 103.264 ms","timestamp":"2026-06-03 12:54:38"}
{"level":"info","message":"GET /api/admin-status 304 - - 105.297 ms","timestamp":"2026-06-03 12:54:38"}
{"level":"info","message":"GET /api/appointments/revenue/reports 304 - - 69.587 ms","timestamp":"2026-06-03 12:54:38"}
{"level":"info","message":"GET /api/appointments/stats?month=5&year=2026 304 - - 62.951 ms","timestamp":"2026-06-03 12:54:38"}
{"level":"info","message":"GET /api/users 200 - - 172.128 ms","timestamp":"2026-06-03 12:54:38"}
{"level":"info","message":"GET /api/attendance/2026/6 304 - - 88.543 ms","timestamp":"2026-06-03 12:54:38"}
{"level":"info","message":"GET /api/attendance/range?start=2026-05-31T18:30:00.000Z&end=2026-06-30T18:29:59.999Z 304 - - 89.057 ms","timestamp":"2026-06-03 12:54:38"}
{"level":"info","message":"GET /api/tasks 304 - - 97.146 ms","timestamp":"2026-06-03 12:54:38"}
{"level":"info","message":"GET /api/users/all 304 - - 122.780 ms","timestamp":"2026-06-03 12:54:38"}
{"level":"info","message":"GET /api/appointments/stats?month=6&year=2026 304 - - 63.788 ms","timestamp":"2026-06-03 12:54:38"}
{"level":"info","message":"GET /api/admin-status 304 - - 62.609 ms","timestamp":"2026-06-03 12:54:38"}
{"level":"info","message":"GET /api/appointments/revenue 304 - - 112.596 ms","timestamp":"2026-06-03 12:54:38"}
{"level":"info","message":"GET /api/appointments/all 304 - - 169.686 ms","timestamp":"2026-06-03 12:54:38"}
{"level":"info","message":"GET /api/users 304 - - 143.512 ms","timestamp":"2026-06-03 12:54:38"}
{"level":"info","message":"GET /api/tasks 304 - - 98.443 ms","timestamp":"2026-06-03 12:54:38"}
{"level":"info","message":"GET /api/tasks 304 - - 98.842 ms","timestamp":"2026-06-03 12:54:38"}
{"level":"info","message":"OPTIONS /api/calls/daily-stats 200 0 - 0.046 ms","timestamp":"2026-06-03 12:54:42"}
{"level":"info","message":"OPTIONS /api/telecaller-reports 200 0 - 0.038 ms","timestamp":"2026-06-03 12:54:42"}
{"level":"info","message":"OPTIONS /api/calls/daily-stats 200 0 - 0.047 ms","timestamp":"2026-06-03 12:54:42"}
{"level":"info","message":"OPTIONS /api/telecaller-reports 200 0 - 0.026 ms","timestamp":"2026-06-03 12:54:42"}
{"level":"info","message":"GET /api/telecaller-reports 200 604 - 52.131 ms","timestamp":"2026-06-03 12:54:42"}
{"level":"info","message":"GET /api/calls/daily-stats 304 - - 54.980 ms","timestamp":"2026-06-03 12:54:42"}
{"level":"info","message":"GET /api/telecaller-reports 304 - - 52.210 ms","timestamp":"2026-06-03 12:54:42"}
{"level":"info","message":"GET /api/calls/daily-stats 304 - - 52.958 ms","timestamp":"2026-06-03 12:54:42"}
{"level":"info","message":"OPTIONS /api/telecaller-reports/marketing-summary?startDate=2026-05-04&endDate=2026-06-03 200 0 - 0.052 ms","timestamp":"2026-06-03 12:54:45"}
{"level":"info","message":"OPTIONS /api/telecaller-reports/marketing-summary?startDate=2026-05-04&endDate=2026-06-03 200 0 - 0.036 ms","timestamp":"2026-06-03 12:54:45"}
{"level":"info","message":"GET /api/telecaller-reports 304 - - 283.350 ms","timestamp":"2026-06-03 12:54:45"}
{"level":"info","message":"GET /api/telecaller-reports/marketing-summary?startDate=2026-05-04&endDate=2026-06-03 200 200 - 282.718 ms","timestamp":"2026-06-03 12:54:45"}
{"level":"info","message":"GET /api/telecaller-reports 304 - - 40.671 ms","timestamp":"2026-06-03 12:54:45"}
{"level":"info","message":"GET /api/telecaller-reports/marketing-summary?startDate=2026-05-04&endDate=2026-06-03 304 - - 40.880 ms","timestamp":"2026-06-03 12:54:45"}
{"level":"info","message":"OPTIONS /api/attendance/2026/6 200 0 - 0.158 ms","timestamp":"2026-06-03 12:55:07"}
{"level":"info","message":"GET /api/attendance/2026/6 304 - - 73.550 ms","timestamp":"2026-06-03 12:55:07"}
{"level":"info","message":"OPTIONS /api/calls/daily-stats 200 0 - 0.074 ms","timestamp":"2026-06-03 12:55:11"}
{"level":"info","message":"OPTIONS /api/telecaller-reports 200 0 - 0.043 ms","timestamp":"2026-06-03 12:55:11"}
{"level":"info","message":"OPTIONS /api/calls/daily-stats 200 0 - 0.026 ms","timestamp":"2026-06-03 12:55:11"}
{"level":"info","message":"OPTIONS /api/telecaller-reports 200 0 - 0.036 ms","timestamp":"2026-06-03 12:55:11"}
{"level":"info","message":"GET /api/telecaller-reports 304 - - 40.367 ms","timestamp":"2026-06-03 12:55:11"}
{"level":"info","message":"GET /api/calls/daily-stats 304 - - 45.556 ms","timestamp":"2026-06-03 12:55:11"}
{"level":"info","message":"GET /api/telecaller-reports 304 - - 39.839 ms","timestamp":"2026-06-03 12:55:11"}
{"level":"info","message":"GET /api/calls/daily-stats 304 - - 40.844 ms","timestamp":"2026-06-03 12:55:11"}
{"level":"info","message":"OPTIONS /api/telecaller-reports/marketing-summary?startDate=2026-05-04&endDate=2026-06-03 200 0 - 0.063 ms","timestamp":"2026-06-03 12:55:14"}
{"level":"info","message":"OPTIONS /api/telecaller-reports/marketing-summary?startDate=2026-05-04&endDate=2026-06-03 200 0 - 0.050 ms","timestamp":"2026-06-03 12:55:14"}
{"level":"info","message":"GET /api/telecaller-reports 304 - - 42.750 ms","timestamp":"2026-06-03 12:55:14"}
{"level":"info","message":"GET /api/telecaller-reports/marketing-summary?startDate=2026-05-04&endDate=2026-06-03 304 - - 42.098 ms","timestamp":"2026-06-03 12:55:14"}
{"level":"info","message":"GET /api/telecaller-reports/marketing-summary?startDate=2026-05-04&endDate=2026-06-03 304 - - 41.776 ms","timestamp":"2026-06-03 12:55:14"}
{"level":"info","message":"GET /api/telecaller-reports 304 - - 52.624 ms","timestamp":"2026-06-03 12:55:14"}
{"level":"info","message":"GET /api/telecaller-reports 304 - - 39.873 ms","timestamp":"2026-06-03 12:55:16"}
{"level":"info","message":"GET /api/calls/daily-stats 304 - - 42.102 ms","timestamp":"2026-06-03 12:55:16"}
{"level":"info","message":"GET /api/telecaller-reports 304 - - 40.737 ms","timestamp":"2026-06-03 12:55:16"}
{"level":"info","message":"GET /api/calls/daily-stats 304 - - 40.746 ms","timestamp":"2026-06-03 12:55:16"}
{"level":"info","message":"OPTIONS /api/attendance/2026/6 200 0 - 0.048 ms","timestamp":"2026-06-03 12:55:38"}
{"level":"info","message":"GET /api/attendance/2026/6 304 - - 88.257 ms","timestamp":"2026-06-03 12:55:38"}
{"level":"info","message":"OPTIONS /api/attendance/2026/6 200 0 - 0.143 ms","timestamp":"2026-06-03 12:56:08"}
{"level":"info","message":"GET /api/attendance/2026/6 304 - - 68.611 ms","timestamp":"2026-06-03 12:56:08"}
{"level":"info","message":"OPTIONS /api/attendance/2026/6 200 0 - 0.165 ms","timestamp":"2026-06-03 12:56:38"}
{"level":"info","message":"GET /api/attendance/2026/6 304 - - 69.432 ms","timestamp":"2026-06-03 12:56:38"}
{"level":"info","message":"OPTIONS /api/calls/sip-config 200 0 - 0.279 ms","timestamp":"2026-06-03 12:57:02"}
{"level":"info","message":"OPTIONS /api/messages/unread-count 200 0 - 0.095 ms","timestamp":"2026-06-03 12:57:02"}
{"level":"info","message":"OPTIONS /api/calls/sip-config 200 0 - 0.104 ms","timestamp":"2026-06-03 12:57:02"}
{"level":"info","message":"OPTIONS /api/messages/unread-count 200 0 - 0.094 ms","timestamp":"2026-06-03 12:57:02"}
{"level":"info","message":"GET /api/calls/sip-config 304 - - 27.256 ms","timestamp":"2026-06-03 12:57:02"}
{"level":"info","message":"GET /api/calls/sip-config 304 - - 23.811 ms","timestamp":"2026-06-03 12:57:02"}
{"level":"info","message":"GET /api/messages/unread-count 304 - - 49.598 ms","timestamp":"2026-06-03 12:57:02"}
{"level":"info","message":"GET /api/messages/unread-count 304 - - 44.678 ms","timestamp":"2026-06-03 12:57:02"}
{"level":"info","message":"OPTIONS /api/attendance/2026/6 200 0 - 0.079 ms","timestamp":"2026-06-03 12:57:02"}
{"level":"info","message":"OPTIONS /api/users 200 0 - 0.039 ms","timestamp":"2026-06-03 12:57:02"}
{"level":"info","message":"OPTIONS /api/calls/daily-stats 200 0 - 0.061 ms","timestamp":"2026-06-03 12:57:02"}
{"level":"info","message":"OPTIONS /api/telecaller-reports 200 0 - 0.064 ms","timestamp":"2026-06-03 12:57:02"}
{"level":"info","message":"OPTIONS /api/telecaller-reports 200 0 - 0.069 ms","timestamp":"2026-06-03 12:57:02"}
{"level":"info","message":"GET /api/telecaller-reports 304 - - 42.905 ms","timestamp":"2026-06-03 12:57:02"}
{"level":"info","message":"GET /api/calls/daily-stats 304 - - 47.432 ms","timestamp":"2026-06-03 12:57:02"}
{"level":"info","message":"GET /api/attendance/2026/6 304 - - 64.490 ms","timestamp":"2026-06-03 12:57:02"}
{"level":"info","message":"GET /api/telecaller-reports 304 - - 54.332 ms","timestamp":"2026-06-03 12:57:02"}
{"level":"info","message":"GET /api/calls/daily-stats 304 - - 54.541 ms","timestamp":"2026-06-03 12:57:02"}
{"level":"info","message":"GET /api/users 200 - - 126.924 ms","timestamp":"2026-06-03 12:57:02"}
{"level":"info","message":"GET /api/attendance/2026/6 304 - - 92.376 ms","timestamp":"2026-06-03 12:57:02"}
{"level":"info","message":"GET /api/calls/daily-stats 304 - - 42.565 ms","timestamp":"2026-06-03 12:57:02"}
{"level":"info","message":"GET /api/telecaller-reports 304 - - 41.377 ms","timestamp":"2026-06-03 12:57:02"}
{"level":"info","message":"OPTIONS /api/telecaller-reports/marketing-summary?startDate=2026-05-04&endDate=2026-06-03 200 0 - 0.053 ms","timestamp":"2026-06-03 12:57:05"}
{"level":"info","message":"OPTIONS /api/telecaller-reports/marketing-summary?startDate=2026-05-04&endDate=2026-06-03 200 0 - 0.041 ms","timestamp":"2026-06-03 12:57:05"}
{"level":"info","message":"GET /api/telecaller-reports 304 - - 40.541 ms","timestamp":"2026-06-03 12:57:05"}
{"level":"info","message":"GET /api/telecaller-reports/marketing-summary?startDate=2026-05-04&endDate=2026-06-03 304 - - 40.294 ms","timestamp":"2026-06-03 12:57:05"}
{"level":"info","message":"GET /api/telecaller-reports 304 - - 40.604 ms","timestamp":"2026-06-03 12:57:05"}
{"level":"info","message":"GET /api/telecaller-reports/marketing-summary?startDate=2026-05-04&endDate=2026-06-03 304 - - 40.205 ms","timestamp":"2026-06-03 12:57:05"}
{"level":"info","message":"OPTIONS /api/attendance/2026/6 200 0 - 0.176 ms","timestamp":"2026-06-03 12:57:32"}
{"level":"info","message":"GET /api/attendance/2026/6 304 - - 75.409 ms","timestamp":"2026-06-03 12:57:32"}
{"level":"info","message":"OPTIONS /api/attendance/2026/6 200 0 - 0.050 ms","timestamp":"2026-06-03 12:58:03"}
{"level":"info","message":"GET /api/attendance/2026/6 304 - - 72.702 ms","timestamp":"2026-06-03 12:58:03"}
{"level":"info","message":"OPTIONS /api/attendance/2026/6 200 0 - 0.229 ms","timestamp":"2026-06-03 12:58:33"}
{"level":"info","message":"GET /api/attendance/2026/6 304 - - 69.977 ms","timestamp":"2026-06-03 12:58:33"}
{"level":"info","message":"OPTIONS /api/attendance/2026/6 200 0 - 0.115 ms","timestamp":"2026-06-03 12:59:03"}
{"level":"info","message":"GET /api/attendance/2026/6 304 - - 65.050 ms","timestamp":"2026-06-03 12:59:03"}
{"level":"info","message":"OPTIONS /api/attendance/2026/6 200 0 - 0.055 ms","timestamp":"2026-06-03 12:59:33"}
{"level":"info","message":"GET /api/attendance/2026/6 304 - - 61.729 ms","timestamp":"2026-06-03 12:59:33"}
{"level":"info","message":"OPTIONS /api/attendance/2026/6 200 0 - 0.058 ms","timestamp":"2026-06-03 13:00:03"}
{"level":"info","message":"GET /api/attendance/2026/6 304 - - 63.167 ms","timestamp":"2026-06-03 13:00:03"}
{"level":"info","message":"OPTIONS /api/calls/sip-config 200 0 - 0.095 ms","timestamp":"2026-06-03 13:20:52"}
{"level":"info","message":"OPTIONS /api/messages/unread-count 200 0 - 0.078 ms","timestamp":"2026-06-03 13:20:52"}
{"level":"info","message":"OPTIONS /api/calls/sip-config 200 0 - 0.121 ms","timestamp":"2026-06-03 13:20:52"}
{"level":"info","message":"OPTIONS /api/messages/unread-count 200 0 - 0.073 ms","timestamp":"2026-06-03 13:20:52"}
{"level":"info","message":"GET /api/calls/sip-config 304 - - 23.055 ms","timestamp":"2026-06-03 13:20:52"}
{"level":"info","message":"GET /api/messages/unread-count 304 - - 44.068 ms","timestamp":"2026-06-03 13:20:52"}
{"level":"info","message":"GET /api/calls/sip-config 304 - - 25.047 ms","timestamp":"2026-06-03 13:20:52"}
{"level":"info","message":"GET /api/messages/unread-count 304 - - 42.044 ms","timestamp":"2026-06-03 13:20:52"}
{"level":"info","message":"OPTIONS /api/attendance/2026/6 200 0 - 0.085 ms","timestamp":"2026-06-03 13:20:53"}
{"level":"info","message":"OPTIONS /api/telecaller-reports 200 0 - 0.071 ms","timestamp":"2026-06-03 13:20:53"}
{"level":"info","message":"OPTIONS /api/telecaller-reports/marketing-summary?startDate=2026-05-04&endDate=2026-06-03 200 0 - 0.076 ms","timestamp":"2026-06-03 13:20:53"}
{"level":"info","message":"GET /api/telecaller-reports 304 - - 50.226 ms","timestamp":"2026-06-03 13:20:53"}
{"level":"info","message":"GET /api/telecaller-reports/marketing-summary?startDate=2026-05-04&endDate=2026-06-03 304 - - 50.338 ms","timestamp":"2026-06-03 13:20:53"}
{"level":"info","message":"GET /api/attendance/2026/6 304 - - 79.179 ms","timestamp":"2026-06-03 13:20:53"}
{"level":"info","message":"GET /api/telecaller-reports 304 - - 44.853 ms","timestamp":"2026-06-03 13:20:53"}
{"level":"info","message":"GET /api/telecaller-reports/marketing-summary?startDate=2026-05-04&endDate=2026-06-03 304 - - 43.830 ms","timestamp":"2026-06-03 13:20:53"}
{"level":"info","message":"GET /api/attendance/2026/6 304 - - 62.411 ms","timestamp":"2026-06-03 13:20:53"}
{"level":"info","message":"OPTIONS /api/attendance/2026/6 200 0 - 0.077 ms","timestamp":"2026-06-03 13:21:23"}
{"level":"info","message":"GET /api/attendance/2026/6 304 - - 61.310 ms","timestamp":"2026-06-03 13:21:23"}
{"level":"info","message":"OPTIONS /api/attendance/2026/6 200 0 - 0.087 ms","timestamp":"2026-06-03 13:21:53"}
{"level":"info","message":"GET /api/attendance/2026/6 304 - - 68.285 ms","timestamp":"2026-06-03 13:21:53"}
{"level":"info","message":"OPTIONS /api/attendance/2026/6 200 0 - 0.073 ms","timestamp":"2026-06-03 13:22:23"}
{"level":"info","message":"GET /api/attendance/2026/6 304 - - 69.835 ms","timestamp":"2026-06-03 13:22:23"}
{"level":"info","message":"OPTIONS /api/attendance/2026/6 200 0 - 0.176 ms","timestamp":"2026-06-03 13:22:53"}
{"level":"info","message":"GET /api/attendance/2026/6 304 - - 77.983 ms","timestamp":"2026-06-03 13:22:53"}
{"level":"info","message":"OPTIONS /api/attendance/2026/6 200 0 - 0.071 ms","timestamp":"2026-06-03 13:23:23"}
{"level":"info","message":"GET /api/attendance/2026/6 304 - - 64.448 ms","timestamp":"2026-06-03 13:23:23"}
{"level":"info","message":"OPTIONS /api/attendance/2026/6 200 0 - 0.140 ms","timestamp":"2026-06-03 13:23:53"}
{"level":"info","message":"GET /api/attendance/2026/6 304 - - 71.452 ms","timestamp":"2026-06-03 13:23:53"}
{"level":"info","message":"OPTIONS /api/attendance/2026/6 200 0 - 0.117 ms","timestamp":"2026-06-03 13:24:39"}
{"level":"info","message":"GET /api/attendance/2026/6 304 - - 70.813 ms","timestamp":"2026-06-03 13:24:39"}
{"level":"info","message":"OPTIONS /api/attendance/2026/6 200 0 - 0.283 ms","timestamp":"2026-06-03 13:25:39"}
{"level":"info","message":"GET /api/attendance/2026/6 304 - - 78.234 ms","timestamp":"2026-06-03 13:25:39"}
{"level":"info","message":"OPTIONS /api/attendance/2026/6 200 0 - 0.259 ms","timestamp":"2026-06-03 13:26:39"}
{"level":"info","message":"GET /api/attendance/2026/6 304 - - 75.488 ms","timestamp":"2026-06-03 13:26:39"}
{"level":"info","message":"OPTIONS /api/attendance/2026/6 200 0 - 0.056 ms","timestamp":"2026-06-03 13:27:39"}
{"level":"info","message":"GET /api/attendance/2026/6 304 - - 61.172 ms","timestamp":"2026-06-03 13:27:39"}
{"level":"info","message":"OPTIONS /api/attendance/2026/6 200 0 - 0.166 ms","timestamp":"2026-06-03 13:28:39"}
{"level":"info","message":"GET /api/attendance/2026/6 304 - - 80.377 ms","timestamp":"2026-06-03 13:28:39"}
{"level":"info","message":"OPTIONS /api/attendance/2026/6 200 0 - 0.048 ms","timestamp":"2026-06-03 13:29:39"}
{"level":"info","message":"GET /api/attendance/2026/6 304 - - 63.964 ms","timestamp":"2026-06-03 13:29:39"}
{"level":"info","message":"OPTIONS /api/attendance/2026/6 200 0 - 0.074 ms","timestamp":"2026-06-03 13:30:39"}
{"level":"info","message":"GET /api/attendance/2026/6 304 - - 64.949 ms","timestamp":"2026-06-03 13:30:39"}
{"level":"info","message":"OPTIONS /api/attendance/2026/6 200 0 - 0.098 ms","timestamp":"2026-06-03 13:31:39"}
{"level":"info","message":"GET /api/attendance/2026/6 304 - - 71.949 ms","timestamp":"2026-06-03 13:31:39"}
{"level":"info","message":"OPTIONS /api/attendance/2026/6 200 0 - 0.099 ms","timestamp":"2026-06-03 13:32:39"}
{"level":"info","message":"GET /api/attendance/2026/6 200 - - 62.812 ms","timestamp":"2026-06-03 13:32:39"}
{"level":"info","message":"OPTIONS /api/attendance/2026/6 200 0 - 0.099 ms","timestamp":"2026-06-03 13:33:39"}
{"level":"info","message":"GET /api/attendance/2026/6 304 - - 67.773 ms","timestamp":"2026-06-03 13:33:39"}
{"level":"info","message":"OPTIONS /api/attendance/2026/6 200 0 - 0.259 ms","timestamp":"2026-06-03 13:34:39"}
{"level":"info","message":"GET /api/attendance/2026/6 304 - - 68.865 ms","timestamp":"2026-06-03 13:34:39"}
{"level":"info","message":"OPTIONS /api/attendance/2026/6 200 0 - 0.121 ms","timestamp":"2026-06-03 13:35:39"}
{"level":"info","message":"GET /api/attendance/2026/6 304 - - 69.818 ms","timestamp":"2026-06-03 13:35:39"}
{"level":"info","message":"OPTIONS /api/attendance/2026/6 200 0 - 0.168 ms","timestamp":"2026-06-03 13:36:39"}
{"level":"info","message":"GET /api/attendance/2026/6 304 - - 70.603 ms","timestamp":"2026-06-03 13:36:39"}
{"level":"info","message":"OPTIONS /api/attendance/2026/6 200 0 - 0.277 ms","timestamp":"2026-06-03 13:37:39"}
{"level":"info","message":"GET /api/attendance/2026/6 304 - - 68.596 ms","timestamp":"2026-06-03 13:37:39"}
{"level":"info","message":"OPTIONS /api/attendance/2026/6 200 0 - 0.267 ms","timestamp":"2026-06-03 13:38:39"}
{"level":"info","message":"GET /api/attendance/2026/6 304 - - 69.735 ms","timestamp":"2026-06-03 13:38:39"}
{"level":"info","message":"OPTIONS /api/attendance/2026/6 200 0 - 0.158 ms","timestamp":"2026-06-03 13:39:39"}
{"level":"info","message":"GET /api/attendance/2026/6 304 - - 73.904 ms","timestamp":"2026-06-03 13:39:39"}
{"level":"info","message":"OPTIONS /api/attendance/2026/6 200 0 - 0.134 ms","timestamp":"2026-06-03 13:40:39"}
{"level":"info","message":"GET /api/attendance/2026/6 304 - - 92.729 ms","timestamp":"2026-06-03 13:40:39"}
{"level":"info","message":"OPTIONS /api/attendance/2026/6 200 0 - 0.122 ms","timestamp":"2026-06-03 13:41:39"}
{"level":"info","message":"GET /api/attendance/2026/6 304 - - 67.385 ms","timestamp":"2026-06-03 13:41:39"}
{"level":"info","message":"OPTIONS /api/attendance/2026/6 200 0 - 0.077 ms","timestamp":"2026-06-03 13:42:39"}
{"level":"info","message":"GET /api/attendance/2026/6 304 - - 79.911 ms","timestamp":"2026-06-03 13:42:39"}
{"level":"info","message":"OPTIONS /api/attendance/2026/6 200 0 - 0.240 ms","timestamp":"2026-06-03 13:43:39"}
{"level":"info","message":"GET /api/attendance/2026/6 304 - - 82.376 ms","timestamp":"2026-06-03 13:43:39"}
{"level":"info","message":"OPTIONS /api/attendance/2026/6 200 0 - 0.113 ms","timestamp":"2026-06-03 13:44:39"}
{"level":"info","message":"GET /api/attendance/2026/6 304 - - 64.016 ms","timestamp":"2026-06-03 13:44:39"}
{"level":"info","message":"OPTIONS /api/attendance/2026/6 200 0 - 0.253 ms","timestamp":"2026-06-03 13:45:39"}
{"level":"info","message":"GET /api/attendance/2026/6 304 - - 76.134 ms","timestamp":"2026-06-03 13:45:39"}
{"level":"info","message":"OPTIONS /api/attendance/2026/6 200 0 - 0.112 ms","timestamp":"2026-06-03 13:46:39"}
{"level":"info","message":"GET /api/attendance/2026/6 304 - - 67.360 ms","timestamp":"2026-06-03 13:46:39"}
{"level":"info","message":"OPTIONS /api/attendance/2026/6 200 0 - 0.176 ms","timestamp":"2026-06-03 13:47:39"}
{"level":"info","message":"GET /api/attendance/2026/6 304 - - 67.918 ms","timestamp":"2026-06-03 13:47:39"}
{"level":"info","message":"OPTIONS /api/attendance/2026/6 200 0 - 0.149 ms","timestamp":"2026-06-03 13:48:39"}
{"level":"info","message":"GET /api/attendance/2026/6 304 - - 76.749 ms","timestamp":"2026-06-03 13:48:39"}
{"level":"info","message":"OPTIONS /api/attendance/2026/6 200 0 - 0.263 ms","timestamp":"2026-06-03 13:49:39"}
{"level":"info","message":"GET /api/attendance/2026/6 304 - - 82.429 ms","timestamp":"2026-06-03 13:49:39"}
{"level":"info","message":"OPTIONS /api/attendance/2026/6 200 0 - 0.066 ms","timestamp":"2026-06-03 13:50:39"}
{"level":"info","message":"GET /api/attendance/2026/6 304 - - 77.382 ms","timestamp":"2026-06-03 13:50:39"}
{"level":"info","message":"OPTIONS /api/attendance/2026/6 200 0 - 0.156 ms","timestamp":"2026-06-03 13:51:39"}
{"level":"info","message":"GET /api/attendance/2026/6 304 - - 70.331 ms","timestamp":"2026-06-03 13:51:39"}
{"level":"info","message":"OPTIONS /api/attendance/2026/6 200 0 - 0.055 ms","timestamp":"2026-06-03 13:52:39"}
{"level":"info","message":"GET /api/attendance/2026/6 304 - - 63.428 ms","timestamp":"2026-06-03 13:52:39"}
{"level":"info","message":"OPTIONS /api/attendance/2026/6 200 0 - 0.165 ms","timestamp":"2026-06-03 13:53:39"}
{"level":"info","message":"GET /api/attendance/2026/6 304 - - 68.134 ms","timestamp":"2026-06-03 13:53:39"}
{"level":"info","message":"OPTIONS /api/attendance/2026/6 200 0 - 0.717 ms","timestamp":"2026-06-03 13:54:39"}
{"level":"info","message":"GET /api/attendance/2026/6 304 - - 71.833 ms","timestamp":"2026-06-03 13:54:39"}
{"level":"info","message":"OPTIONS /api/attendance/2026/6 200 0 - 0.093 ms","timestamp":"2026-06-03 13:55:39"}
{"level":"info","message":"GET /api/attendance/2026/6 304 - - 65.515 ms","timestamp":"2026-06-03 13:55:39"}
{"level":"info","message":"OPTIONS /api/attendance/2026/6 200 0 - 0.243 ms","timestamp":"2026-06-03 13:56:39"}
{"level":"info","message":"GET /api/attendance/2026/6 304 - - 73.554 ms","timestamp":"2026-06-03 13:56:39"}
{"level":"info","message":"OPTIONS /api/attendance/2026/6 200 0 - 0.173 ms","timestamp":"2026-06-03 13:57:39"}
{"level":"info","message":"GET /api/attendance/2026/6 304 - - 72.124 ms","timestamp":"2026-06-03 13:57:39"}
{"level":"info","message":"OPTIONS /api/attendance/2026/6 200 0 - 0.065 ms","timestamp":"2026-06-03 13:58:39"}
{"level":"info","message":"GET /api/attendance/2026/6 304 - - 64.033 ms","timestamp":"2026-06-03 13:58:39"}
{"level":"info","message":"OPTIONS /api/attendance/2026/6 200 0 - 0.156 ms","timestamp":"2026-06-03 13:59:39"}
{"level":"info","message":"GET /api/attendance/2026/6 304 - - 70.510 ms","timestamp":"2026-06-03 13:59:39"}
{"level":"info","message":"OPTIONS /api/attendance/2026/6 200 0 - 0.083 ms","timestamp":"2026-06-03 14:00:05"}
{"level":"info","message":"GET /api/attendance/2026/6 304 - - 62.959 ms","timestamp":"2026-06-03 14:00:05"}
{"level":"info","message":"OPTIONS /api/attendance/2026/6 200 0 - 0.268 ms","timestamp":"2026-06-03 14:00:23"}
{"level":"info","message":"GET /api/attendance/2026/6 304 - - 66.651 ms","timestamp":"2026-06-03 14:00:23"}
{"level":"info","message":"OPTIONS /api/attendance/2026/6 200 0 - 0.112 ms","timestamp":"2026-06-03 14:00:53"}
{"level":"info","message":"GET /api/attendance/2026/6 304 - - 70.254 ms","timestamp":"2026-06-03 14:00:53"}
{"level":"info","message":"OPTIONS /api/attendance/2026/6 200 0 - 0.177 ms","timestamp":"2026-06-03 14:01:23"}
{"level":"info","message":"GET /api/attendance/2026/6 304 - - 65.550 ms","timestamp":"2026-06-03 14:01:23"}
{"level":"info","message":"OPTIONS /api/attendance/2026/6 200 0 - 0.086 ms","timestamp":"2026-06-03 14:01:53"}
{"level":"info","message":"GET /api/attendance/2026/6 304 - - 65.470 ms","timestamp":"2026-06-03 14:01:53"}
{"level":"info","message":"OPTIONS /api/attendance/2026/6 200 0 - 0.168 ms","timestamp":"2026-06-03 14:02:23"}
{"level":"info","message":"GET /api/attendance/2026/6 304 - - 65.353 ms","timestamp":"2026-06-03 14:02:23"}
{"level":"info","message":"OPTIONS /api/attendance/2026/6 200 0 - 0.196 ms","timestamp":"2026-06-03 14:02:53"}
{"level":"info","message":"GET /api/attendance/2026/6 304 - - 70.458 ms","timestamp":"2026-06-03 14:02:53"}
{"level":"info","message":"OPTIONS /api/attendance/2026/6 200 0 - 0.125 ms","timestamp":"2026-06-03 14:03:23"}
{"level":"info","message":"GET /api/attendance/2026/6 304 - - 68.340 ms","timestamp":"2026-06-03 14:03:23"}
{"level":"info","message":"OPTIONS /api/attendance/2026/6 200 0 - 0.090 ms","timestamp":"2026-06-03 14:03:53"}
{"level":"info","message":"GET /api/attendance/2026/6 304 - - 63.033 ms","timestamp":"2026-06-03 14:03:53"}
{"level":"info","message":"OPTIONS /api/attendance/2026/6 200 0 - 0.098 ms","timestamp":"2026-06-03 14:04:23"}
{"level":"info","message":"GET /api/attendance/2026/6 304 - - 67.117 ms","timestamp":"2026-06-03 14:04:23"}
{"level":"info","message":"OPTIONS /api/attendance/2026/6 200 0 - 0.172 ms","timestamp":"2026-06-03 14:04:53"}
{"level":"info","message":"GET /api/attendance/2026/6 304 - - 76.370 ms","timestamp":"2026-06-03 14:04:53"}
{"level":"info","message":"OPTIONS /api/attendance/2026/6 200 0 - 0.163 ms","timestamp":"2026-06-03 14:05:23"}
{"level":"info","message":"GET /api/attendance/2026/6 304 - - 73.892 ms","timestamp":"2026-06-03 14:05:23"}
{"level":"info","message":"OPTIONS /api/attendance/2026/6 200 0 - 0.207 ms","timestamp":"2026-06-03 14:05:53"}
{"level":"info","message":"GET /api/attendance/2026/6 304 - - 72.248 ms","timestamp":"2026-06-03 14:05:53"}
{"level":"info","message":"OPTIONS /api/attendance/2026/6 200 0 - 0.051 ms","timestamp":"2026-06-03 14:06:23"}
{"level":"info","message":"GET /api/attendance/2026/6 304 - - 62.489 ms","timestamp":"2026-06-03 14:06:23"}
{"level":"info","message":"OPTIONS /api/attendance/2026/6 200 0 - 0.216 ms","timestamp":"2026-06-03 14:06:53"}
{"level":"info","message":"GET /api/attendance/2026/6 304 - - 73.194 ms","timestamp":"2026-06-03 14:06:53"}
{"level":"info","message":"OPTIONS /api/attendance/2026/6 200 0 - 0.169 ms","timestamp":"2026-06-03 14:07:23"}
{"level":"info","message":"GET /api/attendance/2026/6 304 - - 72.476 ms","timestamp":"2026-06-03 14:07:23"}
{"level":"info","message":"OPTIONS /api/attendance/2026/6 200 0 - 0.171 ms","timestamp":"2026-06-03 14:07:53"}
{"level":"info","message":"GET /api/attendance/2026/6 304 - - 70.147 ms","timestamp":"2026-06-03 14:07:53"}
{"level":"info","message":"OPTIONS /api/attendance/2026/6 200 0 - 0.202 ms","timestamp":"2026-06-03 14:08:23"}
{"level":"info","message":"GET /api/attendance/2026/6 304 - - 66.995 ms","timestamp":"2026-06-03 14:08:23"}
{"level":"info","message":"OPTIONS /api/users 200 0 - 0.051 ms","timestamp":"2026-06-03 14:08:36"}
{"level":"info","message":"OPTIONS /api/tasks 200 0 - 0.060 ms","timestamp":"2026-06-03 14:08:36"}
{"level":"info","message":"OPTIONS /api/users 200 0 - 0.039 ms","timestamp":"2026-06-03 14:08:36"}
{"level":"info","message":"OPTIONS /api/tasks 200 0 - 0.033 ms","timestamp":"2026-06-03 14:08:36"}
{"level":"info","message":"GET /api/tasks 304 - - 66.466 ms","timestamp":"2026-06-03 14:08:36"}
{"level":"info","message":"GET /api/users 200 - - 111.961 ms","timestamp":"2026-06-03 14:08:36"}
{"level":"info","message":"GET /api/tasks 304 - - 67.988 ms","timestamp":"2026-06-03 14:08:36"}
{"level":"info","message":"GET /api/users 304 - - 107.793 ms","timestamp":"2026-06-03 14:08:36"}
{"level":"info","message":"OPTIONS /api/attendance/2026/6 200 0 - 0.273 ms","timestamp":"2026-06-03 14:08:53"}
{"level":"info","message":"GET /api/attendance/2026/6 304 - - 76.794 ms","timestamp":"2026-06-03 14:08:53"}
{"level":"info","message":"OPTIONS /api/attendance/2026/6 200 0 - 0.180 ms","timestamp":"2026-06-03 14:09:23"}
{"level":"info","message":"GET /api/attendance/2026/6 304 - - 64.835 ms","timestamp":"2026-06-03 14:09:23"}
{"level":"info","message":"OPTIONS /api/calls/sip-config 200 0 - 0.202 ms","timestamp":"2026-06-03 14:32:47"}
{"level":"info","message":"OPTIONS /api/messages/unread-count 200 0 - 0.071 ms","timestamp":"2026-06-03 14:32:47"}
{"level":"info","message":"OPTIONS /api/calls/sip-config 200 0 - 0.071 ms","timestamp":"2026-06-03 14:32:47"}
{"level":"info","message":"OPTIONS /api/messages/unread-count 200 0 - 0.065 ms","timestamp":"2026-06-03 14:32:47"}
{"level":"info","message":"GET /api/calls/sip-config 304 - - 23.816 ms","timestamp":"2026-06-03 14:32:48"}
{"level":"info","message":"GET /api/calls/sip-config 304 - - 22.172 ms","timestamp":"2026-06-03 14:32:48"}
{"level":"info","message":"GET /api/messages/unread-count 304 - - 49.694 ms","timestamp":"2026-06-03 14:32:48"}
{"level":"info","message":"GET /api/messages/unread-count 304 - - 51.023 ms","timestamp":"2026-06-03 14:32:48"}
{"level":"info","message":"OPTIONS /api/attendance/2026/6 200 0 - 0.056 ms","timestamp":"2026-06-03 14:32:48"}
{"level":"info","message":"OPTIONS /api/appointments/revenue/reports 200 0 - 0.077 ms","timestamp":"2026-06-03 14:32:48"}
{"level":"info","message":"OPTIONS /api/appointments/all 200 0 - 0.064 ms","timestamp":"2026-06-03 14:32:48"}
{"level":"info","message":"OPTIONS /api/tasks 200 0 - 0.059 ms","timestamp":"2026-06-03 14:32:48"}
{"level":"info","message":"OPTIONS /api/users/all 200 0 - 0.042 ms","timestamp":"2026-06-03 14:32:48"}
{"level":"info","message":"OPTIONS /api/attendance/range?start=2026-05-31T18:30:00.000Z&end=2026-06-30T18:29:59.999Z 200 0 - 0.053 ms","timestamp":"2026-06-03 14:32:48"}
{"level":"info","message":"OPTIONS /api/admin-status 200 0 - 0.059 ms","timestamp":"2026-06-03 14:32:48"}
{"level":"info","message":"OPTIONS /api/appointments/stats?month=6&year=2026 200 0 - 0.055 ms","timestamp":"2026-06-03 14:32:48"}
{"level":"info","message":"OPTIONS /api/appointments/stats?month=5&year=2026 200 0 - 0.061 ms","timestamp":"2026-06-03 14:32:48"}
{"level":"info","message":"OPTIONS /api/appointments/revenue 200 0 - 0.082 ms","timestamp":"2026-06-03 14:32:48"}
{"level":"info","message":"OPTIONS /api/users 200 0 - 0.076 ms","timestamp":"2026-06-03 14:32:48"}
{"level":"info","message":"GET /api/appointments/revenue/reports 304 - - 44.879 ms","timestamp":"2026-06-03 14:32:48"}
{"level":"info","message":"GET /api/attendance/2026/6 304 - - 68.315 ms","timestamp":"2026-06-03 14:32:48"}
{"level":"info","message":"GET /api/tasks 304 - - 81.437 ms","timestamp":"2026-06-03 14:32:48"}
{"level":"info","message":"GET /api/attendance/range?start=2026-05-31T18:30:00.000Z&end=2026-06-30T18:29:59.999Z 200 - - 78.072 ms","timestamp":"2026-06-03 14:32:48"}
{"level":"info","message":"GET /api/admin-status 200 48 - 63.263 ms","timestamp":"2026-06-03 14:32:48"}
{"level":"info","message":"GET /api/appointments/stats?month=6&year=2026 304 - - 62.674 ms","timestamp":"2026-06-03 14:32:48"}
{"level":"info","message":"GET /api/users/all 200 - - 93.687 ms","timestamp":"2026-06-03 14:32:48"}
{"level":"info","message":"GET /api/appointments/all 304 - - 174.588 ms","timestamp":"2026-06-03 14:32:48"}
{"level":"info","message":"GET /api/appointments/stats?month=5&year=2026 304 - - 88.123 ms","timestamp":"2026-06-03 14:32:48"}
{"level":"info","message":"GET /api/appointments/revenue/reports 304 - - 66.710 ms","timestamp":"2026-06-03 14:32:48"}
{"level":"info","message":"GET /api/appointments/revenue 304 - - 93.907 ms","timestamp":"2026-06-03 14:32:48"}
{"level":"info","message":"GET /api/attendance/2026/6 304 - - 95.898 ms","timestamp":"2026-06-03 14:32:48"}
{"level":"info","message":"GET /api/tasks 304 - - 74.896 ms","timestamp":"2026-06-03 14:32:48"}
{"level":"info","message":"GET /api/admin-status 304 - - 52.981 ms","timestamp":"2026-06-03 14:32:48"}
{"level":"info","message":"GET /api/attendance/range?start=2026-05-31T18:30:00.000Z&end=2026-06-30T18:29:59.999Z 304 - - 81.218 ms","timestamp":"2026-06-03 14:32:48"}
{"level":"info","message":"GET /api/appointments/stats?month=6&year=2026 304 - - 58.957 ms","timestamp":"2026-06-03 14:32:48"}
{"level":"info","message":"GET /api/users 200 - - 149.336 ms","timestamp":"2026-06-03 14:32:48"}
{"level":"info","message":"GET /api/appointments/stats?month=5&year=2026 304 - - 53.306 ms","timestamp":"2026-06-03 14:32:48"}
{"level":"info","message":"GET /api/users/all 304 - - 107.033 ms","timestamp":"2026-06-03 14:32:48"}
{"level":"info","message":"GET /api/appointments/revenue 304 - - 125.859 ms","timestamp":"2026-06-03 14:32:48"}
{"level":"info","message":"GET /api/tasks 304 - - 125.222 ms","timestamp":"2026-06-03 14:32:48"}
{"level":"info","message":"GET /api/users 304 - - 127.055 ms","timestamp":"2026-06-03 14:32:48"}
{"level":"info","message":"GET /api/appointments/all 304 - - 179.805 ms","timestamp":"2026-06-03 14:32:48"}
{"level":"info","message":"GET /api/tasks 304 - - 68.608 ms","timestamp":"2026-06-03 14:32:48"}
{"level":"info","message":"OPTIONS /api/appointments/stats?month=6&year=2026 200 0 - 0.169 ms","timestamp":"2026-06-03 14:32:59"}
{"level":"info","message":"OPTIONS /api/appointments/stats?month=5&year=2026 200 0 - 0.051 ms","timestamp":"2026-06-03 14:32:59"}
{"level":"info","message":"OPTIONS /api/appointments/revenue 200 0 - 0.031 ms","timestamp":"2026-06-03 14:32:59"}
{"level":"info","message":"OPTIONS /api/users 200 0 - 0.032 ms","timestamp":"2026-06-03 14:32:59"}
{"level":"info","message":"GET /api/appointments/stats?month=5&year=2026 304 - - 46.353 ms","timestamp":"2026-06-03 14:32:59"}
{"level":"info","message":"GET /api/appointments/stats?month=6&year=2026 304 - - 50.884 ms","timestamp":"2026-06-03 14:32:59"}
{"level":"info","message":"GET /api/appointments/revenue 304 - - 66.477 ms","timestamp":"2026-06-03 14:32:59"}
{"level":"info","message":"GET /api/users 200 - - 111.143 ms","timestamp":"2026-06-03 14:32:59"}
{"level":"info","message":"OPTIONS /api/calls/sip-config 200 0 - 0.080 ms","timestamp":"2026-06-03 14:33:04"}
{"level":"info","message":"OPTIONS /api/messages/unread-count 200 0 - 0.058 ms","timestamp":"2026-06-03 14:33:04"}
{"level":"info","message":"OPTIONS /api/calls/sip-config 200 0 - 0.051 ms","timestamp":"2026-06-03 14:33:04"}
{"level":"info","message":"GET /api/calls/sip-config 304 - - 21.926 ms","timestamp":"2026-06-03 14:33:04"}
{"level":"info","message":"GET /api/messages/unread-count 304 - - 50.480 ms","timestamp":"2026-06-03 14:33:04"}
{"level":"info","message":"GET /api/calls/sip-config 304 - - 20.897 ms","timestamp":"2026-06-03 14:33:04"}
{"level":"info","message":"GET /api/messages/unread-count 304 - - 41.601 ms","timestamp":"2026-06-03 14:33:04"}
{"level":"info","message":"OPTIONS /api/attendance/2026/6 200 0 - 0.087 ms","timestamp":"2026-06-03 14:33:04"}
{"level":"info","message":"OPTIONS /api/appointments/revenue/reports 200 0 - 0.083 ms","timestamp":"2026-06-03 14:33:04"}
{"level":"info","message":"OPTIONS /api/appointments/all 200 0 - 0.081 ms","timestamp":"2026-06-03 14:33:04"}
{"level":"info","message":"OPTIONS /api/tasks 200 0 - 0.082 ms","timestamp":"2026-06-03 14:33:04"}
{"level":"info","message":"OPTIONS /api/users/all 200 0 - 0.075 ms","timestamp":"2026-06-03 14:33:04"}
{"level":"info","message":"OPTIONS /api/attendance/range?start=2026-05-31T18:30:00.000Z&end=2026-06-30T18:29:59.999Z 200 0 - 0.042 ms","timestamp":"2026-06-03 14:33:04"}
{"level":"info","message":"OPTIONS /api/admin-status 200 0 - 0.054 ms","timestamp":"2026-06-03 14:33:04"}
{"level":"info","message":"OPTIONS /api/appointments/stats?month=6&year=2026 200 0 - 0.045 ms","timestamp":"2026-06-03 14:33:04"}
{"level":"info","message":"OPTIONS /api/appointments/stats?month=5&year=2026 200 0 - 0.056 ms","timestamp":"2026-06-03 14:33:04"}
{"level":"info","message":"OPTIONS /api/users 200 0 - 0.040 ms","timestamp":"2026-06-03 14:33:04"}
{"level":"info","message":"OPTIONS /api/users/all 200 0 - 0.037 ms","timestamp":"2026-06-03 14:33:04"}
{"level":"info","message":"OPTIONS /api/appointments/revenue 200 0 - 0.084 ms","timestamp":"2026-06-03 14:33:04"}
{"level":"info","message":"GET /api/appointments/revenue/reports 304 - - 43.331 ms","timestamp":"2026-06-03 14:33:04"}
{"level":"info","message":"GET /api/attendance/2026/6 304 - - 66.300 ms","timestamp":"2026-06-03 14:33:04"}
{"level":"info","message":"GET /api/tasks 304 - - 79.275 ms","timestamp":"2026-06-03 14:33:04"}
{"level":"info","message":"GET /api/attendance/range?start=2026-05-31T18:30:00.000Z&end=2026-06-30T18:29:59.999Z 304 - - 77.484 ms","timestamp":"2026-06-03 14:33:04"}
{"level":"info","message":"GET /api/appointments/stats?month=6&year=2026 304 - - 99.373 ms","timestamp":"2026-06-03 14:33:04"}
{"level":"info","message":"GET /api/appointments/all 304 - - 192.760 ms","timestamp":"2026-06-03 14:33:04"}
{"level":"info","message":"GET /api/appointments/stats?month=5&year=2026 304 - - 121.469 ms","timestamp":"2026-06-03 14:33:04"}
{"level":"info","message":"GET /api/users/all 200 - - 145.918 ms","timestamp":"2026-06-03 14:33:04"}
{"level":"info","message":"GET /api/appointments/revenue/reports 304 - - 55.345 ms","timestamp":"2026-06-03 14:33:04"}
{"level":"info","message":"GET /api/appointments/revenue 304 - - 97.371 ms","timestamp":"2026-06-03 14:33:04"}
{"level":"info","message":"GET /api/users 200 - - 202.364 ms","timestamp":"2026-06-03 14:33:04"}
{"level":"info","message":"GET /api/attendance/2026/6 304 - - 97.374 ms","timestamp":"2026-06-03 14:33:04"}
{"level":"info","message":"GET /api/tasks 304 - - 100.930 ms","timestamp":"2026-06-03 14:33:04"}
{"level":"info","message":"GET /api/appointments/stats?month=6&year=2026 304 - - 53.197 ms","timestamp":"2026-06-03 14:33:04"}
{"level":"info","message":"GET /api/admin-status 304 - - 313.915 ms","timestamp":"2026-06-03 14:33:04"}
{"level":"info","message":"GET /api/attendance/range?start=2026-05-31T18:30:00.000Z&end=2026-06-30T18:29:59.999Z 304 - - 104.334 ms","timestamp":"2026-06-03 14:33:04"}
{"level":"info","message":"GET /api/appointments/stats?month=5&year=2026 304 - - 52.748 ms","timestamp":"2026-06-03 14:33:04"}
{"level":"info","message":"GET /api/admin-status 304 - - 47.587 ms","timestamp":"2026-06-03 14:33:04"}
{"level":"info","message":"GET /api/users/all 200 - - 99.983 ms","timestamp":"2026-06-03 14:33:04"}
{"level":"info","message":"GET /api/appointments/revenue 304 - - 89.472 ms","timestamp":"2026-06-03 14:33:04"}
{"level":"info","message":"GET /api/tasks 304 - - 83.271 ms","timestamp":"2026-06-03 14:33:04"}
{"level":"info","message":"GET /api/appointments/all 304 - - 161.125 ms","timestamp":"2026-06-03 14:33:04"}
{"level":"info","message":"GET /api/appointments/revenue/reports 304 - - 57.188 ms","timestamp":"2026-06-03 14:33:04"}
{"level":"info","message":"GET /api/users 200 - - 137.797 ms","timestamp":"2026-06-03 14:33:04"}
{"level":"info","message":"GET /api/tasks 304 - - 80.842 ms","timestamp":"2026-06-03 14:33:04"}
{"level":"info","message":"OPTIONS /api/telecaller-reports 200 0 - 0.083 ms","timestamp":"2026-06-03 14:33:08"}
{"level":"info","message":"OPTIONS /api/telecaller-reports/marketing-summary?startDate=2026-05-04&endDate=2026-06-03 200 0 - 0.038 ms","timestamp":"2026-06-03 14:33:08"}
{"level":"info","message":"OPTIONS /api/telecaller-reports 200 0 - 0.059 ms","timestamp":"2026-06-03 14:33:08"}
{"level":"info","message":"OPTIONS /api/telecaller-reports/marketing-summary?startDate=2026-05-04&endDate=2026-06-03 200 0 - 0.047 ms","timestamp":"2026-06-03 14:33:08"}
{"level":"info","message":"GET /api/telecaller-reports 304 - - 42.073 ms","timestamp":"2026-06-03 14:33:08"}
{"level":"info","message":"GET /api/telecaller-reports/marketing-summary?startDate=2026-05-04&endDate=2026-06-03 304 - - 41.058 ms","timestamp":"2026-06-03 14:33:08"}
{"level":"info","message":"GET /api/telecaller-reports 304 - - 40.302 ms","timestamp":"2026-06-03 14:33:08"}
{"level":"info","message":"GET /api/telecaller-reports/marketing-summary?startDate=2026-05-04&endDate=2026-06-03 304 - - 39.811 ms","timestamp":"2026-06-03 14:33:08"}
{"level":"info","message":"✅ Redis Clients (Pub/Sub) Connected and Ready","timestamp":"2026-06-03 16:20:10"}
{"level":"info","message":"🚀 Server running on http://localhost:5000","timestamp":"2026-06-03 16:20:10"}
{"level":"info","message":"📡 Socket.IO server ready for connections","timestamp":"2026-06-03 16:20:10"}
{"level":"info","message":"HEAD /api/telecaller-reports 401 44 - 11.454 ms","timestamp":"2026-06-03 16:21:16"}
{"level":"info","message":"GET /api/telecaller-reports 401 44 - 1.854 ms","timestamp":"2026-06-03 16:21:16"}
{"level":"info","message":"✅ Redis Clients (Pub/Sub) Connected and Ready","timestamp":"2026-06-03 17:14:35"}
{"level":"info","message":"🚀 Server running on http://localhost:5000","timestamp":"2026-06-03 17:14:35"}
{"level":"info","message":"📡 Socket.IO server ready for connections","timestamp":"2026-06-03 17:14:35"}
{"level":"info","message":"OPTIONS /api/calls/sip-config 200 0 - 1.165 ms","timestamp":"2026-06-03 17:15:28"}
{"level":"info","message":"OPTIONS /api/messages/unread-count 200 0 - 0.248 ms","timestamp":"2026-06-03 17:15:28"}
{"level":"info","message":"OPTIONS /api/calls/sip-config 200 0 - 0.205 ms","timestamp":"2026-06-03 17:15:28"}
{"level":"info","message":"OPTIONS /api/messages/unread-count 200 0 - 0.134 ms","timestamp":"2026-06-03 17:15:28"}
{"level":"info","message":"GET /api/calls/sip-config 304 - - 41.543 ms","timestamp":"2026-06-03 17:15:28"}
{"level":"info","message":"GET /api/calls/sip-config 304 - - 23.309 ms","timestamp":"2026-06-03 17:15:28"}
{"level":"info","message":"GET /api/messages/unread-count 304 - - 49.396 ms","timestamp":"2026-06-03 17:15:28"}
{"level":"info","message":"GET /api/messages/unread-count 304 - - 58.425 ms","timestamp":"2026-06-03 17:15:28"}
{"level":"info","message":"OPTIONS /api/attendance/2026/6 200 0 - 0.158 ms","timestamp":"2026-06-03 17:15:28"}
{"level":"info","message":"OPTIONS /api/appointments/revenue/reports 200 0 - 0.143 ms","timestamp":"2026-06-03 17:15:28"}
{"level":"info","message":"OPTIONS /api/appointments/all 200 0 - 0.108 ms","timestamp":"2026-06-03 17:15:28"}
{"level":"info","message":"OPTIONS /api/tasks 200 0 - 0.114 ms","timestamp":"2026-06-03 17:15:28"}
{"level":"info","message":"OPTIONS /api/attendance/range?start=2026-05-31T18:30:00.000Z&end=2026-06-30T18:29:59.999Z 200 0 - 0.166 ms","timestamp":"2026-06-03 17:15:28"}
{"level":"info","message":"OPTIONS /api/users/all 200 0 - 0.148 ms","timestamp":"2026-06-03 17:15:28"}
{"level":"info","message":"OPTIONS /api/admin-status 200 0 - 0.146 ms","timestamp":"2026-06-03 17:15:28"}
{"level":"info","message":"OPTIONS /api/appointments/stats?month=6&year=2026 200 0 - 0.112 ms","timestamp":"2026-06-03 17:15:28"}
{"level":"info","message":"OPTIONS /api/appointments/stats?month=5&year=2026 200 0 - 0.069 ms","timestamp":"2026-06-03 17:15:28"}
{"level":"info","message":"OPTIONS /api/appointments/revenue 200 0 - 0.068 ms","timestamp":"2026-06-03 17:15:28"}
{"level":"info","message":"OPTIONS /api/users 200 0 - 0.069 ms","timestamp":"2026-06-03 17:15:28"}
{"level":"info","message":"OPTIONS /api/appointments/stats?month=5&year=2026 200 0 - 0.093 ms","timestamp":"2026-06-03 17:15:28"}
{"level":"info","message":"OPTIONS /api/appointments/revenue 200 0 - 0.142 ms","timestamp":"2026-06-03 17:15:28"}
{"level":"info","message":"OPTIONS /api/users 200 0 - 0.415 ms","timestamp":"2026-06-03 17:15:28"}
{"level":"info","message":"GET /api/appointments/revenue/reports 304 - - 120.948 ms","timestamp":"2026-06-03 17:15:28"}
{"level":"info","message":"GET /api/attendance/2026/6 200 - - 185.545 ms","timestamp":"2026-06-03 17:15:28"}
{"level":"info","message":"GET /api/users/all 200 - - 155.406 ms","timestamp":"2026-06-03 17:15:28"}
{"level":"info","message":"GET /api/attendance/range?start=2026-05-31T18:30:00.000Z&end=2026-06-30T18:29:59.999Z 200 - - 249.483 ms","timestamp":"2026-06-03 17:15:28"}
{"level":"info","message":"GET /api/appointments/all 304 - - 299.847 ms","timestamp":"2026-06-03 17:15:28"}
{"level":"info","message":"GET /api/admin-status 200 48 - 124.874 ms","timestamp":"2026-06-03 17:15:28"}
{"level":"info","message":"GET /api/appointments/stats?month=6&year=2026 304 - - 62.477 ms","timestamp":"2026-06-03 17:15:28"}
{"level":"info","message":"GET /api/appointments/stats?month=5&year=2026 304 - - 72.190 ms","timestamp":"2026-06-03 17:15:28"}
{"level":"info","message":"GET /api/appointments/revenue/reports 304 - - 49.512 ms","timestamp":"2026-06-03 17:15:28"}
{"level":"info","message":"GET /api/appointments/revenue 304 - - 102.093 ms","timestamp":"2026-06-03 17:15:28"}
{"level":"info","message":"GET /api/users/all 304 - - 79.374 ms","timestamp":"2026-06-03 17:15:29"}
{"level":"info","message":"GET /api/attendance/2026/6 304 - - 101.683 ms","timestamp":"2026-06-03 17:15:29"}
{"level":"info","message":"GET /api/tasks 304 - - 454.980 ms","timestamp":"2026-06-03 17:15:29"}
{"level":"info","message":"GET /api/users 200 - - 134.406 ms","timestamp":"2026-06-03 17:15:29"}
{"level":"info","message":"GET /api/attendance/range?start=2026-05-31T18:30:00.000Z&end=2026-06-30T18:29:59.999Z 304 - - 101.261 ms","timestamp":"2026-06-03 17:15:29"}
{"level":"info","message":"GET /api/admin-status 304 - - 50.584 ms","timestamp":"2026-06-03 17:15:29"}
{"level":"info","message":"GET /api/appointments/stats?month=6&year=2026 304 - - 50.138 ms","timestamp":"2026-06-03 17:15:29"}
{"level":"info","message":"GET /api/appointments/stats?month=5&year=2026 304 - - 65.122 ms","timestamp":"2026-06-03 17:15:29"}
{"level":"info","message":"GET /api/appointments/all 304 - - 177.124 ms","timestamp":"2026-06-03 17:15:29"}
{"level":"info","message":"GET /api/tasks 304 - - 103.039 ms","timestamp":"2026-06-03 17:15:29"}
{"level":"info","message":"GET /api/appointments/revenue 304 - - 115.270 ms","timestamp":"2026-06-03 17:15:29"}
{"level":"info","message":"GET /api/users 304 - - 114.512 ms","timestamp":"2026-06-03 17:15:29"}
{"level":"info","message":"GET /api/tasks 304 - - 65.889 ms","timestamp":"2026-06-03 17:15:29"}
{"level":"info","message":"GET /api/tasks 304 - - 62.426 ms","timestamp":"2026-06-03 17:15:29"}
{"level":"info","message":"OPTIONS /api/calls/sip-config 200 0 - 0.171 ms","timestamp":"2026-06-03 17:15:33"}
{"level":"info","message":"OPTIONS /api/messages/unread-count 200 0 - 0.076 ms","timestamp":"2026-06-03 17:15:33"}
{"level":"info","message":"OPTIONS /api/calls/sip-config 200 0 - 0.125 ms","timestamp":"2026-06-03 17:15:33"}
{"level":"info","message":"OPTIONS /api/messages/unread-count 200 0 - 0.137 ms","timestamp":"2026-06-03 17:15:33"}
{"level":"info","message":"GET /api/calls/sip-config 304 - - 33.217 ms","timestamp":"2026-06-03 17:15:33"}
{"level":"info","message":"GET /api/calls/sip-config 304 - - 22.522 ms","timestamp":"2026-06-03 17:15:33"}
{"level":"info","message":"GET /api/messages/unread-count 304 - - 58.879 ms","timestamp":"2026-06-03 17:15:33"}
{"level":"info","message":"GET /api/messages/unread-count 304 - - 47.552 ms","timestamp":"2026-06-03 17:15:33"}
{"level":"info","message":"OPTIONS /api/attendance/2026/6 200 0 - 0.086 ms","timestamp":"2026-06-03 17:15:33"}
{"level":"info","message":"OPTIONS /api/appointments/revenue/reports 200 0 - 0.104 ms","timestamp":"2026-06-03 17:15:33"}
{"level":"info","message":"OPTIONS /api/appointments/all 200 0 - 0.101 ms","timestamp":"2026-06-03 17:15:33"}
{"level":"info","message":"OPTIONS /api/tasks 200 0 - 0.081 ms","timestamp":"2026-06-03 17:15:33"}
{"level":"info","message":"OPTIONS /api/users/all 200 0 - 0.094 ms","timestamp":"2026-06-03 17:15:33"}
{"level":"info","message":"OPTIONS /api/attendance/range?start=2026-05-31T18:30:00.000Z&end=2026-06-30T18:29:59.999Z 200 0 - 0.091 ms","timestamp":"2026-06-03 17:15:33"}
{"level":"info","message":"OPTIONS /api/admin-status 200 0 - 0.099 ms","timestamp":"2026-06-03 17:15:33"}
{"level":"info","message":"OPTIONS /api/appointments/stats?month=6&year=2026 200 0 - 0.103 ms","timestamp":"2026-06-03 17:15:33"}
{"level":"info","message":"OPTIONS /api/appointments/stats?month=5&year=2026 200 0 - 0.078 ms","timestamp":"2026-06-03 17:15:33"}
{"level":"info","message":"OPTIONS /api/appointments/revenue 200 0 - 0.094 ms","timestamp":"2026-06-03 17:15:33"}
{"level":"info","message":"OPTIONS /api/users 200 0 - 0.088 ms","timestamp":"2026-06-03 17:15:33"}
{"level":"info","message":"OPTIONS /api/attendance/range?start=2026-05-31T18:30:00.000Z&end=2026-06-30T18:29:59.999Z 200 0 - 0.090 ms","timestamp":"2026-06-03 17:15:33"}
{"level":"info","message":"OPTIONS /api/admin-status 200 0 - 0.111 ms","timestamp":"2026-06-03 17:15:33"}
{"level":"info","message":"OPTIONS /api/appointments/stats?month=6&year=2026 200 0 - 0.088 ms","timestamp":"2026-06-03 17:15:33"}
{"level":"info","message":"OPTIONS /api/appointments/stats?month=5&year=2026 200 0 - 0.138 ms","timestamp":"2026-06-03 17:15:33"}
{"level":"info","message":"OPTIONS /api/appointments/revenue 200 0 - 0.081 ms","timestamp":"2026-06-03 17:15:33"}
{"level":"info","message":"OPTIONS /api/users 200 0 - 0.111 ms","timestamp":"2026-06-03 17:15:33"}
{"level":"info","message":"GET /api/appointments/revenue/reports 304 - - 48.795 ms","timestamp":"2026-06-03 17:15:33"}
{"level":"info","message":"GET /api/attendance/2026/6 304 - - 82.535 ms","timestamp":"2026-06-03 17:15:33"}
{"level":"info","message":"GET /api/attendance/range?start=2026-05-31T18:30:00.000Z&end=2026-06-30T18:29:59.999Z 304 - - 70.887 ms","timestamp":"2026-06-03 17:15:33"}
{"level":"info","message":"GET /api/tasks 304 - - 88.344 ms","timestamp":"2026-06-03 17:15:33"}
{"level":"info","message":"GET /api/users/all 200 - - 106.972 ms","timestamp":"2026-06-03 17:15:33"}
{"level":"info","message":"GET /api/appointments/all 304 - - 182.649 ms","timestamp":"2026-06-03 17:15:34"}
{"level":"info","message":"GET /api/appointments/stats?month=5&year=2026 304 - - 104.101 ms","timestamp":"2026-06-03 17:15:34"}
{"level":"info","message":"GET /api/appointments/stats?month=6&year=2026 304 - - 122.761 ms","timestamp":"2026-06-03 17:15:34"}
{"level":"info","message":"GET /api/appointments/revenue 304 - - 105.767 ms","timestamp":"2026-06-03 17:15:34"}
{"level":"info","message":"GET /api/appointments/revenue/reports 304 - - 50.137 ms","timestamp":"2026-06-03 17:15:34"}
{"level":"info","message":"GET /api/attendance/2026/6 304 - - 70.117 ms","timestamp":"2026-06-03 17:15:34"}
{"level":"info","message":"GET /api/attendance/range?start=2026-05-31T18:30:00.000Z&end=2026-06-30T18:29:59.999Z 304 - - 67.852 ms","timestamp":"2026-06-03 17:15:34"}
{"level":"info","message":"GET /api/tasks 304 - - 84.652 ms","timestamp":"2026-06-03 17:15:34"}
{"level":"info","message":"GET /api/users 200 - - 148.517 ms","timestamp":"2026-06-03 17:15:34"}
{"level":"info","message":"GET /api/appointments/stats?month=5&year=2026 304 - - 51.952 ms","timestamp":"2026-06-03 17:15:34"}
{"level":"info","message":"GET /api/admin-status 304 - - 291.761 ms","timestamp":"2026-06-03 17:15:34"}
{"level":"info","message":"GET /api/users/all 304 - - 99.515 ms","timestamp":"2026-06-03 17:15:34"}
{"level":"info","message":"GET /api/appointments/stats?month=6&year=2026 304 - - 44.972 ms","timestamp":"2026-06-03 17:15:34"}
{"level":"info","message":"GET /api/appointments/revenue 304 - - 89.094 ms","timestamp":"2026-06-03 17:15:34"}
{"level":"info","message":"GET /api/appointments/all 304 - - 159.256 ms","timestamp":"2026-06-03 17:15:34"}
{"level":"info","message":"GET /api/admin-status 304 - - 85.135 ms","timestamp":"2026-06-03 17:15:34"}
{"level":"info","message":"GET /api/tasks 304 - - 111.608 ms","timestamp":"2026-06-03 17:15:34"}
{"level":"info","message":"GET /api/users 304 - - 101.757 ms","timestamp":"2026-06-03 17:15:34"}
{"level":"info","message":"GET /api/tasks 304 - - 68.777 ms","timestamp":"2026-06-03 17:15:34"}
{"level":"info","message":"OPTIONS /api/calls/daily-stats 200 0 - 0.092 ms","timestamp":"2026-06-03 17:15:38"}
{"level":"info","message":"OPTIONS /api/telecaller-reports 200 0 - 0.078 ms","timestamp":"2026-06-03 17:15:38"}
{"level":"info","message":"OPTIONS /api/calls/daily-stats 200 0 - 0.116 ms","timestamp":"2026-06-03 17:15:38"}
{"level":"info","message":"OPTIONS /api/telecaller-reports 200 0 - 0.083 ms","timestamp":"2026-06-03 17:15:38"}
{"level":"info","message":"GET /api/telecaller-reports 304 - - 40.739 ms","timestamp":"2026-06-03 17:15:38"}
{"level":"info","message":"GET /api/calls/daily-stats 304 - - 48.242 ms","timestamp":"2026-06-03 17:15:38"}
{"level":"info","message":"GET /api/telecaller-reports 304 - - 42.812 ms","timestamp":"2026-06-03 17:15:38"}
{"level":"info","message":"GET /api/calls/daily-stats 304 - - 40.357 ms","timestamp":"2026-06-03 17:15:38"}
{"level":"info","message":"OPTIONS /api/leads 200 0 - 0.059 ms","timestamp":"2026-06-03 17:15:41"}
{"level":"info","message":"OPTIONS /api/leads 200 0 - 0.077 ms","timestamp":"2026-06-03 17:15:41"}
{"level":"info","message":"GET /api/leads 200 - - 121.685 ms","timestamp":"2026-06-03 17:15:41"}
{"level":"info","message":"GET /api/leads 304 - - 72.560 ms","timestamp":"2026-06-03 17:15:41"}
{"level":"info","message":"OPTIONS /api/attendance/2026/6 200 0 - 0.209 ms","timestamp":"2026-06-03 17:16:03"}
{"level":"info","message":"GET /api/attendance/2026/6 304 - - 82.249 ms","timestamp":"2026-06-03 17:16:03"}
{"level":"info","message":"OPTIONS /api/calls/sip-config 200 0 - 0.095 ms","timestamp":"2026-06-03 17:16:26"}
{"level":"info","message":"OPTIONS /api/messages/unread-count 200 0 - 0.091 ms","timestamp":"2026-06-03 17:16:26"}
{"level":"info","message":"OPTIONS /api/messages/unread-count 200 0 - 0.094 ms","timestamp":"2026-06-03 17:16:26"}
{"level":"info","message":"GET /api/calls/sip-config 304 - - 25.023 ms","timestamp":"2026-06-03 17:16:26"}
{"level":"info","message":"GET /api/calls/sip-config 304 - - 23.908 ms","timestamp":"2026-06-03 17:16:26"}
{"level":"info","message":"GET /api/messages/unread-count 304 - - 57.649 ms","timestamp":"2026-06-03 17:16:26"}
{"level":"info","message":"GET /api/messages/unread-count 304 - - 44.444 ms","timestamp":"2026-06-03 17:16:26"}
{"level":"info","message":"OPTIONS /api/calls/sip-config 200 0 - 0.102 ms","timestamp":"2026-06-03 17:16:34"}
{"level":"info","message":"OPTIONS /api/messages/unread-count 200 0 - 0.126 ms","timestamp":"2026-06-03 17:16:34"}
{"level":"info","message":"OPTIONS /api/messages/unread-count 200 0 - 0.084 ms","timestamp":"2026-06-03 17:16:34"}
{"level":"info","message":"GET /api/calls/sip-config 304 - - 25.042 ms","timestamp":"2026-06-03 17:16:34"}
{"level":"info","message":"GET /api/messages/unread-count 304 - - 45.795 ms","timestamp":"2026-06-03 17:16:34"}
{"level":"info","message":"GET /api/calls/sip-config 304 - - 22.231 ms","timestamp":"2026-06-03 17:16:34"}
{"level":"info","message":"GET /api/messages/unread-count 304 - - 43.500 ms","timestamp":"2026-06-03 17:16:34"}
{"level":"info","message":"OPTIONS /api/attendance/2026/6 200 0 - 0.079 ms","timestamp":"2026-06-03 17:16:34"}
{"level":"info","message":"OPTIONS /api/telecaller-reports 200 0 - 0.070 ms","timestamp":"2026-06-03 17:16:34"}
{"level":"info","message":"OPTIONS /api/telecaller-reports/marketing-summary?startDate=2026-05-04&endDate=2026-06-03 200 0 - 0.082 ms","timestamp":"2026-06-03 17:16:34"}
{"level":"info","message":"GET /api/telecaller-reports/marketing-summary?startDate=2026-05-04&endDate=2026-06-03 304 - - 41.567 ms","timestamp":"2026-06-03 17:16:34"}
{"level":"info","message":"GET /api/telecaller-reports 304 - - 53.649 ms","timestamp":"2026-06-03 17:16:34"}
{"level":"info","message":"GET /api/attendance/2026/6 304 - - 61.768 ms","timestamp":"2026-06-03 17:16:34"}
{"level":"info","message":"GET /api/telecaller-reports/marketing-summary?startDate=2026-05-04&endDate=2026-06-03 304 - - 47.540 ms","timestamp":"2026-06-03 17:16:34"}
{"level":"info","message":"GET /api/telecaller-reports 304 - - 53.314 ms","timestamp":"2026-06-03 17:16:34"}
{"level":"info","message":"GET /api/attendance/2026/6 304 - - 67.722 ms","timestamp":"2026-06-03 17:16:34"}
{"level":"info","message":"OPTIONS /api/appointment-status 200 0 - 0.055 ms","timestamp":"2026-06-03 17:16:59"}
{"level":"info","message":"OPTIONS /api/appointment-status 200 0 - 0.046 ms","timestamp":"2026-06-03 17:16:59"}
{"level":"info","message":"GET /api/appointment-status 200 2 - 43.118 ms","timestamp":"2026-06-03 17:16:59"}
{"level":"info","message":"GET /api/appointment-status 304 - - 39.402 ms","timestamp":"2026-06-03 17:16:59"}
{"level":"info","message":"OPTIONS /api/attendance/2026/6 200 0 - 0.072 ms","timestamp":"2026-06-03 17:17:04"}
{"level":"info","message":"GET /api/attendance/2026/6 304 - - 72.791 ms","timestamp":"2026-06-03 17:17:04"}
{"level":"info","message":"OPTIONS /api/users 200 0 - 0.067 ms","timestamp":"2026-06-03 17:17:18"}
{"level":"info","message":"GET /api/users 200 - - 109.218 ms","timestamp":"2026-06-03 17:17:18"}
{"level":"info","message":"OPTIONS /api/attendance/2026/6 200 0 - 0.325 ms","timestamp":"2026-06-03 17:17:34"}
{"level":"info","message":"GET /api/attendance/2026/6 304 - - 72.275 ms","timestamp":"2026-06-03 17:17:34"}
{"level":"info","message":"OPTIONS /api/users/68fcc5bfb85c2281711925bb 200 0 - 0.057 ms","timestamp":"2026-06-03 17:17:54"}
{"level":"info","message":"OPTIONS /api/users 200 0 - 0.068 ms","timestamp":"2026-06-03 17:17:54"}
{"level":"info","message":"PUT /api/users/68fcc5bfb85c2281711925bb 200 - - 113.290 ms","timestamp":"2026-06-03 17:17:54"}
{"level":"info","message":"GET /api/users 200 - - 110.691 ms","timestamp":"2026-06-03 17:17:54"}
{"level":"info","message":"GET /api/users 304 - - 81.505 ms","timestamp":"2026-06-03 17:17:54"}
{"level":"info","message":"OPTIONS /api/attendance/2026/6 200 0 - 0.096 ms","timestamp":"2026-06-03 17:18:04"}
{"level":"info","message":"GET /api/attendance/2026/6 200 - - 64.321 ms","timestamp":"2026-06-03 17:18:04"}
{"level":"info","message":"OPTIONS /api/auth/logout 200 0 - 0.059 ms","timestamp":"2026-06-03 17:18:25"}
{"level":"info","message":"POST /api/auth/logout 200 31 - 2.020 ms","timestamp":"2026-06-03 17:18:25"}
{"level":"info","message":"OPTIONS /api/users/logout 200 0 - 0.062 ms","timestamp":"2026-06-03 17:18:25"}
{"level":"info","message":"POST /api/users/logout 200 33 - 116.956 ms","timestamp":"2026-06-03 17:18:25"}
{"level":"info","message":"GET /api/calls/sip-config 401 44 - 0.789 ms","timestamp":"2026-06-03 17:18:25"}
{"level":"info","message":"OPTIONS /api/auth/login 200 0 - 0.064 ms","timestamp":"2026-06-03 17:18:40"}
{"level":"info","message":"POST /api/auth/login 200 797 - 221.715 ms","timestamp":"2026-06-03 17:18:41"}
{"level":"info","message":"OPTIONS /api/calls/sip-config 200 0 - 0.133 ms","timestamp":"2026-06-03 17:18:41"}
{"level":"info","message":"OPTIONS /api/messages/unread-count 200 0 - 0.105 ms","timestamp":"2026-06-03 17:18:41"}
{"level":"info","message":"GET /api/calls/sip-config 304 - - 35.835 ms","timestamp":"2026-06-03 17:18:41"}
{"level":"info","message":"GET /api/messages/unread-count 200 17 - 56.282 ms","timestamp":"2026-06-03 17:18:41"}
{"level":"info","message":"OPTIONS /api/attendance/2026/6 200 0 - 0.096 ms","timestamp":"2026-06-03 17:18:41"}
{"level":"info","message":"OPTIONS /api/users 200 0 - 0.086 ms","timestamp":"2026-06-03 17:18:41"}
{"level":"info","message":"OPTIONS /api/calls/daily-stats 200 0 - 0.058 ms","timestamp":"2026-06-03 17:18:41"}
{"level":"info","message":"OPTIONS /api/telecaller-reports 200 0 - 0.070 ms","timestamp":"2026-06-03 17:18:41"}
{"level":"info","message":"GET /api/telecaller-reports 304 - - 46.941 ms","timestamp":"2026-06-03 17:18:41"}
{"level":"info","message":"GET /api/calls/daily-stats 304 - - 50.466 ms","timestamp":"2026-06-03 17:18:41"}
{"level":"info","message":"GET /api/attendance/2026/6 200 - - 72.801 ms","timestamp":"2026-06-03 17:18:41"}
{"level":"info","message":"GET /api/telecaller-reports 304 - - 44.013 ms","timestamp":"2026-06-03 17:18:41"}
{"level":"info","message":"GET /api/calls/daily-stats 304 - - 45.406 ms","timestamp":"2026-06-03 17:18:41"}
{"level":"info","message":"GET /api/users 200 - - 120.228 ms","timestamp":"2026-06-03 17:18:41"}
{"level":"info","message":"GET /api/attendance/2026/6 304 - - 77.083 ms","timestamp":"2026-06-03 17:18:41"}
{"level":"info","message":"GET /api/calls/daily-stats 304 - - 43.325 ms","timestamp":"2026-06-03 17:18:41"}
{"level":"info","message":"GET /api/telecaller-reports 304 - - 42.963 ms","timestamp":"2026-06-03 17:18:41"}
{"level":"info","message":"OPTIONS /api/users/me 200 0 - 0.091 ms","timestamp":"2026-06-03 17:18:48"}
{"level":"info","message":"OPTIONS /api/users 200 0 - 0.094 ms","timestamp":"2026-06-03 17:18:48"}
{"level":"info","message":"OPTIONS /api/tasks 200 0 - 0.092 ms","timestamp":"2026-06-03 17:18:48"}
{"level":"info","message":"OPTIONS /api/users/me 200 0 - 0.087 ms","timestamp":"2026-06-03 17:18:48"}
{"level":"info","message":"OPTIONS /api/users 200 0 - 0.088 ms","timestamp":"2026-06-03 17:18:48"}
{"level":"info","message":"GET /api/tasks 200 2 - 41.078 ms","timestamp":"2026-06-03 17:18:48"}
{"level":"info","message":"GET /api/users/me 200 - - 43.277 ms","timestamp":"2026-06-03 17:18:48"}
{"level":"info","message":"GET /api/tasks 304 - - 38.972 ms","timestamp":"2026-06-03 17:18:48"}
{"level":"info","message":"GET /api/users/me 304 - - 40.739 ms","timestamp":"2026-06-03 17:18:48"}
{"level":"info","message":"GET /api/users 304 - - 106.804 ms","timestamp":"2026-06-03 17:18:48"}
{"level":"info","message":"OPTIONS /api/telecaller-reports 200 0 - 0.078 ms","timestamp":"2026-06-03 17:18:48"}
{"level":"info","message":"GET /api/users 304 - - 81.749 ms","timestamp":"2026-06-03 17:18:48"}
{"level":"info","message":"GET /api/telecaller-reports 304 - - 46.795 ms","timestamp":"2026-06-03 17:18:48"}
{"level":"info","message":"GET /api/telecaller-reports 304 - - 47.854 ms","timestamp":"2026-06-03 17:18:48"}
{"level":"info","message":"OPTIONS /api/attendance/2026/6 200 0 - 0.221 ms","timestamp":"2026-06-03 17:19:11"}
{"level":"info","message":"GET /api/attendance/2026/6 304 - - 66.422 ms","timestamp":"2026-06-03 17:19:11"}
{"level":"info","message":"OPTIONS /api/appointment-status 200 0 - 0.092 ms","timestamp":"2026-06-03 17:19:24"}
{"level":"info","message":"POST /api/appointment-status 201 444 - 45.859 ms","timestamp":"2026-06-03 17:19:24"}
{"level":"info","message":"OPTIONS /api/appointments/telecaller 200 0 - 0.081 ms","timestamp":"2026-06-03 17:19:33"}
{"level":"info","message":"OPTIONS /api/users 200 0 - 0.080 ms","timestamp":"2026-06-03 17:19:33"}
{"level":"info","message":"OPTIONS /api/appointments/telecaller 200 0 - 0.065 ms","timestamp":"2026-06-03 17:19:33"}
{"level":"info","message":"OPTIONS /api/users 200 0 - 0.059 ms","timestamp":"2026-06-03 17:19:33"}
{"level":"info","message":"GET /api/users 200 - - 150.007 ms","timestamp":"2026-06-03 17:19:33"}
{"level":"info","message":"GET /api/appointments/telecaller 200 684 - 169.306 ms","timestamp":"2026-06-03 17:19:33"}
{"level":"info","message":"GET /api/appointments/telecaller 304 - - 122.170 ms","timestamp":"2026-06-03 17:19:33"}
{"level":"info","message":"GET /api/users 304 - - 138.737 ms","timestamp":"2026-06-03 17:19:33"}
{"level":"info","message":"OPTIONS /api/users/me 200 0 - 0.193 ms","timestamp":"2026-06-03 17:19:37"}
{"level":"info","message":"OPTIONS /api/tasks 200 0 - 0.066 ms","timestamp":"2026-06-03 17:19:37"}
{"level":"info","message":"GET /api/tasks 304 - - 39.619 ms","timestamp":"2026-06-03 17:19:37"}
{"level":"info","message":"GET /api/users/me 200 - - 50.904 ms","timestamp":"2026-06-03 17:19:37"}
{"level":"info","message":"GET /api/tasks 304 - - 37.912 ms","timestamp":"2026-06-03 17:19:37"}
{"level":"info","message":"GET /api/users/me 304 - - 40.482 ms","timestamp":"2026-06-03 17:19:37"}
{"level":"info","message":"GET /api/users 200 - - 120.028 ms","timestamp":"2026-06-03 17:19:37"}
{"level":"info","message":"OPTIONS /api/telecaller-reports 200 0 - 0.057 ms","timestamp":"2026-06-03 17:19:37"}
{"level":"info","message":"GET /api/telecaller-reports 304 - - 42.165 ms","timestamp":"2026-06-03 17:19:37"}
{"level":"info","message":"GET /api/users 304 - - 86.433 ms","timestamp":"2026-06-03 17:19:37"}
{"level":"info","message":"GET /api/telecaller-reports 304 - - 59.448 ms","timestamp":"2026-06-03 17:19:37"}
{"level":"info","message":"OPTIONS /api/attendance/2026/6 200 0 - 0.177 ms","timestamp":"2026-06-03 17:19:41"}
{"level":"info","message":"GET /api/attendance/2026/6 304 - - 78.474 ms","timestamp":"2026-06-03 17:19:41"}
{"level":"info","message":"OPTIONS /api/attendance/2026/6 200 0 - 0.192 ms","timestamp":"2026-06-03 17:20:11"}
{"level":"info","message":"GET /api/attendance/2026/6 304 - - 64.373 ms","timestamp":"2026-06-03 17:20:11"}
{"level":"info","message":"OPTIONS /api/attendance/2026/6 200 0 - 0.191 ms","timestamp":"2026-06-03 17:20:41"}
{"level":"info","message":"GET /api/attendance/2026/6 304 - - 66.710 ms","timestamp":"2026-06-03 17:20:41"}
{"level":"info","message":"OPTIONS /api/attendance/2026/6 200 0 - 0.181 ms","timestamp":"2026-06-03 17:21:11"}
{"level":"info","message":"GET /api/attendance/2026/6 304 - - 81.456 ms","timestamp":"2026-06-03 17:21:11"}
{"level":"info","message":"OPTIONS /api/attendance/2026/6 200 0 - 0.192 ms","timestamp":"2026-06-03 17:21:41"}
{"level":"info","message":"GET /api/attendance/2026/6 304 - - 75.962 ms","timestamp":"2026-06-03 17:21:41"}
{"level":"info","message":"OPTIONS /api/attendance/2026/6 200 0 - 0.115 ms","timestamp":"2026-06-03 17:22:27"}
{"level":"info","message":"GET /api/attendance/2026/6 304 - - 76.682 ms","timestamp":"2026-06-03 17:22:27"}
{"level":"info","message":"OPTIONS /api/attendance/2026/6 200 0 - 0.056 ms","timestamp":"2026-06-03 17:22:41"}
{"level":"info","message":"GET /api/attendance/2026/6 304 - - 59.232 ms","timestamp":"2026-06-03 17:22:41"}
{"level":"info","message":"OPTIONS /api/attendance/2026/6 200 0 - 0.191 ms","timestamp":"2026-06-03 17:23:11"}
{"level":"info","message":"GET /api/attendance/2026/6 304 - - 65.473 ms","timestamp":"2026-06-03 17:23:11"}
{"level":"info","message":"OPTIONS /api/attendance/2026/6 200 0 - 0.205 ms","timestamp":"2026-06-03 17:23:41"}
{"level":"info","message":"GET /api/attendance/2026/6 304 - - 63.816 ms","timestamp":"2026-06-03 17:23:41"}
{"level":"info","message":"OPTIONS /api/calls/sip-config 200 0 - 0.076 ms","timestamp":"2026-06-03 17:24:07"}
{"level":"info","message":"OPTIONS /api/messages/unread-count 200 0 - 0.095 ms","timestamp":"2026-06-03 17:24:07"}
{"level":"info","message":"OPTIONS /api/calls/sip-config 200 0 - 0.085 ms","timestamp":"2026-06-03 17:24:07"}
{"level":"info","message":"OPTIONS /api/messages/unread-count 200 0 - 0.083 ms","timestamp":"2026-06-03 17:24:07"}
{"level":"info","message":"GET /api/calls/sip-config 304 - - 22.850 ms","timestamp":"2026-06-03 17:24:07"}
{"level":"info","message":"GET /api/messages/unread-count 304 - - 45.154 ms","timestamp":"2026-06-03 17:24:07"}
{"level":"info","message":"GET /api/calls/sip-config 304 - - 23.546 ms","timestamp":"2026-06-03 17:24:07"}
{"level":"info","message":"GET /api/messages/unread-count 304 - - 43.352 ms","timestamp":"2026-06-03 17:24:07"}
{"level":"info","message":"OPTIONS /api/attendance/2026/6 200 0 - 0.087 ms","timestamp":"2026-06-03 17:24:07"}
{"level":"info","message":"OPTIONS /api/users/me 200 0 - 0.074 ms","timestamp":"2026-06-03 17:24:07"}
{"level":"info","message":"OPTIONS /api/users 200 0 - 0.115 ms","timestamp":"2026-06-03 17:24:07"}
{"level":"info","message":"OPTIONS /api/tasks 200 0 - 0.098 ms","timestamp":"2026-06-03 17:24:07"}
{"level":"info","message":"GET /api/users/me 200 - - 42.218 ms","timestamp":"2026-06-03 17:24:07"}
{"level":"info","message":"GET /api/tasks 304 - - 42.255 ms","timestamp":"2026-06-03 17:24:07"}
{"level":"info","message":"GET /api/attendance/2026/6 304 - - 73.870 ms","timestamp":"2026-06-03 17:24:07"}
{"level":"info","message":"GET /api/tasks 304 - - 37.878 ms","timestamp":"2026-06-03 17:24:07"}
{"level":"info","message":"GET /api/users/me 304 - - 63.360 ms","timestamp":"2026-06-03 17:24:07"}
{"level":"info","message":"GET /api/users 200 - - 107.605 ms","timestamp":"2026-06-03 17:24:07"}
{"level":"info","message":"GET /api/attendance/2026/6 304 - - 71.693 ms","timestamp":"2026-06-03 17:24:08"}
{"level":"info","message":"OPTIONS /api/telecaller-reports 200 0 - 0.106 ms","timestamp":"2026-06-03 17:24:08"}
{"level":"info","message":"GET /api/telecaller-reports 304 - - 41.927 ms","timestamp":"2026-06-03 17:24:08"}
{"level":"info","message":"GET /api/users 304 - - 111.676 ms","timestamp":"2026-06-03 17:24:08"}
{"level":"info","message":"GET /api/telecaller-reports 304 - - 39.157 ms","timestamp":"2026-06-03 17:24:08"}
{"level":"info","message":"OPTIONS /api/attendance/2026/6 200 0 - 0.064 ms","timestamp":"2026-06-03 17:24:38"}
{"level":"info","message":"GET /api/attendance/2026/6 304 - - 61.706 ms","timestamp":"2026-06-03 17:24:38"}
{"level":"info","message":"OPTIONS /api/attendance/2026/6 200 0 - 0.195 ms","timestamp":"2026-06-03 17:25:08"}
{"level":"info","message":"GET /api/attendance/2026/6 304 - - 70.664 ms","timestamp":"2026-06-03 17:25:08"}
{"level":"info","message":"OPTIONS /api/appointment-status 200 0 - 0.168 ms","timestamp":"2026-06-03 17:25:33"}
{"level":"info","message":"OPTIONS /api/appointment-status 200 0 - 0.094 ms","timestamp":"2026-06-03 17:25:33"}
{"level":"info","message":"GET /api/appointment-status 200 446 - 53.605 ms","timestamp":"2026-06-03 17:25:33"}
{"level":"info","message":"GET /api/appointment-status 304 - - 39.649 ms","timestamp":"2026-06-03 17:25:33"}
{"level":"info","message":"OPTIONS /api/attendance/2026/6 200 0 - 0.075 ms","timestamp":"2026-06-03 17:25:38"}
{"level":"info","message":"GET /api/attendance/2026/6 304 - - 61.331 ms","timestamp":"2026-06-03 17:25:38"}
{"level":"info","message":"OPTIONS /api/attendance/2026/6 200 0 - 0.106 ms","timestamp":"2026-06-03 17:26:08"}
{"level":"info","message":"GET /api/attendance/2026/6 304 - - 61.415 ms","timestamp":"2026-06-03 17:26:08"}
{"level":"info","message":"OPTIONS /api/attendance/2026/6 200 0 - 0.065 ms","timestamp":"2026-06-03 17:26:38"}
{"level":"info","message":"GET /api/attendance/2026/6 304 - - 66.506 ms","timestamp":"2026-06-03 17:26:38"}
{"level":"info","message":"OPTIONS /api/attendance/2026/6 200 0 - 0.181 ms","timestamp":"2026-06-03 17:27:08"}
{"level":"info","message":"GET /api/attendance/2026/6 304 - - 68.569 ms","timestamp":"2026-06-03 17:27:08"}
{"level":"info","message":"OPTIONS /api/attendance/2026/6 200 0 - 0.068 ms","timestamp":"2026-06-03 17:27:38"}
{"level":"info","message":"GET /api/attendance/2026/6 304 - - 60.574 ms","timestamp":"2026-06-03 17:27:38"}
{"level":"info","message":"OPTIONS /api/attendance/2026/6 200 0 - 0.181 ms","timestamp":"2026-06-03 17:28:08"}
{"level":"info","message":"GET /api/attendance/2026/6 304 - - 76.415 ms","timestamp":"2026-06-03 17:28:08"}
{"level":"info","message":"OPTIONS /api/attendance/2026/6 200 0 - 0.213 ms","timestamp":"2026-06-03 17:28:39"}
{"level":"info","message":"GET /api/attendance/2026/6 304 - - 65.374 ms","timestamp":"2026-06-03 17:28:39"}
{"level":"info","message":"OPTIONS /api/attendance/2026/6 200 0 - 0.253 ms","timestamp":"2026-06-03 17:29:39"}
{"level":"info","message":"GET /api/attendance/2026/6 304 - - 73.819 ms","timestamp":"2026-06-03 17:29:39"}
{"level":"info","message":"OPTIONS /api/attendance/2026/6 200 0 - 0.075 ms","timestamp":"2026-06-03 17:30:37"}
{"level":"info","message":"GET /api/attendance/2026/6 304 - - 64.348 ms","timestamp":"2026-06-03 17:30:37"}
{"level":"info","message":"OPTIONS /api/attendance/2026/6 200 0 - 0.180 ms","timestamp":"2026-06-03 17:31:07"}
{"level":"info","message":"GET /api/attendance/2026/6 304 - - 68.028 ms","timestamp":"2026-06-03 17:31:07"}
{"level":"info","message":"OPTIONS /api/attendance/2026/6 200 0 - 0.175 ms","timestamp":"2026-06-03 17:31:37"}
{"level":"info","message":"GET /api/attendance/2026/6 304 - - 64.243 ms","timestamp":"2026-06-03 17:31:37"}
{"level":"info","message":"OPTIONS /api/attendance/2026/6 200 0 - 0.177 ms","timestamp":"2026-06-03 17:32:07"}
{"level":"info","message":"GET /api/attendance/2026/6 304 - - 104.902 ms","timestamp":"2026-06-03 17:32:08"}
{"level":"info","message":"OPTIONS /api/attendance/2026/6 200 0 - 0.173 ms","timestamp":"2026-06-03 17:32:37"}
{"level":"info","message":"GET /api/attendance/2026/6 304 - - 80.590 ms","timestamp":"2026-06-03 17:32:37"}
{"level":"info","message":"OPTIONS /api/attendance/2026/6 200 0 - 0.178 ms","timestamp":"2026-06-03 17:33:07"}
{"level":"info","message":"GET /api/attendance/2026/6 304 - - 60.801 ms","timestamp":"2026-06-03 17:33:07"}
{"level":"info","message":"OPTIONS /api/attendance/2026/6 200 0 - 0.177 ms","timestamp":"2026-06-03 17:33:37"}
{"level":"info","message":"GET /api/attendance/2026/6 304 - - 76.410 ms","timestamp":"2026-06-03 17:33:37"}
{"level":"info","message":"OPTIONS /api/attendance/2026/6 200 0 - 0.202 ms","timestamp":"2026-06-03 17:34:07"}
{"level":"info","message":"GET /api/attendance/2026/6 304 - - 86.329 ms","timestamp":"2026-06-03 17:34:07"}
{"level":"info","message":"OPTIONS /api/attendance/2026/6 200 0 - 0.128 ms","timestamp":"2026-06-03 17:34:37"}
{"level":"info","message":"GET /api/attendance/2026/6 304 - - 62.105 ms","timestamp":"2026-06-03 17:34:37"}
{"level":"info","message":"OPTIONS /api/attendance/2026/6 200 0 - 0.194 ms","timestamp":"2026-06-03 17:35:08"}
{"level":"info","message":"GET /api/attendance/2026/6 304 - - 79.667 ms","timestamp":"2026-06-03 17:35:08"}
{"level":"info","message":"OPTIONS /api/attendance/2026/6 200 0 - 0.168 ms","timestamp":"2026-06-03 17:35:38"}
{"level":"info","message":"GET /api/attendance/2026/6 304 - - 85.046 ms","timestamp":"2026-06-03 17:35:38"}
{"level":"info","message":"OPTIONS /api/attendance/2026/6 200 0 - 0.133 ms","timestamp":"2026-06-03 17:36:08"}
{"level":"info","message":"GET /api/attendance/2026/6 304 - - 63.266 ms","timestamp":"2026-06-03 17:36:08"}
{"level":"info","message":"OPTIONS /api/attendance/2026/6 200 0 - 0.078 ms","timestamp":"2026-06-03 17:36:39"}
{"level":"info","message":"GET /api/attendance/2026/6 304 - - 59.142 ms","timestamp":"2026-06-03 17:36:39"}
{"level":"info","message":"OPTIONS /api/attendance/2026/6 200 0 - 0.280 ms","timestamp":"2026-06-03 17:37:39"}
{"level":"info","message":"GET /api/attendance/2026/6 304 - - 67.155 ms","timestamp":"2026-06-03 17:37:39"}
{"level":"info","message":"OPTIONS /api/attendance/2026/6 200 0 - 0.149 ms","timestamp":"2026-06-03 17:38:39"}
{"level":"info","message":"GET /api/attendance/2026/6 304 - - 67.304 ms","timestamp":"2026-06-03 17:38:39"}
{"level":"info","message":"OPTIONS /api/attendance/2026/6 200 0 - 0.277 ms","timestamp":"2026-06-03 17:39:39"}
{"level":"info","message":"GET /api/attendance/2026/6 304 - - 68.778 ms","timestamp":"2026-06-03 17:39:39"}
{"level":"info","message":"OPTIONS /api/attendance/2026/6 200 0 - 0.067 ms","timestamp":"2026-06-03 17:40:39"}
{"level":"info","message":"GET /api/attendance/2026/6 304 - - 60.565 ms","timestamp":"2026-06-03 17:40:39"}
{"level":"info","message":"OPTIONS /api/attendance/2026/6 200 0 - 0.270 ms","timestamp":"2026-06-03 17:41:39"}
{"level":"info","message":"GET /api/attendance/2026/6 304 - - 64.382 ms","timestamp":"2026-06-03 17:41:39"}
{"level":"info","message":"OPTIONS /api/attendance/2026/6 200 0 - 0.088 ms","timestamp":"2026-06-03 17:42:31"}
{"level":"info","message":"GET /api/attendance/2026/6 304 - - 60.835 ms","timestamp":"2026-06-03 17:42:31"}
{"level":"info","message":"OPTIONS /api/attendance/2026/6 200 0 - 0.144 ms","timestamp":"2026-06-03 17:42:38"}
{"level":"info","message":"GET /api/attendance/2026/6 304 - - 72.619 ms","timestamp":"2026-06-03 17:42:38"}
{"level":"info","message":"OPTIONS /api/attendance/2026/6 200 0 - 0.186 ms","timestamp":"2026-06-03 17:43:08"}
{"level":"info","message":"GET /api/attendance/2026/6 304 - - 72.929 ms","timestamp":"2026-06-03 17:43:08"}
{"level":"info","message":"OPTIONS /api/attendance/2026/6 200 0 - 0.203 ms","timestamp":"2026-06-03 17:43:39"}
{"level":"info","message":"GET /api/attendance/2026/6 304 - - 64.337 ms","timestamp":"2026-06-03 17:43:39"}
{"level":"info","message":"OPTIONS /api/attendance/2026/6 200 0 - 0.100 ms","timestamp":"2026-06-03 17:44:39"}
{"level":"info","message":"GET /api/attendance/2026/6 304 - - 62.205 ms","timestamp":"2026-06-03 17:44:39"}
{"level":"info","message":"OPTIONS /api/attendance/2026/6 200 0 - 0.206 ms","timestamp":"2026-06-03 17:45:39"}
{"level":"info","message":"GET /api/attendance/2026/6 304 - - 86.927 ms","timestamp":"2026-06-03 17:45:39"}
{"level":"info","message":"OPTIONS /api/attendance/2026/6 200 0 - 0.097 ms","timestamp":"2026-06-03 17:46:39"}
{"level":"info","message":"GET /api/attendance/2026/6 304 - - 63.175 ms","timestamp":"2026-06-03 17:46:39"}
{"level":"info","message":"OPTIONS /api/attendance/2026/6 200 0 - 0.162 ms","timestamp":"2026-06-03 17:47:39"}
{"level":"info","message":"GET /api/attendance/2026/6 304 - - 65.083 ms","timestamp":"2026-06-03 17:47:39"}
{"level":"info","message":"OPTIONS /api/attendance/2026/6 200 0 - 0.164 ms","timestamp":"2026-06-03 17:48:39"}
{"level":"info","message":"GET /api/attendance/2026/6 304 - - 69.549 ms","timestamp":"2026-06-03 17:48:39"}
{"level":"info","message":"OPTIONS /api/attendance/2026/6 200 0 - 0.419 ms","timestamp":"2026-06-03 17:49:39"}
{"level":"info","message":"GET /api/attendance/2026/6 304 - - 65.109 ms","timestamp":"2026-06-03 17:49:39"}
{"level":"info","message":"OPTIONS /api/attendance/2026/6 200 0 - 0.059 ms","timestamp":"2026-06-03 17:50:39"}
{"level":"info","message":"GET /api/attendance/2026/6 304 - - 65.004 ms","timestamp":"2026-06-03 17:50:39"}
{"level":"info","message":"OPTIONS /api/attendance/2026/6 200 0 - 0.391 ms","timestamp":"2026-06-03 17:51:39"}
{"level":"info","message":"GET /api/attendance/2026/6 304 - - 68.196 ms","timestamp":"2026-06-03 17:51:39"}
{"level":"info","message":"OPTIONS /api/attendance/2026/6 200 0 - 0.084 ms","timestamp":"2026-06-03 17:52:39"}
{"level":"info","message":"GET /api/attendance/2026/6 304 - - 63.823 ms","timestamp":"2026-06-03 17:52:39"}
{"level":"info","message":"OPTIONS /api/attendance/2026/6 200 0 - 0.212 ms","timestamp":"2026-06-03 17:53:39"}
{"level":"info","message":"GET /api/attendance/2026/6 304 - - 62.718 ms","timestamp":"2026-06-03 17:53:39"}
{"level":"info","message":"OPTIONS /api/attendance/2026/6 200 0 - 0.198 ms","timestamp":"2026-06-03 17:54:39"}
{"level":"info","message":"GET /api/attendance/2026/6 304 - - 65.198 ms","timestamp":"2026-06-03 17:54:39"}
{"level":"info","message":"OPTIONS /api/attendance/2026/6 200 0 - 0.219 ms","timestamp":"2026-06-03 17:55:39"}
{"level":"info","message":"GET /api/attendance/2026/6 304 - - 61.136 ms","timestamp":"2026-06-03 17:55:39"}
{"level":"info","message":"OPTIONS /api/attendance/2026/6 200 0 - 0.093 ms","timestamp":"2026-06-03 17:56:15"}
{"level":"info","message":"GET /api/attendance/2026/6 304 - - 81.084 ms","timestamp":"2026-06-03 17:56:16"}
{"level":"info","message":"OPTIONS /api/calls/sip-config 200 0 - 0.073 ms","timestamp":"2026-06-03 18:04:33"}
{"level":"info","message":"OPTIONS /api/messages/unread-count 200 0 - 0.090 ms","timestamp":"2026-06-03 18:04:33"}
{"level":"info","message":"OPTIONS /api/calls/sip-config 200 0 - 0.072 ms","timestamp":"2026-06-03 18:04:33"}
{"level":"info","message":"OPTIONS /api/messages/unread-count 200 0 - 0.065 ms","timestamp":"2026-06-03 18:04:33"}
{"level":"info","message":"GET /api/calls/sip-config 304 - - 29.174 ms","timestamp":"2026-06-03 18:04:33"}
{"level":"info","message":"GET /api/messages/unread-count 304 - - 46.305 ms","timestamp":"2026-06-03 18:04:33"}
{"level":"info","message":"GET /api/calls/sip-config 304 - - 29.427 ms","timestamp":"2026-06-03 18:04:33"}
{"level":"info","message":"GET /api/messages/unread-count 304 - - 65.474 ms","timestamp":"2026-06-03 18:04:33"}
{"level":"info","message":"OPTIONS /api/attendance/2026/6 200 0 - 0.093 ms","timestamp":"2026-06-03 18:04:33"}
{"level":"info","message":"OPTIONS /api/users/me 200 0 - 0.073 ms","timestamp":"2026-06-03 18:04:33"}
{"level":"info","message":"OPTIONS /api/users 200 0 - 0.061 ms","timestamp":"2026-06-03 18:04:33"}
{"level":"info","message":"OPTIONS /api/tasks 200 0 - 0.107 ms","timestamp":"2026-06-03 18:04:33"}
{"level":"info","message":"GET /api/tasks 304 - - 49.237 ms","timestamp":"2026-06-03 18:04:33"}
{"level":"info","message":"GET /api/attendance/2026/6 304 - - 63.730 ms","timestamp":"2026-06-03 18:04:33"}
{"level":"info","message":"GET /api/users/me 200 - - 66.484 ms","timestamp":"2026-06-03 18:04:33"}
{"level":"info","message":"GET /api/tasks 304 - - 45.955 ms","timestamp":"2026-06-03 18:04:33"}
{"level":"info","message":"GET /api/users/me 304 - - 71.426 ms","timestamp":"2026-06-03 18:04:33"}
{"level":"info","message":"GET /api/attendance/2026/6 304 - - 86.220 ms","timestamp":"2026-06-03 18:04:33"}
{"level":"info","message":"GET /api/users 200 - - 127.113 ms","timestamp":"2026-06-03 18:04:33"}
{"level":"info","message":"GET /api/users 304 - - 153.824 ms","timestamp":"2026-06-03 18:04:33"}
{"level":"info","message":"OPTIONS /api/telecaller-reports 200 0 - 0.158 ms","timestamp":"2026-06-03 18:04:33"}
{"level":"info","message":"OPTIONS /api/appointment-status 200 0 - 0.132 ms","timestamp":"2026-06-03 18:04:33"}
{"level":"info","message":"OPTIONS /api/appointment-status 200 0 - 0.088 ms","timestamp":"2026-06-03 18:04:33"}
{"level":"info","message":"GET /api/telecaller-reports 304 - - 45.559 ms","timestamp":"2026-06-03 18:04:33"}
{"level":"info","message":"GET /api/appointment-status 304 - - 45.924 ms","timestamp":"2026-06-03 18:04:33"}
{"level":"info","message":"GET /api/telecaller-reports 304 - - 49.629 ms","timestamp":"2026-06-03 18:04:33"}
{"level":"info","message":"GET /api/appointment-status 304 - - 42.817 ms","timestamp":"2026-06-03 18:04:33"}
{"level":"info","message":"OPTIONS /api/attendance/2026/6 200 0 - 0.057 ms","timestamp":"2026-06-03 18:05:04"}
{"level":"info","message":"GET /api/attendance/2026/6 304 - - 68.761 ms","timestamp":"2026-06-03 18:05:04"}
{"level":"info","message":"OPTIONS /api/attendance/2026/6 200 0 - 0.208 ms","timestamp":"2026-06-03 18:05:34"}
{"level":"info","message":"GET /api/attendance/2026/6 304 - - 75.315 ms","timestamp":"2026-06-03 18:05:34"}
{"level":"info","message":"OPTIONS /api/attendance/2026/6 200 0 - 0.062 ms","timestamp":"2026-06-03 18:06:04"}
{"level":"info","message":"GET /api/attendance/2026/6 304 - - 64.484 ms","timestamp":"2026-06-03 18:06:04"}
{"level":"info","message":"OPTIONS /api/attendance/2026/6 200 0 - 0.057 ms","timestamp":"2026-06-03 18:06:34"}
{"level":"info","message":"GET /api/attendance/2026/6 304 - - 64.756 ms","timestamp":"2026-06-03 18:06:34"}
{"level":"info","message":"OPTIONS /api/attendance/2026/6 200 0 - 0.053 ms","timestamp":"2026-06-03 18:07:04"}
{"level":"info","message":"GET /api/attendance/2026/6 304 - - 80.343 ms","timestamp":"2026-06-03 18:07:04"}
{"level":"info","message":"OPTIONS /api/attendance/2026/6 200 0 - 0.091 ms","timestamp":"2026-06-03 18:07:34"}
{"level":"info","message":"GET /api/attendance/2026/6 304 - - 83.569 ms","timestamp":"2026-06-03 18:07:34"}
{"level":"info","message":"OPTIONS /api/attendance/2026/6 200 0 - 0.053 ms","timestamp":"2026-06-03 18:08:04"}
{"level":"info","message":"GET /api/attendance/2026/6 304 - - 78.594 ms","timestamp":"2026-06-03 18:08:04"}
{"level":"info","message":"OPTIONS /api/attendance/2026/6 200 0 - 0.052 ms","timestamp":"2026-06-03 18:08:34"}
{"level":"info","message":"GET /api/attendance/2026/6 304 - - 60.487 ms","timestamp":"2026-06-03 18:08:34"}
{"level":"info","message":"OPTIONS /api/attendance/2026/6 200 0 - 0.052 ms","timestamp":"2026-06-03 18:09:04"}
{"level":"info","message":"GET /api/attendance/2026/6 304 - - 62.762 ms","timestamp":"2026-06-03 18:09:04"}
{"level":"info","message":"OPTIONS /api/attendance/2026/6 200 0 - 0.316 ms","timestamp":"2026-06-03 18:09:39"}
{"level":"info","message":"GET /api/attendance/2026/6 304 - - 65.157 ms","timestamp":"2026-06-03 18:09:39"}
{"level":"info","message":"OPTIONS /api/attendance/2026/6 200 0 - 0.070 ms","timestamp":"2026-06-03 18:10:39"}
{"level":"info","message":"GET /api/attendance/2026/6 304 - - 61.124 ms","timestamp":"2026-06-03 18:10:39"}
{"level":"info","message":"OPTIONS /api/attendance/2026/6 200 0 - 0.273 ms","timestamp":"2026-06-03 18:11:39"}
{"level":"info","message":"GET /api/attendance/2026/6 304 - - 64.488 ms","timestamp":"2026-06-03 18:11:39"}
{"level":"info","message":"OPTIONS /api/attendance/2026/6 200 0 - 0.301 ms","timestamp":"2026-06-03 18:12:39"}
{"level":"info","message":"GET /api/attendance/2026/6 304 - - 64.504 ms","timestamp":"2026-06-03 18:12:39"}
{"level":"info","message":"OPTIONS /api/attendance/2026/6 200 0 - 0.112 ms","timestamp":"2026-06-03 18:13:39"}
{"level":"info","message":"GET /api/attendance/2026/6 304 - - 61.697 ms","timestamp":"2026-06-03 18:13:39"}
{"level":"info","message":"OPTIONS /api/attendance/2026/6 200 0 - 0.078 ms","timestamp":"2026-06-03 18:14:39"}
{"level":"info","message":"GET /api/attendance/2026/6 304 - - 60.359 ms","timestamp":"2026-06-03 18:14:39"}
{"level":"info","message":"OPTIONS /api/attendance/2026/6 200 0 - 0.074 ms","timestamp":"2026-06-03 18:15:39"}
{"level":"info","message":"GET /api/attendance/2026/6 304 - - 63.306 ms","timestamp":"2026-06-03 18:15:39"}
{"level":"info","message":"OPTIONS /api/attendance/2026/6 200 0 - 0.119 ms","timestamp":"2026-06-03 18:16:39"}
{"level":"info","message":"GET /api/attendance/2026/6 304 - - 71.110 ms","timestamp":"2026-06-03 18:16:39"}
{"level":"info","message":"OPTIONS /api/attendance/2026/6 200 0 - 0.298 ms","timestamp":"2026-06-03 18:17:39"}
{"level":"info","message":"GET /api/attendance/2026/6 304 - - 78.746 ms","timestamp":"2026-06-03 18:17:39"}
{"level":"info","message":"OPTIONS /api/attendance/2026/6 200 0 - 0.114 ms","timestamp":"2026-06-03 18:18:39"}
{"level":"info","message":"GET /api/attendance/2026/6 304 - - 63.992 ms","timestamp":"2026-06-03 18:18:39"}
{"level":"info","message":"OPTIONS /api/attendance/2026/6 200 0 - 0.284 ms","timestamp":"2026-06-03 18:19:39"}
{"level":"info","message":"GET /api/attendance/2026/6 304 - - 65.890 ms","timestamp":"2026-06-03 18:19:39"}
{"level":"info","message":"OPTIONS /api/attendance/2026/6 200 0 - 0.084 ms","timestamp":"2026-06-03 18:20:39"}
{"level":"info","message":"GET /api/attendance/2026/6 304 - - 59.499 ms","timestamp":"2026-06-03 18:20:39"}
{"level":"info","message":"OPTIONS /api/attendance/2026/6 200 0 - 0.183 ms","timestamp":"2026-06-03 18:21:39"}
{"level":"info","message":"GET /api/attendance/2026/6 304 - - 73.683 ms","timestamp":"2026-06-03 18:21:39"}
{"level":"info","message":"OPTIONS /api/attendance/2026/6 200 0 - 0.168 ms","timestamp":"2026-06-03 18:22:39"}
{"level":"info","message":"GET /api/attendance/2026/6 304 - - 62.591 ms","timestamp":"2026-06-03 18:22:39"}
{"level":"info","message":"OPTIONS /api/attendance/2026/6 200 0 - 0.096 ms","timestamp":"2026-06-03 18:23:39"}
{"level":"info","message":"GET /api/attendance/2026/6 304 - - 60.636 ms","timestamp":"2026-06-03 18:23:39"}
{"level":"info","message":"OPTIONS /api/attendance/2026/6 200 0 - 0.085 ms","timestamp":"2026-06-03 18:24:39"}
{"level":"info","message":"GET /api/attendance/2026/6 200 - - 60.471 ms","timestamp":"2026-06-03 18:24:39"}
{"level":"info","message":"OPTIONS /api/attendance/2026/6 200 0 - 0.056 ms","timestamp":"2026-06-03 18:25:03"}
{"level":"info","message":"GET /api/attendance/2026/6 200 - - 61.686 ms","timestamp":"2026-06-03 18:25:03"}
{"level":"info","message":"OPTIONS /api/calls/sip-config 200 0 - 0.123 ms","timestamp":"2026-06-03 18:25:04"}
{"level":"info","message":"OPTIONS /api/messages/unread-count 200 0 - 0.094 ms","timestamp":"2026-06-03 18:25:04"}
{"level":"info","message":"OPTIONS /api/messages/unread-count 200 0 - 0.116 ms","timestamp":"2026-06-03 18:25:04"}
{"level":"info","message":"GET /api/calls/sip-config 304 - - 38.023 ms","timestamp":"2026-06-03 18:25:04"}
{"level":"info","message":"GET /api/messages/unread-count 304 - - 54.669 ms","timestamp":"2026-06-03 18:25:04"}
{"level":"info","message":"GET /api/calls/sip-config 304 - - 25.407 ms","timestamp":"2026-06-03 18:25:04"}
{"level":"info","message":"GET /api/messages/unread-count 304 - - 54.470 ms","timestamp":"2026-06-03 18:25:04"}
{"level":"info","message":"OPTIONS /api/users/me 200 0 - 0.088 ms","timestamp":"2026-06-03 18:25:04"}
{"level":"info","message":"OPTIONS /api/users 200 0 - 0.078 ms","timestamp":"2026-06-03 18:25:04"}
{"level":"info","message":"OPTIONS /api/tasks 200 0 - 0.082 ms","timestamp":"2026-06-03 18:25:04"}
{"level":"info","message":"GET /api/users/me 200 - - 45.175 ms","timestamp":"2026-06-03 18:25:04"}
{"level":"info","message":"GET /api/attendance/2026/6 304 - - 68.159 ms","timestamp":"2026-06-03 18:25:04"}
{"level":"info","message":"GET /api/tasks 200 - - 77.579 ms","timestamp":"2026-06-03 18:25:04"}
{"level":"info","message":"GET /api/users/me 304 - - 49.968 ms","timestamp":"2026-06-03 18:25:04"}
{"level":"info","message":"GET /api/attendance/2026/6 304 - - 68.598 ms","timestamp":"2026-06-03 18:25:04"}
{"level":"info","message":"GET /api/users 200 - - 132.237 ms","timestamp":"2026-06-03 18:25:04"}
{"level":"info","message":"GET /api/tasks 304 - - 89.666 ms","timestamp":"2026-06-03 18:25:04"}
{"level":"info","message":"OPTIONS /api/queries 200 0 - 0.059 ms","timestamp":"2026-06-03 18:25:04"}
{"level":"info","message":"OPTIONS /api/reports 200 0 - 0.067 ms","timestamp":"2026-06-03 18:25:04"}
{"level":"info","message":"OPTIONS /api/telecaller-reports 200 0 - 0.065 ms","timestamp":"2026-06-03 18:25:04"}
{"level":"info","message":"OPTIONS /api/appointment-status 200 0 - 0.077 ms","timestamp":"2026-06-03 18:25:04"}
{"level":"info","message":"OPTIONS /api/appointment-status 200 0 - 0.056 ms","timestamp":"2026-06-03 18:25:04"}
{"level":"info","message":"GET /api/queries 304 - - 41.296 ms","timestamp":"2026-06-03 18:25:05"}
{"level":"info","message":"GET /api/appointment-status 304 - - 44.643 ms","timestamp":"2026-06-03 18:25:05"}
{"level":"info","message":"GET /api/telecaller-reports 304 - - 50.533 ms","timestamp":"2026-06-03 18:25:05"}
{"level":"info","message":"GET /api/users 304 - - 128.057 ms","timestamp":"2026-06-03 18:25:05"}
{"level":"info","message":"GET /api/appointment-status 304 - - 47.756 ms","timestamp":"2026-06-03 18:25:05"}
{"level":"info","message":"GET /api/reports 200 - - 218.058 ms","timestamp":"2026-06-03 18:25:05"}
{"level":"info","message":"GET /api/telecaller-reports 304 - - 40.575 ms","timestamp":"2026-06-03 18:25:05"}
{"level":"info","message":"GET /api/queries 304 - - 44.353 ms","timestamp":"2026-06-03 18:25:05"}
{"level":"info","message":"GET /api/reports 304 - - 208.707 ms","timestamp":"2026-06-03 18:25:05"}
{"level":"info","message":"OPTIONS /api/auth/logout 200 0 - 0.081 ms","timestamp":"2026-06-03 18:25:07"}
{"level":"info","message":"POST /api/auth/logout 200 31 - 2.161 ms","timestamp":"2026-06-03 18:25:07"}
{"level":"info","message":"OPTIONS /api/users/logout 200 0 - 0.095 ms","timestamp":"2026-06-03 18:25:07"}
{"level":"info","message":"POST /api/users/logout 200 33 - 109.851 ms","timestamp":"2026-06-03 18:25:07"}
{"level":"info","message":"GET /api/calls/sip-config 401 44 - 0.899 ms","timestamp":"2026-06-03 18:25:07"}
