{"level":"info","message":"🚀 Server running on http://localhost:5000","timestamp":"2026-01-31 15:02:27"}
{"level":"info","message":"📡 Socket.IO server ready for connections","timestamp":"2026-01-31 15:02:27"}
{"level":"info","message":"✅ Redis Clients (Pub/Sub) Connected and Ready","timestamp":"2026-01-31 15:02:27"}
{"level":"info","message":"OPTIONS /api/messages/unread-count 200 0 - 2.830 ms","timestamp":"2026-01-31 15:02:53"}
{"level":"info","message":"GET /api/messages/unread-count 401 32 - 20.427 ms","timestamp":"2026-01-31 15:02:53"}
{"level":"info","message":"GET /api/messages/unread-count 401 32 - 26.126 ms","timestamp":"2026-01-31 15:02:53"}
{"level":"info","message":"OPTIONS /api/auth/login 200 0 - 0.759 ms","timestamp":"2026-01-31 15:04:42"}
{"level":"info","message":"POST /api/auth/login 200 698 - 892.110 ms","timestamp":"2026-01-31 15:04:42"}
{"level":"info","message":"OPTIONS /api/messages/unread-count 200 0 - 1.139 ms","timestamp":"2026-01-31 15:04:43"}
{"level":"info","message":"GET /api/messages/unread-count 200 17 - 134.368 ms","timestamp":"2026-01-31 15:04:43"}
{"level":"info","message":"OPTIONS /api/attendance/2026/1 200 0 - 0.425 ms","timestamp":"2026-01-31 15:04:47"}
{"level":"info","message":"OPTIONS /api/tasks 200 0 - 0.472 ms","timestamp":"2026-01-31 15:04:47"}
{"level":"info","message":"OPTIONS /api/admin-status 200 0 - 0.569 ms","timestamp":"2026-01-31 15:04:47"}
{"level":"info","message":"OPTIONS /api/appointments/stats?month=12&year=2025 200 0 - 0.336 ms","timestamp":"2026-01-31 15:04:47"}
{"level":"info","message":"OPTIONS /api/appointments/revenue 200 0 - 0.518 ms","timestamp":"2026-01-31 15:04:47"}
{"level":"info","message":"OPTIONS /api/tasks 200 0 - 0.444 ms","timestamp":"2026-01-31 15:04:47"}
{"level":"info","message":"OPTIONS /api/users 200 0 - 0.441 ms","timestamp":"2026-01-31 15:04:47"}
{"level":"info","message":"OPTIONS /api/appointments/revenue/reports 200 0 - 0.297 ms","timestamp":"2026-01-31 15:04:47"}
{"level":"info","message":"OPTIONS /api/appointments 200 0 - 0.321 ms","timestamp":"2026-01-31 15:04:47"}
{"level":"info","message":"OPTIONS /api/tasks 200 0 - 0.279 ms","timestamp":"2026-01-31 15:04:47"}
{"level":"info","message":"OPTIONS /api/users/all 200 0 - 0.314 ms","timestamp":"2026-01-31 15:04:47"}
{"level":"info","message":"OPTIONS /api/users/all 200 0 - 0.305 ms","timestamp":"2026-01-31 15:04:47"}
{"level":"info","message":"OPTIONS /api/attendance/range?start=2025-12-31T18:30:00.000Z&end=2026-01-31T18:29:59.999Z 200 0 - 0.256 ms","timestamp":"2026-01-31 15:04:47"}
{"level":"info","message":"OPTIONS /api/admin-status 200 0 - 0.331 ms","timestamp":"2026-01-31 15:04:47"}
{"level":"info","message":"OPTIONS /api/appointments/stats?month=1&year=2026 200 0 - 0.413 ms","timestamp":"2026-01-31 15:04:47"}
{"level":"info","message":"OPTIONS /api/appointments/stats?month=12&year=2025 200 0 - 0.350 ms","timestamp":"2026-01-31 15:04:47"}
{"level":"info","message":"OPTIONS /api/users 200 0 - 0.335 ms","timestamp":"2026-01-31 15:04:47"}
{"level":"info","message":"OPTIONS /api/appointments/revenue 200 0 - 0.222 ms","timestamp":"2026-01-31 15:04:47"}
{"level":"info","message":"OPTIONS /api/appointments 200 0 - 0.266 ms","timestamp":"2026-01-31 15:04:47"}
{"level":"info","message":"OPTIONS /api/appointments/revenue/reports 200 0 - 0.363 ms","timestamp":"2026-01-31 15:04:47"}
{"level":"info","message":"OPTIONS /api/appointments/stats?month=1&year=2026 200 0 - 0.383 ms","timestamp":"2026-01-31 15:04:47"}
{"level":"info","message":"OPTIONS /api/attendance/range?start=2025-12-31T18:30:00.000Z&end=2026-01-31T18:29:59.999Z 200 0 - 0.457 ms","timestamp":"2026-01-31 15:04:47"}
{"level":"info","message":"GET /api/appointments/stats?month=12&year=2025 200 12 - 365.366 ms","timestamp":"2026-01-31 15:04:47"}
{"level":"info","message":"GET /api/admin-status 200 49 - 401.126 ms","timestamp":"2026-01-31 15:04:47"}
{"level":"info","message":"GET /api/appointments/revenue 200 46 - 595.538 ms","timestamp":"2026-01-31 15:04:47"}
{"level":"info","message":"GET /api/appointments/revenue/reports 200 909 - 323.235 ms","timestamp":"2026-01-31 15:04:47"}
{"level":"info","message":"GET /api/appointments/stats?month=1&year=2026 200 12 - 812.172 ms","timestamp":"2026-01-31 15:04:49"}
{"level":"info","message":"GET /api/users 200 - - 708.461 ms","timestamp":"2026-01-31 15:04:49"}
{"level":"info","message":"GET /api/users/all 200 - - 1051.597 ms","timestamp":"2026-01-31 15:04:49"}
{"level":"info","message":"GET /api/tasks 200 - - 2230.266 ms","timestamp":"2026-01-31 15:04:49"}
{"level":"info","message":"GET /api/appointments 200 - - 1473.053 ms","timestamp":"2026-01-31 15:04:49"}
{"level":"info","message":"GET /api/attendance/range?start=2025-12-31T18:30:00.000Z&end=2026-01-31T18:29:59.999Z 200 - - 1229.347 ms","timestamp":"2026-01-31 15:04:49"}
{"level":"info","message":"GET /api/appointments/stats?month=12&year=2025 304 - - 135.770 ms","timestamp":"2026-01-31 15:04:49"}
{"level":"info","message":"GET /api/admin-status 304 - - 129.116 ms","timestamp":"2026-01-31 15:04:49"}
{"level":"info","message":"GET /api/appointments/revenue/reports 304 - - 149.923 ms","timestamp":"2026-01-31 15:04:49"}
{"level":"info","message":"GET /api/attendance/2026/1 200 - - 262.372 ms","timestamp":"2026-01-31 15:04:49"}
{"level":"info","message":"GET /api/appointments/revenue 304 - - 294.238 ms","timestamp":"2026-01-31 15:04:49"}
{"level":"info","message":"GET /api/appointments/stats?month=1&year=2026 304 - - 206.358 ms","timestamp":"2026-01-31 15:04:49"}
{"level":"info","message":"GET /api/users/all 304 - - 247.009 ms","timestamp":"2026-01-31 15:04:49"}
{"level":"info","message":"GET /api/users 304 - - 402.158 ms","timestamp":"2026-01-31 15:04:49"}
{"level":"info","message":"GET /api/appointments 304 - - 372.109 ms","timestamp":"2026-01-31 15:04:50"}
{"level":"info","message":"GET /api/attendance/2026/1 304 - - 364.797 ms","timestamp":"2026-01-31 15:04:50"}
{"level":"info","message":"GET /api/attendance/range?start=2025-12-31T18:30:00.000Z&end=2026-01-31T18:29:59.999Z 304 - - 392.664 ms","timestamp":"2026-01-31 15:04:50"}
{"level":"info","message":"GET /api/tasks 304 - - 713.286 ms","timestamp":"2026-01-31 15:04:50"}
{"level":"info","message":"GET /api/tasks 304 - - 102.015 ms","timestamp":"2026-01-31 15:04:50"}
{"level":"info","message":"GET /api/tasks 304 - - 113.587 ms","timestamp":"2026-01-31 15:04:50"}
{"level":"info","message":"OPTIONS /api/attendance/range?start=2025-12-31T18:30:00.000Z&end=2026-01-31T18:29:59.999Z 200 0 - 0.441 ms","timestamp":"2026-01-31 15:04:55"}
{"level":"info","message":"OPTIONS /api/attendance/range?start=2025-12-31T18:30:00.000Z&end=2026-01-31T18:29:59.999Z 200 0 - 0.374 ms","timestamp":"2026-01-31 15:04:55"}
{"level":"info","message":"GET /api/attendance/range?start=2025-12-31T18:30:00.000Z&end=2026-01-31T18:29:59.999Z 304 - - 167.910 ms","timestamp":"2026-01-31 15:04:55"}
{"level":"info","message":"GET /api/attendance/range?start=2025-12-31T18:30:00.000Z&end=2026-01-31T18:29:59.999Z 304 - - 151.280 ms","timestamp":"2026-01-31 15:04:56"}
{"level":"info","message":"OPTIONS /api/attendance/manual 200 0 - 0.288 ms","timestamp":"2026-01-31 15:05:07"}
{"level":"info","message":"POST /api/attendance/manual 200 371 - 114.724 ms","timestamp":"2026-01-31 15:05:07"}
{"level":"info","message":"OPTIONS /api/attendance/range?start=2025-12-31T18:30:00.000Z&end=2026-01-31T18:29:59.999Z 200 0 - 0.286 ms","timestamp":"2026-01-31 15:05:07"}
{"level":"info","message":"GET /api/attendance/range?start=2025-12-31T18:30:00.000Z&end=2026-01-31T18:29:59.999Z 200 - - 168.818 ms","timestamp":"2026-01-31 15:05:07"}
{"level":"info","message":"GET /api/attendance/range?start=2025-12-31T18:30:00.000Z&end=2026-01-31T18:29:59.999Z 304 - - 179.930 ms","timestamp":"2026-01-31 15:05:08"}
{"level":"info","message":"OPTIONS /api/attendance/2026/1 200 0 - 0.320 ms","timestamp":"2026-01-31 15:05:17"}
{"level":"info","message":"GET /api/attendance/2026/1 200 - - 150.441 ms","timestamp":"2026-01-31 15:05:17"}
{"level":"info","message":"OPTIONS /api/attendance/manual 200 0 - 0.218 ms","timestamp":"2026-01-31 15:05:23"}
{"level":"info","message":"POST /api/attendance/manual 200 371 - 109.904 ms","timestamp":"2026-01-31 15:05:23"}
{"level":"info","message":"OPTIONS /api/attendance/range?start=2025-12-31T18:30:00.000Z&end=2026-01-31T18:29:59.999Z 200 0 - 0.297 ms","timestamp":"2026-01-31 15:05:23"}
{"level":"info","message":"GET /api/attendance/range?start=2025-12-31T18:30:00.000Z&end=2026-01-31T18:29:59.999Z 200 - - 171.900 ms","timestamp":"2026-01-31 15:05:23"}
{"level":"info","message":"GET /api/attendance/range?start=2025-12-31T18:30:00.000Z&end=2026-01-31T18:29:59.999Z 304 - - 140.453 ms","timestamp":"2026-01-31 15:05:24"}
{"level":"info","message":"OPTIONS /api/attendance/2026/1/download 200 0 - 0.168 ms","timestamp":"2026-01-31 15:05:34"}
{"level":"info","message":"GET /api/attendance/2026/1/download 200 - - 321.676 ms","timestamp":"2026-01-31 15:05:35"}
{"level":"info","message":"OPTIONS /api/attendance/2026/1 200 0 - 0.476 ms","timestamp":"2026-01-31 15:05:47"}
{"level":"info","message":"GET /api/attendance/2026/1 200 - - 145.005 ms","timestamp":"2026-01-31 15:05:47"}
{"level":"info","message":"OPTIONS /api/attendance/2026/1 200 0 - 0.537 ms","timestamp":"2026-01-31 15:06:17"}
{"level":"info","message":"GET /api/attendance/2026/1 304 - - 149.024 ms","timestamp":"2026-01-31 15:06:17"}
{"level":"info","message":"OPTIONS /api/attendance/2026/1 200 0 - 0.333 ms","timestamp":"2026-01-31 15:06:47"}
{"level":"info","message":"GET /api/attendance/2026/1 304 - - 154.388 ms","timestamp":"2026-01-31 15:06:47"}
{"level":"info","message":"OPTIONS /api/attendance/2026/1 200 0 - 0.170 ms","timestamp":"2026-01-31 15:07:17"}
{"level":"info","message":"GET /api/attendance/2026/1 304 - - 138.635 ms","timestamp":"2026-01-31 15:07:17"}
{"level":"info","message":"OPTIONS /api/attendance/2026/1 200 0 - 0.285 ms","timestamp":"2026-01-31 15:07:47"}
{"level":"info","message":"GET /api/attendance/2026/1 304 - - 178.499 ms","timestamp":"2026-01-31 15:07:47"}
{"level":"info","message":"OPTIONS /api/attendance/2026/1 200 0 - 0.211 ms","timestamp":"2026-01-31 15:08:17"}
{"level":"info","message":"GET /api/attendance/2026/1 304 - - 152.744 ms","timestamp":"2026-01-31 15:08:17"}
{"level":"info","message":"OPTIONS /api/messages/unread-count 200 0 - 0.392 ms","timestamp":"2026-01-31 15:08:30"}
{"level":"info","message":"OPTIONS /api/messages/unread-count 200 0 - 0.293 ms","timestamp":"2026-01-31 15:08:30"}
{"level":"info","message":"GET /api/messages/unread-count 304 - - 64.210 ms","timestamp":"2026-01-31 15:08:31"}
{"level":"info","message":"GET /api/messages/unread-count 304 - - 57.029 ms","timestamp":"2026-01-31 15:08:31"}
{"level":"info","message":"OPTIONS /api/attendance/2026/1 200 0 - 0.341 ms","timestamp":"2026-01-31 15:08:31"}
{"level":"info","message":"OPTIONS /api/users 200 0 - 0.338 ms","timestamp":"2026-01-31 15:08:31"}
{"level":"info","message":"OPTIONS /api/attendance/range?start=2025-12-31T18:30:00.000Z&end=2026-01-31T18:29:59.999Z 200 0 - 0.314 ms","timestamp":"2026-01-31 15:08:31"}
{"level":"info","message":"OPTIONS /api/attendance/range?start=2025-12-31T18:30:00.000Z&end=2026-01-31T18:29:59.999Z 200 0 - 0.322 ms","timestamp":"2026-01-31 15:08:31"}
{"level":"info","message":"GET /api/attendance/2026/1 304 - - 292.046 ms","timestamp":"2026-01-31 15:08:32"}
{"level":"info","message":"GET /api/users 200 - - 189.975 ms","timestamp":"2026-01-31 15:08:32"}
{"level":"info","message":"GET /api/attendance/range?start=2025-12-31T18:30:00.000Z&end=2026-01-31T18:29:59.999Z 304 - - 334.403 ms","timestamp":"2026-01-31 15:08:32"}
{"level":"info","message":"GET /api/users 304 - - 142.535 ms","timestamp":"2026-01-31 15:08:32"}
{"level":"info","message":"GET /api/attendance/2026/1 304 - - 285.880 ms","timestamp":"2026-01-31 15:08:32"}
{"level":"info","message":"GET /api/attendance/range?start=2025-12-31T18:30:00.000Z&end=2026-01-31T18:29:59.999Z 304 - - 250.595 ms","timestamp":"2026-01-31 15:08:32"}
{"level":"info","message":"OPTIONS /api/attendance/2026/1 200 0 - 0.339 ms","timestamp":"2026-01-31 15:09:01"}
{"level":"info","message":"GET /api/attendance/2026/1 304 - - 133.888 ms","timestamp":"2026-01-31 15:09:01"}
{"level":"info","message":"OPTIONS /api/attendance/2026/1 200 0 - 0.357 ms","timestamp":"2026-01-31 15:09:32"}
{"level":"info","message":"GET /api/attendance/2026/1 304 - - 136.091 ms","timestamp":"2026-01-31 15:09:32"}
{"level":"info","message":"OPTIONS /api/attendance/2026/1 200 0 - 0.180 ms","timestamp":"2026-01-31 15:10:02"}
{"level":"info","message":"GET /api/attendance/2026/1 304 - - 136.545 ms","timestamp":"2026-01-31 15:10:02"}
{"level":"info","message":"OPTIONS /api/attendance/range?start=2025-12-31T18:30:00.000Z&end=2026-01-31T18:29:59.999Z 200 0 - 0.319 ms","timestamp":"2026-01-31 15:10:14"}
{"level":"info","message":"GET /api/attendance/range?start=2025-12-31T18:30:00.000Z&end=2026-01-31T18:29:59.999Z 304 - - 146.905 ms","timestamp":"2026-01-31 15:10:14"}
{"level":"info","message":"OPTIONS /api/attendance/2026/1 200 0 - 0.308 ms","timestamp":"2026-01-31 15:10:32"}
{"level":"info","message":"GET /api/attendance/2026/1 304 - - 153.117 ms","timestamp":"2026-01-31 15:10:32"}
{"level":"info","message":"OPTIONS /api/attendance/2026/1 200 0 - 0.295 ms","timestamp":"2026-01-31 15:11:02"}
{"level":"info","message":"GET /api/attendance/2026/1 304 - - 164.768 ms","timestamp":"2026-01-31 15:11:02"}
{"level":"info","message":"OPTIONS /api/attendance/2026/1 200 0 - 0.249 ms","timestamp":"2026-01-31 15:11:32"}
{"level":"info","message":"GET /api/attendance/2026/1 304 - - 185.408 ms","timestamp":"2026-01-31 15:11:32"}
{"level":"info","message":"OPTIONS /api/attendance/range?start=2025-12-31T18:30:00.000Z&end=2026-01-31T18:29:59.999Z 200 0 - 0.363 ms","timestamp":"2026-01-31 15:11:53"}
{"level":"info","message":"GET /api/attendance/range?start=2025-12-31T18:30:00.000Z&end=2026-01-31T18:29:59.999Z 304 - - 168.824 ms","timestamp":"2026-01-31 15:11:53"}
{"level":"info","message":"OPTIONS /api/attendance/2026/1 200 0 - 0.357 ms","timestamp":"2026-01-31 15:12:02"}
{"level":"info","message":"GET /api/attendance/2026/1 304 - - 194.029 ms","timestamp":"2026-01-31 15:12:02"}
{"level":"info","message":"OPTIONS /api/attendance/2026/1 200 0 - 0.197 ms","timestamp":"2026-01-31 15:12:54"}
{"level":"info","message":"GET /api/attendance/2026/1 304 - - 151.767 ms","timestamp":"2026-01-31 15:12:54"}
{"level":"info","message":"OPTIONS /api/attendance/2026/1 200 0 - 0.469 ms","timestamp":"2026-01-31 15:13:02"}
{"level":"info","message":"GET /api/attendance/2026/1 304 - - 151.040 ms","timestamp":"2026-01-31 15:13:02"}
{"level":"info","message":"OPTIONS /api/messages/unread-count 200 0 - 0.291 ms","timestamp":"2026-01-31 15:13:06"}
{"level":"info","message":"GET /api/messages/unread-count 304 - - 72.595 ms","timestamp":"2026-01-31 15:13:06"}
{"level":"info","message":"GET /api/messages/unread-count 304 - - 73.112 ms","timestamp":"2026-01-31 15:13:06"}
{"level":"info","message":"OPTIONS /api/users 200 0 - 0.360 ms","timestamp":"2026-01-31 15:13:06"}
{"level":"info","message":"OPTIONS /api/attendance/range?start=2025-12-31T18:30:00.000Z&end=2026-01-31T18:29:59.999Z 200 0 - 0.408 ms","timestamp":"2026-01-31 15:13:06"}
{"level":"info","message":"OPTIONS /api/attendance/range?start=2025-12-31T18:30:00.000Z&end=2026-01-31T18:29:59.999Z 200 0 - 0.433 ms","timestamp":"2026-01-31 15:13:06"}
{"level":"info","message":"GET /api/attendance/2026/1 304 - - 268.409 ms","timestamp":"2026-01-31 15:13:06"}
{"level":"info","message":"GET /api/attendance/range?start=2025-12-31T18:30:00.000Z&end=2026-01-31T18:29:59.999Z 304 - - 314.753 ms","timestamp":"2026-01-31 15:13:06"}
{"level":"info","message":"GET /api/users 200 - - 449.776 ms","timestamp":"2026-01-31 15:13:07"}
{"level":"info","message":"GET /api/attendance/2026/1 304 - - 304.857 ms","timestamp":"2026-01-31 15:13:07"}
{"level":"info","message":"GET /api/users 304 - - 155.911 ms","timestamp":"2026-01-31 15:13:07"}
{"level":"info","message":"GET /api/attendance/range?start=2025-12-31T18:30:00.000Z&end=2026-01-31T18:29:59.999Z 304 - - 263.825 ms","timestamp":"2026-01-31 15:13:07"}
{"level":"info","message":"OPTIONS /api/attendance/2026/1 200 0 - 0.244 ms","timestamp":"2026-01-31 15:13:37"}
{"level":"info","message":"GET /api/attendance/2026/1 304 - - 167.395 ms","timestamp":"2026-01-31 15:13:37"}
{"level":"info","message":"OPTIONS /api/attendance/2026/1 200 0 - 0.200 ms","timestamp":"2026-01-31 15:14:07"}
{"level":"info","message":"GET /api/attendance/2026/1 304 - - 168.430 ms","timestamp":"2026-01-31 15:14:07"}
{"level":"info","message":"OPTIONS /api/attendance/2026/1 200 0 - 0.351 ms","timestamp":"2026-01-31 15:14:37"}
{"level":"info","message":"GET /api/attendance/2026/1 304 - - 161.226 ms","timestamp":"2026-01-31 15:14:37"}
{"level":"info","message":"OPTIONS /api/attendance/2026/1 200 0 - 0.310 ms","timestamp":"2026-01-31 15:15:07"}
{"level":"info","message":"GET /api/attendance/2026/1 304 - - 136.188 ms","timestamp":"2026-01-31 15:15:07"}
{"level":"info","message":"OPTIONS /api/attendance/2026/1 200 0 - 0.173 ms","timestamp":"2026-01-31 15:15:37"}
{"level":"info","message":"GET /api/attendance/2026/1 304 - - 139.594 ms","timestamp":"2026-01-31 15:15:37"}
{"level":"info","message":"OPTIONS /api/attendance/2026/1 200 0 - 0.177 ms","timestamp":"2026-01-31 15:16:07"}
{"level":"info","message":"GET /api/attendance/2026/1 304 - - 167.284 ms","timestamp":"2026-01-31 15:16:07"}
{"level":"info","message":"OPTIONS /api/attendance/2026/1 200 0 - 0.397 ms","timestamp":"2026-01-31 15:16:55"}
{"level":"info","message":"GET /api/attendance/2026/1 304 - - 382.861 ms","timestamp":"2026-01-31 15:16:55"}
{"level":"info","message":"OPTIONS /api/attendance/2026/1 200 0 - 0.268 ms","timestamp":"2026-01-31 15:17:54"}
{"level":"info","message":"GET /api/attendance/2026/1 304 - - 144.913 ms","timestamp":"2026-01-31 15:17:54"}
{"level":"info","message":"OPTIONS /api/attendance/2026/1 200 0 - 0.343 ms","timestamp":"2026-01-31 15:18:54"}
{"level":"info","message":"GET /api/attendance/2026/1 304 - - 167.090 ms","timestamp":"2026-01-31 15:18:54"}
{"level":"info","message":"OPTIONS /api/attendance/2026/1 200 0 - 0.306 ms","timestamp":"2026-01-31 15:19:54"}
{"level":"info","message":"GET /api/attendance/2026/1 304 - - 134.855 ms","timestamp":"2026-01-31 15:19:54"}
{"level":"info","message":"OPTIONS /api/attendance/2026/1 200 0 - 0.200 ms","timestamp":"2026-01-31 15:20:54"}
{"level":"info","message":"GET /api/attendance/2026/1 304 - - 136.674 ms","timestamp":"2026-01-31 15:20:54"}
{"level":"info","message":"OPTIONS /api/attendance/2026/1 200 0 - 0.309 ms","timestamp":"2026-01-31 15:21:54"}
{"level":"info","message":"GET /api/attendance/2026/1 304 - - 161.317 ms","timestamp":"2026-01-31 15:21:54"}
{"level":"info","message":"OPTIONS /api/attendance/2026/1 200 0 - 0.400 ms","timestamp":"2026-01-31 15:22:54"}
{"level":"info","message":"GET /api/attendance/2026/1 304 - - 157.232 ms","timestamp":"2026-01-31 15:22:54"}
{"level":"info","message":"OPTIONS /api/attendance/2026/1 200 0 - 0.280 ms","timestamp":"2026-01-31 15:23:54"}
{"level":"info","message":"GET /api/attendance/2026/1 304 - - 144.351 ms","timestamp":"2026-01-31 15:23:54"}
{"level":"info","message":"OPTIONS /api/attendance/2026/1 200 0 - 0.450 ms","timestamp":"2026-01-31 15:24:54"}
{"level":"info","message":"GET /api/attendance/2026/1 304 - - 336.616 ms","timestamp":"2026-01-31 15:24:54"}
{"level":"info","message":"OPTIONS /api/attendance/2026/1 200 0 - 0.341 ms","timestamp":"2026-01-31 15:25:54"}
{"level":"info","message":"GET /api/attendance/2026/1 304 - - 155.671 ms","timestamp":"2026-01-31 15:25:54"}
{"level":"info","message":"OPTIONS /api/attendance/2026/1 200 0 - 0.277 ms","timestamp":"2026-01-31 15:26:54"}
{"level":"info","message":"GET /api/attendance/2026/1 304 - - 148.838 ms","timestamp":"2026-01-31 15:26:54"}
{"level":"info","message":"OPTIONS /api/attendance/2026/1 200 0 - 0.289 ms","timestamp":"2026-01-31 15:27:54"}
{"level":"info","message":"GET /api/attendance/2026/1 304 - - 181.846 ms","timestamp":"2026-01-31 15:27:54"}
{"level":"info","message":"OPTIONS /api/attendance/2026/1 200 0 - 0.353 ms","timestamp":"2026-01-31 15:28:54"}
{"level":"info","message":"GET /api/attendance/2026/1 304 - - 161.336 ms","timestamp":"2026-01-31 15:28:54"}
{"level":"info","message":"OPTIONS /api/attendance/2026/1 200 0 - 0.218 ms","timestamp":"2026-01-31 15:29:06"}
{"level":"info","message":"GET /api/attendance/2026/1 304 - - 163.482 ms","timestamp":"2026-01-31 15:29:06"}
{"level":"info","message":"OPTIONS /api/attendance/2026/1 200 0 - 0.630 ms","timestamp":"2026-01-31 15:29:36"}
{"level":"info","message":"GET /api/attendance/2026/1 304 - - 204.766 ms","timestamp":"2026-01-31 15:29:36"}
{"level":"info","message":"OPTIONS /api/appointments/revenue/reports 200 0 - 0.343 ms","timestamp":"2026-01-31 15:29:40"}
{"level":"info","message":"OPTIONS /api/appointments 200 0 - 0.348 ms","timestamp":"2026-01-31 15:29:40"}
{"level":"info","message":"OPTIONS /api/tasks 200 0 - 0.396 ms","timestamp":"2026-01-31 15:29:40"}
{"level":"info","message":"OPTIONS /api/attendance/range?start=2025-12-31T18:30:00.000Z&end=2026-01-31T18:29:59.999Z 200 0 - 0.349 ms","timestamp":"2026-01-31 15:29:40"}
{"level":"info","message":"OPTIONS /api/admin-status 200 0 - 0.329 ms","timestamp":"2026-01-31 15:29:40"}
{"level":"info","message":"OPTIONS /api/appointments/stats?month=1&year=2026 200 0 - 0.330 ms","timestamp":"2026-01-31 15:29:40"}
{"level":"info","message":"OPTIONS /api/appointments/stats?month=12&year=2025 200 0 - 0.310 ms","timestamp":"2026-01-31 15:29:40"}
{"level":"info","message":"OPTIONS /api/appointments/revenue 200 0 - 0.291 ms","timestamp":"2026-01-31 15:29:40"}
{"level":"info","message":"OPTIONS /api/users 200 0 - 0.295 ms","timestamp":"2026-01-31 15:29:40"}
{"level":"info","message":"OPTIONS /api/users/all 200 0 - 0.380 ms","timestamp":"2026-01-31 15:29:40"}
{"level":"info","message":"OPTIONS /api/users/all 200 0 - 0.502 ms","timestamp":"2026-01-31 15:29:40"}
{"level":"info","message":"GET /api/appointments/revenue/reports 304 - - 57.263 ms","timestamp":"2026-01-31 15:29:40"}
{"level":"info","message":"GET /api/tasks 304 - - 204.160 ms","timestamp":"2026-01-31 15:29:40"}
{"level":"info","message":"GET /api/admin-status 304 - - 290.701 ms","timestamp":"2026-01-31 15:29:41"}
{"level":"info","message":"GET /api/appointments 304 - - 497.384 ms","timestamp":"2026-01-31 15:29:41"}
{"level":"info","message":"GET /api/appointments/stats?month=12&year=2025 304 - - 372.104 ms","timestamp":"2026-01-31 15:29:41"}
{"level":"info","message":"GET /api/appointments/stats?month=1&year=2026 304 - - 305.256 ms","timestamp":"2026-01-31 15:29:41"}
{"level":"info","message":"GET /api/attendance/range?start=2025-12-31T18:30:00.000Z&end=2026-01-31T18:29:59.999Z 304 - - 652.856 ms","timestamp":"2026-01-31 15:29:41"}
{"level":"info","message":"GET /api/appointments/revenue 304 - - 480.022 ms","timestamp":"2026-01-31 15:29:41"}
{"level":"info","message":"GET /api/appointments/revenue/reports 304 - - 625.314 ms","timestamp":"2026-01-31 15:29:41"}
{"level":"info","message":"GET /api/admin-status 304 - - 1348.135 ms","timestamp":"2026-01-31 15:29:42"}
{"level":"info","message":"GET /api/tasks 304 - - 1421.813 ms","timestamp":"2026-01-31 15:29:42"}
{"level":"info","message":"GET /api/users/all 200 - - 622.838 ms","timestamp":"2026-01-31 15:29:42"}
{"level":"info","message":"GET /api/users 200 - - 1605.223 ms","timestamp":"2026-01-31 15:29:42"}
{"level":"info","message":"GET /api/appointments 304 - - 851.392 ms","timestamp":"2026-01-31 15:29:43"}
{"level":"info","message":"GET /api/appointments/stats?month=1&year=2026 304 - - 275.408 ms","timestamp":"2026-01-31 15:29:43"}
{"level":"info","message":"GET /api/users/all 304 - - 245.615 ms","timestamp":"2026-01-31 15:29:43"}
{"level":"info","message":"GET /api/appointments/revenue 304 - - 424.666 ms","timestamp":"2026-01-31 15:29:43"}
{"level":"info","message":"GET /api/attendance/range?start=2025-12-31T18:30:00.000Z&end=2026-01-31T18:29:59.999Z 304 - - 476.323 ms","timestamp":"2026-01-31 15:29:43"}
{"level":"info","message":"GET /api/tasks 304 - - 270.443 ms","timestamp":"2026-01-31 15:29:43"}
{"level":"info","message":"GET /api/appointments/stats?month=12&year=2025 304 - - 928.107 ms","timestamp":"2026-01-31 15:29:43"}
{"level":"info","message":"GET /api/users 304 - - 291.998 ms","timestamp":"2026-01-31 15:29:43"}
{"level":"info","message":"GET /api/tasks 304 - - 93.495 ms","timestamp":"2026-01-31 15:29:43"}
{"level":"info","message":"OPTIONS /api/appointments/stats?month=1&year=2026 200 0 - 0.476 ms","timestamp":"2026-01-31 15:29:50"}
{"level":"info","message":"OPTIONS /api/appointments/stats?month=12&year=2025 200 0 - 0.240 ms","timestamp":"2026-01-31 15:29:50"}
{"level":"info","message":"OPTIONS /api/appointments/revenue 200 0 - 0.341 ms","timestamp":"2026-01-31 15:29:50"}
{"level":"info","message":"OPTIONS /api/users 200 0 - 0.253 ms","timestamp":"2026-01-31 15:29:50"}
{"level":"info","message":"GET /api/appointments/stats?month=1&year=2026 304 - - 51.440 ms","timestamp":"2026-01-31 15:29:50"}
{"level":"info","message":"GET /api/appointments/stats?month=12&year=2025 304 - - 49.650 ms","timestamp":"2026-01-31 15:29:50"}
{"level":"info","message":"GET /api/appointments/revenue 304 - - 79.276 ms","timestamp":"2026-01-31 15:29:50"}
{"level":"info","message":"GET /api/users 304 - - 146.393 ms","timestamp":"2026-01-31 15:29:50"}
{"level":"info","message":"OPTIONS /api/appointments/stats?month=1&year=2026 200 0 - 0.298 ms","timestamp":"2026-01-31 15:30:01"}
{"level":"info","message":"OPTIONS /api/appointments/stats?month=12&year=2025 200 0 - 0.203 ms","timestamp":"2026-01-31 15:30:01"}
{"level":"info","message":"OPTIONS /api/appointments/revenue 200 0 - 0.312 ms","timestamp":"2026-01-31 15:30:01"}
{"level":"info","message":"OPTIONS /api/users 200 0 - 0.289 ms","timestamp":"2026-01-31 15:30:01"}
{"level":"info","message":"GET /api/appointments/stats?month=1&year=2026 304 - - 52.736 ms","timestamp":"2026-01-31 15:30:01"}
{"level":"info","message":"GET /api/appointments/stats?month=12&year=2025 304 - - 63.030 ms","timestamp":"2026-01-31 15:30:01"}
{"level":"info","message":"GET /api/appointments/revenue 304 - - 90.415 ms","timestamp":"2026-01-31 15:30:01"}
{"level":"info","message":"GET /api/users 200 - - 144.619 ms","timestamp":"2026-01-31 15:30:01"}
{"level":"info","message":"OPTIONS /api/attendance/2026/1 200 0 - 0.290 ms","timestamp":"2026-01-31 15:30:07"}
{"level":"info","message":"GET /api/attendance/2026/1 304 - - 166.804 ms","timestamp":"2026-01-31 15:30:07"}
{"level":"info","message":"OPTIONS /api/users/all 200 0 - 0.259 ms","timestamp":"2026-01-31 15:30:11"}
{"level":"info","message":"OPTIONS /api/attendance/range?start=2025-12-31T18:30:00.000Z&end=2026-01-31T18:29:59.999Z 200 0 - 0.275 ms","timestamp":"2026-01-31 15:30:11"}
{"level":"info","message":"OPTIONS /api/appointments/stats?month=1&year=2026 200 0 - 0.226 ms","timestamp":"2026-01-31 15:30:11"}
{"level":"info","message":"OPTIONS /api/appointments/stats?month=12&year=2025 200 0 - 0.298 ms","timestamp":"2026-01-31 15:30:11"}
{"level":"info","message":"OPTIONS /api/appointments/revenue 200 0 - 0.262 ms","timestamp":"2026-01-31 15:30:11"}
{"level":"info","message":"OPTIONS /api/users 200 0 - 0.292 ms","timestamp":"2026-01-31 15:30:11"}
{"level":"info","message":"GET /api/attendance/range?start=2025-12-31T18:30:00.000Z&end=2026-01-31T18:29:59.999Z 304 - - 185.569 ms","timestamp":"2026-01-31 15:30:11"}
{"level":"info","message":"GET /api/users/all 200 - - 123.242 ms","timestamp":"2026-01-31 15:30:11"}
{"level":"info","message":"GET /api/appointments/stats?month=1&year=2026 304 - - 54.152 ms","timestamp":"2026-01-31 15:30:11"}
{"level":"info","message":"GET /api/appointments/stats?month=12&year=2025 304 - - 50.501 ms","timestamp":"2026-01-31 15:30:11"}
{"level":"info","message":"GET /api/appointments/revenue 304 - - 82.914 ms","timestamp":"2026-01-31 15:30:11"}
{"level":"info","message":"GET /api/users 200 - - 140.538 ms","timestamp":"2026-01-31 15:30:11"}
{"level":"info","message":"OPTIONS /api/appointments/stats?month=1&year=2026 200 0 - 0.320 ms","timestamp":"2026-01-31 15:30:21"}
{"level":"info","message":"OPTIONS /api/appointments/stats?month=12&year=2025 200 0 - 0.286 ms","timestamp":"2026-01-31 15:30:21"}
{"level":"info","message":"OPTIONS /api/appointments/revenue 200 0 - 0.280 ms","timestamp":"2026-01-31 15:30:21"}
{"level":"info","message":"OPTIONS /api/users 200 0 - 0.278 ms","timestamp":"2026-01-31 15:30:21"}
{"level":"info","message":"GET /api/appointments/stats?month=1&year=2026 304 - - 50.650 ms","timestamp":"2026-01-31 15:30:21"}
{"level":"info","message":"GET /api/appointments/stats?month=12&year=2025 304 - - 50.793 ms","timestamp":"2026-01-31 15:30:21"}
{"level":"info","message":"GET /api/appointments/revenue 304 - - 86.032 ms","timestamp":"2026-01-31 15:30:21"}
{"level":"info","message":"GET /api/users 304 - - 138.430 ms","timestamp":"2026-01-31 15:30:21"}
{"level":"info","message":"OPTIONS /api/appointments/stats?month=1&year=2026 200 0 - 0.263 ms","timestamp":"2026-01-31 15:30:31"}
{"level":"info","message":"OPTIONS /api/appointments/stats?month=12&year=2025 200 0 - 0.159 ms","timestamp":"2026-01-31 15:30:31"}
{"level":"info","message":"OPTIONS /api/appointments/revenue 200 0 - 0.383 ms","timestamp":"2026-01-31 15:30:31"}
{"level":"info","message":"OPTIONS /api/users 200 0 - 0.271 ms","timestamp":"2026-01-31 15:30:31"}
{"level":"info","message":"GET /api/appointments/stats?month=1&year=2026 304 - - 51.093 ms","timestamp":"2026-01-31 15:30:31"}
{"level":"info","message":"GET /api/appointments/stats?month=12&year=2025 304 - - 50.983 ms","timestamp":"2026-01-31 15:30:31"}
{"level":"info","message":"GET /api/appointments/revenue 304 - - 84.366 ms","timestamp":"2026-01-31 15:30:31"}
{"level":"info","message":"GET /api/users 304 - - 136.087 ms","timestamp":"2026-01-31 15:30:31"}
{"level":"info","message":"OPTIONS /api/attendance/2026/1 200 0 - 0.285 ms","timestamp":"2026-01-31 15:30:37"}
{"level":"info","message":"GET /api/attendance/2026/1 304 - - 158.860 ms","timestamp":"2026-01-31 15:30:37"}
{"level":"info","message":"OPTIONS /api/users/all 200 0 - 0.183 ms","timestamp":"2026-01-31 15:30:41"}
{"level":"info","message":"OPTIONS /api/attendance/range?start=2025-12-31T18:30:00.000Z&end=2026-01-31T18:29:59.999Z 200 0 - 0.323 ms","timestamp":"2026-01-31 15:30:41"}
{"level":"info","message":"GET /api/users/all 304 - - 129.782 ms","timestamp":"2026-01-31 15:30:41"}
{"level":"info","message":"OPTIONS /api/appointments/stats?month=1&year=2026 200 0 - 0.245 ms","timestamp":"2026-01-31 15:30:41"}
{"level":"info","message":"OPTIONS /api/appointments/stats?month=12&year=2025 200 0 - 0.494 ms","timestamp":"2026-01-31 15:30:41"}
{"level":"info","message":"OPTIONS /api/appointments/revenue 200 0 - 0.291 ms","timestamp":"2026-01-31 15:30:41"}
{"level":"info","message":"OPTIONS /api/users 200 0 - 0.267 ms","timestamp":"2026-01-31 15:30:41"}
{"level":"info","message":"GET /api/attendance/range?start=2025-12-31T18:30:00.000Z&end=2026-01-31T18:29:59.999Z 304 - - 192.282 ms","timestamp":"2026-01-31 15:30:41"}
{"level":"info","message":"GET /api/appointments/stats?month=1&year=2026 304 - - 87.718 ms","timestamp":"2026-01-31 15:30:41"}
{"level":"info","message":"GET /api/appointments/stats?month=12&year=2025 304 - - 79.524 ms","timestamp":"2026-01-31 15:30:41"}
{"level":"info","message":"GET /api/appointments/revenue 304 - - 105.170 ms","timestamp":"2026-01-31 15:30:41"}
{"level":"info","message":"GET /api/users 304 - - 170.521 ms","timestamp":"2026-01-31 15:30:41"}
{"level":"info","message":"OPTIONS /api/appointments/stats?month=1&year=2026 200 0 - 0.251 ms","timestamp":"2026-01-31 15:30:51"}
{"level":"info","message":"OPTIONS /api/appointments/stats?month=12&year=2025 200 0 - 0.318 ms","timestamp":"2026-01-31 15:30:51"}
{"level":"info","message":"OPTIONS /api/appointments/revenue 200 0 - 0.285 ms","timestamp":"2026-01-31 15:30:51"}
{"level":"info","message":"OPTIONS /api/users 200 0 - 0.259 ms","timestamp":"2026-01-31 15:30:51"}
{"level":"info","message":"GET /api/appointments/stats?month=1&year=2026 304 - - 51.210 ms","timestamp":"2026-01-31 15:30:51"}
{"level":"info","message":"GET /api/appointments/stats?month=12&year=2025 304 - - 51.142 ms","timestamp":"2026-01-31 15:30:51"}
{"level":"info","message":"GET /api/appointments/revenue 304 - - 81.072 ms","timestamp":"2026-01-31 15:30:51"}
{"level":"info","message":"GET /api/users 304 - - 140.020 ms","timestamp":"2026-01-31 15:30:51"}
{"level":"info","message":"OPTIONS /api/appointments/stats?month=1&year=2026 200 0 - 0.251 ms","timestamp":"2026-01-31 15:31:01"}
{"level":"info","message":"OPTIONS /api/appointments/stats?month=12&year=2025 200 0 - 0.303 ms","timestamp":"2026-01-31 15:31:01"}
{"level":"info","message":"OPTIONS /api/appointments/revenue 200 0 - 0.278 ms","timestamp":"2026-01-31 15:31:01"}
{"level":"info","message":"OPTIONS /api/users 200 0 - 0.271 ms","timestamp":"2026-01-31 15:31:01"}
{"level":"info","message":"GET /api/appointments/stats?month=1&year=2026 304 - - 55.720 ms","timestamp":"2026-01-31 15:31:01"}
{"level":"info","message":"GET /api/appointments/stats?month=12&year=2025 304 - - 58.130 ms","timestamp":"2026-01-31 15:31:01"}
{"level":"info","message":"GET /api/appointments/revenue 304 - - 88.928 ms","timestamp":"2026-01-31 15:31:01"}
{"level":"info","message":"GET /api/users 200 - - 153.976 ms","timestamp":"2026-01-31 15:31:01"}
{"level":"info","message":"OPTIONS /api/attendance/2026/1 200 0 - 0.186 ms","timestamp":"2026-01-31 15:31:07"}
{"level":"info","message":"GET /api/attendance/2026/1 304 - - 149.401 ms","timestamp":"2026-01-31 15:31:07"}
{"level":"info","message":"OPTIONS /api/users/all 200 0 - 0.224 ms","timestamp":"2026-01-31 15:31:11"}
{"level":"info","message":"OPTIONS /api/attendance/range?start=2025-12-31T18:30:00.000Z&end=2026-01-31T18:29:59.999Z 200 0 - 0.275 ms","timestamp":"2026-01-31 15:31:11"}
{"level":"info","message":"GET /api/users/all 200 - - 131.134 ms","timestamp":"2026-01-31 15:31:11"}
{"level":"info","message":"GET /api/attendance/range?start=2025-12-31T18:30:00.000Z&end=2026-01-31T18:29:59.999Z 304 - - 166.379 ms","timestamp":"2026-01-31 15:31:11"}
{"level":"info","message":"OPTIONS /api/appointments/stats?month=1&year=2026 200 0 - 0.354 ms","timestamp":"2026-01-31 15:31:11"}
{"level":"info","message":"OPTIONS /api/appointments/stats?month=12&year=2025 200 0 - 0.277 ms","timestamp":"2026-01-31 15:31:11"}
{"level":"info","message":"OPTIONS /api/appointments/revenue 200 0 - 0.292 ms","timestamp":"2026-01-31 15:31:11"}
{"level":"info","message":"OPTIONS /api/users 200 0 - 0.278 ms","timestamp":"2026-01-31 15:31:11"}
{"level":"info","message":"GET /api/appointments/stats?month=1&year=2026 304 - - 53.650 ms","timestamp":"2026-01-31 15:31:11"}
{"level":"info","message":"GET /api/appointments/stats?month=12&year=2025 304 - - 48.990 ms","timestamp":"2026-01-31 15:31:11"}
{"level":"info","message":"GET /api/appointments/revenue 304 - - 91.338 ms","timestamp":"2026-01-31 15:31:11"}
{"level":"info","message":"GET /api/users 200 - - 304.905 ms","timestamp":"2026-01-31 15:31:12"}
{"level":"info","message":"OPTIONS /api/appointments/stats?month=1&year=2026 200 0 - 0.272 ms","timestamp":"2026-01-31 15:31:21"}
{"level":"info","message":"OPTIONS /api/appointments/stats?month=12&year=2025 200 0 - 0.366 ms","timestamp":"2026-01-31 15:31:21"}
{"level":"info","message":"OPTIONS /api/appointments/revenue 200 0 - 0.299 ms","timestamp":"2026-01-31 15:31:21"}
{"level":"info","message":"OPTIONS /api/users 200 0 - 0.332 ms","timestamp":"2026-01-31 15:31:21"}
{"level":"info","message":"GET /api/appointments/stats?month=1&year=2026 304 - - 57.484 ms","timestamp":"2026-01-31 15:31:21"}
{"level":"info","message":"GET /api/appointments/stats?month=12&year=2025 304 - - 52.492 ms","timestamp":"2026-01-31 15:31:21"}
{"level":"info","message":"GET /api/appointments/revenue 304 - - 88.506 ms","timestamp":"2026-01-31 15:31:21"}
{"level":"info","message":"GET /api/users 304 - - 149.801 ms","timestamp":"2026-01-31 15:31:21"}
{"level":"info","message":"OPTIONS /api/appointments/stats?month=1&year=2026 200 0 - 0.364 ms","timestamp":"2026-01-31 15:31:30"}
{"level":"info","message":"OPTIONS /api/users 200 0 - 0.262 ms","timestamp":"2026-01-31 15:31:30"}
{"level":"info","message":"OPTIONS /api/appointments/revenue 200 0 - 0.250 ms","timestamp":"2026-01-31 15:31:30"}
{"level":"info","message":"OPTIONS /api/appointments/stats?month=12&year=2025 200 0 - 0.314 ms","timestamp":"2026-01-31 15:31:30"}
{"level":"info","message":"GET /api/appointments/stats?month=1&year=2026 304 - - 56.884 ms","timestamp":"2026-01-31 15:31:30"}
{"level":"info","message":"GET /api/appointments/stats?month=12&year=2025 304 - - 51.799 ms","timestamp":"2026-01-31 15:31:30"}
{"level":"info","message":"GET /api/appointments/revenue 304 - - 99.587 ms","timestamp":"2026-01-31 15:31:30"}
{"level":"info","message":"GET /api/users 200 - - 175.081 ms","timestamp":"2026-01-31 15:31:30"}
{"level":"info","message":"OPTIONS /api/attendance/2026/1 200 0 - 0.260 ms","timestamp":"2026-01-31 15:31:37"}
{"level":"info","message":"GET /api/attendance/2026/1 304 - - 155.644 ms","timestamp":"2026-01-31 15:31:37"}
{"level":"info","message":"OPTIONS /api/users/all 200 0 - 0.271 ms","timestamp":"2026-01-31 15:31:41"}
{"level":"info","message":"OPTIONS /api/attendance/range?start=2025-12-31T18:30:00.000Z&end=2026-01-31T18:29:59.999Z 200 0 - 0.270 ms","timestamp":"2026-01-31 15:31:41"}
{"level":"info","message":"OPTIONS /api/appointments/stats?month=1&year=2026 200 0 - 0.191 ms","timestamp":"2026-01-31 15:31:41"}
{"level":"info","message":"OPTIONS /api/appointments/stats?month=12&year=2025 200 0 - 0.426 ms","timestamp":"2026-01-31 15:31:41"}
{"level":"info","message":"OPTIONS /api/appointments/revenue 200 0 - 0.357 ms","timestamp":"2026-01-31 15:31:41"}
{"level":"info","message":"GET /api/attendance/range?start=2025-12-31T18:30:00.000Z&end=2026-01-31T18:29:59.999Z 304 - - 205.476 ms","timestamp":"2026-01-31 15:31:41"}
{"level":"info","message":"OPTIONS /api/users 200 0 - 0.221 ms","timestamp":"2026-01-31 15:31:41"}
{"level":"info","message":"GET /api/users/all 200 - - 129.594 ms","timestamp":"2026-01-31 15:31:41"}
{"level":"info","message":"GET /api/appointments/stats?month=1&year=2026 304 - - 59.421 ms","timestamp":"2026-01-31 15:31:41"}
{"level":"info","message":"GET /api/appointments/stats?month=12&year=2025 304 - - 53.634 ms","timestamp":"2026-01-31 15:31:41"}
{"level":"info","message":"GET /api/appointments/revenue 304 - - 95.522 ms","timestamp":"2026-01-31 15:31:41"}
{"level":"info","message":"GET /api/users 304 - - 137.405 ms","timestamp":"2026-01-31 15:31:41"}
{"level":"info","message":"OPTIONS /api/appointments/stats?month=1&year=2026 200 0 - 0.229 ms","timestamp":"2026-01-31 15:31:51"}
{"level":"info","message":"OPTIONS /api/appointments/stats?month=12&year=2025 200 0 - 0.259 ms","timestamp":"2026-01-31 15:31:51"}
{"level":"info","message":"OPTIONS /api/appointments/revenue 200 0 - 0.277 ms","timestamp":"2026-01-31 15:31:51"}
{"level":"info","message":"OPTIONS /api/users 200 0 - 0.253 ms","timestamp":"2026-01-31 15:31:51"}
{"level":"info","message":"GET /api/appointments/stats?month=1&year=2026 304 - - 51.412 ms","timestamp":"2026-01-31 15:31:51"}
{"level":"info","message":"GET /api/appointments/stats?month=12&year=2025 304 - - 66.337 ms","timestamp":"2026-01-31 15:31:51"}
{"level":"info","message":"GET /api/appointments/revenue 304 - - 98.616 ms","timestamp":"2026-01-31 15:31:51"}
{"level":"info","message":"GET /api/users 304 - - 152.905 ms","timestamp":"2026-01-31 15:31:51"}
{"level":"info","message":"OPTIONS /api/appointments/stats?month=1&year=2026 200 0 - 0.262 ms","timestamp":"2026-01-31 15:32:01"}
{"level":"info","message":"OPTIONS /api/appointments/stats?month=12&year=2025 200 0 - 0.258 ms","timestamp":"2026-01-31 15:32:01"}
{"level":"info","message":"OPTIONS /api/appointments/revenue 200 0 - 0.271 ms","timestamp":"2026-01-31 15:32:01"}
{"level":"info","message":"OPTIONS /api/users 200 0 - 0.227 ms","timestamp":"2026-01-31 15:32:01"}
{"level":"info","message":"GET /api/appointments/stats?month=1&year=2026 304 - - 50.787 ms","timestamp":"2026-01-31 15:32:01"}
{"level":"info","message":"GET /api/appointments/stats?month=12&year=2025 304 - - 49.900 ms","timestamp":"2026-01-31 15:32:01"}
{"level":"info","message":"GET /api/appointments/revenue 304 - - 82.319 ms","timestamp":"2026-01-31 15:32:01"}
{"level":"info","message":"GET /api/users 200 - - 142.691 ms","timestamp":"2026-01-31 15:32:01"}
{"level":"info","message":"OPTIONS /api/attendance/2026/1 200 0 - 0.156 ms","timestamp":"2026-01-31 15:32:07"}
{"level":"info","message":"GET /api/attendance/2026/1 304 - - 142.739 ms","timestamp":"2026-01-31 15:32:07"}
{"level":"info","message":"OPTIONS /api/users/all 200 0 - 0.296 ms","timestamp":"2026-01-31 15:32:12"}
{"level":"info","message":"OPTIONS /api/attendance/range?start=2025-12-31T18:30:00.000Z&end=2026-01-31T18:29:59.999Z 200 0 - 0.272 ms","timestamp":"2026-01-31 15:32:12"}
{"level":"info","message":"GET /api/attendance/range?start=2025-12-31T18:30:00.000Z&end=2026-01-31T18:29:59.999Z 304 - - 192.899 ms","timestamp":"2026-01-31 15:32:12"}
{"level":"info","message":"GET /api/users/all 200 - - 147.871 ms","timestamp":"2026-01-31 15:32:12"}
{"level":"info","message":"OPTIONS /api/appointments/stats?month=1&year=2026 200 0 - 0.364 ms","timestamp":"2026-01-31 15:32:12"}
{"level":"info","message":"OPTIONS /api/appointments/stats?month=12&year=2025 200 0 - 0.273 ms","timestamp":"2026-01-31 15:32:12"}
{"level":"info","message":"OPTIONS /api/appointments/revenue 200 0 - 0.270 ms","timestamp":"2026-01-31 15:32:12"}
{"level":"info","message":"GET /api/appointments/stats?month=1&year=2026 304 - - 55.236 ms","timestamp":"2026-01-31 15:32:12"}
{"level":"info","message":"OPTIONS /api/users 200 0 - 0.339 ms","timestamp":"2026-01-31 15:32:12"}
{"level":"info","message":"GET /api/appointments/stats?month=12&year=2025 304 - - 51.770 ms","timestamp":"2026-01-31 15:32:12"}
{"level":"info","message":"GET /api/appointments/revenue 304 - - 88.175 ms","timestamp":"2026-01-31 15:32:12"}
{"level":"info","message":"GET /api/users 200 - - 152.529 ms","timestamp":"2026-01-31 15:32:12"}
{"level":"info","message":"OPTIONS /api/appointments/stats?month=1&year=2026 200 0 - 0.308 ms","timestamp":"2026-01-31 15:32:21"}
{"level":"info","message":"OPTIONS /api/appointments/stats?month=12&year=2025 200 0 - 0.279 ms","timestamp":"2026-01-31 15:32:21"}
{"level":"info","message":"OPTIONS /api/appointments/revenue 200 0 - 0.295 ms","timestamp":"2026-01-31 15:32:21"}
{"level":"info","message":"OPTIONS /api/users 200 0 - 0.326 ms","timestamp":"2026-01-31 15:32:21"}
{"level":"info","message":"GET /api/appointments/stats?month=1&year=2026 304 - - 50.470 ms","timestamp":"2026-01-31 15:32:21"}
{"level":"info","message":"GET /api/appointments/stats?month=12&year=2025 304 - - 50.406 ms","timestamp":"2026-01-31 15:32:21"}
{"level":"info","message":"GET /api/appointments/revenue 304 - - 87.466 ms","timestamp":"2026-01-31 15:32:21"}
{"level":"info","message":"GET /api/users 304 - - 156.679 ms","timestamp":"2026-01-31 15:32:21"}
{"level":"info","message":"OPTIONS /api/appointments/stats?month=1&year=2026 200 0 - 0.343 ms","timestamp":"2026-01-31 15:32:31"}
{"level":"info","message":"OPTIONS /api/appointments/stats?month=12&year=2025 200 0 - 0.317 ms","timestamp":"2026-01-31 15:32:31"}
{"level":"info","message":"OPTIONS /api/appointments/revenue 200 0 - 0.282 ms","timestamp":"2026-01-31 15:32:31"}
{"level":"info","message":"OPTIONS /api/users 200 0 - 0.264 ms","timestamp":"2026-01-31 15:32:31"}
{"level":"info","message":"GET /api/appointments/stats?month=1&year=2026 304 - - 62.140 ms","timestamp":"2026-01-31 15:32:31"}
{"level":"info","message":"GET /api/appointments/stats?month=12&year=2025 304 - - 64.330 ms","timestamp":"2026-01-31 15:32:31"}
{"level":"info","message":"GET /api/appointments/revenue 304 - - 84.278 ms","timestamp":"2026-01-31 15:32:31"}
{"level":"info","message":"GET /api/users 200 - - 161.104 ms","timestamp":"2026-01-31 15:32:31"}
{"level":"info","message":"OPTIONS /api/attendance/2026/1 200 0 - 0.352 ms","timestamp":"2026-01-31 15:32:36"}
{"level":"info","message":"GET /api/attendance/2026/1 304 - - 153.064 ms","timestamp":"2026-01-31 15:32:37"}
{"level":"info","message":"OPTIONS /api/users/all 200 0 - 0.317 ms","timestamp":"2026-01-31 15:32:41"}
{"level":"info","message":"OPTIONS /api/attendance/range?start=2025-12-31T18:30:00.000Z&end=2026-01-31T18:29:59.999Z 200 0 - 0.296 ms","timestamp":"2026-01-31 15:32:41"}
{"level":"info","message":"GET /api/attendance/range?start=2025-12-31T18:30:00.000Z&end=2026-01-31T18:29:59.999Z 304 - - 211.309 ms","timestamp":"2026-01-31 15:32:41"}
{"level":"info","message":"GET /api/users/all 200 - - 139.453 ms","timestamp":"2026-01-31 15:32:41"}
{"level":"info","message":"OPTIONS /api/appointments/stats?month=1&year=2026 200 0 - 0.339 ms","timestamp":"2026-01-31 15:32:41"}
{"level":"info","message":"OPTIONS /api/appointments/stats?month=12&year=2025 200 0 - 0.259 ms","timestamp":"2026-01-31 15:32:41"}
{"level":"info","message":"OPTIONS /api/appointments/revenue 200 0 - 0.302 ms","timestamp":"2026-01-31 15:32:41"}
{"level":"info","message":"OPTIONS /api/users 200 0 - 0.393 ms","timestamp":"2026-01-31 15:32:41"}
{"level":"info","message":"GET /api/appointments/stats?month=1&year=2026 304 - - 65.598 ms","timestamp":"2026-01-31 15:32:41"}
{"level":"info","message":"GET /api/appointments/stats?month=12&year=2025 304 - - 63.968 ms","timestamp":"2026-01-31 15:32:41"}
{"level":"info","message":"GET /api/appointments/revenue 304 - - 102.090 ms","timestamp":"2026-01-31 15:32:41"}
{"level":"info","message":"GET /api/users 304 - - 147.580 ms","timestamp":"2026-01-31 15:32:41"}
{"level":"info","message":"OPTIONS /api/appointments/stats?month=1&year=2026 200 0 - 0.290 ms","timestamp":"2026-01-31 15:32:51"}
{"level":"info","message":"OPTIONS /api/appointments/stats?month=12&year=2025 200 0 - 0.262 ms","timestamp":"2026-01-31 15:32:51"}
{"level":"info","message":"OPTIONS /api/appointments/revenue 200 0 - 0.272 ms","timestamp":"2026-01-31 15:32:51"}
{"level":"info","message":"OPTIONS /api/users 200 0 - 0.261 ms","timestamp":"2026-01-31 15:32:51"}
{"level":"info","message":"GET /api/appointments/stats?month=1&year=2026 304 - - 51.076 ms","timestamp":"2026-01-31 15:32:51"}
{"level":"info","message":"GET /api/appointments/stats?month=12&year=2025 304 - - 49.035 ms","timestamp":"2026-01-31 15:32:51"}
{"level":"info","message":"GET /api/appointments/revenue 304 - - 75.936 ms","timestamp":"2026-01-31 15:32:51"}
{"level":"info","message":"GET /api/users 304 - - 140.404 ms","timestamp":"2026-01-31 15:32:51"}
{"level":"info","message":"OPTIONS /api/appointments/stats?month=1&year=2026 200 0 - 0.164 ms","timestamp":"2026-01-31 15:33:01"}
{"level":"info","message":"OPTIONS /api/appointments/stats?month=12&year=2025 200 0 - 0.239 ms","timestamp":"2026-01-31 15:33:01"}
{"level":"info","message":"OPTIONS /api/appointments/revenue 200 0 - 0.253 ms","timestamp":"2026-01-31 15:33:01"}
{"level":"info","message":"OPTIONS /api/users 200 0 - 0.291 ms","timestamp":"2026-01-31 15:33:01"}
{"level":"info","message":"GET /api/appointments/stats?month=1&year=2026 304 - - 54.801 ms","timestamp":"2026-01-31 15:33:01"}
{"level":"info","message":"GET /api/appointments/stats?month=12&year=2025 304 - - 50.367 ms","timestamp":"2026-01-31 15:33:01"}
{"level":"info","message":"GET /api/appointments/revenue 304 - - 79.696 ms","timestamp":"2026-01-31 15:33:01"}
{"level":"info","message":"GET /api/users 200 - - 140.891 ms","timestamp":"2026-01-31 15:33:01"}
{"level":"info","message":"OPTIONS /api/attendance/2026/1 200 0 - 0.749 ms","timestamp":"2026-01-31 15:33:07"}
{"level":"info","message":"GET /api/attendance/2026/1 304 - - 167.626 ms","timestamp":"2026-01-31 15:33:07"}
{"level":"info","message":"OPTIONS /api/users/all 200 0 - 0.298 ms","timestamp":"2026-01-31 15:33:11"}
{"level":"info","message":"OPTIONS /api/attendance/range?start=2025-12-31T18:30:00.000Z&end=2026-01-31T18:29:59.999Z 200 0 - 0.465 ms","timestamp":"2026-01-31 15:33:11"}
{"level":"info","message":"OPTIONS /api/appointments/stats?month=1&year=2026 200 0 - 0.314 ms","timestamp":"2026-01-31 15:33:11"}
{"level":"info","message":"OPTIONS /api/appointments/stats?month=12&year=2025 200 0 - 0.264 ms","timestamp":"2026-01-31 15:33:11"}
{"level":"info","message":"OPTIONS /api/appointments/revenue 200 0 - 0.248 ms","timestamp":"2026-01-31 15:33:11"}
{"level":"info","message":"GET /api/attendance/range?start=2025-12-31T18:30:00.000Z&end=2026-01-31T18:29:59.999Z 304 - - 180.767 ms","timestamp":"2026-01-31 15:33:11"}
{"level":"info","message":"GET /api/users/all 200 - - 127.894 ms","timestamp":"2026-01-31 15:33:11"}
{"level":"info","message":"OPTIONS /api/users 200 0 - 0.227 ms","timestamp":"2026-01-31 15:33:11"}
{"level":"info","message":"GET /api/appointments/stats?month=1&year=2026 304 - - 58.399 ms","timestamp":"2026-01-31 15:33:11"}
{"level":"info","message":"GET /api/appointments/stats?month=12&year=2025 304 - - 59.833 ms","timestamp":"2026-01-31 15:33:11"}
{"level":"info","message":"GET /api/appointments/revenue 304 - - 91.048 ms","timestamp":"2026-01-31 15:33:11"}
{"level":"info","message":"GET /api/users 200 - - 97.853 ms","timestamp":"2026-01-31 15:33:11"}
{"level":"info","message":"OPTIONS /api/appointments/stats?month=1&year=2026 200 0 - 0.272 ms","timestamp":"2026-01-31 15:33:21"}
{"level":"info","message":"OPTIONS /api/appointments/stats?month=12&year=2025 200 0 - 0.279 ms","timestamp":"2026-01-31 15:33:21"}
{"level":"info","message":"OPTIONS /api/appointments/revenue 200 0 - 0.269 ms","timestamp":"2026-01-31 15:33:21"}
{"level":"info","message":"OPTIONS /api/users 200 0 - 0.250 ms","timestamp":"2026-01-31 15:33:21"}
{"level":"info","message":"GET /api/appointments/stats?month=1&year=2026 304 - - 51.502 ms","timestamp":"2026-01-31 15:33:21"}
{"level":"info","message":"GET /api/appointments/stats?month=12&year=2025 304 - - 49.166 ms","timestamp":"2026-01-31 15:33:21"}
{"level":"info","message":"GET /api/appointments/revenue 304 - - 82.406 ms","timestamp":"2026-01-31 15:33:21"}
{"level":"info","message":"GET /api/users 304 - - 149.646 ms","timestamp":"2026-01-31 15:33:21"}
{"level":"info","message":"OPTIONS /api/appointments/stats?month=1&year=2026 200 0 - 0.339 ms","timestamp":"2026-01-31 15:33:54"}
{"level":"info","message":"GET /api/appointments/stats?month=1&year=2026 304 - - 53.191 ms","timestamp":"2026-01-31 15:33:54"}
{"level":"info","message":"OPTIONS /api/appointments/stats?month=12&year=2025 200 0 - 0.292 ms","timestamp":"2026-01-31 15:33:54"}
{"level":"info","message":"OPTIONS /api/appointments/revenue 200 0 - 0.262 ms","timestamp":"2026-01-31 15:33:54"}
{"level":"info","message":"OPTIONS /api/users 200 0 - 0.275 ms","timestamp":"2026-01-31 15:33:54"}
{"level":"info","message":"GET /api/appointments/stats?month=12&year=2025 304 - - 56.601 ms","timestamp":"2026-01-31 15:33:54"}
{"level":"info","message":"OPTIONS /api/attendance/2026/1 200 0 - 0.270 ms","timestamp":"2026-01-31 15:33:54"}
{"level":"info","message":"OPTIONS /api/users/all 200 0 - 0.298 ms","timestamp":"2026-01-31 15:33:54"}
{"level":"info","message":"GET /api/appointments/revenue 304 - - 92.625 ms","timestamp":"2026-01-31 15:33:54"}
{"level":"info","message":"OPTIONS /api/attendance/range?start=2025-12-31T18:30:00.000Z&end=2026-01-31T18:29:59.999Z 200 0 - 0.266 ms","timestamp":"2026-01-31 15:33:54"}
{"level":"info","message":"GET /api/users 200 - - 160.533 ms","timestamp":"2026-01-31 15:33:55"}
{"level":"info","message":"GET /api/attendance/2026/1 304 - - 373.223 ms","timestamp":"2026-01-31 15:33:55"}
{"level":"info","message":"GET /api/attendance/range?start=2025-12-31T18:30:00.000Z&end=2026-01-31T18:29:59.999Z 304 - - 384.996 ms","timestamp":"2026-01-31 15:33:55"}
{"level":"info","message":"GET /api/users/all 200 - - 190.796 ms","timestamp":"2026-01-31 15:33:55"}
{"level":"info","message":"OPTIONS /api/appointments/stats?month=12&year=2025 200 0 - 0.368 ms","timestamp":"2026-01-31 15:34:31"}
{"level":"info","message":"OPTIONS /api/appointments/stats?month=1&year=2026 200 0 - 0.308 ms","timestamp":"2026-01-31 15:34:31"}
{"level":"info","message":"OPTIONS /api/attendance/2026/1 200 0 - 0.357 ms","timestamp":"2026-01-31 15:34:31"}
{"level":"info","message":"OPTIONS /api/users/all 200 0 - 0.270 ms","timestamp":"2026-01-31 15:34:31"}
{"level":"info","message":"OPTIONS /api/attendance/range?start=2025-12-31T18:30:00.000Z&end=2026-01-31T18:29:59.999Z 200 0 - 0.336 ms","timestamp":"2026-01-31 15:34:31"}
{"level":"info","message":"OPTIONS /api/users 200 0 - 0.324 ms","timestamp":"2026-01-31 15:34:31"}
{"level":"info","message":"OPTIONS /api/appointments/revenue 200 0 - 0.198 ms","timestamp":"2026-01-31 15:34:31"}
{"level":"info","message":"GET /api/appointments/stats?month=12&year=2025 304 - - 80.260 ms","timestamp":"2026-01-31 15:34:31"}
{"level":"info","message":"GET /api/appointments/stats?month=1&year=2026 304 - - 72.889 ms","timestamp":"2026-01-31 15:34:31"}
{"level":"info","message":"GET /api/appointments/revenue 304 - - 155.901 ms","timestamp":"2026-01-31 15:34:32"}
{"level":"info","message":"GET /api/attendance/2026/1 304 - - 476.273 ms","timestamp":"2026-01-31 15:34:32"}
{"level":"info","message":"GET /api/users/all 200 - - 179.902 ms","timestamp":"2026-01-31 15:34:32"}
{"level":"info","message":"GET /api/attendance/range?start=2025-12-31T18:30:00.000Z&end=2026-01-31T18:29:59.999Z 304 - - 502.417 ms","timestamp":"2026-01-31 15:34:32"}
{"level":"info","message":"GET /api/users 200 - - 555.958 ms","timestamp":"2026-01-31 15:34:32"}
{"level":"info","message":"OPTIONS /api/attendance/2026/1 200 0 - 0.182 ms","timestamp":"2026-01-31 15:34:37"}
{"level":"info","message":"GET /api/attendance/2026/1 304 - - 147.402 ms","timestamp":"2026-01-31 15:34:37"}
{"level":"info","message":"OPTIONS /api/users/all 200 0 - 0.271 ms","timestamp":"2026-01-31 15:34:41"}
{"level":"info","message":"OPTIONS /api/attendance/range?start=2025-12-31T18:30:00.000Z&end=2026-01-31T18:29:59.999Z 200 0 - 0.251 ms","timestamp":"2026-01-31 15:34:41"}
{"level":"info","message":"GET /api/users/all 304 - - 139.362 ms","timestamp":"2026-01-31 15:34:41"}
{"level":"info","message":"GET /api/attendance/range?start=2025-12-31T18:30:00.000Z&end=2026-01-31T18:29:59.999Z 304 - - 169.311 ms","timestamp":"2026-01-31 15:34:41"}
{"level":"info","message":"OPTIONS /api/appointments/stats?month=1&year=2026 200 0 - 0.240 ms","timestamp":"2026-01-31 15:34:41"}
{"level":"info","message":"OPTIONS /api/appointments/stats?month=12&year=2025 200 0 - 0.245 ms","timestamp":"2026-01-31 15:34:41"}
{"level":"info","message":"OPTIONS /api/appointments/revenue 200 0 - 0.277 ms","timestamp":"2026-01-31 15:34:41"}
{"level":"info","message":"OPTIONS /api/users 200 0 - 0.252 ms","timestamp":"2026-01-31 15:34:41"}
{"level":"info","message":"GET /api/appointments/stats?month=1&year=2026 304 - - 56.777 ms","timestamp":"2026-01-31 15:34:41"}
{"level":"info","message":"GET /api/appointments/stats?month=12&year=2025 304 - - 51.374 ms","timestamp":"2026-01-31 15:34:41"}
{"level":"info","message":"GET /api/appointments/revenue 304 - - 84.504 ms","timestamp":"2026-01-31 15:34:41"}
{"level":"info","message":"GET /api/users 304 - - 142.169 ms","timestamp":"2026-01-31 15:34:41"}
{"level":"info","message":"OPTIONS /api/appointments/stats?month=1&year=2026 200 0 - 0.332 ms","timestamp":"2026-01-31 15:34:51"}
{"level":"info","message":"OPTIONS /api/appointments/stats?month=12&year=2025 200 0 - 0.259 ms","timestamp":"2026-01-31 15:34:51"}
{"level":"info","message":"OPTIONS /api/appointments/revenue 200 0 - 0.256 ms","timestamp":"2026-01-31 15:34:51"}
{"level":"info","message":"OPTIONS /api/users 200 0 - 0.222 ms","timestamp":"2026-01-31 15:34:51"}
{"level":"info","message":"GET /api/appointments/stats?month=1&year=2026 304 - - 51.943 ms","timestamp":"2026-01-31 15:34:51"}
{"level":"info","message":"GET /api/appointments/stats?month=12&year=2025 304 - - 50.328 ms","timestamp":"2026-01-31 15:34:51"}
{"level":"info","message":"GET /api/appointments/revenue 304 - - 92.496 ms","timestamp":"2026-01-31 15:34:51"}
{"level":"info","message":"GET /api/users 304 - - 165.682 ms","timestamp":"2026-01-31 15:34:51"}
{"level":"info","message":"OPTIONS /api/appointments/stats?month=1&year=2026 200 0 - 0.330 ms","timestamp":"2026-01-31 15:35:01"}
{"level":"info","message":"OPTIONS /api/appointments/stats?month=12&year=2025 200 0 - 0.251 ms","timestamp":"2026-01-31 15:35:01"}
{"level":"info","message":"OPTIONS /api/appointments/revenue 200 0 - 0.234 ms","timestamp":"2026-01-31 15:35:01"}
{"level":"info","message":"OPTIONS /api/users 200 0 - 0.259 ms","timestamp":"2026-01-31 15:35:01"}
{"level":"info","message":"GET /api/appointments/stats?month=1&year=2026 304 - - 54.161 ms","timestamp":"2026-01-31 15:35:01"}
{"level":"info","message":"GET /api/appointments/stats?month=12&year=2025 304 - - 64.406 ms","timestamp":"2026-01-31 15:35:01"}
{"level":"info","message":"GET /api/appointments/revenue 304 - - 93.407 ms","timestamp":"2026-01-31 15:35:01"}
{"level":"info","message":"GET /api/users 200 - - 154.540 ms","timestamp":"2026-01-31 15:35:02"}
{"level":"info","message":"OPTIONS /api/attendance/2026/1 200 0 - 0.148 ms","timestamp":"2026-01-31 15:35:07"}
{"level":"info","message":"GET /api/attendance/2026/1 304 - - 154.653 ms","timestamp":"2026-01-31 15:35:07"}
{"level":"info","message":"OPTIONS /api/users/all 200 0 - 0.254 ms","timestamp":"2026-01-31 15:35:11"}
{"level":"info","message":"OPTIONS /api/attendance/range?start=2025-12-31T18:30:00.000Z&end=2026-01-31T18:29:59.999Z 200 0 - 0.284 ms","timestamp":"2026-01-31 15:35:11"}
{"level":"info","message":"GET /api/users/all 200 - - 140.190 ms","timestamp":"2026-01-31 15:35:11"}
{"level":"info","message":"GET /api/attendance/range?start=2025-12-31T18:30:00.000Z&end=2026-01-31T18:29:59.999Z 304 - - 184.795 ms","timestamp":"2026-01-31 15:35:11"}
{"level":"info","message":"OPTIONS /api/appointments/stats?month=1&year=2026 200 0 - 0.275 ms","timestamp":"2026-01-31 15:35:11"}
{"level":"info","message":"OPTIONS /api/appointments/stats?month=12&year=2025 200 0 - 0.272 ms","timestamp":"2026-01-31 15:35:11"}
{"level":"info","message":"OPTIONS /api/appointments/revenue 200 0 - 0.279 ms","timestamp":"2026-01-31 15:35:11"}
{"level":"info","message":"OPTIONS /api/users 200 0 - 0.266 ms","timestamp":"2026-01-31 15:35:11"}
{"level":"info","message":"GET /api/appointments/stats?month=1&year=2026 304 - - 76.549 ms","timestamp":"2026-01-31 15:35:11"}
{"level":"info","message":"GET /api/appointments/stats?month=12&year=2025 304 - - 80.641 ms","timestamp":"2026-01-31 15:35:11"}
{"level":"info","message":"GET /api/appointments/revenue 304 - - 128.357 ms","timestamp":"2026-01-31 15:35:11"}
{"level":"info","message":"GET /api/users 200 - - 277.690 ms","timestamp":"2026-01-31 15:35:12"}
{"level":"info","message":"OPTIONS /api/appointments/stats?month=1&year=2026 200 0 - 0.366 ms","timestamp":"2026-01-31 15:35:21"}
{"level":"info","message":"OPTIONS /api/appointments/stats?month=12&year=2025 200 0 - 0.369 ms","timestamp":"2026-01-31 15:35:21"}
{"level":"info","message":"OPTIONS /api/appointments/revenue 200 0 - 0.351 ms","timestamp":"2026-01-31 15:35:21"}
{"level":"info","message":"OPTIONS /api/users 200 0 - 0.266 ms","timestamp":"2026-01-31 15:35:21"}
{"level":"info","message":"GET /api/appointments/stats?month=1&year=2026 304 - - 53.152 ms","timestamp":"2026-01-31 15:35:21"}
{"level":"info","message":"GET /api/appointments/stats?month=12&year=2025 304 - - 49.092 ms","timestamp":"2026-01-31 15:35:21"}
{"level":"info","message":"GET /api/appointments/revenue 304 - - 83.286 ms","timestamp":"2026-01-31 15:35:21"}
{"level":"info","message":"GET /api/users 304 - - 164.072 ms","timestamp":"2026-01-31 15:35:21"}
{"level":"info","message":"OPTIONS /api/appointments/stats?month=1&year=2026 200 0 - 0.274 ms","timestamp":"2026-01-31 15:35:31"}
{"level":"info","message":"OPTIONS /api/appointments/stats?month=12&year=2025 200 0 - 0.222 ms","timestamp":"2026-01-31 15:35:31"}
{"level":"info","message":"OPTIONS /api/appointments/revenue 200 0 - 0.270 ms","timestamp":"2026-01-31 15:35:31"}
{"level":"info","message":"OPTIONS /api/users 200 0 - 0.221 ms","timestamp":"2026-01-31 15:35:31"}
{"level":"info","message":"GET /api/appointments/stats?month=1&year=2026 304 - - 54.145 ms","timestamp":"2026-01-31 15:35:31"}
{"level":"info","message":"GET /api/appointments/stats?month=12&year=2025 304 - - 51.120 ms","timestamp":"2026-01-31 15:35:31"}
{"level":"info","message":"GET /api/appointments/revenue 304 - - 80.978 ms","timestamp":"2026-01-31 15:35:31"}
{"level":"info","message":"GET /api/users 304 - - 147.100 ms","timestamp":"2026-01-31 15:35:31"}
{"level":"info","message":"OPTIONS /api/attendance/2026/1 200 0 - 0.292 ms","timestamp":"2026-01-31 15:35:37"}
{"level":"info","message":"GET /api/attendance/2026/1 304 - - 137.664 ms","timestamp":"2026-01-31 15:35:37"}
{"level":"info","message":"OPTIONS /api/users/all 200 0 - 0.485 ms","timestamp":"2026-01-31 15:35:41"}
{"level":"info","message":"OPTIONS /api/attendance/range?start=2025-12-31T18:30:00.000Z&end=2026-01-31T18:29:59.999Z 200 0 - 0.513 ms","timestamp":"2026-01-31 15:35:41"}
{"level":"info","message":"GET /api/users/all 304 - - 132.595 ms","timestamp":"2026-01-31 15:35:41"}
{"level":"info","message":"OPTIONS /api/appointments/stats?month=1&year=2026 200 0 - 0.258 ms","timestamp":"2026-01-31 15:35:41"}
{"level":"info","message":"OPTIONS /api/appointments/stats?month=12&year=2025 200 0 - 0.229 ms","timestamp":"2026-01-31 15:35:41"}
{"level":"info","message":"OPTIONS /api/appointments/revenue 200 0 - 0.240 ms","timestamp":"2026-01-31 15:35:41"}
{"level":"info","message":"GET /api/attendance/range?start=2025-12-31T18:30:00.000Z&end=2026-01-31T18:29:59.999Z 304 - - 176.766 ms","timestamp":"2026-01-31 15:35:41"}
{"level":"info","message":"OPTIONS /api/users 200 0 - 0.206 ms","timestamp":"2026-01-31 15:35:41"}
{"level":"info","message":"GET /api/appointments/stats?month=1&year=2026 304 - - 53.866 ms","timestamp":"2026-01-31 15:35:41"}
{"level":"info","message":"GET /api/appointments/stats?month=12&year=2025 304 - - 49.029 ms","timestamp":"2026-01-31 15:35:41"}
{"level":"info","message":"GET /api/appointments/revenue 304 - - 80.681 ms","timestamp":"2026-01-31 15:35:41"}
{"level":"info","message":"GET /api/users 304 - - 143.692 ms","timestamp":"2026-01-31 15:35:41"}
{"level":"info","message":"OPTIONS /api/appointments/stats?month=1&year=2026 200 0 - 0.239 ms","timestamp":"2026-01-31 15:35:54"}
{"level":"info","message":"OPTIONS /api/appointments/stats?month=12&year=2025 200 0 - 0.250 ms","timestamp":"2026-01-31 15:35:54"}
{"level":"info","message":"OPTIONS /api/appointments/revenue 200 0 - 0.280 ms","timestamp":"2026-01-31 15:35:54"}
{"level":"info","message":"OPTIONS /api/users 200 0 - 0.272 ms","timestamp":"2026-01-31 15:35:54"}
{"level":"info","message":"GET /api/appointments/stats?month=12&year=2025 304 - - 57.674 ms","timestamp":"2026-01-31 15:35:54"}
{"level":"info","message":"GET /api/appointments/stats?month=1&year=2026 304 - - 65.390 ms","timestamp":"2026-01-31 15:35:54"}
{"level":"info","message":"GET /api/appointments/revenue 304 - - 96.875 ms","timestamp":"2026-01-31 15:35:54"}
{"level":"info","message":"GET /api/users 304 - - 151.977 ms","timestamp":"2026-01-31 15:35:54"}
{"level":"info","message":"OPTIONS /api/users 200 0 - 0.276 ms","timestamp":"2026-01-31 15:36:18"}
{"level":"info","message":"OPTIONS /api/attendance/range?start=2025-12-31T18:30:00.000Z&end=2026-01-31T18:29:59.999Z 200 0 - 0.210 ms","timestamp":"2026-01-31 15:36:18"}
{"level":"info","message":"OPTIONS /api/appointments/revenue 200 0 - 0.341 ms","timestamp":"2026-01-31 15:36:18"}
{"level":"info","message":"OPTIONS /api/appointments/stats?month=12&year=2025 200 0 - 0.275 ms","timestamp":"2026-01-31 15:36:18"}
{"level":"info","message":"OPTIONS /api/appointments/stats?month=1&year=2026 200 0 - 0.354 ms","timestamp":"2026-01-31 15:36:18"}
{"level":"info","message":"OPTIONS /api/users/all 200 0 - 0.284 ms","timestamp":"2026-01-31 15:36:18"}
{"level":"info","message":"OPTIONS /api/attendance/2026/1 200 0 - 0.486 ms","timestamp":"2026-01-31 15:36:18"}
{"level":"info","message":"GET /api/appointments/stats?month=12&year=2025 304 - - 218.121 ms","timestamp":"2026-01-31 15:36:19"}
{"level":"info","message":"GET /api/appointments/stats?month=1&year=2026 304 - - 324.306 ms","timestamp":"2026-01-31 15:36:19"}
{"level":"info","message":"GET /api/appointments/revenue 304 - - 457.015 ms","timestamp":"2026-01-31 15:36:19"}
{"level":"info","message":"GET /api/attendance/range?start=2025-12-31T18:30:00.000Z&end=2026-01-31T18:29:59.999Z 304 - - 750.205 ms","timestamp":"2026-01-31 15:36:19"}
{"level":"info","message":"GET /api/users 200 - - 371.434 ms","timestamp":"2026-01-31 15:36:19"}
{"level":"info","message":"GET /api/users/all 200 - - 537.960 ms","timestamp":"2026-01-31 15:36:19"}
{"level":"info","message":"GET /api/attendance/2026/1 304 - - 225.180 ms","timestamp":"2026-01-31 15:36:19"}
{"level":"info","message":"GET /api/appointments/stats?month=1&year=2026 304 - - 61.042 ms","timestamp":"2026-01-31 15:36:20"}
{"level":"info","message":"GET /api/appointments/stats?month=12&year=2025 304 - - 57.747 ms","timestamp":"2026-01-31 15:36:20"}
{"level":"info","message":"GET /api/appointments/revenue 304 - - 90.345 ms","timestamp":"2026-01-31 15:36:20"}
{"level":"info","message":"GET /api/users 304 - - 153.732 ms","timestamp":"2026-01-31 15:36:20"}
{"level":"info","message":"OPTIONS /api/appointments/stats?month=1&year=2026 200 0 - 0.332 ms","timestamp":"2026-01-31 15:36:32"}
{"level":"info","message":"OPTIONS /api/appointments/stats?month=12&year=2025 200 0 - 0.388 ms","timestamp":"2026-01-31 15:36:32"}
{"level":"info","message":"OPTIONS /api/appointments/revenue 200 0 - 0.248 ms","timestamp":"2026-01-31 15:36:32"}
{"level":"info","message":"GET /api/appointments/stats?month=1&year=2026 304 - - 57.135 ms","timestamp":"2026-01-31 15:36:32"}
{"level":"info","message":"GET /api/appointments/stats?month=12&year=2025 304 - - 63.746 ms","timestamp":"2026-01-31 15:36:32"}
{"level":"info","message":"OPTIONS /api/tasks 200 0 - 0.230 ms","timestamp":"2026-01-31 15:36:32"}
{"level":"info","message":"GET /api/appointments/revenue 304 - - 94.906 ms","timestamp":"2026-01-31 15:36:32"}
{"level":"info","message":"OPTIONS /api/users 200 0 - 0.242 ms","timestamp":"2026-01-31 15:36:32"}
{"level":"info","message":"GET /api/tasks 304 - - 111.640 ms","timestamp":"2026-01-31 15:36:32"}
{"level":"info","message":"GET /api/users 200 - - 181.807 ms","timestamp":"2026-01-31 15:36:32"}
{"level":"info","message":"OPTIONS /api/attendance/2026/1 200 0 - 0.264 ms","timestamp":"2026-01-31 15:36:40"}
{"level":"info","message":"OPTIONS /api/users/all 200 0 - 0.283 ms","timestamp":"2026-01-31 15:36:40"}
{"level":"info","message":"OPTIONS /api/attendance/range?start=2025-12-31T18:30:00.000Z&end=2026-01-31T18:29:59.999Z 200 0 - 0.291 ms","timestamp":"2026-01-31 15:36:40"}
{"level":"info","message":"GET /api/attendance/2026/1 304 - - 336.407 ms","timestamp":"2026-01-31 15:36:41"}
{"level":"info","message":"GET /api/attendance/range?start=2025-12-31T18:30:00.000Z&end=2026-01-31T18:29:59.999Z 304 - - 339.201 ms","timestamp":"2026-01-31 15:36:41"}
{"level":"info","message":"GET /api/users/all 200 - - 158.040 ms","timestamp":"2026-01-31 15:36:41"}
{"level":"info","message":"OPTIONS /api/appointments/stats?month=1&year=2026 200 0 - 0.354 ms","timestamp":"2026-01-31 15:36:43"}
{"level":"info","message":"OPTIONS /api/appointments/stats?month=12&year=2025 200 0 - 0.264 ms","timestamp":"2026-01-31 15:36:43"}
{"level":"info","message":"OPTIONS /api/appointments/revenue 200 0 - 0.284 ms","timestamp":"2026-01-31 15:36:43"}
{"level":"info","message":"OPTIONS /api/users 200 0 - 0.242 ms","timestamp":"2026-01-31 15:36:43"}
{"level":"info","message":"GET /api/appointments/stats?month=1&year=2026 304 - - 61.586 ms","timestamp":"2026-01-31 15:36:43"}
{"level":"info","message":"GET /api/appointments/stats?month=12&year=2025 304 - - 67.743 ms","timestamp":"2026-01-31 15:36:43"}
{"level":"info","message":"GET /api/appointments/revenue 304 - - 90.754 ms","timestamp":"2026-01-31 15:36:43"}
{"level":"info","message":"GET /api/users 304 - - 163.493 ms","timestamp":"2026-01-31 15:36:43"}
{"level":"info","message":"OPTIONS /api/users 200 0 - 0.323 ms","timestamp":"2026-01-31 15:37:29"}
{"level":"info","message":"OPTIONS /api/attendance/range?start=2025-12-31T18:30:00.000Z&end=2026-01-31T18:29:59.999Z 200 0 - 0.256 ms","timestamp":"2026-01-31 15:37:29"}
{"level":"info","message":"OPTIONS /api/appointments/revenue 200 0 - 0.272 ms","timestamp":"2026-01-31 15:37:29"}
{"level":"info","message":"OPTIONS /api/appointments/stats?month=12&year=2025 200 0 - 0.325 ms","timestamp":"2026-01-31 15:37:29"}
{"level":"info","message":"OPTIONS /api/appointments/stats?month=1&year=2026 200 0 - 1.228 ms","timestamp":"2026-01-31 15:37:30"}
{"level":"info","message":"OPTIONS /api/users/all 200 0 - 0.210 ms","timestamp":"2026-01-31 15:37:30"}
{"level":"info","message":"OPTIONS /api/attendance/2026/1 200 0 - 0.359 ms","timestamp":"2026-01-31 15:37:30"}
{"level":"info","message":"GET /api/appointments/stats?month=12&year=2025 304 - - 77.437 ms","timestamp":"2026-01-31 15:37:30"}
{"level":"info","message":"GET /api/appointments/stats?month=1&year=2026 304 - - 65.814 ms","timestamp":"2026-01-31 15:37:30"}
{"level":"info","message":"GET /api/appointments/revenue 304 - - 104.564 ms","timestamp":"2026-01-31 15:37:30"}
{"level":"info","message":"GET /api/attendance/range?start=2025-12-31T18:30:00.000Z&end=2026-01-31T18:29:59.999Z 304 - - 357.641 ms","timestamp":"2026-01-31 15:37:30"}
{"level":"info","message":"GET /api/users 200 - - 215.601 ms","timestamp":"2026-01-31 15:37:30"}
{"level":"info","message":"GET /api/users/all 200 - - 238.689 ms","timestamp":"2026-01-31 15:37:30"}
{"level":"info","message":"GET /api/attendance/2026/1 304 - - 161.801 ms","timestamp":"2026-01-31 15:37:30"}
{"level":"info","message":"GET /api/appointments/stats?month=1&year=2026 304 - - 68.060 ms","timestamp":"2026-01-31 15:37:31"}
{"level":"info","message":"GET /api/appointments/stats?month=12&year=2025 304 - - 67.502 ms","timestamp":"2026-01-31 15:37:31"}
{"level":"info","message":"GET /api/appointments/revenue 304 - - 109.263 ms","timestamp":"2026-01-31 15:37:31"}
{"level":"info","message":"GET /api/users 304 - - 182.613 ms","timestamp":"2026-01-31 15:37:31"}
{"level":"info","message":"OPTIONS /api/appointments/revenue/report/12/2025 200 0 - 0.318 ms","timestamp":"2026-01-31 15:37:35"}
{"level":"info","message":"OPTIONS /api/appointments/revenue/report/1/2026 200 0 - 0.468 ms","timestamp":"2026-01-31 15:37:35"}
{"level":"info","message":"GET /api/appointments/revenue/report/12/2025 200 226 - 53.376 ms","timestamp":"2026-01-31 15:37:35"}
{"level":"info","message":"GET /api/appointments/revenue/report/1/2026 404 36 - 50.659 ms","timestamp":"2026-01-31 15:37:35"}
{"level":"info","message":"OPTIONS /api/attendance/2025/12 200 0 - 0.789 ms","timestamp":"2026-01-31 15:37:35"}
{"level":"info","message":"OPTIONS /api/attendance/2026/1 200 0 - 0.272 ms","timestamp":"2026-01-31 15:37:35"}
{"level":"info","message":"GET /api/attendance/2026/1 304 - - 160.816 ms","timestamp":"2026-01-31 15:37:35"}
{"level":"info","message":"GET /api/attendance/2025/12 200 - - 151.598 ms","timestamp":"2026-01-31 15:37:35"}
{"level":"info","message":"GET /api/attendance/2026/1 304 - - 148.450 ms","timestamp":"2026-01-31 15:37:36"}
{"level":"info","message":"OPTIONS /api/attendance/2026/1 200 0 - 0.316 ms","timestamp":"2026-01-31 15:38:06"}
{"level":"info","message":"GET /api/attendance/2026/1 304 - - 142.781 ms","timestamp":"2026-01-31 15:38:06"}
{"level":"info","message":"OPTIONS /api/attendance/2026/1 200 0 - 0.316 ms","timestamp":"2026-01-31 15:38:37"}
{"level":"info","message":"GET /api/attendance/2026/1 304 - - 159.403 ms","timestamp":"2026-01-31 15:38:37"}
{"level":"info","message":"OPTIONS /api/attendance/2026/1 200 0 - 0.296 ms","timestamp":"2026-01-31 15:39:07"}
{"level":"info","message":"GET /api/attendance/2026/1 304 - - 149.002 ms","timestamp":"2026-01-31 15:39:07"}
{"level":"info","message":"OPTIONS /api/attendance/2026/1 200 0 - 0.147 ms","timestamp":"2026-01-31 15:39:54"}
{"level":"info","message":"GET /api/attendance/2026/1 304 - - 133.259 ms","timestamp":"2026-01-31 15:39:54"}
{"level":"info","message":"OPTIONS /api/attendance/2026/1 200 0 - 0.273 ms","timestamp":"2026-01-31 15:40:13"}
{"level":"info","message":"GET /api/attendance/2026/1 304 - - 151.531 ms","timestamp":"2026-01-31 15:40:13"}
{"level":"info","message":"OPTIONS /api/appointments/revenue/report/11/2025 200 0 - 0.177 ms","timestamp":"2026-01-31 15:40:19"}
{"level":"info","message":"OPTIONS /api/appointments/revenue/report/12/2025 200 0 - 0.260 ms","timestamp":"2026-01-31 15:40:19"}
{"level":"info","message":"OPTIONS /api/appointments/revenue/report/1/2026 200 0 - 0.327 ms","timestamp":"2026-01-31 15:40:19"}
{"level":"info","message":"GET /api/appointments/revenue/report/11/2025 200 226 - 54.265 ms","timestamp":"2026-01-31 15:40:19"}
{"level":"info","message":"GET /api/appointments/revenue/report/12/2025 304 - - 51.451 ms","timestamp":"2026-01-31 15:40:19"}
{"level":"info","message":"GET /api/appointments/revenue/report/1/2026 404 36 - 51.678 ms","timestamp":"2026-01-31 15:40:19"}
{"level":"info","message":"OPTIONS /api/appointments/revenue/report/11/2025 200 0 - 0.303 ms","timestamp":"2026-01-31 15:40:25"}
{"level":"info","message":"OPTIONS /api/appointments/revenue/report/12/2025 200 0 - 0.269 ms","timestamp":"2026-01-31 15:40:25"}
{"level":"info","message":"GET /api/appointments/revenue/report/11/2025 304 - - 53.026 ms","timestamp":"2026-01-31 15:40:25"}
{"level":"info","message":"GET /api/appointments/revenue/report/12/2025 304 - - 50.302 ms","timestamp":"2026-01-31 15:40:25"}
{"level":"info","message":"OPTIONS /api/attendance/2026/1 200 0 - 0.250 ms","timestamp":"2026-01-31 15:40:36"}
{"level":"info","message":"GET /api/attendance/2026/1 304 - - 149.074 ms","timestamp":"2026-01-31 15:40:36"}
{"level":"info","message":"OPTIONS /api/appointments/revenue/report/2/2025 200 0 - 0.460 ms","timestamp":"2026-01-31 15:40:40"}
{"level":"info","message":"OPTIONS /api/appointments/revenue/report/12/2025 200 0 - 0.283 ms","timestamp":"2026-01-31 15:40:40"}
{"level":"info","message":"GET /api/appointments/revenue/report/2/2025 404 36 - 53.705 ms","timestamp":"2026-01-31 15:40:40"}
{"level":"info","message":"GET /api/appointments/revenue/report/12/2025 304 - - 53.433 ms","timestamp":"2026-01-31 15:40:40"}
{"level":"info","message":"OPTIONS /api/appointments/revenue/report/11/2025 200 0 - 0.272 ms","timestamp":"2026-01-31 15:41:00"}
{"level":"info","message":"OPTIONS /api/appointments/revenue/report/12/2025 200 0 - 0.246 ms","timestamp":"2026-01-31 15:41:00"}
{"level":"info","message":"GET /api/appointments/revenue/report/11/2025 304 - - 49.355 ms","timestamp":"2026-01-31 15:41:01"}
{"level":"info","message":"GET /api/appointments/revenue/report/12/2025 304 - - 50.784 ms","timestamp":"2026-01-31 15:41:01"}
{"level":"info","message":"OPTIONS /api/attendance/2026/1 200 0 - 0.242 ms","timestamp":"2026-01-31 15:41:06"}
{"level":"info","message":"GET /api/attendance/2026/1 304 - - 141.870 ms","timestamp":"2026-01-31 15:41:06"}
{"level":"info","message":"OPTIONS /api/attendance/2026/1 200 0 - 0.193 ms","timestamp":"2026-01-31 15:41:37"}
{"level":"info","message":"GET /api/attendance/2026/1 304 - - 139.388 ms","timestamp":"2026-01-31 15:41:37"}
{"level":"info","message":"OPTIONS /api/attendance/2026/1 200 0 - 0.271 ms","timestamp":"2026-01-31 15:42:07"}
{"level":"info","message":"GET /api/attendance/2026/1 304 - - 138.274 ms","timestamp":"2026-01-31 15:42:07"}
{"level":"info","message":"OPTIONS /api/attendance/2026/1 200 0 - 0.235 ms","timestamp":"2026-01-31 15:42:36"}
{"level":"info","message":"GET /api/attendance/2026/1 304 - - 143.992 ms","timestamp":"2026-01-31 15:42:36"}
{"level":"info","message":"OPTIONS /api/attendance/2026/1 200 0 - 0.159 ms","timestamp":"2026-01-31 15:43:06"}
{"level":"info","message":"GET /api/attendance/2026/1 304 - - 142.047 ms","timestamp":"2026-01-31 15:43:06"}
{"level":"info","message":"OPTIONS /api/attendance/2026/1 200 0 - 0.151 ms","timestamp":"2026-01-31 15:43:37"}
{"level":"info","message":"GET /api/attendance/2026/1 304 - - 136.265 ms","timestamp":"2026-01-31 15:43:37"}
{"level":"info","message":"OPTIONS /api/attendance/2026/1 200 0 - 0.280 ms","timestamp":"2026-01-31 15:44:06"}
{"level":"info","message":"GET /api/attendance/2026/1 304 - - 310.536 ms","timestamp":"2026-01-31 15:44:06"}
{"level":"info","message":"OPTIONS /api/appointments/revenue/report/1/2026 200 0 - 0.446 ms","timestamp":"2026-01-31 15:44:13"}
{"level":"info","message":"GET /api/appointments/revenue/report/1/2026 404 36 - 59.838 ms","timestamp":"2026-01-31 15:44:13"}
{"level":"info","message":"OPTIONS /api/appointments/revenue/report/12/2025 200 0 - 0.276 ms","timestamp":"2026-01-31 15:44:18"}
{"level":"info","message":"OPTIONS /api/appointments/revenue/report/1/2026 200 0 - 0.354 ms","timestamp":"2026-01-31 15:44:18"}
{"level":"info","message":"GET /api/appointments/revenue/report/12/2025 304 - - 56.122 ms","timestamp":"2026-01-31 15:44:18"}
{"level":"info","message":"GET /api/appointments/revenue/report/1/2026 404 36 - 55.636 ms","timestamp":"2026-01-31 15:44:18"}
{"level":"info","message":"OPTIONS /api/attendance/2026/1 200 0 - 0.474 ms","timestamp":"2026-01-31 15:44:36"}
{"level":"info","message":"GET /api/attendance/2026/1 304 - - 153.549 ms","timestamp":"2026-01-31 15:44:36"}
{"level":"info","message":"OPTIONS /api/messages/unread-count 200 0 - 0.328 ms","timestamp":"2026-01-31 15:44:39"}
{"level":"info","message":"OPTIONS /api/messages/unread-count 200 0 - 0.465 ms","timestamp":"2026-01-31 15:44:39"}
{"level":"info","message":"GET /api/messages/unread-count 304 - - 97.712 ms","timestamp":"2026-01-31 15:44:39"}
{"level":"info","message":"GET /api/messages/unread-count 304 - - 71.260 ms","timestamp":"2026-01-31 15:44:39"}
{"level":"info","message":"GET /api/attendance/2026/1 304 - - 197.630 ms","timestamp":"2026-01-31 15:44:40"}
{"level":"info","message":"GET /api/attendance/2026/1 304 - - 178.156 ms","timestamp":"2026-01-31 15:44:40"}
{"level":"info","message":"OPTIONS /api/appointments/revenue/report/12/2025 200 0 - 0.299 ms","timestamp":"2026-01-31 15:44:45"}
{"level":"info","message":"OPTIONS /api/appointments/revenue/report/1/2026 200 0 - 0.305 ms","timestamp":"2026-01-31 15:44:45"}
{"level":"info","message":"GET /api/appointments/revenue/report/12/2025 304 - - 57.794 ms","timestamp":"2026-01-31 15:44:45"}
{"level":"info","message":"GET /api/appointments/revenue/report/1/2026 404 36 - 58.035 ms","timestamp":"2026-01-31 15:44:45"}
{"level":"info","message":"OPTIONS /api/attendance/2026/1 200 0 - 0.333 ms","timestamp":"2026-01-31 15:45:10"}
{"level":"info","message":"GET /api/attendance/2026/1 304 - - 159.811 ms","timestamp":"2026-01-31 15:45:10"}
{"level":"info","message":"OPTIONS /api/messages/unread-count 200 0 - 0.731 ms","timestamp":"2026-01-31 15:45:20"}
{"level":"info","message":"OPTIONS /api/messages/unread-count 200 0 - 0.300 ms","timestamp":"2026-01-31 15:45:20"}
{"level":"info","message":"GET /api/messages/unread-count 304 - - 64.319 ms","timestamp":"2026-01-31 15:45:20"}
{"level":"info","message":"GET /api/messages/unread-count 304 - - 76.553 ms","timestamp":"2026-01-31 15:45:20"}
{"level":"info","message":"OPTIONS /api/attendance/2026/1 200 0 - 0.289 ms","timestamp":"2026-01-31 15:45:20"}
{"level":"info","message":"OPTIONS /api/attendance/2026/1 200 0 - 0.361 ms","timestamp":"2026-01-31 15:45:20"}
{"level":"info","message":"GET /api/attendance/2026/1 304 - - 164.886 ms","timestamp":"2026-01-31 15:45:21"}
{"level":"info","message":"GET /api/attendance/2026/1 304 - - 142.479 ms","timestamp":"2026-01-31 15:45:21"}
{"level":"info","message":"GET /api/messages/unread-count 304 - - 64.314 ms","timestamp":"2026-01-31 15:45:23"}
{"level":"info","message":"GET /api/messages/unread-count 304 - - 54.412 ms","timestamp":"2026-01-31 15:45:23"}
{"level":"info","message":"GET /api/attendance/2026/1 304 - - 162.113 ms","timestamp":"2026-01-31 15:45:23"}
{"level":"info","message":"GET /api/attendance/2026/1 304 - - 164.256 ms","timestamp":"2026-01-31 15:45:24"}
{"level":"info","message":"OPTIONS /api/appointments/revenue/report/12/2025 200 0 - 0.538 ms","timestamp":"2026-01-31 15:45:25"}
{"level":"info","message":"OPTIONS /api/appointments/revenue/report/1/2026 200 0 - 0.550 ms","timestamp":"2026-01-31 15:45:25"}
{"level":"info","message":"GET /api/appointments/revenue/report/12/2025 304 - - 79.297 ms","timestamp":"2026-01-31 15:45:25"}
{"level":"info","message":"GET /api/appointments/revenue/report/1/2026 404 36 - 64.568 ms","timestamp":"2026-01-31 15:45:25"}
{"level":"info","message":"OPTIONS /api/appointments/revenue/report/11/2025 200 0 - 1.009 ms","timestamp":"2026-01-31 15:45:30"}
{"level":"info","message":"OPTIONS /api/appointments/revenue/report/12/2025 200 0 - 0.456 ms","timestamp":"2026-01-31 15:45:30"}
{"level":"info","message":"OPTIONS /api/appointments/revenue/report/1/2026 200 0 - 0.328 ms","timestamp":"2026-01-31 15:45:30"}
{"level":"info","message":"GET /api/appointments/revenue/report/11/2025 304 - - 61.139 ms","timestamp":"2026-01-31 15:45:30"}
{"level":"info","message":"GET /api/appointments/revenue/report/12/2025 304 - - 57.360 ms","timestamp":"2026-01-31 15:45:30"}
{"level":"info","message":"GET /api/appointments/revenue/report/1/2026 404 36 - 54.197 ms","timestamp":"2026-01-31 15:45:30"}
{"level":"info","message":"OPTIONS /api/appointments/revenue/report/12/2025 200 0 - 0.376 ms","timestamp":"2026-01-31 15:45:40"}
{"level":"info","message":"OPTIONS /api/appointments/revenue/report/11/2025 200 0 - 0.441 ms","timestamp":"2026-01-31 15:45:40"}
{"level":"info","message":"OPTIONS /api/appointments/revenue/report/10/2025 200 0 - 0.633 ms","timestamp":"2026-01-31 15:45:40"}
{"level":"info","message":"OPTIONS /api/appointments/revenue/report/1/2026 200 0 - 0.484 ms","timestamp":"2026-01-31 15:45:40"}
{"level":"info","message":"GET /api/appointments/revenue/report/12/2025 304 - - 74.159 ms","timestamp":"2026-01-31 15:45:40"}
{"level":"info","message":"GET /api/appointments/revenue/report/11/2025 304 - - 78.937 ms","timestamp":"2026-01-31 15:45:40"}
{"level":"info","message":"GET /api/appointments/revenue/report/10/2025 200 226 - 72.741 ms","timestamp":"2026-01-31 15:45:40"}
{"level":"info","message":"GET /api/appointments/revenue/report/1/2026 404 36 - 65.084 ms","timestamp":"2026-01-31 15:45:40"}
{"level":"info","message":"OPTIONS /api/attendance/2026/1 200 0 - 0.423 ms","timestamp":"2026-01-31 15:45:54"}
{"level":"info","message":"GET /api/attendance/2026/1 304 - - 171.539 ms","timestamp":"2026-01-31 15:45:54"}
{"level":"info","message":"OPTIONS /api/attendance/2026/1 200 0 - 0.171 ms","timestamp":"2026-01-31 15:46:24"}
{"level":"info","message":"GET /api/attendance/2026/1 304 - - 155.210 ms","timestamp":"2026-01-31 15:46:24"}
{"level":"info","message":"OPTIONS /api/attendance/2026/1 200 0 - 0.155 ms","timestamp":"2026-01-31 15:46:54"}
{"level":"info","message":"GET /api/attendance/2026/1 304 - - 171.239 ms","timestamp":"2026-01-31 15:46:54"}
{"level":"info","message":"OPTIONS /api/attendance/2026/1 200 0 - 0.165 ms","timestamp":"2026-01-31 15:47:24"}
{"level":"info","message":"GET /api/attendance/2026/1 304 - - 173.297 ms","timestamp":"2026-01-31 15:47:24"}
{"level":"info","message":"OPTIONS /api/attendance/2026/1 200 0 - 0.160 ms","timestamp":"2026-01-31 15:47:54"}
{"level":"info","message":"GET /api/attendance/2026/1 304 - - 156.254 ms","timestamp":"2026-01-31 15:47:54"}
{"level":"info","message":"OPTIONS /api/attendance/2026/1 200 0 - 0.488 ms","timestamp":"2026-01-31 15:48:24"}
{"level":"info","message":"GET /api/attendance/2026/1 304 - - 155.017 ms","timestamp":"2026-01-31 15:48:24"}
{"level":"info","message":"OPTIONS /api/attendance/2026/1 200 0 - 0.203 ms","timestamp":"2026-01-31 15:48:54"}
{"level":"info","message":"GET /api/attendance/2026/1 304 - - 155.575 ms","timestamp":"2026-01-31 15:48:54"}
{"level":"info","message":"OPTIONS /api/attendance/2026/1 200 0 - 0.267 ms","timestamp":"2026-01-31 15:49:24"}
{"level":"info","message":"GET /api/attendance/2026/1 304 - - 179.850 ms","timestamp":"2026-01-31 15:49:24"}
{"level":"info","message":"OPTIONS /api/attendance/2026/1 200 0 - 0.360 ms","timestamp":"2026-01-31 15:49:53"}
{"level":"info","message":"GET /api/attendance/2026/1 304 - - 186.124 ms","timestamp":"2026-01-31 15:49:53"}
{"level":"info","message":"OPTIONS /api/messages/unread-count 200 0 - 0.281 ms","timestamp":"2026-01-31 15:49:56"}
{"level":"info","message":"OPTIONS /api/messages/unread-count 200 0 - 0.265 ms","timestamp":"2026-01-31 15:49:56"}
{"level":"info","message":"GET /api/messages/unread-count 304 - - 65.203 ms","timestamp":"2026-01-31 15:49:56"}
{"level":"info","message":"GET /api/messages/unread-count 304 - - 61.901 ms","timestamp":"2026-01-31 15:49:56"}
{"level":"info","message":"GET /api/attendance/2026/1 304 - - 169.563 ms","timestamp":"2026-01-31 15:49:57"}
{"level":"info","message":"GET /api/attendance/2026/1 304 - - 151.357 ms","timestamp":"2026-01-31 15:49:57"}
{"level":"info","message":"OPTIONS /api/appointments/revenue/report/12/2025 200 0 - 0.261 ms","timestamp":"2026-01-31 15:49:58"}
{"level":"info","message":"OPTIONS /api/appointments/revenue/report/1/2026 200 0 - 0.229 ms","timestamp":"2026-01-31 15:49:58"}
{"level":"info","message":"GET /api/appointments/revenue/report/12/2025 304 - - 133.654 ms","timestamp":"2026-01-31 15:49:58"}
{"level":"info","message":"GET /api/appointments/revenue/report/1/2026 404 36 - 63.066 ms","timestamp":"2026-01-31 15:49:58"}
{"level":"info","message":"OPTIONS /api/attendance/2026/1 200 0 - 0.308 ms","timestamp":"2026-01-31 15:50:27"}
{"level":"info","message":"GET /api/attendance/2026/1 304 - - 187.590 ms","timestamp":"2026-01-31 15:50:27"}
{"level":"info","message":"OPTIONS /api/attendance/2026/1 200 0 - 0.209 ms","timestamp":"2026-01-31 15:50:57"}
{"level":"info","message":"GET /api/attendance/2026/1 304 - - 161.669 ms","timestamp":"2026-01-31 15:50:57"}
{"level":"info","message":"OPTIONS /api/attendance/2026/1 200 0 - 0.162 ms","timestamp":"2026-01-31 15:51:27"}
{"level":"info","message":"GET /api/attendance/2026/1 304 - - 162.943 ms","timestamp":"2026-01-31 15:51:27"}
{"level":"info","message":"OPTIONS /api/attendance/2026/1 200 0 - 0.148 ms","timestamp":"2026-01-31 15:51:57"}
{"level":"info","message":"GET /api/attendance/2026/1 304 - - 234.919 ms","timestamp":"2026-01-31 15:51:57"}
{"level":"info","message":"OPTIONS /api/attendance/2026/1 200 0 - 0.184 ms","timestamp":"2026-01-31 15:52:27"}
{"level":"info","message":"GET /api/attendance/2026/1 304 - - 218.032 ms","timestamp":"2026-01-31 15:52:27"}
{"level":"info","message":"OPTIONS /api/attendance/2026/1 200 0 - 0.232 ms","timestamp":"2026-01-31 15:52:57"}
{"level":"info","message":"GET /api/attendance/2026/1 304 - - 231.335 ms","timestamp":"2026-01-31 15:52:57"}
{"level":"info","message":"OPTIONS /api/attendance/2026/1 200 0 - 0.295 ms","timestamp":"2026-01-31 15:53:54"}
{"level":"info","message":"GET /api/attendance/2026/1 304 - - 154.142 ms","timestamp":"2026-01-31 15:53:54"}
{"level":"info","message":"OPTIONS /api/attendance/2026/1 200 0 - 0.249 ms","timestamp":"2026-01-31 15:54:54"}
{"level":"info","message":"GET /api/attendance/2026/1 304 - - 157.404 ms","timestamp":"2026-01-31 15:54:54"}
{"level":"info","message":"OPTIONS /api/attendance/2026/1 200 0 - 0.287 ms","timestamp":"2026-01-31 15:55:50"}
{"level":"info","message":"GET /api/attendance/2026/1 304 - - 166.176 ms","timestamp":"2026-01-31 15:55:51"}
{"level":"info","message":"OPTIONS /api/attendance/2026/1 200 0 - 0.312 ms","timestamp":"2026-01-31 15:55:56"}
{"level":"info","message":"GET /api/attendance/2026/1 304 - - 162.670 ms","timestamp":"2026-01-31 15:55:56"}
{"level":"info","message":"OPTIONS /api/attendance/2026/1 200 0 - 0.266 ms","timestamp":"2026-01-31 15:56:26"}
{"level":"info","message":"GET /api/attendance/2026/1 200 - - 163.407 ms","timestamp":"2026-01-31 15:56:26"}
{"level":"info","message":"OPTIONS /api/attendance/2026/1 200 0 - 0.369 ms","timestamp":"2026-01-31 15:56:56"}
{"level":"info","message":"GET /api/attendance/2026/1 200 - - 160.121 ms","timestamp":"2026-01-31 15:56:56"}
{"level":"info","message":"OPTIONS /api/attendance/2026/1 200 0 - 0.505 ms","timestamp":"2026-01-31 15:57:26"}
{"level":"info","message":"GET /api/attendance/2026/1 200 - - 166.969 ms","timestamp":"2026-01-31 15:57:26"}
{"level":"info","message":"OPTIONS /api/attendance/2026/1 200 0 - 0.282 ms","timestamp":"2026-01-31 15:57:57"}
{"level":"info","message":"GET /api/attendance/2026/1 200 - - 155.184 ms","timestamp":"2026-01-31 15:57:57"}
{"level":"info","message":"OPTIONS /api/attendance/2026/1 200 0 - 0.256 ms","timestamp":"2026-01-31 15:58:27"}
{"level":"info","message":"GET /api/attendance/2026/1 200 - - 151.918 ms","timestamp":"2026-01-31 15:58:27"}
{"level":"info","message":"OPTIONS /api/attendance/2026/1 200 0 - 0.268 ms","timestamp":"2026-01-31 15:59:28"}
{"level":"info","message":"GET /api/attendance/2026/1 200 - - 173.628 ms","timestamp":"2026-01-31 15:59:29"}
{"level":"info","message":"OPTIONS /api/attendance/2026/1 200 0 - 0.233 ms","timestamp":"2026-01-31 15:59:57"}
{"level":"info","message":"GET /api/attendance/2026/1 304 - - 167.705 ms","timestamp":"2026-01-31 15:59:57"}
{"level":"info","message":"🚀 Server running on http://localhost:5000","timestamp":"2026-01-31 16:00:15"}
{"level":"info","message":"📡 Socket.IO server ready for connections","timestamp":"2026-01-31 16:00:15"}
{"level":"info","message":"✅ Redis Clients (Pub/Sub) Connected and Ready","timestamp":"2026-01-31 16:00:16"}
{"level":"info","message":"OPTIONS /api/attendance/2026/1 200 0 - 3.336 ms","timestamp":"2026-01-31 16:00:27"}
{"level":"info","message":"GET /api/attendance/2026/1 304 - - 259.491 ms","timestamp":"2026-01-31 16:00:27"}
{"level":"info","message":"OPTIONS /api/attendance/2026/1 200 0 - 0.362 ms","timestamp":"2026-01-31 16:00:57"}
{"level":"info","message":"GET /api/attendance/2026/1 304 - - 196.757 ms","timestamp":"2026-01-31 16:00:57"}
{"level":"info","message":"OPTIONS /api/attendance/2026/1 200 0 - 0.313 ms","timestamp":"2026-01-31 16:01:27"}
{"level":"info","message":"GET /api/attendance/2026/1 304 - - 180.082 ms","timestamp":"2026-01-31 16:01:27"}
{"level":"info","message":"OPTIONS /api/attendance/2026/1 200 0 - 0.329 ms","timestamp":"2026-01-31 16:02:28"}
{"level":"info","message":"GET /api/attendance/2026/1 304 - - 179.558 ms","timestamp":"2026-01-31 16:02:28"}
{"level":"info","message":"OPTIONS /api/attendance/2026/1 200 0 - 0.597 ms","timestamp":"2026-01-31 16:03:29"}
{"level":"info","message":"GET /api/attendance/2026/1 304 - - 228.627 ms","timestamp":"2026-01-31 16:03:29"}
{"level":"info","message":"OPTIONS /api/attendance/2026/1 200 0 - 0.436 ms","timestamp":"2026-01-31 16:03:57"}
{"level":"info","message":"GET /api/attendance/2026/1 304 - - 164.804 ms","timestamp":"2026-01-31 16:03:57"}
{"level":"info","message":"OPTIONS /api/attendance/2026/1 200 0 - 0.577 ms","timestamp":"2026-01-31 16:04:27"}
{"level":"info","message":"GET /api/attendance/2026/1 304 - - 242.995 ms","timestamp":"2026-01-31 16:04:28"}
{"level":"info","message":"OPTIONS /api/attendance/2026/1 200 0 - 0.389 ms","timestamp":"2026-01-31 16:04:57"}
{"level":"info","message":"GET /api/attendance/2026/1 304 - - 186.562 ms","timestamp":"2026-01-31 16:04:57"}
{"level":"info","message":"OPTIONS /api/attendance/2026/1 200 0 - 0.402 ms","timestamp":"2026-01-31 16:05:27"}
{"level":"info","message":"GET /api/attendance/2026/1 304 - - 172.932 ms","timestamp":"2026-01-31 16:05:27"}
{"level":"info","message":"OPTIONS /api/attendance/2026/1 200 0 - 0.317 ms","timestamp":"2026-01-31 16:06:28"}
{"level":"info","message":"GET /api/attendance/2026/1 304 - - 161.395 ms","timestamp":"2026-01-31 16:06:28"}
{"level":"info","message":"OPTIONS /api/attendance/2026/1 200 0 - 0.396 ms","timestamp":"2026-01-31 16:07:29"}
{"level":"info","message":"GET /api/attendance/2026/1 304 - - 190.232 ms","timestamp":"2026-01-31 16:07:29"}
{"level":"info","message":"OPTIONS /api/attendance/2026/1 200 0 - 0.431 ms","timestamp":"2026-01-31 16:08:31"}
{"level":"info","message":"GET /api/attendance/2026/1 304 - - 181.083 ms","timestamp":"2026-01-31 16:08:31"}
{"level":"info","message":"OPTIONS /api/attendance/2026/1 200 0 - 0.448 ms","timestamp":"2026-01-31 16:09:25"}
{"level":"info","message":"GET /api/attendance/2026/1 304 - - 209.389 ms","timestamp":"2026-01-31 16:09:26"}
{"level":"info","message":"OPTIONS /api/attendance/2026/1 200 0 - 0.402 ms","timestamp":"2026-01-31 16:09:57"}
{"level":"info","message":"GET /api/attendance/2026/1 304 - - 206.647 ms","timestamp":"2026-01-31 16:09:57"}
{"level":"info","message":"OPTIONS /api/attendance/2026/1 200 0 - 0.229 ms","timestamp":"2026-01-31 16:10:27"}
{"level":"info","message":"GET /api/attendance/2026/1 304 - - 199.012 ms","timestamp":"2026-01-31 16:10:27"}
{"level":"info","message":"OPTIONS /api/attendance/2026/1 200 0 - 0.436 ms","timestamp":"2026-01-31 16:11:28"}
{"level":"info","message":"GET /api/attendance/2026/1 304 - - 219.450 ms","timestamp":"2026-01-31 16:11:28"}
{"level":"info","message":"OPTIONS /api/attendance/2026/1 200 0 - 0.359 ms","timestamp":"2026-01-31 16:12:29"}
{"level":"info","message":"GET /api/attendance/2026/1 304 - - 184.836 ms","timestamp":"2026-01-31 16:12:29"}
{"level":"info","message":"OPTIONS /api/attendance/2026/1 200 0 - 0.189 ms","timestamp":"2026-01-31 16:13:30"}
{"level":"info","message":"GET /api/attendance/2026/1 304 - - 188.002 ms","timestamp":"2026-01-31 16:13:30"}
{"level":"info","message":"OPTIONS /api/messages/unread-count 200 0 - 0.358 ms","timestamp":"2026-01-31 16:13:34"}
{"level":"info","message":"OPTIONS /api/messages/unread-count 200 0 - 0.332 ms","timestamp":"2026-01-31 16:13:34"}
{"level":"info","message":"GET /api/messages/unread-count 304 - - 99.857 ms","timestamp":"2026-01-31 16:13:34"}
{"level":"info","message":"GET /api/messages/unread-count 304 - - 74.266 ms","timestamp":"2026-01-31 16:13:34"}
{"level":"info","message":"GET /api/attendance/2026/1 304 - - 217.113 ms","timestamp":"2026-01-31 16:13:34"}
{"level":"info","message":"GET /api/attendance/2026/1 304 - - 186.102 ms","timestamp":"2026-01-31 16:13:35"}
{"level":"info","message":"OPTIONS /api/appointments/revenue/report/12/2025 200 0 - 0.387 ms","timestamp":"2026-01-31 16:13:36"}
{"level":"info","message":"OPTIONS /api/appointments/revenue/report/1/2026 200 0 - 0.447 ms","timestamp":"2026-01-31 16:13:36"}
{"level":"info","message":"GET /api/appointments/revenue/report/12/2025 304 - - 90.301 ms","timestamp":"2026-01-31 16:13:36"}
{"level":"info","message":"GET /api/appointments/revenue/report/1/2026 200 120 - 146.673 ms","timestamp":"2026-01-31 16:13:36"}
{"level":"info","message":"OPTIONS /api/attendance/2026/1 200 0 - 0.236 ms","timestamp":"2026-01-31 16:14:05"}
{"level":"info","message":"GET /api/attendance/2026/1 304 - - 185.797 ms","timestamp":"2026-01-31 16:14:05"}
{"level":"info","message":"OPTIONS /api/attendance/2026/1 200 0 - 0.208 ms","timestamp":"2026-01-31 16:14:35"}
{"level":"info","message":"GET /api/attendance/2026/1 304 - - 194.084 ms","timestamp":"2026-01-31 16:14:35"}
{"level":"info","message":"OPTIONS /api/attendance/2026/1 200 0 - 0.180 ms","timestamp":"2026-01-31 16:15:05"}
{"level":"info","message":"GET /api/attendance/2026/1 304 - - 143.880 ms","timestamp":"2026-01-31 16:15:05"}
{"level":"info","message":"OPTIONS /api/attendance/2026/1 200 0 - 0.218 ms","timestamp":"2026-01-31 16:15:35"}
{"level":"info","message":"GET /api/attendance/2026/1 304 - - 143.127 ms","timestamp":"2026-01-31 16:15:35"}
{"level":"info","message":"OPTIONS /api/attendance/2026/1 200 0 - 0.280 ms","timestamp":"2026-01-31 16:16:05"}
{"level":"info","message":"GET /api/attendance/2026/1 304 - - 140.572 ms","timestamp":"2026-01-31 16:16:05"}
{"level":"info","message":"OPTIONS /api/attendance/2026/1 200 0 - 0.346 ms","timestamp":"2026-01-31 16:16:35"}
{"level":"info","message":"GET /api/attendance/2026/1 304 - - 143.406 ms","timestamp":"2026-01-31 16:16:35"}
{"level":"info","message":"OPTIONS /api/attendance/2026/1 200 0 - 0.388 ms","timestamp":"2026-01-31 16:17:54"}
{"level":"info","message":"GET /api/attendance/2026/1 304 - - 181.390 ms","timestamp":"2026-01-31 16:17:54"}
{"level":"info","message":"OPTIONS /api/attendance/2026/1 200 0 - 0.255 ms","timestamp":"2026-01-31 16:18:54"}
{"level":"info","message":"GET /api/attendance/2026/1 304 - - 165.683 ms","timestamp":"2026-01-31 16:18:54"}
{"level":"info","message":"OPTIONS /api/attendance/2026/1 200 0 - 0.281 ms","timestamp":"2026-01-31 16:19:54"}
{"level":"info","message":"GET /api/attendance/2026/1 304 - - 154.493 ms","timestamp":"2026-01-31 16:19:54"}
{"level":"info","message":"OPTIONS /api/attendance/2026/1 200 0 - 0.190 ms","timestamp":"2026-01-31 16:20:54"}
{"level":"info","message":"GET /api/attendance/2026/1 304 - - 183.241 ms","timestamp":"2026-01-31 16:20:54"}
{"level":"info","message":"OPTIONS /api/attendance/2026/1 200 0 - 0.437 ms","timestamp":"2026-01-31 16:21:54"}
{"level":"info","message":"GET /api/attendance/2026/1 304 - - 169.020 ms","timestamp":"2026-01-31 16:21:54"}
{"level":"info","message":"OPTIONS /api/attendance/2026/1 200 0 - 0.670 ms","timestamp":"2026-01-31 16:22:54"}
{"level":"info","message":"GET /api/attendance/2026/1 304 - - 224.093 ms","timestamp":"2026-01-31 16:22:54"}
{"level":"info","message":"OPTIONS /api/attendance/2026/1 200 0 - 0.441 ms","timestamp":"2026-01-31 16:23:54"}
{"level":"info","message":"GET /api/attendance/2026/1 304 - - 222.513 ms","timestamp":"2026-01-31 16:23:54"}
{"level":"info","message":"OPTIONS /api/attendance/2026/1 200 0 - 0.321 ms","timestamp":"2026-01-31 16:24:38"}
{"level":"info","message":"GET /api/attendance/2026/1 304 - - 202.767 ms","timestamp":"2026-01-31 16:24:38"}
{"level":"info","message":"OPTIONS /api/attendance/2026/1 200 0 - 0.302 ms","timestamp":"2026-01-31 16:25:05"}
{"level":"info","message":"GET /api/attendance/2026/1 304 - - 185.913 ms","timestamp":"2026-01-31 16:25:05"}
{"level":"info","message":"OPTIONS /api/attendance/2026/1 200 0 - 0.200 ms","timestamp":"2026-01-31 16:25:35"}
{"level":"info","message":"GET /api/attendance/2026/1 304 - - 185.644 ms","timestamp":"2026-01-31 16:25:35"}
{"level":"info","message":"OPTIONS /api/attendance/2026/1 200 0 - 0.330 ms","timestamp":"2026-01-31 16:26:36"}
{"level":"info","message":"GET /api/attendance/2026/1 304 - - 184.263 ms","timestamp":"2026-01-31 16:26:36"}
{"level":"info","message":"OPTIONS /api/attendance/2026/1 200 0 - 0.208 ms","timestamp":"2026-01-31 16:27:05"}
{"level":"info","message":"GET /api/attendance/2026/1 304 - - 195.518 ms","timestamp":"2026-01-31 16:27:05"}
{"level":"info","message":"OPTIONS /api/attendance/2026/1 200 0 - 0.326 ms","timestamp":"2026-01-31 16:27:35"}
{"level":"info","message":"GET /api/attendance/2026/1 304 - - 199.148 ms","timestamp":"2026-01-31 16:27:35"}
{"level":"info","message":"OPTIONS /api/attendance/2026/1 200 0 - 0.389 ms","timestamp":"2026-01-31 16:28:36"}
{"level":"info","message":"GET /api/attendance/2026/1 304 - - 177.295 ms","timestamp":"2026-01-31 16:28:36"}
{"level":"info","message":"OPTIONS /api/attendance/2026/1 200 0 - 0.585 ms","timestamp":"2026-01-31 16:29:37"}
{"level":"info","message":"GET /api/attendance/2026/1 304 - - 184.756 ms","timestamp":"2026-01-31 16:29:37"}
{"level":"info","message":"OPTIONS /api/attendance/2026/1 200 0 - 0.459 ms","timestamp":"2026-01-31 16:30:38"}
{"level":"info","message":"GET /api/attendance/2026/1 304 - - 172.233 ms","timestamp":"2026-01-31 16:30:38"}
{"level":"info","message":"OPTIONS /api/attendance/2026/1 200 0 - 0.210 ms","timestamp":"2026-01-31 16:31:39"}
{"level":"info","message":"GET /api/attendance/2026/1 304 - - 187.293 ms","timestamp":"2026-01-31 16:31:39"}
{"level":"info","message":"OPTIONS /api/attendance/2026/1 200 0 - 0.170 ms","timestamp":"2026-01-31 16:32:40"}
{"level":"info","message":"GET /api/attendance/2026/1 304 - - 194.350 ms","timestamp":"2026-01-31 16:32:40"}
{"level":"info","message":"OPTIONS /api/attendance/2026/1 200 0 - 0.192 ms","timestamp":"2026-01-31 16:33:41"}
{"level":"info","message":"GET /api/attendance/2026/1 304 - - 191.842 ms","timestamp":"2026-01-31 16:33:41"}
{"level":"info","message":"OPTIONS /api/attendance/2026/1 200 0 - 0.164 ms","timestamp":"2026-01-31 16:34:42"}
{"level":"info","message":"GET /api/attendance/2026/1 304 - - 187.543 ms","timestamp":"2026-01-31 16:34:42"}
{"level":"info","message":"OPTIONS /api/attendance/2026/1 200 0 - 0.314 ms","timestamp":"2026-01-31 16:35:43"}
{"level":"info","message":"GET /api/attendance/2026/1 304 - - 185.263 ms","timestamp":"2026-01-31 16:35:43"}
{"level":"info","message":"OPTIONS /api/attendance/2026/1 200 0 - 0.170 ms","timestamp":"2026-01-31 16:36:44"}
{"level":"info","message":"GET /api/attendance/2026/1 304 - - 202.836 ms","timestamp":"2026-01-31 16:36:44"}
{"level":"info","message":"OPTIONS /api/attendance/2026/1 200 0 - 0.225 ms","timestamp":"2026-01-31 16:37:45"}
{"level":"info","message":"GET /api/attendance/2026/1 304 - - 182.302 ms","timestamp":"2026-01-31 16:37:45"}
{"level":"info","message":"OPTIONS /api/attendance/2026/1 200 0 - 0.306 ms","timestamp":"2026-01-31 16:38:46"}
{"level":"info","message":"GET /api/attendance/2026/1 304 - - 151.636 ms","timestamp":"2026-01-31 16:38:46"}
{"level":"info","message":"OPTIONS /api/attendance/2026/1 200 0 - 0.213 ms","timestamp":"2026-01-31 16:39:47"}
{"level":"info","message":"GET /api/attendance/2026/1 304 - - 143.253 ms","timestamp":"2026-01-31 16:39:47"}
{"level":"info","message":"OPTIONS /api/attendance/2026/1 200 0 - 0.270 ms","timestamp":"2026-01-31 16:40:48"}
{"level":"info","message":"GET /api/attendance/2026/1 304 - - 171.083 ms","timestamp":"2026-01-31 16:40:48"}
{"level":"info","message":"OPTIONS /api/attendance/2026/1 200 0 - 0.465 ms","timestamp":"2026-01-31 16:41:49"}
{"level":"info","message":"GET /api/attendance/2026/1 304 - - 206.628 ms","timestamp":"2026-01-31 16:41:49"}
{"level":"info","message":"OPTIONS /api/attendance/2026/1 200 0 - 0.322 ms","timestamp":"2026-01-31 16:42:50"}
{"level":"info","message":"GET /api/attendance/2026/1 304 - - 134.024 ms","timestamp":"2026-01-31 16:42:50"}
{"level":"info","message":"OPTIONS /api/attendance/2026/1 200 0 - 0.170 ms","timestamp":"2026-01-31 16:43:51"}
{"level":"info","message":"GET /api/attendance/2026/1 304 - - 189.352 ms","timestamp":"2026-01-31 16:43:51"}
{"level":"info","message":"OPTIONS /api/attendance/2026/1 200 0 - 0.300 ms","timestamp":"2026-01-31 16:44:52"}
{"level":"info","message":"GET /api/attendance/2026/1 304 - - 155.113 ms","timestamp":"2026-01-31 16:44:52"}
{"level":"info","message":"OPTIONS /api/attendance/2026/1 200 0 - 0.375 ms","timestamp":"2026-01-31 16:45:53"}
{"level":"info","message":"GET /api/attendance/2026/1 304 - - 216.441 ms","timestamp":"2026-01-31 16:45:53"}
{"level":"info","message":"OPTIONS /api/attendance/2026/1 200 0 - 0.294 ms","timestamp":"2026-01-31 16:46:54"}
{"level":"info","message":"GET /api/attendance/2026/1 304 - - 151.020 ms","timestamp":"2026-01-31 16:46:54"}
{"level":"info","message":"OPTIONS /api/attendance/2026/1 200 0 - 0.201 ms","timestamp":"2026-01-31 16:47:54"}
{"level":"info","message":"GET /api/attendance/2026/1 304 - - 178.569 ms","timestamp":"2026-01-31 16:47:54"}
{"level":"info","message":"OPTIONS /api/attendance/2026/1 200 0 - 0.367 ms","timestamp":"2026-01-31 16:48:54"}
{"level":"info","message":"GET /api/attendance/2026/1 304 - - 139.703 ms","timestamp":"2026-01-31 16:48:54"}
{"level":"info","message":"OPTIONS /api/attendance/2026/1 200 0 - 0.316 ms","timestamp":"2026-01-31 16:49:54"}
{"level":"info","message":"GET /api/attendance/2026/1 304 - - 154.927 ms","timestamp":"2026-01-31 16:49:54"}
{"level":"info","message":"OPTIONS /api/attendance/2026/1 200 0 - 0.177 ms","timestamp":"2026-01-31 16:50:54"}
{"level":"info","message":"GET /api/attendance/2026/1 304 - - 174.328 ms","timestamp":"2026-01-31 16:50:54"}
{"level":"info","message":"OPTIONS /api/attendance/2026/1 200 0 - 0.201 ms","timestamp":"2026-01-31 16:51:54"}
{"level":"info","message":"GET /api/attendance/2026/1 304 - - 141.971 ms","timestamp":"2026-01-31 16:51:54"}
{"level":"info","message":"OPTIONS /api/attendance/2026/1 200 0 - 0.337 ms","timestamp":"2026-01-31 16:52:54"}
{"level":"info","message":"GET /api/attendance/2026/1 304 - - 159.766 ms","timestamp":"2026-01-31 16:52:54"}
{"level":"info","message":"OPTIONS /api/attendance/2026/1 200 0 - 0.363 ms","timestamp":"2026-01-31 16:53:54"}
{"level":"info","message":"GET /api/attendance/2026/1 304 - - 266.125 ms","timestamp":"2026-01-31 16:53:54"}
{"level":"info","message":"OPTIONS /api/attendance/2026/1 200 0 - 0.336 ms","timestamp":"2026-01-31 16:54:54"}
{"level":"info","message":"GET /api/attendance/2026/1 304 - - 141.946 ms","timestamp":"2026-01-31 16:54:54"}
{"level":"info","message":"OPTIONS /api/attendance/2026/1 200 0 - 0.316 ms","timestamp":"2026-01-31 16:55:54"}
{"level":"info","message":"GET /api/attendance/2026/1 304 - - 144.498 ms","timestamp":"2026-01-31 16:55:54"}
{"level":"info","message":"OPTIONS /api/attendance/2026/1 200 0 - 0.409 ms","timestamp":"2026-01-31 16:56:54"}
{"level":"info","message":"GET /api/attendance/2026/1 304 - - 249.351 ms","timestamp":"2026-01-31 16:56:54"}
{"level":"info","message":"OPTIONS /api/attendance/2026/1 200 0 - 0.259 ms","timestamp":"2026-01-31 16:57:54"}
{"level":"info","message":"GET /api/attendance/2026/1 304 - - 150.017 ms","timestamp":"2026-01-31 16:57:54"}
{"level":"info","message":"OPTIONS /api/attendance/2026/1 200 0 - 0.350 ms","timestamp":"2026-01-31 16:58:54"}
{"level":"info","message":"GET /api/attendance/2026/1 304 - - 158.132 ms","timestamp":"2026-01-31 16:58:54"}
{"level":"info","message":"OPTIONS /api/attendance/2026/1 200 0 - 0.311 ms","timestamp":"2026-01-31 16:59:54"}
{"level":"info","message":"GET /api/attendance/2026/1 304 - - 150.248 ms","timestamp":"2026-01-31 16:59:54"}
{"level":"info","message":"OPTIONS /api/attendance/2026/1 200 0 - 0.331 ms","timestamp":"2026-01-31 17:00:54"}
{"level":"info","message":"GET /api/attendance/2026/1 304 - - 163.944 ms","timestamp":"2026-01-31 17:00:54"}
{"level":"info","message":"OPTIONS /api/attendance/2026/1 200 0 - 0.389 ms","timestamp":"2026-01-31 17:01:54"}
{"level":"info","message":"GET /api/attendance/2026/1 304 - - 142.882 ms","timestamp":"2026-01-31 17:01:54"}
