{"level":"info","message":"🚀 Server running on http://localhost:5000","timestamp":"2026-03-03 10:19:03"}
{"level":"info","message":"📡 Socket.IO server ready for connections","timestamp":"2026-03-03 10:19:03"}
{"level":"info","message":"✅ Redis Clients (Pub/Sub) Connected and Ready","timestamp":"2026-03-03 10:19:03"}
{"level":"info","message":"OPTIONS /api/messages/unread-count 200 0 - 0.895 ms","timestamp":"2026-03-03 10:19:08"}
{"level":"info","message":"OPTIONS /api/messages/unread-count 200 0 - 0.204 ms","timestamp":"2026-03-03 10:19:08"}
{"level":"info","message":"GET /api/messages/unread-count 304 - - 62.147 ms","timestamp":"2026-03-03 10:19:08"}
{"level":"info","message":"GET /api/messages/unread-count 304 - - 42.590 ms","timestamp":"2026-03-03 10:19:08"}
{"level":"info","message":"OPTIONS /api/attendance/2026/3 200 0 - 0.111 ms","timestamp":"2026-03-03 10:19:09"}
{"level":"info","message":"OPTIONS /api/appointments/revenue/reports 200 0 - 0.259 ms","timestamp":"2026-03-03 10:19:09"}
{"level":"info","message":"OPTIONS /api/appointments 200 0 - 0.145 ms","timestamp":"2026-03-03 10:19:09"}
{"level":"info","message":"OPTIONS /api/tasks 200 0 - 0.113 ms","timestamp":"2026-03-03 10:19:09"}
{"level":"info","message":"OPTIONS /api/attendance/range?start=2026-02-28T18:30:00.000Z&end=2026-03-31T18:29:59.999Z 200 0 - 0.237 ms","timestamp":"2026-03-03 10:19:09"}
{"level":"info","message":"OPTIONS /api/users/all 200 0 - 0.117 ms","timestamp":"2026-03-03 10:19:09"}
{"level":"info","message":"OPTIONS /api/admin-status 200 0 - 0.111 ms","timestamp":"2026-03-03 10:19:09"}
{"level":"info","message":"OPTIONS /api/appointments/stats?month=2&year=2026 200 0 - 0.081 ms","timestamp":"2026-03-03 10:19:09"}
{"level":"info","message":"OPTIONS /api/appointments/stats?month=3&year=2026 200 0 - 0.100 ms","timestamp":"2026-03-03 10:19:09"}
{"level":"info","message":"OPTIONS /api/users 200 0 - 0.070 ms","timestamp":"2026-03-03 10:19:09"}
{"level":"info","message":"OPTIONS /api/users/all 200 0 - 0.074 ms","timestamp":"2026-03-03 10:19:09"}
{"level":"info","message":"OPTIONS /api/attendance/range?start=2026-02-28T18:30:00.000Z&end=2026-03-31T18:29:59.999Z 200 0 - 0.088 ms","timestamp":"2026-03-03 10:19:09"}
{"level":"info","message":"OPTIONS /api/admin-status 200 0 - 0.061 ms","timestamp":"2026-03-03 10:19:09"}
{"level":"info","message":"OPTIONS /api/appointments/stats?month=3&year=2026 200 0 - 0.074 ms","timestamp":"2026-03-03 10:19:09"}
{"level":"info","message":"OPTIONS /api/appointments/stats?month=2&year=2026 200 0 - 0.093 ms","timestamp":"2026-03-03 10:19:09"}
{"level":"info","message":"OPTIONS /api/appointments/revenue 200 0 - 0.075 ms","timestamp":"2026-03-03 10:19:09"}
{"level":"info","message":"OPTIONS /api/users 200 0 - 0.072 ms","timestamp":"2026-03-03 10:19:09"}
{"level":"info","message":"OPTIONS /api/appointments/revenue 200 0 - 0.055 ms","timestamp":"2026-03-03 10:19:09"}
{"level":"info","message":"GET /api/appointments/revenue/reports 304 - - 58.845 ms","timestamp":"2026-03-03 10:19:09"}
{"level":"info","message":"GET /api/attendance/2026/3 200 - - 83.285 ms","timestamp":"2026-03-03 10:19:09"}
{"level":"info","message":"GET /api/admin-status 200 50 - 93.585 ms","timestamp":"2026-03-03 10:19:09"}
{"level":"info","message":"GET /api/appointments 304 - - 160.282 ms","timestamp":"2026-03-03 10:19:09"}
{"level":"info","message":"GET /api/attendance/range?start=2026-02-28T18:30:00.000Z&end=2026-03-31T18:29:59.999Z 200 - - 107.464 ms","timestamp":"2026-03-03 10:19:09"}
{"level":"info","message":"GET /api/users/all 200 - - 135.590 ms","timestamp":"2026-03-03 10:19:09"}
{"level":"info","message":"GET /api/appointments/stats?month=2&year=2026 304 - - 82.087 ms","timestamp":"2026-03-03 10:19:09"}
{"level":"info","message":"GET /api/appointments/stats?month=3&year=2026 304 - - 43.210 ms","timestamp":"2026-03-03 10:19:09"}
{"level":"info","message":"GET /api/appointments/revenue/reports 304 - - 42.161 ms","timestamp":"2026-03-03 10:19:09"}
{"level":"info","message":"GET /api/appointments/revenue 304 - - 70.779 ms","timestamp":"2026-03-03 10:19:09"}
{"level":"info","message":"GET /api/admin-status 304 - - 44.245 ms","timestamp":"2026-03-03 10:19:09"}
{"level":"info","message":"GET /api/attendance/2026/3 304 - - 72.257 ms","timestamp":"2026-03-03 10:19:09"}
{"level":"info","message":"GET /api/users 200 - - 137.980 ms","timestamp":"2026-03-03 10:19:09"}
{"level":"info","message":"GET /api/users/all 304 - - 76.532 ms","timestamp":"2026-03-03 10:19:09"}
{"level":"info","message":"GET /api/attendance/range?start=2026-02-28T18:30:00.000Z&end=2026-03-31T18:29:59.999Z 304 - - 110.697 ms","timestamp":"2026-03-03 10:19:09"}
{"level":"info","message":"GET /api/tasks 304 - - 366.111 ms","timestamp":"2026-03-03 10:19:09"}
{"level":"info","message":"GET /api/appointments/stats?month=2&year=2026 304 - - 93.915 ms","timestamp":"2026-03-03 10:19:09"}
{"level":"info","message":"GET /api/appointments 304 - - 176.022 ms","timestamp":"2026-03-03 10:19:09"}
{"level":"info","message":"GET /api/appointments/stats?month=3&year=2026 304 - - 74.388 ms","timestamp":"2026-03-03 10:19:09"}
{"level":"info","message":"GET /api/appointments/revenue 304 - - 78.642 ms","timestamp":"2026-03-03 10:19:09"}
{"level":"info","message":"GET /api/tasks 304 - - 68.428 ms","timestamp":"2026-03-03 10:19:09"}
{"level":"info","message":"GET /api/users 304 - - 112.082 ms","timestamp":"2026-03-03 10:19:09"}
{"level":"info","message":"GET /api/tasks 304 - - 76.138 ms","timestamp":"2026-03-03 10:19:09"}
{"level":"info","message":"GET /api/tasks 304 - - 82.791 ms","timestamp":"2026-03-03 10:19:09"}
{"level":"info","message":"OPTIONS /api/appointments/stats?month=3&year=2026 200 0 - 0.125 ms","timestamp":"2026-03-03 10:19:19"}
{"level":"info","message":"OPTIONS /api/appointments/stats?month=2&year=2026 200 0 - 0.055 ms","timestamp":"2026-03-03 10:19:19"}
{"level":"info","message":"OPTIONS /api/appointments/revenue 200 0 - 0.057 ms","timestamp":"2026-03-03 10:19:19"}
{"level":"info","message":"OPTIONS /api/users 200 0 - 0.048 ms","timestamp":"2026-03-03 10:19:19"}
{"level":"info","message":"GET /api/appointments/stats?month=3&year=2026 304 - - 41.723 ms","timestamp":"2026-03-03 10:19:19"}
{"level":"info","message":"GET /api/appointments/stats?month=2&year=2026 304 - - 42.077 ms","timestamp":"2026-03-03 10:19:19"}
{"level":"info","message":"GET /api/appointments/revenue 304 - - 67.921 ms","timestamp":"2026-03-03 10:19:19"}
{"level":"info","message":"GET /api/users 200 - - 122.306 ms","timestamp":"2026-03-03 10:19:19"}
{"level":"info","message":"OPTIONS /api/calls/sip-config 200 0 - 0.127 ms","timestamp":"2026-03-03 10:19:28"}
{"level":"info","message":"OPTIONS /api/users 200 0 - 0.057 ms","timestamp":"2026-03-03 10:19:28"}
{"level":"info","message":"OPTIONS /api/calls/sip-config 200 0 - 0.115 ms","timestamp":"2026-03-03 10:19:28"}
{"level":"info","message":"OPTIONS /api/tasks 200 0 - 0.057 ms","timestamp":"2026-03-03 10:19:28"}
{"level":"info","message":"OPTIONS /api/tasks 200 0 - 0.061 ms","timestamp":"2026-03-03 10:19:28"}
{"level":"info","message":"OPTIONS /api/users 200 0 - 0.088 ms","timestamp":"2026-03-03 10:19:28"}
{"level":"info","message":"GET /api/calls/sip-config 304 - - 23.700 ms","timestamp":"2026-03-03 10:19:28"}
{"level":"info","message":"GET /api/calls/sip-config 304 - - 20.938 ms","timestamp":"2026-03-03 10:19:28"}
{"level":"info","message":"GET /api/tasks 304 - - 68.562 ms","timestamp":"2026-03-03 10:19:28"}
{"level":"info","message":"GET /api/users 304 - - 108.597 ms","timestamp":"2026-03-03 10:19:28"}
{"level":"info","message":"GET /api/tasks 304 - - 66.225 ms","timestamp":"2026-03-03 10:19:28"}
{"level":"info","message":"GET /api/users 304 - - 77.221 ms","timestamp":"2026-03-03 10:19:28"}
{"level":"info","message":"OPTIONS /api/attendance/2026/3 200 0 - 0.200 ms","timestamp":"2026-03-03 10:19:39"}
{"level":"info","message":"GET /api/attendance/2026/3 304 - - 77.030 ms","timestamp":"2026-03-03 10:19:39"}
{"level":"info","message":"OPTIONS /api/attendance/2026/3 200 0 - 0.312 ms","timestamp":"2026-03-03 10:20:09"}
{"level":"info","message":"GET /api/attendance/2026/3 304 - - 66.765 ms","timestamp":"2026-03-03 10:20:09"}
{"level":"info","message":"OPTIONS /api/attendance/2026/3 200 0 - 0.184 ms","timestamp":"2026-03-03 10:20:39"}
{"level":"info","message":"GET /api/attendance/2026/3 304 - - 73.656 ms","timestamp":"2026-03-03 10:20:39"}
{"level":"info","message":"OPTIONS /api/attendance/2026/3 200 0 - 0.056 ms","timestamp":"2026-03-03 10:21:09"}
{"level":"info","message":"GET /api/attendance/2026/3 304 - - 59.042 ms","timestamp":"2026-03-03 10:21:09"}
{"level":"info","message":"OPTIONS /api/attendance/2026/3 200 0 - 0.182 ms","timestamp":"2026-03-03 10:21:39"}
{"level":"info","message":"GET /api/attendance/2026/3 304 - - 73.164 ms","timestamp":"2026-03-03 10:21:39"}
{"level":"info","message":"OPTIONS /api/attendance/2026/3 200 0 - 0.120 ms","timestamp":"2026-03-03 10:22:09"}
{"level":"info","message":"GET /api/attendance/2026/3 304 - - 62.660 ms","timestamp":"2026-03-03 10:22:09"}
{"level":"info","message":"OPTIONS /api/attendance/2026/3 200 0 - 0.062 ms","timestamp":"2026-03-03 10:23:06"}
{"level":"info","message":"GET /api/attendance/2026/3 304 - - 77.855 ms","timestamp":"2026-03-03 10:23:06"}
{"level":"info","message":"OPTIONS /api/attendance/2026/3 200 0 - 0.114 ms","timestamp":"2026-03-03 10:23:15"}
{"level":"info","message":"GET /api/attendance/2026/3 304 - - 69.163 ms","timestamp":"2026-03-03 10:23:15"}
{"level":"info","message":"OPTIONS /api/attendance/2026/3 200 0 - 0.066 ms","timestamp":"2026-03-03 10:23:39"}
{"level":"info","message":"GET /api/attendance/2026/3 304 - - 61.274 ms","timestamp":"2026-03-03 10:23:39"}
{"level":"info","message":"OPTIONS /api/attendance/2026/3 200 0 - 0.119 ms","timestamp":"2026-03-03 10:24:09"}
{"level":"info","message":"GET /api/attendance/2026/3 304 - - 62.758 ms","timestamp":"2026-03-03 10:24:09"}
{"level":"info","message":"OPTIONS /api/attendance/2026/3 200 0 - 0.109 ms","timestamp":"2026-03-03 10:25:06"}
{"level":"info","message":"GET /api/attendance/2026/3 304 - - 93.980 ms","timestamp":"2026-03-03 10:25:06"}
{"level":"info","message":"OPTIONS /api/attendance/2026/3 200 0 - 0.059 ms","timestamp":"2026-03-03 10:26:06"}
{"level":"info","message":"GET /api/attendance/2026/3 304 - - 98.170 ms","timestamp":"2026-03-03 10:26:06"}
{"level":"info","message":"OPTIONS /api/attendance/2026/3 200 0 - 0.075 ms","timestamp":"2026-03-03 10:27:06"}
{"level":"info","message":"GET /api/attendance/2026/3 304 - - 63.917 ms","timestamp":"2026-03-03 10:27:06"}
{"level":"info","message":"OPTIONS /api/attendance/2026/3 200 0 - 0.111 ms","timestamp":"2026-03-03 10:28:06"}
{"level":"info","message":"GET /api/attendance/2026/3 304 - - 64.403 ms","timestamp":"2026-03-03 10:28:06"}
{"level":"info","message":"OPTIONS /api/attendance/2026/3 200 0 - 0.142 ms","timestamp":"2026-03-03 10:29:06"}
{"level":"info","message":"GET /api/attendance/2026/3 304 - - 63.677 ms","timestamp":"2026-03-03 10:29:06"}
{"level":"info","message":"OPTIONS /api/attendance/2026/3 200 0 - 0.098 ms","timestamp":"2026-03-03 10:30:06"}
{"level":"info","message":"GET /api/attendance/2026/3 304 - - 77.904 ms","timestamp":"2026-03-03 10:30:06"}
{"level":"info","message":"OPTIONS /api/attendance/2026/3 200 0 - 0.117 ms","timestamp":"2026-03-03 10:30:22"}
{"level":"info","message":"GET /api/attendance/2026/3 304 - - 92.713 ms","timestamp":"2026-03-03 10:30:22"}
{"level":"info","message":"OPTIONS /api/attendance/2026/3 200 0 - 0.190 ms","timestamp":"2026-03-03 10:30:39"}
{"level":"info","message":"GET /api/attendance/2026/3 304 - - 84.320 ms","timestamp":"2026-03-03 10:30:39"}
{"level":"info","message":"OPTIONS /api/attendance/2026/3 200 0 - 0.267 ms","timestamp":"2026-03-03 10:31:09"}
{"level":"info","message":"GET /api/attendance/2026/3 304 - - 70.427 ms","timestamp":"2026-03-03 10:31:09"}
{"level":"info","message":"OPTIONS /api/attendance/2026/3 200 0 - 0.109 ms","timestamp":"2026-03-03 10:31:39"}
{"level":"info","message":"GET /api/attendance/2026/3 304 - - 63.441 ms","timestamp":"2026-03-03 10:31:39"}
{"level":"info","message":"OPTIONS /api/attendance/2026/3 200 0 - 0.057 ms","timestamp":"2026-03-03 10:32:09"}
{"level":"info","message":"GET /api/attendance/2026/3 304 - - 62.896 ms","timestamp":"2026-03-03 10:32:09"}
{"level":"info","message":"OPTIONS /api/attendance/2026/3 200 0 - 0.052 ms","timestamp":"2026-03-03 10:33:06"}
{"level":"info","message":"GET /api/attendance/2026/3 304 - - 71.329 ms","timestamp":"2026-03-03 10:33:06"}
{"level":"info","message":"OPTIONS /api/attendance/2026/3 200 0 - 0.085 ms","timestamp":"2026-03-03 10:34:06"}
{"level":"info","message":"GET /api/attendance/2026/3 304 - - 61.263 ms","timestamp":"2026-03-03 10:34:06"}
{"level":"info","message":"OPTIONS /api/attendance/2026/3 200 0 - 0.073 ms","timestamp":"2026-03-03 10:35:06"}
{"level":"info","message":"GET /api/attendance/2026/3 304 - - 76.867 ms","timestamp":"2026-03-03 10:35:06"}
{"level":"info","message":"OPTIONS /api/attendance/2026/3 200 0 - 0.075 ms","timestamp":"2026-03-03 10:36:06"}
{"level":"info","message":"GET /api/attendance/2026/3 304 - - 60.326 ms","timestamp":"2026-03-03 10:36:06"}
{"level":"info","message":"OPTIONS /api/attendance/2026/3 200 0 - 0.072 ms","timestamp":"2026-03-03 10:37:06"}
{"level":"info","message":"GET /api/attendance/2026/3 304 - - 64.271 ms","timestamp":"2026-03-03 10:37:06"}
{"level":"info","message":"OPTIONS /api/attendance/2026/3 200 0 - 0.112 ms","timestamp":"2026-03-03 10:37:38"}
{"level":"info","message":"GET /api/attendance/2026/3 304 - - 65.780 ms","timestamp":"2026-03-03 10:37:38"}
{"level":"info","message":"OPTIONS /api/attendance/2026/3 200 0 - 0.101 ms","timestamp":"2026-03-03 10:38:09"}
{"level":"info","message":"GET /api/attendance/2026/3 304 - - 61.429 ms","timestamp":"2026-03-03 10:38:09"}
{"level":"info","message":"OPTIONS /api/attendance/2026/3 200 0 - 0.168 ms","timestamp":"2026-03-03 10:38:39"}
{"level":"info","message":"GET /api/attendance/2026/3 304 - - 100.916 ms","timestamp":"2026-03-03 10:38:39"}
{"level":"info","message":"OPTIONS /api/attendance/2026/3 200 0 - 0.088 ms","timestamp":"2026-03-03 10:40:04"}
{"level":"info","message":"GET /api/attendance/2026/3 304 - - 106.852 ms","timestamp":"2026-03-03 10:40:04"}
{"level":"info","message":"OPTIONS /api/attendance/2026/3 200 0 - 0.060 ms","timestamp":"2026-03-03 10:41:05"}
{"level":"info","message":"GET /api/attendance/2026/3 304 - - 61.862 ms","timestamp":"2026-03-03 10:41:05"}
{"level":"info","message":"OPTIONS /api/attendance/2026/3 200 0 - 0.082 ms","timestamp":"2026-03-03 10:42:06"}
{"level":"info","message":"GET /api/attendance/2026/3 304 - - 80.975 ms","timestamp":"2026-03-03 10:42:06"}
{"level":"info","message":"OPTIONS /api/calls/sip-config 200 0 - 0.082 ms","timestamp":"2026-03-03 10:42:14"}
{"level":"info","message":"GET /api/calls/sip-config 304 - - 39.623 ms","timestamp":"2026-03-03 10:42:14"}
{"level":"info","message":"OPTIONS /api/calls/sip-config 200 0 - 0.095 ms","timestamp":"2026-03-03 10:42:21"}
{"level":"info","message":"GET /api/calls/sip-config 304 - - 21.722 ms","timestamp":"2026-03-03 10:42:21"}
{"level":"info","message":"OPTIONS /api/attendance/2026/3 200 0 - 0.066 ms","timestamp":"2026-03-03 10:43:06"}
{"level":"info","message":"GET /api/attendance/2026/3 304 - - 60.577 ms","timestamp":"2026-03-03 10:43:06"}
{"level":"info","message":"🚀 Server running on http://localhost:5000","timestamp":"2026-03-03 10:43:43"}
{"level":"info","message":"📡 Socket.IO server ready for connections","timestamp":"2026-03-03 10:43:43"}
{"level":"info","message":"✅ Redis Clients (Pub/Sub) Connected and Ready","timestamp":"2026-03-03 10:43:43"}
{"level":"info","message":"OPTIONS /api/attendance/2026/3 200 0 - 2.450 ms","timestamp":"2026-03-03 10:43:45"}
{"level":"info","message":"GET /api/attendance/2026/3 304 - - 91.123 ms","timestamp":"2026-03-03 10:43:45"}
{"level":"info","message":"OPTIONS /api/messages/unread-count 200 0 - 0.254 ms","timestamp":"2026-03-03 10:43:51"}
{"level":"info","message":"OPTIONS /api/messages/unread-count 200 0 - 0.193 ms","timestamp":"2026-03-03 10:43:51"}
{"level":"info","message":"GET /api/messages/unread-count 304 - - 67.531 ms","timestamp":"2026-03-03 10:43:51"}
{"level":"info","message":"GET /api/messages/unread-count 304 - - 48.419 ms","timestamp":"2026-03-03 10:43:51"}
{"level":"info","message":"OPTIONS /api/attendance/2026/3 200 0 - 0.175 ms","timestamp":"2026-03-03 10:43:52"}
{"level":"info","message":"OPTIONS /api/calls/sip-config 200 0 - 0.105 ms","timestamp":"2026-03-03 10:43:52"}
{"level":"info","message":"OPTIONS /api/users 200 0 - 0.111 ms","timestamp":"2026-03-03 10:43:52"}
{"level":"info","message":"OPTIONS /api/tasks 200 0 - 0.122 ms","timestamp":"2026-03-03 10:43:52"}
{"level":"info","message":"OPTIONS /api/users 200 0 - 0.223 ms","timestamp":"2026-03-03 10:43:52"}
{"level":"info","message":"GET /api/calls/sip-config 200 164 - 23.547 ms","timestamp":"2026-03-03 10:43:52"}
{"level":"info","message":"GET /api/calls/sip-config 304 - - 22.562 ms","timestamp":"2026-03-03 10:43:52"}
{"level":"info","message":"GET /api/attendance/2026/3 304 - - 81.378 ms","timestamp":"2026-03-03 10:43:52"}
{"level":"info","message":"GET /api/tasks 304 - - 90.836 ms","timestamp":"2026-03-03 10:43:52"}
{"level":"info","message":"GET /api/users 200 - - 129.328 ms","timestamp":"2026-03-03 10:43:52"}
{"level":"info","message":"GET /api/attendance/2026/3 304 - - 82.689 ms","timestamp":"2026-03-03 10:43:52"}
{"level":"info","message":"GET /api/tasks 304 - - 93.190 ms","timestamp":"2026-03-03 10:43:52"}
{"level":"info","message":"GET /api/users 304 - - 87.415 ms","timestamp":"2026-03-03 10:43:52"}
{"level":"info","message":"OPTIONS /api/attendance/2026/3 200 0 - 0.196 ms","timestamp":"2026-03-03 10:44:22"}
{"level":"info","message":"GET /api/attendance/2026/3 304 - - 66.681 ms","timestamp":"2026-03-03 10:44:22"}
{"level":"info","message":"OPTIONS /api/calls 200 0 - 0.099 ms","timestamp":"2026-03-03 10:44:38"}
{"level":"info","message":"POST /api/calls 201 197 - 72.077 ms","timestamp":"2026-03-03 10:44:38"}
{"level":"info","message":"OPTIONS /api/attendance/2026/3 200 0 - 0.386 ms","timestamp":"2026-03-03 10:44:52"}
{"level":"info","message":"GET /api/attendance/2026/3 304 - - 83.720 ms","timestamp":"2026-03-03 10:44:52"}
{"level":"info","message":"OPTIONS /api/calls/69a66e3e2b625f23aed95ef1 200 0 - 0.077 ms","timestamp":"2026-03-03 10:45:18"}
{"level":"info","message":"PATCH /api/calls/69a66e3e2b625f23aed95ef1 200 198 - 45.519 ms","timestamp":"2026-03-03 10:45:18"}
{"level":"info","message":"OPTIONS /api/attendance/2026/3 200 0 - 0.231 ms","timestamp":"2026-03-03 10:45:22"}
{"level":"info","message":"GET /api/attendance/2026/3 304 - - 80.581 ms","timestamp":"2026-03-03 10:45:22"}
{"level":"info","message":"OPTIONS /api/attendance/2026/3 200 0 - 0.091 ms","timestamp":"2026-03-03 10:45:52"}
{"level":"info","message":"GET /api/attendance/2026/3 304 - - 66.753 ms","timestamp":"2026-03-03 10:45:52"}
{"level":"info","message":"OPTIONS /api/attendance/2026/3 200 0 - 0.074 ms","timestamp":"2026-03-03 10:46:22"}
{"level":"info","message":"GET /api/attendance/2026/3 304 - - 70.210 ms","timestamp":"2026-03-03 10:46:22"}
{"level":"info","message":"OPTIONS /api/calls/sip-config 200 0 - 0.117 ms","timestamp":"2026-03-03 10:46:23"}
{"level":"info","message":"GET /api/calls/sip-config 304 - - 28.016 ms","timestamp":"2026-03-03 10:46:23"}
{"level":"info","message":"OPTIONS /api/attendance/2026/3 200 0 - 0.175 ms","timestamp":"2026-03-03 10:46:52"}
{"level":"info","message":"GET /api/attendance/2026/3 304 - - 73.126 ms","timestamp":"2026-03-03 10:46:52"}
{"level":"info","message":"OPTIONS /api/messages/unread-count 200 0 - 0.114 ms","timestamp":"2026-03-03 10:46:58"}
{"level":"info","message":"OPTIONS /api/messages/unread-count 200 0 - 0.064 ms","timestamp":"2026-03-03 10:46:58"}
{"level":"info","message":"GET /api/messages/unread-count 304 - - 93.584 ms","timestamp":"2026-03-03 10:46:59"}
{"level":"info","message":"GET /api/messages/unread-count 304 - - 72.499 ms","timestamp":"2026-03-03 10:46:59"}
{"level":"info","message":"OPTIONS /api/attendance/2026/3 200 0 - 0.135 ms","timestamp":"2026-03-03 10:46:59"}
{"level":"info","message":"OPTIONS /api/calls/sip-config 200 0 - 0.109 ms","timestamp":"2026-03-03 10:46:59"}
{"level":"info","message":"OPTIONS /api/users 200 0 - 0.087 ms","timestamp":"2026-03-03 10:46:59"}
{"level":"info","message":"OPTIONS /api/tasks 200 0 - 0.073 ms","timestamp":"2026-03-03 10:46:59"}
{"level":"info","message":"OPTIONS /api/users 200 0 - 0.135 ms","timestamp":"2026-03-03 10:46:59"}
{"level":"info","message":"GET /api/calls/sip-config 304 - - 21.424 ms","timestamp":"2026-03-03 10:46:59"}
{"level":"info","message":"GET /api/calls/sip-config 304 - - 23.346 ms","timestamp":"2026-03-03 10:46:59"}
{"level":"info","message":"GET /api/attendance/2026/3 304 - - 61.714 ms","timestamp":"2026-03-03 10:46:59"}
{"level":"info","message":"GET /api/tasks 304 - - 73.323 ms","timestamp":"2026-03-03 10:46:59"}
{"level":"info","message":"GET /api/users 200 - - 117.796 ms","timestamp":"2026-03-03 10:46:59"}
{"level":"info","message":"GET /api/attendance/2026/3 304 - - 68.620 ms","timestamp":"2026-03-03 10:46:59"}
{"level":"info","message":"GET /api/tasks 304 - - 73.362 ms","timestamp":"2026-03-03 10:46:59"}
{"level":"info","message":"GET /api/users 304 - - 110.444 ms","timestamp":"2026-03-03 10:46:59"}
{"level":"info","message":"OPTIONS /api/messages/unread-count 200 0 - 0.132 ms","timestamp":"2026-03-03 10:47:00"}
{"level":"info","message":"OPTIONS /api/messages/unread-count 200 0 - 0.077 ms","timestamp":"2026-03-03 10:47:00"}
{"level":"info","message":"GET /api/messages/unread-count 200 17 - 43.579 ms","timestamp":"2026-03-03 10:47:00"}
{"level":"info","message":"GET /api/messages/unread-count 200 17 - 45.459 ms","timestamp":"2026-03-03 10:47:00"}
{"level":"info","message":"GET /api/calls/sip-config 304 - - 20.830 ms","timestamp":"2026-03-03 10:47:01"}
{"level":"info","message":"GET /api/calls/sip-config 304 - - 22.583 ms","timestamp":"2026-03-03 10:47:01"}
{"level":"info","message":"GET /api/attendance/2026/3 304 - - 64.653 ms","timestamp":"2026-03-03 10:47:01"}
{"level":"info","message":"GET /api/tasks 304 - - 77.726 ms","timestamp":"2026-03-03 10:47:01"}
{"level":"info","message":"GET /api/attendance/2026/3 304 - - 67.053 ms","timestamp":"2026-03-03 10:47:01"}
{"level":"info","message":"GET /api/users 200 - - 123.466 ms","timestamp":"2026-03-03 10:47:01"}
{"level":"info","message":"GET /api/tasks 304 - - 73.605 ms","timestamp":"2026-03-03 10:47:01"}
{"level":"info","message":"GET /api/users 304 - - 113.000 ms","timestamp":"2026-03-03 10:47:01"}
{"level":"info","message":"OPTIONS /api/calls 200 0 - 0.087 ms","timestamp":"2026-03-03 10:47:13"}
{"level":"info","message":"POST /api/calls 201 197 - 44.107 ms","timestamp":"2026-03-03 10:47:13"}
{"level":"info","message":"OPTIONS /api/attendance/2026/3 200 0 - 0.073 ms","timestamp":"2026-03-03 10:47:31"}
{"level":"info","message":"GET /api/attendance/2026/3 304 - - 67.060 ms","timestamp":"2026-03-03 10:47:31"}
{"level":"info","message":"OPTIONS /api/calls/69a66ed92b625f23aed95f4d 200 0 - 0.293 ms","timestamp":"2026-03-03 10:47:38"}
{"level":"info","message":"PATCH /api/calls/69a66ed92b625f23aed95f4d 200 198 - 53.115 ms","timestamp":"2026-03-03 10:47:38"}
{"level":"info","message":"OPTIONS /api/attendance/2026/3 200 0 - 0.054 ms","timestamp":"2026-03-03 10:48:01"}
{"level":"info","message":"GET /api/attendance/2026/3 304 - - 62.775 ms","timestamp":"2026-03-03 10:48:01"}
{"level":"info","message":"OPTIONS /api/attendance/2026/3 200 0 - 0.113 ms","timestamp":"2026-03-03 10:48:31"}
{"level":"info","message":"GET /api/attendance/2026/3 304 - - 71.838 ms","timestamp":"2026-03-03 10:48:31"}
{"level":"info","message":"OPTIONS /api/attendance/2026/3 200 0 - 0.057 ms","timestamp":"2026-03-03 10:49:01"}
{"level":"info","message":"GET /api/attendance/2026/3 304 - - 75.648 ms","timestamp":"2026-03-03 10:49:01"}
{"level":"info","message":"OPTIONS /api/calls/sip-config 200 0 - 0.063 ms","timestamp":"2026-03-03 10:49:25"}
{"level":"info","message":"GET /api/calls/sip-config 304 - - 21.139 ms","timestamp":"2026-03-03 10:49:25"}
{"level":"info","message":"OPTIONS /api/attendance/2026/3 200 0 - 0.181 ms","timestamp":"2026-03-03 10:49:31"}
{"level":"info","message":"GET /api/attendance/2026/3 304 - - 66.670 ms","timestamp":"2026-03-03 10:49:31"}
{"level":"info","message":"OPTIONS /api/attendance/2026/3 200 0 - 0.073 ms","timestamp":"2026-03-03 10:50:01"}
{"level":"info","message":"GET /api/attendance/2026/3 304 - - 69.799 ms","timestamp":"2026-03-03 10:50:01"}
{"level":"info","message":"OPTIONS /api/attendance/2026/3 200 0 - 0.057 ms","timestamp":"2026-03-03 10:51:02"}
{"level":"info","message":"GET /api/attendance/2026/3 304 - - 61.941 ms","timestamp":"2026-03-03 10:51:02"}
{"level":"info","message":"OPTIONS /api/attendance/2026/3 200 0 - 0.145 ms","timestamp":"2026-03-03 10:51:31"}
{"level":"info","message":"GET /api/attendance/2026/3 304 - - 64.243 ms","timestamp":"2026-03-03 10:51:31"}
{"level":"info","message":"OPTIONS /api/attendance/2026/3 200 0 - 0.087 ms","timestamp":"2026-03-03 10:52:01"}
{"level":"info","message":"GET /api/attendance/2026/3 304 - - 76.548 ms","timestamp":"2026-03-03 10:52:01"}
{"level":"info","message":"OPTIONS /api/messages/unread-count 200 0 - 0.144 ms","timestamp":"2026-03-03 10:52:04"}
{"level":"info","message":"OPTIONS /api/messages/unread-count 200 0 - 0.086 ms","timestamp":"2026-03-03 10:52:04"}
{"level":"info","message":"GET /api/messages/unread-count 304 - - 45.824 ms","timestamp":"2026-03-03 10:52:04"}
{"level":"info","message":"GET /api/messages/unread-count 304 - - 44.168 ms","timestamp":"2026-03-03 10:52:04"}
{"level":"info","message":"OPTIONS /api/calls/sip-config 200 0 - 0.095 ms","timestamp":"2026-03-03 10:52:04"}
{"level":"info","message":"OPTIONS /api/users 200 0 - 0.097 ms","timestamp":"2026-03-03 10:52:04"}
{"level":"info","message":"OPTIONS /api/tasks 200 0 - 0.079 ms","timestamp":"2026-03-03 10:52:04"}
{"level":"info","message":"GET /api/calls/sip-config 304 - - 22.339 ms","timestamp":"2026-03-03 10:52:04"}
{"level":"info","message":"GET /api/calls/sip-config 304 - - 21.653 ms","timestamp":"2026-03-03 10:52:04"}
{"level":"info","message":"GET /api/attendance/2026/3 304 - - 63.320 ms","timestamp":"2026-03-03 10:52:04"}
{"level":"info","message":"GET /api/tasks 304 - - 79.162 ms","timestamp":"2026-03-03 10:52:04"}
{"level":"info","message":"GET /api/attendance/2026/3 304 - - 65.903 ms","timestamp":"2026-03-03 10:52:04"}
{"level":"info","message":"GET /api/users 200 - - 124.610 ms","timestamp":"2026-03-03 10:52:04"}
{"level":"info","message":"GET /api/tasks 304 - - 81.425 ms","timestamp":"2026-03-03 10:52:04"}
{"level":"info","message":"GET /api/users 304 - - 131.462 ms","timestamp":"2026-03-03 10:52:05"}
{"level":"info","message":"OPTIONS /api/messages/unread-count 200 0 - 0.135 ms","timestamp":"2026-03-03 10:52:06"}
{"level":"info","message":"OPTIONS /api/messages/unread-count 200 0 - 0.090 ms","timestamp":"2026-03-03 10:52:06"}
{"level":"info","message":"GET /api/messages/unread-count 200 17 - 43.922 ms","timestamp":"2026-03-03 10:52:06"}
{"level":"info","message":"GET /api/messages/unread-count 200 17 - 48.261 ms","timestamp":"2026-03-03 10:52:06"}
{"level":"info","message":"OPTIONS /api/attendance/2026/3 200 0 - 0.080 ms","timestamp":"2026-03-03 10:52:07"}
{"level":"info","message":"GET /api/calls/sip-config 304 - - 21.613 ms","timestamp":"2026-03-03 10:52:07"}
{"level":"info","message":"GET /api/calls/sip-config 304 - - 22.496 ms","timestamp":"2026-03-03 10:52:07"}
{"level":"info","message":"GET /api/attendance/2026/3 304 - - 65.893 ms","timestamp":"2026-03-03 10:52:07"}
{"level":"info","message":"GET /api/tasks 304 - - 72.128 ms","timestamp":"2026-03-03 10:52:07"}
{"level":"info","message":"GET /api/attendance/2026/3 304 - - 64.670 ms","timestamp":"2026-03-03 10:52:07"}
{"level":"info","message":"GET /api/users 200 - - 146.236 ms","timestamp":"2026-03-03 10:52:07"}
{"level":"info","message":"GET /api/tasks 304 - - 97.362 ms","timestamp":"2026-03-03 10:52:07"}
{"level":"info","message":"GET /api/users 304 - - 115.768 ms","timestamp":"2026-03-03 10:52:07"}
{"level":"info","message":"OPTIONS /api/messages/unread-count 200 0 - 0.083 ms","timestamp":"2026-03-03 10:52:32"}
{"level":"info","message":"OPTIONS /api/messages/unread-count 200 0 - 0.072 ms","timestamp":"2026-03-03 10:52:32"}
{"level":"info","message":"GET /api/messages/unread-count 304 - - 46.463 ms","timestamp":"2026-03-03 10:52:32"}
{"level":"info","message":"GET /api/messages/unread-count 304 - - 42.900 ms","timestamp":"2026-03-03 10:52:32"}
{"level":"info","message":"OPTIONS /api/attendance/2026/3 200 0 - 0.092 ms","timestamp":"2026-03-03 10:52:32"}
{"level":"info","message":"OPTIONS /api/calls/sip-config 200 0 - 0.095 ms","timestamp":"2026-03-03 10:52:32"}
{"level":"info","message":"OPTIONS /api/users 200 0 - 0.079 ms","timestamp":"2026-03-03 10:52:32"}
{"level":"info","message":"OPTIONS /api/tasks 200 0 - 0.060 ms","timestamp":"2026-03-03 10:52:32"}
{"level":"info","message":"GET /api/calls/sip-config 304 - - 22.124 ms","timestamp":"2026-03-03 10:52:32"}
{"level":"info","message":"GET /api/calls/sip-config 304 - - 22.058 ms","timestamp":"2026-03-03 10:52:32"}
{"level":"info","message":"GET /api/attendance/2026/3 304 - - 67.091 ms","timestamp":"2026-03-03 10:52:32"}
{"level":"info","message":"GET /api/tasks 304 - - 73.685 ms","timestamp":"2026-03-03 10:52:32"}
{"level":"info","message":"GET /api/attendance/2026/3 304 - - 63.997 ms","timestamp":"2026-03-03 10:52:32"}
{"level":"info","message":"GET /api/tasks 304 - - 78.393 ms","timestamp":"2026-03-03 10:52:32"}
{"level":"info","message":"GET /api/users 200 - - 147.646 ms","timestamp":"2026-03-03 10:52:32"}
{"level":"info","message":"GET /api/users 304 - - 124.722 ms","timestamp":"2026-03-03 10:52:33"}
{"level":"info","message":"OPTIONS /api/calls 200 0 - 0.104 ms","timestamp":"2026-03-03 10:52:43"}
{"level":"info","message":"POST /api/calls 201 197 - 50.498 ms","timestamp":"2026-03-03 10:52:43"}
{"level":"info","message":"OPTIONS /api/attendance/2026/3 200 0 - 0.093 ms","timestamp":"2026-03-03 10:53:03"}
{"level":"info","message":"GET /api/attendance/2026/3 304 - - 62.747 ms","timestamp":"2026-03-03 10:53:03"}
{"level":"info","message":"OPTIONS /api/calls/sip-config 200 0 - 0.078 ms","timestamp":"2026-03-03 10:53:23"}
{"level":"info","message":"GET /api/calls/sip-config 304 - - 21.316 ms","timestamp":"2026-03-03 10:53:23"}
{"level":"info","message":"OPTIONS /api/attendance/2026/3 200 0 - 0.061 ms","timestamp":"2026-03-03 10:53:33"}
{"level":"info","message":"GET /api/attendance/2026/3 304 - - 60.832 ms","timestamp":"2026-03-03 10:53:33"}
{"level":"info","message":"OPTIONS /api/messages/unread-count 200 0 - 0.093 ms","timestamp":"2026-03-03 10:53:50"}
{"level":"info","message":"OPTIONS /api/messages/unread-count 200 0 - 0.074 ms","timestamp":"2026-03-03 10:53:50"}
{"level":"info","message":"GET /api/messages/unread-count 304 - - 42.577 ms","timestamp":"2026-03-03 10:53:50"}
{"level":"info","message":"GET /api/messages/unread-count 304 - - 41.905 ms","timestamp":"2026-03-03 10:53:50"}
{"level":"info","message":"OPTIONS /api/attendance/2026/3 200 0 - 0.054 ms","timestamp":"2026-03-03 10:53:50"}
{"level":"info","message":"OPTIONS /api/calls/sip-config 200 0 - 0.054 ms","timestamp":"2026-03-03 10:53:50"}
{"level":"info","message":"OPTIONS /api/users 200 0 - 0.088 ms","timestamp":"2026-03-03 10:53:50"}
{"level":"info","message":"OPTIONS /api/tasks 200 0 - 0.066 ms","timestamp":"2026-03-03 10:53:50"}
{"level":"info","message":"GET /api/calls/sip-config 304 - - 20.685 ms","timestamp":"2026-03-03 10:53:50"}
{"level":"info","message":"GET /api/calls/sip-config 304 - - 22.537 ms","timestamp":"2026-03-03 10:53:50"}
{"level":"info","message":"GET /api/attendance/2026/3 304 - - 66.542 ms","timestamp":"2026-03-03 10:53:50"}
{"level":"info","message":"GET /api/tasks 304 - - 75.485 ms","timestamp":"2026-03-03 10:53:50"}
{"level":"info","message":"GET /api/users 200 - - 114.341 ms","timestamp":"2026-03-03 10:53:50"}
{"level":"info","message":"GET /api/attendance/2026/3 304 - - 78.871 ms","timestamp":"2026-03-03 10:53:50"}
{"level":"info","message":"GET /api/tasks 304 - - 71.258 ms","timestamp":"2026-03-03 10:53:50"}
{"level":"info","message":"GET /api/users 304 - - 87.927 ms","timestamp":"2026-03-03 10:53:50"}
{"level":"info","message":"GET /api/messages/unread-count 304 - - 50.498 ms","timestamp":"2026-03-03 10:53:52"}
{"level":"info","message":"GET /api/messages/unread-count 304 - - 42.829 ms","timestamp":"2026-03-03 10:53:52"}
{"level":"info","message":"GET /api/calls/sip-config 304 - - 21.617 ms","timestamp":"2026-03-03 10:53:53"}
{"level":"info","message":"GET /api/calls/sip-config 304 - - 21.759 ms","timestamp":"2026-03-03 10:53:53"}
{"level":"info","message":"GET /api/attendance/2026/3 304 - - 62.873 ms","timestamp":"2026-03-03 10:53:53"}
{"level":"info","message":"GET /api/tasks 304 - - 75.265 ms","timestamp":"2026-03-03 10:53:53"}
{"level":"info","message":"GET /api/users 200 - - 117.909 ms","timestamp":"2026-03-03 10:53:53"}
{"level":"info","message":"GET /api/attendance/2026/3 304 - - 75.588 ms","timestamp":"2026-03-03 10:53:53"}
{"level":"info","message":"GET /api/tasks 304 - - 65.545 ms","timestamp":"2026-03-03 10:53:53"}
{"level":"info","message":"GET /api/users 304 - - 115.498 ms","timestamp":"2026-03-03 10:53:53"}
{"level":"info","message":"OPTIONS /api/calls 200 0 - 0.101 ms","timestamp":"2026-03-03 10:54:00"}
{"level":"info","message":"POST /api/calls 201 197 - 43.747 ms","timestamp":"2026-03-03 10:54:00"}
{"level":"info","message":"OPTIONS /api/attendance/2026/3 200 0 - 0.195 ms","timestamp":"2026-03-03 10:54:23"}
{"level":"info","message":"GET /api/attendance/2026/3 304 - - 80.140 ms","timestamp":"2026-03-03 10:54:23"}
{"level":"info","message":"OPTIONS /api/calls/69a670702b625f23aed9602a 200 0 - 0.111 ms","timestamp":"2026-03-03 10:54:28"}
{"level":"info","message":"PATCH /api/calls/69a670702b625f23aed9602a 200 198 - 47.146 ms","timestamp":"2026-03-03 10:54:28"}
{"level":"info","message":"OPTIONS /api/attendance/2026/3 200 0 - 0.068 ms","timestamp":"2026-03-03 10:54:53"}
{"level":"info","message":"GET /api/attendance/2026/3 304 - - 60.000 ms","timestamp":"2026-03-03 10:54:53"}
{"level":"info","message":"OPTIONS /api/attendance/2026/3 200 0 - 0.102 ms","timestamp":"2026-03-03 10:55:23"}
{"level":"info","message":"GET /api/attendance/2026/3 304 - - 62.251 ms","timestamp":"2026-03-03 10:55:23"}
{"level":"info","message":"OPTIONS /api/attendance/2026/3 200 0 - 0.197 ms","timestamp":"2026-03-03 10:55:53"}
{"level":"info","message":"GET /api/attendance/2026/3 304 - - 75.287 ms","timestamp":"2026-03-03 10:55:53"}
{"level":"info","message":"OPTIONS /api/attendance/2026/3 200 0 - 0.203 ms","timestamp":"2026-03-03 10:56:23"}
{"level":"info","message":"GET /api/attendance/2026/3 304 - - 75.218 ms","timestamp":"2026-03-03 10:56:23"}
{"level":"info","message":"OPTIONS /api/attendance/2026/3 200 0 - 0.157 ms","timestamp":"2026-03-03 10:56:53"}
{"level":"info","message":"GET /api/attendance/2026/3 304 - - 68.185 ms","timestamp":"2026-03-03 10:56:53"}
{"level":"info","message":"OPTIONS /api/attendance/2026/3 200 0 - 0.085 ms","timestamp":"2026-03-03 10:57:54"}
{"level":"info","message":"GET /api/attendance/2026/3 304 - - 61.630 ms","timestamp":"2026-03-03 10:57:54"}
{"level":"info","message":"OPTIONS /api/attendance/2026/3 200 0 - 0.163 ms","timestamp":"2026-03-03 10:58:55"}
{"level":"info","message":"GET /api/attendance/2026/3 304 - - 70.674 ms","timestamp":"2026-03-03 10:58:55"}
{"level":"info","message":"OPTIONS /api/attendance/2026/3 200 0 - 0.164 ms","timestamp":"2026-03-03 10:59:56"}
{"level":"info","message":"GET /api/attendance/2026/3 304 - - 71.891 ms","timestamp":"2026-03-03 10:59:56"}
{"level":"info","message":"OPTIONS /api/attendance/2026/3 200 0 - 0.161 ms","timestamp":"2026-03-03 11:00:57"}
{"level":"info","message":"GET /api/attendance/2026/3 304 - - 66.802 ms","timestamp":"2026-03-03 11:00:57"}
{"level":"info","message":"OPTIONS /api/attendance/2026/3 200 0 - 0.095 ms","timestamp":"2026-03-03 11:01:58"}
{"level":"info","message":"GET /api/attendance/2026/3 304 - - 64.338 ms","timestamp":"2026-03-03 11:01:58"}
{"level":"info","message":"OPTIONS /api/attendance/2026/3 200 0 - 0.072 ms","timestamp":"2026-03-03 11:02:51"}
{"level":"info","message":"GET /api/attendance/2026/3 304 - - 74.583 ms","timestamp":"2026-03-03 11:02:51"}
{"level":"info","message":"GET /api/attendance/2026/3 304 - - 63.662 ms","timestamp":"2026-03-03 11:02:53"}
{"level":"info","message":"OPTIONS /api/attendance/2026/3 200 0 - 0.078 ms","timestamp":"2026-03-03 11:03:23"}
{"level":"info","message":"GET /api/attendance/2026/3 304 - - 83.481 ms","timestamp":"2026-03-03 11:03:23"}
{"level":"info","message":"OPTIONS /api/attendance/2026/3 200 0 - 0.069 ms","timestamp":"2026-03-03 11:04:06"}
{"level":"info","message":"GET /api/attendance/2026/3 304 - - 60.741 ms","timestamp":"2026-03-03 11:04:06"}
{"level":"info","message":"OPTIONS /api/calls/sip-config 200 0 - 0.083 ms","timestamp":"2026-03-03 11:04:20"}
{"level":"info","message":"GET /api/calls/sip-config 304 - - 23.903 ms","timestamp":"2026-03-03 11:04:20"}
{"level":"info","message":"GET /api/calls/sip-config 304 - - 22.554 ms","timestamp":"2026-03-03 11:04:22"}
{"level":"info","message":"OPTIONS /api/attendance/2026/3 200 0 - 0.091 ms","timestamp":"2026-03-03 11:04:42"}
{"level":"info","message":"OPTIONS /api/calls/sip-config 200 0 - 0.051 ms","timestamp":"2026-03-03 11:04:42"}
{"level":"info","message":"OPTIONS /api/users 200 0 - 0.044 ms","timestamp":"2026-03-03 11:04:42"}
{"level":"info","message":"OPTIONS /api/tasks 200 0 - 0.065 ms","timestamp":"2026-03-03 11:04:42"}
{"level":"info","message":"GET /api/calls/sip-config 304 - - 21.106 ms","timestamp":"2026-03-03 11:04:42"}
{"level":"info","message":"GET /api/attendance/2026/3 304 - - 60.542 ms","timestamp":"2026-03-03 11:04:42"}
{"level":"info","message":"GET /api/tasks 304 - - 72.730 ms","timestamp":"2026-03-03 11:04:42"}
{"level":"info","message":"GET /api/users 200 - - 118.103 ms","timestamp":"2026-03-03 11:04:42"}
{"level":"info","message":"OPTIONS /api/attendance/2026/3 200 0 - 0.280 ms","timestamp":"2026-03-03 11:05:13"}
{"level":"info","message":"GET /api/attendance/2026/3 304 - - 78.628 ms","timestamp":"2026-03-03 11:05:13"}
{"level":"info","message":"OPTIONS /api/attendance/2026/3 200 0 - 0.181 ms","timestamp":"2026-03-03 11:05:43"}
{"level":"info","message":"GET /api/attendance/2026/3 304 - - 74.027 ms","timestamp":"2026-03-03 11:05:43"}
{"level":"info","message":"OPTIONS /api/attendance/2026/3 200 0 - 0.173 ms","timestamp":"2026-03-03 11:06:13"}
{"level":"info","message":"GET /api/attendance/2026/3 304 - - 81.307 ms","timestamp":"2026-03-03 11:06:13"}
{"level":"info","message":"OPTIONS /api/attendance/2026/3 200 0 - 0.170 ms","timestamp":"2026-03-03 11:06:43"}
{"level":"info","message":"GET /api/attendance/2026/3 304 - - 70.705 ms","timestamp":"2026-03-03 11:06:43"}
{"level":"info","message":"OPTIONS /api/attendance/2026/3 200 0 - 0.163 ms","timestamp":"2026-03-03 11:07:13"}
{"level":"info","message":"GET /api/attendance/2026/3 304 - - 64.148 ms","timestamp":"2026-03-03 11:07:13"}
{"level":"info","message":"OPTIONS /api/messages/unread-count 200 0 - 0.091 ms","timestamp":"2026-03-03 11:07:25"}
{"level":"info","message":"OPTIONS /api/messages/unread-count 200 0 - 0.070 ms","timestamp":"2026-03-03 11:07:25"}
{"level":"info","message":"GET /api/messages/unread-count 304 - - 45.197 ms","timestamp":"2026-03-03 11:07:25"}
{"level":"info","message":"GET /api/messages/unread-count 304 - - 42.638 ms","timestamp":"2026-03-03 11:07:25"}
{"level":"info","message":"OPTIONS /api/attendance/2026/3 200 0 - 0.096 ms","timestamp":"2026-03-03 11:07:26"}
{"level":"info","message":"OPTIONS /api/calls/sip-config 200 0 - 0.082 ms","timestamp":"2026-03-03 11:07:26"}
{"level":"info","message":"OPTIONS /api/users 200 0 - 0.062 ms","timestamp":"2026-03-03 11:07:26"}
{"level":"info","message":"OPTIONS /api/tasks 200 0 - 0.058 ms","timestamp":"2026-03-03 11:07:26"}
{"level":"info","message":"GET /api/calls/sip-config 304 - - 21.248 ms","timestamp":"2026-03-03 11:07:26"}
{"level":"info","message":"GET /api/calls/sip-config 304 - - 23.489 ms","timestamp":"2026-03-03 11:07:26"}
{"level":"info","message":"GET /api/attendance/2026/3 304 - - 69.243 ms","timestamp":"2026-03-03 11:07:26"}
{"level":"info","message":"GET /api/tasks 304 - - 76.642 ms","timestamp":"2026-03-03 11:07:26"}
{"level":"info","message":"GET /api/users 200 - - 113.964 ms","timestamp":"2026-03-03 11:07:26"}
{"level":"info","message":"GET /api/attendance/2026/3 304 - - 67.371 ms","timestamp":"2026-03-03 11:07:26"}
{"level":"info","message":"GET /api/tasks 304 - - 71.536 ms","timestamp":"2026-03-03 11:07:26"}
{"level":"info","message":"GET /api/users 304 - - 96.577 ms","timestamp":"2026-03-03 11:07:26"}
{"level":"info","message":"OPTIONS /api/messages/unread-count 200 0 - 0.089 ms","timestamp":"2026-03-03 11:07:29"}
{"level":"info","message":"OPTIONS /api/messages/unread-count 200 0 - 0.058 ms","timestamp":"2026-03-03 11:07:29"}
{"level":"info","message":"GET /api/messages/unread-count 200 17 - 42.818 ms","timestamp":"2026-03-03 11:07:29"}
{"level":"info","message":"GET /api/messages/unread-count 200 17 - 43.635 ms","timestamp":"2026-03-03 11:07:29"}
{"level":"info","message":"GET /api/calls/sip-config 304 - - 21.921 ms","timestamp":"2026-03-03 11:07:29"}
{"level":"info","message":"GET /api/calls/sip-config 304 - - 25.444 ms","timestamp":"2026-03-03 11:07:29"}
{"level":"info","message":"GET /api/attendance/2026/3 304 - - 63.774 ms","timestamp":"2026-03-03 11:07:29"}
{"level":"info","message":"GET /api/tasks 304 - - 68.110 ms","timestamp":"2026-03-03 11:07:29"}
{"level":"info","message":"GET /api/users 200 - - 118.394 ms","timestamp":"2026-03-03 11:07:29"}
{"level":"info","message":"GET /api/attendance/2026/3 304 - - 67.017 ms","timestamp":"2026-03-03 11:07:29"}
{"level":"info","message":"GET /api/tasks 304 - - 80.016 ms","timestamp":"2026-03-03 11:07:29"}
{"level":"info","message":"GET /api/users 304 - - 127.096 ms","timestamp":"2026-03-03 11:07:29"}
{"level":"info","message":"OPTIONS /api/calls 200 0 - 0.074 ms","timestamp":"2026-03-03 11:07:40"}
{"level":"info","message":"POST /api/calls 201 197 - 47.083 ms","timestamp":"2026-03-03 11:07:41"}
{"level":"info","message":"OPTIONS /api/attendance/2026/3 200 0 - 0.087 ms","timestamp":"2026-03-03 11:07:59"}
{"level":"info","message":"GET /api/attendance/2026/3 304 - - 63.429 ms","timestamp":"2026-03-03 11:07:59"}
{"level":"info","message":"OPTIONS /api/attendance/2026/3 200 0 - 0.194 ms","timestamp":"2026-03-03 11:08:29"}
{"level":"info","message":"GET /api/attendance/2026/3 304 - - 61.291 ms","timestamp":"2026-03-03 11:08:29"}
{"level":"info","message":"OPTIONS /api/calls/69a673a42b625f23aed960ce 200 0 - 0.073 ms","timestamp":"2026-03-03 11:08:39"}
{"level":"info","message":"PATCH /api/calls/69a673a42b625f23aed960ce 200 198 - 43.362 ms","timestamp":"2026-03-03 11:08:39"}
{"level":"info","message":"OPTIONS /api/attendance/2026/3 200 0 - 0.168 ms","timestamp":"2026-03-03 11:08:59"}
{"level":"info","message":"GET /api/attendance/2026/3 304 - - 70.829 ms","timestamp":"2026-03-03 11:08:59"}
{"level":"info","message":"OPTIONS /api/attendance/2026/3 200 0 - 0.048 ms","timestamp":"2026-03-03 11:09:30"}
{"level":"info","message":"GET /api/attendance/2026/3 304 - - 61.301 ms","timestamp":"2026-03-03 11:09:30"}
{"level":"info","message":"OPTIONS /api/attendance/2026/3 200 0 - 0.071 ms","timestamp":"2026-03-03 11:10:00"}
{"level":"info","message":"GET /api/attendance/2026/3 304 - - 66.785 ms","timestamp":"2026-03-03 11:10:00"}
{"level":"info","message":"OPTIONS /api/attendance/2026/3 200 0 - 0.051 ms","timestamp":"2026-03-03 11:10:30"}
{"level":"info","message":"GET /api/attendance/2026/3 304 - - 60.874 ms","timestamp":"2026-03-03 11:10:30"}
{"level":"info","message":"OPTIONS /api/calls/sip-config 200 0 - 0.053 ms","timestamp":"2026-03-03 11:10:57"}
{"level":"info","message":"GET /api/calls/sip-config 304 - - 21.197 ms","timestamp":"2026-03-03 11:10:57"}
{"level":"info","message":"OPTIONS /api/attendance/2026/3 200 0 - 0.090 ms","timestamp":"2026-03-03 11:11:06"}
{"level":"info","message":"GET /api/attendance/2026/3 304 - - 60.503 ms","timestamp":"2026-03-03 11:11:06"}
{"level":"info","message":"OPTIONS /api/attendance/2026/3 200 0 - 0.135 ms","timestamp":"2026-03-03 11:11:54"}
{"level":"info","message":"GET /api/attendance/2026/3 304 - - 81.228 ms","timestamp":"2026-03-03 11:11:54"}
{"level":"info","message":"OPTIONS /api/attendance/2026/3 200 0 - 0.080 ms","timestamp":"2026-03-03 11:11:59"}
{"level":"info","message":"GET /api/attendance/2026/3 304 - - 61.178 ms","timestamp":"2026-03-03 11:11:59"}
{"level":"info","message":"OPTIONS /api/attendance/2026/3 200 0 - 0.160 ms","timestamp":"2026-03-03 11:12:30"}
{"level":"info","message":"GET /api/attendance/2026/3 304 - - 62.705 ms","timestamp":"2026-03-03 11:12:30"}
{"level":"info","message":"OPTIONS /api/attendance/2026/3 200 0 - 0.172 ms","timestamp":"2026-03-03 11:12:59"}
{"level":"info","message":"GET /api/attendance/2026/3 304 - - 71.194 ms","timestamp":"2026-03-03 11:12:59"}
{"level":"info","message":"OPTIONS /api/messages/unread-count 200 0 - 0.108 ms","timestamp":"2026-03-03 11:13:12"}
{"level":"info","message":"OPTIONS /api/messages/unread-count 200 0 - 0.111 ms","timestamp":"2026-03-03 11:13:12"}
{"level":"info","message":"GET /api/messages/unread-count 304 - - 56.588 ms","timestamp":"2026-03-03 11:13:12"}
{"level":"info","message":"GET /api/messages/unread-count 304 - - 44.530 ms","timestamp":"2026-03-03 11:13:12"}
{"level":"info","message":"OPTIONS /api/attendance/2026/3 200 0 - 0.132 ms","timestamp":"2026-03-03 11:13:13"}
{"level":"info","message":"OPTIONS /api/calls/sip-config 200 0 - 0.081 ms","timestamp":"2026-03-03 11:13:13"}
{"level":"info","message":"OPTIONS /api/users 200 0 - 0.094 ms","timestamp":"2026-03-03 11:13:13"}
{"level":"info","message":"OPTIONS /api/tasks 200 0 - 0.065 ms","timestamp":"2026-03-03 11:13:13"}
{"level":"info","message":"OPTIONS /api/tasks 200 0 - 0.204 ms","timestamp":"2026-03-03 11:13:13"}
{"level":"info","message":"GET /api/calls/sip-config 304 - - 22.159 ms","timestamp":"2026-03-03 11:13:13"}
{"level":"info","message":"GET /api/calls/sip-config 304 - - 21.342 ms","timestamp":"2026-03-03 11:13:13"}
{"level":"info","message":"GET /api/attendance/2026/3 304 - - 70.113 ms","timestamp":"2026-03-03 11:13:13"}
{"level":"info","message":"GET /api/tasks 304 - - 74.300 ms","timestamp":"2026-03-03 11:13:13"}
{"level":"info","message":"GET /api/users 200 - - 115.570 ms","timestamp":"2026-03-03 11:13:13"}
{"level":"info","message":"GET /api/attendance/2026/3 304 - - 79.107 ms","timestamp":"2026-03-03 11:13:13"}
{"level":"info","message":"GET /api/tasks 304 - - 80.563 ms","timestamp":"2026-03-03 11:13:13"}
{"level":"info","message":"GET /api/users 304 - - 83.398 ms","timestamp":"2026-03-03 11:13:13"}
{"level":"info","message":"OPTIONS /api/calls 200 0 - 0.105 ms","timestamp":"2026-03-03 11:13:21"}
{"level":"info","message":"POST /api/calls 201 197 - 44.141 ms","timestamp":"2026-03-03 11:13:21"}
{"level":"info","message":"OPTIONS /api/attendance/2026/3 200 0 - 0.073 ms","timestamp":"2026-03-03 11:13:42"}
{"level":"info","message":"GET /api/attendance/2026/3 304 - - 61.114 ms","timestamp":"2026-03-03 11:13:43"}
{"level":"info","message":"OPTIONS /api/attendance/2026/3 200 0 - 0.106 ms","timestamp":"2026-03-03 11:14:12"}
{"level":"info","message":"GET /api/attendance/2026/3 304 - - 64.453 ms","timestamp":"2026-03-03 11:14:13"}
{"level":"info","message":"OPTIONS /api/calls/69a674f92b625f23aed9611d 200 0 - 0.180 ms","timestamp":"2026-03-03 11:14:27"}
{"level":"info","message":"PATCH /api/calls/69a674f92b625f23aed9611d 200 198 - 43.960 ms","timestamp":"2026-03-03 11:14:27"}
{"level":"info","message":"OPTIONS /api/attendance/2026/3 200 0 - 0.173 ms","timestamp":"2026-03-03 11:14:42"}
{"level":"info","message":"GET /api/attendance/2026/3 304 - - 69.411 ms","timestamp":"2026-03-03 11:14:43"}
{"level":"info","message":"OPTIONS /api/attendance/2026/3 200 0 - 0.094 ms","timestamp":"2026-03-03 11:15:13"}
{"level":"info","message":"GET /api/attendance/2026/3 304 - - 67.334 ms","timestamp":"2026-03-03 11:15:13"}
{"level":"info","message":"OPTIONS /api/attendance/2026/3 200 0 - 0.131 ms","timestamp":"2026-03-03 11:15:43"}
{"level":"info","message":"GET /api/attendance/2026/3 304 - - 64.762 ms","timestamp":"2026-03-03 11:15:43"}
{"level":"info","message":"OPTIONS /api/attendance/2026/3 200 0 - 0.080 ms","timestamp":"2026-03-03 11:16:13"}
{"level":"info","message":"GET /api/attendance/2026/3 304 - - 61.188 ms","timestamp":"2026-03-03 11:16:13"}
{"level":"info","message":"OPTIONS /api/attendance/2026/3 200 0 - 0.073 ms","timestamp":"2026-03-03 11:17:06"}
{"level":"info","message":"GET /api/attendance/2026/3 304 - - 60.338 ms","timestamp":"2026-03-03 11:17:06"}
{"level":"info","message":"OPTIONS /api/attendance/2026/3 200 0 - 0.113 ms","timestamp":"2026-03-03 11:18:06"}
{"level":"info","message":"GET /api/attendance/2026/3 304 - - 76.548 ms","timestamp":"2026-03-03 11:18:06"}
{"level":"info","message":"OPTIONS /api/attendance/2026/3 200 0 - 0.088 ms","timestamp":"2026-03-03 11:19:06"}
{"level":"info","message":"GET /api/attendance/2026/3 304 - - 61.282 ms","timestamp":"2026-03-03 11:19:06"}
{"level":"info","message":"OPTIONS /api/attendance/2026/3 200 0 - 0.060 ms","timestamp":"2026-03-03 11:20:06"}
{"level":"info","message":"GET /api/attendance/2026/3 304 - - 60.721 ms","timestamp":"2026-03-03 11:20:06"}
{"level":"info","message":"OPTIONS /api/calls/sip-config 200 0 - 0.081 ms","timestamp":"2026-03-03 11:20:35"}
{"level":"info","message":"GET /api/calls/sip-config 304 - - 20.862 ms","timestamp":"2026-03-03 11:20:35"}
{"level":"info","message":"OPTIONS /api/calls/sip-config 200 0 - 0.056 ms","timestamp":"2026-03-03 11:20:44"}
{"level":"info","message":"GET /api/calls/sip-config 304 - - 20.828 ms","timestamp":"2026-03-03 11:20:44"}
{"level":"info","message":"OPTIONS /api/attendance/2026/3 200 0 - 0.061 ms","timestamp":"2026-03-03 11:21:06"}
{"level":"info","message":"GET /api/attendance/2026/3 304 - - 61.625 ms","timestamp":"2026-03-03 11:21:06"}
{"level":"info","message":"OPTIONS /api/attendance/2026/3 200 0 - 0.069 ms","timestamp":"2026-03-03 11:22:06"}
{"level":"info","message":"GET /api/attendance/2026/3 304 - - 62.270 ms","timestamp":"2026-03-03 11:22:06"}
{"level":"info","message":"OPTIONS /api/attendance/2026/3 200 0 - 0.048 ms","timestamp":"2026-03-03 11:23:06"}
{"level":"info","message":"GET /api/attendance/2026/3 304 - - 60.366 ms","timestamp":"2026-03-03 11:23:06"}
{"level":"info","message":"OPTIONS /api/attendance/2026/3 200 0 - 0.060 ms","timestamp":"2026-03-03 11:24:06"}
{"level":"info","message":"GET /api/attendance/2026/3 304 - - 61.115 ms","timestamp":"2026-03-03 11:24:06"}
{"level":"info","message":"OPTIONS /api/attendance/2026/3 200 0 - 0.071 ms","timestamp":"2026-03-03 11:25:06"}
{"level":"info","message":"GET /api/attendance/2026/3 304 - - 60.714 ms","timestamp":"2026-03-03 11:25:06"}
{"level":"info","message":"OPTIONS /api/attendance/2026/3 200 0 - 0.090 ms","timestamp":"2026-03-03 11:25:25"}
{"level":"info","message":"GET /api/attendance/2026/3 304 - - 63.049 ms","timestamp":"2026-03-03 11:25:25"}
{"level":"info","message":"OPTIONS /api/messages/unread-count 200 0 - 0.173 ms","timestamp":"2026-03-03 11:25:26"}
{"level":"info","message":"OPTIONS /api/messages/unread-count 200 0 - 0.091 ms","timestamp":"2026-03-03 11:25:26"}
{"level":"info","message":"GET /api/messages/unread-count 304 - - 43.720 ms","timestamp":"2026-03-03 11:25:26"}
{"level":"info","message":"GET /api/messages/unread-count 304 - - 43.714 ms","timestamp":"2026-03-03 11:25:26"}
{"level":"info","message":"OPTIONS /api/calls/sip-config 200 0 - 0.099 ms","timestamp":"2026-03-03 11:25:27"}
{"level":"info","message":"OPTIONS /api/users 200 0 - 0.080 ms","timestamp":"2026-03-03 11:25:27"}
{"level":"info","message":"OPTIONS /api/tasks 200 0 - 0.046 ms","timestamp":"2026-03-03 11:25:27"}
{"level":"info","message":"OPTIONS /api/tasks 200 0 - 0.061 ms","timestamp":"2026-03-03 11:25:27"}
{"level":"info","message":"GET /api/calls/sip-config 304 - - 20.853 ms","timestamp":"2026-03-03 11:25:27"}
{"level":"info","message":"GET /api/calls/sip-config 304 - - 35.202 ms","timestamp":"2026-03-03 11:25:27"}
{"level":"info","message":"GET /api/attendance/2026/3 304 - - 63.266 ms","timestamp":"2026-03-03 11:25:27"}
{"level":"info","message":"GET /api/tasks 304 - - 83.055 ms","timestamp":"2026-03-03 11:25:27"}
{"level":"info","message":"GET /api/users 200 - - 140.095 ms","timestamp":"2026-03-03 11:25:27"}
{"level":"info","message":"GET /api/attendance/2026/3 304 - - 86.399 ms","timestamp":"2026-03-03 11:25:27"}
{"level":"info","message":"GET /api/tasks 304 - - 83.347 ms","timestamp":"2026-03-03 11:25:27"}
{"level":"info","message":"GET /api/users 304 - - 108.006 ms","timestamp":"2026-03-03 11:25:27"}
{"level":"info","message":"GET /api/messages/unread-count 304 - - 42.945 ms","timestamp":"2026-03-03 11:25:28"}
{"level":"info","message":"GET /api/messages/unread-count 304 - - 43.840 ms","timestamp":"2026-03-03 11:25:28"}
{"level":"info","message":"GET /api/messages/unread-count 304 - - 45.947 ms","timestamp":"2026-03-03 11:25:29"}
{"level":"info","message":"GET /api/messages/unread-count 304 - - 42.414 ms","timestamp":"2026-03-03 11:25:29"}
{"level":"info","message":"GET /api/calls/sip-config 304 - - 21.744 ms","timestamp":"2026-03-03 11:25:29"}
{"level":"info","message":"GET /api/calls/sip-config 304 - - 25.520 ms","timestamp":"2026-03-03 11:25:29"}
{"level":"info","message":"GET /api/attendance/2026/3 304 - - 61.887 ms","timestamp":"2026-03-03 11:25:29"}
{"level":"info","message":"GET /api/tasks 304 - - 66.929 ms","timestamp":"2026-03-03 11:25:29"}
{"level":"info","message":"GET /api/users 200 - - 120.317 ms","timestamp":"2026-03-03 11:25:29"}
{"level":"info","message":"GET /api/attendance/2026/3 304 - - 67.289 ms","timestamp":"2026-03-03 11:25:29"}
{"level":"info","message":"GET /api/tasks 304 - - 67.300 ms","timestamp":"2026-03-03 11:25:29"}
{"level":"info","message":"GET /api/users 304 - - 80.538 ms","timestamp":"2026-03-03 11:25:29"}
{"level":"info","message":"OPTIONS /api/messages/unread-count 200 0 - 0.111 ms","timestamp":"2026-03-03 11:25:31"}
{"level":"info","message":"OPTIONS /api/messages/unread-count 200 0 - 0.143 ms","timestamp":"2026-03-03 11:25:31"}
{"level":"info","message":"GET /api/messages/unread-count 304 - - 49.844 ms","timestamp":"2026-03-03 11:25:31"}
{"level":"info","message":"GET /api/messages/unread-count 304 - - 46.655 ms","timestamp":"2026-03-03 11:25:32"}
{"level":"info","message":"OPTIONS /api/attendance/2026/3 200 0 - 0.092 ms","timestamp":"2026-03-03 11:25:32"}
{"level":"info","message":"OPTIONS /api/calls/sip-config 200 0 - 0.061 ms","timestamp":"2026-03-03 11:25:32"}
{"level":"info","message":"OPTIONS /api/users 200 0 - 0.068 ms","timestamp":"2026-03-03 11:25:32"}
{"level":"info","message":"OPTIONS /api/tasks 200 0 - 0.078 ms","timestamp":"2026-03-03 11:25:32"}
{"level":"info","message":"GET /api/calls/sip-config 304 - - 20.751 ms","timestamp":"2026-03-03 11:25:32"}
{"level":"info","message":"GET /api/calls/sip-config 304 - - 20.850 ms","timestamp":"2026-03-03 11:25:32"}
{"level":"info","message":"GET /api/attendance/2026/3 304 - - 75.353 ms","timestamp":"2026-03-03 11:25:32"}
{"level":"info","message":"GET /api/tasks 304 - - 76.191 ms","timestamp":"2026-03-03 11:25:32"}
{"level":"info","message":"GET /api/users 200 - - 109.590 ms","timestamp":"2026-03-03 11:25:32"}
{"level":"info","message":"GET /api/attendance/2026/3 304 - - 67.319 ms","timestamp":"2026-03-03 11:25:32"}
{"level":"info","message":"GET /api/tasks 304 - - 69.793 ms","timestamp":"2026-03-03 11:25:32"}
{"level":"info","message":"GET /api/users 304 - - 91.550 ms","timestamp":"2026-03-03 11:25:32"}
{"level":"info","message":"OPTIONS /api/calls 200 0 - 0.067 ms","timestamp":"2026-03-03 11:25:53"}
{"level":"info","message":"POST /api/calls 201 197 - 46.479 ms","timestamp":"2026-03-03 11:25:53"}
{"level":"info","message":"OPTIONS /api/attendance/2026/3 200 0 - 0.051 ms","timestamp":"2026-03-03 11:26:02"}
{"level":"info","message":"GET /api/attendance/2026/3 304 - - 62.366 ms","timestamp":"2026-03-03 11:26:02"}
{"level":"info","message":"OPTIONS /api/attendance/2026/3 200 0 - 0.067 ms","timestamp":"2026-03-03 11:26:32"}
{"level":"info","message":"GET /api/attendance/2026/3 304 - - 61.187 ms","timestamp":"2026-03-03 11:26:32"}
{"level":"info","message":"OPTIONS /api/calls/69a677e92b625f23aed961cf 200 0 - 0.050 ms","timestamp":"2026-03-03 11:26:42"}
{"level":"info","message":"PATCH /api/calls/69a677e92b625f23aed961cf 200 198 - 42.635 ms","timestamp":"2026-03-03 11:26:42"}
{"level":"info","message":"OPTIONS /api/attendance/2026/3 200 0 - 0.047 ms","timestamp":"2026-03-03 11:27:02"}
{"level":"info","message":"GET /api/attendance/2026/3 304 - - 60.674 ms","timestamp":"2026-03-03 11:27:02"}
{"level":"info","message":"OPTIONS /api/calls/sip-config 200 0 - 0.057 ms","timestamp":"2026-03-03 11:27:32"}
{"level":"info","message":"OPTIONS /api/attendance/2026/3 200 0 - 0.053 ms","timestamp":"2026-03-03 11:27:32"}
{"level":"info","message":"GET /api/calls/sip-config 304 - - 20.726 ms","timestamp":"2026-03-03 11:27:32"}
{"level":"info","message":"GET /api/attendance/2026/3 304 - - 91.209 ms","timestamp":"2026-03-03 11:27:32"}
{"level":"info","message":"OPTIONS /api/calls/sip-config 200 0 - 0.060 ms","timestamp":"2026-03-03 11:27:51"}
{"level":"info","message":"GET /api/calls/sip-config 304 - - 21.418 ms","timestamp":"2026-03-03 11:27:51"}
{"level":"info","message":"OPTIONS /api/attendance/2026/3 200 0 - 0.080 ms","timestamp":"2026-03-03 11:28:02"}
{"level":"info","message":"GET /api/attendance/2026/3 304 - - 63.059 ms","timestamp":"2026-03-03 11:28:02"}
{"level":"info","message":"OPTIONS /api/attendance/2026/3 200 0 - 0.121 ms","timestamp":"2026-03-03 11:28:33"}
{"level":"info","message":"GET /api/attendance/2026/3 304 - - 67.478 ms","timestamp":"2026-03-03 11:28:33"}
{"level":"info","message":"OPTIONS /api/attendance/2026/3 200 0 - 0.098 ms","timestamp":"2026-03-03 11:29:06"}
{"level":"info","message":"GET /api/attendance/2026/3 304 - - 64.124 ms","timestamp":"2026-03-03 11:29:06"}
{"level":"info","message":"OPTIONS /api/attendance/2026/3 200 0 - 0.084 ms","timestamp":"2026-03-03 11:30:06"}
{"level":"info","message":"GET /api/attendance/2026/3 304 - - 65.579 ms","timestamp":"2026-03-03 11:30:06"}
{"level":"info","message":"OPTIONS /api/attendance/2026/3 200 0 - 0.084 ms","timestamp":"2026-03-03 11:31:06"}
{"level":"info","message":"GET /api/attendance/2026/3 304 - - 65.439 ms","timestamp":"2026-03-03 11:31:06"}
{"level":"info","message":"🚀 Server running on http://localhost:5000","timestamp":"2026-03-03 11:31:26"}
{"level":"info","message":"📡 Socket.IO server ready for connections","timestamp":"2026-03-03 11:31:26"}
{"level":"info","message":"✅ Redis Clients (Pub/Sub) Connected and Ready","timestamp":"2026-03-03 11:31:26"}
{"level":"info","message":"OPTIONS /api/attendance/2026/3 200 0 - 0.846 ms","timestamp":"2026-03-03 11:32:06"}
{"level":"info","message":"GET /api/attendance/2026/3 304 - - 91.771 ms","timestamp":"2026-03-03 11:32:06"}
{"level":"info","message":"OPTIONS /api/attendance/2026/3 200 0 - 0.212 ms","timestamp":"2026-03-03 11:32:54"}
{"level":"info","message":"GET /api/attendance/2026/3 304 - - 69.942 ms","timestamp":"2026-03-03 11:32:54"}
{"level":"info","message":"OPTIONS /api/messages/unread-count 200 0 - 0.136 ms","timestamp":"2026-03-03 11:32:56"}
{"level":"info","message":"OPTIONS /api/messages/unread-count 200 0 - 0.135 ms","timestamp":"2026-03-03 11:32:56"}
{"level":"info","message":"GET /api/messages/unread-count 304 - - 55.983 ms","timestamp":"2026-03-03 11:32:56"}
{"level":"info","message":"GET /api/messages/unread-count 304 - - 44.969 ms","timestamp":"2026-03-03 11:32:56"}
{"level":"info","message":"OPTIONS /api/calls/sip-config 200 0 - 0.192 ms","timestamp":"2026-03-03 11:32:56"}
{"level":"info","message":"OPTIONS /api/users 200 0 - 0.157 ms","timestamp":"2026-03-03 11:32:56"}
{"level":"info","message":"OPTIONS /api/tasks 200 0 - 0.094 ms","timestamp":"2026-03-03 11:32:56"}
{"level":"info","message":"OPTIONS /api/users 200 0 - 0.120 ms","timestamp":"2026-03-03 11:32:56"}
{"level":"info","message":"OPTIONS /api/tasks 200 0 - 0.134 ms","timestamp":"2026-03-03 11:32:56"}
{"level":"info","message":"GET /api/calls/sip-config 304 - - 31.018 ms","timestamp":"2026-03-03 11:32:56"}
{"level":"info","message":"GET /api/calls/sip-config 304 - - 32.802 ms","timestamp":"2026-03-03 11:32:56"}
{"level":"info","message":"GET /api/attendance/2026/3 304 - - 73.131 ms","timestamp":"2026-03-03 11:32:56"}
{"level":"info","message":"GET /api/users 200 - - 131.270 ms","timestamp":"2026-03-03 11:32:56"}
{"level":"info","message":"GET /api/attendance/2026/3 304 - - 89.909 ms","timestamp":"2026-03-03 11:32:56"}
{"level":"info","message":"GET /api/users 304 - - 83.332 ms","timestamp":"2026-03-03 11:32:56"}
{"level":"info","message":"GET /api/tasks 304 - - 264.699 ms","timestamp":"2026-03-03 11:32:56"}
{"level":"info","message":"GET /api/tasks 304 - - 72.776 ms","timestamp":"2026-03-03 11:32:56"}
{"level":"info","message":"OPTIONS /api/messages/unread-count 200 0 - 0.128 ms","timestamp":"2026-03-03 11:32:57"}
{"level":"info","message":"OPTIONS /api/messages/unread-count 200 0 - 0.128 ms","timestamp":"2026-03-03 11:32:57"}
{"level":"info","message":"GET /api/messages/unread-count 200 17 - 54.403 ms","timestamp":"2026-03-03 11:32:57"}
{"level":"info","message":"GET /api/messages/unread-count 200 17 - 54.089 ms","timestamp":"2026-03-03 11:32:57"}
{"level":"info","message":"OPTIONS /api/messages/unread-count 200 0 - 0.075 ms","timestamp":"2026-03-03 11:32:57"}
{"level":"info","message":"OPTIONS /api/messages/unread-count 200 0 - 0.076 ms","timestamp":"2026-03-03 11:32:57"}
{"level":"info","message":"GET /api/messages/unread-count 200 17 - 43.239 ms","timestamp":"2026-03-03 11:32:57"}
{"level":"info","message":"GET /api/messages/unread-count 200 17 - 47.678 ms","timestamp":"2026-03-03 11:32:57"}
{"level":"info","message":"GET /api/calls/sip-config 304 - - 25.993 ms","timestamp":"2026-03-03 11:32:58"}
{"level":"info","message":"GET /api/calls/sip-config 304 - - 24.704 ms","timestamp":"2026-03-03 11:32:58"}
{"level":"info","message":"GET /api/attendance/2026/3 304 - - 64.668 ms","timestamp":"2026-03-03 11:32:58"}
{"level":"info","message":"GET /api/tasks 304 - - 73.465 ms","timestamp":"2026-03-03 11:32:58"}
{"level":"info","message":"GET /api/users 200 - - 121.166 ms","timestamp":"2026-03-03 11:32:58"}
{"level":"info","message":"GET /api/attendance/2026/3 304 - - 80.212 ms","timestamp":"2026-03-03 11:32:58"}
{"level":"info","message":"GET /api/tasks 304 - - 92.266 ms","timestamp":"2026-03-03 11:32:58"}
{"level":"info","message":"GET /api/users 304 - - 76.568 ms","timestamp":"2026-03-03 11:32:58"}
{"level":"info","message":"OPTIONS /api/attendance/2026/3 200 0 - 0.231 ms","timestamp":"2026-03-03 11:33:28"}
{"level":"info","message":"GET /api/attendance/2026/3 304 - - 73.247 ms","timestamp":"2026-03-03 11:33:28"}
{"level":"info","message":"OPTIONS /api/calls 200 0 - 0.084 ms","timestamp":"2026-03-03 11:33:39"}
{"level":"info","message":"POST /api/calls 201 197 - 64.317 ms","timestamp":"2026-03-03 11:33:39"}
{"level":"info","message":"OPTIONS /api/attendance/2026/3 200 0 - 0.107 ms","timestamp":"2026-03-03 11:33:58"}
{"level":"info","message":"GET /api/attendance/2026/3 304 - - 74.451 ms","timestamp":"2026-03-03 11:33:58"}
{"level":"info","message":"OPTIONS /api/attendance/2026/3 200 0 - 0.248 ms","timestamp":"2026-03-03 11:34:28"}
{"level":"info","message":"GET /api/attendance/2026/3 304 - - 78.569 ms","timestamp":"2026-03-03 11:34:28"}
{"level":"info","message":"OPTIONS /api/calls/sip-config 200 0 - 0.082 ms","timestamp":"2026-03-03 11:34:46"}
{"level":"info","message":"GET /api/calls/sip-config 304 - - 21.656 ms","timestamp":"2026-03-03 11:34:46"}
{"level":"info","message":"OPTIONS /api/attendance/2026/3 200 0 - 0.076 ms","timestamp":"2026-03-03 11:34:58"}
{"level":"info","message":"GET /api/attendance/2026/3 304 - - 62.160 ms","timestamp":"2026-03-03 11:34:58"}
{"level":"info","message":"OPTIONS /api/calls/sip-config 200 0 - 0.075 ms","timestamp":"2026-03-03 11:35:05"}
{"level":"info","message":"GET /api/calls/sip-config 304 - - 21.445 ms","timestamp":"2026-03-03 11:35:05"}
{"level":"info","message":"OPTIONS /api/attendance/2026/3 200 0 - 0.197 ms","timestamp":"2026-03-03 11:35:28"}
{"level":"info","message":"GET /api/attendance/2026/3 304 - - 77.513 ms","timestamp":"2026-03-03 11:35:28"}
{"level":"info","message":"OPTIONS /api/calls/69a679bbaba071cdfdc4caf8 200 0 - 0.143 ms","timestamp":"2026-03-03 11:35:45"}
{"level":"info","message":"PATCH /api/calls/69a679bbaba071cdfdc4caf8 200 199 - 52.769 ms","timestamp":"2026-03-03 11:35:45"}
{"level":"info","message":"OPTIONS /api/calls/sip-config 200 0 - 0.109 ms","timestamp":"2026-03-03 11:35:52"}
{"level":"info","message":"GET /api/calls/sip-config 304 - - 21.915 ms","timestamp":"2026-03-03 11:35:52"}
{"level":"info","message":"OPTIONS /api/attendance/2026/3 200 0 - 0.158 ms","timestamp":"2026-03-03 11:35:58"}
{"level":"info","message":"GET /api/attendance/2026/3 304 - - 64.534 ms","timestamp":"2026-03-03 11:35:58"}
{"level":"info","message":"OPTIONS /api/calls/sip-config 200 0 - 0.075 ms","timestamp":"2026-03-03 11:36:01"}
{"level":"info","message":"GET /api/calls/sip-config 304 - - 21.905 ms","timestamp":"2026-03-03 11:36:01"}
{"level":"info","message":"OPTIONS /api/attendance/2026/3 200 0 - 0.340 ms","timestamp":"2026-03-03 11:36:28"}
{"level":"info","message":"GET /api/attendance/2026/3 304 - - 67.096 ms","timestamp":"2026-03-03 11:36:28"}
{"level":"info","message":"OPTIONS /api/attendance/2026/3 200 0 - 0.183 ms","timestamp":"2026-03-03 11:36:58"}
{"level":"info","message":"GET /api/attendance/2026/3 304 - - 69.044 ms","timestamp":"2026-03-03 11:36:58"}
{"level":"info","message":"OPTIONS /api/attendance/2026/3 200 0 - 0.060 ms","timestamp":"2026-03-03 11:38:06"}
{"level":"info","message":"GET /api/attendance/2026/3 304 - - 61.072 ms","timestamp":"2026-03-03 11:38:06"}
{"level":"info","message":"OPTIONS /api/attendance/2026/3 200 0 - 0.079 ms","timestamp":"2026-03-03 11:39:04"}
{"level":"info","message":"GET /api/attendance/2026/3 304 - - 73.132 ms","timestamp":"2026-03-03 11:39:04"}
{"level":"info","message":"OPTIONS /api/messages/unread-count 200 0 - 0.073 ms","timestamp":"2026-03-03 11:39:20"}
{"level":"info","message":"OPTIONS /api/messages/unread-count 200 0 - 0.058 ms","timestamp":"2026-03-03 11:39:20"}
{"level":"info","message":"GET /api/messages/unread-count 304 - - 46.328 ms","timestamp":"2026-03-03 11:39:20"}
{"level":"info","message":"GET /api/messages/unread-count 304 - - 42.418 ms","timestamp":"2026-03-03 11:39:20"}
{"level":"info","message":"OPTIONS /api/attendance/2026/3 200 0 - 0.067 ms","timestamp":"2026-03-03 11:39:20"}
{"level":"info","message":"OPTIONS /api/calls/sip-config 200 0 - 0.109 ms","timestamp":"2026-03-03 11:39:20"}
{"level":"info","message":"OPTIONS /api/users 200 0 - 0.145 ms","timestamp":"2026-03-03 11:39:20"}
{"level":"info","message":"OPTIONS /api/tasks 200 0 - 0.115 ms","timestamp":"2026-03-03 11:39:20"}
{"level":"info","message":"GET /api/calls/sip-config 304 - - 24.455 ms","timestamp":"2026-03-03 11:39:20"}
{"level":"info","message":"GET /api/calls/sip-config 304 - - 34.294 ms","timestamp":"2026-03-03 11:39:20"}
{"level":"info","message":"GET /api/attendance/2026/3 304 - - 83.040 ms","timestamp":"2026-03-03 11:39:20"}
{"level":"info","message":"GET /api/tasks 304 - - 89.071 ms","timestamp":"2026-03-03 11:39:20"}
{"level":"info","message":"GET /api/users 200 - - 132.211 ms","timestamp":"2026-03-03 11:39:20"}
{"level":"info","message":"GET /api/attendance/2026/3 304 - - 74.735 ms","timestamp":"2026-03-03 11:39:20"}
{"level":"info","message":"GET /api/tasks 304 - - 72.827 ms","timestamp":"2026-03-03 11:39:20"}
{"level":"info","message":"GET /api/users 304 - - 112.657 ms","timestamp":"2026-03-03 11:39:21"}
{"level":"info","message":"OPTIONS /api/messages/unread-count 200 0 - 0.127 ms","timestamp":"2026-03-03 11:39:45"}
{"level":"info","message":"OPTIONS /api/messages/unread-count 200 0 - 0.065 ms","timestamp":"2026-03-03 11:39:45"}
{"level":"info","message":"GET /api/messages/unread-count 304 - - 44.176 ms","timestamp":"2026-03-03 11:39:45"}
{"level":"info","message":"GET /api/messages/unread-count 304 - - 42.745 ms","timestamp":"2026-03-03 11:39:45"}
{"level":"info","message":"OPTIONS /api/attendance/2026/3 200 0 - 0.071 ms","timestamp":"2026-03-03 11:39:45"}
{"level":"info","message":"OPTIONS /api/calls/sip-config 200 0 - 0.097 ms","timestamp":"2026-03-03 11:39:45"}
{"level":"info","message":"OPTIONS /api/users 200 0 - 0.079 ms","timestamp":"2026-03-03 11:39:45"}
{"level":"info","message":"OPTIONS /api/tasks 200 0 - 0.066 ms","timestamp":"2026-03-03 11:39:45"}
{"level":"info","message":"GET /api/calls/sip-config 304 - - 24.721 ms","timestamp":"2026-03-03 11:39:45"}
{"level":"info","message":"GET /api/calls/sip-config 304 - - 27.347 ms","timestamp":"2026-03-03 11:39:45"}
{"level":"info","message":"GET /api/attendance/2026/3 304 - - 72.265 ms","timestamp":"2026-03-03 11:39:45"}
{"level":"info","message":"GET /api/tasks 304 - - 74.391 ms","timestamp":"2026-03-03 11:39:45"}
{"level":"info","message":"GET /api/users 200 - - 116.038 ms","timestamp":"2026-03-03 11:39:45"}
{"level":"info","message":"GET /api/attendance/2026/3 304 - - 66.503 ms","timestamp":"2026-03-03 11:39:45"}
{"level":"info","message":"GET /api/tasks 304 - - 73.354 ms","timestamp":"2026-03-03 11:39:45"}
{"level":"info","message":"GET /api/users 304 - - 80.813 ms","timestamp":"2026-03-03 11:39:45"}
{"level":"info","message":"OPTIONS /api/messages/unread-count 200 0 - 0.104 ms","timestamp":"2026-03-03 11:39:47"}
{"level":"info","message":"OPTIONS /api/messages/unread-count 200 0 - 0.119 ms","timestamp":"2026-03-03 11:39:47"}
{"level":"info","message":"GET /api/messages/unread-count 200 17 - 79.295 ms","timestamp":"2026-03-03 11:39:47"}
{"level":"info","message":"GET /api/messages/unread-count 200 17 - 79.120 ms","timestamp":"2026-03-03 11:39:47"}
{"level":"info","message":"GET /api/calls/sip-config 304 - - 23.117 ms","timestamp":"2026-03-03 11:39:48"}
{"level":"info","message":"GET /api/calls/sip-config 304 - - 23.898 ms","timestamp":"2026-03-03 11:39:48"}
{"level":"info","message":"GET /api/attendance/2026/3 304 - - 69.181 ms","timestamp":"2026-03-03 11:39:48"}
{"level":"info","message":"GET /api/tasks 304 - - 72.279 ms","timestamp":"2026-03-03 11:39:48"}
{"level":"info","message":"GET /api/users 200 - - 117.399 ms","timestamp":"2026-03-03 11:39:48"}
{"level":"info","message":"GET /api/attendance/2026/3 304 - - 148.366 ms","timestamp":"2026-03-03 11:39:48"}
{"level":"info","message":"GET /api/tasks 304 - - 211.706 ms","timestamp":"2026-03-03 11:39:48"}
{"level":"info","message":"GET /api/users 304 - - 235.667 ms","timestamp":"2026-03-03 11:39:48"}
{"level":"info","message":"GET /api/messages/unread-count 304 - - 54.991 ms","timestamp":"2026-03-03 11:39:49"}
{"level":"info","message":"GET /api/messages/unread-count 304 - - 53.108 ms","timestamp":"2026-03-03 11:39:49"}
{"level":"info","message":"GET /api/calls/sip-config 304 - - 25.998 ms","timestamp":"2026-03-03 11:39:49"}
{"level":"info","message":"GET /api/calls/sip-config 304 - - 24.705 ms","timestamp":"2026-03-03 11:39:49"}
{"level":"info","message":"GET /api/attendance/2026/3 304 - - 73.047 ms","timestamp":"2026-03-03 11:39:49"}
{"level":"info","message":"GET /api/tasks 304 - - 70.904 ms","timestamp":"2026-03-03 11:39:49"}
{"level":"info","message":"GET /api/users 200 - - 119.150 ms","timestamp":"2026-03-03 11:39:49"}
{"level":"info","message":"GET /api/attendance/2026/3 304 - - 75.420 ms","timestamp":"2026-03-03 11:39:49"}
{"level":"info","message":"GET /api/tasks 304 - - 78.166 ms","timestamp":"2026-03-03 11:39:49"}
{"level":"info","message":"GET /api/users 304 - - 132.594 ms","timestamp":"2026-03-03 11:39:50"}
{"level":"info","message":"OPTIONS /api/calls 200 0 - 0.078 ms","timestamp":"2026-03-03 11:40:01"}
{"level":"info","message":"POST /api/calls 201 197 - 45.978 ms","timestamp":"2026-03-03 11:40:01"}
{"level":"info","message":"OPTIONS /api/attendance/2026/3 200 0 - 0.258 ms","timestamp":"2026-03-03 11:40:19"}
{"level":"info","message":"GET /api/attendance/2026/3 304 - - 76.569 ms","timestamp":"2026-03-03 11:40:19"}
{"level":"info","message":"OPTIONS /api/attendance/2026/3 200 0 - 0.058 ms","timestamp":"2026-03-03 11:40:49"}
{"level":"info","message":"GET /api/attendance/2026/3 304 - - 63.950 ms","timestamp":"2026-03-03 11:40:49"}
{"level":"info","message":"OPTIONS /api/calls/69a67b39aba071cdfdc4cbab 200 0 - 0.084 ms","timestamp":"2026-03-03 11:40:59"}
{"level":"info","message":"PATCH /api/calls/69a67b39aba071cdfdc4cbab 200 198 - 43.548 ms","timestamp":"2026-03-03 11:40:59"}
{"level":"info","message":"OPTIONS /api/attendance/2026/3 200 0 - 0.248 ms","timestamp":"2026-03-03 11:41:19"}
{"level":"info","message":"GET /api/attendance/2026/3 304 - - 71.257 ms","timestamp":"2026-03-03 11:41:19"}
{"level":"info","message":"OPTIONS /api/attendance/2026/3 200 0 - 0.058 ms","timestamp":"2026-03-03 11:41:50"}
{"level":"info","message":"GET /api/attendance/2026/3 304 - - 69.019 ms","timestamp":"2026-03-03 11:41:50"}
{"level":"info","message":"OPTIONS /api/attendance/2026/3 200 0 - 0.063 ms","timestamp":"2026-03-03 11:42:20"}
{"level":"info","message":"GET /api/attendance/2026/3 304 - - 98.248 ms","timestamp":"2026-03-03 11:42:20"}
{"level":"info","message":"OPTIONS /api/attendance/2026/3 200 0 - 0.089 ms","timestamp":"2026-03-03 11:43:06"}
{"level":"info","message":"GET /api/attendance/2026/3 304 - - 68.504 ms","timestamp":"2026-03-03 11:43:06"}
{"level":"info","message":"OPTIONS /api/calls/sip-config 200 0 - 0.074 ms","timestamp":"2026-03-03 11:43:11"}
{"level":"info","message":"GET /api/calls/sip-config 304 - - 33.167 ms","timestamp":"2026-03-03 11:43:11"}
{"level":"info","message":"OPTIONS /api/attendance/2026/3 200 0 - 0.049 ms","timestamp":"2026-03-03 11:43:22"}
{"level":"info","message":"GET /api/attendance/2026/3 304 - - 88.147 ms","timestamp":"2026-03-03 11:43:22"}
{"level":"info","message":"OPTIONS /api/attendance/2026/3 200 0 - 0.089 ms","timestamp":"2026-03-03 11:43:50"}
{"level":"info","message":"GET /api/attendance/2026/3 304 - - 65.413 ms","timestamp":"2026-03-03 11:43:50"}
{"level":"info","message":"OPTIONS /api/attendance/2026/3 200 0 - 0.162 ms","timestamp":"2026-03-03 11:44:20"}
{"level":"info","message":"GET /api/attendance/2026/3 304 - - 77.697 ms","timestamp":"2026-03-03 11:44:20"}
{"level":"info","message":"OPTIONS /api/attendance/2026/3 200 0 - 0.058 ms","timestamp":"2026-03-03 11:45:06"}
{"level":"info","message":"GET /api/attendance/2026/3 304 - - 62.734 ms","timestamp":"2026-03-03 11:45:06"}
{"level":"info","message":"OPTIONS /api/attendance/2026/3 200 0 - 0.068 ms","timestamp":"2026-03-03 11:46:06"}
{"level":"info","message":"GET /api/attendance/2026/3 304 - - 62.114 ms","timestamp":"2026-03-03 11:46:06"}
{"level":"info","message":"OPTIONS /api/attendance/2026/3 200 0 - 0.098 ms","timestamp":"2026-03-03 11:46:44"}
{"level":"info","message":"GET /api/attendance/2026/3 304 - - 63.564 ms","timestamp":"2026-03-03 11:46:44"}
{"level":"info","message":"OPTIONS /api/attendance/2026/3 200 0 - 0.155 ms","timestamp":"2026-03-03 11:46:49"}
{"level":"info","message":"GET /api/attendance/2026/3 304 - - 71.466 ms","timestamp":"2026-03-03 11:46:49"}
{"level":"info","message":"OPTIONS /api/messages/unread-count 200 0 - 0.059 ms","timestamp":"2026-03-03 11:47:10"}
{"level":"info","message":"OPTIONS /api/messages/unread-count 200 0 - 0.093 ms","timestamp":"2026-03-03 11:47:10"}
{"level":"info","message":"GET /api/messages/unread-count 304 - - 50.232 ms","timestamp":"2026-03-03 11:47:10"}
{"level":"info","message":"GET /api/messages/unread-count 304 - - 44.555 ms","timestamp":"2026-03-03 11:47:10"}
{"level":"info","message":"GET /api/messages/unread-count 304 - - 44.772 ms","timestamp":"2026-03-03 11:47:14"}
{"level":"info","message":"GET /api/messages/unread-count 304 - - 55.768 ms","timestamp":"2026-03-03 11:47:14"}
{"level":"info","message":"OPTIONS /api/attendance/2026/3 200 0 - 0.082 ms","timestamp":"2026-03-03 11:47:15"}
{"level":"info","message":"OPTIONS /api/calls/sip-config 200 0 - 0.082 ms","timestamp":"2026-03-03 11:47:15"}
{"level":"info","message":"OPTIONS /api/users 200 0 - 0.071 ms","timestamp":"2026-03-03 11:47:15"}
{"level":"info","message":"OPTIONS /api/tasks 200 0 - 0.072 ms","timestamp":"2026-03-03 11:47:15"}
{"level":"info","message":"OPTIONS /api/tasks 200 0 - 0.065 ms","timestamp":"2026-03-03 11:47:15"}
{"level":"info","message":"GET /api/calls/sip-config 304 - - 23.761 ms","timestamp":"2026-03-03 11:47:15"}
{"level":"info","message":"GET /api/calls/sip-config 304 - - 23.387 ms","timestamp":"2026-03-03 11:47:15"}
{"level":"info","message":"GET /api/attendance/2026/3 304 - - 64.015 ms","timestamp":"2026-03-03 11:47:15"}
{"level":"info","message":"GET /api/tasks 304 - - 71.719 ms","timestamp":"2026-03-03 11:47:15"}
{"level":"info","message":"GET /api/users 200 - - 113.714 ms","timestamp":"2026-03-03 11:47:15"}
{"level":"info","message":"GET /api/attendance/2026/3 304 - - 64.369 ms","timestamp":"2026-03-03 11:47:15"}
{"level":"info","message":"GET /api/tasks 304 - - 81.762 ms","timestamp":"2026-03-03 11:47:15"}
{"level":"info","message":"GET /api/users 304 - - 89.267 ms","timestamp":"2026-03-03 11:47:15"}
{"level":"info","message":"OPTIONS /api/calls 200 0 - 0.093 ms","timestamp":"2026-03-03 11:47:35"}
{"level":"info","message":"POST /api/calls 201 197 - 44.063 ms","timestamp":"2026-03-03 11:47:35"}
{"level":"info","message":"OPTIONS /api/attendance/2026/3 200 0 - 0.062 ms","timestamp":"2026-03-03 11:47:45"}
{"level":"info","message":"GET /api/attendance/2026/3 304 - - 68.041 ms","timestamp":"2026-03-03 11:47:45"}
{"level":"info","message":"OPTIONS /api/attendance/2026/3 200 0 - 0.081 ms","timestamp":"2026-03-03 11:48:15"}
{"level":"info","message":"GET /api/attendance/2026/3 304 - - 62.591 ms","timestamp":"2026-03-03 11:48:15"}
{"level":"info","message":"OPTIONS /api/attendance/2026/3 200 0 - 0.238 ms","timestamp":"2026-03-03 11:48:45"}
{"level":"info","message":"GET /api/attendance/2026/3 304 - - 79.174 ms","timestamp":"2026-03-03 11:48:45"}
{"level":"info","message":"OPTIONS /api/calls/69a67cffaba071cdfdc4cc09 200 0 - 0.169 ms","timestamp":"2026-03-03 11:49:11"}
{"level":"info","message":"PATCH /api/calls/69a67cffaba071cdfdc4cc09 200 198 - 43.803 ms","timestamp":"2026-03-03 11:49:11"}
{"level":"info","message":"OPTIONS /api/attendance/2026/3 200 0 - 0.106 ms","timestamp":"2026-03-03 11:49:15"}
{"level":"info","message":"GET /api/attendance/2026/3 304 - - 69.159 ms","timestamp":"2026-03-03 11:49:15"}
{"level":"info","message":"OPTIONS /api/attendance/2026/3 200 0 - 0.171 ms","timestamp":"2026-03-03 11:49:45"}
{"level":"info","message":"GET /api/attendance/2026/3 304 - - 63.527 ms","timestamp":"2026-03-03 11:49:45"}
{"level":"info","message":"OPTIONS /api/attendance/2026/3 200 0 - 0.160 ms","timestamp":"2026-03-03 11:50:15"}
{"level":"info","message":"GET /api/attendance/2026/3 304 - - 66.446 ms","timestamp":"2026-03-03 11:50:15"}
{"level":"info","message":"OPTIONS /api/attendance/2026/3 200 0 - 0.116 ms","timestamp":"2026-03-03 11:51:06"}
{"level":"info","message":"GET /api/attendance/2026/3 304 - - 58.733 ms","timestamp":"2026-03-03 11:51:06"}
{"level":"info","message":"OPTIONS /api/attendance/2026/3 200 0 - 0.066 ms","timestamp":"2026-03-03 11:52:06"}
{"level":"info","message":"GET /api/attendance/2026/3 304 - - 58.581 ms","timestamp":"2026-03-03 11:52:06"}
{"level":"info","message":"OPTIONS /api/attendance/2026/3 200 0 - 0.053 ms","timestamp":"2026-03-03 11:53:06"}
{"level":"info","message":"GET /api/attendance/2026/3 304 - - 58.374 ms","timestamp":"2026-03-03 11:53:06"}
{"level":"info","message":"OPTIONS /api/attendance/2026/3 200 0 - 0.068 ms","timestamp":"2026-03-03 11:54:06"}
{"level":"info","message":"GET /api/attendance/2026/3 304 - - 61.512 ms","timestamp":"2026-03-03 11:54:06"}
{"level":"info","message":"OPTIONS /api/attendance/2026/3 200 0 - 0.074 ms","timestamp":"2026-03-03 11:55:06"}
{"level":"info","message":"GET /api/attendance/2026/3 304 - - 61.678 ms","timestamp":"2026-03-03 11:55:06"}
{"level":"info","message":"OPTIONS /api/attendance/2026/3 200 0 - 0.067 ms","timestamp":"2026-03-03 11:56:06"}
{"level":"info","message":"GET /api/attendance/2026/3 304 - - 73.738 ms","timestamp":"2026-03-03 11:56:06"}
{"level":"info","message":"OPTIONS /api/attendance/2026/3 200 0 - 0.056 ms","timestamp":"2026-03-03 11:57:06"}
{"level":"info","message":"GET /api/attendance/2026/3 304 - - 61.187 ms","timestamp":"2026-03-03 11:57:06"}
{"level":"info","message":"OPTIONS /api/attendance/2026/3 200 0 - 0.083 ms","timestamp":"2026-03-03 11:58:06"}
{"level":"info","message":"GET /api/attendance/2026/3 304 - - 61.291 ms","timestamp":"2026-03-03 11:58:06"}
{"level":"info","message":"OPTIONS /api/attendance/2026/3 200 0 - 0.070 ms","timestamp":"2026-03-03 11:59:06"}
{"level":"info","message":"GET /api/attendance/2026/3 304 - - 61.283 ms","timestamp":"2026-03-03 11:59:06"}
{"level":"info","message":"OPTIONS /api/attendance/2026/3 200 0 - 0.117 ms","timestamp":"2026-03-03 12:00:06"}
{"level":"info","message":"GET /api/attendance/2026/3 304 - - 89.968 ms","timestamp":"2026-03-03 12:00:06"}
{"level":"info","message":"OPTIONS /api/attendance/2026/3 200 0 - 0.066 ms","timestamp":"2026-03-03 12:01:06"}
{"level":"info","message":"GET /api/attendance/2026/3 304 - - 62.282 ms","timestamp":"2026-03-03 12:01:06"}
{"level":"info","message":"OPTIONS /api/attendance/2026/3 200 0 - 0.064 ms","timestamp":"2026-03-03 12:02:06"}
{"level":"info","message":"GET /api/attendance/2026/3 304 - - 61.612 ms","timestamp":"2026-03-03 12:02:06"}
{"level":"info","message":"OPTIONS /api/attendance/2026/3 200 0 - 0.107 ms","timestamp":"2026-03-03 12:03:06"}
{"level":"info","message":"GET /api/attendance/2026/3 304 - - 62.527 ms","timestamp":"2026-03-03 12:03:06"}
{"level":"info","message":"OPTIONS /api/attendance/2026/3 200 0 - 0.083 ms","timestamp":"2026-03-03 12:04:06"}
{"level":"info","message":"GET /api/attendance/2026/3 304 - - 94.872 ms","timestamp":"2026-03-03 12:04:06"}
{"level":"info","message":"OPTIONS /api/attendance/2026/3 200 0 - 0.064 ms","timestamp":"2026-03-03 12:05:06"}
{"level":"info","message":"GET /api/attendance/2026/3 304 - - 63.889 ms","timestamp":"2026-03-03 12:05:06"}
{"level":"info","message":"OPTIONS /api/attendance/2026/3 200 0 - 0.081 ms","timestamp":"2026-03-03 12:06:06"}
{"level":"info","message":"GET /api/attendance/2026/3 304 - - 60.677 ms","timestamp":"2026-03-03 12:06:06"}
{"level":"info","message":"OPTIONS /api/attendance/2026/3 200 0 - 0.092 ms","timestamp":"2026-03-03 12:07:06"}
{"level":"info","message":"GET /api/attendance/2026/3 304 - - 91.134 ms","timestamp":"2026-03-03 12:07:06"}
{"level":"info","message":"OPTIONS /api/attendance/2026/3 200 0 - 0.074 ms","timestamp":"2026-03-03 12:08:06"}
{"level":"info","message":"GET /api/attendance/2026/3 304 - - 63.023 ms","timestamp":"2026-03-03 12:08:06"}
{"level":"info","message":"OPTIONS /api/attendance/2026/3 200 0 - 0.055 ms","timestamp":"2026-03-03 12:09:06"}
{"level":"info","message":"GET /api/attendance/2026/3 304 - - 60.026 ms","timestamp":"2026-03-03 12:09:06"}
{"level":"info","message":"OPTIONS /api/attendance/2026/3 200 0 - 0.072 ms","timestamp":"2026-03-03 12:10:06"}
{"level":"info","message":"GET /api/attendance/2026/3 304 - - 64.860 ms","timestamp":"2026-03-03 12:10:06"}
{"level":"info","message":"OPTIONS /api/attendance/2026/3 200 0 - 0.056 ms","timestamp":"2026-03-03 12:11:06"}
{"level":"info","message":"GET /api/attendance/2026/3 304 - - 62.996 ms","timestamp":"2026-03-03 12:11:06"}
{"level":"info","message":"OPTIONS /api/calls/sip-config 200 0 - 0.079 ms","timestamp":"2026-03-03 12:12:05"}
{"level":"info","message":"GET /api/calls/sip-config 304 - - 22.324 ms","timestamp":"2026-03-03 12:12:05"}
{"level":"info","message":"OPTIONS /api/attendance/2026/3 200 0 - 0.143 ms","timestamp":"2026-03-03 12:12:08"}
{"level":"info","message":"GET /api/attendance/2026/3 304 - - 607.114 ms","timestamp":"2026-03-03 12:12:08"}
{"level":"info","message":"OPTIONS /api/calls/sip-config 200 0 - 0.061 ms","timestamp":"2026-03-03 12:12:53"}
{"level":"info","message":"GET /api/calls/sip-config 304 - - 21.431 ms","timestamp":"2026-03-03 12:12:53"}
{"level":"info","message":"OPTIONS /api/attendance/2026/3 200 0 - 0.076 ms","timestamp":"2026-03-03 12:13:06"}
{"level":"info","message":"GET /api/attendance/2026/3 304 - - 63.088 ms","timestamp":"2026-03-03 12:13:06"}
{"level":"info","message":"OPTIONS /api/attendance/2026/3 200 0 - 0.116 ms","timestamp":"2026-03-03 12:13:59"}
{"level":"info","message":"GET /api/attendance/2026/3 304 - - 70.315 ms","timestamp":"2026-03-03 12:13:59"}
{"level":"info","message":"OPTIONS /api/calls 200 0 - 0.091 ms","timestamp":"2026-03-03 12:14:10"}
{"level":"info","message":"POST /api/calls 201 197 - 47.956 ms","timestamp":"2026-03-03 12:14:10"}
{"level":"info","message":"OPTIONS /api/attendance/2026/3 200 0 - 0.067 ms","timestamp":"2026-03-03 12:14:15"}
{"level":"info","message":"GET /api/attendance/2026/3 304 - - 64.504 ms","timestamp":"2026-03-03 12:14:15"}
{"level":"info","message":"OPTIONS /api/attendance/2026/3 200 0 - 0.109 ms","timestamp":"2026-03-03 12:14:45"}
{"level":"info","message":"GET /api/attendance/2026/3 304 - - 62.146 ms","timestamp":"2026-03-03 12:14:45"}
{"level":"info","message":"OPTIONS /api/attendance/2026/3 200 0 - 0.166 ms","timestamp":"2026-03-03 12:15:15"}
{"level":"info","message":"GET /api/attendance/2026/3 304 - - 74.839 ms","timestamp":"2026-03-03 12:15:15"}
{"level":"info","message":"OPTIONS /api/attendance/2026/3 200 0 - 0.076 ms","timestamp":"2026-03-03 12:15:45"}
{"level":"info","message":"GET /api/attendance/2026/3 304 - - 63.750 ms","timestamp":"2026-03-03 12:15:45"}
{"level":"info","message":"OPTIONS /api/attendance/2026/3 200 0 - 0.157 ms","timestamp":"2026-03-03 12:16:15"}
{"level":"info","message":"GET /api/attendance/2026/3 304 - - 72.562 ms","timestamp":"2026-03-03 12:16:15"}
{"level":"info","message":"OPTIONS /api/calls/69a6833aaba071cdfdc4cc89 200 0 - 0.233 ms","timestamp":"2026-03-03 12:16:29"}
{"level":"info","message":"PATCH /api/calls/69a6833aaba071cdfdc4cc89 200 199 - 45.803 ms","timestamp":"2026-03-03 12:16:29"}
{"level":"info","message":"OPTIONS /api/attendance/2026/3 200 0 - 0.065 ms","timestamp":"2026-03-03 12:16:45"}
{"level":"info","message":"GET /api/attendance/2026/3 304 - - 63.833 ms","timestamp":"2026-03-03 12:16:45"}
{"level":"info","message":"OPTIONS /api/messages/unread-count 200 0 - 0.078 ms","timestamp":"2026-03-03 12:16:46"}
{"level":"info","message":"OPTIONS /api/messages/unread-count 200 0 - 0.079 ms","timestamp":"2026-03-03 12:16:46"}
{"level":"info","message":"GET /api/messages/unread-count 304 - - 47.892 ms","timestamp":"2026-03-03 12:16:46"}
{"level":"info","message":"GET /api/messages/unread-count 304 - - 42.194 ms","timestamp":"2026-03-03 12:16:46"}
{"level":"info","message":"OPTIONS /api/calls/sip-config 200 0 - 0.091 ms","timestamp":"2026-03-03 12:16:46"}
{"level":"info","message":"OPTIONS /api/users 200 0 - 0.063 ms","timestamp":"2026-03-03 12:16:46"}
{"level":"info","message":"OPTIONS /api/tasks 200 0 - 0.070 ms","timestamp":"2026-03-03 12:16:46"}
{"level":"info","message":"GET /api/calls/sip-config 304 - - 23.783 ms","timestamp":"2026-03-03 12:16:46"}
{"level":"info","message":"GET /api/calls/sip-config 304 - - 26.066 ms","timestamp":"2026-03-03 12:16:46"}
{"level":"info","message":"GET /api/attendance/2026/3 304 - - 69.313 ms","timestamp":"2026-03-03 12:16:46"}
{"level":"info","message":"GET /api/tasks 304 - - 89.455 ms","timestamp":"2026-03-03 12:16:46"}
{"level":"info","message":"GET /api/users 200 - - 124.295 ms","timestamp":"2026-03-03 12:16:46"}
{"level":"info","message":"GET /api/attendance/2026/3 304 - - 70.726 ms","timestamp":"2026-03-03 12:16:46"}
{"level":"info","message":"GET /api/tasks 304 - - 77.530 ms","timestamp":"2026-03-03 12:16:46"}
{"level":"info","message":"GET /api/users 304 - - 82.807 ms","timestamp":"2026-03-03 12:16:47"}
{"level":"info","message":"GET /api/messages/unread-count 304 - - 42.900 ms","timestamp":"2026-03-03 12:16:50"}
{"level":"info","message":"GET /api/messages/unread-count 304 - - 41.199 ms","timestamp":"2026-03-03 12:16:50"}
{"level":"info","message":"OPTIONS /api/attendance/2026/3 200 0 - 0.133 ms","timestamp":"2026-03-03 12:16:50"}
{"level":"info","message":"GET /api/calls/sip-config 304 - - 21.960 ms","timestamp":"2026-03-03 12:16:50"}
{"level":"info","message":"GET /api/calls/sip-config 304 - - 21.749 ms","timestamp":"2026-03-03 12:16:50"}
{"level":"info","message":"GET /api/attendance/2026/3 304 - - 76.957 ms","timestamp":"2026-03-03 12:16:50"}
{"level":"info","message":"GET /api/tasks 304 - - 81.126 ms","timestamp":"2026-03-03 12:16:50"}
{"level":"info","message":"GET /api/attendance/2026/3 304 - - 75.753 ms","timestamp":"2026-03-03 12:16:50"}
{"level":"info","message":"GET /api/users 200 - - 159.272 ms","timestamp":"2026-03-03 12:16:50"}
{"level":"info","message":"GET /api/tasks 304 - - 91.218 ms","timestamp":"2026-03-03 12:16:50"}
{"level":"info","message":"GET /api/users 304 - - 127.238 ms","timestamp":"2026-03-03 12:16:50"}
{"level":"info","message":"OPTIONS /api/messages/unread-count 200 0 - 0.101 ms","timestamp":"2026-03-03 12:16:51"}
{"level":"info","message":"OPTIONS /api/messages/unread-count 200 0 - 0.056 ms","timestamp":"2026-03-03 12:16:51"}
{"level":"info","message":"GET /api/messages/unread-count 304 - - 50.302 ms","timestamp":"2026-03-03 12:16:51"}
{"level":"info","message":"GET /api/messages/unread-count 304 - - 46.088 ms","timestamp":"2026-03-03 12:16:51"}
{"level":"info","message":"OPTIONS /api/calls/sip-config 200 0 - 0.092 ms","timestamp":"2026-03-03 12:16:52"}
{"level":"info","message":"OPTIONS /api/users 200 0 - 0.049 ms","timestamp":"2026-03-03 12:16:52"}
{"level":"info","message":"OPTIONS /api/tasks 200 0 - 0.085 ms","timestamp":"2026-03-03 12:16:52"}
{"level":"info","message":"GET /api/calls/sip-config 304 - - 23.349 ms","timestamp":"2026-03-03 12:16:52"}
{"level":"info","message":"GET /api/calls/sip-config 304 - - 23.986 ms","timestamp":"2026-03-03 12:16:52"}
{"level":"info","message":"GET /api/attendance/2026/3 304 - - 63.070 ms","timestamp":"2026-03-03 12:16:52"}
{"level":"info","message":"GET /api/tasks 304 - - 69.007 ms","timestamp":"2026-03-03 12:16:52"}
{"level":"info","message":"GET /api/users 200 - - 108.011 ms","timestamp":"2026-03-03 12:16:52"}
{"level":"info","message":"GET /api/attendance/2026/3 304 - - 66.808 ms","timestamp":"2026-03-03 12:16:52"}
{"level":"info","message":"GET /api/tasks 304 - - 80.915 ms","timestamp":"2026-03-03 12:16:52"}
{"level":"info","message":"GET /api/users 304 - - 78.163 ms","timestamp":"2026-03-03 12:16:52"}
{"level":"info","message":"GET /api/messages/unread-count 304 - - 42.113 ms","timestamp":"2026-03-03 12:16:53"}
{"level":"info","message":"GET /api/messages/unread-count 304 - - 50.536 ms","timestamp":"2026-03-03 12:16:53"}
{"level":"info","message":"GET /api/calls/sip-config 304 - - 21.517 ms","timestamp":"2026-03-03 12:16:53"}
{"level":"info","message":"GET /api/calls/sip-config 304 - - 21.886 ms","timestamp":"2026-03-03 12:16:53"}
{"level":"info","message":"GET /api/attendance/2026/3 304 - - 62.379 ms","timestamp":"2026-03-03 12:16:53"}
{"level":"info","message":"GET /api/tasks 304 - - 68.086 ms","timestamp":"2026-03-03 12:16:53"}
{"level":"info","message":"GET /api/attendance/2026/3 304 - - 76.893 ms","timestamp":"2026-03-03 12:16:53"}
{"level":"info","message":"GET /api/tasks 304 - - 69.737 ms","timestamp":"2026-03-03 12:16:53"}
{"level":"info","message":"GET /api/users 200 - - 135.993 ms","timestamp":"2026-03-03 12:16:53"}
{"level":"info","message":"GET /api/users 304 - - 129.216 ms","timestamp":"2026-03-03 12:16:54"}
{"level":"info","message":"GET /api/messages/unread-count 304 - - 43.114 ms","timestamp":"2026-03-03 12:16:54"}
{"level":"info","message":"GET /api/messages/unread-count 304 - - 43.005 ms","timestamp":"2026-03-03 12:16:55"}
{"level":"info","message":"GET /api/calls/sip-config 304 - - 21.348 ms","timestamp":"2026-03-03 12:16:55"}
{"level":"info","message":"GET /api/calls/sip-config 304 - - 24.964 ms","timestamp":"2026-03-03 12:16:55"}
{"level":"info","message":"GET /api/attendance/2026/3 304 - - 91.785 ms","timestamp":"2026-03-03 12:16:55"}
{"level":"info","message":"GET /api/tasks 304 - - 92.669 ms","timestamp":"2026-03-03 12:16:55"}
{"level":"info","message":"GET /api/users 200 - - 114.132 ms","timestamp":"2026-03-03 12:16:55"}
{"level":"info","message":"GET /api/attendance/2026/3 304 - - 68.953 ms","timestamp":"2026-03-03 12:16:55"}
{"level":"info","message":"GET /api/tasks 304 - - 82.207 ms","timestamp":"2026-03-03 12:16:55"}
{"level":"info","message":"GET /api/users 304 - - 82.183 ms","timestamp":"2026-03-03 12:16:55"}
{"level":"info","message":"OPTIONS /api/calls 200 0 - 0.077 ms","timestamp":"2026-03-03 12:17:24"}
{"level":"info","message":"POST /api/calls 201 197 - 62.889 ms","timestamp":"2026-03-03 12:17:24"}
{"level":"info","message":"OPTIONS /api/attendance/2026/3 200 0 - 0.084 ms","timestamp":"2026-03-03 12:17:25"}
{"level":"info","message":"GET /api/attendance/2026/3 304 - - 68.212 ms","timestamp":"2026-03-03 12:17:25"}
{"level":"info","message":"OPTIONS /api/attendance/2026/3 200 0 - 0.099 ms","timestamp":"2026-03-03 12:17:55"}
{"level":"info","message":"GET /api/attendance/2026/3 304 - - 66.992 ms","timestamp":"2026-03-03 12:17:55"}
{"level":"info","message":"OPTIONS /api/attendance/2026/3 200 0 - 0.058 ms","timestamp":"2026-03-03 12:18:25"}
{"level":"info","message":"GET /api/attendance/2026/3 304 - - 62.658 ms","timestamp":"2026-03-03 12:18:25"}
{"level":"info","message":"OPTIONS /api/calls/69a683fcaba071cdfdc4cd4e 200 0 - 0.079 ms","timestamp":"2026-03-03 12:18:26"}
{"level":"info","message":"PATCH /api/calls/69a683fcaba071cdfdc4cd4e 200 198 - 46.077 ms","timestamp":"2026-03-03 12:18:26"}
{"level":"info","message":"OPTIONS /api/attendance/2026/3 200 0 - 0.100 ms","timestamp":"2026-03-03 12:18:55"}
{"level":"info","message":"GET /api/attendance/2026/3 304 - - 63.524 ms","timestamp":"2026-03-03 12:18:55"}
{"level":"info","message":"OPTIONS /api/calls/sip-config 200 0 - 0.125 ms","timestamp":"2026-03-03 12:19:00"}
{"level":"info","message":"GET /api/calls/sip-config 304 - - 22.694 ms","timestamp":"2026-03-03 12:19:00"}
{"level":"info","message":"OPTIONS /api/attendance/2026/3 200 0 - 0.073 ms","timestamp":"2026-03-03 12:19:26"}
{"level":"info","message":"GET /api/attendance/2026/3 304 - - 64.412 ms","timestamp":"2026-03-03 12:19:26"}
{"level":"info","message":"OPTIONS /api/calls/sip-config 200 0 - 0.057 ms","timestamp":"2026-03-03 12:19:59"}
{"level":"info","message":"GET /api/calls/sip-config 304 - - 20.808 ms","timestamp":"2026-03-03 12:19:59"}
{"level":"info","message":"OPTIONS /api/attendance/2026/3 200 0 - 0.076 ms","timestamp":"2026-03-03 12:20:06"}
{"level":"info","message":"GET /api/attendance/2026/3 304 - - 70.687 ms","timestamp":"2026-03-03 12:20:06"}
{"level":"info","message":"OPTIONS /api/attendance/2026/3 200 0 - 0.099 ms","timestamp":"2026-03-03 12:21:06"}
{"level":"info","message":"GET /api/attendance/2026/3 304 - - 67.348 ms","timestamp":"2026-03-03 12:21:06"}
{"level":"info","message":"🚀 Server running on http://localhost:5000","timestamp":"2026-03-03 12:21:17"}
{"level":"info","message":"📡 Socket.IO server ready for connections","timestamp":"2026-03-03 12:21:17"}
{"level":"info","message":"✅ Redis Clients (Pub/Sub) Connected and Ready","timestamp":"2026-03-03 12:21:17"}
{"level":"info","message":"OPTIONS /api/attendance/2026/3 200 0 - 1.890 ms","timestamp":"2026-03-03 12:21:33"}
{"level":"info","message":"GET /api/attendance/2026/3 - - - - ms","timestamp":"2026-03-03 12:21:33"}
{"level":"info","message":"OPTIONS /api/messages/unread-count 200 0 - 0.241 ms","timestamp":"2026-03-03 12:21:34"}
{"level":"info","message":"OPTIONS /api/messages/unread-count 200 0 - 0.193 ms","timestamp":"2026-03-03 12:21:34"}
{"level":"info","message":"GET /api/messages/unread-count 304 - - 56.087 ms","timestamp":"2026-03-03 12:21:34"}
{"level":"info","message":"GET /api/messages/unread-count 304 - - 47.496 ms","timestamp":"2026-03-03 12:21:34"}
{"level":"info","message":"OPTIONS /api/calls/sip-config 200 0 - 0.128 ms","timestamp":"2026-03-03 12:21:34"}
{"level":"info","message":"OPTIONS /api/users 200 0 - 0.151 ms","timestamp":"2026-03-03 12:21:34"}
{"level":"info","message":"OPTIONS /api/users 200 0 - 0.164 ms","timestamp":"2026-03-03 12:21:34"}
{"level":"info","message":"OPTIONS /api/tasks 200 0 - 0.128 ms","timestamp":"2026-03-03 12:21:34"}
{"level":"info","message":"OPTIONS /api/tasks 200 0 - 0.083 ms","timestamp":"2026-03-03 12:21:34"}
{"level":"info","message":"GET /api/calls/sip-config 304 - - 32.464 ms","timestamp":"2026-03-03 12:21:34"}
{"level":"info","message":"GET /api/calls/sip-config 304 - - 22.486 ms","timestamp":"2026-03-03 12:21:34"}
{"level":"info","message":"GET /api/attendance/2026/3 200 - - 76.497 ms","timestamp":"2026-03-03 12:21:34"}
{"level":"info","message":"GET /api/tasks 304 - - 110.367 ms","timestamp":"2026-03-03 12:21:34"}
{"level":"info","message":"GET /api/users 200 - - 131.103 ms","timestamp":"2026-03-03 12:21:34"}
{"level":"info","message":"GET /api/attendance/2026/3 304 - - 84.337 ms","timestamp":"2026-03-03 12:21:34"}
{"level":"info","message":"GET /api/tasks 304 - - 69.496 ms","timestamp":"2026-03-03 12:21:35"}
{"level":"info","message":"GET /api/users 304 - - 100.938 ms","timestamp":"2026-03-03 12:21:35"}
{"level":"info","message":"GET /api/messages/unread-count 304 - - 46.776 ms","timestamp":"2026-03-03 12:21:38"}
{"level":"info","message":"GET /api/messages/unread-count 304 - - 45.130 ms","timestamp":"2026-03-03 12:21:38"}
{"level":"info","message":"OPTIONS /api/attendance/2026/3 200 0 - 0.459 ms","timestamp":"2026-03-03 12:21:39"}
{"level":"info","message":"GET /api/calls/sip-config 304 - - 26.887 ms","timestamp":"2026-03-03 12:21:39"}
{"level":"info","message":"GET /api/calls/sip-config 304 - - 23.109 ms","timestamp":"2026-03-03 12:21:39"}
{"level":"info","message":"GET /api/tasks 304 - - 75.805 ms","timestamp":"2026-03-03 12:21:39"}
{"level":"info","message":"GET /api/attendance/2026/3 304 - - 76.598 ms","timestamp":"2026-03-03 12:21:39"}
{"level":"info","message":"GET /api/tasks 304 - - 80.562 ms","timestamp":"2026-03-03 12:21:39"}
{"level":"info","message":"GET /api/users - - - - ms","timestamp":"2026-03-03 12:21:39"}
{"level":"info","message":"GET /api/attendance/2026/3 304 - - 81.165 ms","timestamp":"2026-03-03 12:21:39"}
{"level":"info","message":"GET /api/users 200 - - 160.195 ms","timestamp":"2026-03-03 12:21:39"}
{"level":"info","message":"OPTIONS /api/messages/unread-count 200 0 - 0.229 ms","timestamp":"2026-03-03 12:21:39"}
{"level":"info","message":"OPTIONS /api/messages/unread-count 200 0 - 0.063 ms","timestamp":"2026-03-03 12:21:39"}
{"level":"info","message":"GET /api/messages/unread-count 304 - - 51.086 ms","timestamp":"2026-03-03 12:21:39"}
{"level":"info","message":"GET /api/messages/unread-count - - - - ms","timestamp":"2026-03-03 12:21:39"}
{"level":"info","message":"GET /api/messages/unread-count 200 17 - 51.721 ms","timestamp":"2026-03-03 12:21:40"}
{"level":"info","message":"GET /api/messages/unread-count 304 - - 49.675 ms","timestamp":"2026-03-03 12:21:40"}
{"level":"info","message":"GET /api/messages/unread-count - - - - ms","timestamp":"2026-03-03 12:21:40"}
{"level":"info","message":"GET /api/messages/unread-count 200 17 - 49.498 ms","timestamp":"2026-03-03 12:21:40"}
{"level":"info","message":"GET /api/messages/unread-count 304 - - 48.314 ms","timestamp":"2026-03-03 12:21:40"}
{"level":"info","message":"OPTIONS /api/calls/sip-config 200 0 - 0.173 ms","timestamp":"2026-03-03 12:21:41"}
{"level":"info","message":"OPTIONS /api/users 200 0 - 0.184 ms","timestamp":"2026-03-03 12:21:41"}
{"level":"info","message":"OPTIONS /api/calls/sip-config 200 0 - 0.190 ms","timestamp":"2026-03-03 12:21:41"}
{"level":"info","message":"OPTIONS /api/tasks 200 0 - 0.206 ms","timestamp":"2026-03-03 12:21:41"}
{"level":"info","message":"OPTIONS /api/tasks 200 0 - 0.325 ms","timestamp":"2026-03-03 12:21:41"}
{"level":"info","message":"GET /api/calls/sip-config 304 - - 23.615 ms","timestamp":"2026-03-03 12:21:41"}
{"level":"info","message":"GET /api/calls/sip-config 304 - - 22.546 ms","timestamp":"2026-03-03 12:21:41"}
{"level":"info","message":"GET /api/attendance/2026/3 200 - - 81.555 ms","timestamp":"2026-03-03 12:21:41"}
{"level":"info","message":"GET /api/tasks 200 - - 68.859 ms","timestamp":"2026-03-03 12:21:41"}
{"level":"info","message":"GET /api/users 200 - - 116.082 ms","timestamp":"2026-03-03 12:21:41"}
{"level":"info","message":"GET /api/attendance/2026/3 304 - - 74.017 ms","timestamp":"2026-03-03 12:21:41"}
{"level":"info","message":"GET /api/tasks 304 - - 68.266 ms","timestamp":"2026-03-03 12:21:41"}
{"level":"info","message":"GET /api/users 304 - - 109.768 ms","timestamp":"2026-03-03 12:21:41"}
{"level":"info","message":"OPTIONS /api/calls 200 0 - 0.102 ms","timestamp":"2026-03-03 12:21:54"}
{"level":"info","message":"POST /api/calls 201 197 - 64.684 ms","timestamp":"2026-03-03 12:21:54"}
{"level":"info","message":"OPTIONS /api/attendance/2026/3 200 0 - 0.160 ms","timestamp":"2026-03-03 12:22:11"}
{"level":"info","message":"GET /api/attendance/2026/3 304 - - 76.834 ms","timestamp":"2026-03-03 12:22:11"}
{"level":"info","message":"OPTIONS /api/attendance/2026/3 200 0 - 0.241 ms","timestamp":"2026-03-03 12:22:41"}
{"level":"info","message":"GET /api/attendance/2026/3 304 - - 64.385 ms","timestamp":"2026-03-03 12:22:41"}
{"level":"info","message":"OPTIONS /api/calls/69a6850acd4b6a864387af00 200 0 - 0.121 ms","timestamp":"2026-03-03 12:23:00"}
{"level":"info","message":"PATCH /api/calls/69a6850acd4b6a864387af00 200 198 - 45.859 ms","timestamp":"2026-03-03 12:23:00"}
{"level":"info","message":"OPTIONS /api/attendance/2026/3 200 0 - 0.192 ms","timestamp":"2026-03-03 12:23:11"}
{"level":"info","message":"GET /api/attendance/2026/3 304 - - 64.692 ms","timestamp":"2026-03-03 12:23:11"}
{"level":"info","message":"OPTIONS /api/attendance/2026/3 200 0 - 0.085 ms","timestamp":"2026-03-03 12:23:41"}
{"level":"info","message":"GET /api/attendance/2026/3 304 - - 61.445 ms","timestamp":"2026-03-03 12:23:41"}
{"level":"info","message":"OPTIONS /api/attendance/2026/3 200 0 - 0.297 ms","timestamp":"2026-03-03 12:24:11"}
{"level":"info","message":"GET /api/attendance/2026/3 304 - - 79.357 ms","timestamp":"2026-03-03 12:24:11"}
{"level":"info","message":"OPTIONS /api/attendance/2026/3 200 0 - 0.106 ms","timestamp":"2026-03-03 12:24:41"}
{"level":"info","message":"GET /api/attendance/2026/3 304 - - 64.504 ms","timestamp":"2026-03-03 12:24:41"}
{"level":"info","message":"OPTIONS /api/calls/sip-config 200 0 - 0.076 ms","timestamp":"2026-03-03 12:24:50"}
{"level":"info","message":"GET /api/calls/sip-config 304 - - 23.135 ms","timestamp":"2026-03-03 12:24:50"}
{"level":"info","message":"OPTIONS /api/appointments 200 0 - 0.097 ms","timestamp":"2026-03-03 12:25:40"}
{"level":"info","message":"GET /api/appointments 200 - - 126.396 ms","timestamp":"2026-03-03 12:25:41"}
{"level":"info","message":"OPTIONS /api/attendance/2026/3 200 0 - 0.198 ms","timestamp":"2026-03-03 12:25:42"}
{"level":"info","message":"GET /api/attendance/2026/3 200 - - 70.912 ms","timestamp":"2026-03-03 12:25:42"}
{"level":"info","message":"OPTIONS /api/attendance/2026/3 200 0 - 0.129 ms","timestamp":"2026-03-03 12:26:43"}
{"level":"info","message":"GET /api/attendance/2026/3 304 - - 63.450 ms","timestamp":"2026-03-03 12:26:43"}
{"level":"info","message":"OPTIONS /api/attendance/2026/3 200 0 - 0.056 ms","timestamp":"2026-03-03 12:27:44"}
{"level":"info","message":"GET /api/attendance/2026/3 304 - - 61.888 ms","timestamp":"2026-03-03 12:27:44"}
{"level":"info","message":"OPTIONS /api/attendance/2026/3 200 0 - 0.127 ms","timestamp":"2026-03-03 12:28:24"}
{"level":"info","message":"GET /api/attendance/2026/3 304 - - 67.781 ms","timestamp":"2026-03-03 12:28:24"}
{"level":"info","message":"OPTIONS /api/messages/unread-count 200 0 - 0.096 ms","timestamp":"2026-03-03 12:28:26"}
{"level":"info","message":"OPTIONS /api/messages/unread-count 200 0 - 0.068 ms","timestamp":"2026-03-03 12:28:26"}
{"level":"info","message":"GET /api/messages/unread-count 304 - - 55.983 ms","timestamp":"2026-03-03 12:28:26"}
{"level":"info","message":"GET /api/messages/unread-count 304 - - 47.076 ms","timestamp":"2026-03-03 12:28:26"}
{"level":"info","message":"OPTIONS /api/calls/sip-config 200 0 - 0.075 ms","timestamp":"2026-03-03 12:28:26"}
{"level":"info","message":"OPTIONS /api/users 200 0 - 0.045 ms","timestamp":"2026-03-03 12:28:26"}
{"level":"info","message":"OPTIONS /api/tasks 200 0 - 0.056 ms","timestamp":"2026-03-03 12:28:26"}
{"level":"info","message":"GET /api/calls/sip-config 304 - - 23.247 ms","timestamp":"2026-03-03 12:28:26"}
{"level":"info","message":"GET /api/calls/sip-config 304 - - 29.179 ms","timestamp":"2026-03-03 12:28:26"}
{"level":"info","message":"GET /api/attendance/2026/3 304 - - 84.603 ms","timestamp":"2026-03-03 12:28:26"}
{"level":"info","message":"GET /api/tasks 304 - - 89.141 ms","timestamp":"2026-03-03 12:28:26"}
{"level":"info","message":"GET /api/users 200 - - 128.057 ms","timestamp":"2026-03-03 12:28:27"}
{"level":"info","message":"GET /api/attendance/2026/3 304 - - 101.369 ms","timestamp":"2026-03-03 12:28:27"}
{"level":"info","message":"GET /api/tasks 304 - - 104.117 ms","timestamp":"2026-03-03 12:28:27"}
{"level":"info","message":"GET /api/users 304 - - 85.684 ms","timestamp":"2026-03-03 12:28:27"}
{"level":"info","message":"OPTIONS /api/messages/unread-count 200 0 - 0.109 ms","timestamp":"2026-03-03 12:28:28"}
{"level":"info","message":"OPTIONS /api/messages/unread-count 200 0 - 0.081 ms","timestamp":"2026-03-03 12:28:28"}
{"level":"info","message":"GET /api/messages/unread-count 200 17 - 43.172 ms","timestamp":"2026-03-03 12:28:28"}
{"level":"info","message":"GET /api/messages/unread-count 200 17 - 54.628 ms","timestamp":"2026-03-03 12:28:28"}
{"level":"info","message":"GET /api/calls/sip-config 304 - - 24.639 ms","timestamp":"2026-03-03 12:28:28"}
{"level":"info","message":"GET /api/calls/sip-config 304 - - 24.087 ms","timestamp":"2026-03-03 12:28:28"}
{"level":"info","message":"GET /api/attendance/2026/3 304 - - 63.790 ms","timestamp":"2026-03-03 12:28:28"}
{"level":"info","message":"GET /api/tasks 304 - - 69.563 ms","timestamp":"2026-03-03 12:28:28"}
{"level":"info","message":"GET /api/users 200 - - 112.725 ms","timestamp":"2026-03-03 12:28:28"}
{"level":"info","message":"GET /api/attendance/2026/3 304 - - 72.041 ms","timestamp":"2026-03-03 12:28:28"}
{"level":"info","message":"GET /api/tasks 304 - - 82.387 ms","timestamp":"2026-03-03 12:28:28"}
{"level":"info","message":"GET /api/users 304 - - 83.125 ms","timestamp":"2026-03-03 12:28:29"}
{"level":"info","message":"OPTIONS /api/attendance/2026/3 200 0 - 0.312 ms","timestamp":"2026-03-03 12:28:58"}
{"level":"info","message":"GET /api/attendance/2026/3 304 - - 81.368 ms","timestamp":"2026-03-03 12:28:58"}
{"level":"info","message":"OPTIONS /api/calls 200 0 - 0.104 ms","timestamp":"2026-03-03 12:29:24"}
{"level":"info","message":"POST /api/calls 201 197 - 45.911 ms","timestamp":"2026-03-03 12:29:24"}
{"level":"info","message":"OPTIONS /api/attendance/2026/3 200 0 - 0.083 ms","timestamp":"2026-03-03 12:29:31"}
{"level":"info","message":"GET /api/attendance/2026/3 304 - - 66.551 ms","timestamp":"2026-03-03 12:29:31"}
{"level":"info","message":"OPTIONS /api/attendance/2026/3 200 0 - 0.098 ms","timestamp":"2026-03-03 12:29:59"}
{"level":"info","message":"GET /api/attendance/2026/3 304 - - 62.383 ms","timestamp":"2026-03-03 12:29:59"}
{"level":"info","message":"OPTIONS /api/attendance/2026/3 200 0 - 0.116 ms","timestamp":"2026-03-03 12:30:29"}
{"level":"info","message":"GET /api/attendance/2026/3 304 - - 65.695 ms","timestamp":"2026-03-03 12:30:29"}
{"level":"info","message":"OPTIONS /api/attendance/2026/3 200 0 - 0.076 ms","timestamp":"2026-03-03 12:30:59"}
{"level":"info","message":"GET /api/attendance/2026/3 304 - - 69.615 ms","timestamp":"2026-03-03 12:30:59"}
{"level":"info","message":"OPTIONS /api/calls/sip-config 200 0 - 0.107 ms","timestamp":"2026-03-03 12:31:05"}
{"level":"info","message":"GET /api/calls/sip-config 304 - - 21.179 ms","timestamp":"2026-03-03 12:31:05"}
{"level":"info","message":"OPTIONS /api/attendance/2026/3 200 0 - 0.123 ms","timestamp":"2026-03-03 12:31:29"}
{"level":"info","message":"GET /api/attendance/2026/3 304 - - 65.953 ms","timestamp":"2026-03-03 12:31:29"}
{"level":"info","message":"OPTIONS /api/attendance/2026/3 200 0 - 0.087 ms","timestamp":"2026-03-03 12:32:06"}
{"level":"info","message":"GET /api/attendance/2026/3 304 - - 61.245 ms","timestamp":"2026-03-03 12:32:06"}
{"level":"info","message":"OPTIONS /api/attendance/2026/3 200 0 - 0.078 ms","timestamp":"2026-03-03 12:33:06"}
{"level":"info","message":"GET /api/attendance/2026/3 304 - - 61.059 ms","timestamp":"2026-03-03 12:33:06"}
{"level":"info","message":"OPTIONS /api/attendance/2026/3 200 0 - 0.095 ms","timestamp":"2026-03-03 12:34:00"}
{"level":"info","message":"GET /api/attendance/2026/3 304 - - 63.837 ms","timestamp":"2026-03-03 12:34:00"}
{"level":"info","message":"OPTIONS /api/messages/unread-count 200 0 - 0.116 ms","timestamp":"2026-03-03 12:34:02"}
{"level":"info","message":"OPTIONS /api/messages/unread-count 200 0 - 0.104 ms","timestamp":"2026-03-03 12:34:02"}
{"level":"info","message":"GET /api/messages/unread-count 304 - - 64.469 ms","timestamp":"2026-03-03 12:34:02"}
{"level":"info","message":"GET /api/messages/unread-count 304 - - 68.701 ms","timestamp":"2026-03-03 12:34:02"}
{"level":"info","message":"OPTIONS /api/calls/sip-config 200 0 - 0.093 ms","timestamp":"2026-03-03 12:34:02"}
{"level":"info","message":"OPTIONS /api/users 200 0 - 0.115 ms","timestamp":"2026-03-03 12:34:02"}
{"level":"info","message":"OPTIONS /api/tasks 200 0 - 0.075 ms","timestamp":"2026-03-03 12:34:02"}
{"level":"info","message":"OPTIONS /api/tasks 200 0 - 0.046 ms","timestamp":"2026-03-03 12:34:02"}
{"level":"info","message":"GET /api/calls/sip-config 304 - - 20.663 ms","timestamp":"2026-03-03 12:34:02"}
{"level":"info","message":"GET /api/calls/sip-config 304 - - 21.376 ms","timestamp":"2026-03-03 12:34:02"}
{"level":"info","message":"GET /api/attendance/2026/3 304 - - 75.853 ms","timestamp":"2026-03-03 12:34:02"}
{"level":"info","message":"GET /api/tasks 304 - - 81.434 ms","timestamp":"2026-03-03 12:34:02"}
{"level":"info","message":"GET /api/users 200 - - 124.530 ms","timestamp":"2026-03-03 12:34:02"}
{"level":"info","message":"GET /api/attendance/2026/3 304 - - 69.719 ms","timestamp":"2026-03-03 12:34:02"}
{"level":"info","message":"GET /api/tasks 304 - - 81.201 ms","timestamp":"2026-03-03 12:34:02"}
{"level":"info","message":"GET /api/users 304 - - 132.893 ms","timestamp":"2026-03-03 12:34:02"}
{"level":"info","message":"GET /api/messages/unread-count 304 - - 62.462 ms","timestamp":"2026-03-03 12:34:04"}
{"level":"info","message":"GET /api/messages/unread-count 304 - - 42.829 ms","timestamp":"2026-03-03 12:34:05"}
{"level":"info","message":"OPTIONS /api/attendance/2026/3 200 0 - 0.246 ms","timestamp":"2026-03-03 12:34:05"}
{"level":"info","message":"GET /api/calls/sip-config 304 - - 23.071 ms","timestamp":"2026-03-03 12:34:05"}
{"level":"info","message":"GET /api/calls/sip-config 304 - - 26.139 ms","timestamp":"2026-03-03 12:34:05"}
{"level":"info","message":"GET /api/attendance/2026/3 304 - - 76.658 ms","timestamp":"2026-03-03 12:34:05"}
{"level":"info","message":"GET /api/tasks 304 - - 78.800 ms","timestamp":"2026-03-03 12:34:05"}
{"level":"info","message":"GET /api/users 200 - - 117.092 ms","timestamp":"2026-03-03 12:34:05"}
{"level":"info","message":"GET /api/tasks 304 - - 82.393 ms","timestamp":"2026-03-03 12:34:05"}
{"level":"info","message":"GET /api/attendance/2026/3 304 - - 89.595 ms","timestamp":"2026-03-03 12:34:05"}
{"level":"info","message":"GET /api/users 304 - - 94.007 ms","timestamp":"2026-03-03 12:34:05"}
{"level":"info","message":"OPTIONS /api/attendance/2026/3 200 0 - 0.197 ms","timestamp":"2026-03-03 12:34:36"}
{"level":"info","message":"GET /api/attendance/2026/3 304 - - 69.058 ms","timestamp":"2026-03-03 12:34:36"}
{"level":"info","message":"OPTIONS /api/attendance/2026/3 200 0 - 0.086 ms","timestamp":"2026-03-03 12:35:05"}
{"level":"info","message":"GET /api/attendance/2026/3 304 - - 67.482 ms","timestamp":"2026-03-03 12:35:05"}
{"level":"info","message":"OPTIONS /api/attendance/2026/3 200 0 - 0.075 ms","timestamp":"2026-03-03 12:35:35"}
{"level":"info","message":"GET /api/attendance/2026/3 304 - - 63.616 ms","timestamp":"2026-03-03 12:35:35"}
{"level":"info","message":"OPTIONS /api/calls/sip-config 200 0 - 0.151 ms","timestamp":"2026-03-03 12:35:58"}
{"level":"info","message":"GET /api/calls/sip-config 304 - - 20.648 ms","timestamp":"2026-03-03 12:35:58"}
{"level":"info","message":"OPTIONS /api/attendance/2026/3 200 0 - 0.068 ms","timestamp":"2026-03-03 12:36:05"}
{"level":"info","message":"GET /api/attendance/2026/3 304 - - 82.337 ms","timestamp":"2026-03-03 12:36:05"}
{"level":"info","message":"OPTIONS /api/attendance/2026/3 200 0 - 0.189 ms","timestamp":"2026-03-03 12:36:36"}
{"level":"info","message":"GET /api/attendance/2026/3 304 - - 82.707 ms","timestamp":"2026-03-03 12:36:36"}
{"level":"info","message":"OPTIONS /api/attendance/2026/3 200 0 - 0.137 ms","timestamp":"2026-03-03 12:37:05"}
{"level":"info","message":"GET /api/attendance/2026/3 304 - - 83.047 ms","timestamp":"2026-03-03 12:37:05"}
{"level":"info","message":"OPTIONS /api/messages/unread-count 200 0 - 0.122 ms","timestamp":"2026-03-03 12:37:06"}
{"level":"info","message":"OPTIONS /api/messages/unread-count 200 0 - 0.073 ms","timestamp":"2026-03-03 12:37:06"}
{"level":"info","message":"GET /api/messages/unread-count 304 - - 49.815 ms","timestamp":"2026-03-03 12:37:06"}
{"level":"info","message":"GET /api/messages/unread-count 304 - - 42.534 ms","timestamp":"2026-03-03 12:37:06"}
{"level":"info","message":"OPTIONS /api/calls/sip-config 200 0 - 0.108 ms","timestamp":"2026-03-03 12:37:07"}
{"level":"info","message":"OPTIONS /api/users 200 0 - 0.068 ms","timestamp":"2026-03-03 12:37:07"}
{"level":"info","message":"OPTIONS /api/tasks 200 0 - 0.059 ms","timestamp":"2026-03-03 12:37:07"}
{"level":"info","message":"OPTIONS /api/tasks 200 0 - 0.056 ms","timestamp":"2026-03-03 12:37:07"}
{"level":"info","message":"GET /api/calls/sip-config 304 - - 24.552 ms","timestamp":"2026-03-03 12:37:07"}
{"level":"info","message":"GET /api/calls/sip-config 304 - - 37.358 ms","timestamp":"2026-03-03 12:37:07"}
{"level":"info","message":"GET /api/attendance/2026/3 304 - - 69.761 ms","timestamp":"2026-03-03 12:37:07"}
{"level":"info","message":"GET /api/tasks 304 - - 71.155 ms","timestamp":"2026-03-03 12:37:07"}
{"level":"info","message":"GET /api/users 200 - - 116.690 ms","timestamp":"2026-03-03 12:37:07"}
{"level":"info","message":"GET /api/tasks 304 - - 68.232 ms","timestamp":"2026-03-03 12:37:07"}
{"level":"info","message":"GET /api/attendance/2026/3 304 - - 80.427 ms","timestamp":"2026-03-03 12:37:07"}
{"level":"info","message":"GET /api/users 304 - - 112.587 ms","timestamp":"2026-03-03 12:37:07"}
{"level":"info","message":"GET /api/messages/unread-count 304 - - 46.648 ms","timestamp":"2026-03-03 12:37:09"}
{"level":"info","message":"GET /api/messages/unread-count 304 - - 51.515 ms","timestamp":"2026-03-03 12:37:09"}
{"level":"info","message":"GET /api/calls/sip-config 304 - - 21.811 ms","timestamp":"2026-03-03 12:37:10"}
{"level":"info","message":"GET /api/calls/sip-config 304 - - 24.367 ms","timestamp":"2026-03-03 12:37:10"}
{"level":"info","message":"GET /api/attendance/2026/3 304 - - 67.289 ms","timestamp":"2026-03-03 12:37:10"}
{"level":"info","message":"GET /api/tasks 304 - - 70.885 ms","timestamp":"2026-03-03 12:37:10"}
{"level":"info","message":"GET /api/users 200 - - 122.749 ms","timestamp":"2026-03-03 12:37:10"}
{"level":"info","message":"GET /api/attendance/2026/3 304 - - 93.695 ms","timestamp":"2026-03-03 12:37:10"}
{"level":"info","message":"GET /api/tasks 304 - - 91.478 ms","timestamp":"2026-03-03 12:37:10"}
{"level":"info","message":"GET /api/users 304 - - 88.548 ms","timestamp":"2026-03-03 12:37:10"}
{"level":"info","message":"GET /api/messages/unread-count 304 - - 46.309 ms","timestamp":"2026-03-03 12:37:11"}
{"level":"info","message":"GET /api/messages/unread-count 304 - - 42.554 ms","timestamp":"2026-03-03 12:37:11"}
{"level":"info","message":"OPTIONS /api/attendance/2026/3 200 0 - 0.121 ms","timestamp":"2026-03-03 12:37:11"}
{"level":"info","message":"GET /api/calls/sip-config 304 - - 21.475 ms","timestamp":"2026-03-03 12:37:11"}
{"level":"info","message":"GET /api/calls/sip-config 304 - - 21.250 ms","timestamp":"2026-03-03 12:37:11"}
{"level":"info","message":"GET /api/tasks 304 - - 67.681 ms","timestamp":"2026-03-03 12:37:11"}
{"level":"info","message":"GET /api/attendance/2026/3 304 - - 68.213 ms","timestamp":"2026-03-03 12:37:11"}
{"level":"info","message":"GET /api/users 200 - - 131.236 ms","timestamp":"2026-03-03 12:37:11"}
{"level":"info","message":"GET /api/tasks 304 - - 74.291 ms","timestamp":"2026-03-03 12:37:11"}
{"level":"info","message":"GET /api/attendance/2026/3 304 - - 79.395 ms","timestamp":"2026-03-03 12:37:11"}
{"level":"info","message":"GET /api/users 304 - - 87.118 ms","timestamp":"2026-03-03 12:37:11"}
{"level":"info","message":"OPTIONS /api/attendance/2026/3 200 0 - 0.180 ms","timestamp":"2026-03-03 12:37:41"}
{"level":"info","message":"GET /api/attendance/2026/3 304 - - 80.693 ms","timestamp":"2026-03-03 12:37:41"}
{"level":"info","message":"OPTIONS /api/attendance/2026/3 200 0 - 0.108 ms","timestamp":"2026-03-03 12:38:11"}
{"level":"info","message":"GET /api/attendance/2026/3 304 - - 76.851 ms","timestamp":"2026-03-03 12:38:11"}
{"level":"info","message":"OPTIONS /api/attendance/2026/3 200 0 - 0.058 ms","timestamp":"2026-03-03 12:38:42"}
{"level":"info","message":"GET /api/attendance/2026/3 304 - - 70.267 ms","timestamp":"2026-03-03 12:38:42"}
{"level":"info","message":"OPTIONS /api/calls/sip-config 200 0 - 0.078 ms","timestamp":"2026-03-03 12:39:02"}
{"level":"info","message":"GET /api/calls/sip-config 304 - - 36.853 ms","timestamp":"2026-03-03 12:39:02"}
{"level":"info","message":"OPTIONS /api/attendance/2026/3 200 0 - 0.055 ms","timestamp":"2026-03-03 12:39:12"}
{"level":"info","message":"GET /api/attendance/2026/3 304 - - 108.317 ms","timestamp":"2026-03-03 12:39:12"}
{"level":"info","message":"OPTIONS /api/calls/sip-config 200 0 - 0.073 ms","timestamp":"2026-03-03 12:39:20"}
{"level":"info","message":"GET /api/calls/sip-config 304 - - 36.797 ms","timestamp":"2026-03-03 12:39:20"}
{"level":"info","message":"OPTIONS /api/attendance/2026/3 200 0 - 0.165 ms","timestamp":"2026-03-03 12:39:42"}
{"level":"info","message":"GET /api/attendance/2026/3 304 - - 115.559 ms","timestamp":"2026-03-03 12:39:42"}
{"level":"info","message":"OPTIONS /api/attendance/2026/3 200 0 - 0.459 ms","timestamp":"2026-03-03 12:40:12"}
{"level":"info","message":"GET /api/attendance/2026/3 304 - - 118.943 ms","timestamp":"2026-03-03 12:40:12"}
{"level":"info","message":"OPTIONS /api/attendance/2026/3 200 0 - 0.106 ms","timestamp":"2026-03-03 12:40:44"}
{"level":"info","message":"GET /api/attendance/2026/3 304 - - 109.649 ms","timestamp":"2026-03-03 12:40:44"}
{"level":"info","message":"OPTIONS /api/messages/unread-count 200 0 - 0.095 ms","timestamp":"2026-03-03 12:40:45"}
{"level":"info","message":"OPTIONS /api/messages/unread-count 200 0 - 0.080 ms","timestamp":"2026-03-03 12:40:45"}
{"level":"info","message":"GET /api/messages/unread-count 304 - - 74.910 ms","timestamp":"2026-03-03 12:40:46"}
{"level":"info","message":"GET /api/messages/unread-count 304 - - 91.318 ms","timestamp":"2026-03-03 12:40:46"}
{"level":"info","message":"OPTIONS /api/calls/sip-config 200 0 - 0.091 ms","timestamp":"2026-03-03 12:40:46"}
{"level":"info","message":"OPTIONS /api/users 200 0 - 0.041 ms","timestamp":"2026-03-03 12:40:46"}
{"level":"info","message":"OPTIONS /api/tasks 200 0 - 0.085 ms","timestamp":"2026-03-03 12:40:46"}
{"level":"info","message":"GET /api/calls/sip-config 304 - - 21.141 ms","timestamp":"2026-03-03 12:40:46"}
{"level":"info","message":"GET /api/calls/sip-config 304 - - 21.022 ms","timestamp":"2026-03-03 12:40:46"}
{"level":"info","message":"GET /api/tasks 304 - - 77.993 ms","timestamp":"2026-03-03 12:40:46"}
{"level":"info","message":"GET /api/attendance/2026/3 304 - - 121.686 ms","timestamp":"2026-03-03 12:40:46"}
{"level":"info","message":"GET /api/users 200 - - 114.431 ms","timestamp":"2026-03-03 12:40:46"}
{"level":"info","message":"GET /api/tasks 304 - - 83.564 ms","timestamp":"2026-03-03 12:40:46"}
{"level":"info","message":"GET /api/users 304 - - 80.841 ms","timestamp":"2026-03-03 12:40:46"}
{"level":"info","message":"GET /api/attendance/2026/3 304 - - 122.992 ms","timestamp":"2026-03-03 12:40:46"}
{"level":"info","message":"GET /api/messages/unread-count 304 - - 84.191 ms","timestamp":"2026-03-03 12:40:49"}
{"level":"info","message":"GET /api/messages/unread-count 304 - - 82.364 ms","timestamp":"2026-03-03 12:40:49"}
{"level":"info","message":"OPTIONS /api/attendance/2026/3 200 0 - 0.135 ms","timestamp":"2026-03-03 12:40:49"}
{"level":"info","message":"GET /api/calls/sip-config 304 - - 36.925 ms","timestamp":"2026-03-03 12:40:49"}
{"level":"info","message":"GET /api/attendance/2026/3 304 - - 64.141 ms","timestamp":"2026-03-03 12:40:49"}
{"level":"info","message":"GET /api/tasks 304 - - 67.808 ms","timestamp":"2026-03-03 12:40:49"}
{"level":"info","message":"GET /api/calls/sip-config 304 - - 38.371 ms","timestamp":"2026-03-03 12:40:49"}
{"level":"info","message":"GET /api/users 200 - - 108.056 ms","timestamp":"2026-03-03 12:40:49"}
{"level":"info","message":"GET /api/attendance/2026/3 304 - - 68.956 ms","timestamp":"2026-03-03 12:40:49"}
{"level":"info","message":"GET /api/tasks 304 - - 83.652 ms","timestamp":"2026-03-03 12:40:49"}
{"level":"info","message":"GET /api/users 304 - - 121.286 ms","timestamp":"2026-03-03 12:40:49"}
{"level":"info","message":"OPTIONS /api/calls 200 0 - 0.124 ms","timestamp":"2026-03-03 12:41:11"}
{"level":"info","message":"POST /api/calls 201 197 - 45.778 ms","timestamp":"2026-03-03 12:41:11"}
{"level":"info","message":"OPTIONS /api/attendance/2026/3 200 0 - 0.066 ms","timestamp":"2026-03-03 12:42:56"}
{"level":"info","message":"GET /api/attendance/2026/3 304 - - 71.390 ms","timestamp":"2026-03-03 12:42:56"}
{"level":"info","message":"OPTIONS /api/calls/sip-config 200 0 - 0.135 ms","timestamp":"2026-03-03 12:42:57"}
{"level":"info","message":"GET /api/calls/sip-config 304 - - 33.690 ms","timestamp":"2026-03-03 12:42:57"}
{"level":"info","message":"OPTIONS /api/messages/unread-count 200 0 - 0.073 ms","timestamp":"2026-03-03 12:42:59"}
{"level":"info","message":"OPTIONS /api/messages/unread-count 200 0 - 0.080 ms","timestamp":"2026-03-03 12:42:59"}
{"level":"info","message":"GET /api/messages/unread-count 304 - - 43.346 ms","timestamp":"2026-03-03 12:42:59"}
{"level":"info","message":"GET /api/messages/unread-count 304 - - 41.339 ms","timestamp":"2026-03-03 12:42:59"}
{"level":"info","message":"OPTIONS /api/users 200 0 - 0.071 ms","timestamp":"2026-03-03 12:42:59"}
{"level":"info","message":"OPTIONS /api/tasks 200 0 - 0.048 ms","timestamp":"2026-03-03 12:42:59"}
{"level":"info","message":"OPTIONS /api/tasks 200 0 - 0.111 ms","timestamp":"2026-03-03 12:42:59"}
{"level":"info","message":"GET /api/calls/sip-config 304 - - 36.715 ms","timestamp":"2026-03-03 12:43:00"}
{"level":"info","message":"GET /api/attendance/2026/3 304 - - 70.799 ms","timestamp":"2026-03-03 12:43:00"}
{"level":"info","message":"GET /api/calls/sip-config 304 - - 39.332 ms","timestamp":"2026-03-03 12:43:00"}
{"level":"info","message":"GET /api/tasks 304 - - 76.324 ms","timestamp":"2026-03-03 12:43:00"}
{"level":"info","message":"GET /api/users 200 - - 122.668 ms","timestamp":"2026-03-03 12:43:00"}
{"level":"info","message":"GET /api/tasks 304 - - 66.446 ms","timestamp":"2026-03-03 12:43:00"}
{"level":"info","message":"GET /api/attendance/2026/3 304 - - 76.761 ms","timestamp":"2026-03-03 12:43:00"}
{"level":"info","message":"GET /api/users 304 - - 113.829 ms","timestamp":"2026-03-03 12:43:00"}
{"level":"info","message":"GET /api/messages/unread-count 304 - - 46.659 ms","timestamp":"2026-03-03 12:43:03"}
{"level":"info","message":"GET /api/messages/unread-count 304 - - 43.619 ms","timestamp":"2026-03-03 12:43:03"}
{"level":"info","message":"OPTIONS /api/attendance/2026/3 200 0 - 0.129 ms","timestamp":"2026-03-03 12:43:03"}
{"level":"info","message":"OPTIONS /api/calls/sip-config 200 0 - 0.063 ms","timestamp":"2026-03-03 12:43:03"}
{"level":"info","message":"GET /api/calls/sip-config 304 - - 22.752 ms","timestamp":"2026-03-03 12:43:03"}
{"level":"info","message":"GET /api/calls/sip-config 304 - - 26.619 ms","timestamp":"2026-03-03 12:43:03"}
{"level":"info","message":"GET /api/attendance/2026/3 304 - - 72.916 ms","timestamp":"2026-03-03 12:43:03"}
{"level":"info","message":"GET /api/tasks 304 - - 89.551 ms","timestamp":"2026-03-03 12:43:03"}
{"level":"info","message":"GET /api/users 200 - - 125.531 ms","timestamp":"2026-03-03 12:43:03"}
{"level":"info","message":"GET /api/attendance/2026/3 304 - - 76.528 ms","timestamp":"2026-03-03 12:43:03"}
{"level":"info","message":"GET /api/users 304 - - 87.510 ms","timestamp":"2026-03-03 12:43:03"}
{"level":"info","message":"GET /api/tasks 304 - - 146.162 ms","timestamp":"2026-03-03 12:43:03"}
{"level":"info","message":"GET /api/messages/unread-count 304 - - 83.985 ms","timestamp":"2026-03-03 12:43:04"}
{"level":"info","message":"GET /api/messages/unread-count 304 - - 82.654 ms","timestamp":"2026-03-03 12:43:04"}
{"level":"info","message":"GET /api/calls/sip-config 304 - - 21.931 ms","timestamp":"2026-03-03 12:43:04"}
{"level":"info","message":"GET /api/calls/sip-config 304 - - 22.659 ms","timestamp":"2026-03-03 12:43:04"}
{"level":"info","message":"GET /api/tasks 304 - - 69.743 ms","timestamp":"2026-03-03 12:43:04"}
{"level":"info","message":"GET /api/attendance/2026/3 304 - - 117.963 ms","timestamp":"2026-03-03 12:43:05"}
{"level":"info","message":"GET /api/users 200 - - 113.847 ms","timestamp":"2026-03-03 12:43:05"}
{"level":"info","message":"GET /api/tasks 304 - - 77.739 ms","timestamp":"2026-03-03 12:43:05"}
{"level":"info","message":"GET /api/users 304 - - 102.642 ms","timestamp":"2026-03-03 12:43:05"}
{"level":"info","message":"GET /api/attendance/2026/3 304 - - 111.498 ms","timestamp":"2026-03-03 12:43:05"}
{"level":"info","message":"OPTIONS /api/calls 200 0 - 0.101 ms","timestamp":"2026-03-03 12:43:28"}
{"level":"info","message":"POST /api/calls 201 197 - 75.279 ms","timestamp":"2026-03-03 12:43:28"}
{"level":"info","message":"OPTIONS /api/attendance/2026/3 200 0 - 0.075 ms","timestamp":"2026-03-03 12:43:34"}
{"level":"info","message":"GET /api/attendance/2026/3 304 - - 113.947 ms","timestamp":"2026-03-03 12:43:34"}
{"level":"info","message":"OPTIONS /api/attendance/2026/3 200 0 - 0.092 ms","timestamp":"2026-03-03 12:44:04"}
{"level":"info","message":"GET /api/attendance/2026/3 304 - - 109.099 ms","timestamp":"2026-03-03 12:44:04"}
{"level":"info","message":"OPTIONS /api/calls/69a68a18cd4b6a864387b127 200 0 - 0.216 ms","timestamp":"2026-03-03 12:44:28"}
{"level":"info","message":"PATCH /api/calls/69a68a18cd4b6a864387b127 200 198 - 79.476 ms","timestamp":"2026-03-03 12:44:28"}
{"level":"info","message":"OPTIONS /api/attendance/2026/3 200 0 - 0.167 ms","timestamp":"2026-03-03 12:44:34"}
{"level":"info","message":"GET /api/attendance/2026/3 304 - - 112.531 ms","timestamp":"2026-03-03 12:44:34"}
{"level":"info","message":"OPTIONS /api/attendance/2026/3 200 0 - 0.103 ms","timestamp":"2026-03-03 12:45:05"}
{"level":"info","message":"GET /api/attendance/2026/3 304 - - 86.587 ms","timestamp":"2026-03-03 12:45:05"}
{"level":"info","message":"OPTIONS /api/attendance/2026/3 200 0 - 0.273 ms","timestamp":"2026-03-03 12:45:35"}
{"level":"info","message":"GET /api/attendance/2026/3 304 - - 65.877 ms","timestamp":"2026-03-03 12:45:35"}
{"level":"info","message":"OPTIONS /api/attendance/2026/3 200 0 - 0.071 ms","timestamp":"2026-03-03 12:46:06"}
{"level":"info","message":"GET /api/attendance/2026/3 304 - - 64.493 ms","timestamp":"2026-03-03 12:46:06"}
{"level":"info","message":"OPTIONS /api/attendance/2026/3 200 0 - 0.077 ms","timestamp":"2026-03-03 12:47:06"}
{"level":"info","message":"GET /api/attendance/2026/3 304 - - 60.605 ms","timestamp":"2026-03-03 12:47:06"}
{"level":"info","message":"OPTIONS /api/attendance/2026/3 200 0 - 0.071 ms","timestamp":"2026-03-03 12:48:06"}
{"level":"info","message":"GET /api/attendance/2026/3 304 - - 79.961 ms","timestamp":"2026-03-03 12:48:06"}
{"level":"info","message":"OPTIONS /api/attendance/2026/3 200 0 - 0.089 ms","timestamp":"2026-03-03 12:49:07"}
{"level":"info","message":"GET /api/attendance/2026/3 304 - - 159.028 ms","timestamp":"2026-03-03 12:49:07"}
{"level":"info","message":"OPTIONS /api/calls/sip-config 200 0 - 0.072 ms","timestamp":"2026-03-03 12:49:56"}
{"level":"info","message":"GET /api/calls/sip-config 304 - - 36.694 ms","timestamp":"2026-03-03 12:49:56"}
{"level":"info","message":"OPTIONS /api/attendance/2026/3 200 0 - 0.083 ms","timestamp":"2026-03-03 12:50:06"}
{"level":"info","message":"GET /api/attendance/2026/3 304 - - 76.912 ms","timestamp":"2026-03-03 12:50:06"}
{"level":"info","message":"OPTIONS /api/attendance/2026/3 200 0 - 0.073 ms","timestamp":"2026-03-03 12:51:06"}
{"level":"info","message":"GET /api/attendance/2026/3 304 - - 123.662 ms","timestamp":"2026-03-03 12:51:06"}
{"level":"info","message":"OPTIONS /api/attendance/2026/3 200 0 - 0.065 ms","timestamp":"2026-03-03 12:52:06"}
{"level":"info","message":"GET /api/attendance/2026/3 304 - - 62.443 ms","timestamp":"2026-03-03 12:52:06"}
{"level":"info","message":"OPTIONS /api/attendance/2026/3 200 0 - 0.055 ms","timestamp":"2026-03-03 12:53:06"}
{"level":"info","message":"GET /api/attendance/2026/3 304 - - 138.815 ms","timestamp":"2026-03-03 12:53:06"}
{"level":"info","message":"OPTIONS /api/attendance/2026/3 200 0 - 0.149 ms","timestamp":"2026-03-03 12:54:06"}
{"level":"info","message":"GET /api/attendance/2026/3 304 - - 64.773 ms","timestamp":"2026-03-03 12:54:06"}
{"level":"info","message":"OPTIONS /api/attendance/2026/3 200 0 - 0.045 ms","timestamp":"2026-03-03 12:55:06"}
{"level":"info","message":"GET /api/attendance/2026/3 304 - - 108.604 ms","timestamp":"2026-03-03 12:55:06"}
{"level":"info","message":"OPTIONS /api/attendance/2026/3 200 0 - 0.164 ms","timestamp":"2026-03-03 12:56:05"}
{"level":"info","message":"GET /api/attendance/2026/3 304 - - 126.564 ms","timestamp":"2026-03-03 12:56:05"}
{"level":"info","message":"OPTIONS /api/messages/unread-count 200 0 - 0.112 ms","timestamp":"2026-03-03 12:56:07"}
{"level":"info","message":"OPTIONS /api/messages/unread-count 200 0 - 0.099 ms","timestamp":"2026-03-03 12:56:07"}
{"level":"info","message":"GET /api/messages/unread-count 304 - - 76.744 ms","timestamp":"2026-03-03 12:56:07"}
{"level":"info","message":"GET /api/messages/unread-count 304 - - 72.700 ms","timestamp":"2026-03-03 12:56:07"}
{"level":"info","message":"OPTIONS /api/calls/sip-config 200 0 - 0.080 ms","timestamp":"2026-03-03 12:56:07"}
{"level":"info","message":"OPTIONS /api/users 200 0 - 0.052 ms","timestamp":"2026-03-03 12:56:07"}
{"level":"info","message":"OPTIONS /api/tasks 200 0 - 0.066 ms","timestamp":"2026-03-03 12:56:07"}
{"level":"info","message":"GET /api/calls/sip-config 304 - - 21.220 ms","timestamp":"2026-03-03 12:56:07"}
{"level":"info","message":"GET /api/calls/sip-config 304 - - 21.917 ms","timestamp":"2026-03-03 12:56:07"}
{"level":"info","message":"GET /api/tasks 304 - - 98.083 ms","timestamp":"2026-03-03 12:56:07"}
{"level":"info","message":"GET /api/attendance/2026/3 304 - - 129.075 ms","timestamp":"2026-03-03 12:56:07"}
{"level":"info","message":"GET /api/users 200 - - 135.411 ms","timestamp":"2026-03-03 12:56:07"}
{"level":"info","message":"GET /api/tasks 304 - - 90.496 ms","timestamp":"2026-03-03 12:56:07"}
{"level":"info","message":"GET /api/attendance/2026/3 304 - - 78.525 ms","timestamp":"2026-03-03 12:56:07"}
{"level":"info","message":"GET /api/users 304 - - 202.846 ms","timestamp":"2026-03-03 12:56:07"}
{"level":"info","message":"OPTIONS /api/messages/unread-count 200 0 - 0.084 ms","timestamp":"2026-03-03 12:56:13"}
{"level":"info","message":"OPTIONS /api/messages/unread-count 200 0 - 0.040 ms","timestamp":"2026-03-03 12:56:13"}
{"level":"info","message":"GET /api/messages/unread-count 304 - - 73.092 ms","timestamp":"2026-03-03 12:56:13"}
{"level":"info","message":"GET /api/messages/unread-count 304 - - 72.264 ms","timestamp":"2026-03-03 12:56:13"}
{"level":"info","message":"OPTIONS /api/attendance/2026/3 200 0 - 0.064 ms","timestamp":"2026-03-03 12:56:13"}
{"level":"info","message":"OPTIONS /api/calls/sip-config 200 0 - 0.045 ms","timestamp":"2026-03-03 12:56:13"}
{"level":"info","message":"OPTIONS /api/users 200 0 - 0.063 ms","timestamp":"2026-03-03 12:56:13"}
{"level":"info","message":"OPTIONS /api/tasks 200 0 - 0.076 ms","timestamp":"2026-03-03 12:56:13"}
{"level":"info","message":"GET /api/calls/sip-config 304 - - 21.799 ms","timestamp":"2026-03-03 12:56:13"}
{"level":"info","message":"GET /api/calls/sip-config 304 - - 21.929 ms","timestamp":"2026-03-03 12:56:13"}
{"level":"info","message":"GET /api/tasks 304 - - 70.700 ms","timestamp":"2026-03-03 12:56:13"}
{"level":"info","message":"GET /api/attendance/2026/3 304 - - 116.343 ms","timestamp":"2026-03-03 12:56:13"}
{"level":"info","message":"GET /api/users 200 - - 111.223 ms","timestamp":"2026-03-03 12:56:13"}
{"level":"info","message":"GET /api/tasks 304 - - 67.585 ms","timestamp":"2026-03-03 12:56:13"}
{"level":"info","message":"GET /api/users 304 - - 90.270 ms","timestamp":"2026-03-03 12:56:13"}
{"level":"info","message":"GET /api/attendance/2026/3 304 - - 113.824 ms","timestamp":"2026-03-03 12:56:13"}
{"level":"info","message":"OPTIONS /api/calls 200 0 - 0.096 ms","timestamp":"2026-03-03 12:56:35"}
{"level":"info","message":"POST /api/calls 201 197 - 79.761 ms","timestamp":"2026-03-03 12:56:35"}
{"level":"info","message":"OPTIONS /api/attendance/2026/3 200 0 - 0.215 ms","timestamp":"2026-03-03 12:56:43"}
{"level":"info","message":"GET /api/attendance/2026/3 304 - - 117.905 ms","timestamp":"2026-03-03 12:56:43"}
{"level":"info","message":"OPTIONS /api/attendance/2026/3 200 0 - 0.129 ms","timestamp":"2026-03-03 12:57:13"}
{"level":"info","message":"GET /api/attendance/2026/3 304 - - 113.768 ms","timestamp":"2026-03-03 12:57:13"}
{"level":"info","message":"OPTIONS /api/calls/69a68d2bcd4b6a864387b1b1 200 0 - 0.129 ms","timestamp":"2026-03-03 12:57:21"}
{"level":"info","message":"PATCH /api/calls/69a68d2bcd4b6a864387b1b1 200 198 - 77.825 ms","timestamp":"2026-03-03 12:57:21"}
{"level":"info","message":"OPTIONS /api/calls 200 0 - 0.094 ms","timestamp":"2026-03-03 12:57:22"}
{"level":"info","message":"POST /api/calls 201 197 - 73.612 ms","timestamp":"2026-03-03 12:57:22"}
{"level":"info","message":"OPTIONS /api/attendance/2026/3 200 0 - 0.070 ms","timestamp":"2026-03-03 12:57:43"}
{"level":"info","message":"GET /api/attendance/2026/3 304 - - 107.933 ms","timestamp":"2026-03-03 12:57:43"}
{"level":"info","message":"OPTIONS /api/attendance/2026/3 200 0 - 0.113 ms","timestamp":"2026-03-03 12:58:14"}
{"level":"info","message":"GET /api/attendance/2026/3 304 - - 121.539 ms","timestamp":"2026-03-03 12:58:14"}
{"level":"info","message":"OPTIONS /api/attendance/2026/3 200 0 - 0.107 ms","timestamp":"2026-03-03 12:58:44"}
{"level":"info","message":"GET /api/attendance/2026/3 304 - - 118.554 ms","timestamp":"2026-03-03 12:58:44"}
{"level":"info","message":"OPTIONS /api/calls/sip-config 200 0 - 0.062 ms","timestamp":"2026-03-03 12:58:51"}
{"level":"info","message":"GET /api/calls/sip-config 304 - - 37.046 ms","timestamp":"2026-03-03 12:58:51"}
{"level":"info","message":"OPTIONS /api/attendance/2026/3 200 0 - 0.062 ms","timestamp":"2026-03-03 13:00:06"}
{"level":"info","message":"GET /api/attendance/2026/3 304 - - 108.279 ms","timestamp":"2026-03-03 13:00:06"}
{"level":"info","message":"OPTIONS /api/messages/unread-count 200 0 - 0.060 ms","timestamp":"2026-03-03 13:00:11"}
{"level":"info","message":"OPTIONS /api/messages/unread-count 200 0 - 0.081 ms","timestamp":"2026-03-03 13:00:11"}
{"level":"info","message":"GET /api/messages/unread-count 304 - - 77.544 ms","timestamp":"2026-03-03 13:00:11"}
{"level":"info","message":"GET /api/messages/unread-count 304 - - 72.288 ms","timestamp":"2026-03-03 13:00:11"}
{"level":"info","message":"OPTIONS /api/attendance/2026/3 200 0 - 0.161 ms","timestamp":"2026-03-03 13:00:11"}
{"level":"info","message":"OPTIONS /api/calls/sip-config 200 0 - 0.052 ms","timestamp":"2026-03-03 13:00:11"}
{"level":"info","message":"OPTIONS /api/users 200 0 - 0.081 ms","timestamp":"2026-03-03 13:00:11"}
{"level":"info","message":"OPTIONS /api/tasks 200 0 - 0.073 ms","timestamp":"2026-03-03 13:00:11"}
{"level":"info","message":"OPTIONS /api/tasks 200 0 - 0.073 ms","timestamp":"2026-03-03 13:00:11"}
{"level":"info","message":"GET /api/calls/sip-config 304 - - 21.277 ms","timestamp":"2026-03-03 13:00:11"}
{"level":"info","message":"GET /api/calls/sip-config 304 - - 27.214 ms","timestamp":"2026-03-03 13:00:11"}
{"level":"info","message":"GET /api/tasks 304 - - 92.697 ms","timestamp":"2026-03-03 13:00:11"}
{"level":"info","message":"GET /api/attendance/2026/3 304 - - 140.845 ms","timestamp":"2026-03-03 13:00:11"}
{"level":"info","message":"GET /api/users 200 - - 130.703 ms","timestamp":"2026-03-03 13:00:11"}
{"level":"info","message":"GET /api/tasks 304 - - 86.806 ms","timestamp":"2026-03-03 13:00:11"}
{"level":"info","message":"GET /api/users 304 - - 83.778 ms","timestamp":"2026-03-03 13:00:11"}
{"level":"info","message":"GET /api/attendance/2026/3 304 - - 107.620 ms","timestamp":"2026-03-03 13:00:11"}
{"level":"info","message":"GET /api/messages/unread-count 304 - - 74.726 ms","timestamp":"2026-03-03 13:00:13"}
{"level":"info","message":"GET /api/messages/unread-count - - - - ms","timestamp":"2026-03-03 13:00:13"}
{"level":"info","message":"GET /api/messages/unread-count 200 17 - 42.349 ms","timestamp":"2026-03-03 13:00:14"}
{"level":"info","message":"GET /api/messages/unread-count 304 - - 47.219 ms","timestamp":"2026-03-03 13:00:14"}
{"level":"info","message":"GET /api/calls/sip-config 304 - - 36.441 ms","timestamp":"2026-03-03 13:00:14"}
{"level":"info","message":"GET /api/attendance/2026/3 304 - - 61.565 ms","timestamp":"2026-03-03 13:00:14"}
{"level":"info","message":"GET /api/tasks 304 - - 68.156 ms","timestamp":"2026-03-03 13:00:14"}
{"level":"info","message":"GET /api/calls/sip-config 304 - - 42.452 ms","timestamp":"2026-03-03 13:00:14"}
{"level":"info","message":"GET /api/users 200 - - 107.989 ms","timestamp":"2026-03-03 13:00:14"}
{"level":"info","message":"GET /api/attendance/2026/3 304 - - 71.265 ms","timestamp":"2026-03-03 13:00:14"}
{"level":"info","message":"GET /api/tasks 304 - - 94.773 ms","timestamp":"2026-03-03 13:00:14"}
{"level":"info","message":"GET /api/users 304 - - 77.885 ms","timestamp":"2026-03-03 13:00:14"}
{"level":"info","message":"OPTIONS /api/calls 200 0 - 0.153 ms","timestamp":"2026-03-03 13:00:28"}
{"level":"info","message":"POST /api/calls 201 197 - 48.789 ms","timestamp":"2026-03-03 13:00:28"}
{"level":"info","message":"OPTIONS /api/attendance/2026/3 200 0 - 0.067 ms","timestamp":"2026-03-03 13:00:44"}
{"level":"info","message":"GET /api/attendance/2026/3 304 - - 62.716 ms","timestamp":"2026-03-03 13:00:44"}
{"level":"info","message":"OPTIONS /api/calls/69a68e14cd4b6a864387b219 200 0 - 0.071 ms","timestamp":"2026-03-03 13:01:11"}
{"level":"info","message":"PATCH /api/calls/69a68e14cd4b6a864387b219 200 198 - 44.216 ms","timestamp":"2026-03-03 13:01:12"}
{"level":"info","message":"OPTIONS /api/attendance/2026/3 200 0 - 0.090 ms","timestamp":"2026-03-03 13:01:14"}
{"level":"info","message":"GET /api/attendance/2026/3 304 - - 69.546 ms","timestamp":"2026-03-03 13:01:14"}
{"level":"info","message":"OPTIONS /api/attendance/2026/3 200 0 - 0.139 ms","timestamp":"2026-03-03 13:01:45"}
{"level":"info","message":"GET /api/attendance/2026/3 304 - - 67.731 ms","timestamp":"2026-03-03 13:01:45"}
{"level":"info","message":"OPTIONS /api/attendance/2026/3 200 0 - 0.162 ms","timestamp":"2026-03-03 13:02:14"}
{"level":"info","message":"GET /api/attendance/2026/3 304 - - 69.941 ms","timestamp":"2026-03-03 13:02:14"}
{"level":"info","message":"OPTIONS /api/attendance/2026/3 200 0 - 0.078 ms","timestamp":"2026-03-03 13:02:45"}
{"level":"info","message":"GET /api/attendance/2026/3 304 - - 61.943 ms","timestamp":"2026-03-03 13:02:45"}
{"level":"info","message":"OPTIONS /api/attendance/2026/3 200 0 - 0.058 ms","timestamp":"2026-03-03 13:03:15"}
{"level":"info","message":"GET /api/attendance/2026/3 304 - - 116.843 ms","timestamp":"2026-03-03 13:03:15"}
{"level":"info","message":"OPTIONS /api/attendance/2026/3 200 0 - 0.062 ms","timestamp":"2026-03-03 13:04:06"}
{"level":"info","message":"GET /api/attendance/2026/3 304 - - 106.944 ms","timestamp":"2026-03-03 13:04:06"}
{"level":"info","message":"OPTIONS /api/attendance/2026/3 200 0 - 0.080 ms","timestamp":"2026-03-03 13:05:06"}
{"level":"info","message":"GET /api/attendance/2026/3 304 - - 108.104 ms","timestamp":"2026-03-03 13:05:06"}
{"level":"info","message":"OPTIONS /api/calls/sip-config 200 0 - 0.079 ms","timestamp":"2026-03-03 13:05:40"}
{"level":"info","message":"GET /api/calls/sip-config 304 - - 36.898 ms","timestamp":"2026-03-03 13:05:40"}
{"level":"info","message":"OPTIONS /api/attendance/2026/3 200 0 - 0.054 ms","timestamp":"2026-03-03 13:06:06"}
{"level":"info","message":"GET /api/attendance/2026/3 304 - - 132.433 ms","timestamp":"2026-03-03 13:06:06"}
{"level":"info","message":"OPTIONS /api/attendance/2026/3 200 0 - 0.124 ms","timestamp":"2026-03-03 13:07:06"}
{"level":"info","message":"GET /api/attendance/2026/3 401 31 - 1.808 ms","timestamp":"2026-03-03 13:07:06"}
{"level":"info","message":"OPTIONS /api/auth/login 200 0 - 0.100 ms","timestamp":"2026-03-03 14:07:32"}
{"level":"info","message":"POST /api/auth/login 200 770 - 295.013 ms","timestamp":"2026-03-03 14:07:32"}
{"level":"info","message":"OPTIONS /api/messages/unread-count 200 0 - 0.086 ms","timestamp":"2026-03-03 14:07:32"}
{"level":"info","message":"GET /api/messages/unread-count 304 - - 87.061 ms","timestamp":"2026-03-03 14:07:33"}
{"level":"info","message":"OPTIONS /api/attendance/2026/3 200 0 - 0.103 ms","timestamp":"2026-03-03 14:07:34"}
{"level":"info","message":"OPTIONS /api/appointments/revenue/reports 200 0 - 0.103 ms","timestamp":"2026-03-03 14:07:34"}
{"level":"info","message":"OPTIONS /api/appointments 200 0 - 0.070 ms","timestamp":"2026-03-03 14:07:34"}
{"level":"info","message":"OPTIONS /api/tasks 200 0 - 0.059 ms","timestamp":"2026-03-03 14:07:34"}
{"level":"info","message":"OPTIONS /api/users/all 200 0 - 0.082 ms","timestamp":"2026-03-03 14:07:34"}
{"level":"info","message":"OPTIONS /api/attendance/range?start=2026-02-28T18:30:00.000Z&end=2026-03-31T18:29:59.999Z 200 0 - 0.173 ms","timestamp":"2026-03-03 14:07:34"}
{"level":"info","message":"OPTIONS /api/admin-status 200 0 - 0.067 ms","timestamp":"2026-03-03 14:07:34"}
{"level":"info","message":"OPTIONS /api/appointments/stats?month=3&year=2026 200 0 - 0.057 ms","timestamp":"2026-03-03 14:07:34"}
{"level":"info","message":"OPTIONS /api/appointments/stats?month=2&year=2026 200 0 - 0.068 ms","timestamp":"2026-03-03 14:07:34"}
{"level":"info","message":"OPTIONS /api/appointments/revenue 200 0 - 0.072 ms","timestamp":"2026-03-03 14:07:34"}
{"level":"info","message":"OPTIONS /api/users 200 0 - 0.082 ms","timestamp":"2026-03-03 14:07:34"}
{"level":"info","message":"GET /api/admin-status 200 49 - 51.635 ms","timestamp":"2026-03-03 14:07:34"}
{"level":"info","message":"GET /api/appointments/revenue/reports 304 - - 70.924 ms","timestamp":"2026-03-03 14:07:34"}
{"level":"info","message":"GET /api/appointments 304 - - 142.304 ms","timestamp":"2026-03-03 14:07:34"}
{"level":"info","message":"GET /api/attendance/2026/3 200 - - 140.832 ms","timestamp":"2026-03-03 14:07:34"}
{"level":"info","message":"GET /api/users/all 200 - - 127.266 ms","timestamp":"2026-03-03 14:07:34"}
{"level":"info","message":"GET /api/appointments/stats?month=2&year=2026 304 - - 81.669 ms","timestamp":"2026-03-03 14:07:34"}
{"level":"info","message":"GET /api/attendance/range?start=2026-02-28T18:30:00.000Z&end=2026-03-31T18:29:59.999Z 200 - - 101.031 ms","timestamp":"2026-03-03 14:07:34"}
{"level":"info","message":"GET /api/appointments/stats?month=3&year=2026 200 11 - 45.837 ms","timestamp":"2026-03-03 14:07:34"}
{"level":"info","message":"GET /api/admin-status 304 - - 40.074 ms","timestamp":"2026-03-03 14:07:34"}
{"level":"info","message":"GET /api/appointments/revenue 304 - - 66.290 ms","timestamp":"2026-03-03 14:07:34"}
{"level":"info","message":"GET /api/appointments/revenue/reports 304 - - 93.043 ms","timestamp":"2026-03-03 14:07:34"}
{"level":"info","message":"GET /api/tasks 304 - - 291.419 ms","timestamp":"2026-03-03 14:07:34"}
{"level":"info","message":"GET /api/attendance/2026/3 304 - - 104.117 ms","timestamp":"2026-03-03 14:07:34"}
{"level":"info","message":"GET /api/users 200 - - 127.608 ms","timestamp":"2026-03-03 14:07:34"}
{"level":"info","message":"GET /api/users/all 304 - - 121.356 ms","timestamp":"2026-03-03 14:07:34"}
{"level":"info","message":"GET /api/appointments/stats?month=2&year=2026 304 - - 66.092 ms","timestamp":"2026-03-03 14:07:34"}
{"level":"info","message":"GET /api/appointments 304 - - 167.276 ms","timestamp":"2026-03-03 14:07:34"}
{"level":"info","message":"GET /api/attendance/range?start=2026-02-28T18:30:00.000Z&end=2026-03-31T18:29:59.999Z 304 - - 85.698 ms","timestamp":"2026-03-03 14:07:34"}
{"level":"info","message":"GET /api/appointments/stats?month=3&year=2026 304 - - 86.821 ms","timestamp":"2026-03-03 14:07:34"}
{"level":"info","message":"GET /api/appointments/revenue 304 - - 81.934 ms","timestamp":"2026-03-03 14:07:34"}
{"level":"info","message":"GET /api/users 304 - - 78.467 ms","timestamp":"2026-03-03 14:07:34"}
{"level":"info","message":"GET /api/tasks 304 - - 84.970 ms","timestamp":"2026-03-03 14:07:34"}
{"level":"info","message":"GET /api/tasks 304 - - 111.059 ms","timestamp":"2026-03-03 14:07:34"}
{"level":"info","message":"GET /api/tasks 304 - - 110.304 ms","timestamp":"2026-03-03 14:07:34"}
{"level":"info","message":"OPTIONS /api/messages/unread-count 200 0 - 0.154 ms","timestamp":"2026-03-03 14:07:41"}
{"level":"info","message":"OPTIONS /api/messages/unread-count 200 0 - 0.194 ms","timestamp":"2026-03-03 14:07:41"}
{"level":"info","message":"GET /api/messages/unread-count 304 - - 74.161 ms","timestamp":"2026-03-03 14:07:41"}
{"level":"info","message":"GET /api/messages/unread-count 304 - - 72.575 ms","timestamp":"2026-03-03 14:07:41"}
{"level":"info","message":"OPTIONS /api/attendance/2026/3 200 0 - 0.090 ms","timestamp":"2026-03-03 14:07:41"}
{"level":"info","message":"OPTIONS /api/calls/sip-config 200 0 - 0.066 ms","timestamp":"2026-03-03 14:07:41"}
{"level":"info","message":"OPTIONS /api/users 200 0 - 0.123 ms","timestamp":"2026-03-03 14:07:41"}
{"level":"info","message":"OPTIONS /api/tasks 200 0 - 0.099 ms","timestamp":"2026-03-03 14:07:41"}
{"level":"info","message":"GET /api/calls/sip-config 304 - - 27.610 ms","timestamp":"2026-03-03 14:07:41"}
{"level":"info","message":"GET /api/calls/sip-config 304 - - 35.291 ms","timestamp":"2026-03-03 14:07:41"}
{"level":"info","message":"GET /api/tasks 304 - - 91.711 ms","timestamp":"2026-03-03 14:07:41"}
{"level":"info","message":"GET /api/attendance/2026/3 304 - - 134.356 ms","timestamp":"2026-03-03 14:07:41"}
{"level":"info","message":"GET /api/users 200 - - 135.237 ms","timestamp":"2026-03-03 14:07:41"}
{"level":"info","message":"GET /api/tasks 304 - - 99.914 ms","timestamp":"2026-03-03 14:07:41"}
{"level":"info","message":"GET /api/attendance/2026/3 304 - - 86.107 ms","timestamp":"2026-03-03 14:07:42"}
{"level":"info","message":"GET /api/users 304 - - 228.525 ms","timestamp":"2026-03-03 14:07:42"}
{"level":"info","message":"OPTIONS /api/calls 200 0 - 0.081 ms","timestamp":"2026-03-03 14:07:58"}
{"level":"info","message":"POST /api/calls 201 197 - 95.705 ms","timestamp":"2026-03-03 14:07:58"}
{"level":"info","message":"OPTIONS /api/attendance/2026/3 200 0 - 0.255 ms","timestamp":"2026-03-03 14:08:11"}
{"level":"info","message":"GET /api/attendance/2026/3 304 - - 115.624 ms","timestamp":"2026-03-03 14:08:11"}
{"level":"info","message":"OPTIONS /api/calls/69a69de6cd4b6a864387b2c0 200 0 - 0.086 ms","timestamp":"2026-03-03 14:08:32"}
{"level":"info","message":"PATCH /api/calls/69a69de6cd4b6a864387b2c0 200 198 - 85.128 ms","timestamp":"2026-03-03 14:08:32"}
{"level":"info","message":"OPTIONS /api/attendance/2026/3 200 0 - 0.151 ms","timestamp":"2026-03-03 14:08:41"}
{"level":"info","message":"GET /api/attendance/2026/3 304 - - 118.171 ms","timestamp":"2026-03-03 14:08:41"}
{"level":"info","message":"OPTIONS /api/attendance/2026/3 200 0 - 0.166 ms","timestamp":"2026-03-03 14:09:12"}
{"level":"info","message":"GET /api/attendance/2026/3 304 - - 113.534 ms","timestamp":"2026-03-03 14:09:12"}
{"level":"info","message":"OPTIONS /api/calls/sip-config 200 0 - 0.073 ms","timestamp":"2026-03-03 14:09:33"}
{"level":"info","message":"GET /api/calls/sip-config 304 - - 36.811 ms","timestamp":"2026-03-03 14:09:33"}
{"level":"info","message":"OPTIONS /api/attendance/2026/3 200 0 - 0.091 ms","timestamp":"2026-03-03 14:09:42"}
{"level":"info","message":"GET /api/attendance/2026/3 304 - - 61.228 ms","timestamp":"2026-03-03 14:09:42"}
{"level":"info","message":"OPTIONS /api/attendance/2026/3 200 0 - 0.135 ms","timestamp":"2026-03-03 14:10:12"}
{"level":"info","message":"GET /api/attendance/2026/3 304 - - 66.453 ms","timestamp":"2026-03-03 14:10:12"}
{"level":"info","message":"OPTIONS /api/attendance/2026/3 200 0 - 0.066 ms","timestamp":"2026-03-03 14:10:42"}
{"level":"info","message":"GET /api/attendance/2026/3 304 - - 109.148 ms","timestamp":"2026-03-03 14:10:42"}
{"level":"info","message":"OPTIONS /api/attendance/2026/3 200 0 - 0.123 ms","timestamp":"2026-03-03 14:11:43"}
{"level":"info","message":"GET /api/attendance/2026/3 304 - - 112.763 ms","timestamp":"2026-03-03 14:11:43"}
{"level":"info","message":"OPTIONS /api/attendance/2026/3 200 0 - 0.160 ms","timestamp":"2026-03-03 14:12:44"}
{"level":"info","message":"GET /api/attendance/2026/3 304 - - 112.434 ms","timestamp":"2026-03-03 14:12:44"}
{"level":"info","message":"OPTIONS /api/attendance/2026/3 200 0 - 0.178 ms","timestamp":"2026-03-03 14:13:45"}
{"level":"info","message":"GET /api/attendance/2026/3 304 - - 112.761 ms","timestamp":"2026-03-03 14:13:45"}
{"level":"info","message":"OPTIONS /api/attendance/2026/3 200 0 - 0.254 ms","timestamp":"2026-03-03 14:14:46"}
{"level":"info","message":"GET /api/attendance/2026/3 304 - - 68.472 ms","timestamp":"2026-03-03 14:14:46"}
{"level":"info","message":"OPTIONS /api/attendance/2026/3 200 0 - 0.170 ms","timestamp":"2026-03-03 14:15:47"}
{"level":"info","message":"GET /api/attendance/2026/3 304 - - 116.649 ms","timestamp":"2026-03-03 14:15:47"}
{"level":"info","message":"OPTIONS /api/attendance/2026/3 200 0 - 0.089 ms","timestamp":"2026-03-03 14:16:12"}
{"level":"info","message":"GET /api/attendance/2026/3 304 - - 112.583 ms","timestamp":"2026-03-03 14:16:13"}
{"level":"info","message":"OPTIONS /api/attendance/2026/3 200 0 - 0.058 ms","timestamp":"2026-03-03 14:16:42"}
{"level":"info","message":"GET /api/attendance/2026/3 304 - - 115.926 ms","timestamp":"2026-03-03 14:16:42"}
{"level":"info","message":"OPTIONS /api/attendance/2026/3 200 0 - 0.161 ms","timestamp":"2026-03-03 14:17:12"}
{"level":"info","message":"GET /api/attendance/2026/3 304 - - 127.676 ms","timestamp":"2026-03-03 14:17:12"}
{"level":"info","message":"OPTIONS /api/attendance/2026/3 200 0 - 0.065 ms","timestamp":"2026-03-03 14:18:06"}
{"level":"info","message":"GET /api/attendance/2026/3 304 - - 61.625 ms","timestamp":"2026-03-03 14:18:06"}
{"level":"info","message":"OPTIONS /api/attendance/2026/3 200 0 - 0.065 ms","timestamp":"2026-03-03 14:19:06"}
{"level":"info","message":"GET /api/attendance/2026/3 304 - - 109.197 ms","timestamp":"2026-03-03 14:19:06"}
{"level":"info","message":"GET / 200 4663 - 4.224 ms","timestamp":"2026-03-03 14:19:11"}
{"level":"info","message":"GET / 200 4663 - 0.992 ms","timestamp":"2026-03-03 14:19:32"}
{"level":"info","message":"GET / 200 4663 - 0.944 ms","timestamp":"2026-03-03 14:20:01"}
{"level":"info","message":"OPTIONS /api/attendance/2026/3 200 0 - 0.047 ms","timestamp":"2026-03-03 14:20:06"}
{"level":"info","message":"GET /api/attendance/2026/3 304 - - 61.065 ms","timestamp":"2026-03-03 14:20:06"}
{"level":"info","message":"OPTIONS /api/attendance/2026/3 200 0 - 0.110 ms","timestamp":"2026-03-03 14:21:06"}
{"level":"info","message":"GET /api/attendance/2026/3 304 - - 110.318 ms","timestamp":"2026-03-03 14:21:06"}
{"level":"info","message":"OPTIONS /api/attendance/2026/3 200 0 - 0.084 ms","timestamp":"2026-03-03 14:22:06"}
{"level":"info","message":"GET /api/attendance/2026/3 304 - - 64.107 ms","timestamp":"2026-03-03 14:22:06"}
{"level":"info","message":"OPTIONS /api/attendance/2026/3 200 0 - 0.144 ms","timestamp":"2026-03-03 14:23:06"}
{"level":"info","message":"GET /api/attendance/2026/3 304 - - 121.820 ms","timestamp":"2026-03-03 14:23:06"}
{"level":"info","message":"OPTIONS /api/attendance/2026/3 200 0 - 0.053 ms","timestamp":"2026-03-03 14:24:06"}
{"level":"info","message":"GET /api/attendance/2026/3 304 - - 61.989 ms","timestamp":"2026-03-03 14:24:06"}
{"level":"info","message":"OPTIONS /api/attendance/2026/3 200 0 - 0.061 ms","timestamp":"2026-03-03 14:25:06"}
{"level":"info","message":"GET /api/attendance/2026/3 304 - - 122.431 ms","timestamp":"2026-03-03 14:25:06"}
{"level":"info","message":"OPTIONS /api/attendance/2026/3 200 0 - 0.062 ms","timestamp":"2026-03-03 14:26:06"}
{"level":"info","message":"GET /api/attendance/2026/3 304 - - 60.569 ms","timestamp":"2026-03-03 14:26:06"}
{"level":"info","message":"OPTIONS /api/attendance/2026/3 200 0 - 0.102 ms","timestamp":"2026-03-03 14:26:28"}
{"level":"info","message":"GET /api/attendance/2026/3 304 - - 64.224 ms","timestamp":"2026-03-03 14:26:28"}
{"level":"info","message":"OPTIONS /api/attendance/2026/3 200 0 - 0.062 ms","timestamp":"2026-03-03 14:26:42"}
{"level":"info","message":"GET /api/attendance/2026/3 304 - - 107.318 ms","timestamp":"2026-03-03 14:26:42"}
{"level":"info","message":"OPTIONS /api/attendance/2026/3 200 0 - 0.088 ms","timestamp":"2026-03-03 14:27:12"}
{"level":"info","message":"GET /api/attendance/2026/3 304 - - 137.502 ms","timestamp":"2026-03-03 14:27:12"}
{"level":"info","message":"OPTIONS /api/attendance/2026/3 200 0 - 0.075 ms","timestamp":"2026-03-03 14:28:06"}
{"level":"info","message":"GET /api/attendance/2026/3 304 - - 61.526 ms","timestamp":"2026-03-03 14:28:06"}
{"level":"info","message":"OPTIONS /api/attendance/2026/3 200 0 - 0.055 ms","timestamp":"2026-03-03 14:29:06"}
{"level":"info","message":"GET /api/attendance/2026/3 304 - - 113.671 ms","timestamp":"2026-03-03 14:29:06"}
{"level":"info","message":"OPTIONS /api/attendance/2026/3 200 0 - 0.080 ms","timestamp":"2026-03-03 14:30:06"}
{"level":"info","message":"GET /api/attendance/2026/3 304 - - 61.720 ms","timestamp":"2026-03-03 14:30:06"}
{"level":"info","message":"OPTIONS /api/attendance/2026/3 200 0 - 0.061 ms","timestamp":"2026-03-03 14:31:06"}
{"level":"info","message":"GET /api/attendance/2026/3 304 - - 107.296 ms","timestamp":"2026-03-03 14:31:06"}
{"level":"info","message":"OPTIONS /api/attendance/2026/3 200 0 - 0.107 ms","timestamp":"2026-03-03 14:32:06"}
{"level":"info","message":"GET /api/attendance/2026/3 304 - - 60.254 ms","timestamp":"2026-03-03 14:32:06"}
{"level":"info","message":"OPTIONS /api/attendance/2026/3 200 0 - 0.120 ms","timestamp":"2026-03-03 14:32:35"}
{"level":"info","message":"GET /api/attendance/2026/3 304 - - 79.344 ms","timestamp":"2026-03-03 14:32:35"}
{"level":"info","message":"OPTIONS /api/messages/unread-count 200 0 - 0.097 ms","timestamp":"2026-03-03 14:32:39"}
{"level":"info","message":"OPTIONS /api/messages/unread-count 200 0 - 0.064 ms","timestamp":"2026-03-03 14:32:39"}
{"level":"info","message":"GET /api/messages/unread-count 304 - - 44.459 ms","timestamp":"2026-03-03 14:32:39"}
{"level":"info","message":"GET /api/messages/unread-count 304 - - 52.979 ms","timestamp":"2026-03-03 14:32:39"}
{"level":"info","message":"OPTIONS /api/calls/sip-config 200 0 - 0.057 ms","timestamp":"2026-03-03 14:32:40"}
{"level":"info","message":"OPTIONS /api/users 200 0 - 0.065 ms","timestamp":"2026-03-03 14:32:40"}
{"level":"info","message":"OPTIONS /api/tasks 200 0 - 0.066 ms","timestamp":"2026-03-03 14:32:40"}
{"level":"info","message":"OPTIONS /api/tasks 200 0 - 0.077 ms","timestamp":"2026-03-03 14:32:40"}
{"level":"info","message":"GET /api/calls/sip-config 304 - - 40.381 ms","timestamp":"2026-03-03 14:32:40"}
{"level":"info","message":"GET /api/attendance/2026/3 304 - - 62.463 ms","timestamp":"2026-03-03 14:32:40"}
{"level":"info","message":"GET /api/tasks 304 - - 69.145 ms","timestamp":"2026-03-03 14:32:40"}
{"level":"info","message":"GET /api/calls/sip-config 304 - - 39.655 ms","timestamp":"2026-03-03 14:32:40"}
{"level":"info","message":"GET /api/users 200 - - 123.550 ms","timestamp":"2026-03-03 14:32:40"}
{"level":"info","message":"GET /api/attendance/2026/3 304 - - 71.296 ms","timestamp":"2026-03-03 14:32:40"}
{"level":"info","message":"GET /api/tasks 304 - - 96.813 ms","timestamp":"2026-03-03 14:32:40"}
{"level":"info","message":"GET /api/users 304 - - 126.874 ms","timestamp":"2026-03-03 14:32:40"}
{"level":"info","message":"GET /api/messages/unread-count 304 - - 43.394 ms","timestamp":"2026-03-03 14:32:43"}
{"level":"info","message":"GET /api/messages/unread-count 304 - - 45.260 ms","timestamp":"2026-03-03 14:32:43"}
{"level":"info","message":"OPTIONS /api/attendance/2026/3 200 0 - 0.108 ms","timestamp":"2026-03-03 14:32:44"}
{"level":"info","message":"GET /api/calls/sip-config 304 - - 21.796 ms","timestamp":"2026-03-03 14:32:44"}
{"level":"info","message":"GET /api/calls/sip-config 304 - - 21.349 ms","timestamp":"2026-03-03 14:32:44"}
{"level":"info","message":"GET /api/tasks 304 - - 69.550 ms","timestamp":"2026-03-03 14:32:44"}
{"level":"info","message":"GET /api/attendance/2026/3 304 - - 73.569 ms","timestamp":"2026-03-03 14:32:44"}
{"level":"info","message":"GET /api/attendance/2026/3 304 - - 62.304 ms","timestamp":"2026-03-03 14:32:44"}
{"level":"info","message":"GET /api/tasks 304 - - 72.477 ms","timestamp":"2026-03-03 14:32:44"}
{"level":"info","message":"GET /api/users 200 - - 217.640 ms","timestamp":"2026-03-03 14:32:44"}
{"level":"info","message":"GET /api/users 304 - - 128.057 ms","timestamp":"2026-03-03 14:32:44"}
{"level":"info","message":"OPTIONS /api/messages/unread-count 200 0 - 0.076 ms","timestamp":"2026-03-03 14:32:45"}
{"level":"info","message":"OPTIONS /api/messages/unread-count 200 0 - 0.091 ms","timestamp":"2026-03-03 14:32:45"}
{"level":"info","message":"GET /api/messages/unread-count 304 - - 76.150 ms","timestamp":"2026-03-03 14:32:45"}
{"level":"info","message":"GET /api/messages/unread-count 304 - - 72.476 ms","timestamp":"2026-03-03 14:32:45"}
{"level":"info","message":"OPTIONS /api/calls/sip-config 200 0 - 0.117 ms","timestamp":"2026-03-03 14:32:46"}
{"level":"info","message":"OPTIONS /api/users 200 0 - 0.068 ms","timestamp":"2026-03-03 14:32:46"}
{"level":"info","message":"OPTIONS /api/tasks 200 0 - 0.047 ms","timestamp":"2026-03-03 14:32:46"}
{"level":"info","message":"OPTIONS /api/tasks 200 0 - 0.059 ms","timestamp":"2026-03-03 14:32:46"}
{"level":"info","message":"GET /api/calls/sip-config 304 - - 21.396 ms","timestamp":"2026-03-03 14:32:46"}
{"level":"info","message":"GET /api/calls/sip-config 304 - - 20.703 ms","timestamp":"2026-03-03 14:32:46"}
{"level":"info","message":"GET /api/tasks 304 - - 70.678 ms","timestamp":"2026-03-03 14:32:46"}
{"level":"info","message":"GET /api/attendance/2026/3 304 - - 110.825 ms","timestamp":"2026-03-03 14:32:46"}
{"level":"info","message":"GET /api/users 200 - - 114.731 ms","timestamp":"2026-03-03 14:32:46"}
{"level":"info","message":"GET /api/tasks 304 - - 70.881 ms","timestamp":"2026-03-03 14:32:46"}
{"level":"info","message":"GET /api/users 304 - - 77.835 ms","timestamp":"2026-03-03 14:32:46"}
{"level":"info","message":"GET /api/attendance/2026/3 304 - - 110.187 ms","timestamp":"2026-03-03 14:32:46"}
{"level":"info","message":"OPTIONS /api/calls 200 0 - 0.073 ms","timestamp":"2026-03-03 14:33:01"}
{"level":"info","message":"POST /api/calls 201 197 - 82.676 ms","timestamp":"2026-03-03 14:33:01"}
{"level":"info","message":"OPTIONS /api/attendance/2026/3 200 0 - 0.059 ms","timestamp":"2026-03-03 14:33:16"}
{"level":"info","message":"GET /api/attendance/2026/3 304 - - 109.233 ms","timestamp":"2026-03-03 14:33:16"}
{"level":"info","message":"OPTIONS /api/attendance/2026/3 200 0 - 0.066 ms","timestamp":"2026-03-03 14:33:46"}
{"level":"info","message":"GET /api/attendance/2026/3 304 - - 108.296 ms","timestamp":"2026-03-03 14:33:46"}
{"level":"info","message":"OPTIONS /api/calls/69a6a3c5cd4b6a864387b3a9 200 0 - 0.095 ms","timestamp":"2026-03-03 14:34:01"}
{"level":"info","message":"PATCH /api/calls/69a6a3c5cd4b6a864387b3a9 200 198 - 84.407 ms","timestamp":"2026-03-03 14:34:01"}
{"level":"info","message":"OPTIONS /api/attendance/2026/3 200 0 - 0.053 ms","timestamp":"2026-03-03 14:34:16"}
{"level":"info","message":"GET /api/attendance/2026/3 304 - - 108.237 ms","timestamp":"2026-03-03 14:34:16"}
{"level":"info","message":"OPTIONS /api/attendance/2026/3 200 0 - 0.088 ms","timestamp":"2026-03-03 14:34:46"}
{"level":"info","message":"GET /api/attendance/2026/3 304 - - 88.620 ms","timestamp":"2026-03-03 14:34:46"}
{"level":"info","message":"OPTIONS /api/attendance/2026/3 200 0 - 0.056 ms","timestamp":"2026-03-03 14:35:16"}
{"level":"info","message":"GET /api/attendance/2026/3 304 - - 78.097 ms","timestamp":"2026-03-03 14:35:16"}
{"level":"info","message":"OPTIONS /api/attendance/2026/3 200 0 - 0.225 ms","timestamp":"2026-03-03 14:35:46"}
{"level":"info","message":"GET /api/attendance/2026/3 304 - - 119.443 ms","timestamp":"2026-03-03 14:35:46"}
{"level":"info","message":"OPTIONS /api/calls/sip-config 200 0 - 0.051 ms","timestamp":"2026-03-03 14:36:41"}
{"level":"info","message":"GET /api/calls/sip-config 304 - - 36.408 ms","timestamp":"2026-03-03 14:36:41"}
{"level":"info","message":"OPTIONS /api/attendance/2026/3 200 0 - 0.073 ms","timestamp":"2026-03-03 14:36:47"}
{"level":"info","message":"GET /api/attendance/2026/3 304 - - 113.901 ms","timestamp":"2026-03-03 14:36:47"}
{"level":"info","message":"OPTIONS /api/attendance/2026/3 200 0 - 0.238 ms","timestamp":"2026-03-03 14:37:48"}
{"level":"info","message":"GET /api/attendance/2026/3 304 - - 125.261 ms","timestamp":"2026-03-03 14:37:48"}
{"level":"info","message":"OPTIONS /api/attendance/2026/3 200 0 - 0.201 ms","timestamp":"2026-03-03 14:38:49"}
{"level":"info","message":"GET /api/attendance/2026/3 304 - - 111.519 ms","timestamp":"2026-03-03 14:38:49"}
{"level":"info","message":"OPTIONS /api/attendance/2026/3 200 0 - 0.068 ms","timestamp":"2026-03-03 14:40:06"}
{"level":"info","message":"GET /api/attendance/2026/3 304 - - 61.076 ms","timestamp":"2026-03-03 14:40:06"}
{"level":"info","message":"OPTIONS /api/attendance/2026/3 200 0 - 0.099 ms","timestamp":"2026-03-03 14:41:06"}
{"level":"info","message":"GET /api/attendance/2026/3 304 - - 109.279 ms","timestamp":"2026-03-03 14:41:06"}
{"level":"info","message":"OPTIONS /api/attendance/2026/3 200 0 - 0.108 ms","timestamp":"2026-03-03 14:42:06"}
{"level":"info","message":"GET /api/attendance/2026/3 304 - - 64.819 ms","timestamp":"2026-03-03 14:42:06"}
{"level":"info","message":"OPTIONS /api/attendance/2026/3 200 0 - 0.099 ms","timestamp":"2026-03-03 14:43:06"}
{"level":"info","message":"GET /api/attendance/2026/3 304 - - 114.245 ms","timestamp":"2026-03-03 14:43:06"}
{"level":"info","message":"OPTIONS /api/attendance/2026/3 200 0 - 0.098 ms","timestamp":"2026-03-03 14:43:41"}
{"level":"info","message":"GET /api/attendance/2026/3 304 - - 117.990 ms","timestamp":"2026-03-03 14:43:41"}
{"level":"info","message":"OPTIONS /api/messages/unread-count 200 0 - 0.104 ms","timestamp":"2026-03-03 14:43:46"}
{"level":"info","message":"OPTIONS /api/messages/unread-count 200 0 - 0.069 ms","timestamp":"2026-03-03 14:43:46"}
{"level":"info","message":"GET /api/messages/unread-count 304 - - 74.309 ms","timestamp":"2026-03-03 14:43:46"}
{"level":"info","message":"GET /api/messages/unread-count 304 - - 72.054 ms","timestamp":"2026-03-03 14:43:46"}
{"level":"info","message":"OPTIONS /api/attendance/2026/3 200 0 - 0.145 ms","timestamp":"2026-03-03 14:43:46"}
{"level":"info","message":"OPTIONS /api/calls/sip-config 200 0 - 0.076 ms","timestamp":"2026-03-03 14:43:46"}
{"level":"info","message":"OPTIONS /api/users 200 0 - 0.107 ms","timestamp":"2026-03-03 14:43:46"}
{"level":"info","message":"OPTIONS /api/tasks 200 0 - 0.044 ms","timestamp":"2026-03-03 14:43:46"}
{"level":"info","message":"OPTIONS /api/tasks 200 0 - 0.055 ms","timestamp":"2026-03-03 14:43:46"}
{"level":"info","message":"GET /api/calls/sip-config 304 - - 21.103 ms","timestamp":"2026-03-03 14:43:47"}
{"level":"info","message":"GET /api/calls/sip-config 304 - - 21.703 ms","timestamp":"2026-03-03 14:43:47"}
{"level":"info","message":"GET /api/tasks 304 - - 76.965 ms","timestamp":"2026-03-03 14:43:47"}
{"level":"info","message":"GET /api/attendance/2026/3 304 - - 115.739 ms","timestamp":"2026-03-03 14:43:47"}
{"level":"info","message":"GET /api/users 200 - - 122.369 ms","timestamp":"2026-03-03 14:43:47"}
{"level":"info","message":"GET /api/tasks 304 - - 75.858 ms","timestamp":"2026-03-03 14:43:47"}
{"level":"info","message":"GET /api/attendance/2026/3 304 - - 132.223 ms","timestamp":"2026-03-03 14:43:47"}
{"level":"info","message":"GET /api/users 304 - - 156.163 ms","timestamp":"2026-03-03 14:43:47"}
{"level":"info","message":"GET /api/messages/unread-count 304 - - 45.862 ms","timestamp":"2026-03-03 14:43:48"}
{"level":"info","message":"GET /api/messages/unread-count 304 - - 52.097 ms","timestamp":"2026-03-03 14:43:48"}
{"level":"info","message":"GET /api/calls/sip-config 304 - - 36.565 ms","timestamp":"2026-03-03 14:43:48"}
{"level":"info","message":"GET /api/attendance/2026/3 304 - - 63.729 ms","timestamp":"2026-03-03 14:43:48"}
{"level":"info","message":"GET /api/tasks 304 - - 65.253 ms","timestamp":"2026-03-03 14:43:48"}
{"level":"info","message":"GET /api/calls/sip-config 304 - - 36.952 ms","timestamp":"2026-03-03 14:43:48"}
{"level":"info","message":"GET /api/users 200 - - 114.374 ms","timestamp":"2026-03-03 14:43:48"}
{"level":"info","message":"GET /api/attendance/2026/3 304 - - 65.186 ms","timestamp":"2026-03-03 14:43:48"}
{"level":"info","message":"GET /api/tasks 304 - - 88.983 ms","timestamp":"2026-03-03 14:43:48"}
{"level":"info","message":"GET /api/users 304 - - 115.139 ms","timestamp":"2026-03-03 14:43:48"}
{"level":"info","message":"OPTIONS /api/calls 200 0 - 0.101 ms","timestamp":"2026-03-03 14:43:58"}
{"level":"info","message":"POST /api/calls 201 197 - 45.445 ms","timestamp":"2026-03-03 14:43:58"}
{"level":"info","message":"OPTIONS /api/attendance/2026/3 200 0 - 0.187 ms","timestamp":"2026-03-03 14:44:18"}
{"level":"info","message":"GET /api/attendance/2026/3 304 - - 75.219 ms","timestamp":"2026-03-03 14:44:18"}
{"level":"info","message":"OPTIONS /api/calls/69a6a656cd4b6a864387b42a 200 0 - 0.096 ms","timestamp":"2026-03-03 14:44:35"}
{"level":"info","message":"PATCH /api/calls/69a6a656cd4b6a864387b42a 200 198 - 43.976 ms","timestamp":"2026-03-03 14:44:35"}
{"level":"info","message":"OPTIONS /api/attendance/2026/3 200 0 - 0.064 ms","timestamp":"2026-03-03 14:44:48"}
{"level":"info","message":"GET /api/attendance/2026/3 304 - - 60.183 ms","timestamp":"2026-03-03 14:44:48"}
{"level":"info","message":"OPTIONS /api/attendance/2026/3 200 0 - 0.059 ms","timestamp":"2026-03-03 14:45:19"}
{"level":"info","message":"GET /api/attendance/2026/3 304 - - 60.339 ms","timestamp":"2026-03-03 14:45:19"}
{"level":"info","message":"OPTIONS /api/attendance/2026/3 200 0 - 0.079 ms","timestamp":"2026-03-03 14:45:49"}
{"level":"info","message":"GET /api/attendance/2026/3 304 - - 61.227 ms","timestamp":"2026-03-03 14:45:49"}
{"level":"info","message":"OPTIONS /api/calls/sip-config 200 0 - 0.096 ms","timestamp":"2026-03-03 14:45:50"}
{"level":"info","message":"GET /api/calls/sip-config 304 - - 20.944 ms","timestamp":"2026-03-03 14:45:50"}
{"level":"info","message":"OPTIONS /api/attendance/2026/3 200 0 - 0.185 ms","timestamp":"2026-03-03 14:46:19"}
{"level":"info","message":"GET /api/attendance/2026/3 304 - - 64.464 ms","timestamp":"2026-03-03 14:46:19"}
{"level":"info","message":"OPTIONS /api/attendance/2026/3 200 0 - 0.250 ms","timestamp":"2026-03-03 14:46:49"}
{"level":"info","message":"GET /api/attendance/2026/3 304 - - 69.403 ms","timestamp":"2026-03-03 14:46:49"}
{"level":"info","message":"OPTIONS /api/attendance/2026/3 200 0 - 0.108 ms","timestamp":"2026-03-03 14:47:50"}
{"level":"info","message":"GET /api/attendance/2026/3 304 - - 64.241 ms","timestamp":"2026-03-03 14:47:50"}
{"level":"info","message":"OPTIONS /api/attendance/2026/3 200 0 - 0.158 ms","timestamp":"2026-03-03 14:48:51"}
{"level":"info","message":"GET /api/attendance/2026/3 304 - - 72.064 ms","timestamp":"2026-03-03 14:48:51"}
{"level":"info","message":"OPTIONS /api/attendance/2026/3 200 0 - 0.102 ms","timestamp":"2026-03-03 14:50:06"}
{"level":"info","message":"GET /api/attendance/2026/3 304 - - 61.493 ms","timestamp":"2026-03-03 14:50:06"}
{"level":"info","message":"OPTIONS /api/attendance/2026/3 200 0 - 0.064 ms","timestamp":"2026-03-03 14:51:06"}
{"level":"info","message":"GET /api/attendance/2026/3 304 - - 110.111 ms","timestamp":"2026-03-03 14:51:06"}
{"level":"info","message":"OPTIONS /api/attendance/2026/3 200 0 - 0.159 ms","timestamp":"2026-03-03 14:52:06"}
{"level":"info","message":"GET /api/attendance/2026/3 304 - - 61.867 ms","timestamp":"2026-03-03 14:52:06"}
{"level":"info","message":"OPTIONS /api/attendance/2026/3 200 0 - 0.064 ms","timestamp":"2026-03-03 14:53:06"}
{"level":"info","message":"GET /api/attendance/2026/3 304 - - 107.821 ms","timestamp":"2026-03-03 14:53:06"}
{"level":"info","message":"OPTIONS /api/attendance/2026/3 200 0 - 0.058 ms","timestamp":"2026-03-03 14:54:06"}
{"level":"info","message":"GET /api/attendance/2026/3 304 - - 60.051 ms","timestamp":"2026-03-03 14:54:06"}
{"level":"info","message":"OPTIONS /api/attendance/2026/3 200 0 - 0.097 ms","timestamp":"2026-03-03 14:55:06"}
{"level":"info","message":"GET /api/attendance/2026/3 304 - - 108.719 ms","timestamp":"2026-03-03 14:55:06"}
{"level":"info","message":"OPTIONS /api/calls/sip-config 200 0 - 0.071 ms","timestamp":"2026-03-03 14:56:04"}
{"level":"info","message":"GET /api/calls/sip-config 304 - - 36.611 ms","timestamp":"2026-03-03 14:56:04"}
{"level":"info","message":"OPTIONS /api/attendance/2026/3 200 0 - 0.047 ms","timestamp":"2026-03-03 14:56:06"}
{"level":"info","message":"GET /api/attendance/2026/3 304 - - 69.619 ms","timestamp":"2026-03-03 14:56:06"}
{"level":"info","message":"OPTIONS /api/calls/sip-config 200 0 - 0.072 ms","timestamp":"2026-03-03 14:57:04"}
{"level":"info","message":"GET /api/calls/sip-config 304 - - 20.603 ms","timestamp":"2026-03-03 14:57:04"}
{"level":"info","message":"OPTIONS /api/attendance/2026/3 200 0 - 0.044 ms","timestamp":"2026-03-03 14:57:06"}
{"level":"info","message":"GET /api/attendance/2026/3 304 - - 110.476 ms","timestamp":"2026-03-03 14:57:06"}
{"level":"info","message":"OPTIONS /api/calls/sip-config 200 0 - 0.065 ms","timestamp":"2026-03-03 14:57:27"}
{"level":"info","message":"GET /api/calls/sip-config 304 - - 45.924 ms","timestamp":"2026-03-03 14:57:27"}
{"level":"info","message":"🚀 Server running on http://localhost:5000","timestamp":"2026-03-03 14:58:04"}
{"level":"info","message":"📡 Socket.IO server ready for connections","timestamp":"2026-03-03 14:58:04"}
{"level":"info","message":"✅ Redis Clients (Pub/Sub) Connected and Ready","timestamp":"2026-03-03 14:58:05"}
{"level":"info","message":"OPTIONS /api/attendance/2026/3 200 0 - 1.251 ms","timestamp":"2026-03-03 14:58:06"}
{"level":"info","message":"GET /api/attendance/2026/3 304 - - 129.606 ms","timestamp":"2026-03-03 14:58:06"}
{"level":"info","message":"OPTIONS /api/messages/unread-count 200 0 - 0.211 ms","timestamp":"2026-03-03 14:58:11"}
{"level":"info","message":"OPTIONS /api/messages/unread-count 200 0 - 0.174 ms","timestamp":"2026-03-03 14:58:11"}
{"level":"info","message":"GET /api/messages/unread-count 304 - - 91.808 ms","timestamp":"2026-03-03 14:58:11"}
{"level":"info","message":"GET /api/messages/unread-count 304 - - 80.685 ms","timestamp":"2026-03-03 14:58:11"}
{"level":"info","message":"OPTIONS /api/attendance/2026/3 200 0 - 0.195 ms","timestamp":"2026-03-03 14:58:11"}
{"level":"info","message":"OPTIONS /api/calls/sip-config 200 0 - 0.138 ms","timestamp":"2026-03-03 14:58:11"}
{"level":"info","message":"OPTIONS /api/users 200 0 - 0.123 ms","timestamp":"2026-03-03 14:58:11"}
{"level":"info","message":"OPTIONS /api/tasks 200 0 - 0.130 ms","timestamp":"2026-03-03 14:58:11"}
{"level":"info","message":"GET /api/calls/sip-config 304 - - 23.906 ms","timestamp":"2026-03-03 14:58:11"}
{"level":"info","message":"GET /api/calls/sip-config 304 - - 32.026 ms","timestamp":"2026-03-03 14:58:11"}
{"level":"info","message":"GET /api/tasks 304 - - 90.748 ms","timestamp":"2026-03-03 14:58:11"}
{"level":"info","message":"GET /api/attendance/2026/3 304 - - 113.545 ms","timestamp":"2026-03-03 14:58:11"}
{"level":"info","message":"GET /api/users 200 - - 143.562 ms","timestamp":"2026-03-03 14:58:11"}
{"level":"info","message":"GET /api/tasks 304 - - 83.328 ms","timestamp":"2026-03-03 14:58:11"}
{"level":"info","message":"GET /api/attendance/2026/3 304 - - 133.295 ms","timestamp":"2026-03-03 14:58:12"}
{"level":"info","message":"GET /api/users 304 - - 133.619 ms","timestamp":"2026-03-03 14:58:12"}
{"level":"info","message":"OPTIONS /api/messages/unread-count 200 0 - 0.159 ms","timestamp":"2026-03-03 14:58:28"}
{"level":"info","message":"OPTIONS /api/messages/unread-count 200 0 - 0.217 ms","timestamp":"2026-03-03 14:58:28"}
{"level":"info","message":"GET /api/messages/unread-count 304 - - 52.213 ms","timestamp":"2026-03-03 14:58:28"}
{"level":"info","message":"GET /api/messages/unread-count 304 - - 43.666 ms","timestamp":"2026-03-03 14:58:28"}
{"level":"info","message":"OPTIONS /api/attendance/2026/3 200 0 - 0.097 ms","timestamp":"2026-03-03 14:58:28"}
{"level":"info","message":"OPTIONS /api/calls/sip-config 200 0 - 0.154 ms","timestamp":"2026-03-03 14:58:28"}
{"level":"info","message":"OPTIONS /api/users 200 0 - 0.131 ms","timestamp":"2026-03-03 14:58:28"}
{"level":"info","message":"OPTIONS /api/tasks 200 0 - 0.086 ms","timestamp":"2026-03-03 14:58:28"}
{"level":"info","message":"GET /api/calls/sip-config 304 - - 37.226 ms","timestamp":"2026-03-03 14:58:28"}
{"level":"info","message":"GET /api/attendance/2026/3 304 - - 67.080 ms","timestamp":"2026-03-03 14:58:28"}
{"level":"info","message":"GET /api/tasks 304 - - 73.467 ms","timestamp":"2026-03-03 14:58:28"}
{"level":"info","message":"GET /api/calls/sip-config 304 - - 41.191 ms","timestamp":"2026-03-03 14:58:28"}
{"level":"info","message":"GET /api/users 200 - - 111.702 ms","timestamp":"2026-03-03 14:58:28"}
{"level":"info","message":"GET /api/attendance/2026/3 304 - - 74.350 ms","timestamp":"2026-03-03 14:58:28"}
{"level":"info","message":"GET /api/users 304 - - 90.803 ms","timestamp":"2026-03-03 14:58:28"}
{"level":"info","message":"GET /api/tasks 304 - - 134.158 ms","timestamp":"2026-03-03 14:58:28"}
{"level":"info","message":"OPTIONS /api/calls 200 0 - 0.115 ms","timestamp":"2026-03-03 14:58:40"}
{"level":"info","message":"POST /api/calls 201 197 - 104.583 ms","timestamp":"2026-03-03 14:58:40"}
{"level":"info","message":"OPTIONS /api/attendance/2026/3 200 0 - 0.065 ms","timestamp":"2026-03-03 14:58:58"}
{"level":"info","message":"GET /api/attendance/2026/3 304 - - 109.852 ms","timestamp":"2026-03-03 14:58:58"}
{"level":"info","message":"OPTIONS /api/attendance/2026/3 200 0 - 0.176 ms","timestamp":"2026-03-03 14:59:28"}
{"level":"info","message":"GET /api/attendance/2026/3 304 - - 116.352 ms","timestamp":"2026-03-03 14:59:28"}
{"level":"info","message":"OPTIONS /api/calls/69a6a9c88f68b84176832ae2 200 0 - 0.086 ms","timestamp":"2026-03-03 14:59:40"}
{"level":"info","message":"PATCH /api/calls/69a6a9c88f68b84176832ae2 200 198 - 95.340 ms","timestamp":"2026-03-03 14:59:40"}
{"level":"info","message":"OPTIONS /api/attendance/2026/3 200 0 - 0.080 ms","timestamp":"2026-03-03 14:59:58"}
{"level":"info","message":"GET /api/attendance/2026/3 304 - - 112.295 ms","timestamp":"2026-03-03 14:59:58"}
{"level":"info","message":"OPTIONS /api/attendance/2026/3 200 0 - 0.089 ms","timestamp":"2026-03-03 15:00:29"}
{"level":"info","message":"GET /api/attendance/2026/3 304 - - 63.530 ms","timestamp":"2026-03-03 15:00:29"}
{"level":"info","message":"OPTIONS /api/attendance/2026/3 200 0 - 0.097 ms","timestamp":"2026-03-03 15:00:59"}
{"level":"info","message":"GET /api/attendance/2026/3 304 - - 65.852 ms","timestamp":"2026-03-03 15:00:59"}
{"level":"info","message":"OPTIONS /api/attendance/2026/3 200 0 - 0.069 ms","timestamp":"2026-03-03 15:02:06"}
{"level":"info","message":"GET /api/attendance/2026/3 304 - - 61.965 ms","timestamp":"2026-03-03 15:02:06"}
{"level":"info","message":"OPTIONS /api/attendance/2026/3 200 0 - 0.057 ms","timestamp":"2026-03-03 15:03:06"}
{"level":"info","message":"GET /api/attendance/2026/3 304 - - 63.729 ms","timestamp":"2026-03-03 15:03:06"}
{"level":"info","message":"OPTIONS /api/calls/sip-config 200 0 - 0.099 ms","timestamp":"2026-03-03 15:03:23"}
{"level":"info","message":"GET /api/calls/sip-config 304 - - 21.056 ms","timestamp":"2026-03-03 15:03:23"}
{"level":"info","message":"OPTIONS /api/calls/sip-config 200 0 - 0.061 ms","timestamp":"2026-03-03 15:03:45"}
{"level":"info","message":"GET /api/calls/sip-config 304 - - 21.696 ms","timestamp":"2026-03-03 15:03:45"}
{"level":"info","message":"OPTIONS /api/attendance/2026/3 200 0 - 0.063 ms","timestamp":"2026-03-03 15:04:06"}
{"level":"info","message":"GET /api/attendance/2026/3 304 - - 72.726 ms","timestamp":"2026-03-03 15:04:06"}
{"level":"info","message":"OPTIONS /api/calls/sip-config 200 0 - 0.062 ms","timestamp":"2026-03-03 15:04:07"}
{"level":"info","message":"GET /api/calls/sip-config 304 - - 21.175 ms","timestamp":"2026-03-03 15:04:07"}
{"level":"info","message":"OPTIONS /api/calls/sip-config 200 0 - 0.064 ms","timestamp":"2026-03-03 15:04:31"}
{"level":"info","message":"GET /api/calls/sip-config 304 - - 21.510 ms","timestamp":"2026-03-03 15:04:31"}
{"level":"info","message":"OPTIONS /api/attendance/2026/3 200 0 - 0.070 ms","timestamp":"2026-03-03 15:05:06"}
{"level":"info","message":"GET /api/attendance/2026/3 304 - - 63.759 ms","timestamp":"2026-03-03 15:05:06"}
{"level":"info","message":"OPTIONS /api/attendance/2026/3 200 0 - 0.157 ms","timestamp":"2026-03-03 15:06:04"}
{"level":"info","message":"GET /api/attendance/2026/3 304 - - 75.530 ms","timestamp":"2026-03-03 15:06:05"}
{"level":"info","message":"OPTIONS /api/messages/unread-count 200 0 - 0.063 ms","timestamp":"2026-03-03 15:06:08"}
{"level":"info","message":"OPTIONS /api/messages/unread-count 200 0 - 0.070 ms","timestamp":"2026-03-03 15:06:08"}
{"level":"info","message":"GET /api/messages/unread-count 304 - - 62.640 ms","timestamp":"2026-03-03 15:06:08"}
{"level":"info","message":"GET /api/messages/unread-count 304 - - 44.787 ms","timestamp":"2026-03-03 15:06:08"}
{"level":"info","message":"OPTIONS /api/calls/sip-config 200 0 - 0.135 ms","timestamp":"2026-03-03 15:06:08"}
{"level":"info","message":"OPTIONS /api/users 200 0 - 0.081 ms","timestamp":"2026-03-03 15:06:08"}
{"level":"info","message":"OPTIONS /api/tasks 200 0 - 0.100 ms","timestamp":"2026-03-03 15:06:08"}
{"level":"info","message":"GET /api/calls/sip-config 304 - - 20.486 ms","timestamp":"2026-03-03 15:06:08"}
{"level":"info","message":"GET /api/calls/sip-config 304 - - 44.719 ms","timestamp":"2026-03-03 15:06:09"}
{"level":"info","message":"GET /api/attendance/2026/3 304 - - 75.073 ms","timestamp":"2026-03-03 15:06:09"}
{"level":"info","message":"GET /api/tasks 304 - - 89.787 ms","timestamp":"2026-03-03 15:06:09"}
{"level":"info","message":"GET /api/users 200 - - 124.212 ms","timestamp":"2026-03-03 15:06:09"}
{"level":"info","message":"GET /api/attendance/2026/3 304 - - 80.444 ms","timestamp":"2026-03-03 15:06:09"}
{"level":"info","message":"GET /api/tasks 304 - - 86.798 ms","timestamp":"2026-03-03 15:06:09"}
{"level":"info","message":"GET /api/users 304 - - 86.391 ms","timestamp":"2026-03-03 15:06:09"}
{"level":"info","message":"GET /api/messages/unread-count 304 - - 52.015 ms","timestamp":"2026-03-03 15:06:10"}
{"level":"info","message":"GET /api/messages/unread-count 304 - - 39.805 ms","timestamp":"2026-03-03 15:06:10"}
{"level":"info","message":"OPTIONS /api/attendance/2026/3 200 0 - 0.093 ms","timestamp":"2026-03-03 15:06:10"}
{"level":"info","message":"GET /api/calls/sip-config 304 - - 21.791 ms","timestamp":"2026-03-03 15:06:10"}
{"level":"info","message":"GET /api/calls/sip-config 304 - - 20.797 ms","timestamp":"2026-03-03 15:06:10"}
{"level":"info","message":"GET /api/tasks 304 - - 72.442 ms","timestamp":"2026-03-03 15:06:11"}
{"level":"info","message":"GET /api/attendance/2026/3 304 - - 79.310 ms","timestamp":"2026-03-03 15:06:11"}
{"level":"info","message":"GET /api/users 200 - - 125.994 ms","timestamp":"2026-03-03 15:06:11"}
{"level":"info","message":"GET /api/attendance/2026/3 304 - - 71.728 ms","timestamp":"2026-03-03 15:06:11"}
{"level":"info","message":"GET /api/tasks 304 - - 82.649 ms","timestamp":"2026-03-03 15:06:11"}
{"level":"info","message":"GET /api/users 304 - - 109.894 ms","timestamp":"2026-03-03 15:06:11"}
{"level":"info","message":"GET /api/messages/unread-count 304 - - 46.215 ms","timestamp":"2026-03-03 15:06:12"}
{"level":"info","message":"GET /api/messages/unread-count 304 - - 42.678 ms","timestamp":"2026-03-03 15:06:12"}
{"level":"info","message":"GET /api/calls/sip-config 304 - - 20.110 ms","timestamp":"2026-03-03 15:06:12"}
{"level":"info","message":"GET /api/calls/sip-config 304 - - 23.874 ms","timestamp":"2026-03-03 15:06:12"}
{"level":"info","message":"GET /api/attendance/2026/3 304 - - 66.060 ms","timestamp":"2026-03-03 15:06:12"}
{"level":"info","message":"GET /api/tasks 304 - - 68.240 ms","timestamp":"2026-03-03 15:06:12"}
{"level":"info","message":"GET /api/users 200 - - 116.294 ms","timestamp":"2026-03-03 15:06:12"}
{"level":"info","message":"GET /api/attendance/2026/3 304 - - 65.682 ms","timestamp":"2026-03-03 15:06:12"}
{"level":"info","message":"GET /api/tasks 304 - - 94.190 ms","timestamp":"2026-03-03 15:06:13"}
{"level":"info","message":"GET /api/users 304 - - 115.908 ms","timestamp":"2026-03-03 15:06:13"}
{"level":"info","message":"OPTIONS /api/attendance/2026/3 200 0 - 0.487 ms","timestamp":"2026-03-03 15:06:43"}
{"level":"info","message":"GET /api/attendance/2026/3 304 - - 75.529 ms","timestamp":"2026-03-03 15:06:43"}
{"level":"info","message":"OPTIONS /api/attendance/2026/3 200 0 - 0.173 ms","timestamp":"2026-03-03 15:07:13"}
{"level":"info","message":"GET /api/attendance/2026/3 304 - - 78.099 ms","timestamp":"2026-03-03 15:07:13"}
{"level":"info","message":"OPTIONS /api/attendance/2026/3 200 0 - 0.182 ms","timestamp":"2026-03-03 15:07:43"}
{"level":"info","message":"GET /api/attendance/2026/3 304 - - 69.253 ms","timestamp":"2026-03-03 15:07:43"}
{"level":"info","message":"OPTIONS /api/attendance/2026/3 200 0 - 0.166 ms","timestamp":"2026-03-03 15:08:13"}
{"level":"info","message":"GET /api/attendance/2026/3 304 - - 69.293 ms","timestamp":"2026-03-03 15:08:13"}
{"level":"info","message":"OPTIONS /api/attendance/2026/3 200 0 - 0.170 ms","timestamp":"2026-03-03 15:08:43"}
{"level":"info","message":"GET /api/attendance/2026/3 304 - - 71.728 ms","timestamp":"2026-03-03 15:08:43"}
{"level":"info","message":"OPTIONS /api/attendance/2026/3 200 0 - 0.111 ms","timestamp":"2026-03-03 15:09:13"}
{"level":"info","message":"GET /api/attendance/2026/3 304 - - 72.266 ms","timestamp":"2026-03-03 15:09:13"}
{"level":"info","message":"🚀 Server running on http://localhost:5000","timestamp":"2026-03-03 15:10:30"}
{"level":"info","message":"📡 Socket.IO server ready for connections","timestamp":"2026-03-03 15:10:30"}
{"level":"info","message":"✅ Redis Clients (Pub/Sub) Connected and Ready","timestamp":"2026-03-03 15:10:30"}
{"level":"info","message":"OPTIONS /api/messages/unread-count 200 0 - 1.425 ms","timestamp":"2026-03-03 15:11:17"}
{"level":"info","message":"OPTIONS /api/messages/unread-count 200 0 - 0.200 ms","timestamp":"2026-03-03 15:11:17"}
{"level":"info","message":"GET /api/messages/unread-count 304 - - 74.972 ms","timestamp":"2026-03-03 15:11:18"}
{"level":"info","message":"GET /api/messages/unread-count 304 - - 52.795 ms","timestamp":"2026-03-03 15:11:18"}
{"level":"info","message":"OPTIONS /api/attendance/2026/3 200 0 - 0.174 ms","timestamp":"2026-03-03 15:11:18"}
{"level":"info","message":"OPTIONS /api/calls/sip-config 200 0 - 0.148 ms","timestamp":"2026-03-03 15:11:18"}
{"level":"info","message":"OPTIONS /api/tasks 200 0 - 0.125 ms","timestamp":"2026-03-03 15:11:18"}
{"level":"info","message":"OPTIONS /api/users 200 0 - 0.129 ms","timestamp":"2026-03-03 15:11:18"}
{"level":"info","message":"GET /api/calls/sip-config 304 - - 24.238 ms","timestamp":"2026-03-03 15:11:18"}
{"level":"info","message":"GET /api/calls/sip-config 304 - - 24.747 ms","timestamp":"2026-03-03 15:11:18"}
{"level":"info","message":"GET /api/attendance/2026/3 304 - - 79.348 ms","timestamp":"2026-03-03 15:11:18"}
{"level":"info","message":"GET /api/tasks 304 - - 106.246 ms","timestamp":"2026-03-03 15:11:18"}
{"level":"info","message":"GET /api/attendance/2026/3 304 - - 84.522 ms","timestamp":"2026-03-03 15:11:18"}
{"level":"info","message":"GET /api/users 200 - - 154.767 ms","timestamp":"2026-03-03 15:11:18"}
{"level":"info","message":"GET /api/tasks 304 - - 118.548 ms","timestamp":"2026-03-03 15:11:18"}
{"level":"info","message":"GET /api/users 304 - - 121.267 ms","timestamp":"2026-03-03 15:11:18"}
{"level":"info","message":"OPTIONS /api/calls 200 0 - 0.182 ms","timestamp":"2026-03-03 15:11:27"}
{"level":"info","message":"POST /api/calls 201 197 - 74.602 ms","timestamp":"2026-03-03 15:11:27"}
{"level":"info","message":"OPTIONS /api/attendance/2026/3 200 0 - 0.187 ms","timestamp":"2026-03-03 15:11:48"}
{"level":"info","message":"GET /api/attendance/2026/3 304 - - 72.818 ms","timestamp":"2026-03-03 15:11:48"}
{"level":"info","message":"OPTIONS /api/calls/69a6acc7ef27214e1233e70f 200 0 - 0.101 ms","timestamp":"2026-03-03 15:12:05"}
{"level":"info","message":"PATCH /api/calls/69a6acc7ef27214e1233e70f 200 198 - 46.880 ms","timestamp":"2026-03-03 15:12:05"}
{"level":"info","message":"OPTIONS /api/attendance/2026/3 200 0 - 0.121 ms","timestamp":"2026-03-03 15:12:18"}
{"level":"info","message":"GET /api/attendance/2026/3 304 - - 66.281 ms","timestamp":"2026-03-03 15:12:18"}
{"level":"info","message":"OPTIONS /api/attendance/2026/3 200 0 - 0.095 ms","timestamp":"2026-03-03 15:12:49"}
{"level":"info","message":"GET /api/attendance/2026/3 304 - - 75.855 ms","timestamp":"2026-03-03 15:12:49"}
{"level":"info","message":"OPTIONS /api/attendance/2026/3 200 0 - 0.083 ms","timestamp":"2026-03-03 15:13:19"}
{"level":"info","message":"GET /api/attendance/2026/3 304 - - 61.551 ms","timestamp":"2026-03-03 15:13:19"}
{"level":"info","message":"OPTIONS /api/attendance/2026/3 200 0 - 0.415 ms","timestamp":"2026-03-03 15:13:49"}
{"level":"info","message":"GET /api/attendance/2026/3 304 - - 89.017 ms","timestamp":"2026-03-03 15:13:49"}
{"level":"info","message":"OPTIONS /api/calls/sip-config 200 0 - 0.086 ms","timestamp":"2026-03-03 15:13:56"}
{"level":"info","message":"GET /api/calls/sip-config 304 - - 21.436 ms","timestamp":"2026-03-03 15:13:56"}
{"level":"info","message":"OPTIONS /api/calls/sip-config 200 0 - 0.077 ms","timestamp":"2026-03-03 15:14:06"}
{"level":"info","message":"GET /api/calls/sip-config 304 - - 21.324 ms","timestamp":"2026-03-03 15:14:06"}
{"level":"info","message":"OPTIONS /api/attendance/2026/3 200 0 - 0.199 ms","timestamp":"2026-03-03 15:14:19"}
{"level":"info","message":"GET /api/attendance/2026/3 304 - - 95.034 ms","timestamp":"2026-03-03 15:14:19"}
{"level":"info","message":"OPTIONS /api/attendance/2026/3 200 0 - 0.066 ms","timestamp":"2026-03-03 15:15:06"}
{"level":"info","message":"GET /api/attendance/2026/3 304 - - 61.101 ms","timestamp":"2026-03-03 15:15:06"}
{"level":"info","message":"OPTIONS /api/attendance/2026/3 200 0 - 0.071 ms","timestamp":"2026-03-03 15:16:06"}
{"level":"info","message":"GET /api/attendance/2026/3 304 - - 63.227 ms","timestamp":"2026-03-03 15:16:06"}
{"level":"info","message":"OPTIONS /api/attendance/2026/3 200 0 - 0.057 ms","timestamp":"2026-03-03 15:17:06"}
{"level":"info","message":"GET /api/attendance/2026/3 304 - - 62.903 ms","timestamp":"2026-03-03 15:17:06"}
{"level":"info","message":"OPTIONS /api/attendance/2026/3 200 0 - 0.062 ms","timestamp":"2026-03-03 15:18:06"}
{"level":"info","message":"GET /api/attendance/2026/3 304 - - 96.219 ms","timestamp":"2026-03-03 15:18:06"}
{"level":"info","message":"OPTIONS /api/attendance/2026/3 200 0 - 0.131 ms","timestamp":"2026-03-03 15:19:06"}
{"level":"info","message":"GET /api/attendance/2026/3 304 - - 125.310 ms","timestamp":"2026-03-03 15:19:06"}
{"level":"info","message":"OPTIONS /api/messages/unread-count 200 0 - 0.105 ms","timestamp":"2026-03-03 15:19:15"}
{"level":"info","message":"OPTIONS /api/messages/unread-count 200 0 - 0.072 ms","timestamp":"2026-03-03 15:19:15"}
{"level":"info","message":"GET /api/messages/unread-count 200 17 - 42.294 ms","timestamp":"2026-03-03 15:19:15"}
{"level":"info","message":"GET /api/messages/unread-count 200 17 - 75.860 ms","timestamp":"2026-03-03 15:19:15"}
{"level":"info","message":"OPTIONS /api/attendance/2026/3 200 0 - 0.135 ms","timestamp":"2026-03-03 15:19:15"}
{"level":"info","message":"OPTIONS /api/calls/sip-config 200 0 - 0.065 ms","timestamp":"2026-03-03 15:19:15"}
{"level":"info","message":"OPTIONS /api/users 200 0 - 0.062 ms","timestamp":"2026-03-03 15:19:15"}
{"level":"info","message":"OPTIONS /api/tasks 200 0 - 0.062 ms","timestamp":"2026-03-03 15:19:15"}
{"level":"info","message":"GET /api/calls/sip-config 304 - - 21.342 ms","timestamp":"2026-03-03 15:19:15"}
{"level":"info","message":"GET /api/calls/sip-config 304 - - 25.270 ms","timestamp":"2026-03-03 15:19:15"}
{"level":"info","message":"GET /api/tasks 304 - - 77.632 ms","timestamp":"2026-03-03 15:19:15"}
{"level":"info","message":"GET /api/attendance/2026/3 304 - - 120.918 ms","timestamp":"2026-03-03 15:19:15"}
{"level":"info","message":"GET /api/users 200 - - 128.974 ms","timestamp":"2026-03-03 15:19:15"}
{"level":"info","message":"GET /api/tasks 304 - - 81.802 ms","timestamp":"2026-03-03 15:19:15"}
{"level":"info","message":"GET /api/attendance/2026/3 304 - - 77.022 ms","timestamp":"2026-03-03 15:19:15"}
{"level":"info","message":"GET /api/users - - - - ms","timestamp":"2026-03-03 15:19:15"}
{"level":"info","message":"GET /api/messages/unread-count 304 - - 44.633 ms","timestamp":"2026-03-03 15:19:16"}
{"level":"info","message":"GET /api/messages/unread-count 304 - - 46.126 ms","timestamp":"2026-03-03 15:19:16"}
{"level":"info","message":"GET /api/calls/sip-config 304 - - 36.713 ms","timestamp":"2026-03-03 15:19:16"}
{"level":"info","message":"GET /api/attendance/2026/3 304 - - 67.466 ms","timestamp":"2026-03-03 15:19:16"}
{"level":"info","message":"GET /api/calls/sip-config 304 - - 36.988 ms","timestamp":"2026-03-03 15:19:16"}
{"level":"info","message":"GET /api/users 200 - - 108.494 ms","timestamp":"2026-03-03 15:19:16"}
{"level":"info","message":"GET /api/attendance/2026/3 304 - - 69.596 ms","timestamp":"2026-03-03 15:19:16"}
{"level":"info","message":"GET /api/users 304 - - 84.213 ms","timestamp":"2026-03-03 15:19:16"}
{"level":"info","message":"GET /api/tasks 304 - - 244.594 ms","timestamp":"2026-03-03 15:19:16"}
{"level":"info","message":"GET /api/tasks 304 - - 85.393 ms","timestamp":"2026-03-03 15:19:17"}
{"level":"info","message":"OPTIONS /api/calls 200 0 - 0.106 ms","timestamp":"2026-03-03 15:19:27"}
{"level":"info","message":"POST /api/calls 201 197 - 76.128 ms","timestamp":"2026-03-03 15:19:27"}
{"level":"info","message":"OPTIONS /api/attendance/2026/3 200 0 - 0.286 ms","timestamp":"2026-03-03 15:19:46"}
{"level":"info","message":"GET /api/attendance/2026/3 304 - - 125.829 ms","timestamp":"2026-03-03 15:19:46"}
{"level":"info","message":"OPTIONS /api/calls/69a6aea7ef27214e1233e783 200 0 - 0.095 ms","timestamp":"2026-03-03 15:20:02"}
{"level":"info","message":"PATCH /api/calls/69a6aea7ef27214e1233e783 200 198 - 76.736 ms","timestamp":"2026-03-03 15:20:02"}
{"level":"info","message":"OPTIONS /api/attendance/2026/3 200 0 - 0.099 ms","timestamp":"2026-03-03 15:20:16"}
{"level":"info","message":"GET /api/attendance/2026/3 304 - - 118.964 ms","timestamp":"2026-03-03 15:20:16"}
{"level":"info","message":"OPTIONS /api/attendance/2026/3 200 0 - 0.223 ms","timestamp":"2026-03-03 15:20:47"}
{"level":"info","message":"GET /api/attendance/2026/3 304 - - 117.280 ms","timestamp":"2026-03-03 15:20:47"}
{"level":"info","message":"OPTIONS /api/attendance/2026/3 200 0 - 0.066 ms","timestamp":"2026-03-03 15:21:17"}
{"level":"info","message":"GET /api/attendance/2026/3 304 - - 61.501 ms","timestamp":"2026-03-03 15:21:17"}
{"level":"info","message":"OPTIONS /api/attendance/2026/3 200 0 - 0.207 ms","timestamp":"2026-03-03 15:21:47"}
{"level":"info","message":"GET /api/attendance/2026/3 304 - - 84.499 ms","timestamp":"2026-03-03 15:21:47"}
{"level":"info","message":"OPTIONS /api/attendance/2026/3 200 0 - 0.080 ms","timestamp":"2026-03-03 15:23:06"}
{"level":"info","message":"GET /api/attendance/2026/3 304 - - 63.804 ms","timestamp":"2026-03-03 15:23:06"}
{"level":"info","message":"OPTIONS /api/attendance/2026/3 200 0 - 0.057 ms","timestamp":"2026-03-03 15:24:06"}
{"level":"info","message":"GET /api/attendance/2026/3 304 - - 60.698 ms","timestamp":"2026-03-03 15:24:06"}
{"level":"info","message":"OPTIONS /api/attendance/2026/3 200 0 - 0.065 ms","timestamp":"2026-03-03 15:25:06"}
{"level":"info","message":"GET /api/attendance/2026/3 304 - - 72.969 ms","timestamp":"2026-03-03 15:25:06"}
{"level":"info","message":"OPTIONS /api/calls/sip-config 200 0 - 0.062 ms","timestamp":"2026-03-03 15:25:46"}
{"level":"info","message":"GET /api/calls/sip-config 304 - - 21.475 ms","timestamp":"2026-03-03 15:25:46"}
{"level":"info","message":"OPTIONS /api/attendance/2026/3 200 0 - 0.065 ms","timestamp":"2026-03-03 15:26:06"}
{"level":"info","message":"GET /api/attendance/2026/3 304 - - 61.911 ms","timestamp":"2026-03-03 15:26:06"}
{"level":"info","message":"OPTIONS /api/calls/sip-config 200 0 - 0.103 ms","timestamp":"2026-03-03 15:27:02"}
{"level":"info","message":"GET /api/calls/sip-config 304 - - 21.660 ms","timestamp":"2026-03-03 15:27:02"}
{"level":"info","message":"OPTIONS /api/attendance/2026/3 200 0 - 0.060 ms","timestamp":"2026-03-03 15:27:06"}
{"level":"info","message":"GET /api/attendance/2026/3 304 - - 125.496 ms","timestamp":"2026-03-03 15:27:06"}
{"level":"info","message":"OPTIONS /api/attendance/2026/3 200 0 - 0.130 ms","timestamp":"2026-03-03 15:28:06"}
{"level":"info","message":"GET /api/attendance/2026/3 304 - - 72.376 ms","timestamp":"2026-03-03 15:28:06"}
{"level":"info","message":"OPTIONS /api/attendance/2026/3 200 0 - 0.102 ms","timestamp":"2026-03-03 15:29:06"}
{"level":"info","message":"GET /api/attendance/2026/3 304 - - 121.595 ms","timestamp":"2026-03-03 15:29:06"}
{"level":"info","message":"OPTIONS /api/messages/unread-count 200 0 - 0.064 ms","timestamp":"2026-03-03 15:29:15"}
{"level":"info","message":"OPTIONS /api/messages/unread-count 200 0 - 0.069 ms","timestamp":"2026-03-03 15:29:15"}
{"level":"info","message":"GET /api/messages/unread-count 304 - - 75.540 ms","timestamp":"2026-03-03 15:29:15"}
{"level":"info","message":"GET /api/messages/unread-count 304 - - 76.085 ms","timestamp":"2026-03-03 15:29:15"}
{"level":"info","message":"OPTIONS /api/attendance/2026/3 200 0 - 0.107 ms","timestamp":"2026-03-03 15:29:16"}
{"level":"info","message":"OPTIONS /api/calls/sip-config 200 0 - 0.073 ms","timestamp":"2026-03-03 15:29:16"}
{"level":"info","message":"OPTIONS /api/users 200 0 - 0.078 ms","timestamp":"2026-03-03 15:29:16"}
{"level":"info","message":"OPTIONS /api/tasks 200 0 - 0.075 ms","timestamp":"2026-03-03 15:29:16"}
{"level":"info","message":"OPTIONS /api/tasks 200 0 - 0.075 ms","timestamp":"2026-03-03 15:29:16"}
{"level":"info","message":"GET /api/calls/sip-config 304 - - 21.359 ms","timestamp":"2026-03-03 15:29:16"}
{"level":"info","message":"GET /api/calls/sip-config 304 - - 21.700 ms","timestamp":"2026-03-03 15:29:16"}
{"level":"info","message":"GET /api/tasks 304 - - 83.335 ms","timestamp":"2026-03-03 15:29:16"}
{"level":"info","message":"GET /api/attendance/2026/3 304 - - 108.415 ms","timestamp":"2026-03-03 15:29:16"}
{"level":"info","message":"GET /api/users 200 - - 114.614 ms","timestamp":"2026-03-03 15:29:16"}
{"level":"info","message":"GET /api/tasks 304 - - 79.202 ms","timestamp":"2026-03-03 15:29:16"}
{"level":"info","message":"GET /api/users 304 - - 82.718 ms","timestamp":"2026-03-03 15:29:16"}
{"level":"info","message":"GET /api/attendance/2026/3 304 - - 117.341 ms","timestamp":"2026-03-03 15:29:16"}
{"level":"info","message":"GET /api/messages/unread-count 304 - - 75.586 ms","timestamp":"2026-03-03 15:29:19"}
{"level":"info","message":"GET /api/messages/unread-count 304 - - 72.081 ms","timestamp":"2026-03-03 15:29:19"}
{"level":"info","message":"GET /api/calls/sip-config 304 - - 29.722 ms","timestamp":"2026-03-03 15:29:19"}
{"level":"info","message":"GET /api/calls/sip-config 304 - - 24.636 ms","timestamp":"2026-03-03 15:29:19"}
{"level":"info","message":"GET /api/tasks 304 - - 80.665 ms","timestamp":"2026-03-03 15:29:19"}
{"level":"info","message":"GET /api/attendance/2026/3 304 - - 113.196 ms","timestamp":"2026-03-03 15:29:19"}
{"level":"info","message":"GET /api/users 200 - - 123.984 ms","timestamp":"2026-03-03 15:29:19"}
{"level":"info","message":"GET /api/tasks 304 - - 95.010 ms","timestamp":"2026-03-03 15:29:19"}
{"level":"info","message":"GET /api/users 304 - - 90.006 ms","timestamp":"2026-03-03 15:29:19"}
{"level":"info","message":"GET /api/attendance/2026/3 304 - - 121.506 ms","timestamp":"2026-03-03 15:29:19"}
{"level":"info","message":"OPTIONS /api/attendance/2026/3 200 0 - 0.434 ms","timestamp":"2026-03-03 15:29:49"}
{"level":"info","message":"GET /api/attendance/2026/3 304 - - 118.979 ms","timestamp":"2026-03-03 15:29:49"}
{"level":"info","message":"OPTIONS /api/calls 200 0 - 0.069 ms","timestamp":"2026-03-03 15:30:15"}
{"level":"info","message":"POST /api/calls 201 197 - 77.096 ms","timestamp":"2026-03-03 15:30:15"}
{"level":"info","message":"OPTIONS /api/attendance/2026/3 200 0 - 0.104 ms","timestamp":"2026-03-03 15:30:19"}
{"level":"info","message":"GET /api/attendance/2026/3 304 - - 112.048 ms","timestamp":"2026-03-03 15:30:19"}
{"level":"info","message":"OPTIONS /api/attendance/2026/3 200 0 - 0.055 ms","timestamp":"2026-03-03 15:30:49"}
{"level":"info","message":"GET /api/attendance/2026/3 304 - - 135.392 ms","timestamp":"2026-03-03 15:30:49"}
{"level":"info","message":"OPTIONS /api/calls/69a6b12fef27214e1233e800 200 0 - 0.189 ms","timestamp":"2026-03-03 15:30:58"}
{"level":"info","message":"PATCH /api/calls/69a6b12fef27214e1233e800 200 198 - 76.563 ms","timestamp":"2026-03-03 15:30:58"}
{"level":"info","message":"OPTIONS /api/attendance/2026/3 200 0 - 0.085 ms","timestamp":"2026-03-03 15:31:19"}
{"level":"info","message":"GET /api/attendance/2026/3 304 - - 107.533 ms","timestamp":"2026-03-03 15:31:19"}
{"level":"info","message":"OPTIONS /api/attendance/2026/3 200 0 - 0.168 ms","timestamp":"2026-03-03 15:31:50"}
{"level":"info","message":"GET /api/attendance/2026/3 304 - - 117.749 ms","timestamp":"2026-03-03 15:31:50"}
{"level":"info","message":"OPTIONS /api/attendance/2026/3 200 0 - 0.085 ms","timestamp":"2026-03-03 15:33:06"}
{"level":"info","message":"GET /api/attendance/2026/3 304 - - 121.357 ms","timestamp":"2026-03-03 15:33:06"}
{"level":"info","message":"OPTIONS /api/attendance/2026/3 200 0 - 0.055 ms","timestamp":"2026-03-03 15:34:06"}
{"level":"info","message":"GET /api/attendance/2026/3 304 - - 108.098 ms","timestamp":"2026-03-03 15:34:06"}
{"level":"info","message":"OPTIONS /api/calls/sip-config 200 0 - 0.087 ms","timestamp":"2026-03-03 15:34:18"}
{"level":"info","message":"GET /api/calls/sip-config 304 - - 57.222 ms","timestamp":"2026-03-03 15:34:18"}
{"level":"info","message":"OPTIONS /api/attendance/2026/3 200 0 - 0.089 ms","timestamp":"2026-03-03 15:35:06"}
{"level":"info","message":"GET /api/attendance/2026/3 304 - - 112.035 ms","timestamp":"2026-03-03 15:35:06"}
{"level":"info","message":"OPTIONS /api/calls 200 0 - 0.069 ms","timestamp":"2026-03-03 15:35:15"}
{"level":"info","message":"POST /api/calls 201 197 - 75.437 ms","timestamp":"2026-03-03 15:35:15"}
{"level":"info","message":"OPTIONS /api/attendance/2026/3 200 0 - 0.092 ms","timestamp":"2026-03-03 15:35:19"}
{"level":"info","message":"GET /api/attendance/2026/3 304 - - 112.663 ms","timestamp":"2026-03-03 15:35:19"}
{"level":"info","message":"OPTIONS /api/calls/69a6b25bef27214e1233e821 200 0 - 0.149 ms","timestamp":"2026-03-03 15:35:42"}
{"level":"info","message":"PATCH /api/calls/69a6b25bef27214e1233e821 200 198 - 87.748 ms","timestamp":"2026-03-03 15:35:42"}
{"level":"info","message":"OPTIONS /api/attendance/2026/3 200 0 - 0.195 ms","timestamp":"2026-03-03 15:35:49"}
{"level":"info","message":"GET /api/attendance/2026/3 304 - - 111.719 ms","timestamp":"2026-03-03 15:35:49"}
{"level":"info","message":"OPTIONS /api/attendance/2026/3 200 0 - 0.164 ms","timestamp":"2026-03-03 15:36:20"}
{"level":"info","message":"GET /api/attendance/2026/3 304 - - 113.255 ms","timestamp":"2026-03-03 15:36:20"}
{"level":"info","message":"OPTIONS /api/attendance/2026/3 200 0 - 0.164 ms","timestamp":"2026-03-03 15:36:50"}
{"level":"info","message":"GET /api/attendance/2026/3 304 - - 117.113 ms","timestamp":"2026-03-03 15:36:50"}
{"level":"info","message":"OPTIONS /api/attendance/2026/3 200 0 - 0.070 ms","timestamp":"2026-03-03 15:38:06"}
{"level":"info","message":"GET /api/attendance/2026/3 304 - - 63.528 ms","timestamp":"2026-03-03 15:38:06"}
{"level":"info","message":"OPTIONS /api/attendance/2026/3 200 0 - 0.056 ms","timestamp":"2026-03-03 15:39:06"}
{"level":"info","message":"GET /api/attendance/2026/3 304 - - 109.957 ms","timestamp":"2026-03-03 15:39:06"}
{"level":"info","message":"OPTIONS /api/attendance/2026/3 200 0 - 0.099 ms","timestamp":"2026-03-03 15:40:06"}
{"level":"info","message":"GET /api/attendance/2026/3 200 - - 61.909 ms","timestamp":"2026-03-03 15:40:06"}
{"level":"info","message":"OPTIONS /api/attendance/2026/3 200 0 - 0.069 ms","timestamp":"2026-03-03 15:41:06"}
{"level":"info","message":"GET /api/attendance/2026/3 304 - - 119.068 ms","timestamp":"2026-03-03 15:41:06"}
{"level":"info","message":"OPTIONS /api/attendance/2026/3 200 0 - 0.077 ms","timestamp":"2026-03-03 15:42:06"}
{"level":"info","message":"GET /api/attendance/2026/3 304 - - 62.741 ms","timestamp":"2026-03-03 15:42:06"}
{"level":"info","message":"OPTIONS /api/attendance/2026/3 200 0 - 0.075 ms","timestamp":"2026-03-03 15:43:06"}
{"level":"info","message":"GET /api/attendance/2026/3 304 - - 108.858 ms","timestamp":"2026-03-03 15:43:06"}
{"level":"info","message":"OPTIONS /api/attendance/2026/3 200 0 - 0.091 ms","timestamp":"2026-03-03 15:44:06"}
{"level":"info","message":"GET /api/attendance/2026/3 304 - - 62.454 ms","timestamp":"2026-03-03 15:44:06"}
{"level":"info","message":"OPTIONS /api/attendance/2026/3 200 0 - 0.184 ms","timestamp":"2026-03-03 15:45:06"}
{"level":"info","message":"GET /api/attendance/2026/3 304 - - 109.291 ms","timestamp":"2026-03-03 15:45:06"}
{"level":"info","message":"OPTIONS /api/attendance/2026/3 200 0 - 0.081 ms","timestamp":"2026-03-03 15:46:06"}
{"level":"info","message":"GET /api/attendance/2026/3 304 - - 79.516 ms","timestamp":"2026-03-03 15:46:06"}
{"level":"info","message":"OPTIONS /api/attendance/2026/3 200 0 - 0.072 ms","timestamp":"2026-03-03 15:47:06"}
{"level":"info","message":"GET /api/attendance/2026/3 304 - - 107.669 ms","timestamp":"2026-03-03 15:47:06"}
{"level":"info","message":"OPTIONS /api/attendance/2026/3 200 0 - 0.056 ms","timestamp":"2026-03-03 15:48:06"}
{"level":"info","message":"GET /api/attendance/2026/3 304 - - 63.119 ms","timestamp":"2026-03-03 15:48:06"}
{"level":"info","message":"OPTIONS /api/attendance/2026/3 200 0 - 0.174 ms","timestamp":"2026-03-03 15:48:19"}
{"level":"info","message":"GET /api/attendance/2026/3 304 - - 66.659 ms","timestamp":"2026-03-03 15:48:19"}
{"level":"info","message":"OPTIONS /api/attendance/2026/3 200 0 - 0.169 ms","timestamp":"2026-03-03 15:48:50"}
{"level":"info","message":"GET /api/attendance/2026/3 304 - - 66.760 ms","timestamp":"2026-03-03 15:48:50"}
{"level":"info","message":"OPTIONS /api/attendance/2026/3 200 0 - 0.070 ms","timestamp":"2026-03-03 15:49:20"}
{"level":"info","message":"GET /api/attendance/2026/3 304 - - 60.910 ms","timestamp":"2026-03-03 15:49:20"}
{"level":"info","message":"OPTIONS /api/attendance/2026/3 200 0 - 0.053 ms","timestamp":"2026-03-03 15:50:06"}
{"level":"info","message":"GET /api/attendance/2026/3 304 - - 60.427 ms","timestamp":"2026-03-03 15:50:06"}
{"level":"info","message":"OPTIONS /api/attendance/2026/3 200 0 - 0.121 ms","timestamp":"2026-03-03 15:51:06"}
{"level":"info","message":"GET /api/attendance/2026/3 304 - - 124.229 ms","timestamp":"2026-03-03 15:51:06"}
{"level":"info","message":"OPTIONS /api/attendance/2026/3 200 0 - 0.134 ms","timestamp":"2026-03-03 15:52:06"}
{"level":"info","message":"GET /api/attendance/2026/3 304 - - 73.570 ms","timestamp":"2026-03-03 15:52:06"}
{"level":"info","message":"OPTIONS /api/attendance/2026/3 200 0 - 0.061 ms","timestamp":"2026-03-03 15:53:06"}
{"level":"info","message":"GET /api/attendance/2026/3 304 - - 109.880 ms","timestamp":"2026-03-03 15:53:06"}
{"level":"info","message":"OPTIONS /api/calls/sip-config 200 0 - 0.058 ms","timestamp":"2026-03-03 15:53:39"}
{"level":"info","message":"GET /api/calls/sip-config 304 - - 36.982 ms","timestamp":"2026-03-03 15:53:39"}
{"level":"info","message":"OPTIONS /api/attendance/2026/3 200 0 - 0.077 ms","timestamp":"2026-03-03 15:54:06"}
{"level":"info","message":"GET /api/attendance/2026/3 304 - - 64.298 ms","timestamp":"2026-03-03 15:54:06"}
{"level":"info","message":"OPTIONS /api/attendance/2026/3 200 0 - 0.066 ms","timestamp":"2026-03-03 15:55:06"}
{"level":"info","message":"GET /api/attendance/2026/3 304 - - 108.889 ms","timestamp":"2026-03-03 15:55:06"}
{"level":"info","message":"OPTIONS /api/attendance/2026/3 200 0 - 0.084 ms","timestamp":"2026-03-03 15:56:06"}
{"level":"info","message":"GET /api/attendance/2026/3 304 - - 59.975 ms","timestamp":"2026-03-03 15:56:06"}
{"level":"info","message":"OPTIONS /api/attendance/2026/3 200 0 - 0.068 ms","timestamp":"2026-03-03 15:56:25"}
{"level":"info","message":"GET /api/attendance/2026/3 304 - - 110.102 ms","timestamp":"2026-03-03 15:56:25"}
{"level":"info","message":"OPTIONS /api/messages/unread-count 200 0 - 0.131 ms","timestamp":"2026-03-03 15:56:27"}
{"level":"info","message":"OPTIONS /api/messages/unread-count 200 0 - 0.079 ms","timestamp":"2026-03-03 15:56:27"}
{"level":"info","message":"GET /api/messages/unread-count 304 - - 76.918 ms","timestamp":"2026-03-03 15:56:27"}
{"level":"info","message":"GET /api/messages/unread-count 304 - - 77.699 ms","timestamp":"2026-03-03 15:56:27"}
{"level":"info","message":"OPTIONS /api/calls/sip-config 200 0 - 0.195 ms","timestamp":"2026-03-03 15:56:27"}
{"level":"info","message":"OPTIONS /api/users 200 0 - 0.119 ms","timestamp":"2026-03-03 15:56:27"}
{"level":"info","message":"OPTIONS /api/tasks 200 0 - 0.120 ms","timestamp":"2026-03-03 15:56:27"}
{"level":"info","message":"GET /api/calls/sip-config 304 - - 23.953 ms","timestamp":"2026-03-03 15:56:27"}
{"level":"info","message":"GET /api/calls/sip-config 304 - - 21.279 ms","timestamp":"2026-03-03 15:56:27"}
{"level":"info","message":"GET /api/tasks 304 - - 72.294 ms","timestamp":"2026-03-03 15:56:27"}
{"level":"info","message":"GET /api/attendance/2026/3 304 - - 112.411 ms","timestamp":"2026-03-03 15:56:27"}
{"level":"info","message":"GET /api/users 200 - - 115.413 ms","timestamp":"2026-03-03 15:56:27"}
{"level":"info","message":"GET /api/tasks 304 - - 72.792 ms","timestamp":"2026-03-03 15:56:27"}
{"level":"info","message":"GET /api/attendance/2026/3 304 - - 120.469 ms","timestamp":"2026-03-03 15:56:27"}
{"level":"info","message":"GET /api/users 304 - - 123.005 ms","timestamp":"2026-03-03 15:56:27"}
{"level":"info","message":"OPTIONS /api/calls 200 0 - 0.085 ms","timestamp":"2026-03-03 15:56:36"}
{"level":"info","message":"POST /api/calls 201 197 - 46.464 ms","timestamp":"2026-03-03 15:56:36"}
{"level":"info","message":"OPTIONS /api/attendance/2026/3 200 0 - 0.073 ms","timestamp":"2026-03-03 15:56:57"}
{"level":"info","message":"GET /api/attendance/2026/3 304 - - 60.909 ms","timestamp":"2026-03-03 15:56:57"}
{"level":"info","message":"OPTIONS /api/calls/69a6b75cef27214e1233e8b2 200 0 - 0.257 ms","timestamp":"2026-03-03 15:57:10"}
{"level":"info","message":"PATCH /api/calls/69a6b75cef27214e1233e8b2 200 198 - 53.457 ms","timestamp":"2026-03-03 15:57:10"}
{"level":"info","message":"OPTIONS /api/attendance/2026/3 200 0 - 0.070 ms","timestamp":"2026-03-03 15:57:27"}
{"level":"info","message":"GET /api/attendance/2026/3 304 - - 64.498 ms","timestamp":"2026-03-03 15:57:27"}
{"level":"info","message":"OPTIONS /api/attendance/2026/3 200 0 - 0.063 ms","timestamp":"2026-03-03 15:57:58"}
{"level":"info","message":"GET /api/attendance/2026/3 304 - - 74.821 ms","timestamp":"2026-03-03 15:57:58"}
{"level":"info","message":"OPTIONS /api/attendance/2026/3 200 0 - 0.111 ms","timestamp":"2026-03-03 15:58:28"}
{"level":"info","message":"GET /api/attendance/2026/3 304 - - 67.500 ms","timestamp":"2026-03-03 15:58:28"}
{"level":"info","message":"OPTIONS /api/attendance/2026/3 200 0 - 0.074 ms","timestamp":"2026-03-03 15:58:58"}
{"level":"info","message":"GET /api/attendance/2026/3 304 - - 64.892 ms","timestamp":"2026-03-03 15:58:58"}
{"level":"info","message":"OPTIONS /api/attendance/2026/3 200 0 - 0.063 ms","timestamp":"2026-03-03 16:00:06"}
{"level":"info","message":"GET /api/attendance/2026/3 304 - - 65.994 ms","timestamp":"2026-03-03 16:00:06"}
{"level":"info","message":"OPTIONS /api/attendance/2026/3 200 0 - 0.082 ms","timestamp":"2026-03-03 16:01:06"}
{"level":"info","message":"GET /api/attendance/2026/3 304 - - 104.349 ms","timestamp":"2026-03-03 16:01:06"}
{"level":"info","message":"OPTIONS /api/attendance/2026/3 200 0 - 0.072 ms","timestamp":"2026-03-03 16:01:30"}
{"level":"info","message":"GET /api/attendance/2026/3 304 - - 75.822 ms","timestamp":"2026-03-03 16:01:30"}
{"level":"info","message":"OPTIONS /api/messages/unread-count 200 0 - 0.086 ms","timestamp":"2026-03-03 16:01:32"}
{"level":"info","message":"OPTIONS /api/messages/unread-count 200 0 - 0.080 ms","timestamp":"2026-03-03 16:01:32"}
{"level":"info","message":"GET /api/messages/unread-count 304 - - 43.502 ms","timestamp":"2026-03-03 16:01:32"}
{"level":"info","message":"GET /api/messages/unread-count 304 - - 48.830 ms","timestamp":"2026-03-03 16:01:32"}
{"level":"info","message":"OPTIONS /api/calls/sip-config 200 0 - 0.082 ms","timestamp":"2026-03-03 16:01:32"}
{"level":"info","message":"OPTIONS /api/users 200 0 - 0.090 ms","timestamp":"2026-03-03 16:01:32"}
{"level":"info","message":"OPTIONS /api/tasks 200 0 - 0.104 ms","timestamp":"2026-03-03 16:01:32"}
{"level":"info","message":"GET /api/calls/sip-config 304 - - 40.767 ms","timestamp":"2026-03-03 16:01:32"}
{"level":"info","message":"GET /api/attendance/2026/3 304 - - 76.963 ms","timestamp":"2026-03-03 16:01:32"}
{"level":"info","message":"GET /api/calls/sip-config 304 - - 44.483 ms","timestamp":"2026-03-03 16:01:32"}
{"level":"info","message":"GET /api/tasks 304 - - 88.928 ms","timestamp":"2026-03-03 16:01:32"}
{"level":"info","message":"GET /api/attendance/2026/3 304 - - 74.740 ms","timestamp":"2026-03-03 16:01:32"}
{"level":"info","message":"GET /api/users 200 - - 158.578 ms","timestamp":"2026-03-03 16:01:32"}
{"level":"info","message":"GET /api/tasks 304 - - 94.700 ms","timestamp":"2026-03-03 16:01:32"}
{"level":"info","message":"GET /api/users 304 - - 93.936 ms","timestamp":"2026-03-03 16:01:33"}
{"level":"info","message":"OPTIONS /api/attendance/2026/3 200 0 - 0.086 ms","timestamp":"2026-03-03 16:02:03"}
{"level":"info","message":"GET /api/attendance/2026/3 304 - - 68.012 ms","timestamp":"2026-03-03 16:02:03"}
{"level":"info","message":"OPTIONS /api/attendance/2026/3 200 0 - 0.287 ms","timestamp":"2026-03-03 16:02:33"}
{"level":"info","message":"GET /api/attendance/2026/3 304 - - 114.560 ms","timestamp":"2026-03-03 16:02:33"}
{"level":"info","message":"OPTIONS /api/calls/sip-config 200 0 - 0.092 ms","timestamp":"2026-03-03 16:02:40"}
{"level":"info","message":"GET /api/calls/sip-config 304 - - 36.750 ms","timestamp":"2026-03-03 16:02:40"}
{"level":"info","message":"OPTIONS /api/attendance/2026/3 200 0 - 0.070 ms","timestamp":"2026-03-03 16:03:03"}
{"level":"info","message":"GET /api/attendance/2026/3 304 - - 112.078 ms","timestamp":"2026-03-03 16:03:03"}
{"level":"info","message":"OPTIONS /api/attendance/2026/3 200 0 - 0.156 ms","timestamp":"2026-03-03 16:03:33"}
{"level":"info","message":"GET /api/attendance/2026/3 304 - - 80.387 ms","timestamp":"2026-03-03 16:03:33"}
{"level":"info","message":"OPTIONS /api/messages/unread-count 200 0 - 0.073 ms","timestamp":"2026-03-03 16:03:47"}
{"level":"info","message":"OPTIONS /api/messages/unread-count 200 0 - 0.054 ms","timestamp":"2026-03-03 16:03:47"}
{"level":"info","message":"GET /api/messages/unread-count 304 - - 60.059 ms","timestamp":"2026-03-03 16:03:47"}
{"level":"info","message":"GET /api/messages/unread-count 304 - - 80.457 ms","timestamp":"2026-03-03 16:03:48"}
{"level":"info","message":"OPTIONS /api/attendance/2026/3 200 0 - 0.088 ms","timestamp":"2026-03-03 16:03:48"}
{"level":"info","message":"OPTIONS /api/calls/sip-config 200 0 - 0.069 ms","timestamp":"2026-03-03 16:03:48"}
{"level":"info","message":"OPTIONS /api/users 200 0 - 0.088 ms","timestamp":"2026-03-03 16:03:48"}
{"level":"info","message":"OPTIONS /api/tasks 200 0 - 0.074 ms","timestamp":"2026-03-03 16:03:48"}
{"level":"info","message":"GET /api/calls/sip-config 304 - - 21.054 ms","timestamp":"2026-03-03 16:03:48"}
{"level":"info","message":"GET /api/calls/sip-config 304 - - 30.170 ms","timestamp":"2026-03-03 16:03:48"}
{"level":"info","message":"GET /api/tasks 304 - - 73.073 ms","timestamp":"2026-03-03 16:03:48"}
{"level":"info","message":"GET /api/attendance/2026/3 304 - - 124.831 ms","timestamp":"2026-03-03 16:03:48"}
{"level":"info","message":"GET /api/users 200 - - 119.439 ms","timestamp":"2026-03-03 16:03:48"}
{"level":"info","message":"GET /api/tasks 304 - - 87.608 ms","timestamp":"2026-03-03 16:03:48"}
{"level":"info","message":"GET /api/attendance/2026/3 304 - - 109.467 ms","timestamp":"2026-03-03 16:03:48"}
{"level":"info","message":"GET /api/users 304 - - 112.308 ms","timestamp":"2026-03-03 16:03:48"}
{"level":"info","message":"OPTIONS /api/messages/unread-count 200 0 - 0.086 ms","timestamp":"2026-03-03 16:03:50"}
{"level":"info","message":"OPTIONS /api/messages/unread-count 200 0 - 0.060 ms","timestamp":"2026-03-03 16:03:50"}
{"level":"info","message":"GET /api/messages/unread-count 200 17 - 48.302 ms","timestamp":"2026-03-03 16:03:50"}
{"level":"info","message":"GET /api/messages/unread-count 200 17 - 76.457 ms","timestamp":"2026-03-03 16:03:50"}
{"level":"info","message":"GET /api/calls/sip-config 304 - - 21.999 ms","timestamp":"2026-03-03 16:03:50"}
{"level":"info","message":"GET /api/calls/sip-config 304 - - 21.886 ms","timestamp":"2026-03-03 16:03:50"}
{"level":"info","message":"GET /api/tasks 304 - - 76.121 ms","timestamp":"2026-03-03 16:03:50"}
{"level":"info","message":"GET /api/attendance/2026/3 304 - - 112.465 ms","timestamp":"2026-03-03 16:03:50"}
{"level":"info","message":"GET /api/attendance/2026/3 - - - - ms","timestamp":"2026-03-03 16:03:50"}
{"level":"info","message":"GET /api/tasks - - - - ms","timestamp":"2026-03-03 16:03:50"}
{"level":"info","message":"GET /api/users 200 - - 125.363 ms","timestamp":"2026-03-03 16:03:50"}
{"level":"info","message":"GET /api/messages/unread-count 304 - - 86.151 ms","timestamp":"2026-03-03 16:03:52"}
{"level":"info","message":"GET /api/messages/unread-count 304 - - 78.347 ms","timestamp":"2026-03-03 16:03:52"}
{"level":"info","message":"GET /api/calls/sip-config 304 - - 37.422 ms","timestamp":"2026-03-03 16:03:52"}
{"level":"info","message":"GET /api/calls/sip-config 304 - - 23.296 ms","timestamp":"2026-03-03 16:03:52"}
{"level":"info","message":"GET /api/tasks 200 - - 86.145 ms","timestamp":"2026-03-03 16:03:52"}
{"level":"info","message":"GET /api/users 200 - - 137.482 ms","timestamp":"2026-03-03 16:03:52"}
{"level":"info","message":"GET /api/attendance/2026/3 200 - - 143.799 ms","timestamp":"2026-03-03 16:03:52"}
{"level":"info","message":"GET /api/tasks 304 - - 89.104 ms","timestamp":"2026-03-03 16:03:52"}
{"level":"info","message":"GET /api/attendance/2026/3 304 - - 70.730 ms","timestamp":"2026-03-03 16:03:52"}
{"level":"info","message":"GET /api/users 304 - - 195.564 ms","timestamp":"2026-03-03 16:03:52"}
{"level":"info","message":"OPTIONS /api/calls 200 0 - 0.135 ms","timestamp":"2026-03-03 16:04:05"}
{"level":"info","message":"POST /api/calls 201 197 - 80.502 ms","timestamp":"2026-03-03 16:04:05"}
{"level":"info","message":"OPTIONS /api/attendance/2026/3 200 0 - 0.110 ms","timestamp":"2026-03-03 16:04:22"}
{"level":"info","message":"GET /api/attendance/2026/3 304 - - 116.900 ms","timestamp":"2026-03-03 16:04:22"}
{"level":"info","message":"OPTIONS /api/calls/69a6b91def27214e1233e969 200 0 - 0.090 ms","timestamp":"2026-03-03 16:04:44"}
{"level":"info","message":"PATCH /api/calls/69a6b91def27214e1233e969 200 198 - 75.872 ms","timestamp":"2026-03-03 16:04:45"}
{"level":"info","message":"OPTIONS /api/attendance/2026/3 200 0 - 0.053 ms","timestamp":"2026-03-03 16:04:52"}
{"level":"info","message":"GET /api/attendance/2026/3 304 - - 114.430 ms","timestamp":"2026-03-03 16:04:52"}
{"level":"info","message":"OPTIONS /api/attendance/2026/3 200 0 - 0.170 ms","timestamp":"2026-03-03 16:05:23"}
{"level":"info","message":"GET /api/attendance/2026/3 304 - - 118.245 ms","timestamp":"2026-03-03 16:05:23"}
{"level":"info","message":"OPTIONS /api/attendance/2026/3 200 0 - 0.298 ms","timestamp":"2026-03-03 16:05:53"}
{"level":"info","message":"GET /api/attendance/2026/3 304 - - 117.622 ms","timestamp":"2026-03-03 16:05:53"}
{"level":"info","message":"OPTIONS /api/attendance/2026/3 200 0 - 0.055 ms","timestamp":"2026-03-03 16:06:23"}
{"level":"info","message":"GET /api/attendance/2026/3 304 - - 107.791 ms","timestamp":"2026-03-03 16:06:23"}
{"level":"info","message":"OPTIONS /api/attendance/2026/3 200 0 - 0.061 ms","timestamp":"2026-03-03 16:06:53"}
{"level":"info","message":"GET /api/attendance/2026/3 304 - - 117.465 ms","timestamp":"2026-03-03 16:06:53"}
{"level":"info","message":"OPTIONS /api/calls/sip-config 200 0 - 0.053 ms","timestamp":"2026-03-03 16:07:04"}
{"level":"info","message":"GET /api/calls/sip-config 304 - - 42.325 ms","timestamp":"2026-03-03 16:07:04"}
{"level":"info","message":"OPTIONS /api/attendance/2026/3 200 0 - 0.071 ms","timestamp":"2026-03-03 16:08:06"}
{"level":"info","message":"GET /api/attendance/2026/3 304 - - 135.532 ms","timestamp":"2026-03-03 16:08:06"}
{"level":"info","message":"OPTIONS /api/attendance/2026/3 200 0 - 0.058 ms","timestamp":"2026-03-03 16:09:06"}
{"level":"info","message":"GET /api/attendance/2026/3 304 - - 107.583 ms","timestamp":"2026-03-03 16:09:06"}
{"level":"info","message":"OPTIONS /api/attendance/2026/3 200 0 - 0.084 ms","timestamp":"2026-03-03 16:10:06"}
{"level":"info","message":"GET /api/attendance/2026/3 304 - - 120.080 ms","timestamp":"2026-03-03 16:10:06"}
{"level":"info","message":"OPTIONS /api/messages/unread-count 200 0 - 0.081 ms","timestamp":"2026-03-03 16:10:15"}
{"level":"info","message":"OPTIONS /api/messages/unread-count 200 0 - 0.094 ms","timestamp":"2026-03-03 16:10:15"}
{"level":"info","message":"GET /api/messages/unread-count 304 - - 74.308 ms","timestamp":"2026-03-03 16:10:15"}
{"level":"info","message":"GET /api/messages/unread-count 304 - - 72.983 ms","timestamp":"2026-03-03 16:10:15"}
{"level":"info","message":"GET /api/messages/unread-count 304 - - 73.507 ms","timestamp":"2026-03-03 16:10:16"}
{"level":"info","message":"GET /api/messages/unread-count 304 - - 72.217 ms","timestamp":"2026-03-03 16:10:16"}
{"level":"info","message":"OPTIONS /api/attendance/2026/3 200 0 - 0.076 ms","timestamp":"2026-03-03 16:10:17"}
{"level":"info","message":"OPTIONS /api/calls/sip-config 200 0 - 0.057 ms","timestamp":"2026-03-03 16:10:17"}
{"level":"info","message":"OPTIONS /api/users 200 0 - 0.062 ms","timestamp":"2026-03-03 16:10:17"}
{"level":"info","message":"OPTIONS /api/tasks 200 0 - 0.081 ms","timestamp":"2026-03-03 16:10:17"}
{"level":"info","message":"OPTIONS /api/tasks 200 0 - 0.058 ms","timestamp":"2026-03-03 16:10:17"}
{"level":"info","message":"GET /api/calls/sip-config 304 - - 39.725 ms","timestamp":"2026-03-03 16:10:17"}
{"level":"info","message":"GET /api/calls/sip-config 304 - - 23.285 ms","timestamp":"2026-03-03 16:10:17"}
{"level":"info","message":"GET /api/tasks 304 - - 83.418 ms","timestamp":"2026-03-03 16:10:17"}
{"level":"info","message":"GET /api/attendance/2026/3 304 - - 123.780 ms","timestamp":"2026-03-03 16:10:17"}
{"level":"info","message":"GET /api/users 200 - - 126.425 ms","timestamp":"2026-03-03 16:10:17"}
{"level":"info","message":"GET /api/tasks 304 - - 89.362 ms","timestamp":"2026-03-03 16:10:17"}
{"level":"info","message":"GET /api/attendance/2026/3 304 - - 62.425 ms","timestamp":"2026-03-03 16:10:17"}
{"level":"info","message":"GET /api/users 304 - - 184.262 ms","timestamp":"2026-03-03 16:10:17"}
{"level":"info","message":"OPTIONS /api/calls 200 0 - 0.090 ms","timestamp":"2026-03-03 16:10:40"}
{"level":"info","message":"POST /api/calls 201 197 - 74.088 ms","timestamp":"2026-03-03 16:10:40"}
{"level":"info","message":"OPTIONS /api/attendance/2026/3 200 0 - 0.161 ms","timestamp":"2026-03-03 16:10:47"}
{"level":"info","message":"GET /api/attendance/2026/3 304 - - 118.915 ms","timestamp":"2026-03-03 16:10:47"}
{"level":"info","message":"OPTIONS /api/calls/69a6baa8ef27214e1233e9ba 200 0 - 0.089 ms","timestamp":"2026-03-03 16:11:11"}
{"level":"info","message":"PATCH /api/calls/69a6baa8ef27214e1233e9ba 200 198 - 75.501 ms","timestamp":"2026-03-03 16:11:11"}
{"level":"info","message":"OPTIONS /api/attendance/2026/3 200 0 - 0.157 ms","timestamp":"2026-03-03 16:11:17"}
{"level":"info","message":"GET /api/attendance/2026/3 304 - - 116.847 ms","timestamp":"2026-03-03 16:11:17"}
{"level":"info","message":"OPTIONS /api/attendance/2026/3 200 0 - 0.090 ms","timestamp":"2026-03-03 16:11:47"}
{"level":"info","message":"GET /api/attendance/2026/3 304 - - 107.643 ms","timestamp":"2026-03-03 16:11:47"}
{"level":"info","message":"OPTIONS /api/attendance/2026/3 200 0 - 0.057 ms","timestamp":"2026-03-03 16:12:17"}
{"level":"info","message":"GET /api/attendance/2026/3 304 - - 64.350 ms","timestamp":"2026-03-03 16:12:17"}
{"level":"info","message":"OPTIONS /api/attendance/2026/3 200 0 - 0.081 ms","timestamp":"2026-03-03 16:12:47"}
{"level":"info","message":"GET /api/attendance/2026/3 304 - - 60.818 ms","timestamp":"2026-03-03 16:12:47"}
{"level":"info","message":"OPTIONS /api/calls/sip-config 200 0 - 0.059 ms","timestamp":"2026-03-03 16:13:31"}
{"level":"info","message":"GET /api/calls/sip-config 304 - - 21.177 ms","timestamp":"2026-03-03 16:13:31"}
{"level":"info","message":"OPTIONS /api/attendance/2026/3 200 0 - 0.062 ms","timestamp":"2026-03-03 16:14:06"}
{"level":"info","message":"GET /api/attendance/2026/3 304 - - 60.764 ms","timestamp":"2026-03-03 16:14:06"}
{"level":"info","message":"OPTIONS /api/attendance/2026/3 200 0 - 0.073 ms","timestamp":"2026-03-03 16:15:06"}
{"level":"info","message":"GET /api/attendance/2026/3 304 - - 60.815 ms","timestamp":"2026-03-03 16:15:06"}
{"level":"info","message":"OPTIONS /api/attendance/2026/3 200 0 - 0.096 ms","timestamp":"2026-03-03 16:16:06"}
{"level":"info","message":"GET /api/attendance/2026/3 304 - - 62.873 ms","timestamp":"2026-03-03 16:16:06"}
{"level":"info","message":"OPTIONS /api/attendance/2026/3 200 0 - 0.074 ms","timestamp":"2026-03-03 16:17:06"}
{"level":"info","message":"GET /api/attendance/2026/3 304 - - 60.499 ms","timestamp":"2026-03-03 16:17:06"}
{"level":"info","message":"OPTIONS /api/attendance/2026/3 200 0 - 0.081 ms","timestamp":"2026-03-03 16:17:29"}
{"level":"info","message":"GET /api/attendance/2026/3 304 - - 70.729 ms","timestamp":"2026-03-03 16:17:29"}
{"level":"info","message":"OPTIONS /api/calls 200 0 - 0.069 ms","timestamp":"2026-03-03 16:17:35"}
{"level":"info","message":"POST /api/calls 201 197 - 45.093 ms","timestamp":"2026-03-03 16:17:35"}
{"level":"info","message":"OPTIONS /api/attendance/2026/3 200 0 - 0.202 ms","timestamp":"2026-03-03 16:17:47"}
{"level":"info","message":"GET /api/attendance/2026/3 304 - - 71.165 ms","timestamp":"2026-03-03 16:17:47"}
{"level":"info","message":"OPTIONS /api/attendance/2026/3 200 0 - 0.219 ms","timestamp":"2026-03-03 16:18:17"}
{"level":"info","message":"GET /api/attendance/2026/3 304 - - 68.805 ms","timestamp":"2026-03-03 16:18:17"}
{"level":"info","message":"OPTIONS /api/messages/unread-count 200 0 - 0.151 ms","timestamp":"2026-03-03 16:18:23"}
{"level":"info","message":"OPTIONS /api/messages/unread-count 200 0 - 0.068 ms","timestamp":"2026-03-03 16:18:23"}
{"level":"info","message":"GET /api/messages/unread-count 304 - - 47.426 ms","timestamp":"2026-03-03 16:18:23"}
{"level":"info","message":"GET /api/messages/unread-count 304 - - 42.081 ms","timestamp":"2026-03-03 16:18:23"}
{"level":"info","message":"OPTIONS /api/attendance/2026/3 200 0 - 0.078 ms","timestamp":"2026-03-03 16:18:23"}
{"level":"info","message":"OPTIONS /api/calls/sip-config 200 0 - 0.062 ms","timestamp":"2026-03-03 16:18:23"}
{"level":"info","message":"OPTIONS /api/users 200 0 - 0.084 ms","timestamp":"2026-03-03 16:18:23"}
{"level":"info","message":"OPTIONS /api/tasks 200 0 - 0.077 ms","timestamp":"2026-03-03 16:18:23"}
{"level":"info","message":"GET /api/calls/sip-config 304 - - 36.328 ms","timestamp":"2026-03-03 16:18:23"}
{"level":"info","message":"GET /api/attendance/2026/3 304 - - 63.573 ms","timestamp":"2026-03-03 16:18:23"}
{"level":"info","message":"GET /api/tasks 304 - - 70.363 ms","timestamp":"2026-03-03 16:18:23"}
{"level":"info","message":"GET /api/calls/sip-config 304 - - 37.814 ms","timestamp":"2026-03-03 16:18:23"}
{"level":"info","message":"GET /api/users 200 - - 119.087 ms","timestamp":"2026-03-03 16:18:23"}
{"level":"info","message":"GET /api/attendance/2026/3 304 - - 67.237 ms","timestamp":"2026-03-03 16:18:23"}
{"level":"info","message":"GET /api/tasks 304 - - 121.792 ms","timestamp":"2026-03-03 16:18:23"}
{"level":"info","message":"GET /api/users 304 - - 118.338 ms","timestamp":"2026-03-03 16:18:23"}
{"level":"info","message":"OPTIONS /api/calls 200 0 - 0.146 ms","timestamp":"2026-03-03 16:18:43"}
{"level":"info","message":"POST /api/calls 201 197 - 43.264 ms","timestamp":"2026-03-03 16:18:43"}
{"level":"info","message":"OPTIONS /api/attendance/2026/3 200 0 - 0.055 ms","timestamp":"2026-03-03 16:18:53"}
{"level":"info","message":"GET /api/attendance/2026/3 304 - - 60.698 ms","timestamp":"2026-03-03 16:18:53"}
{"level":"info","message":"OPTIONS /api/calls/69a6bc8bef27214e1233ea12 200 0 - 0.092 ms","timestamp":"2026-03-03 16:19:12"}
{"level":"info","message":"PATCH /api/calls/69a6bc8bef27214e1233ea12 200 198 - 44.158 ms","timestamp":"2026-03-03 16:19:12"}
{"level":"info","message":"OPTIONS /api/attendance/2026/3 200 0 - 0.099 ms","timestamp":"2026-03-03 16:19:23"}
{"level":"info","message":"GET /api/attendance/2026/3 304 - - 63.893 ms","timestamp":"2026-03-03 16:19:23"}
{"level":"info","message":"OPTIONS /api/attendance/2026/3 200 0 - 0.081 ms","timestamp":"2026-03-03 16:19:54"}
{"level":"info","message":"GET /api/attendance/2026/3 304 - - 62.870 ms","timestamp":"2026-03-03 16:19:54"}
{"level":"info","message":"OPTIONS /api/attendance/2026/3 200 0 - 0.098 ms","timestamp":"2026-03-03 16:20:24"}
{"level":"info","message":"GET /api/attendance/2026/3 304 - - 64.504 ms","timestamp":"2026-03-03 16:20:24"}
{"level":"info","message":"OPTIONS /api/attendance/2026/3 200 0 - 0.143 ms","timestamp":"2026-03-03 16:20:54"}
{"level":"info","message":"GET /api/attendance/2026/3 304 - - 66.472 ms","timestamp":"2026-03-03 16:20:54"}
{"level":"info","message":"OPTIONS /api/attendance/2026/3 200 0 - 0.158 ms","timestamp":"2026-03-03 16:21:24"}
{"level":"info","message":"GET /api/attendance/2026/3 304 - - 70.503 ms","timestamp":"2026-03-03 16:21:24"}
{"level":"info","message":"OPTIONS /api/attendance/2026/3 200 0 - 0.052 ms","timestamp":"2026-03-03 16:21:54"}
{"level":"info","message":"GET /api/attendance/2026/3 304 - - 60.062 ms","timestamp":"2026-03-03 16:21:54"}
{"level":"info","message":"OPTIONS /api/calls/sip-config 200 0 - 0.049 ms","timestamp":"2026-03-03 16:22:04"}
{"level":"info","message":"GET /api/calls/sip-config 304 - - 20.580 ms","timestamp":"2026-03-03 16:22:04"}
{"level":"info","message":"OPTIONS /api/attendance/2026/3 200 0 - 0.101 ms","timestamp":"2026-03-03 16:22:24"}
{"level":"info","message":"GET /api/attendance/2026/3 304 - - 65.640 ms","timestamp":"2026-03-03 16:22:24"}
{"level":"info","message":"OPTIONS /api/attendance/2026/3 200 0 - 0.155 ms","timestamp":"2026-03-03 16:22:54"}
{"level":"info","message":"GET /api/attendance/2026/3 304 - - 71.184 ms","timestamp":"2026-03-03 16:22:54"}
{"level":"info","message":"OPTIONS /api/attendance/2026/3 200 0 - 0.119 ms","timestamp":"2026-03-03 16:23:24"}
{"level":"info","message":"GET /api/attendance/2026/3 304 - - 61.954 ms","timestamp":"2026-03-03 16:23:24"}
{"level":"info","message":"OPTIONS /api/messages/unread-count 200 0 - 0.071 ms","timestamp":"2026-03-03 16:23:50"}
{"level":"info","message":"OPTIONS /api/messages/unread-count 200 0 - 0.059 ms","timestamp":"2026-03-03 16:23:50"}
{"level":"info","message":"GET /api/messages/unread-count 304 - - 47.706 ms","timestamp":"2026-03-03 16:23:50"}
{"level":"info","message":"GET /api/messages/unread-count 304 - - 46.040 ms","timestamp":"2026-03-03 16:23:50"}
{"level":"info","message":"GET /api/messages/unread-count 304 - - 44.418 ms","timestamp":"2026-03-03 16:23:53"}
{"level":"info","message":"GET /api/messages/unread-count 304 - - 41.740 ms","timestamp":"2026-03-03 16:23:53"}
{"level":"info","message":"OPTIONS /api/attendance/2026/3 200 0 - 0.070 ms","timestamp":"2026-03-03 16:23:53"}
{"level":"info","message":"OPTIONS /api/calls/sip-config 200 0 - 0.051 ms","timestamp":"2026-03-03 16:23:53"}
{"level":"info","message":"OPTIONS /api/users 200 0 - 0.057 ms","timestamp":"2026-03-03 16:23:53"}
{"level":"info","message":"OPTIONS /api/tasks 200 0 - 0.117 ms","timestamp":"2026-03-03 16:23:53"}
{"level":"info","message":"GET /api/calls/sip-config 304 - - 37.280 ms","timestamp":"2026-03-03 16:23:53"}
{"level":"info","message":"GET /api/attendance/2026/3 304 - - 62.618 ms","timestamp":"2026-03-03 16:23:53"}
{"level":"info","message":"GET /api/tasks 304 - - 67.559 ms","timestamp":"2026-03-03 16:23:53"}
{"level":"info","message":"GET /api/calls/sip-config 304 - - 36.571 ms","timestamp":"2026-03-03 16:23:53"}
{"level":"info","message":"GET /api/users 200 - - 117.773 ms","timestamp":"2026-03-03 16:23:53"}
{"level":"info","message":"GET /api/attendance/2026/3 304 - - 68.272 ms","timestamp":"2026-03-03 16:23:53"}
{"level":"info","message":"GET /api/tasks 304 - - 102.657 ms","timestamp":"2026-03-03 16:23:53"}
{"level":"info","message":"GET /api/users 304 - - 126.230 ms","timestamp":"2026-03-03 16:23:54"}
{"level":"info","message":"OPTIONS /api/calls 200 0 - 0.166 ms","timestamp":"2026-03-03 16:24:20"}
{"level":"info","message":"POST /api/calls 201 197 - 43.652 ms","timestamp":"2026-03-03 16:24:20"}
{"level":"info","message":"OPTIONS /api/attendance/2026/3 200 0 - 0.153 ms","timestamp":"2026-03-03 16:24:23"}
{"level":"info","message":"GET /api/attendance/2026/3 304 - - 76.677 ms","timestamp":"2026-03-03 16:24:23"}
{"level":"info","message":"OPTIONS /api/calls/69a6bddcef27214e1233ea64 200 0 - 0.090 ms","timestamp":"2026-03-03 16:24:41"}
{"level":"info","message":"PATCH /api/calls/69a6bddcef27214e1233ea64 200 197 - 43.733 ms","timestamp":"2026-03-03 16:24:41"}
{"level":"info","message":"OPTIONS /api/attendance/2026/3 200 0 - 0.169 ms","timestamp":"2026-03-03 16:24:53"}
{"level":"info","message":"GET /api/attendance/2026/3 304 - - 72.016 ms","timestamp":"2026-03-03 16:24:53"}
{"level":"info","message":"OPTIONS /api/attendance/2026/3 200 0 - 0.103 ms","timestamp":"2026-03-03 16:25:23"}
{"level":"info","message":"GET /api/attendance/2026/3 304 - - 66.485 ms","timestamp":"2026-03-03 16:25:23"}
{"level":"info","message":"OPTIONS /api/attendance/2026/3 200 0 - 0.141 ms","timestamp":"2026-03-03 16:25:54"}
{"level":"info","message":"GET /api/attendance/2026/3 304 - - 110.546 ms","timestamp":"2026-03-03 16:25:54"}
{"level":"info","message":"OPTIONS /api/attendance/2026/3 200 0 - 0.148 ms","timestamp":"2026-03-03 16:26:24"}
{"level":"info","message":"GET /api/attendance/2026/3 304 - - 119.093 ms","timestamp":"2026-03-03 16:26:24"}
{"level":"info","message":"OPTIONS /api/calls/sip-config 200 0 - 0.125 ms","timestamp":"2026-03-03 16:28:24"}
{"level":"info","message":"GET /api/calls/sip-config 304 - - 36.815 ms","timestamp":"2026-03-03 16:28:24"}
{"level":"info","message":"OPTIONS /api/attendance/2026/3 200 0 - 0.078 ms","timestamp":"2026-03-03 16:28:25"}
{"level":"info","message":"OPTIONS /api/users 200 0 - 0.054 ms","timestamp":"2026-03-03 16:28:25"}
{"level":"info","message":"OPTIONS /api/tasks 200 0 - 0.068 ms","timestamp":"2026-03-03 16:28:25"}
{"level":"info","message":"GET /api/tasks 304 - - 72.549 ms","timestamp":"2026-03-03 16:28:25"}
{"level":"info","message":"GET /api/attendance/2026/3 304 - - 138.439 ms","timestamp":"2026-03-03 16:28:25"}
{"level":"info","message":"GET /api/users 200 - - 131.840 ms","timestamp":"2026-03-03 16:28:25"}
{"level":"info","message":"GET /api/tasks 304 - - 89.335 ms","timestamp":"2026-03-03 16:28:25"}
{"level":"info","message":"GET /api/attendance/2026/3 304 - - 112.642 ms","timestamp":"2026-03-03 16:28:25"}
{"level":"info","message":"GET /api/users 304 - - 113.032 ms","timestamp":"2026-03-03 16:28:25"}
{"level":"info","message":"OPTIONS /api/attendance/2026/3 200 0 - 0.222 ms","timestamp":"2026-03-03 16:28:56"}
{"level":"info","message":"GET /api/attendance/2026/3 304 - - 65.786 ms","timestamp":"2026-03-03 16:28:56"}
{"level":"info","message":"OPTIONS /api/attendance/2026/3 200 0 - 0.174 ms","timestamp":"2026-03-03 16:29:26"}
{"level":"info","message":"GET /api/attendance/2026/3 304 - - 68.993 ms","timestamp":"2026-03-03 16:29:26"}
{"level":"info","message":"OPTIONS /api/attendance/2026/3 200 0 - 0.050 ms","timestamp":"2026-03-03 16:29:56"}
{"level":"info","message":"GET /api/attendance/2026/3 304 - - 61.676 ms","timestamp":"2026-03-03 16:29:56"}
{"level":"info","message":"OPTIONS /api/attendance/2026/3 200 0 - 0.253 ms","timestamp":"2026-03-03 16:30:26"}
{"level":"info","message":"GET /api/attendance/2026/3 304 - - 67.549 ms","timestamp":"2026-03-03 16:30:26"}
{"level":"info","message":"OPTIONS /api/attendance/2026/3 200 0 - 0.152 ms","timestamp":"2026-03-03 16:30:56"}
{"level":"info","message":"GET /api/attendance/2026/3 304 - - 78.779 ms","timestamp":"2026-03-03 16:30:56"}
{"level":"info","message":"OPTIONS /api/calls/sip-config 200 0 - 0.085 ms","timestamp":"2026-03-03 16:31:13"}
{"level":"info","message":"OPTIONS /api/messages/unread-count 200 0 - 0.162 ms","timestamp":"2026-03-03 16:31:13"}
{"level":"info","message":"OPTIONS /api/messages/unread-count 200 0 - 0.135 ms","timestamp":"2026-03-03 16:31:13"}
{"level":"info","message":"OPTIONS /api/calls/sip-config 200 0 - 0.092 ms","timestamp":"2026-03-03 16:31:13"}
{"level":"info","message":"GET /api/calls/sip-config 304 - - 38.171 ms","timestamp":"2026-03-03 16:31:13"}
{"level":"info","message":"GET /api/messages/unread-count 304 - - 49.237 ms","timestamp":"2026-03-03 16:31:13"}
{"level":"info","message":"GET /api/calls/sip-config 304 - - 39.871 ms","timestamp":"2026-03-03 16:31:13"}
{"level":"info","message":"GET /api/messages/unread-count 304 - - 42.466 ms","timestamp":"2026-03-03 16:31:13"}
{"level":"info","message":"OPTIONS /api/attendance/2026/3 200 0 - 0.077 ms","timestamp":"2026-03-03 16:31:13"}
{"level":"info","message":"OPTIONS /api/users 200 0 - 0.049 ms","timestamp":"2026-03-03 16:31:13"}
{"level":"info","message":"OPTIONS /api/tasks 200 0 - 0.061 ms","timestamp":"2026-03-03 16:31:13"}
{"level":"info","message":"GET /api/attendance/2026/3 304 - - 71.655 ms","timestamp":"2026-03-03 16:31:14"}
{"level":"info","message":"GET /api/tasks 304 - - 77.998 ms","timestamp":"2026-03-03 16:31:14"}
{"level":"info","message":"GET /api/attendance/2026/3 304 - - 68.291 ms","timestamp":"2026-03-03 16:31:14"}
{"level":"info","message":"GET /api/tasks 304 - - 64.944 ms","timestamp":"2026-03-03 16:31:14"}
{"level":"info","message":"GET /api/users 200 - - 194.191 ms","timestamp":"2026-03-03 16:31:14"}
{"level":"info","message":"GET /api/users 304 - - 128.674 ms","timestamp":"2026-03-03 16:31:14"}
{"level":"info","message":"GET /api/calls/sip-config 304 - - 36.948 ms","timestamp":"2026-03-03 16:31:16"}
{"level":"info","message":"GET /api/messages/unread-count 304 - - 41.954 ms","timestamp":"2026-03-03 16:31:16"}
{"level":"info","message":"GET /api/calls/sip-config 304 - - 36.377 ms","timestamp":"2026-03-03 16:31:16"}
{"level":"info","message":"GET /api/messages/unread-count 304 - - 42.250 ms","timestamp":"2026-03-03 16:31:16"}
{"level":"info","message":"GET /api/attendance/2026/3 304 - - 66.750 ms","timestamp":"2026-03-03 16:31:16"}
{"level":"info","message":"GET /api/tasks 304 - - 72.327 ms","timestamp":"2026-03-03 16:31:16"}
{"level":"info","message":"GET /api/attendance/2026/3 304 - - 61.873 ms","timestamp":"2026-03-03 16:31:16"}
{"level":"info","message":"GET /api/tasks 304 - - 64.561 ms","timestamp":"2026-03-03 16:31:16"}
{"level":"info","message":"GET /api/users 200 - - 185.752 ms","timestamp":"2026-03-03 16:31:16"}
{"level":"info","message":"GET /api/users 304 - - 121.853 ms","timestamp":"2026-03-03 16:31:16"}
{"level":"info","message":"OPTIONS /api/calls 200 0 - 0.085 ms","timestamp":"2026-03-03 16:31:29"}
{"level":"info","message":"POST /api/calls 201 197 - 74.408 ms","timestamp":"2026-03-03 16:31:29"}
{"level":"info","message":"OPTIONS /api/attendance/2026/3 200 0 - 0.237 ms","timestamp":"2026-03-03 16:31:46"}
{"level":"info","message":"GET /api/attendance/2026/3 304 - - 123.184 ms","timestamp":"2026-03-03 16:31:46"}
{"level":"info","message":"OPTIONS /api/calls/69a6bf89ef27214e1233eaef 200 0 - 0.127 ms","timestamp":"2026-03-03 16:32:03"}
{"level":"info","message":"PATCH /api/calls/69a6bf89ef27214e1233eaef 200 198 - 75.953 ms","timestamp":"2026-03-03 16:32:03"}
{"level":"info","message":"OPTIONS /api/calls 200 0 - 0.073 ms","timestamp":"2026-03-03 16:32:04"}
{"level":"info","message":"POST /api/calls 201 197 - 76.087 ms","timestamp":"2026-03-03 16:32:05"}
{"level":"info","message":"OPTIONS /api/attendance/2026/3 200 0 - 0.167 ms","timestamp":"2026-03-03 16:32:16"}
{"level":"info","message":"GET /api/attendance/2026/3 304 - - 118.874 ms","timestamp":"2026-03-03 16:32:16"}
{"level":"info","message":"OPTIONS /api/attendance/2026/3 200 0 - 0.216 ms","timestamp":"2026-03-03 16:32:46"}
{"level":"info","message":"GET /api/attendance/2026/3 304 - - 117.269 ms","timestamp":"2026-03-03 16:32:46"}
{"level":"info","message":"OPTIONS /api/attendance/2026/3 200 0 - 0.109 ms","timestamp":"2026-03-03 16:33:16"}
{"level":"info","message":"GET /api/attendance/2026/3 304 - - 113.440 ms","timestamp":"2026-03-03 16:33:16"}
{"level":"info","message":"OPTIONS /api/attendance/2026/3 200 0 - 0.097 ms","timestamp":"2026-03-03 16:33:47"}
{"level":"info","message":"GET /api/attendance/2026/3 304 - - 114.775 ms","timestamp":"2026-03-03 16:33:47"}
{"level":"info","message":"OPTIONS /api/attendance/2026/3 200 0 - 0.081 ms","timestamp":"2026-03-03 16:34:17"}
{"level":"info","message":"GET /api/attendance/2026/3 304 - - 68.652 ms","timestamp":"2026-03-03 16:34:17"}
{"level":"info","message":"OPTIONS /api/attendance/2026/3 200 0 - 0.161 ms","timestamp":"2026-03-03 16:34:47"}
{"level":"info","message":"GET /api/attendance/2026/3 304 - - 69.842 ms","timestamp":"2026-03-03 16:34:47"}
{"level":"info","message":"OPTIONS /api/attendance/2026/3 200 0 - 0.233 ms","timestamp":"2026-03-03 16:35:17"}
{"level":"info","message":"GET /api/attendance/2026/3 304 - - 117.957 ms","timestamp":"2026-03-03 16:35:17"}
{"level":"info","message":"OPTIONS /api/attendance/2026/3 200 0 - 0.091 ms","timestamp":"2026-03-03 16:35:47"}
{"level":"info","message":"GET /api/attendance/2026/3 304 - - 131.154 ms","timestamp":"2026-03-03 16:35:47"}
{"level":"info","message":"OPTIONS /api/attendance/2026/3 200 0 - 0.095 ms","timestamp":"2026-03-03 16:36:17"}
{"level":"info","message":"GET /api/attendance/2026/3 304 - - 62.121 ms","timestamp":"2026-03-03 16:36:17"}
{"level":"info","message":"OPTIONS /api/attendance/2026/3 200 0 - 0.062 ms","timestamp":"2026-03-03 16:36:46"}
{"level":"info","message":"GET /api/attendance/2026/3 304 - - 77.987 ms","timestamp":"2026-03-03 16:36:46"}
{"level":"info","message":"OPTIONS /api/attendance/2026/3 200 0 - 0.048 ms","timestamp":"2026-03-03 16:37:17"}
{"level":"info","message":"GET /api/attendance/2026/3 304 - - 108.241 ms","timestamp":"2026-03-03 16:37:17"}
{"level":"info","message":"OPTIONS /api/attendance/2026/3 200 0 - 0.076 ms","timestamp":"2026-03-03 16:37:48"}
{"level":"info","message":"OPTIONS /api/users 200 0 - 0.075 ms","timestamp":"2026-03-03 16:37:48"}
{"level":"info","message":"OPTIONS /api/tasks 200 0 - 0.038 ms","timestamp":"2026-03-03 16:37:48"}
{"level":"info","message":"OPTIONS /api/users 200 0 - 0.041 ms","timestamp":"2026-03-03 16:37:48"}
{"level":"info","message":"OPTIONS /api/tasks 200 0 - 0.030 ms","timestamp":"2026-03-03 16:37:48"}
{"level":"info","message":"GET /api/tasks 304 - - 66.209 ms","timestamp":"2026-03-03 16:37:48"}
{"level":"info","message":"GET /api/attendance/2026/3 304 - - 120.346 ms","timestamp":"2026-03-03 16:37:48"}
{"level":"info","message":"GET /api/users 200 - - 129.774 ms","timestamp":"2026-03-03 16:37:48"}
{"level":"info","message":"GET /api/tasks 304 - - 84.671 ms","timestamp":"2026-03-03 16:37:48"}
{"level":"info","message":"GET /api/attendance/2026/3 304 - - 111.027 ms","timestamp":"2026-03-03 16:37:48"}
{"level":"info","message":"GET /api/users 304 - - 114.416 ms","timestamp":"2026-03-03 16:37:48"}
{"level":"info","message":"OPTIONS /api/attendance/2026/3 200 0 - 0.229 ms","timestamp":"2026-03-03 16:38:19"}
{"level":"info","message":"GET /api/attendance/2026/3 304 - - 73.707 ms","timestamp":"2026-03-03 16:38:19"}
{"level":"info","message":"OPTIONS /api/attendance/2026/3 200 0 - 0.052 ms","timestamp":"2026-03-03 16:38:49"}
{"level":"info","message":"GET /api/attendance/2026/3 304 - - 63.090 ms","timestamp":"2026-03-03 16:38:49"}
{"level":"info","message":"OPTIONS /api/attendance/2026/3 200 0 - 0.230 ms","timestamp":"2026-03-03 16:39:19"}
{"level":"info","message":"GET /api/attendance/2026/3 304 - - 61.674 ms","timestamp":"2026-03-03 16:39:19"}
{"level":"info","message":"OPTIONS /api/attendance/2026/3 200 0 - 0.050 ms","timestamp":"2026-03-03 16:39:49"}
{"level":"info","message":"GET /api/attendance/2026/3 304 - - 59.008 ms","timestamp":"2026-03-03 16:39:49"}
{"level":"info","message":"OPTIONS /api/attendance/2026/3 200 0 - 0.146 ms","timestamp":"2026-03-03 16:40:19"}
{"level":"info","message":"GET /api/attendance/2026/3 304 - - 64.354 ms","timestamp":"2026-03-03 16:40:19"}
{"level":"info","message":"OPTIONS /api/attendance/2026/3 200 0 - 0.120 ms","timestamp":"2026-03-03 16:40:49"}
{"level":"info","message":"GET /api/attendance/2026/3 304 - - 60.904 ms","timestamp":"2026-03-03 16:40:49"}
{"level":"info","message":"OPTIONS /api/attendance/2026/3 200 0 - 0.084 ms","timestamp":"2026-03-03 16:41:19"}
{"level":"info","message":"GET /api/attendance/2026/3 304 - - 59.571 ms","timestamp":"2026-03-03 16:41:19"}
{"level":"info","message":"OPTIONS /api/attendance/2026/3 200 0 - 0.152 ms","timestamp":"2026-03-03 16:41:49"}
{"level":"info","message":"GET /api/attendance/2026/3 304 - - 68.649 ms","timestamp":"2026-03-03 16:41:49"}
{"level":"info","message":"OPTIONS /api/attendance/2026/3 200 0 - 0.125 ms","timestamp":"2026-03-03 16:42:19"}
{"level":"info","message":"GET /api/attendance/2026/3 304 - - 63.704 ms","timestamp":"2026-03-03 16:42:19"}
{"level":"info","message":"OPTIONS /api/calls/sip-config 200 0 - 0.084 ms","timestamp":"2026-03-03 16:42:31"}
{"level":"info","message":"OPTIONS /api/messages/unread-count 200 0 - 0.070 ms","timestamp":"2026-03-03 16:42:31"}
{"level":"info","message":"OPTIONS /api/calls/sip-config 200 0 - 0.077 ms","timestamp":"2026-03-03 16:42:31"}
{"level":"info","message":"GET /api/calls/sip-config 304 - - 21.974 ms","timestamp":"2026-03-03 16:42:31"}
{"level":"info","message":"GET /api/calls/sip-config 304 - - 19.790 ms","timestamp":"2026-03-03 16:42:31"}
{"level":"info","message":"GET /api/messages/unread-count 304 - - 45.779 ms","timestamp":"2026-03-03 16:42:31"}
{"level":"info","message":"GET /api/messages/unread-count 304 - - 57.019 ms","timestamp":"2026-03-03 16:42:31"}
{"level":"info","message":"OPTIONS /api/attendance/2026/3 200 0 - 0.069 ms","timestamp":"2026-03-03 16:42:31"}
{"level":"info","message":"OPTIONS /api/users 200 0 - 0.046 ms","timestamp":"2026-03-03 16:42:31"}
{"level":"info","message":"OPTIONS /api/tasks 200 0 - 0.067 ms","timestamp":"2026-03-03 16:42:31"}
{"level":"info","message":"GET /api/attendance/2026/3 304 - - 66.173 ms","timestamp":"2026-03-03 16:42:31"}
{"level":"info","message":"GET /api/tasks 304 - - 66.675 ms","timestamp":"2026-03-03 16:42:31"}
{"level":"info","message":"GET /api/users 200 - - 108.995 ms","timestamp":"2026-03-03 16:42:31"}
{"level":"info","message":"GET /api/attendance/2026/3 304 - - 64.256 ms","timestamp":"2026-03-03 16:42:31"}
{"level":"info","message":"GET /api/tasks 304 - - 68.938 ms","timestamp":"2026-03-03 16:42:31"}
{"level":"info","message":"GET /api/users 304 - - 104.619 ms","timestamp":"2026-03-03 16:42:31"}
{"level":"info","message":"OPTIONS /api/calls 200 0 - 0.135 ms","timestamp":"2026-03-03 16:42:52"}
{"level":"info","message":"POST /api/calls 201 197 - 43.724 ms","timestamp":"2026-03-03 16:42:52"}
{"level":"info","message":"OPTIONS /api/attendance/2026/3 200 0 - 0.094 ms","timestamp":"2026-03-03 16:43:01"}
{"level":"info","message":"GET /api/attendance/2026/3 304 - - 67.725 ms","timestamp":"2026-03-03 16:43:01"}
{"level":"info","message":"OPTIONS /api/attendance/2026/3 200 0 - 0.083 ms","timestamp":"2026-03-03 16:43:31"}
{"level":"info","message":"GET /api/attendance/2026/3 304 - - 107.538 ms","timestamp":"2026-03-03 16:43:31"}
{"level":"info","message":"OPTIONS /api/attendance/2026/3 200 0 - 0.078 ms","timestamp":"2026-03-03 16:44:01"}
{"level":"info","message":"GET /api/attendance/2026/3 304 - - 123.219 ms","timestamp":"2026-03-03 16:44:01"}
{"level":"info","message":"OPTIONS /api/attendance/2026/3 200 0 - 0.136 ms","timestamp":"2026-03-03 16:44:31"}
{"level":"info","message":"GET /api/attendance/2026/3 304 - - 111.439 ms","timestamp":"2026-03-03 16:44:31"}
{"level":"info","message":"OPTIONS /api/attendance/2026/3 200 0 - 0.062 ms","timestamp":"2026-03-03 16:45:01"}
{"level":"info","message":"GET /api/attendance/2026/3 304 - - 107.176 ms","timestamp":"2026-03-03 16:45:01"}
{"level":"info","message":"OPTIONS /api/calls/69a6c234ef27214e1233eb7f 200 0 - 0.059 ms","timestamp":"2026-03-03 16:45:10"}
{"level":"info","message":"PATCH /api/calls/69a6c234ef27214e1233eb7f 200 199 - 73.727 ms","timestamp":"2026-03-03 16:45:10"}
{"level":"info","message":"OPTIONS /api/attendance/2026/3 200 0 - 0.230 ms","timestamp":"2026-03-03 16:45:31"}
{"level":"info","message":"GET /api/attendance/2026/3 304 - - 117.890 ms","timestamp":"2026-03-03 16:45:31"}
{"level":"info","message":"OPTIONS /api/attendance/2026/3 200 0 - 0.066 ms","timestamp":"2026-03-03 16:46:02"}
{"level":"info","message":"GET /api/attendance/2026/3 304 - - 107.865 ms","timestamp":"2026-03-03 16:46:02"}
{"level":"info","message":"OPTIONS /api/attendance/2026/3 200 0 - 0.274 ms","timestamp":"2026-03-03 16:46:32"}
{"level":"info","message":"GET /api/attendance/2026/3 304 - - 112.614 ms","timestamp":"2026-03-03 16:46:32"}
{"level":"info","message":"OPTIONS /api/attendance/2026/3 200 0 - 0.048 ms","timestamp":"2026-03-03 16:47:01"}
{"level":"info","message":"GET /api/attendance/2026/3 304 - - 119.884 ms","timestamp":"2026-03-03 16:47:01"}
{"level":"info","message":"OPTIONS /api/calls/sip-config 200 0 - 0.077 ms","timestamp":"2026-03-03 16:47:10"}
{"level":"info","message":"OPTIONS /api/messages/unread-count 200 0 - 0.049 ms","timestamp":"2026-03-03 16:47:10"}
{"level":"info","message":"OPTIONS /api/messages/unread-count 200 0 - 0.048 ms","timestamp":"2026-03-03 16:47:10"}
{"level":"info","message":"GET /api/calls/sip-config 304 - - 36.501 ms","timestamp":"2026-03-03 16:47:10"}
{"level":"info","message":"GET /api/messages/unread-count 304 - - 44.904 ms","timestamp":"2026-03-03 16:47:10"}
{"level":"info","message":"GET /api/calls/sip-config 304 - - 36.728 ms","timestamp":"2026-03-03 16:47:10"}
{"level":"info","message":"GET /api/messages/unread-count 304 - - 42.327 ms","timestamp":"2026-03-03 16:47:10"}
{"level":"info","message":"OPTIONS /api/attendance/2026/3 200 0 - 0.085 ms","timestamp":"2026-03-03 16:47:11"}
{"level":"info","message":"OPTIONS /api/users 200 0 - 0.064 ms","timestamp":"2026-03-03 16:47:11"}
{"level":"info","message":"OPTIONS /api/tasks 200 0 - 0.056 ms","timestamp":"2026-03-03 16:47:11"}
{"level":"info","message":"GET /api/attendance/2026/3 304 - - 66.210 ms","timestamp":"2026-03-03 16:47:11"}
{"level":"info","message":"GET /api/tasks 304 - - 68.329 ms","timestamp":"2026-03-03 16:47:11"}
{"level":"info","message":"GET /api/tasks 304 - - 64.009 ms","timestamp":"2026-03-03 16:47:11"}
{"level":"info","message":"GET /api/attendance/2026/3 304 - - 68.973 ms","timestamp":"2026-03-03 16:47:11"}
{"level":"info","message":"GET /api/users 200 - - 185.816 ms","timestamp":"2026-03-03 16:47:11"}
{"level":"info","message":"GET /api/users - - - - ms","timestamp":"2026-03-03 16:47:11"}
{"level":"info","message":"OPTIONS /api/calls/sip-config 200 0 - 0.126 ms","timestamp":"2026-03-03 16:47:12"}
{"level":"info","message":"OPTIONS /api/messages/unread-count 200 0 - 0.082 ms","timestamp":"2026-03-03 16:47:12"}
{"level":"info","message":"OPTIONS /api/calls/sip-config 200 0 - 0.060 ms","timestamp":"2026-03-03 16:47:12"}
{"level":"info","message":"OPTIONS /api/messages/unread-count 200 0 - 0.081 ms","timestamp":"2026-03-03 16:47:12"}
{"level":"info","message":"GET /api/calls/sip-config 200 164 - 26.223 ms","timestamp":"2026-03-03 16:47:12"}
{"level":"info","message":"GET /api/calls/sip-config 200 164 - 37.387 ms","timestamp":"2026-03-03 16:47:12"}
{"level":"info","message":"GET /api/messages/unread-count 200 17 - 54.798 ms","timestamp":"2026-03-03 16:47:12"}
{"level":"info","message":"GET /api/messages/unread-count 200 17 - 51.558 ms","timestamp":"2026-03-03 16:47:12"}
{"level":"info","message":"GET /api/attendance/2026/3 304 - - 64.379 ms","timestamp":"2026-03-03 16:47:13"}
{"level":"info","message":"GET /api/tasks 304 - - 117.615 ms","timestamp":"2026-03-03 16:47:13"}
{"level":"info","message":"GET /api/users 200 - - 117.167 ms","timestamp":"2026-03-03 16:47:13"}
{"level":"info","message":"GET /api/attendance/2026/3 304 - - 71.172 ms","timestamp":"2026-03-03 16:47:13"}
{"level":"info","message":"GET /api/users 304 - - 77.582 ms","timestamp":"2026-03-03 16:47:13"}
{"level":"info","message":"GET /api/tasks 304 - - 108.511 ms","timestamp":"2026-03-03 16:47:13"}
{"level":"info","message":"OPTIONS /api/appointments/revenue/reports 200 0 - 0.068 ms","timestamp":"2026-03-03 16:47:37"}
{"level":"info","message":"OPTIONS /api/appointments 200 0 - 0.043 ms","timestamp":"2026-03-03 16:47:37"}
{"level":"info","message":"OPTIONS /api/tasks 200 0 - 0.042 ms","timestamp":"2026-03-03 16:47:37"}
{"level":"info","message":"OPTIONS /api/users/all 200 0 - 0.052 ms","timestamp":"2026-03-03 16:47:37"}
{"level":"info","message":"OPTIONS /api/attendance/range?start=2026-02-28T18:30:00.000Z&end=2026-03-31T18:29:59.999Z 200 0 - 0.056 ms","timestamp":"2026-03-03 16:47:37"}
{"level":"info","message":"OPTIONS /api/admin-status 200 0 - 0.048 ms","timestamp":"2026-03-03 16:47:37"}
{"level":"info","message":"OPTIONS /api/appointments/stats?month=3&year=2026 200 0 - 0.059 ms","timestamp":"2026-03-03 16:47:37"}
{"level":"info","message":"OPTIONS /api/appointments/stats?month=2&year=2026 200 0 - 0.065 ms","timestamp":"2026-03-03 16:47:37"}
{"level":"info","message":"OPTIONS /api/attendance/range?start=2026-02-28T18:30:00.000Z&end=2026-03-31T18:29:59.999Z 200 0 - 0.060 ms","timestamp":"2026-03-03 16:47:37"}
{"level":"info","message":"OPTIONS /api/appointments/revenue 200 0 - 0.074 ms","timestamp":"2026-03-03 16:47:37"}
{"level":"info","message":"OPTIONS /api/users 200 0 - 0.025 ms","timestamp":"2026-03-03 16:47:37"}
{"level":"info","message":"OPTIONS /api/appointments/revenue 200 0 - 0.025 ms","timestamp":"2026-03-03 16:47:37"}
{"level":"info","message":"OPTIONS /api/users 200 0 - 0.050 ms","timestamp":"2026-03-03 16:47:37"}
{"level":"info","message":"GET /api/admin-status 200 49 - 43.770 ms","timestamp":"2026-03-03 16:47:37"}
{"level":"info","message":"GET /api/attendance/range?start=2026-02-28T18:30:00.000Z&end=2026-03-31T18:29:59.999Z 200 - - 63.815 ms","timestamp":"2026-03-03 16:47:37"}
{"level":"info","message":"GET /api/appointments/revenue/reports 304 - - 85.443 ms","timestamp":"2026-03-03 16:47:37"}
{"level":"info","message":"GET /api/appointments/stats?month=3&year=2026 304 - - 45.548 ms","timestamp":"2026-03-03 16:47:37"}
{"level":"info","message":"GET /api/users/all 200 - - 112.174 ms","timestamp":"2026-03-03 16:47:37"}
{"level":"info","message":"GET /api/appointments 304 - - 152.333 ms","timestamp":"2026-03-03 16:47:37"}
{"level":"info","message":"GET /api/appointments/stats?month=2&year=2026 304 - - 78.666 ms","timestamp":"2026-03-03 16:47:37"}
{"level":"info","message":"GET /api/appointments/revenue 304 - - 82.209 ms","timestamp":"2026-03-03 16:47:37"}
{"level":"info","message":"GET /api/admin-status 304 - - 75.510 ms","timestamp":"2026-03-03 16:47:37"}
{"level":"info","message":"GET /api/appointments/revenue/reports 304 - - 41.748 ms","timestamp":"2026-03-03 16:47:37"}
{"level":"info","message":"GET /api/attendance/range?start=2026-02-28T18:30:00.000Z&end=2026-03-31T18:29:59.999Z 304 - - 70.440 ms","timestamp":"2026-03-03 16:47:37"}
{"level":"info","message":"GET /api/appointments/stats?month=3&year=2026 304 - - 49.491 ms","timestamp":"2026-03-03 16:47:37"}
{"level":"info","message":"GET /api/users 200 - - 106.615 ms","timestamp":"2026-03-03 16:47:37"}
{"level":"info","message":"GET /api/appointments/stats?month=2&year=2026 304 - - 50.860 ms","timestamp":"2026-03-03 16:47:37"}
{"level":"info","message":"GET /api/users/all 304 - - 107.155 ms","timestamp":"2026-03-03 16:47:37"}
{"level":"info","message":"GET /api/tasks 304 - - 316.457 ms","timestamp":"2026-03-03 16:47:37"}
{"level":"info","message":"GET /api/appointments/revenue 304 - - 86.206 ms","timestamp":"2026-03-03 16:47:37"}
{"level":"info","message":"GET /api/users 304 - - 103.539 ms","timestamp":"2026-03-03 16:47:37"}
{"level":"info","message":"GET /api/tasks 304 - - 93.053 ms","timestamp":"2026-03-03 16:47:37"}
{"level":"info","message":"GET /api/appointments 304 - - 221.160 ms","timestamp":"2026-03-03 16:47:37"}
{"level":"info","message":"GET /api/tasks 304 - - 80.699 ms","timestamp":"2026-03-03 16:47:38"}
{"level":"info","message":"GET /api/tasks 304 - - 109.767 ms","timestamp":"2026-03-03 16:47:38"}
{"level":"info","message":"OPTIONS /api/attendance/2026/3 200 0 - 0.151 ms","timestamp":"2026-03-03 16:47:42"}
{"level":"info","message":"GET /api/attendance/2026/3 304 - - 117.688 ms","timestamp":"2026-03-03 16:47:43"}
{"level":"info","message":"OPTIONS /api/appointments/stats?month=3&year=2026 200 0 - 0.046 ms","timestamp":"2026-03-03 16:47:48"}
{"level":"info","message":"OPTIONS /api/appointments/stats?month=2&year=2026 200 0 - 0.031 ms","timestamp":"2026-03-03 16:47:48"}
{"level":"info","message":"OPTIONS /api/appointments/revenue 200 0 - 0.024 ms","timestamp":"2026-03-03 16:47:48"}
{"level":"info","message":"OPTIONS /api/users 200 0 - 0.034 ms","timestamp":"2026-03-03 16:47:48"}
{"level":"info","message":"GET /api/appointments/stats?month=2&year=2026 304 - - 39.669 ms","timestamp":"2026-03-03 16:47:48"}
{"level":"info","message":"GET /api/appointments/revenue 304 - - 63.806 ms","timestamp":"2026-03-03 16:47:48"}
{"level":"info","message":"GET /api/appointments/stats?month=3&year=2026 304 - - 71.333 ms","timestamp":"2026-03-03 16:47:48"}
{"level":"info","message":"GET /api/users 200 - - 115.486 ms","timestamp":"2026-03-03 16:47:48"}
{"level":"info","message":"OPTIONS /api/appointments/stats?month=3&year=2026 200 0 - 0.081 ms","timestamp":"2026-03-03 16:47:58"}
{"level":"info","message":"OPTIONS /api/appointments/stats?month=2&year=2026 200 0 - 0.041 ms","timestamp":"2026-03-03 16:47:58"}
{"level":"info","message":"OPTIONS /api/appointments/revenue 200 0 - 0.034 ms","timestamp":"2026-03-03 16:47:58"}
{"level":"info","message":"OPTIONS /api/users 200 0 - 0.035 ms","timestamp":"2026-03-03 16:47:58"}
{"level":"info","message":"GET /api/appointments/stats?month=3&year=2026 304 - - 40.928 ms","timestamp":"2026-03-03 16:47:58"}
{"level":"info","message":"GET /api/appointments/revenue 304 - - 64.160 ms","timestamp":"2026-03-03 16:47:58"}
{"level":"info","message":"GET /api/appointments/stats?month=2&year=2026 304 - - 71.299 ms","timestamp":"2026-03-03 16:47:58"}
{"level":"info","message":"GET /api/users 304 - - 120.850 ms","timestamp":"2026-03-03 16:47:58"}
{"level":"info","message":"OPTIONS /api/users/all 200 0 - 0.165 ms","timestamp":"2026-03-03 16:48:07"}
{"level":"info","message":"OPTIONS /api/attendance/range?start=2026-02-28T18:30:00.000Z&end=2026-03-31T18:29:59.999Z 200 0 - 0.208 ms","timestamp":"2026-03-03 16:48:07"}
{"level":"info","message":"OPTIONS /api/appointments/stats?month=3&year=2026 200 0 - 0.043 ms","timestamp":"2026-03-03 16:48:07"}
{"level":"info","message":"OPTIONS /api/appointments/stats?month=2&year=2026 200 0 - 0.047 ms","timestamp":"2026-03-03 16:48:07"}
{"level":"info","message":"OPTIONS /api/appointments/revenue 200 0 - 0.062 ms","timestamp":"2026-03-03 16:48:07"}
{"level":"info","message":"OPTIONS /api/users 200 0 - 0.072 ms","timestamp":"2026-03-03 16:48:07"}
{"level":"info","message":"GET /api/users/all 200 - - 94.641 ms","timestamp":"2026-03-03 16:48:07"}
{"level":"info","message":"GET /api/attendance/range?start=2026-02-28T18:30:00.000Z&end=2026-03-31T18:29:59.999Z 304 - - 130.692 ms","timestamp":"2026-03-03 16:48:07"}
{"level":"info","message":"GET /api/appointments/stats?month=3&year=2026 304 - - 46.214 ms","timestamp":"2026-03-03 16:48:07"}
{"level":"info","message":"GET /api/appointments/stats?month=2&year=2026 304 - - 42.245 ms","timestamp":"2026-03-03 16:48:07"}
{"level":"info","message":"GET /api/appointments/revenue 304 - - 63.996 ms","timestamp":"2026-03-03 16:48:07"}
{"level":"info","message":"GET /api/users 200 - - 109.404 ms","timestamp":"2026-03-03 16:48:07"}
{"level":"info","message":"OPTIONS /api/attendance/2026/3 200 0 - 0.165 ms","timestamp":"2026-03-03 16:48:12"}
{"level":"info","message":"GET /api/attendance/2026/3 304 - - 72.290 ms","timestamp":"2026-03-03 16:48:13"}
{"level":"info","message":"OPTIONS /api/appointments/stats?month=3&year=2026 200 0 - 0.046 ms","timestamp":"2026-03-03 16:48:17"}
{"level":"info","message":"OPTIONS /api/appointments/stats?month=2&year=2026 200 0 - 0.035 ms","timestamp":"2026-03-03 16:48:17"}
{"level":"info","message":"OPTIONS /api/appointments/revenue 200 0 - 0.034 ms","timestamp":"2026-03-03 16:48:17"}
{"level":"info","message":"OPTIONS /api/users 200 0 - 0.041 ms","timestamp":"2026-03-03 16:48:17"}
{"level":"info","message":"GET /api/appointments/stats?month=3&year=2026 304 - - 40.281 ms","timestamp":"2026-03-03 16:48:17"}
{"level":"info","message":"GET /api/appointments/stats?month=2&year=2026 304 - - 39.977 ms","timestamp":"2026-03-03 16:48:17"}
{"level":"info","message":"GET /api/appointments/revenue 304 - - 67.841 ms","timestamp":"2026-03-03 16:48:17"}
{"level":"info","message":"GET /api/users 200 - - 113.861 ms","timestamp":"2026-03-03 16:48:17"}
{"level":"info","message":"OPTIONS /api/appointments/stats?month=3&year=2026 200 0 - 0.068 ms","timestamp":"2026-03-03 16:48:27"}
{"level":"info","message":"OPTIONS /api/appointments/revenue 200 0 - 0.072 ms","timestamp":"2026-03-03 16:48:27"}
{"level":"info","message":"OPTIONS /api/appointments/stats?month=2&year=2026 200 0 - 0.062 ms","timestamp":"2026-03-03 16:48:27"}
{"level":"info","message":"OPTIONS /api/users 200 0 - 0.038 ms","timestamp":"2026-03-03 16:48:27"}
{"level":"info","message":"GET /api/appointments/stats?month=3&year=2026 304 - - 40.721 ms","timestamp":"2026-03-03 16:48:27"}
{"level":"info","message":"GET /api/appointments/stats?month=2&year=2026 304 - - 39.593 ms","timestamp":"2026-03-03 16:48:27"}
{"level":"info","message":"GET /api/appointments/revenue 304 - - 61.410 ms","timestamp":"2026-03-03 16:48:27"}
{"level":"info","message":"GET /api/users 200 - - 109.383 ms","timestamp":"2026-03-03 16:48:27"}
{"level":"info","message":"OPTIONS /api/users/all 200 0 - 0.110 ms","timestamp":"2026-03-03 16:48:37"}
{"level":"info","message":"OPTIONS /api/attendance/range?start=2026-02-28T18:30:00.000Z&end=2026-03-31T18:29:59.999Z 200 0 - 0.067 ms","timestamp":"2026-03-03 16:48:37"}
{"level":"info","message":"GET /api/attendance/range?start=2026-02-28T18:30:00.000Z&end=2026-03-31T18:29:59.999Z 304 - - 64.489 ms","timestamp":"2026-03-03 16:48:37"}
{"level":"info","message":"OPTIONS /api/appointments/stats?month=3&year=2026 200 0 - 0.069 ms","timestamp":"2026-03-03 16:48:37"}
{"level":"info","message":"OPTIONS /api/appointments/stats?month=2&year=2026 200 0 - 0.071 ms","timestamp":"2026-03-03 16:48:37"}
{"level":"info","message":"OPTIONS /api/appointments/revenue 200 0 - 0.059 ms","timestamp":"2026-03-03 16:48:37"}
{"level":"info","message":"OPTIONS /api/users 200 0 - 0.038 ms","timestamp":"2026-03-03 16:48:37"}
{"level":"info","message":"GET /api/users/all 200 - - 101.171 ms","timestamp":"2026-03-03 16:48:37"}
{"level":"info","message":"GET /api/appointments/stats?month=3&year=2026 304 - - 43.724 ms","timestamp":"2026-03-03 16:48:37"}
{"level":"info","message":"GET /api/appointments/stats?month=2&year=2026 304 - - 42.436 ms","timestamp":"2026-03-03 16:48:37"}
{"level":"info","message":"GET /api/appointments/revenue 304 - - 63.217 ms","timestamp":"2026-03-03 16:48:37"}
{"level":"info","message":"GET /api/users 200 - - 188.170 ms","timestamp":"2026-03-03 16:48:37"}
{"level":"info","message":"OPTIONS /api/attendance/2026/3 200 0 - 0.150 ms","timestamp":"2026-03-03 16:48:43"}
{"level":"info","message":"GET /api/attendance/2026/3 304 - - 117.990 ms","timestamp":"2026-03-03 16:48:43"}
{"level":"info","message":"OPTIONS /api/appointments/stats?month=3&year=2026 200 0 - 0.053 ms","timestamp":"2026-03-03 16:48:48"}
{"level":"info","message":"OPTIONS /api/appointments/stats?month=2&year=2026 200 0 - 0.059 ms","timestamp":"2026-03-03 16:48:48"}
{"level":"info","message":"OPTIONS /api/appointments/revenue 200 0 - 0.049 ms","timestamp":"2026-03-03 16:48:48"}
{"level":"info","message":"OPTIONS /api/users 200 0 - 0.051 ms","timestamp":"2026-03-03 16:48:48"}
{"level":"info","message":"GET /api/appointments/stats?month=2&year=2026 304 - - 39.492 ms","timestamp":"2026-03-03 16:48:48"}
{"level":"info","message":"GET /api/appointments/revenue 304 - - 62.216 ms","timestamp":"2026-03-03 16:48:48"}
{"level":"info","message":"GET /api/appointments/stats?month=3&year=2026 304 - - 72.483 ms","timestamp":"2026-03-03 16:48:48"}
{"level":"info","message":"GET /api/users 200 - - 106.327 ms","timestamp":"2026-03-03 16:48:48"}
{"level":"info","message":"OPTIONS /api/appointments/stats?month=3&year=2026 200 0 - 0.051 ms","timestamp":"2026-03-03 16:48:58"}
{"level":"info","message":"OPTIONS /api/appointments/stats?month=2&year=2026 200 0 - 0.048 ms","timestamp":"2026-03-03 16:48:58"}
{"level":"info","message":"OPTIONS /api/appointments/revenue 200 0 - 0.037 ms","timestamp":"2026-03-03 16:48:58"}
{"level":"info","message":"OPTIONS /api/users 200 0 - 0.024 ms","timestamp":"2026-03-03 16:48:58"}
{"level":"info","message":"GET /api/appointments/stats?month=3&year=2026 304 - - 39.695 ms","timestamp":"2026-03-03 16:48:58"}
{"level":"info","message":"GET /api/appointments/revenue 304 - - 60.606 ms","timestamp":"2026-03-03 16:48:58"}
{"level":"info","message":"GET /api/appointments/stats?month=2&year=2026 304 - - 70.341 ms","timestamp":"2026-03-03 16:48:58"}
{"level":"info","message":"GET /api/users 304 - - 107.099 ms","timestamp":"2026-03-03 16:48:58"}
{"level":"info","message":"OPTIONS /api/users/all 200 0 - 0.126 ms","timestamp":"2026-03-03 16:49:08"}
{"level":"info","message":"OPTIONS /api/attendance/range?start=2026-02-28T18:30:00.000Z&end=2026-03-31T18:29:59.999Z 200 0 - 0.116 ms","timestamp":"2026-03-03 16:49:08"}
{"level":"info","message":"OPTIONS /api/appointments/stats?month=3&year=2026 200 0 - 0.048 ms","timestamp":"2026-03-03 16:49:08"}
{"level":"info","message":"OPTIONS /api/appointments/stats?month=2&year=2026 200 0 - 0.032 ms","timestamp":"2026-03-03 16:49:08"}
{"level":"info","message":"OPTIONS /api/appointments/revenue 200 0 - 0.028 ms","timestamp":"2026-03-03 16:49:08"}
{"level":"info","message":"OPTIONS /api/users 200 0 - 0.036 ms","timestamp":"2026-03-03 16:49:08"}
{"level":"info","message":"GET /api/users/all 200 - - 101.477 ms","timestamp":"2026-03-03 16:49:08"}
{"level":"info","message":"GET /api/attendance/range?start=2026-02-28T18:30:00.000Z&end=2026-03-31T18:29:59.999Z 304 - - 118.732 ms","timestamp":"2026-03-03 16:49:08"}
{"level":"info","message":"GET /api/appointments/stats?month=3&year=2026 304 - - 50.005 ms","timestamp":"2026-03-03 16:49:08"}
{"level":"info","message":"GET /api/appointments/stats?month=2&year=2026 304 - - 47.156 ms","timestamp":"2026-03-03 16:49:08"}
{"level":"info","message":"GET /api/appointments/revenue 304 - - 77.540 ms","timestamp":"2026-03-03 16:49:08"}
{"level":"info","message":"GET /api/users 200 - - 114.737 ms","timestamp":"2026-03-03 16:49:08"}
{"level":"info","message":"OPTIONS /api/attendance/2026/3 200 0 - 0.203 ms","timestamp":"2026-03-03 16:49:13"}
{"level":"info","message":"GET /api/attendance/2026/3 304 - - 74.422 ms","timestamp":"2026-03-03 16:49:13"}
{"level":"info","message":"OPTIONS /api/appointments/stats?month=3&year=2026 200 0 - 0.048 ms","timestamp":"2026-03-03 16:49:18"}
{"level":"info","message":"OPTIONS /api/appointments/stats?month=2&year=2026 200 0 - 0.039 ms","timestamp":"2026-03-03 16:49:18"}
{"level":"info","message":"OPTIONS /api/appointments/revenue 200 0 - 0.034 ms","timestamp":"2026-03-03 16:49:18"}
{"level":"info","message":"OPTIONS /api/users 200 0 - 0.029 ms","timestamp":"2026-03-03 16:49:18"}
{"level":"info","message":"GET /api/appointments/stats?month=3&year=2026 304 - - 40.547 ms","timestamp":"2026-03-03 16:49:18"}
{"level":"info","message":"GET /api/appointments/stats?month=2&year=2026 304 - - 41.951 ms","timestamp":"2026-03-03 16:49:18"}
{"level":"info","message":"GET /api/appointments/revenue 304 - - 62.769 ms","timestamp":"2026-03-03 16:49:18"}
{"level":"info","message":"GET /api/users 200 - - 107.906 ms","timestamp":"2026-03-03 16:49:18"}
{"level":"info","message":"OPTIONS /api/appointments/stats?month=3&year=2026 200 0 - 0.067 ms","timestamp":"2026-03-03 16:49:28"}
{"level":"info","message":"OPTIONS /api/appointments/stats?month=2&year=2026 200 0 - 0.039 ms","timestamp":"2026-03-03 16:49:28"}
{"level":"info","message":"OPTIONS /api/appointments/revenue 200 0 - 0.031 ms","timestamp":"2026-03-03 16:49:28"}
{"level":"info","message":"OPTIONS /api/users 200 0 - 0.029 ms","timestamp":"2026-03-03 16:49:28"}
{"level":"info","message":"GET /api/appointments/stats?month=3&year=2026 304 - - 40.537 ms","timestamp":"2026-03-03 16:49:28"}
{"level":"info","message":"GET /api/appointments/stats?month=2&year=2026 304 - - 41.225 ms","timestamp":"2026-03-03 16:49:28"}
{"level":"info","message":"GET /api/appointments/revenue 304 - - 64.318 ms","timestamp":"2026-03-03 16:49:28"}
{"level":"info","message":"GET /api/users 200 - - 121.105 ms","timestamp":"2026-03-03 16:49:28"}
{"level":"info","message":"OPTIONS /api/users/all 200 0 - 0.117 ms","timestamp":"2026-03-03 16:49:38"}
{"level":"info","message":"OPTIONS /api/attendance/range?start=2026-02-28T18:30:00.000Z&end=2026-03-31T18:29:59.999Z 200 0 - 0.070 ms","timestamp":"2026-03-03 16:49:38"}
{"level":"info","message":"OPTIONS /api/appointments/stats?month=3&year=2026 200 0 - 0.047 ms","timestamp":"2026-03-03 16:49:38"}
{"level":"info","message":"GET /api/attendance/range?start=2026-02-28T18:30:00.000Z&end=2026-03-31T18:29:59.999Z 304 - - 64.423 ms","timestamp":"2026-03-03 16:49:38"}
{"level":"info","message":"OPTIONS /api/appointments/stats?month=2&year=2026 200 0 - 0.058 ms","timestamp":"2026-03-03 16:49:38"}
{"level":"info","message":"OPTIONS /api/appointments/revenue 200 0 - 0.032 ms","timestamp":"2026-03-03 16:49:38"}
{"level":"info","message":"OPTIONS /api/users 200 0 - 0.024 ms","timestamp":"2026-03-03 16:49:38"}
{"level":"info","message":"GET /api/users/all 200 - - 90.282 ms","timestamp":"2026-03-03 16:49:38"}
{"level":"info","message":"GET /api/appointments/stats?month=3&year=2026 304 - - 41.970 ms","timestamp":"2026-03-03 16:49:38"}
{"level":"info","message":"GET /api/appointments/stats?month=2&year=2026 304 - - 41.538 ms","timestamp":"2026-03-03 16:49:38"}
{"level":"info","message":"GET /api/appointments/revenue 304 - - 72.513 ms","timestamp":"2026-03-03 16:49:38"}
{"level":"info","message":"GET /api/users 200 - - 199.915 ms","timestamp":"2026-03-03 16:49:38"}
{"level":"info","message":"OPTIONS /api/attendance/2026/3 200 0 - 0.142 ms","timestamp":"2026-03-03 16:49:43"}
{"level":"info","message":"GET /api/attendance/2026/3 304 - - 117.413 ms","timestamp":"2026-03-03 16:49:43"}
{"level":"info","message":"OPTIONS /api/appointments/stats?month=3&year=2026 200 0 - 0.052 ms","timestamp":"2026-03-03 16:50:06"}
{"level":"info","message":"OPTIONS /api/appointments/stats?month=2&year=2026 200 0 - 0.041 ms","timestamp":"2026-03-03 16:50:06"}
{"level":"info","message":"OPTIONS /api/appointments/revenue 200 0 - 0.040 ms","timestamp":"2026-03-03 16:50:06"}
{"level":"info","message":"OPTIONS /api/users 200 0 - 0.041 ms","timestamp":"2026-03-03 16:50:06"}
{"level":"info","message":"GET /api/appointments/stats?month=2&year=2026 304 - - 39.358 ms","timestamp":"2026-03-03 16:50:06"}
{"level":"info","message":"GET /api/appointments/stats?month=3&year=2026 304 - - 71.284 ms","timestamp":"2026-03-03 16:50:06"}
{"level":"info","message":"GET /api/appointments/revenue 304 - - 76.721 ms","timestamp":"2026-03-03 16:50:06"}
{"level":"info","message":"GET /api/users 200 - - 108.891 ms","timestamp":"2026-03-03 16:50:06"}
{"level":"info","message":"OPTIONS /api/users/all 200 0 - 0.050 ms","timestamp":"2026-03-03 16:50:08"}
{"level":"info","message":"OPTIONS /api/attendance/range?start=2026-02-28T18:30:00.000Z&end=2026-03-31T18:29:59.999Z 200 0 - 0.036 ms","timestamp":"2026-03-03 16:50:08"}
{"level":"info","message":"GET /api/attendance/range?start=2026-02-28T18:30:00.000Z&end=2026-03-31T18:29:59.999Z 304 - - 64.010 ms","timestamp":"2026-03-03 16:50:08"}
{"level":"info","message":"GET /api/users/all 200 - - 88.620 ms","timestamp":"2026-03-03 16:50:08"}
{"level":"info","message":"OPTIONS /api/attendance/2026/3 200 0 - 0.200 ms","timestamp":"2026-03-03 16:50:13"}
{"level":"info","message":"GET /api/attendance/2026/3 304 - - 77.129 ms","timestamp":"2026-03-03 16:50:13"}
{"level":"info","message":"OPTIONS /api/users/all 200 0 - 0.146 ms","timestamp":"2026-03-03 16:50:38"}
{"level":"info","message":"OPTIONS /api/attendance/range?start=2026-02-28T18:30:00.000Z&end=2026-03-31T18:29:59.999Z 200 0 - 0.159 ms","timestamp":"2026-03-03 16:50:38"}
{"level":"info","message":"GET /api/attendance/range?start=2026-02-28T18:30:00.000Z&end=2026-03-31T18:29:59.999Z 304 - - 119.360 ms","timestamp":"2026-03-03 16:50:38"}
{"level":"info","message":"GET /api/users/all 200 - - 123.373 ms","timestamp":"2026-03-03 16:50:38"}
{"level":"info","message":"OPTIONS /api/appointments/stats?month=3&year=2026 200 0 - 0.047 ms","timestamp":"2026-03-03 16:51:06"}
{"level":"info","message":"OPTIONS /api/appointments/stats?month=2&year=2026 200 0 - 0.036 ms","timestamp":"2026-03-03 16:51:06"}
{"level":"info","message":"OPTIONS /api/appointments/revenue 200 0 - 0.032 ms","timestamp":"2026-03-03 16:51:06"}
{"level":"info","message":"OPTIONS /api/users 200 0 - 0.048 ms","timestamp":"2026-03-03 16:51:06"}
{"level":"info","message":"OPTIONS /api/attendance/2026/3 200 0 - 0.054 ms","timestamp":"2026-03-03 16:51:06"}
{"level":"info","message":"GET /api/appointments/stats?month=2&year=2026 304 - - 40.360 ms","timestamp":"2026-03-03 16:51:06"}
{"level":"info","message":"GET /api/appointments/stats?month=3&year=2026 304 - - 63.277 ms","timestamp":"2026-03-03 16:51:06"}
{"level":"info","message":"GET /api/attendance/2026/3 304 - - 61.057 ms","timestamp":"2026-03-03 16:51:06"}
{"level":"info","message":"GET /api/appointments/revenue 304 - - 112.890 ms","timestamp":"2026-03-03 16:51:06"}
{"level":"info","message":"GET /api/users 200 - - 109.820 ms","timestamp":"2026-03-03 16:51:06"}
{"level":"info","message":"OPTIONS /api/users/all 200 0 - 0.106 ms","timestamp":"2026-03-03 16:52:06"}
{"level":"info","message":"OPTIONS /api/attendance/range?start=2026-02-28T18:30:00.000Z&end=2026-03-31T18:29:59.999Z 200 0 - 0.045 ms","timestamp":"2026-03-03 16:52:06"}
{"level":"info","message":"GET /api/attendance/range?start=2026-02-28T18:30:00.000Z&end=2026-03-31T18:29:59.999Z 304 - - 75.495 ms","timestamp":"2026-03-03 16:52:06"}
{"level":"info","message":"OPTIONS /api/appointments/stats?month=3&year=2026 200 0 - 0.068 ms","timestamp":"2026-03-03 16:52:06"}
{"level":"info","message":"OPTIONS /api/appointments/stats?month=2&year=2026 200 0 - 0.049 ms","timestamp":"2026-03-03 16:52:06"}
{"level":"info","message":"OPTIONS /api/appointments/revenue 200 0 - 0.054 ms","timestamp":"2026-03-03 16:52:06"}
{"level":"info","message":"OPTIONS /api/users 200 0 - 0.026 ms","timestamp":"2026-03-03 16:52:06"}
{"level":"info","message":"OPTIONS /api/attendance/2026/3 200 0 - 0.035 ms","timestamp":"2026-03-03 16:52:06"}
{"level":"info","message":"GET /api/appointments/stats?month=3&year=2026 304 - - 41.198 ms","timestamp":"2026-03-03 16:52:06"}
{"level":"info","message":"GET /api/appointments/stats?month=2&year=2026 304 - - 42.371 ms","timestamp":"2026-03-03 16:52:06"}
{"level":"info","message":"GET /api/appointments/revenue 304 - - 64.849 ms","timestamp":"2026-03-03 16:52:06"}
{"level":"info","message":"GET /api/users/all 200 - - 152.210 ms","timestamp":"2026-03-03 16:52:06"}
{"level":"info","message":"GET /api/attendance/2026/3 304 - - 66.208 ms","timestamp":"2026-03-03 16:52:06"}
{"level":"info","message":"GET /api/users 200 - - 114.855 ms","timestamp":"2026-03-03 16:52:06"}
{"level":"info","message":"OPTIONS /api/appointments/stats?month=3&year=2026 200 0 - 0.075 ms","timestamp":"2026-03-03 16:53:06"}
{"level":"info","message":"OPTIONS /api/appointments/stats?month=2&year=2026 200 0 - 0.110 ms","timestamp":"2026-03-03 16:53:06"}
{"level":"info","message":"OPTIONS /api/appointments/revenue 200 0 - 0.066 ms","timestamp":"2026-03-03 16:53:06"}
{"level":"info","message":"OPTIONS /api/users 200 0 - 0.031 ms","timestamp":"2026-03-03 16:53:06"}
{"level":"info","message":"OPTIONS /api/attendance/2026/3 200 0 - 0.036 ms","timestamp":"2026-03-03 16:53:06"}
{"level":"info","message":"OPTIONS /api/users/all 200 0 - 0.026 ms","timestamp":"2026-03-03 16:53:06"}
{"level":"info","message":"OPTIONS /api/attendance/range?start=2026-02-28T18:30:00.000Z&end=2026-03-31T18:29:59.999Z 200 0 - 0.043 ms","timestamp":"2026-03-03 16:53:06"}
{"level":"info","message":"GET /api/appointments/stats?month=3&year=2026 304 - - 56.717 ms","timestamp":"2026-03-03 16:53:06"}
{"level":"info","message":"GET /api/appointments/stats?month=2&year=2026 304 - - 60.044 ms","timestamp":"2026-03-03 16:53:06"}
{"level":"info","message":"GET /api/appointments/revenue 304 - - 69.565 ms","timestamp":"2026-03-03 16:53:06"}
{"level":"info","message":"GET /api/attendance/2026/3 304 - - 73.598 ms","timestamp":"2026-03-03 16:53:06"}
{"level":"info","message":"GET /api/users/all 200 - - 112.793 ms","timestamp":"2026-03-03 16:53:06"}
{"level":"info","message":"GET /api/attendance/range?start=2026-02-28T18:30:00.000Z&end=2026-03-31T18:29:59.999Z 304 - - 82.524 ms","timestamp":"2026-03-03 16:53:06"}
{"level":"info","message":"GET /api/users 200 - - 200.011 ms","timestamp":"2026-03-03 16:53:06"}
{"level":"info","message":"OPTIONS /api/appointments/stats?month=3&year=2026 200 0 - 0.063 ms","timestamp":"2026-03-03 16:54:06"}
{"level":"info","message":"OPTIONS /api/appointments/stats?month=2&year=2026 200 0 - 0.043 ms","timestamp":"2026-03-03 16:54:06"}
{"level":"info","message":"OPTIONS /api/appointments/revenue 200 0 - 0.024 ms","timestamp":"2026-03-03 16:54:06"}
{"level":"info","message":"OPTIONS /api/users 200 0 - 0.023 ms","timestamp":"2026-03-03 16:54:06"}
{"level":"info","message":"OPTIONS /api/attendance/2026/3 200 0 - 0.024 ms","timestamp":"2026-03-03 16:54:06"}
{"level":"info","message":"OPTIONS /api/users/all 200 0 - 0.027 ms","timestamp":"2026-03-03 16:54:06"}
{"level":"info","message":"OPTIONS /api/attendance/range?start=2026-02-28T18:30:00.000Z&end=2026-03-31T18:29:59.999Z 200 0 - 0.022 ms","timestamp":"2026-03-03 16:54:06"}
{"level":"info","message":"GET /api/appointments/stats?month=2&year=2026 304 - - 39.323 ms","timestamp":"2026-03-03 16:54:06"}
{"level":"info","message":"GET /api/appointments/revenue 304 - - 61.680 ms","timestamp":"2026-03-03 16:54:06"}
{"level":"info","message":"GET /api/appointments/stats?month=3&year=2026 304 - - 70.040 ms","timestamp":"2026-03-03 16:54:06"}
{"level":"info","message":"GET /api/attendance/2026/3 304 - - 74.845 ms","timestamp":"2026-03-03 16:54:06"}
{"level":"info","message":"GET /api/attendance/range?start=2026-02-28T18:30:00.000Z&end=2026-03-31T18:29:59.999Z 304 - - 70.212 ms","timestamp":"2026-03-03 16:54:06"}
{"level":"info","message":"GET /api/users/all 200 - - 102.682 ms","timestamp":"2026-03-03 16:54:06"}
{"level":"info","message":"GET /api/users 200 - - 116.550 ms","timestamp":"2026-03-03 16:54:06"}
{"level":"info","message":"OPTIONS /api/appointments/stats?month=3&year=2026 200 0 - 0.087 ms","timestamp":"2026-03-03 16:55:06"}
{"level":"info","message":"OPTIONS /api/appointments/stats?month=2&year=2026 200 0 - 0.040 ms","timestamp":"2026-03-03 16:55:06"}
{"level":"info","message":"OPTIONS /api/appointments/revenue 200 0 - 0.027 ms","timestamp":"2026-03-03 16:55:06"}
{"level":"info","message":"OPTIONS /api/users 200 0 - 0.026 ms","timestamp":"2026-03-03 16:55:06"}
{"level":"info","message":"OPTIONS /api/attendance/2026/3 200 0 - 0.027 ms","timestamp":"2026-03-03 16:55:06"}
{"level":"info","message":"OPTIONS /api/users/all 200 0 - 0.022 ms","timestamp":"2026-03-03 16:55:06"}
{"level":"info","message":"OPTIONS /api/attendance/range?start=2026-02-28T18:30:00.000Z&end=2026-03-31T18:29:59.999Z 200 0 - 0.046 ms","timestamp":"2026-03-03 16:55:06"}
{"level":"info","message":"GET /api/appointments/stats?month=3&year=2026 304 - - 40.838 ms","timestamp":"2026-03-03 16:55:06"}
{"level":"info","message":"GET /api/appointments/stats?month=2&year=2026 304 - - 41.635 ms","timestamp":"2026-03-03 16:55:06"}
{"level":"info","message":"GET /api/attendance/2026/3 304 - - 65.678 ms","timestamp":"2026-03-03 16:55:06"}
{"level":"info","message":"GET /api/appointments/revenue 304 - - 70.335 ms","timestamp":"2026-03-03 16:55:06"}
{"level":"info","message":"GET /api/users/all 200 - - 88.507 ms","timestamp":"2026-03-03 16:55:06"}
{"level":"info","message":"GET /api/attendance/range?start=2026-02-28T18:30:00.000Z&end=2026-03-31T18:29:59.999Z 304 - - 78.121 ms","timestamp":"2026-03-03 16:55:06"}
{"level":"info","message":"GET /api/users 200 - - 193.906 ms","timestamp":"2026-03-03 16:55:06"}
{"level":"info","message":"OPTIONS /api/appointments/stats?month=3&year=2026 200 0 - 0.060 ms","timestamp":"2026-03-03 16:56:06"}
{"level":"info","message":"OPTIONS /api/appointments/stats?month=2&year=2026 200 0 - 0.075 ms","timestamp":"2026-03-03 16:56:06"}
{"level":"info","message":"OPTIONS /api/appointments/revenue 200 0 - 0.042 ms","timestamp":"2026-03-03 16:56:06"}
{"level":"info","message":"OPTIONS /api/users 200 0 - 0.032 ms","timestamp":"2026-03-03 16:56:06"}
{"level":"info","message":"OPTIONS /api/attendance/2026/3 200 0 - 0.027 ms","timestamp":"2026-03-03 16:56:06"}
{"level":"info","message":"OPTIONS /api/users/all 200 0 - 0.039 ms","timestamp":"2026-03-03 16:56:06"}
{"level":"info","message":"OPTIONS /api/attendance/range?start=2026-02-28T18:30:00.000Z&end=2026-03-31T18:29:59.999Z 200 0 - 0.033 ms","timestamp":"2026-03-03 16:56:06"}
{"level":"info","message":"GET /api/appointments/stats?month=3&year=2026 304 - - 57.487 ms","timestamp":"2026-03-03 16:56:06"}
{"level":"info","message":"GET /api/appointments/stats?month=2&year=2026 304 - - 54.791 ms","timestamp":"2026-03-03 16:56:06"}
{"level":"info","message":"GET /api/attendance/2026/3 304 - - 74.644 ms","timestamp":"2026-03-03 16:56:06"}
{"level":"info","message":"GET /api/appointments/revenue 304 - - 78.960 ms","timestamp":"2026-03-03 16:56:06"}
{"level":"info","message":"GET /api/users/all 200 - - 92.269 ms","timestamp":"2026-03-03 16:56:06"}
{"level":"info","message":"GET /api/attendance/range?start=2026-02-28T18:30:00.000Z&end=2026-03-31T18:29:59.999Z 304 - - 75.253 ms","timestamp":"2026-03-03 16:56:06"}
{"level":"info","message":"GET /api/users 200 - - 124.890 ms","timestamp":"2026-03-03 16:56:06"}
{"level":"info","message":"OPTIONS /api/appointments/stats?month=3&year=2026 200 0 - 0.047 ms","timestamp":"2026-03-03 16:57:06"}
{"level":"info","message":"OPTIONS /api/appointments/stats?month=2&year=2026 200 0 - 0.039 ms","timestamp":"2026-03-03 16:57:06"}
{"level":"info","message":"OPTIONS /api/appointments/revenue 200 0 - 0.025 ms","timestamp":"2026-03-03 16:57:06"}
{"level":"info","message":"OPTIONS /api/users 200 0 - 0.033 ms","timestamp":"2026-03-03 16:57:06"}
{"level":"info","message":"OPTIONS /api/attendance/2026/3 200 0 - 0.031 ms","timestamp":"2026-03-03 16:57:06"}
{"level":"info","message":"OPTIONS /api/users/all 200 0 - 0.030 ms","timestamp":"2026-03-03 16:57:06"}
{"level":"info","message":"OPTIONS /api/attendance/range?start=2026-02-28T18:30:00.000Z&end=2026-03-31T18:29:59.999Z 200 0 - 0.024 ms","timestamp":"2026-03-03 16:57:06"}
{"level":"info","message":"GET /api/appointments/stats?month=3&year=2026 304 - - 40.986 ms","timestamp":"2026-03-03 16:57:06"}
{"level":"info","message":"GET /api/appointments/stats?month=2&year=2026 304 - - 50.217 ms","timestamp":"2026-03-03 16:57:06"}
{"level":"info","message":"GET /api/attendance/2026/3 304 - - 69.135 ms","timestamp":"2026-03-03 16:57:06"}
{"level":"info","message":"GET /api/appointments/revenue 304 - - 73.926 ms","timestamp":"2026-03-03 16:57:06"}
{"level":"info","message":"GET /api/attendance/range?start=2026-02-28T18:30:00.000Z&end=2026-03-31T18:29:59.999Z 304 - - 75.317 ms","timestamp":"2026-03-03 16:57:06"}
{"level":"info","message":"GET /api/users 200 - - 118.429 ms","timestamp":"2026-03-03 16:57:06"}
{"level":"info","message":"GET /api/users/all 200 - - 134.906 ms","timestamp":"2026-03-03 16:57:06"}
{"level":"info","message":"OPTIONS /api/appointments/stats?month=3&year=2026 200 0 - 0.123 ms","timestamp":"2026-03-03 16:58:06"}
{"level":"info","message":"OPTIONS /api/appointments/stats?month=2&year=2026 200 0 - 0.040 ms","timestamp":"2026-03-03 16:58:06"}
{"level":"info","message":"OPTIONS /api/appointments/revenue 200 0 - 0.030 ms","timestamp":"2026-03-03 16:58:06"}
{"level":"info","message":"OPTIONS /api/users 200 0 - 0.037 ms","timestamp":"2026-03-03 16:58:06"}
{"level":"info","message":"OPTIONS /api/attendance/2026/3 200 0 - 0.059 ms","timestamp":"2026-03-03 16:58:06"}
{"level":"info","message":"OPTIONS /api/users/all 200 0 - 0.028 ms","timestamp":"2026-03-03 16:58:06"}
{"level":"info","message":"OPTIONS /api/attendance/range?start=2026-02-28T18:30:00.000Z&end=2026-03-31T18:29:59.999Z 200 0 - 0.032 ms","timestamp":"2026-03-03 16:58:06"}
{"level":"info","message":"GET /api/appointments/stats?month=2&year=2026 304 - - 45.050 ms","timestamp":"2026-03-03 16:58:06"}
{"level":"info","message":"GET /api/appointments/stats?month=3&year=2026 304 - - 53.623 ms","timestamp":"2026-03-03 16:58:06"}
{"level":"info","message":"GET /api/appointments/revenue 304 - - 67.297 ms","timestamp":"2026-03-03 16:58:06"}
{"level":"info","message":"GET /api/attendance/2026/3 200 - - 68.986 ms","timestamp":"2026-03-03 16:58:06"}
{"level":"info","message":"GET /api/users/all 200 - - 94.501 ms","timestamp":"2026-03-03 16:58:06"}
{"level":"info","message":"GET /api/attendance/range?start=2026-02-28T18:30:00.000Z&end=2026-03-31T18:29:59.999Z 200 - - 67.334 ms","timestamp":"2026-03-03 16:58:06"}
{"level":"info","message":"GET /api/users 200 - - 117.457 ms","timestamp":"2026-03-03 16:58:06"}
{"level":"info","message":"OPTIONS /api/appointments/stats?month=3&year=2026 200 0 - 0.070 ms","timestamp":"2026-03-03 16:59:06"}
{"level":"info","message":"OPTIONS /api/appointments/stats?month=2&year=2026 200 0 - 0.046 ms","timestamp":"2026-03-03 16:59:06"}
{"level":"info","message":"OPTIONS /api/appointments/revenue 200 0 - 0.025 ms","timestamp":"2026-03-03 16:59:06"}
{"level":"info","message":"OPTIONS /api/users 200 0 - 0.026 ms","timestamp":"2026-03-03 16:59:06"}
{"level":"info","message":"OPTIONS /api/attendance/2026/3 200 0 - 0.035 ms","timestamp":"2026-03-03 16:59:06"}
{"level":"info","message":"OPTIONS /api/users/all 200 0 - 0.045 ms","timestamp":"2026-03-03 16:59:06"}
{"level":"info","message":"OPTIONS /api/attendance/range?start=2026-02-28T18:30:00.000Z&end=2026-03-31T18:29:59.999Z 200 0 - 0.023 ms","timestamp":"2026-03-03 16:59:06"}
{"level":"info","message":"GET /api/appointments/stats?month=3&year=2026 304 - - 40.534 ms","timestamp":"2026-03-03 16:59:06"}
{"level":"info","message":"GET /api/appointments/stats?month=2&year=2026 304 - - 39.385 ms","timestamp":"2026-03-03 16:59:06"}
{"level":"info","message":"GET /api/appointments/revenue 304 - - 64.322 ms","timestamp":"2026-03-03 16:59:06"}
{"level":"info","message":"GET /api/attendance/2026/3 304 - - 69.491 ms","timestamp":"2026-03-03 16:59:06"}
{"level":"info","message":"GET /api/users/all 200 - - 94.379 ms","timestamp":"2026-03-03 16:59:06"}
{"level":"info","message":"GET /api/attendance/range?start=2026-02-28T18:30:00.000Z&end=2026-03-31T18:29:59.999Z 304 - - 64.157 ms","timestamp":"2026-03-03 16:59:06"}
{"level":"info","message":"GET /api/users 200 - - 111.057 ms","timestamp":"2026-03-03 16:59:06"}
{"level":"info","message":"OPTIONS /api/appointments/stats?month=3&year=2026 200 0 - 0.051 ms","timestamp":"2026-03-03 17:00:06"}
{"level":"info","message":"OPTIONS /api/appointments/stats?month=2&year=2026 200 0 - 0.042 ms","timestamp":"2026-03-03 17:00:06"}
{"level":"info","message":"OPTIONS /api/appointments/revenue 200 0 - 0.044 ms","timestamp":"2026-03-03 17:00:06"}
{"level":"info","message":"OPTIONS /api/users 200 0 - 0.030 ms","timestamp":"2026-03-03 17:00:06"}
{"level":"info","message":"OPTIONS /api/attendance/2026/3 200 0 - 0.032 ms","timestamp":"2026-03-03 17:00:06"}
{"level":"info","message":"OPTIONS /api/users/all 200 0 - 0.025 ms","timestamp":"2026-03-03 17:00:06"}
{"level":"info","message":"OPTIONS /api/attendance/range?start=2026-02-28T18:30:00.000Z&end=2026-03-31T18:29:59.999Z 200 0 - 0.023 ms","timestamp":"2026-03-03 17:00:06"}
{"level":"info","message":"GET /api/appointments/stats?month=3&year=2026 304 - - 39.560 ms","timestamp":"2026-03-03 17:00:06"}
{"level":"info","message":"GET /api/appointments/stats?month=2&year=2026 304 - - 41.520 ms","timestamp":"2026-03-03 17:00:06"}
{"level":"info","message":"GET /api/attendance/2026/3 304 - - 62.475 ms","timestamp":"2026-03-03 17:00:06"}
{"level":"info","message":"GET /api/appointments/revenue 304 - - 69.007 ms","timestamp":"2026-03-03 17:00:06"}
{"level":"info","message":"GET /api/attendance/range?start=2026-02-28T18:30:00.000Z&end=2026-03-31T18:29:59.999Z 304 - - 62.321 ms","timestamp":"2026-03-03 17:00:06"}
{"level":"info","message":"GET /api/users/all 200 - - 94.820 ms","timestamp":"2026-03-03 17:00:06"}
{"level":"info","message":"GET /api/users 200 - - 111.970 ms","timestamp":"2026-03-03 17:00:06"}
{"level":"info","message":"OPTIONS /api/appointments/stats?month=3&year=2026 200 0 - 0.150 ms","timestamp":"2026-03-03 17:01:06"}
{"level":"info","message":"OPTIONS /api/appointments/stats?month=2&year=2026 200 0 - 0.060 ms","timestamp":"2026-03-03 17:01:06"}
{"level":"info","message":"OPTIONS /api/appointments/revenue 200 0 - 0.035 ms","timestamp":"2026-03-03 17:01:06"}
{"level":"info","message":"OPTIONS /api/users 200 0 - 0.033 ms","timestamp":"2026-03-03 17:01:06"}
{"level":"info","message":"OPTIONS /api/attendance/2026/3 200 0 - 0.033 ms","timestamp":"2026-03-03 17:01:06"}
{"level":"info","message":"OPTIONS /api/users/all 200 0 - 0.037 ms","timestamp":"2026-03-03 17:01:06"}
{"level":"info","message":"OPTIONS /api/attendance/range?start=2026-02-28T18:30:00.000Z&end=2026-03-31T18:29:59.999Z 200 0 - 0.056 ms","timestamp":"2026-03-03 17:01:06"}
{"level":"info","message":"GET /api/appointments/stats?month=3&year=2026 304 - - 45.935 ms","timestamp":"2026-03-03 17:01:06"}
{"level":"info","message":"GET /api/appointments/stats?month=2&year=2026 304 - - 58.422 ms","timestamp":"2026-03-03 17:01:06"}
{"level":"info","message":"GET /api/appointments/revenue 304 - - 67.813 ms","timestamp":"2026-03-03 17:01:06"}
{"level":"info","message":"GET /api/attendance/2026/3 304 - - 72.316 ms","timestamp":"2026-03-03 17:01:06"}
{"level":"info","message":"GET /api/users/all 200 - - 94.825 ms","timestamp":"2026-03-03 17:01:06"}
{"level":"info","message":"GET /api/attendance/range?start=2026-02-28T18:30:00.000Z&end=2026-03-31T18:29:59.999Z 304 - - 64.831 ms","timestamp":"2026-03-03 17:01:06"}
{"level":"info","message":"GET /api/users 200 - - 133.414 ms","timestamp":"2026-03-03 17:01:06"}
{"level":"info","message":"OPTIONS /api/appointments/stats?month=3&year=2026 200 0 - 0.068 ms","timestamp":"2026-03-03 17:02:06"}
{"level":"info","message":"OPTIONS /api/appointments/stats?month=2&year=2026 200 0 - 0.055 ms","timestamp":"2026-03-03 17:02:06"}
{"level":"info","message":"OPTIONS /api/appointments/revenue 200 0 - 0.022 ms","timestamp":"2026-03-03 17:02:06"}
{"level":"info","message":"OPTIONS /api/users 200 0 - 0.024 ms","timestamp":"2026-03-03 17:02:06"}
{"level":"info","message":"OPTIONS /api/attendance/2026/3 200 0 - 0.028 ms","timestamp":"2026-03-03 17:02:06"}
{"level":"info","message":"OPTIONS /api/users/all 200 0 - 0.022 ms","timestamp":"2026-03-03 17:02:06"}
{"level":"info","message":"OPTIONS /api/attendance/range?start=2026-02-28T18:30:00.000Z&end=2026-03-31T18:29:59.999Z 200 0 - 0.031 ms","timestamp":"2026-03-03 17:02:06"}
{"level":"info","message":"GET /api/appointments/stats?month=3&year=2026 304 - - 39.756 ms","timestamp":"2026-03-03 17:02:06"}
{"level":"info","message":"GET /api/appointments/stats?month=2&year=2026 304 - - 41.074 ms","timestamp":"2026-03-03 17:02:06"}
{"level":"info","message":"GET /api/appointments/revenue 304 - - 61.256 ms","timestamp":"2026-03-03 17:02:06"}
{"level":"info","message":"GET /api/attendance/2026/3 304 - - 60.678 ms","timestamp":"2026-03-03 17:02:06"}
{"level":"info","message":"GET /api/users/all 200 - - 90.683 ms","timestamp":"2026-03-03 17:02:06"}
{"level":"info","message":"GET /api/attendance/range?start=2026-02-28T18:30:00.000Z&end=2026-03-31T18:29:59.999Z 304 - - 62.565 ms","timestamp":"2026-03-03 17:02:06"}
{"level":"info","message":"GET /api/users 200 - - 125.070 ms","timestamp":"2026-03-03 17:02:06"}
{"level":"info","message":"OPTIONS /api/appointments/stats?month=3&year=2026 200 0 - 0.128 ms","timestamp":"2026-03-03 17:03:06"}
{"level":"info","message":"OPTIONS /api/appointments/stats?month=2&year=2026 200 0 - 0.044 ms","timestamp":"2026-03-03 17:03:06"}
{"level":"info","message":"OPTIONS /api/appointments/revenue 200 0 - 0.028 ms","timestamp":"2026-03-03 17:03:06"}
{"level":"info","message":"OPTIONS /api/users 200 0 - 0.030 ms","timestamp":"2026-03-03 17:03:06"}
{"level":"info","message":"OPTIONS /api/attendance/2026/3 200 0 - 0.065 ms","timestamp":"2026-03-03 17:03:06"}
{"level":"info","message":"OPTIONS /api/users/all 200 0 - 0.058 ms","timestamp":"2026-03-03 17:03:06"}
{"level":"info","message":"OPTIONS /api/attendance/range?start=2026-02-28T18:30:00.000Z&end=2026-03-31T18:29:59.999Z 200 0 - 0.050 ms","timestamp":"2026-03-03 17:03:06"}
{"level":"info","message":"GET /api/appointments/stats?month=2&year=2026 304 - - 39.764 ms","timestamp":"2026-03-03 17:03:06"}
{"level":"info","message":"GET /api/appointments/stats?month=3&year=2026 304 - - 45.507 ms","timestamp":"2026-03-03 17:03:06"}
{"level":"info","message":"GET /api/appointments/revenue 304 - - 61.222 ms","timestamp":"2026-03-03 17:03:06"}
{"level":"info","message":"GET /api/attendance/2026/3 304 - - 65.846 ms","timestamp":"2026-03-03 17:03:06"}
{"level":"info","message":"GET /api/attendance/range?start=2026-02-28T18:30:00.000Z&end=2026-03-31T18:29:59.999Z 304 - - 73.724 ms","timestamp":"2026-03-03 17:03:06"}
{"level":"info","message":"GET /api/users/all 200 - - 99.022 ms","timestamp":"2026-03-03 17:03:06"}
{"level":"info","message":"GET /api/users 200 - - 108.557 ms","timestamp":"2026-03-03 17:03:06"}
{"level":"info","message":"OPTIONS /api/appointments/stats?month=3&year=2026 200 0 - 0.045 ms","timestamp":"2026-03-03 17:04:06"}
{"level":"info","message":"OPTIONS /api/appointments/stats?month=2&year=2026 200 0 - 0.040 ms","timestamp":"2026-03-03 17:04:06"}
{"level":"info","message":"OPTIONS /api/appointments/revenue 200 0 - 0.024 ms","timestamp":"2026-03-03 17:04:06"}
{"level":"info","message":"OPTIONS /api/users 200 0 - 0.031 ms","timestamp":"2026-03-03 17:04:06"}
{"level":"info","message":"OPTIONS /api/attendance/2026/3 200 0 - 0.029 ms","timestamp":"2026-03-03 17:04:06"}
{"level":"info","message":"OPTIONS /api/users/all 200 0 - 0.022 ms","timestamp":"2026-03-03 17:04:06"}
{"level":"info","message":"OPTIONS /api/attendance/range?start=2026-02-28T18:30:00.000Z&end=2026-03-31T18:29:59.999Z 200 0 - 0.035 ms","timestamp":"2026-03-03 17:04:06"}
{"level":"info","message":"GET /api/appointments/stats?month=3&year=2026 304 - - 39.460 ms","timestamp":"2026-03-03 17:04:06"}
{"level":"info","message":"GET /api/appointments/stats?month=2&year=2026 304 - - 46.573 ms","timestamp":"2026-03-03 17:04:06"}
{"level":"info","message":"GET /api/appointments/revenue 304 - - 60.038 ms","timestamp":"2026-03-03 17:04:06"}
{"level":"info","message":"GET /api/attendance/2026/3 304 - - 61.025 ms","timestamp":"2026-03-03 17:04:06"}
{"level":"info","message":"GET /api/attendance/range?start=2026-02-28T18:30:00.000Z&end=2026-03-31T18:29:59.999Z 304 - - 67.287 ms","timestamp":"2026-03-03 17:04:06"}
{"level":"info","message":"GET /api/users/all 200 - - 100.292 ms","timestamp":"2026-03-03 17:04:06"}
{"level":"info","message":"GET /api/users 200 - - 110.817 ms","timestamp":"2026-03-03 17:04:06"}
{"level":"info","message":"OPTIONS /api/appointments/stats?month=3&year=2026 200 0 - 0.088 ms","timestamp":"2026-03-03 17:05:06"}
{"level":"info","message":"OPTIONS /api/appointments/stats?month=2&year=2026 200 0 - 0.049 ms","timestamp":"2026-03-03 17:05:06"}
{"level":"info","message":"OPTIONS /api/appointments/revenue 200 0 - 0.025 ms","timestamp":"2026-03-03 17:05:06"}
{"level":"info","message":"OPTIONS /api/users 200 0 - 0.031 ms","timestamp":"2026-03-03 17:05:06"}
{"level":"info","message":"OPTIONS /api/attendance/2026/3 200 0 - 0.046 ms","timestamp":"2026-03-03 17:05:06"}
{"level":"info","message":"OPTIONS /api/users/all 200 0 - 0.023 ms","timestamp":"2026-03-03 17:05:06"}
{"level":"info","message":"OPTIONS /api/attendance/range?start=2026-02-28T18:30:00.000Z&end=2026-03-31T18:29:59.999Z 200 0 - 0.021 ms","timestamp":"2026-03-03 17:05:06"}
{"level":"info","message":"GET /api/appointments/stats?month=3&year=2026 304 - - 40.606 ms","timestamp":"2026-03-03 17:05:06"}
{"level":"info","message":"GET /api/appointments/stats?month=2&year=2026 304 - - 40.345 ms","timestamp":"2026-03-03 17:05:06"}
{"level":"info","message":"GET /api/appointments/revenue 304 - - 61.491 ms","timestamp":"2026-03-03 17:05:06"}
{"level":"info","message":"GET /api/attendance/2026/3 304 - - 63.297 ms","timestamp":"2026-03-03 17:05:06"}
{"level":"info","message":"GET /api/attendance/range?start=2026-02-28T18:30:00.000Z&end=2026-03-31T18:29:59.999Z 304 - - 62.073 ms","timestamp":"2026-03-03 17:05:06"}
{"level":"info","message":"GET /api/users 200 - - 112.778 ms","timestamp":"2026-03-03 17:05:06"}
{"level":"info","message":"GET /api/users/all 200 - - 122.692 ms","timestamp":"2026-03-03 17:05:06"}
{"level":"info","message":"OPTIONS /api/appointments/stats?month=3&year=2026 200 0 - 0.049 ms","timestamp":"2026-03-03 17:06:06"}
{"level":"info","message":"OPTIONS /api/appointments/stats?month=2&year=2026 200 0 - 0.050 ms","timestamp":"2026-03-03 17:06:06"}
{"level":"info","message":"OPTIONS /api/appointments/revenue 200 0 - 0.027 ms","timestamp":"2026-03-03 17:06:06"}
{"level":"info","message":"OPTIONS /api/users 200 0 - 0.038 ms","timestamp":"2026-03-03 17:06:06"}
{"level":"info","message":"OPTIONS /api/attendance/2026/3 200 0 - 0.031 ms","timestamp":"2026-03-03 17:06:06"}
{"level":"info","message":"OPTIONS /api/users/all 200 0 - 0.023 ms","timestamp":"2026-03-03 17:06:06"}
{"level":"info","message":"OPTIONS /api/attendance/range?start=2026-02-28T18:30:00.000Z&end=2026-03-31T18:29:59.999Z 200 0 - 0.080 ms","timestamp":"2026-03-03 17:06:06"}
{"level":"info","message":"GET /api/appointments/stats?month=3&year=2026 304 - - 40.629 ms","timestamp":"2026-03-03 17:06:06"}
{"level":"info","message":"GET /api/appointments/stats?month=2&year=2026 304 - - 41.506 ms","timestamp":"2026-03-03 17:06:06"}
{"level":"info","message":"GET /api/appointments/revenue 304 - - 61.807 ms","timestamp":"2026-03-03 17:06:06"}
{"level":"info","message":"GET /api/attendance/2026/3 304 - - 62.840 ms","timestamp":"2026-03-03 17:06:06"}
{"level":"info","message":"GET /api/users/all 200 - - 90.285 ms","timestamp":"2026-03-03 17:06:06"}
{"level":"info","message":"GET /api/attendance/range?start=2026-02-28T18:30:00.000Z&end=2026-03-31T18:29:59.999Z 304 - - 63.774 ms","timestamp":"2026-03-03 17:06:06"}
{"level":"info","message":"GET /api/users 200 - - 110.665 ms","timestamp":"2026-03-03 17:06:06"}
{"level":"info","message":"OPTIONS /api/appointments/stats?month=3&year=2026 200 0 - 0.095 ms","timestamp":"2026-03-03 17:07:06"}
{"level":"info","message":"OPTIONS /api/appointments/stats?month=2&year=2026 200 0 - 0.045 ms","timestamp":"2026-03-03 17:07:06"}
{"level":"info","message":"OPTIONS /api/appointments/revenue 200 0 - 0.023 ms","timestamp":"2026-03-03 17:07:06"}
{"level":"info","message":"OPTIONS /api/users 200 0 - 0.021 ms","timestamp":"2026-03-03 17:07:06"}
{"level":"info","message":"OPTIONS /api/attendance/2026/3 200 0 - 0.029 ms","timestamp":"2026-03-03 17:07:06"}
{"level":"info","message":"OPTIONS /api/users/all 200 0 - 0.021 ms","timestamp":"2026-03-03 17:07:06"}
{"level":"info","message":"OPTIONS /api/attendance/range?start=2026-02-28T18:30:00.000Z&end=2026-03-31T18:29:59.999Z 200 0 - 0.028 ms","timestamp":"2026-03-03 17:07:06"}
{"level":"info","message":"GET /api/appointments/stats?month=3&year=2026 304 - - 39.723 ms","timestamp":"2026-03-03 17:07:06"}
{"level":"info","message":"GET /api/appointments/stats?month=2&year=2026 304 - - 40.854 ms","timestamp":"2026-03-03 17:07:06"}
{"level":"info","message":"GET /api/appointments/revenue 304 - - 61.710 ms","timestamp":"2026-03-03 17:07:06"}
{"level":"info","message":"GET /api/attendance/2026/3 304 - - 62.483 ms","timestamp":"2026-03-03 17:07:06"}
{"level":"info","message":"GET /api/attendance/range?start=2026-02-28T18:30:00.000Z&end=2026-03-31T18:29:59.999Z 304 - - 68.598 ms","timestamp":"2026-03-03 17:07:06"}
{"level":"info","message":"GET /api/users/all 200 - - 101.626 ms","timestamp":"2026-03-03 17:07:06"}
{"level":"info","message":"GET /api/users 200 - - 110.772 ms","timestamp":"2026-03-03 17:07:06"}
{"level":"info","message":"OPTIONS /api/appointments/stats?month=3&year=2026 200 0 - 0.087 ms","timestamp":"2026-03-03 17:08:06"}
{"level":"info","message":"OPTIONS /api/appointments/stats?month=2&year=2026 200 0 - 0.053 ms","timestamp":"2026-03-03 17:08:06"}
{"level":"info","message":"OPTIONS /api/appointments/revenue 200 0 - 0.071 ms","timestamp":"2026-03-03 17:08:06"}
{"level":"info","message":"OPTIONS /api/users 200 0 - 0.040 ms","timestamp":"2026-03-03 17:08:06"}
{"level":"info","message":"OPTIONS /api/attendance/2026/3 200 0 - 0.055 ms","timestamp":"2026-03-03 17:08:06"}
{"level":"info","message":"OPTIONS /api/users/all 200 0 - 0.066 ms","timestamp":"2026-03-03 17:08:06"}
{"level":"info","message":"OPTIONS /api/attendance/range?start=2026-02-28T18:30:00.000Z&end=2026-03-31T18:29:59.999Z 200 0 - 0.056 ms","timestamp":"2026-03-03 17:08:06"}
{"level":"info","message":"GET /api/appointments/stats?month=3&year=2026 304 - - 41.472 ms","timestamp":"2026-03-03 17:08:06"}
{"level":"info","message":"GET /api/appointments/stats?month=2&year=2026 304 - - 48.854 ms","timestamp":"2026-03-03 17:08:06"}
{"level":"info","message":"GET /api/appointments/revenue 304 - - 60.784 ms","timestamp":"2026-03-03 17:08:06"}
{"level":"info","message":"GET /api/attendance/2026/3 304 - - 67.446 ms","timestamp":"2026-03-03 17:08:06"}
{"level":"info","message":"GET /api/attendance/range?start=2026-02-28T18:30:00.000Z&end=2026-03-31T18:29:59.999Z 304 - - 63.022 ms","timestamp":"2026-03-03 17:08:06"}
{"level":"info","message":"GET /api/users/all 200 - - 91.771 ms","timestamp":"2026-03-03 17:08:06"}
{"level":"info","message":"GET /api/users 200 - - 121.794 ms","timestamp":"2026-03-03 17:08:06"}
{"level":"info","message":"OPTIONS /api/appointments/stats?month=3&year=2026 200 0 - 0.074 ms","timestamp":"2026-03-03 17:09:06"}
{"level":"info","message":"OPTIONS /api/appointments/stats?month=2&year=2026 200 0 - 0.067 ms","timestamp":"2026-03-03 17:09:06"}
{"level":"info","message":"OPTIONS /api/appointments/revenue 200 0 - 0.033 ms","timestamp":"2026-03-03 17:09:06"}
{"level":"info","message":"OPTIONS /api/users 200 0 - 0.029 ms","timestamp":"2026-03-03 17:09:06"}
{"level":"info","message":"OPTIONS /api/attendance/2026/3 200 0 - 0.034 ms","timestamp":"2026-03-03 17:09:06"}
{"level":"info","message":"OPTIONS /api/users/all 200 0 - 0.029 ms","timestamp":"2026-03-03 17:09:06"}
{"level":"info","message":"OPTIONS /api/attendance/range?start=2026-02-28T18:30:00.000Z&end=2026-03-31T18:29:59.999Z 200 0 - 0.021 ms","timestamp":"2026-03-03 17:09:06"}
{"level":"info","message":"GET /api/appointments/stats?month=3&year=2026 304 - - 40.002 ms","timestamp":"2026-03-03 17:09:06"}
{"level":"info","message":"GET /api/appointments/stats?month=2&year=2026 304 - - 40.798 ms","timestamp":"2026-03-03 17:09:06"}
{"level":"info","message":"GET /api/appointments/revenue 304 - - 60.596 ms","timestamp":"2026-03-03 17:09:06"}
{"level":"info","message":"GET /api/attendance/2026/3 304 - - 72.030 ms","timestamp":"2026-03-03 17:09:06"}
{"level":"info","message":"GET /api/users/all 200 - - 95.393 ms","timestamp":"2026-03-03 17:09:06"}
{"level":"info","message":"GET /api/attendance/range?start=2026-02-28T18:30:00.000Z&end=2026-03-31T18:29:59.999Z 304 - - 66.119 ms","timestamp":"2026-03-03 17:09:06"}
{"level":"info","message":"GET /api/users 200 - - 108.394 ms","timestamp":"2026-03-03 17:09:06"}
{"level":"info","message":"OPTIONS /api/appointments/stats?month=3&year=2026 200 0 - 0.110 ms","timestamp":"2026-03-03 17:10:06"}
{"level":"info","message":"OPTIONS /api/appointments/stats?month=2&year=2026 200 0 - 0.059 ms","timestamp":"2026-03-03 17:10:06"}
{"level":"info","message":"OPTIONS /api/appointments/revenue 200 0 - 0.029 ms","timestamp":"2026-03-03 17:10:06"}
{"level":"info","message":"OPTIONS /api/users 200 0 - 0.030 ms","timestamp":"2026-03-03 17:10:06"}
{"level":"info","message":"OPTIONS /api/attendance/2026/3 200 0 - 0.025 ms","timestamp":"2026-03-03 17:10:06"}
{"level":"info","message":"OPTIONS /api/users/all 200 0 - 0.036 ms","timestamp":"2026-03-03 17:10:06"}
{"level":"info","message":"OPTIONS /api/attendance/range?start=2026-02-28T18:30:00.000Z&end=2026-03-31T18:29:59.999Z 200 0 - 0.023 ms","timestamp":"2026-03-03 17:10:06"}
{"level":"info","message":"GET /api/appointments/stats?month=2&year=2026 304 - - 41.897 ms","timestamp":"2026-03-03 17:10:06"}
{"level":"info","message":"GET /api/appointments/stats?month=3&year=2026 304 - - 44.520 ms","timestamp":"2026-03-03 17:10:06"}
{"level":"info","message":"GET /api/appointments/revenue 304 - - 69.586 ms","timestamp":"2026-03-03 17:10:06"}
{"level":"info","message":"GET /api/attendance/2026/3 304 - - 76.175 ms","timestamp":"2026-03-03 17:10:06"}
{"level":"info","message":"GET /api/attendance/range?start=2026-02-28T18:30:00.000Z&end=2026-03-31T18:29:59.999Z 304 - - 71.853 ms","timestamp":"2026-03-03 17:10:06"}
{"level":"info","message":"GET /api/users/all 200 - - 102.291 ms","timestamp":"2026-03-03 17:10:06"}
{"level":"info","message":"GET /api/users 200 - - 138.442 ms","timestamp":"2026-03-03 17:10:06"}
{"level":"info","message":"OPTIONS /api/appointments/stats?month=3&year=2026 200 0 - 0.086 ms","timestamp":"2026-03-03 17:11:06"}
{"level":"info","message":"OPTIONS /api/appointments/stats?month=2&year=2026 200 0 - 0.060 ms","timestamp":"2026-03-03 17:11:06"}
{"level":"info","message":"OPTIONS /api/appointments/revenue 200 0 - 0.043 ms","timestamp":"2026-03-03 17:11:06"}
{"level":"info","message":"OPTIONS /api/users 200 0 - 0.039 ms","timestamp":"2026-03-03 17:11:06"}
{"level":"info","message":"OPTIONS /api/attendance/2026/3 200 0 - 0.026 ms","timestamp":"2026-03-03 17:11:06"}
{"level":"info","message":"OPTIONS /api/users/all 200 0 - 0.032 ms","timestamp":"2026-03-03 17:11:06"}
{"level":"info","message":"OPTIONS /api/attendance/range?start=2026-02-28T18:30:00.000Z&end=2026-03-31T18:29:59.999Z 200 0 - 0.029 ms","timestamp":"2026-03-03 17:11:06"}
{"level":"info","message":"GET /api/appointments/stats?month=2&year=2026 304 - - 39.692 ms","timestamp":"2026-03-03 17:11:06"}
{"level":"info","message":"GET /api/appointments/stats?month=3&year=2026 304 - - 51.906 ms","timestamp":"2026-03-03 17:11:06"}
{"level":"info","message":"GET /api/appointments/revenue 304 - - 61.057 ms","timestamp":"2026-03-03 17:11:06"}
{"level":"info","message":"GET /api/attendance/2026/3 304 - - 61.823 ms","timestamp":"2026-03-03 17:11:06"}
{"level":"info","message":"GET /api/attendance/range?start=2026-02-28T18:30:00.000Z&end=2026-03-31T18:29:59.999Z 304 - - 76.743 ms","timestamp":"2026-03-03 17:11:06"}
{"level":"info","message":"GET /api/users/all 200 - - 112.725 ms","timestamp":"2026-03-03 17:11:06"}
{"level":"info","message":"GET /api/users 200 - - 127.254 ms","timestamp":"2026-03-03 17:11:06"}
{"level":"info","message":"OPTIONS /api/appointments/stats?month=3&year=2026 200 0 - 0.060 ms","timestamp":"2026-03-03 17:12:06"}
{"level":"info","message":"OPTIONS /api/appointments/stats?month=2&year=2026 200 0 - 0.030 ms","timestamp":"2026-03-03 17:12:06"}
{"level":"info","message":"OPTIONS /api/appointments/revenue 200 0 - 0.031 ms","timestamp":"2026-03-03 17:12:06"}
{"level":"info","message":"OPTIONS /api/users 200 0 - 0.020 ms","timestamp":"2026-03-03 17:12:06"}
{"level":"info","message":"OPTIONS /api/attendance/2026/3 200 0 - 0.037 ms","timestamp":"2026-03-03 17:12:06"}
{"level":"info","message":"OPTIONS /api/users/all 200 0 - 0.027 ms","timestamp":"2026-03-03 17:12:06"}
{"level":"info","message":"OPTIONS /api/attendance/range?start=2026-02-28T18:30:00.000Z&end=2026-03-31T18:29:59.999Z 200 0 - 0.038 ms","timestamp":"2026-03-03 17:12:06"}
{"level":"info","message":"GET /api/appointments/stats?month=3&year=2026 304 - - 43.866 ms","timestamp":"2026-03-03 17:12:06"}
{"level":"info","message":"GET /api/appointments/stats?month=2&year=2026 304 - - 44.930 ms","timestamp":"2026-03-03 17:12:06"}
{"level":"info","message":"GET /api/appointments/revenue 304 - - 67.629 ms","timestamp":"2026-03-03 17:12:06"}
{"level":"info","message":"GET /api/attendance/2026/3 304 - - 70.434 ms","timestamp":"2026-03-03 17:12:06"}
{"level":"info","message":"GET /api/users/all 200 - - 95.255 ms","timestamp":"2026-03-03 17:12:06"}
{"level":"info","message":"GET /api/attendance/range?start=2026-02-28T18:30:00.000Z&end=2026-03-31T18:29:59.999Z 304 - - 62.339 ms","timestamp":"2026-03-03 17:12:06"}
{"level":"info","message":"GET /api/users 200 - - 114.544 ms","timestamp":"2026-03-03 17:12:06"}
{"level":"info","message":"OPTIONS /api/appointments/stats?month=3&year=2026 200 0 - 0.065 ms","timestamp":"2026-03-03 17:13:06"}
{"level":"info","message":"OPTIONS /api/appointments/stats?month=2&year=2026 200 0 - 0.060 ms","timestamp":"2026-03-03 17:13:06"}
{"level":"info","message":"OPTIONS /api/appointments/revenue 200 0 - 0.040 ms","timestamp":"2026-03-03 17:13:06"}
{"level":"info","message":"OPTIONS /api/users 200 0 - 0.041 ms","timestamp":"2026-03-03 17:13:06"}
{"level":"info","message":"OPTIONS /api/attendance/2026/3 200 0 - 0.034 ms","timestamp":"2026-03-03 17:13:06"}
{"level":"info","message":"OPTIONS /api/users/all 200 0 - 0.021 ms","timestamp":"2026-03-03 17:13:06"}
{"level":"info","message":"OPTIONS /api/attendance/range?start=2026-02-28T18:30:00.000Z&end=2026-03-31T18:29:59.999Z 200 0 - 0.036 ms","timestamp":"2026-03-03 17:13:06"}
{"level":"info","message":"GET /api/appointments/stats?month=3&year=2026 304 - - 41.494 ms","timestamp":"2026-03-03 17:13:06"}
{"level":"info","message":"GET /api/appointments/stats?month=2&year=2026 304 - - 41.626 ms","timestamp":"2026-03-03 17:13:06"}
{"level":"info","message":"GET /api/appointments/revenue 304 - - 61.695 ms","timestamp":"2026-03-03 17:13:06"}
{"level":"info","message":"GET /api/attendance/2026/3 304 - - 61.573 ms","timestamp":"2026-03-03 17:13:06"}
{"level":"info","message":"GET /api/attendance/range?start=2026-02-28T18:30:00.000Z&end=2026-03-31T18:29:59.999Z 304 - - 79.177 ms","timestamp":"2026-03-03 17:13:06"}
{"level":"info","message":"GET /api/users/all 200 - - 112.665 ms","timestamp":"2026-03-03 17:13:06"}
{"level":"info","message":"GET /api/users 200 - - 126.541 ms","timestamp":"2026-03-03 17:13:06"}
{"level":"info","message":"OPTIONS /api/appointments/stats?month=3&year=2026 200 0 - 0.129 ms","timestamp":"2026-03-03 17:14:06"}
{"level":"info","message":"OPTIONS /api/appointments/stats?month=2&year=2026 200 0 - 0.042 ms","timestamp":"2026-03-03 17:14:06"}
{"level":"info","message":"OPTIONS /api/appointments/revenue 200 0 - 0.023 ms","timestamp":"2026-03-03 17:14:06"}
{"level":"info","message":"OPTIONS /api/users 200 0 - 0.021 ms","timestamp":"2026-03-03 17:14:06"}
{"level":"info","message":"OPTIONS /api/attendance/2026/3 200 0 - 0.027 ms","timestamp":"2026-03-03 17:14:06"}
{"level":"info","message":"OPTIONS /api/users/all 200 0 - 0.022 ms","timestamp":"2026-03-03 17:14:06"}
{"level":"info","message":"OPTIONS /api/attendance/range?start=2026-02-28T18:30:00.000Z&end=2026-03-31T18:29:59.999Z 200 0 - 0.041 ms","timestamp":"2026-03-03 17:14:06"}
{"level":"info","message":"GET /api/appointments/stats?month=3&year=2026 304 - - 40.257 ms","timestamp":"2026-03-03 17:14:06"}
{"level":"info","message":"GET /api/appointments/stats?month=2&year=2026 304 - - 47.420 ms","timestamp":"2026-03-03 17:14:06"}
{"level":"info","message":"GET /api/attendance/2026/3 304 - - 60.975 ms","timestamp":"2026-03-03 17:14:06"}
{"level":"info","message":"GET /api/appointments/revenue 304 - - 77.956 ms","timestamp":"2026-03-03 17:14:06"}
{"level":"info","message":"GET /api/attendance/range?start=2026-02-28T18:30:00.000Z&end=2026-03-31T18:29:59.999Z 304 - - 65.362 ms","timestamp":"2026-03-03 17:14:06"}
{"level":"info","message":"GET /api/users/all 200 - - 93.938 ms","timestamp":"2026-03-03 17:14:06"}
{"level":"info","message":"GET /api/users 200 - - 126.780 ms","timestamp":"2026-03-03 17:14:06"}
{"level":"info","message":"OPTIONS /api/appointments/stats?month=3&year=2026 200 0 - 0.113 ms","timestamp":"2026-03-03 17:15:06"}
{"level":"info","message":"OPTIONS /api/appointments/stats?month=2&year=2026 200 0 - 0.046 ms","timestamp":"2026-03-03 17:15:06"}
{"level":"info","message":"OPTIONS /api/users 200 0 - 0.028 ms","timestamp":"2026-03-03 17:15:06"}
{"level":"info","message":"OPTIONS /api/appointments/revenue 200 0 - 0.029 ms","timestamp":"2026-03-03 17:15:06"}
{"level":"info","message":"OPTIONS /api/attendance/2026/3 200 0 - 0.044 ms","timestamp":"2026-03-03 17:15:06"}
{"level":"info","message":"OPTIONS /api/users/all 200 0 - 0.033 ms","timestamp":"2026-03-03 17:15:06"}
{"level":"info","message":"OPTIONS /api/attendance/range?start=2026-02-28T18:30:00.000Z&end=2026-03-31T18:29:59.999Z 200 0 - 0.034 ms","timestamp":"2026-03-03 17:15:06"}
{"level":"info","message":"GET /api/appointments/stats?month=3&year=2026 304 - - 43.356 ms","timestamp":"2026-03-03 17:15:06"}
{"level":"info","message":"GET /api/appointments/stats?month=2&year=2026 304 - - 43.517 ms","timestamp":"2026-03-03 17:15:06"}
{"level":"info","message":"GET /api/appointments/revenue 304 - - 68.159 ms","timestamp":"2026-03-03 17:15:06"}
{"level":"info","message":"GET /api/attendance/2026/3 304 - - 94.837 ms","timestamp":"2026-03-03 17:15:06"}
{"level":"info","message":"GET /api/users/all 200 - - 92.047 ms","timestamp":"2026-03-03 17:15:06"}
{"level":"info","message":"GET /api/attendance/range?start=2026-02-28T18:30:00.000Z&end=2026-03-31T18:29:59.999Z 304 - - 73.223 ms","timestamp":"2026-03-03 17:15:06"}
{"level":"info","message":"GET /api/users 200 - - 110.670 ms","timestamp":"2026-03-03 17:15:06"}
{"level":"info","message":"OPTIONS /api/appointments/stats?month=3&year=2026 200 0 - 0.116 ms","timestamp":"2026-03-03 17:16:06"}
{"level":"info","message":"OPTIONS /api/appointments/stats?month=2&year=2026 200 0 - 0.050 ms","timestamp":"2026-03-03 17:16:06"}
{"level":"info","message":"OPTIONS /api/appointments/revenue 200 0 - 0.050 ms","timestamp":"2026-03-03 17:16:06"}
{"level":"info","message":"OPTIONS /api/users 200 0 - 0.030 ms","timestamp":"2026-03-03 17:16:06"}
{"level":"info","message":"OPTIONS /api/attendance/2026/3 200 0 - 0.024 ms","timestamp":"2026-03-03 17:16:06"}
{"level":"info","message":"OPTIONS /api/users/all 200 0 - 0.027 ms","timestamp":"2026-03-03 17:16:06"}
{"level":"info","message":"OPTIONS /api/attendance/range?start=2026-02-28T18:30:00.000Z&end=2026-03-31T18:29:59.999Z 200 0 - 0.033 ms","timestamp":"2026-03-03 17:16:06"}
{"level":"info","message":"GET /api/appointments/stats?month=3&year=2026 304 - - 40.098 ms","timestamp":"2026-03-03 17:16:06"}
{"level":"info","message":"GET /api/appointments/stats?month=2&year=2026 304 - - 47.422 ms","timestamp":"2026-03-03 17:16:06"}
{"level":"info","message":"GET /api/appointments/revenue 304 - - 62.235 ms","timestamp":"2026-03-03 17:16:06"}
{"level":"info","message":"GET /api/attendance/2026/3 304 - - 62.063 ms","timestamp":"2026-03-03 17:16:06"}
{"level":"info","message":"GET /api/attendance/range?start=2026-02-28T18:30:00.000Z&end=2026-03-31T18:29:59.999Z 304 - - 69.397 ms","timestamp":"2026-03-03 17:16:06"}
{"level":"info","message":"GET /api/users/all 200 - - 100.140 ms","timestamp":"2026-03-03 17:16:06"}
{"level":"info","message":"GET /api/users 200 - - 111.328 ms","timestamp":"2026-03-03 17:16:06"}
{"level":"info","message":"OPTIONS /api/appointments/stats?month=3&year=2026 200 0 - 0.061 ms","timestamp":"2026-03-03 17:17:06"}
{"level":"info","message":"OPTIONS /api/appointments/stats?month=2&year=2026 200 0 - 0.051 ms","timestamp":"2026-03-03 17:17:06"}
{"level":"info","message":"OPTIONS /api/appointments/revenue 200 0 - 0.032 ms","timestamp":"2026-03-03 17:17:06"}
{"level":"info","message":"OPTIONS /api/users 200 0 - 0.030 ms","timestamp":"2026-03-03 17:17:06"}
{"level":"info","message":"OPTIONS /api/attendance/2026/3 200 0 - 0.050 ms","timestamp":"2026-03-03 17:17:06"}
{"level":"info","message":"OPTIONS /api/users/all 200 0 - 0.034 ms","timestamp":"2026-03-03 17:17:06"}
{"level":"info","message":"OPTIONS /api/attendance/range?start=2026-02-28T18:30:00.000Z&end=2026-03-31T18:29:59.999Z 200 0 - 0.032 ms","timestamp":"2026-03-03 17:17:06"}
{"level":"info","message":"GET /api/appointments/stats?month=2&year=2026 304 - - 39.105 ms","timestamp":"2026-03-03 17:17:06"}
{"level":"info","message":"GET /api/appointments/stats?month=3&year=2026 304 - - 49.615 ms","timestamp":"2026-03-03 17:17:06"}
{"level":"info","message":"GET /api/appointments/revenue 304 - - 61.740 ms","timestamp":"2026-03-03 17:17:06"}
{"level":"info","message":"GET /api/attendance/2026/3 304 - - 70.339 ms","timestamp":"2026-03-03 17:17:06"}
{"level":"info","message":"GET /api/users/all 200 - - 92.909 ms","timestamp":"2026-03-03 17:17:06"}
{"level":"info","message":"GET /api/attendance/range?start=2026-02-28T18:30:00.000Z&end=2026-03-31T18:29:59.999Z 304 - - 62.999 ms","timestamp":"2026-03-03 17:17:06"}
{"level":"info","message":"GET /api/users 200 - - 113.508 ms","timestamp":"2026-03-03 17:17:06"}
{"level":"info","message":"OPTIONS /api/appointments/stats?month=3&year=2026 200 0 - 0.054 ms","timestamp":"2026-03-03 17:18:06"}
{"level":"info","message":"OPTIONS /api/appointments/stats?month=2&year=2026 200 0 - 0.103 ms","timestamp":"2026-03-03 17:18:06"}
{"level":"info","message":"OPTIONS /api/appointments/revenue 200 0 - 0.036 ms","timestamp":"2026-03-03 17:18:06"}
{"level":"info","message":"OPTIONS /api/users 200 0 - 0.033 ms","timestamp":"2026-03-03 17:18:06"}
{"level":"info","message":"OPTIONS /api/attendance/2026/3 200 0 - 0.041 ms","timestamp":"2026-03-03 17:18:06"}
{"level":"info","message":"OPTIONS /api/users/all 200 0 - 0.055 ms","timestamp":"2026-03-03 17:18:06"}
{"level":"info","message":"OPTIONS /api/attendance/range?start=2026-02-28T18:30:00.000Z&end=2026-03-31T18:29:59.999Z 200 0 - 0.055 ms","timestamp":"2026-03-03 17:18:06"}
{"level":"info","message":"GET /api/appointments/stats?month=3&year=2026 304 - - 58.713 ms","timestamp":"2026-03-03 17:18:06"}
{"level":"info","message":"GET /api/appointments/stats?month=2&year=2026 304 - - 56.884 ms","timestamp":"2026-03-03 17:18:06"}
{"level":"info","message":"GET /api/attendance/2026/3 304 - - 67.345 ms","timestamp":"2026-03-03 17:18:06"}
{"level":"info","message":"GET /api/appointments/revenue 304 - - 79.630 ms","timestamp":"2026-03-03 17:18:06"}
{"level":"info","message":"GET /api/users/all 200 - - 96.330 ms","timestamp":"2026-03-03 17:18:06"}
{"level":"info","message":"GET /api/attendance/range?start=2026-02-28T18:30:00.000Z&end=2026-03-31T18:29:59.999Z 304 - - 78.201 ms","timestamp":"2026-03-03 17:18:06"}
{"level":"info","message":"GET /api/users 200 - - 128.519 ms","timestamp":"2026-03-03 17:18:06"}
{"level":"info","message":"OPTIONS /api/appointments/stats?month=3&year=2026 200 0 - 0.093 ms","timestamp":"2026-03-03 17:19:06"}
{"level":"info","message":"OPTIONS /api/appointments/stats?month=2&year=2026 200 0 - 0.048 ms","timestamp":"2026-03-03 17:19:06"}
{"level":"info","message":"OPTIONS /api/appointments/revenue 200 0 - 0.024 ms","timestamp":"2026-03-03 17:19:06"}
{"level":"info","message":"OPTIONS /api/users 200 0 - 0.040 ms","timestamp":"2026-03-03 17:19:06"}
{"level":"info","message":"OPTIONS /api/attendance/2026/3 200 0 - 0.037 ms","timestamp":"2026-03-03 17:19:06"}
{"level":"info","message":"OPTIONS /api/users/all 200 0 - 0.034 ms","timestamp":"2026-03-03 17:19:06"}
{"level":"info","message":"OPTIONS /api/attendance/range?start=2026-02-28T18:30:00.000Z&end=2026-03-31T18:29:59.999Z 200 0 - 0.038 ms","timestamp":"2026-03-03 17:19:06"}
{"level":"info","message":"GET /api/appointments/stats?month=3&year=2026 304 - - 40.866 ms","timestamp":"2026-03-03 17:19:06"}
{"level":"info","message":"GET /api/appointments/stats?month=2&year=2026 304 - - 40.446 ms","timestamp":"2026-03-03 17:19:06"}
{"level":"info","message":"GET /api/appointments/revenue 304 - - 72.913 ms","timestamp":"2026-03-03 17:19:06"}
{"level":"info","message":"GET /api/attendance/2026/3 304 - - 81.627 ms","timestamp":"2026-03-03 17:19:06"}
{"level":"info","message":"GET /api/attendance/range?start=2026-02-28T18:30:00.000Z&end=2026-03-31T18:29:59.999Z 304 - - 67.754 ms","timestamp":"2026-03-03 17:19:06"}
{"level":"info","message":"GET /api/users/all 200 - - 98.467 ms","timestamp":"2026-03-03 17:19:06"}
{"level":"info","message":"GET /api/users 200 - - 113.178 ms","timestamp":"2026-03-03 17:19:06"}
{"level":"info","message":"OPTIONS /api/appointments/stats?month=3&year=2026 200 0 - 0.079 ms","timestamp":"2026-03-03 17:20:06"}
{"level":"info","message":"OPTIONS /api/appointments/stats?month=2&year=2026 200 0 - 0.048 ms","timestamp":"2026-03-03 17:20:06"}
{"level":"info","message":"OPTIONS /api/appointments/revenue 200 0 - 0.029 ms","timestamp":"2026-03-03 17:20:06"}
{"level":"info","message":"OPTIONS /api/users 200 0 - 0.027 ms","timestamp":"2026-03-03 17:20:06"}
{"level":"info","message":"OPTIONS /api/attendance/2026/3 200 0 - 0.034 ms","timestamp":"2026-03-03 17:20:06"}
{"level":"info","message":"OPTIONS /api/users/all 200 0 - 0.043 ms","timestamp":"2026-03-03 17:20:06"}
{"level":"info","message":"OPTIONS /api/attendance/range?start=2026-02-28T18:30:00.000Z&end=2026-03-31T18:29:59.999Z 200 0 - 0.028 ms","timestamp":"2026-03-03 17:20:06"}
{"level":"info","message":"GET /api/appointments/stats?month=3&year=2026 304 - - 39.794 ms","timestamp":"2026-03-03 17:20:06"}
{"level":"info","message":"GET /api/appointments/stats?month=2&year=2026 304 - - 40.196 ms","timestamp":"2026-03-03 17:20:06"}
{"level":"info","message":"GET /api/appointments/revenue 304 - - 62.095 ms","timestamp":"2026-03-03 17:20:06"}
{"level":"info","message":"GET /api/attendance/2026/3 304 - - 60.022 ms","timestamp":"2026-03-03 17:20:06"}
{"level":"info","message":"GET /api/attendance/range?start=2026-02-28T18:30:00.000Z&end=2026-03-31T18:29:59.999Z 304 - - 69.949 ms","timestamp":"2026-03-03 17:20:06"}
{"level":"info","message":"GET /api/users/all 200 - - 94.354 ms","timestamp":"2026-03-03 17:20:06"}
{"level":"info","message":"GET /api/users 200 - - 145.615 ms","timestamp":"2026-03-03 17:20:06"}
{"level":"info","message":"OPTIONS /api/appointments/stats?month=3&year=2026 200 0 - 0.088 ms","timestamp":"2026-03-03 17:21:06"}
{"level":"info","message":"OPTIONS /api/appointments/stats?month=2&year=2026 200 0 - 0.042 ms","timestamp":"2026-03-03 17:21:06"}
{"level":"info","message":"OPTIONS /api/appointments/revenue 200 0 - 0.040 ms","timestamp":"2026-03-03 17:21:06"}
{"level":"info","message":"OPTIONS /api/users 200 0 - 0.034 ms","timestamp":"2026-03-03 17:21:06"}
{"level":"info","message":"OPTIONS /api/attendance/2026/3 200 0 - 0.034 ms","timestamp":"2026-03-03 17:21:06"}
{"level":"info","message":"OPTIONS /api/users/all 200 0 - 0.033 ms","timestamp":"2026-03-03 17:21:06"}
{"level":"info","message":"OPTIONS /api/attendance/range?start=2026-02-28T18:30:00.000Z&end=2026-03-31T18:29:59.999Z 200 0 - 0.041 ms","timestamp":"2026-03-03 17:21:06"}
{"level":"info","message":"GET /api/appointments/stats?month=3&year=2026 304 - - 40.607 ms","timestamp":"2026-03-03 17:21:06"}
{"level":"info","message":"GET /api/appointments/stats?month=2&year=2026 304 - - 40.702 ms","timestamp":"2026-03-03 17:21:06"}
{"level":"info","message":"GET /api/appointments/revenue 304 - - 74.116 ms","timestamp":"2026-03-03 17:21:06"}
{"level":"info","message":"GET /api/attendance/range?start=2026-02-28T18:30:00.000Z&end=2026-03-31T18:29:59.999Z 304 - - 61.459 ms","timestamp":"2026-03-03 17:21:06"}
{"level":"info","message":"GET /api/attendance/2026/3 304 - - 95.776 ms","timestamp":"2026-03-03 17:21:06"}
{"level":"info","message":"GET /api/users 200 - - 115.675 ms","timestamp":"2026-03-03 17:21:06"}
{"level":"info","message":"GET /api/users/all 200 - - 122.512 ms","timestamp":"2026-03-03 17:21:06"}
{"level":"info","message":"OPTIONS /api/appointments/stats?month=3&year=2026 200 0 - 0.064 ms","timestamp":"2026-03-03 17:22:06"}
{"level":"info","message":"OPTIONS /api/appointments/stats?month=2&year=2026 200 0 - 0.041 ms","timestamp":"2026-03-03 17:22:06"}
{"level":"info","message":"OPTIONS /api/appointments/revenue 200 0 - 0.023 ms","timestamp":"2026-03-03 17:22:06"}
{"level":"info","message":"OPTIONS /api/users 200 0 - 0.044 ms","timestamp":"2026-03-03 17:22:06"}
{"level":"info","message":"OPTIONS /api/attendance/2026/3 200 0 - 0.053 ms","timestamp":"2026-03-03 17:22:06"}
{"level":"info","message":"OPTIONS /api/users/all 200 0 - 0.034 ms","timestamp":"2026-03-03 17:22:06"}
{"level":"info","message":"OPTIONS /api/attendance/range?start=2026-02-28T18:30:00.000Z&end=2026-03-31T18:29:59.999Z 200 0 - 0.029 ms","timestamp":"2026-03-03 17:22:06"}
{"level":"info","message":"GET /api/appointments/stats?month=3&year=2026 304 - - 41.203 ms","timestamp":"2026-03-03 17:22:06"}
{"level":"info","message":"GET /api/appointments/stats?month=2&year=2026 304 - - 47.000 ms","timestamp":"2026-03-03 17:22:06"}
{"level":"info","message":"GET /api/appointments/revenue 304 - - 65.544 ms","timestamp":"2026-03-03 17:22:06"}
{"level":"info","message":"GET /api/attendance/2026/3 304 - - 64.755 ms","timestamp":"2026-03-03 17:22:06"}
{"level":"info","message":"GET /api/attendance/range?start=2026-02-28T18:30:00.000Z&end=2026-03-31T18:29:59.999Z 304 - - 71.776 ms","timestamp":"2026-03-03 17:22:06"}
{"level":"info","message":"GET /api/users/all 200 - - 105.347 ms","timestamp":"2026-03-03 17:22:06"}
{"level":"info","message":"GET /api/users 200 - - 118.916 ms","timestamp":"2026-03-03 17:22:06"}
{"level":"info","message":"OPTIONS /api/appointments/stats?month=3&year=2026 200 0 - 0.082 ms","timestamp":"2026-03-03 17:23:06"}
{"level":"info","message":"OPTIONS /api/appointments/stats?month=2&year=2026 200 0 - 0.039 ms","timestamp":"2026-03-03 17:23:06"}
{"level":"info","message":"OPTIONS /api/appointments/revenue 200 0 - 0.032 ms","timestamp":"2026-03-03 17:23:06"}
{"level":"info","message":"OPTIONS /api/users 200 0 - 0.030 ms","timestamp":"2026-03-03 17:23:06"}
{"level":"info","message":"OPTIONS /api/attendance/2026/3 200 0 - 0.050 ms","timestamp":"2026-03-03 17:23:06"}
{"level":"info","message":"OPTIONS /api/users/all 200 0 - 0.032 ms","timestamp":"2026-03-03 17:23:06"}
{"level":"info","message":"OPTIONS /api/attendance/range?start=2026-02-28T18:30:00.000Z&end=2026-03-31T18:29:59.999Z 200 0 - 0.034 ms","timestamp":"2026-03-03 17:23:06"}
{"level":"info","message":"GET /api/appointments/stats?month=3&year=2026 304 - - 44.377 ms","timestamp":"2026-03-03 17:23:06"}
{"level":"info","message":"GET /api/appointments/stats?month=2&year=2026 304 - - 47.343 ms","timestamp":"2026-03-03 17:23:06"}
{"level":"info","message":"GET /api/appointments/revenue 304 - - 65.801 ms","timestamp":"2026-03-03 17:23:06"}
{"level":"info","message":"GET /api/attendance/2026/3 304 - - 66.666 ms","timestamp":"2026-03-03 17:23:06"}
{"level":"info","message":"GET /api/users/all 200 - - 93.948 ms","timestamp":"2026-03-03 17:23:06"}
{"level":"info","message":"GET /api/users 200 - - 109.721 ms","timestamp":"2026-03-03 17:23:06"}
{"level":"info","message":"GET /api/attendance/range?start=2026-02-28T18:30:00.000Z&end=2026-03-31T18:29:59.999Z 304 - - 76.550 ms","timestamp":"2026-03-03 17:23:06"}
{"level":"info","message":"OPTIONS /api/appointments/stats?month=3&year=2026 200 0 - 0.100 ms","timestamp":"2026-03-03 17:24:06"}
{"level":"info","message":"OPTIONS /api/appointments/stats?month=2&year=2026 200 0 - 0.038 ms","timestamp":"2026-03-03 17:24:06"}
{"level":"info","message":"OPTIONS /api/appointments/revenue 200 0 - 0.031 ms","timestamp":"2026-03-03 17:24:06"}
{"level":"info","message":"OPTIONS /api/users 200 0 - 0.032 ms","timestamp":"2026-03-03 17:24:06"}
{"level":"info","message":"OPTIONS /api/attendance/2026/3 200 0 - 0.028 ms","timestamp":"2026-03-03 17:24:06"}
{"level":"info","message":"OPTIONS /api/users/all 200 0 - 0.048 ms","timestamp":"2026-03-03 17:24:06"}
{"level":"info","message":"OPTIONS /api/attendance/range?start=2026-02-28T18:30:00.000Z&end=2026-03-31T18:29:59.999Z 200 0 - 0.041 ms","timestamp":"2026-03-03 17:24:06"}
{"level":"info","message":"GET /api/appointments/stats?month=3&year=2026 304 - - 39.364 ms","timestamp":"2026-03-03 17:24:06"}
{"level":"info","message":"GET /api/appointments/stats?month=2&year=2026 304 - - 42.420 ms","timestamp":"2026-03-03 17:24:06"}
{"level":"info","message":"GET /api/appointments/revenue 304 - - 69.426 ms","timestamp":"2026-03-03 17:24:06"}
{"level":"info","message":"GET /api/attendance/2026/3 304 - - 81.414 ms","timestamp":"2026-03-03 17:24:06"}
{"level":"info","message":"GET /api/attendance/range?start=2026-02-28T18:30:00.000Z&end=2026-03-31T18:29:59.999Z 304 - - 64.598 ms","timestamp":"2026-03-03 17:24:06"}
{"level":"info","message":"GET /api/users/all 200 - - 96.103 ms","timestamp":"2026-03-03 17:24:06"}
{"level":"info","message":"GET /api/users 200 - - 111.985 ms","timestamp":"2026-03-03 17:24:06"}
{"level":"info","message":"OPTIONS /api/appointments/stats?month=3&year=2026 200 0 - 0.151 ms","timestamp":"2026-03-03 17:25:06"}
{"level":"info","message":"OPTIONS /api/appointments/stats?month=2&year=2026 200 0 - 0.084 ms","timestamp":"2026-03-03 17:25:06"}
{"level":"info","message":"OPTIONS /api/appointments/revenue 200 0 - 0.054 ms","timestamp":"2026-03-03 17:25:06"}
{"level":"info","message":"OPTIONS /api/users 200 0 - 0.039 ms","timestamp":"2026-03-03 17:25:06"}
{"level":"info","message":"OPTIONS /api/attendance/2026/3 200 0 - 0.038 ms","timestamp":"2026-03-03 17:25:06"}
{"level":"info","message":"OPTIONS /api/users/all 200 0 - 0.055 ms","timestamp":"2026-03-03 17:25:06"}
{"level":"info","message":"OPTIONS /api/attendance/range?start=2026-02-28T18:30:00.000Z&end=2026-03-31T18:29:59.999Z 200 0 - 0.036 ms","timestamp":"2026-03-03 17:25:06"}
{"level":"info","message":"GET /api/appointments/stats?month=2&year=2026 304 - - 40.670 ms","timestamp":"2026-03-03 17:25:06"}
{"level":"info","message":"GET /api/appointments/stats?month=3&year=2026 304 - - 52.397 ms","timestamp":"2026-03-03 17:25:06"}
{"level":"info","message":"GET /api/appointments/revenue 304 - - 76.364 ms","timestamp":"2026-03-03 17:25:06"}
{"level":"info","message":"GET /api/attendance/2026/3 304 - - 99.059 ms","timestamp":"2026-03-03 17:25:06"}
{"level":"info","message":"GET /api/users/all 200 - - 97.037 ms","timestamp":"2026-03-03 17:25:06"}
{"level":"info","message":"GET /api/attendance/range?start=2026-02-28T18:30:00.000Z&end=2026-03-31T18:29:59.999Z 304 - - 85.119 ms","timestamp":"2026-03-03 17:25:06"}
{"level":"info","message":"GET /api/users 200 - - 129.558 ms","timestamp":"2026-03-03 17:25:06"}
{"level":"info","message":"OPTIONS /api/appointments/stats?month=3&year=2026 200 0 - 0.069 ms","timestamp":"2026-03-03 17:26:06"}
{"level":"info","message":"OPTIONS /api/appointments/stats?month=2&year=2026 200 0 - 0.044 ms","timestamp":"2026-03-03 17:26:06"}
{"level":"info","message":"OPTIONS /api/appointments/revenue 200 0 - 0.037 ms","timestamp":"2026-03-03 17:26:06"}
{"level":"info","message":"OPTIONS /api/users 200 0 - 0.031 ms","timestamp":"2026-03-03 17:26:06"}
{"level":"info","message":"OPTIONS /api/attendance/2026/3 200 0 - 0.024 ms","timestamp":"2026-03-03 17:26:06"}
{"level":"info","message":"OPTIONS /api/users/all 200 0 - 0.021 ms","timestamp":"2026-03-03 17:26:06"}
{"level":"info","message":"OPTIONS /api/attendance/range?start=2026-02-28T18:30:00.000Z&end=2026-03-31T18:29:59.999Z 200 0 - 0.020 ms","timestamp":"2026-03-03 17:26:06"}
{"level":"info","message":"GET /api/appointments/stats?month=3&year=2026 304 - - 40.447 ms","timestamp":"2026-03-03 17:26:06"}
{"level":"info","message":"GET /api/appointments/stats?month=2&year=2026 304 - - 43.249 ms","timestamp":"2026-03-03 17:26:06"}
{"level":"info","message":"GET /api/appointments/revenue 304 - - 63.700 ms","timestamp":"2026-03-03 17:26:06"}
{"level":"info","message":"GET /api/attendance/2026/3 304 - - 68.542 ms","timestamp":"2026-03-03 17:26:06"}
{"level":"info","message":"GET /api/users/all 200 - - 89.028 ms","timestamp":"2026-03-03 17:26:06"}
{"level":"info","message":"GET /api/attendance/range?start=2026-02-28T18:30:00.000Z&end=2026-03-31T18:29:59.999Z 304 - - 65.141 ms","timestamp":"2026-03-03 17:26:06"}
{"level":"info","message":"GET /api/users 200 - - 125.639 ms","timestamp":"2026-03-03 17:26:06"}
{"level":"info","message":"OPTIONS /api/appointments/stats?month=3&year=2026 200 0 - 0.092 ms","timestamp":"2026-03-03 17:27:06"}
{"level":"info","message":"OPTIONS /api/appointments/stats?month=2&year=2026 200 0 - 0.039 ms","timestamp":"2026-03-03 17:27:06"}
{"level":"info","message":"OPTIONS /api/appointments/revenue 200 0 - 0.028 ms","timestamp":"2026-03-03 17:27:06"}
{"level":"info","message":"OPTIONS /api/users 200 0 - 0.030 ms","timestamp":"2026-03-03 17:27:06"}
{"level":"info","message":"OPTIONS /api/attendance/2026/3 200 0 - 0.032 ms","timestamp":"2026-03-03 17:27:06"}
{"level":"info","message":"OPTIONS /api/users/all 200 0 - 0.030 ms","timestamp":"2026-03-03 17:27:06"}
{"level":"info","message":"OPTIONS /api/attendance/range?start=2026-02-28T18:30:00.000Z&end=2026-03-31T18:29:59.999Z 200 0 - 0.027 ms","timestamp":"2026-03-03 17:27:06"}
{"level":"info","message":"GET /api/appointments/stats?month=3&year=2026 304 - - 40.400 ms","timestamp":"2026-03-03 17:27:06"}
{"level":"info","message":"GET /api/appointments/stats?month=2&year=2026 304 - - 41.154 ms","timestamp":"2026-03-03 17:27:06"}
{"level":"info","message":"GET /api/appointments/revenue 304 - - 62.132 ms","timestamp":"2026-03-03 17:27:06"}
{"level":"info","message":"GET /api/attendance/2026/3 304 - - 64.455 ms","timestamp":"2026-03-03 17:27:06"}
{"level":"info","message":"GET /api/users/all 200 - - 93.238 ms","timestamp":"2026-03-03 17:27:06"}
{"level":"info","message":"GET /api/attendance/range?start=2026-02-28T18:30:00.000Z&end=2026-03-31T18:29:59.999Z 304 - - 62.593 ms","timestamp":"2026-03-03 17:27:06"}
{"level":"info","message":"GET /api/users 200 - - 110.911 ms","timestamp":"2026-03-03 17:27:06"}
{"level":"info","message":"OPTIONS /api/appointments/stats?month=3&year=2026 200 0 - 0.213 ms","timestamp":"2026-03-03 17:28:06"}
{"level":"info","message":"OPTIONS /api/appointments/stats?month=2&year=2026 200 0 - 0.043 ms","timestamp":"2026-03-03 17:28:06"}
{"level":"info","message":"OPTIONS /api/attendance/2026/3 200 0 - 0.066 ms","timestamp":"2026-03-03 17:28:06"}
{"level":"info","message":"OPTIONS /api/appointments/revenue 200 0 - 0.077 ms","timestamp":"2026-03-03 17:28:06"}
{"level":"info","message":"OPTIONS /api/users 200 0 - 0.068 ms","timestamp":"2026-03-03 17:28:06"}
{"level":"info","message":"OPTIONS /api/users/all 200 0 - 0.038 ms","timestamp":"2026-03-03 17:28:06"}
{"level":"info","message":"OPTIONS /api/attendance/range?start=2026-02-28T18:30:00.000Z&end=2026-03-31T18:29:59.999Z 200 0 - 0.051 ms","timestamp":"2026-03-03 17:28:06"}
{"level":"info","message":"GET /api/appointments/stats?month=3&year=2026 304 - - 43.105 ms","timestamp":"2026-03-03 17:28:06"}
{"level":"info","message":"GET /api/appointments/stats?month=2&year=2026 304 - - 41.862 ms","timestamp":"2026-03-03 17:28:06"}
{"level":"info","message":"GET /api/attendance/2026/3 304 - - 62.707 ms","timestamp":"2026-03-03 17:28:06"}
{"level":"info","message":"GET /api/appointments/revenue 304 - - 64.658 ms","timestamp":"2026-03-03 17:28:06"}
{"level":"info","message":"GET /api/attendance/range?start=2026-02-28T18:30:00.000Z&end=2026-03-31T18:29:59.999Z 304 - - 70.799 ms","timestamp":"2026-03-03 17:28:06"}
{"level":"info","message":"GET /api/users/all 200 - - 104.937 ms","timestamp":"2026-03-03 17:28:06"}
{"level":"info","message":"GET /api/users 200 - - 118.025 ms","timestamp":"2026-03-03 17:28:06"}
{"level":"info","message":"OPTIONS /api/appointments/stats?month=3&year=2026 200 0 - 0.087 ms","timestamp":"2026-03-03 17:29:06"}
{"level":"info","message":"OPTIONS /api/appointments/stats?month=2&year=2026 200 0 - 0.087 ms","timestamp":"2026-03-03 17:29:06"}
{"level":"info","message":"OPTIONS /api/appointments/revenue 200 0 - 0.059 ms","timestamp":"2026-03-03 17:29:06"}
{"level":"info","message":"OPTIONS /api/users 200 0 - 0.032 ms","timestamp":"2026-03-03 17:29:06"}
{"level":"info","message":"OPTIONS /api/attendance/2026/3 200 0 - 0.033 ms","timestamp":"2026-03-03 17:29:06"}
{"level":"info","message":"OPTIONS /api/users/all 200 0 - 0.028 ms","timestamp":"2026-03-03 17:29:06"}
{"level":"info","message":"OPTIONS /api/attendance/range?start=2026-02-28T18:30:00.000Z&end=2026-03-31T18:29:59.999Z 200 0 - 0.040 ms","timestamp":"2026-03-03 17:29:06"}
{"level":"info","message":"GET /api/appointments/stats?month=3&year=2026 304 - - 40.778 ms","timestamp":"2026-03-03 17:29:06"}
{"level":"info","message":"GET /api/appointments/stats?month=2&year=2026 304 - - 56.329 ms","timestamp":"2026-03-03 17:29:06"}
{"level":"info","message":"GET /api/appointments/revenue 304 - - 60.980 ms","timestamp":"2026-03-03 17:29:06"}
{"level":"info","message":"GET /api/attendance/2026/3 304 - - 63.280 ms","timestamp":"2026-03-03 17:29:06"}
{"level":"info","message":"GET /api/users/all 200 - - 93.027 ms","timestamp":"2026-03-03 17:29:06"}
{"level":"info","message":"GET /api/attendance/range?start=2026-02-28T18:30:00.000Z&end=2026-03-31T18:29:59.999Z 304 - - 65.462 ms","timestamp":"2026-03-03 17:29:06"}
{"level":"info","message":"GET /api/users 200 - - 111.836 ms","timestamp":"2026-03-03 17:29:06"}
{"level":"info","message":"OPTIONS /api/appointments/stats?month=3&year=2026 200 0 - 0.114 ms","timestamp":"2026-03-03 17:30:06"}
{"level":"info","message":"OPTIONS /api/appointments/stats?month=2&year=2026 200 0 - 0.047 ms","timestamp":"2026-03-03 17:30:06"}
{"level":"info","message":"OPTIONS /api/appointments/revenue 200 0 - 0.032 ms","timestamp":"2026-03-03 17:30:06"}
{"level":"info","message":"OPTIONS /api/users 200 0 - 0.027 ms","timestamp":"2026-03-03 17:30:06"}
{"level":"info","message":"OPTIONS /api/attendance/2026/3 200 0 - 0.054 ms","timestamp":"2026-03-03 17:30:06"}
{"level":"info","message":"OPTIONS /api/users/all 200 0 - 0.039 ms","timestamp":"2026-03-03 17:30:06"}
{"level":"info","message":"OPTIONS /api/attendance/range?start=2026-02-28T18:30:00.000Z&end=2026-03-31T18:29:59.999Z 200 0 - 0.040 ms","timestamp":"2026-03-03 17:30:06"}
{"level":"info","message":"GET /api/appointments/stats?month=3&year=2026 304 - - 41.203 ms","timestamp":"2026-03-03 17:30:06"}
{"level":"info","message":"GET /api/appointments/stats?month=2&year=2026 304 - - 43.625 ms","timestamp":"2026-03-03 17:30:06"}
{"level":"info","message":"GET /api/appointments/revenue 304 - - 62.597 ms","timestamp":"2026-03-03 17:30:06"}
{"level":"info","message":"GET /api/attendance/2026/3 304 - - 71.211 ms","timestamp":"2026-03-03 17:30:06"}
{"level":"info","message":"GET /api/attendance/range?start=2026-02-28T18:30:00.000Z&end=2026-03-31T18:29:59.999Z 304 - - 61.886 ms","timestamp":"2026-03-03 17:30:06"}
{"level":"info","message":"GET /api/users/all 200 - - 92.267 ms","timestamp":"2026-03-03 17:30:06"}
{"level":"info","message":"GET /api/users 200 - - 109.579 ms","timestamp":"2026-03-03 17:30:06"}
{"level":"info","message":"OPTIONS /api/appointments/stats?month=3&year=2026 200 0 - 0.178 ms","timestamp":"2026-03-03 17:31:06"}
{"level":"info","message":"OPTIONS /api/appointments/stats?month=2&year=2026 200 0 - 0.093 ms","timestamp":"2026-03-03 17:31:06"}
{"level":"info","message":"OPTIONS /api/appointments/revenue 200 0 - 0.042 ms","timestamp":"2026-03-03 17:31:06"}
{"level":"info","message":"OPTIONS /api/users 200 0 - 0.074 ms","timestamp":"2026-03-03 17:31:06"}
{"level":"info","message":"OPTIONS /api/attendance/2026/3 200 0 - 0.055 ms","timestamp":"2026-03-03 17:31:06"}
{"level":"info","message":"OPTIONS /api/users/all 200 0 - 0.040 ms","timestamp":"2026-03-03 17:31:06"}
{"level":"info","message":"OPTIONS /api/attendance/range?start=2026-02-28T18:30:00.000Z&end=2026-03-31T18:29:59.999Z 200 0 - 0.061 ms","timestamp":"2026-03-03 17:31:06"}
{"level":"info","message":"GET /api/appointments/stats?month=2&year=2026 304 - - 41.201 ms","timestamp":"2026-03-03 17:31:06"}
{"level":"info","message":"GET /api/appointments/stats?month=3&year=2026 304 - - 44.667 ms","timestamp":"2026-03-03 17:31:06"}
{"level":"info","message":"GET /api/attendance/2026/3 304 - - 61.613 ms","timestamp":"2026-03-03 17:31:06"}
{"level":"info","message":"GET /api/appointments/revenue 304 - - 85.916 ms","timestamp":"2026-03-03 17:31:06"}
{"level":"info","message":"GET /api/attendance/range?start=2026-02-28T18:30:00.000Z&end=2026-03-31T18:29:59.999Z 304 - - 76.152 ms","timestamp":"2026-03-03 17:31:06"}
{"level":"info","message":"GET /api/users/all 200 - - 112.061 ms","timestamp":"2026-03-03 17:31:06"}
{"level":"info","message":"GET /api/users 200 - - 122.657 ms","timestamp":"2026-03-03 17:31:06"}
{"level":"info","message":"OPTIONS /api/appointments/stats?month=3&year=2026 200 0 - 0.080 ms","timestamp":"2026-03-03 17:32:06"}
{"level":"info","message":"OPTIONS /api/appointments/stats?month=2&year=2026 200 0 - 0.067 ms","timestamp":"2026-03-03 17:32:06"}
{"level":"info","message":"OPTIONS /api/appointments/revenue 200 0 - 0.045 ms","timestamp":"2026-03-03 17:32:06"}
{"level":"info","message":"OPTIONS /api/users 200 0 - 0.045 ms","timestamp":"2026-03-03 17:32:06"}
{"level":"info","message":"OPTIONS /api/attendance/2026/3 200 0 - 0.041 ms","timestamp":"2026-03-03 17:32:06"}
{"level":"info","message":"OPTIONS /api/users/all 200 0 - 0.059 ms","timestamp":"2026-03-03 17:32:06"}
{"level":"info","message":"OPTIONS /api/attendance/range?start=2026-02-28T18:30:00.000Z&end=2026-03-31T18:29:59.999Z 200 0 - 0.045 ms","timestamp":"2026-03-03 17:32:06"}
{"level":"info","message":"GET /api/appointments/stats?month=3&year=2026 304 - - 42.669 ms","timestamp":"2026-03-03 17:32:06"}
{"level":"info","message":"GET /api/appointments/stats?month=2&year=2026 304 - - 41.720 ms","timestamp":"2026-03-03 17:32:06"}
{"level":"info","message":"GET /api/attendance/2026/3 304 - - 69.330 ms","timestamp":"2026-03-03 17:32:06"}
{"level":"info","message":"GET /api/appointments/revenue 304 - - 74.624 ms","timestamp":"2026-03-03 17:32:06"}
{"level":"info","message":"GET /api/attendance/range?start=2026-02-28T18:30:00.000Z&end=2026-03-31T18:29:59.999Z 304 - - 70.076 ms","timestamp":"2026-03-03 17:32:06"}
{"level":"info","message":"GET /api/users/all 200 - - 102.209 ms","timestamp":"2026-03-03 17:32:06"}
{"level":"info","message":"GET /api/users 200 - - 135.567 ms","timestamp":"2026-03-03 17:32:06"}
{"level":"info","message":"OPTIONS /api/appointments/stats?month=3&year=2026 200 0 - 0.082 ms","timestamp":"2026-03-03 17:33:06"}
{"level":"info","message":"OPTIONS /api/appointments/stats?month=2&year=2026 200 0 - 0.069 ms","timestamp":"2026-03-03 17:33:06"}
{"level":"info","message":"OPTIONS /api/appointments/revenue 200 0 - 0.048 ms","timestamp":"2026-03-03 17:33:06"}
{"level":"info","message":"OPTIONS /api/users 200 0 - 0.043 ms","timestamp":"2026-03-03 17:33:06"}
{"level":"info","message":"OPTIONS /api/attendance/2026/3 200 0 - 0.035 ms","timestamp":"2026-03-03 17:33:06"}
{"level":"info","message":"OPTIONS /api/users/all 200 0 - 0.040 ms","timestamp":"2026-03-03 17:33:06"}
{"level":"info","message":"OPTIONS /api/attendance/range?start=2026-02-28T18:30:00.000Z&end=2026-03-31T18:29:59.999Z 200 0 - 0.030 ms","timestamp":"2026-03-03 17:33:06"}
{"level":"info","message":"GET /api/appointments/stats?month=2&year=2026 304 - - 39.499 ms","timestamp":"2026-03-03 17:33:06"}
{"level":"info","message":"GET /api/appointments/stats?month=3&year=2026 304 - - 50.807 ms","timestamp":"2026-03-03 17:33:06"}
{"level":"info","message":"GET /api/attendance/2026/3 304 - - 63.293 ms","timestamp":"2026-03-03 17:33:06"}
{"level":"info","message":"GET /api/appointments/revenue 304 - - 71.412 ms","timestamp":"2026-03-03 17:33:06"}
{"level":"info","message":"GET /api/users/all 200 - - 92.479 ms","timestamp":"2026-03-03 17:33:06"}
{"level":"info","message":"GET /api/attendance/range?start=2026-02-28T18:30:00.000Z&end=2026-03-31T18:29:59.999Z 304 - - 84.184 ms","timestamp":"2026-03-03 17:33:06"}
{"level":"info","message":"GET /api/users 200 - - 116.970 ms","timestamp":"2026-03-03 17:33:06"}
{"level":"info","message":"OPTIONS /api/appointments/stats?month=3&year=2026 200 0 - 0.088 ms","timestamp":"2026-03-03 17:33:56"}
{"level":"info","message":"OPTIONS /api/appointments/stats?month=2&year=2026 200 0 - 0.082 ms","timestamp":"2026-03-03 17:33:56"}
{"level":"info","message":"OPTIONS /api/appointments/revenue 200 0 - 0.057 ms","timestamp":"2026-03-03 17:33:56"}
{"level":"info","message":"OPTIONS /api/users 200 0 - 0.073 ms","timestamp":"2026-03-03 17:33:56"}
{"level":"info","message":"OPTIONS /api/attendance/2026/3 200 0 - 0.070 ms","timestamp":"2026-03-03 17:33:56"}
{"level":"info","message":"OPTIONS /api/users/all 200 0 - 0.042 ms","timestamp":"2026-03-03 17:33:56"}
{"level":"info","message":"OPTIONS /api/attendance/range?start=2026-02-28T18:30:00.000Z&end=2026-03-31T18:29:59.999Z 200 0 - 0.050 ms","timestamp":"2026-03-03 17:33:56"}
{"level":"info","message":"GET /api/appointments/stats?month=3&year=2026 304 - - 42.556 ms","timestamp":"2026-03-03 17:33:56"}
{"level":"info","message":"GET /api/appointments/stats?month=2&year=2026 304 - - 40.795 ms","timestamp":"2026-03-03 17:33:56"}
{"level":"info","message":"GET /api/attendance/2026/3 304 - - 63.885 ms","timestamp":"2026-03-03 17:33:56"}
{"level":"info","message":"GET /api/appointments/revenue 304 - - 75.190 ms","timestamp":"2026-03-03 17:33:56"}
{"level":"info","message":"GET /api/attendance/range?start=2026-02-28T18:30:00.000Z&end=2026-03-31T18:29:59.999Z 304 - - 75.873 ms","timestamp":"2026-03-03 17:33:56"}
{"level":"info","message":"GET /api/users/all 200 - - 104.697 ms","timestamp":"2026-03-03 17:33:56"}
{"level":"info","message":"GET /api/users 200 - - 115.273 ms","timestamp":"2026-03-03 17:33:56"}
{"level":"info","message":"GET /api/appointments/stats?month=3&year=2026 304 - - 39.872 ms","timestamp":"2026-03-03 17:33:57"}
{"level":"info","message":"GET /api/appointments/stats?month=2&year=2026 304 - - 39.432 ms","timestamp":"2026-03-03 17:33:57"}
{"level":"info","message":"GET /api/appointments/revenue 304 - - 61.045 ms","timestamp":"2026-03-03 17:33:57"}
{"level":"info","message":"GET /api/users 304 - - 122.021 ms","timestamp":"2026-03-03 17:33:57"}
{"level":"info","message":"OPTIONS /api/users/all 200 0 - 0.051 ms","timestamp":"2026-03-03 17:34:07"}
{"level":"info","message":"OPTIONS /api/attendance/range?start=2026-02-28T18:30:00.000Z&end=2026-03-31T18:29:59.999Z 200 0 - 0.039 ms","timestamp":"2026-03-03 17:34:07"}
{"level":"info","message":"GET /api/attendance/range?start=2026-02-28T18:30:00.000Z&end=2026-03-31T18:29:59.999Z 304 - - 67.804 ms","timestamp":"2026-03-03 17:34:07"}
{"level":"info","message":"OPTIONS /api/appointments/stats?month=3&year=2026 200 0 - 0.067 ms","timestamp":"2026-03-03 17:34:07"}
{"level":"info","message":"OPTIONS /api/appointments/stats?month=2&year=2026 200 0 - 0.058 ms","timestamp":"2026-03-03 17:34:07"}
{"level":"info","message":"OPTIONS /api/appointments/revenue 200 0 - 0.073 ms","timestamp":"2026-03-03 17:34:07"}
{"level":"info","message":"OPTIONS /api/users 200 0 - 0.070 ms","timestamp":"2026-03-03 17:34:07"}
{"level":"info","message":"GET /api/users/all 200 - - 115.208 ms","timestamp":"2026-03-03 17:34:07"}
{"level":"info","message":"GET /api/appointments/stats?month=3&year=2026 304 - - 50.954 ms","timestamp":"2026-03-03 17:34:07"}
{"level":"info","message":"GET /api/appointments/stats?month=2&year=2026 304 - - 50.971 ms","timestamp":"2026-03-03 17:34:07"}
{"level":"info","message":"GET /api/appointments/revenue 304 - - 78.004 ms","timestamp":"2026-03-03 17:34:07"}
{"level":"info","message":"GET /api/users 200 - - 118.172 ms","timestamp":"2026-03-03 17:34:07"}
{"level":"info","message":"OPTIONS /api/attendance/2026/3 200 0 - 0.281 ms","timestamp":"2026-03-03 17:34:12"}
{"level":"info","message":"GET /api/attendance/2026/3 304 - - 72.936 ms","timestamp":"2026-03-03 17:34:13"}
{"level":"info","message":"OPTIONS /api/appointments/stats?month=3&year=2026 200 0 - 0.089 ms","timestamp":"2026-03-03 17:34:17"}
{"level":"info","message":"OPTIONS /api/appointments/stats?month=2&year=2026 200 0 - 0.061 ms","timestamp":"2026-03-03 17:34:17"}
{"level":"info","message":"OPTIONS /api/appointments/revenue 200 0 - 0.039 ms","timestamp":"2026-03-03 17:34:17"}
{"level":"info","message":"OPTIONS /api/users 200 0 - 0.063 ms","timestamp":"2026-03-03 17:34:17"}
{"level":"info","message":"GET /api/appointments/stats?month=3&year=2026 304 - - 40.367 ms","timestamp":"2026-03-03 17:34:17"}
{"level":"info","message":"GET /api/appointments/stats?month=2&year=2026 304 - - 39.694 ms","timestamp":"2026-03-03 17:34:17"}
{"level":"info","message":"GET /api/appointments/revenue 304 - - 60.791 ms","timestamp":"2026-03-03 17:34:17"}
{"level":"info","message":"GET /api/users 200 - - 117.931 ms","timestamp":"2026-03-03 17:34:17"}
{"level":"info","message":"OPTIONS /api/appointments/stats?month=3&year=2026 200 0 - 0.069 ms","timestamp":"2026-03-03 17:34:27"}
{"level":"info","message":"OPTIONS /api/appointments/stats?month=2&year=2026 200 0 - 0.056 ms","timestamp":"2026-03-03 17:34:27"}
{"level":"info","message":"OPTIONS /api/appointments/revenue 200 0 - 0.048 ms","timestamp":"2026-03-03 17:34:27"}
{"level":"info","message":"OPTIONS /api/users 200 0 - 0.035 ms","timestamp":"2026-03-03 17:34:27"}
{"level":"info","message":"GET /api/appointments/stats?month=3&year=2026 304 - - 41.230 ms","timestamp":"2026-03-03 17:34:27"}
{"level":"info","message":"GET /api/appointments/stats?month=2&year=2026 304 - - 42.102 ms","timestamp":"2026-03-03 17:34:27"}
{"level":"info","message":"GET /api/appointments/revenue 304 - - 71.989 ms","timestamp":"2026-03-03 17:34:27"}
{"level":"info","message":"GET /api/users 200 - - 123.193 ms","timestamp":"2026-03-03 17:34:27"}
{"level":"info","message":"OPTIONS /api/users/all 200 0 - 0.075 ms","timestamp":"2026-03-03 17:34:38"}
{"level":"info","message":"OPTIONS /api/attendance/range?start=2026-02-28T18:30:00.000Z&end=2026-03-31T18:29:59.999Z 200 0 - 0.062 ms","timestamp":"2026-03-03 17:34:38"}
{"level":"info","message":"GET /api/attendance/range?start=2026-02-28T18:30:00.000Z&end=2026-03-31T18:29:59.999Z 304 - - 65.878 ms","timestamp":"2026-03-03 17:34:38"}
{"level":"info","message":"OPTIONS /api/appointments/stats?month=3&year=2026 200 0 - 0.111 ms","timestamp":"2026-03-03 17:34:38"}
{"level":"info","message":"OPTIONS /api/appointments/stats?month=2&year=2026 200 0 - 0.065 ms","timestamp":"2026-03-03 17:34:38"}
{"level":"info","message":"OPTIONS /api/appointments/revenue 200 0 - 0.074 ms","timestamp":"2026-03-03 17:34:38"}
{"level":"info","message":"OPTIONS /api/users 200 0 - 0.059 ms","timestamp":"2026-03-03 17:34:38"}
{"level":"info","message":"GET /api/users/all 200 - - 95.302 ms","timestamp":"2026-03-03 17:34:38"}
{"level":"info","message":"GET /api/appointments/stats?month=3&year=2026 304 - - 41.022 ms","timestamp":"2026-03-03 17:34:38"}
{"level":"info","message":"GET /api/appointments/stats?month=2&year=2026 304 - - 40.164 ms","timestamp":"2026-03-03 17:34:38"}
{"level":"info","message":"GET /api/appointments/revenue 304 - - 61.791 ms","timestamp":"2026-03-03 17:34:38"}
{"level":"info","message":"GET /api/users 200 - - 121.690 ms","timestamp":"2026-03-03 17:34:38"}
{"level":"info","message":"OPTIONS /api/attendance/2026/3 200 0 - 0.162 ms","timestamp":"2026-03-03 17:34:43"}
{"level":"info","message":"GET /api/attendance/2026/3 304 - - 83.193 ms","timestamp":"2026-03-03 17:34:43"}
{"level":"info","message":"OPTIONS /api/appointments/stats?month=3&year=2026 200 0 - 0.055 ms","timestamp":"2026-03-03 17:34:48"}
{"level":"info","message":"OPTIONS /api/appointments/stats?month=2&year=2026 200 0 - 0.039 ms","timestamp":"2026-03-03 17:34:48"}
{"level":"info","message":"OPTIONS /api/appointments/revenue 200 0 - 0.030 ms","timestamp":"2026-03-03 17:34:48"}
{"level":"info","message":"OPTIONS /api/users 200 0 - 0.028 ms","timestamp":"2026-03-03 17:34:48"}
{"level":"info","message":"GET /api/appointments/stats?month=2&year=2026 304 - - 40.746 ms","timestamp":"2026-03-03 17:34:48"}
{"level":"info","message":"GET /api/appointments/stats?month=3&year=2026 304 - - 47.076 ms","timestamp":"2026-03-03 17:34:48"}
{"level":"info","message":"GET /api/appointments/revenue 304 - - 60.194 ms","timestamp":"2026-03-03 17:34:48"}
{"level":"info","message":"GET /api/users 200 - - 110.948 ms","timestamp":"2026-03-03 17:34:48"}
{"level":"info","message":"OPTIONS /api/appointments/stats?month=3&year=2026 200 0 - 0.055 ms","timestamp":"2026-03-03 17:34:58"}
{"level":"info","message":"OPTIONS /api/appointments/stats?month=2&year=2026 200 0 - 0.049 ms","timestamp":"2026-03-03 17:34:58"}
{"level":"info","message":"OPTIONS /api/appointments/revenue 200 0 - 0.027 ms","timestamp":"2026-03-03 17:34:58"}
{"level":"info","message":"OPTIONS /api/users 200 0 - 0.027 ms","timestamp":"2026-03-03 17:34:58"}
{"level":"info","message":"GET /api/appointments/stats?month=3&year=2026 304 - - 39.762 ms","timestamp":"2026-03-03 17:34:58"}
{"level":"info","message":"GET /api/appointments/stats?month=2&year=2026 304 - - 38.992 ms","timestamp":"2026-03-03 17:34:58"}
{"level":"info","message":"GET /api/appointments/revenue 304 - - 69.158 ms","timestamp":"2026-03-03 17:34:58"}
{"level":"info","message":"GET /api/users 200 - - 108.460 ms","timestamp":"2026-03-03 17:34:58"}
{"level":"info","message":"OPTIONS /api/users/all 200 0 - 0.163 ms","timestamp":"2026-03-03 17:35:08"}
{"level":"info","message":"OPTIONS /api/attendance/range?start=2026-02-28T18:30:00.000Z&end=2026-03-31T18:29:59.999Z 200 0 - 0.153 ms","timestamp":"2026-03-03 17:35:08"}
{"level":"info","message":"GET /api/attendance/range?start=2026-02-28T18:30:00.000Z&end=2026-03-31T18:29:59.999Z 304 - - 79.365 ms","timestamp":"2026-03-03 17:35:08"}
{"level":"info","message":"GET /api/users/all 200 - - 96.119 ms","timestamp":"2026-03-03 17:35:08"}
{"level":"info","message":"OPTIONS /api/appointments/stats?month=3&year=2026 200 0 - 0.066 ms","timestamp":"2026-03-03 17:35:08"}
{"level":"info","message":"OPTIONS /api/appointments/stats?month=2&year=2026 200 0 - 0.061 ms","timestamp":"2026-03-03 17:35:08"}
{"level":"info","message":"OPTIONS /api/appointments/revenue 200 0 - 0.059 ms","timestamp":"2026-03-03 17:35:08"}
{"level":"info","message":"OPTIONS /api/users 200 0 - 0.032 ms","timestamp":"2026-03-03 17:35:08"}
{"level":"info","message":"GET /api/appointments/stats?month=3&year=2026 304 - - 84.230 ms","timestamp":"2026-03-03 17:35:08"}
{"level":"info","message":"GET /api/appointments/stats?month=2&year=2026 304 - - 85.046 ms","timestamp":"2026-03-03 17:35:08"}
{"level":"info","message":"GET /api/appointments/revenue 304 - - 104.974 ms","timestamp":"2026-03-03 17:35:08"}
{"level":"info","message":"GET /api/users 200 - - 151.495 ms","timestamp":"2026-03-03 17:35:08"}
{"level":"info","message":"OPTIONS /api/attendance/2026/3 200 0 - 0.173 ms","timestamp":"2026-03-03 17:35:13"}
{"level":"info","message":"GET /api/attendance/2026/3 304 - - 73.735 ms","timestamp":"2026-03-03 17:35:13"}
{"level":"info","message":"OPTIONS /api/appointments/stats?month=3&year=2026 200 0 - 0.079 ms","timestamp":"2026-03-03 17:35:18"}
{"level":"info","message":"OPTIONS /api/appointments/stats?month=2&year=2026 200 0 - 0.068 ms","timestamp":"2026-03-03 17:35:18"}
{"level":"info","message":"OPTIONS /api/appointments/revenue 200 0 - 0.054 ms","timestamp":"2026-03-03 17:35:18"}
{"level":"info","message":"OPTIONS /api/users 200 0 - 0.051 ms","timestamp":"2026-03-03 17:35:18"}
{"level":"info","message":"GET /api/appointments/stats?month=3&year=2026 304 - - 40.701 ms","timestamp":"2026-03-03 17:35:18"}
{"level":"info","message":"GET /api/appointments/stats?month=2&year=2026 304 - - 54.514 ms","timestamp":"2026-03-03 17:35:18"}
{"level":"info","message":"GET /api/appointments/revenue 304 - - 83.270 ms","timestamp":"2026-03-03 17:35:18"}
{"level":"info","message":"GET /api/users 200 - - 124.248 ms","timestamp":"2026-03-03 17:35:18"}
{"level":"info","message":"OPTIONS /api/appointments/stats?month=3&year=2026 200 0 - 0.133 ms","timestamp":"2026-03-03 17:35:28"}
{"level":"info","message":"OPTIONS /api/appointments/stats?month=2&year=2026 200 0 - 0.064 ms","timestamp":"2026-03-03 17:35:28"}
{"level":"info","message":"OPTIONS /api/appointments/revenue 200 0 - 0.062 ms","timestamp":"2026-03-03 17:35:28"}
{"level":"info","message":"OPTIONS /api/users 200 0 - 0.072 ms","timestamp":"2026-03-03 17:35:28"}
{"level":"info","message":"GET /api/appointments/stats?month=3&year=2026 304 - - 42.572 ms","timestamp":"2026-03-03 17:35:28"}
{"level":"info","message":"GET /api/appointments/stats?month=2&year=2026 304 - - 57.321 ms","timestamp":"2026-03-03 17:35:28"}
{"level":"info","message":"GET /api/appointments/revenue 304 - - 82.484 ms","timestamp":"2026-03-03 17:35:28"}
{"level":"info","message":"GET /api/users 200 - - 112.006 ms","timestamp":"2026-03-03 17:35:28"}
{"level":"info","message":"OPTIONS /api/users/all 200 0 - 0.120 ms","timestamp":"2026-03-03 17:35:38"}
{"level":"info","message":"OPTIONS /api/attendance/range?start=2026-02-28T18:30:00.000Z&end=2026-03-31T18:29:59.999Z 200 0 - 0.091 ms","timestamp":"2026-03-03 17:35:38"}
{"level":"info","message":"GET /api/attendance/range?start=2026-02-28T18:30:00.000Z&end=2026-03-31T18:29:59.999Z 304 - - 63.706 ms","timestamp":"2026-03-03 17:35:38"}
{"level":"info","message":"OPTIONS /api/appointments/stats?month=3&year=2026 200 0 - 0.062 ms","timestamp":"2026-03-03 17:35:38"}
{"level":"info","message":"OPTIONS /api/appointments/stats?month=2&year=2026 200 0 - 0.045 ms","timestamp":"2026-03-03 17:35:38"}
{"level":"info","message":"OPTIONS /api/appointments/revenue 200 0 - 0.046 ms","timestamp":"2026-03-03 17:35:38"}
{"level":"info","message":"OPTIONS /api/users 200 0 - 0.049 ms","timestamp":"2026-03-03 17:35:38"}
{"level":"info","message":"GET /api/users/all 200 - - 89.587 ms","timestamp":"2026-03-03 17:35:38"}
{"level":"info","message":"GET /api/appointments/stats?month=3&year=2026 304 - - 41.095 ms","timestamp":"2026-03-03 17:35:38"}
{"level":"info","message":"GET /api/appointments/stats?month=2&year=2026 304 - - 49.707 ms","timestamp":"2026-03-03 17:35:38"}
{"level":"info","message":"GET /api/appointments/revenue 304 - - 69.325 ms","timestamp":"2026-03-03 17:35:38"}
{"level":"info","message":"GET /api/users 200 - - 120.623 ms","timestamp":"2026-03-03 17:35:38"}
{"level":"info","message":"OPTIONS /api/attendance/2026/3 200 0 - 0.079 ms","timestamp":"2026-03-03 17:35:43"}
{"level":"info","message":"GET /api/attendance/2026/3 304 - - 63.302 ms","timestamp":"2026-03-03 17:35:43"}
{"level":"info","message":"OPTIONS /api/appointments/stats?month=3&year=2026 200 0 - 0.107 ms","timestamp":"2026-03-03 17:35:48"}
{"level":"info","message":"OPTIONS /api/appointments/stats?month=2&year=2026 200 0 - 0.084 ms","timestamp":"2026-03-03 17:35:48"}
{"level":"info","message":"OPTIONS /api/appointments/revenue 200 0 - 0.062 ms","timestamp":"2026-03-03 17:35:48"}
{"level":"info","message":"OPTIONS /api/users 200 0 - 0.065 ms","timestamp":"2026-03-03 17:35:48"}
{"level":"info","message":"GET /api/appointments/stats?month=3&year=2026 304 - - 52.637 ms","timestamp":"2026-03-03 17:35:48"}
{"level":"info","message":"GET /api/appointments/stats?month=2&year=2026 304 - - 52.023 ms","timestamp":"2026-03-03 17:35:48"}
{"level":"info","message":"GET /api/appointments/revenue 304 - - 78.642 ms","timestamp":"2026-03-03 17:35:48"}
{"level":"info","message":"GET /api/users 200 - - 115.715 ms","timestamp":"2026-03-03 17:35:48"}
{"level":"info","message":"OPTIONS /api/appointments/stats?month=3&year=2026 200 0 - 0.058 ms","timestamp":"2026-03-03 17:35:58"}
{"level":"info","message":"OPTIONS /api/appointments/stats?month=2&year=2026 200 0 - 0.041 ms","timestamp":"2026-03-03 17:35:58"}
{"level":"info","message":"OPTIONS /api/appointments/revenue 200 0 - 0.051 ms","timestamp":"2026-03-03 17:35:58"}
{"level":"info","message":"OPTIONS /api/users 200 0 - 0.033 ms","timestamp":"2026-03-03 17:35:58"}
{"level":"info","message":"GET /api/appointments/stats?month=3&year=2026 304 - - 40.224 ms","timestamp":"2026-03-03 17:35:58"}
{"level":"info","message":"GET /api/appointments/stats?month=2&year=2026 304 - - 46.348 ms","timestamp":"2026-03-03 17:35:58"}
{"level":"info","message":"GET /api/appointments/revenue 304 - - 62.404 ms","timestamp":"2026-03-03 17:35:58"}
{"level":"info","message":"GET /api/users 200 - - 112.440 ms","timestamp":"2026-03-03 17:35:58"}
{"level":"info","message":"OPTIONS /api/users/all 200 0 - 0.119 ms","timestamp":"2026-03-03 17:36:08"}
{"level":"info","message":"OPTIONS /api/attendance/range?start=2026-02-28T18:30:00.000Z&end=2026-03-31T18:29:59.999Z 200 0 - 0.163 ms","timestamp":"2026-03-03 17:36:08"}
{"level":"info","message":"GET /api/attendance/range?start=2026-02-28T18:30:00.000Z&end=2026-03-31T18:29:59.999Z 304 - - 66.410 ms","timestamp":"2026-03-03 17:36:08"}
{"level":"info","message":"GET /api/users/all 200 - - 91.849 ms","timestamp":"2026-03-03 17:36:08"}
{"level":"info","message":"OPTIONS /api/appointments/stats?month=3&year=2026 200 0 - 0.070 ms","timestamp":"2026-03-03 17:36:08"}
{"level":"info","message":"OPTIONS /api/appointments/stats?month=2&year=2026 200 0 - 0.045 ms","timestamp":"2026-03-03 17:36:08"}
{"level":"info","message":"OPTIONS /api/appointments/revenue 200 0 - 0.050 ms","timestamp":"2026-03-03 17:36:08"}
{"level":"info","message":"OPTIONS /api/users 200 0 - 0.033 ms","timestamp":"2026-03-03 17:36:08"}
{"level":"info","message":"GET /api/appointments/stats?month=3&year=2026 304 - - 40.609 ms","timestamp":"2026-03-03 17:36:08"}
{"level":"info","message":"GET /api/appointments/stats?month=2&year=2026 304 - - 40.825 ms","timestamp":"2026-03-03 17:36:08"}
{"level":"info","message":"GET /api/appointments/revenue 304 - - 71.489 ms","timestamp":"2026-03-03 17:36:08"}
{"level":"info","message":"GET /api/users 200 - - 113.631 ms","timestamp":"2026-03-03 17:36:08"}
{"level":"info","message":"OPTIONS /api/attendance/2026/3 200 0 - 0.056 ms","timestamp":"2026-03-03 17:36:13"}
{"level":"info","message":"GET /api/attendance/2026/3 304 - - 71.289 ms","timestamp":"2026-03-03 17:36:13"}
{"level":"info","message":"OPTIONS /api/appointments/stats?month=3&year=2026 200 0 - 0.085 ms","timestamp":"2026-03-03 17:36:18"}
{"level":"info","message":"OPTIONS /api/appointments/stats?month=2&year=2026 200 0 - 0.062 ms","timestamp":"2026-03-03 17:36:18"}
{"level":"info","message":"OPTIONS /api/appointments/revenue 200 0 - 0.063 ms","timestamp":"2026-03-03 17:36:18"}
{"level":"info","message":"OPTIONS /api/users 200 0 - 0.041 ms","timestamp":"2026-03-03 17:36:18"}
{"level":"info","message":"GET /api/appointments/stats?month=2&year=2026 304 - - 39.428 ms","timestamp":"2026-03-03 17:36:18"}
{"level":"info","message":"GET /api/appointments/stats?month=3&year=2026 304 - - 48.266 ms","timestamp":"2026-03-03 17:36:18"}
{"level":"info","message":"GET /api/appointments/revenue 304 - - 61.756 ms","timestamp":"2026-03-03 17:36:18"}
{"level":"info","message":"GET /api/users 200 - - 108.971 ms","timestamp":"2026-03-03 17:36:18"}
{"level":"info","message":"OPTIONS /api/appointments/stats?month=3&year=2026 200 0 - 0.078 ms","timestamp":"2026-03-03 17:36:28"}
{"level":"info","message":"OPTIONS /api/appointments/stats?month=2&year=2026 200 0 - 0.084 ms","timestamp":"2026-03-03 17:36:28"}
{"level":"info","message":"OPTIONS /api/appointments/revenue 200 0 - 0.057 ms","timestamp":"2026-03-03 17:36:28"}
{"level":"info","message":"OPTIONS /api/users 200 0 - 0.049 ms","timestamp":"2026-03-03 17:36:28"}
{"level":"info","message":"GET /api/appointments/stats?month=3&year=2026 304 - - 40.338 ms","timestamp":"2026-03-03 17:36:28"}
{"level":"info","message":"GET /api/appointments/stats?month=2&year=2026 304 - - 40.850 ms","timestamp":"2026-03-03 17:36:28"}
{"level":"info","message":"GET /api/appointments/revenue 304 - - 73.660 ms","timestamp":"2026-03-03 17:36:28"}
{"level":"info","message":"GET /api/users 200 - - 110.166 ms","timestamp":"2026-03-03 17:36:28"}
{"level":"info","message":"OPTIONS /api/users/all 200 0 - 0.163 ms","timestamp":"2026-03-03 17:37:06"}
{"level":"info","message":"OPTIONS /api/attendance/range?start=2026-02-28T18:30:00.000Z&end=2026-03-31T18:29:59.999Z 200 0 - 0.071 ms","timestamp":"2026-03-03 17:37:06"}
{"level":"info","message":"GET /api/attendance/range?start=2026-02-28T18:30:00.000Z&end=2026-03-31T18:29:59.999Z 304 - - 70.882 ms","timestamp":"2026-03-03 17:37:06"}
{"level":"info","message":"OPTIONS /api/appointments/stats?month=3&year=2026 200 0 - 0.047 ms","timestamp":"2026-03-03 17:37:06"}
{"level":"info","message":"OPTIONS /api/appointments/stats?month=2&year=2026 200 0 - 0.068 ms","timestamp":"2026-03-03 17:37:06"}
{"level":"info","message":"OPTIONS /api/appointments/revenue 200 0 - 0.050 ms","timestamp":"2026-03-03 17:37:06"}
{"level":"info","message":"OPTIONS /api/users 200 0 - 0.069 ms","timestamp":"2026-03-03 17:37:06"}
{"level":"info","message":"OPTIONS /api/attendance/2026/3 200 0 - 0.071 ms","timestamp":"2026-03-03 17:37:06"}
{"level":"info","message":"GET /api/users/all 200 - - 93.328 ms","timestamp":"2026-03-03 17:37:06"}
{"level":"info","message":"GET /api/appointments/stats?month=3&year=2026 304 - - 44.655 ms","timestamp":"2026-03-03 17:37:06"}
{"level":"info","message":"GET /api/appointments/stats?month=2&year=2026 304 - - 51.180 ms","timestamp":"2026-03-03 17:37:06"}
{"level":"info","message":"GET /api/appointments/revenue 304 - - 61.416 ms","timestamp":"2026-03-03 17:37:06"}
{"level":"info","message":"GET /api/attendance/2026/3 304 - - 67.831 ms","timestamp":"2026-03-03 17:37:06"}
{"level":"info","message":"GET /api/users 200 - - 111.694 ms","timestamp":"2026-03-03 17:37:06"}
{"level":"info","message":"OPTIONS /api/calls/sip-config 200 0 - 0.067 ms","timestamp":"2026-03-03 17:37:21"}
{"level":"info","message":"GET /api/calls/sip-config 304 - - 23.739 ms","timestamp":"2026-03-03 17:37:21"}
{"level":"info","message":"OPTIONS /api/attendance/2026/3 200 0 - 0.077 ms","timestamp":"2026-03-03 17:37:22"}
{"level":"info","message":"OPTIONS /api/appointments/revenue/reports 200 0 - 0.085 ms","timestamp":"2026-03-03 17:37:22"}
{"level":"info","message":"OPTIONS /api/appointments 200 0 - 0.052 ms","timestamp":"2026-03-03 17:37:22"}
{"level":"info","message":"OPTIONS /api/tasks 200 0 - 0.043 ms","timestamp":"2026-03-03 17:37:22"}
{"level":"info","message":"OPTIONS /api/users/all 200 0 - 0.059 ms","timestamp":"2026-03-03 17:37:22"}
{"level":"info","message":"OPTIONS /api/attendance/range?start=2026-02-28T18:30:00.000Z&end=2026-03-31T18:29:59.999Z 200 0 - 0.077 ms","timestamp":"2026-03-03 17:37:22"}
{"level":"info","message":"OPTIONS /api/admin-status 200 0 - 0.073 ms","timestamp":"2026-03-03 17:37:22"}
{"level":"info","message":"OPTIONS /api/appointments/stats?month=3&year=2026 200 0 - 0.029 ms","timestamp":"2026-03-03 17:37:22"}
{"level":"info","message":"OPTIONS /api/appointments/stats?month=2&year=2026 200 0 - 0.037 ms","timestamp":"2026-03-03 17:37:22"}
{"level":"info","message":"OPTIONS /api/appointments/revenue 200 0 - 0.026 ms","timestamp":"2026-03-03 17:37:22"}
{"level":"info","message":"OPTIONS /api/users 200 0 - 0.034 ms","timestamp":"2026-03-03 17:37:22"}
{"level":"info","message":"GET /api/appointments/revenue/reports 304 - - 43.083 ms","timestamp":"2026-03-03 17:37:22"}
{"level":"info","message":"GET /api/attendance/2026/3 304 - - 66.569 ms","timestamp":"2026-03-03 17:37:22"}
{"level":"info","message":"GET /api/attendance/range?start=2026-02-28T18:30:00.000Z&end=2026-03-31T18:29:59.999Z 304 - - 64.483 ms","timestamp":"2026-03-03 17:37:22"}
{"level":"info","message":"GET /api/tasks 304 - - 80.962 ms","timestamp":"2026-03-03 17:37:22"}
{"level":"info","message":"GET /api/appointments/stats?month=3&year=2026 304 - - 51.115 ms","timestamp":"2026-03-03 17:37:22"}
{"level":"info","message":"GET /api/users/all 200 - - 94.962 ms","timestamp":"2026-03-03 17:37:22"}
{"level":"info","message":"GET /api/appointments 304 - - 138.575 ms","timestamp":"2026-03-03 17:37:22"}
{"level":"info","message":"GET /api/appointments/stats?month=2&year=2026 304 - - 67.538 ms","timestamp":"2026-03-03 17:37:22"}
{"level":"info","message":"GET /api/appointments/revenue 304 - - 67.898 ms","timestamp":"2026-03-03 17:37:22"}
{"level":"info","message":"GET /api/appointments/revenue/reports 304 - - 55.149 ms","timestamp":"2026-03-03 17:37:22"}
{"level":"info","message":"GET /api/attendance/2026/3 304 - - 68.010 ms","timestamp":"2026-03-03 17:37:22"}
{"level":"info","message":"GET /api/attendance/range?start=2026-02-28T18:30:00.000Z&end=2026-03-31T18:29:59.999Z 304 - - 69.634 ms","timestamp":"2026-03-03 17:37:22"}
{"level":"info","message":"GET /api/appointments/stats?month=3&year=2026 304 - - 41.837 ms","timestamp":"2026-03-03 17:37:22"}
{"level":"info","message":"GET /api/users 200 - - 113.184 ms","timestamp":"2026-03-03 17:37:22"}
{"level":"info","message":"GET /api/tasks 304 - - 72.650 ms","timestamp":"2026-03-03 17:37:22"}
{"level":"info","message":"GET /api/appointments/stats?month=2&year=2026 304 - - 45.393 ms","timestamp":"2026-03-03 17:37:22"}
{"level":"info","message":"GET /api/admin-status 304 - - 237.692 ms","timestamp":"2026-03-03 17:37:22"}
{"level":"info","message":"GET /api/appointments/revenue 304 - - 72.147 ms","timestamp":"2026-03-03 17:37:22"}
{"level":"info","message":"GET /api/users/all 304 - - 104.065 ms","timestamp":"2026-03-03 17:37:22"}
{"level":"info","message":"GET /api/admin-status 304 - - 50.352 ms","timestamp":"2026-03-03 17:37:22"}
{"level":"info","message":"GET /api/tasks 304 - - 97.211 ms","timestamp":"2026-03-03 17:37:22"}
{"level":"info","message":"GET /api/appointments 304 - - 152.995 ms","timestamp":"2026-03-03 17:37:22"}
{"level":"info","message":"GET /api/users 304 - - 130.256 ms","timestamp":"2026-03-03 17:37:22"}
{"level":"info","message":"GET /api/tasks 304 - - 67.725 ms","timestamp":"2026-03-03 17:37:22"}
{"level":"info","message":"OPTIONS /api/appointments/stats?month=3&year=2026 200 0 - 0.096 ms","timestamp":"2026-03-03 17:37:33"}
{"level":"info","message":"OPTIONS /api/appointments/stats?month=2&year=2026 200 0 - 0.083 ms","timestamp":"2026-03-03 17:37:33"}
{"level":"info","message":"OPTIONS /api/appointments/revenue 200 0 - 0.073 ms","timestamp":"2026-03-03 17:37:33"}
{"level":"info","message":"OPTIONS /api/users 200 0 - 0.082 ms","timestamp":"2026-03-03 17:37:33"}
{"level":"info","message":"OPTIONS /api/calls/sip-config 200 0 - 0.054 ms","timestamp":"2026-03-03 17:37:33"}
{"level":"info","message":"GET /api/appointments/stats?month=2&year=2026 304 - - 45.602 ms","timestamp":"2026-03-03 17:37:33"}
{"level":"info","message":"GET /api/calls/sip-config 304 - - 26.864 ms","timestamp":"2026-03-03 17:37:33"}
{"level":"info","message":"GET /api/appointments/stats?month=3&year=2026 304 - - 52.085 ms","timestamp":"2026-03-03 17:37:33"}
{"level":"info","message":"GET /api/appointments/revenue 304 - - 67.122 ms","timestamp":"2026-03-03 17:37:33"}
{"level":"info","message":"GET /api/users 304 - - 117.609 ms","timestamp":"2026-03-03 17:37:33"}
{"level":"info","message":"OPTIONS /api/attendance/2026/3 200 0 - 0.096 ms","timestamp":"2026-03-03 17:37:33"}
{"level":"info","message":"OPTIONS /api/appointments/revenue/reports 200 0 - 0.044 ms","timestamp":"2026-03-03 17:37:33"}
{"level":"info","message":"OPTIONS /api/appointments 200 0 - 0.047 ms","timestamp":"2026-03-03 17:37:33"}
{"level":"info","message":"OPTIONS /api/tasks 200 0 - 0.049 ms","timestamp":"2026-03-03 17:37:33"}
{"level":"info","message":"OPTIONS /api/users/all 200 0 - 0.045 ms","timestamp":"2026-03-03 17:37:33"}
{"level":"info","message":"OPTIONS /api/attendance/range?start=2026-02-28T18:30:00.000Z&end=2026-03-31T18:29:59.999Z 200 0 - 0.054 ms","timestamp":"2026-03-03 17:37:33"}
{"level":"info","message":"OPTIONS /api/admin-status 200 0 - 0.044 ms","timestamp":"2026-03-03 17:37:33"}
{"level":"info","message":"OPTIONS /api/admin-status 200 0 - 0.034 ms","timestamp":"2026-03-03 17:37:33"}
{"level":"info","message":"OPTIONS /api/tasks 200 0 - 0.048 ms","timestamp":"2026-03-03 17:37:33"}
{"level":"info","message":"GET /api/appointments/revenue/reports 304 - - 42.395 ms","timestamp":"2026-03-03 17:37:33"}
{"level":"info","message":"GET /api/appointments/stats?month=3&year=2026 304 - - 40.428 ms","timestamp":"2026-03-03 17:37:33"}
{"level":"info","message":"GET /api/appointments/stats?month=2&year=2026 304 - - 39.602 ms","timestamp":"2026-03-03 17:37:33"}
{"level":"info","message":"GET /api/attendance/2026/3 304 - - 63.635 ms","timestamp":"2026-03-03 17:37:33"}
{"level":"info","message":"GET /api/appointments/revenue 304 - - 73.409 ms","timestamp":"2026-03-03 17:37:33"}
{"level":"info","message":"GET /api/tasks 304 - - 81.102 ms","timestamp":"2026-03-03 17:37:33"}
{"level":"info","message":"GET /api/users/all 304 - - 94.040 ms","timestamp":"2026-03-03 17:37:33"}
{"level":"info","message":"GET /api/attendance/range?start=2026-02-28T18:30:00.000Z&end=2026-03-31T18:29:59.999Z 304 - - 84.146 ms","timestamp":"2026-03-03 17:37:33"}
{"level":"info","message":"GET /api/admin-status 304 - - 56.453 ms","timestamp":"2026-03-03 17:37:33"}
{"level":"info","message":"GET /api/appointments 304 - - 154.221 ms","timestamp":"2026-03-03 17:37:33"}
{"level":"info","message":"GET /api/users 304 - - 117.910 ms","timestamp":"2026-03-03 17:37:33"}
{"level":"info","message":"GET /api/appointments/revenue/reports 304 - - 41.963 ms","timestamp":"2026-03-03 17:37:33"}
{"level":"info","message":"GET /api/appointments/stats?month=3&year=2026 304 - - 40.795 ms","timestamp":"2026-03-03 17:37:33"}
{"level":"info","message":"GET /api/appointments/stats?month=2&year=2026 304 - - 40.292 ms","timestamp":"2026-03-03 17:37:33"}
{"level":"info","message":"GET /api/attendance/2026/3 304 - - 60.751 ms","timestamp":"2026-03-03 17:37:33"}
{"level":"info","message":"GET /api/appointments/revenue 304 - - 60.593 ms","timestamp":"2026-03-03 17:37:33"}
{"level":"info","message":"GET /api/tasks 304 - - 74.411 ms","timestamp":"2026-03-03 17:37:33"}
{"level":"info","message":"GET /api/admin-status 304 - - 47.416 ms","timestamp":"2026-03-03 17:37:33"}
{"level":"info","message":"GET /api/attendance/range?start=2026-02-28T18:30:00.000Z&end=2026-03-31T18:29:59.999Z 304 - - 63.889 ms","timestamp":"2026-03-03 17:37:33"}
{"level":"info","message":"GET /api/users/all 304 - - 98.241 ms","timestamp":"2026-03-03 17:37:33"}
{"level":"info","message":"GET /api/users 304 - - 91.838 ms","timestamp":"2026-03-03 17:37:33"}
{"level":"info","message":"GET /api/tasks 304 - - 87.747 ms","timestamp":"2026-03-03 17:37:33"}
{"level":"info","message":"GET /api/appointments 304 - - 142.425 ms","timestamp":"2026-03-03 17:37:33"}
{"level":"info","message":"GET /api/tasks 304 - - 65.617 ms","timestamp":"2026-03-03 17:37:33"}
{"level":"info","message":"OPTIONS /api/appointments/stats?month=3&year=2026 200 0 - 0.060 ms","timestamp":"2026-03-03 17:37:44"}
{"level":"info","message":"OPTIONS /api/appointments/stats?month=2&year=2026 200 0 - 0.042 ms","timestamp":"2026-03-03 17:37:44"}
{"level":"info","message":"OPTIONS /api/appointments/revenue 200 0 - 0.028 ms","timestamp":"2026-03-03 17:37:44"}
{"level":"info","message":"OPTIONS /api/users 200 0 - 0.026 ms","timestamp":"2026-03-03 17:37:44"}
{"level":"info","message":"GET /api/appointments/stats?month=2&year=2026 304 - - 41.230 ms","timestamp":"2026-03-03 17:37:44"}
{"level":"info","message":"GET /api/appointments/stats?month=3&year=2026 304 - - 46.484 ms","timestamp":"2026-03-03 17:37:44"}
{"level":"info","message":"GET /api/appointments/revenue 304 - - 62.262 ms","timestamp":"2026-03-03 17:37:44"}
{"level":"info","message":"GET /api/users 200 - - 108.566 ms","timestamp":"2026-03-03 17:37:44"}
{"level":"info","message":"OPTIONS /api/appointments/stats?month=3&year=2026 200 0 - 0.073 ms","timestamp":"2026-03-03 17:37:54"}
{"level":"info","message":"OPTIONS /api/appointments/stats?month=2&year=2026 200 0 - 0.076 ms","timestamp":"2026-03-03 17:37:54"}
{"level":"info","message":"OPTIONS /api/appointments/revenue 200 0 - 0.047 ms","timestamp":"2026-03-03 17:37:54"}
{"level":"info","message":"OPTIONS /api/users 200 0 - 0.056 ms","timestamp":"2026-03-03 17:37:54"}
{"level":"info","message":"GET /api/appointments/stats?month=3&year=2026 304 - - 40.197 ms","timestamp":"2026-03-03 17:37:54"}
{"level":"info","message":"GET /api/appointments/stats?month=2&year=2026 304 - - 40.080 ms","timestamp":"2026-03-03 17:37:54"}
{"level":"info","message":"GET /api/appointments/revenue 304 - - 72.950 ms","timestamp":"2026-03-03 17:37:54"}
{"level":"info","message":"GET /api/users 304 - - 107.222 ms","timestamp":"2026-03-03 17:37:54"}
{"level":"info","message":"OPTIONS /api/attendance/2026/3 200 0 - 0.093 ms","timestamp":"2026-03-03 17:38:04"}
{"level":"info","message":"OPTIONS /api/users/all 200 0 - 0.049 ms","timestamp":"2026-03-03 17:38:04"}
{"level":"info","message":"OPTIONS /api/attendance/range?start=2026-02-28T18:30:00.000Z&end=2026-03-31T18:29:59.999Z 200 0 - 0.045 ms","timestamp":"2026-03-03 17:38:04"}
{"level":"info","message":"OPTIONS /api/appointments/stats?month=3&year=2026 200 0 - 0.048 ms","timestamp":"2026-03-03 17:38:04"}
{"level":"info","message":"OPTIONS /api/appointments/stats?month=2&year=2026 200 0 - 0.038 ms","timestamp":"2026-03-03 17:38:04"}
{"level":"info","message":"OPTIONS /api/appointments/revenue 200 0 - 0.031 ms","timestamp":"2026-03-03 17:38:04"}
{"level":"info","message":"OPTIONS /api/users 200 0 - 0.042 ms","timestamp":"2026-03-03 17:38:04"}
{"level":"info","message":"GET /api/attendance/2026/3 304 - - 67.279 ms","timestamp":"2026-03-03 17:38:04"}
{"level":"info","message":"GET /api/attendance/range?start=2026-02-28T18:30:00.000Z&end=2026-03-31T18:29:59.999Z 304 - - 67.404 ms","timestamp":"2026-03-03 17:38:04"}
{"level":"info","message":"GET /api/appointments/stats?month=3&year=2026 304 - - 49.357 ms","timestamp":"2026-03-03 17:38:04"}
{"level":"info","message":"GET /api/appointments/stats?month=2&year=2026 304 - - 48.929 ms","timestamp":"2026-03-03 17:38:04"}
{"level":"info","message":"GET /api/users/all 200 - - 106.672 ms","timestamp":"2026-03-03 17:38:04"}
{"level":"info","message":"GET /api/appointments/revenue 304 - - 72.745 ms","timestamp":"2026-03-03 17:38:04"}
{"level":"info","message":"GET /api/users 200 - - 122.083 ms","timestamp":"2026-03-03 17:38:04"}
{"level":"info","message":"OPTIONS /api/appointments/stats?month=3&year=2026 200 0 - 0.103 ms","timestamp":"2026-03-03 17:38:14"}
{"level":"info","message":"OPTIONS /api/appointments/stats?month=2&year=2026 200 0 - 0.069 ms","timestamp":"2026-03-03 17:38:14"}
{"level":"info","message":"OPTIONS /api/appointments/revenue 200 0 - 0.059 ms","timestamp":"2026-03-03 17:38:14"}
{"level":"info","message":"OPTIONS /api/users 200 0 - 0.057 ms","timestamp":"2026-03-03 17:38:14"}
{"level":"info","message":"GET /api/appointments/stats?month=2&year=2026 304 - - 50.048 ms","timestamp":"2026-03-03 17:38:14"}
{"level":"info","message":"GET /api/appointments/stats?month=3&year=2026 304 - - 69.700 ms","timestamp":"2026-03-03 17:38:14"}
{"level":"info","message":"GET /api/appointments/revenue 304 - - 81.632 ms","timestamp":"2026-03-03 17:38:14"}
{"level":"info","message":"GET /api/users 200 - - 140.067 ms","timestamp":"2026-03-03 17:38:14"}
{"level":"info","message":"OPTIONS /api/appointments/stats?month=3&year=2026 200 0 - 0.082 ms","timestamp":"2026-03-03 17:38:24"}
{"level":"info","message":"OPTIONS /api/appointments/stats?month=2&year=2026 200 0 - 0.066 ms","timestamp":"2026-03-03 17:38:24"}
{"level":"info","message":"OPTIONS /api/appointments/revenue 200 0 - 0.041 ms","timestamp":"2026-03-03 17:38:24"}
{"level":"info","message":"OPTIONS /api/users 200 0 - 0.043 ms","timestamp":"2026-03-03 17:38:24"}
{"level":"info","message":"GET /api/appointments/stats?month=2&year=2026 304 - - 40.994 ms","timestamp":"2026-03-03 17:38:24"}
{"level":"info","message":"GET /api/appointments/stats?month=3&year=2026 304 - - 52.916 ms","timestamp":"2026-03-03 17:38:24"}
{"level":"info","message":"GET /api/appointments/revenue 304 - - 63.699 ms","timestamp":"2026-03-03 17:38:24"}
{"level":"info","message":"GET /api/users 200 - - 168.175 ms","timestamp":"2026-03-03 17:38:24"}
{"level":"info","message":"OPTIONS /api/attendance/2026/3 200 0 - 0.186 ms","timestamp":"2026-03-03 17:38:34"}
{"level":"info","message":"OPTIONS /api/users/all 200 0 - 0.161 ms","timestamp":"2026-03-03 17:38:34"}
{"level":"info","message":"OPTIONS /api/attendance/range?start=2026-02-28T18:30:00.000Z&end=2026-03-31T18:29:59.999Z 200 0 - 0.130 ms","timestamp":"2026-03-03 17:38:34"}
{"level":"info","message":"GET /api/attendance/2026/3 304 - - 75.723 ms","timestamp":"2026-03-03 17:38:34"}
{"level":"info","message":"GET /api/attendance/range?start=2026-02-28T18:30:00.000Z&end=2026-03-31T18:29:59.999Z 304 - - 72.256 ms","timestamp":"2026-03-03 17:38:34"}
{"level":"info","message":"OPTIONS /api/appointments/stats?month=3&year=2026 200 0 - 0.074 ms","timestamp":"2026-03-03 17:38:34"}
{"level":"info","message":"OPTIONS /api/appointments/stats?month=2&year=2026 200 0 - 0.042 ms","timestamp":"2026-03-03 17:38:34"}
{"level":"info","message":"OPTIONS /api/appointments/revenue 200 0 - 0.036 ms","timestamp":"2026-03-03 17:38:34"}
{"level":"info","message":"OPTIONS /api/users 200 0 - 0.033 ms","timestamp":"2026-03-03 17:38:34"}
{"level":"info","message":"GET /api/users/all 200 - - 103.463 ms","timestamp":"2026-03-03 17:38:34"}
{"level":"info","message":"GET /api/appointments/stats?month=3&year=2026 304 - - 47.491 ms","timestamp":"2026-03-03 17:38:34"}
{"level":"info","message":"GET /api/appointments/stats?month=2&year=2026 304 - - 50.769 ms","timestamp":"2026-03-03 17:38:34"}
{"level":"info","message":"GET /api/appointments/revenue 304 - - 69.611 ms","timestamp":"2026-03-03 17:38:34"}
{"level":"info","message":"GET /api/users 304 - - 152.858 ms","timestamp":"2026-03-03 17:38:34"}
{"level":"info","message":"OPTIONS /api/attendance/2026/3 200 0 - 0.092 ms","timestamp":"2026-03-03 17:39:04"}
{"level":"info","message":"OPTIONS /api/users/all 200 0 - 0.049 ms","timestamp":"2026-03-03 17:39:04"}
{"level":"info","message":"OPTIONS /api/attendance/range?start=2026-02-28T18:30:00.000Z&end=2026-03-31T18:29:59.999Z 200 0 - 0.056 ms","timestamp":"2026-03-03 17:39:04"}
{"level":"info","message":"GET /api/attendance/2026/3 304 - - 80.688 ms","timestamp":"2026-03-03 17:39:04"}
{"level":"info","message":"GET /api/attendance/range?start=2026-02-28T18:30:00.000Z&end=2026-03-31T18:29:59.999Z 304 - - 82.075 ms","timestamp":"2026-03-03 17:39:04"}
{"level":"info","message":"GET /api/users/all 200 - - 96.376 ms","timestamp":"2026-03-03 17:39:04"}
{"level":"info","message":"OPTIONS /api/appointments/stats?month=3&year=2026 200 0 - 0.059 ms","timestamp":"2026-03-03 17:39:06"}
{"level":"info","message":"OPTIONS /api/appointments/stats?month=2&year=2026 200 0 - 0.068 ms","timestamp":"2026-03-03 17:39:06"}
{"level":"info","message":"OPTIONS /api/appointments/revenue 200 0 - 0.060 ms","timestamp":"2026-03-03 17:39:06"}
{"level":"info","message":"OPTIONS /api/users 200 0 - 0.048 ms","timestamp":"2026-03-03 17:39:06"}
{"level":"info","message":"GET /api/appointments/stats?month=3&year=2026 304 - - 43.159 ms","timestamp":"2026-03-03 17:39:06"}
{"level":"info","message":"GET /api/appointments/stats?month=2&year=2026 304 - - 43.068 ms","timestamp":"2026-03-03 17:39:06"}
{"level":"info","message":"GET /api/appointments/revenue 304 - - 82.563 ms","timestamp":"2026-03-03 17:39:06"}
{"level":"info","message":"GET /api/users 200 - - 112.888 ms","timestamp":"2026-03-03 17:39:06"}
{"level":"info","message":"OPTIONS /api/appointments/stats?month=3&year=2026 200 0 - 0.076 ms","timestamp":"2026-03-03 17:39:15"}
{"level":"info","message":"OPTIONS /api/appointments/stats?month=2&year=2026 200 0 - 0.101 ms","timestamp":"2026-03-03 17:39:15"}
{"level":"info","message":"OPTIONS /api/appointments/revenue 200 0 - 0.039 ms","timestamp":"2026-03-03 17:39:15"}
{"level":"info","message":"OPTIONS /api/users 200 0 - 0.028 ms","timestamp":"2026-03-03 17:39:15"}
{"level":"info","message":"GET /api/appointments/stats?month=3&year=2026 304 - - 51.562 ms","timestamp":"2026-03-03 17:39:15"}
{"level":"info","message":"GET /api/appointments/stats?month=2&year=2026 304 - - 53.064 ms","timestamp":"2026-03-03 17:39:15"}
{"level":"info","message":"GET /api/appointments/revenue 304 - - 73.651 ms","timestamp":"2026-03-03 17:39:15"}
{"level":"info","message":"GET /api/users 200 - - 119.313 ms","timestamp":"2026-03-03 17:39:15"}
{"level":"info","message":"OPTIONS /api/tasks 200 0 - 0.087 ms","timestamp":"2026-03-03 17:39:16"}
{"level":"info","message":"OPTIONS /api/tasks 200 0 - 0.073 ms","timestamp":"2026-03-03 17:39:16"}
{"level":"info","message":"GET /api/tasks 304 - - 73.686 ms","timestamp":"2026-03-03 17:39:16"}
{"level":"info","message":"GET /api/users 304 - - 116.755 ms","timestamp":"2026-03-03 17:39:16"}
{"level":"info","message":"GET /api/tasks 304 - - 75.656 ms","timestamp":"2026-03-03 17:39:16"}
{"level":"info","message":"GET /api/users 304 - - 81.708 ms","timestamp":"2026-03-03 17:39:16"}
{"level":"info","message":"OPTIONS /api/calls/sip-config 200 0 - 0.118 ms","timestamp":"2026-03-03 17:39:21"}
{"level":"info","message":"OPTIONS /api/messages/unread-count 200 0 - 0.063 ms","timestamp":"2026-03-03 17:39:21"}
{"level":"info","message":"OPTIONS /api/calls/sip-config 200 0 - 0.072 ms","timestamp":"2026-03-03 17:39:21"}
{"level":"info","message":"OPTIONS /api/messages/unread-count 200 0 - 0.055 ms","timestamp":"2026-03-03 17:39:21"}
{"level":"info","message":"GET /api/calls/sip-config 304 - - 28.885 ms","timestamp":"2026-03-03 17:39:21"}
{"level":"info","message":"GET /api/calls/sip-config 304 - - 24.061 ms","timestamp":"2026-03-03 17:39:21"}
{"level":"info","message":"GET /api/messages/unread-count 304 - - 57.533 ms","timestamp":"2026-03-03 17:39:21"}
{"level":"info","message":"GET /api/messages/unread-count 304 - - 55.868 ms","timestamp":"2026-03-03 17:39:21"}
{"level":"info","message":"OPTIONS /api/attendance/2026/3 200 0 - 0.079 ms","timestamp":"2026-03-03 17:39:21"}
{"level":"info","message":"OPTIONS /api/users 200 0 - 0.053 ms","timestamp":"2026-03-03 17:39:21"}
{"level":"info","message":"OPTIONS /api/attendance/2026/3 200 0 - 0.034 ms","timestamp":"2026-03-03 17:39:21"}
{"level":"info","message":"GET /api/tasks 304 - - 83.663 ms","timestamp":"2026-03-03 17:39:21"}
{"level":"info","message":"GET /api/attendance/2026/3 304 - - 83.956 ms","timestamp":"2026-03-03 17:39:21"}
{"level":"info","message":"GET /api/users 200 - - 123.753 ms","timestamp":"2026-03-03 17:39:21"}
{"level":"info","message":"GET /api/attendance/2026/3 304 - - 68.687 ms","timestamp":"2026-03-03 17:39:21"}
{"level":"info","message":"GET /api/tasks 304 - - 72.462 ms","timestamp":"2026-03-03 17:39:21"}
{"level":"info","message":"GET /api/users 304 - - 86.308 ms","timestamp":"2026-03-03 17:39:21"}
{"level":"info","message":"OPTIONS /api/calls/sip-config 200 0 - 0.083 ms","timestamp":"2026-03-03 17:39:25"}
{"level":"info","message":"OPTIONS /api/messages/unread-count 200 0 - 0.052 ms","timestamp":"2026-03-03 17:39:25"}
{"level":"info","message":"OPTIONS /api/calls/sip-config 200 0 - 0.057 ms","timestamp":"2026-03-03 17:39:25"}
{"level":"info","message":"OPTIONS /api/messages/unread-count 200 0 - 0.041 ms","timestamp":"2026-03-03 17:39:25"}
{"level":"info","message":"GET /api/calls/sip-config 200 164 - 21.408 ms","timestamp":"2026-03-03 17:39:25"}
{"level":"info","message":"GET /api/calls/sip-config 200 164 - 21.465 ms","timestamp":"2026-03-03 17:39:25"}
{"level":"info","message":"GET /api/messages/unread-count 200 17 - 42.615 ms","timestamp":"2026-03-03 17:39:25"}
{"level":"info","message":"GET /api/messages/unread-count 200 17 - 47.717 ms","timestamp":"2026-03-03 17:39:25"}
{"level":"info","message":"OPTIONS /api/tasks 200 0 - 0.055 ms","timestamp":"2026-03-03 17:39:25"}
{"level":"info","message":"OPTIONS /api/tasks 200 0 - 0.047 ms","timestamp":"2026-03-03 17:39:25"}
{"level":"info","message":"GET /api/tasks 304 - - 66.739 ms","timestamp":"2026-03-03 17:39:25"}
{"level":"info","message":"GET /api/attendance/2026/3 304 - - 73.358 ms","timestamp":"2026-03-03 17:39:25"}
{"level":"info","message":"GET /api/users 200 - - 113.482 ms","timestamp":"2026-03-03 17:39:25"}
{"level":"info","message":"GET /api/tasks 304 - - 73.819 ms","timestamp":"2026-03-03 17:39:25"}
{"level":"info","message":"GET /api/attendance/2026/3 304 - - 75.298 ms","timestamp":"2026-03-03 17:39:25"}
{"level":"info","message":"GET /api/users 304 - - 81.431 ms","timestamp":"2026-03-03 17:39:25"}
{"level":"info","message":"OPTIONS /api/calls 200 0 - 0.079 ms","timestamp":"2026-03-03 17:39:44"}
{"level":"info","message":"POST /api/calls 201 197 - 49.999 ms","timestamp":"2026-03-03 17:39:45"}
{"level":"info","message":"OPTIONS /api/attendance/2026/3 200 0 - 0.124 ms","timestamp":"2026-03-03 17:39:55"}
{"level":"info","message":"GET /api/attendance/2026/3 304 - - 71.447 ms","timestamp":"2026-03-03 17:39:55"}
{"level":"info","message":"OPTIONS /api/attendance/2026/3 200 0 - 0.181 ms","timestamp":"2026-03-03 17:40:25"}
{"level":"info","message":"GET /api/attendance/2026/3 304 - - 69.885 ms","timestamp":"2026-03-03 17:40:25"}
{"level":"info","message":"OPTIONS /api/calls/69a6cf88ef27214e1233f281 200 0 - 0.077 ms","timestamp":"2026-03-03 17:40:40"}
{"level":"info","message":"PATCH /api/calls/69a6cf88ef27214e1233f281 200 198 - 49.391 ms","timestamp":"2026-03-03 17:40:40"}
{"level":"info","message":"OPTIONS /api/attendance/2026/3 200 0 - 0.184 ms","timestamp":"2026-03-03 17:40:55"}
{"level":"info","message":"GET /api/attendance/2026/3 304 - - 84.725 ms","timestamp":"2026-03-03 17:40:55"}
{"level":"info","message":"OPTIONS /api/attendance/2026/3 200 0 - 0.104 ms","timestamp":"2026-03-03 17:41:26"}
{"level":"info","message":"GET /api/attendance/2026/3 304 - - 70.926 ms","timestamp":"2026-03-03 17:41:26"}
{"level":"info","message":"OPTIONS /api/attendance/2026/3 200 0 - 0.116 ms","timestamp":"2026-03-03 17:41:56"}
{"level":"info","message":"GET /api/attendance/2026/3 304 - - 76.574 ms","timestamp":"2026-03-03 17:41:56"}
{"level":"info","message":"OPTIONS /api/attendance/2026/3 200 0 - 0.060 ms","timestamp":"2026-03-03 17:42:26"}
{"level":"info","message":"GET /api/attendance/2026/3 304 - - 62.873 ms","timestamp":"2026-03-03 17:42:26"}
{"level":"info","message":"OPTIONS /api/calls/sip-config 200 0 - 0.058 ms","timestamp":"2026-03-03 17:42:36"}
{"level":"info","message":"GET /api/calls/sip-config 304 - - 23.957 ms","timestamp":"2026-03-03 17:42:36"}
{"level":"info","message":"OPTIONS /api/attendance/2026/3 200 0 - 0.062 ms","timestamp":"2026-03-03 17:42:37"}
{"level":"info","message":"OPTIONS /api/users 200 0 - 0.091 ms","timestamp":"2026-03-03 17:42:37"}
{"level":"info","message":"OPTIONS /api/tasks 200 0 - 0.078 ms","timestamp":"2026-03-03 17:42:37"}
{"level":"info","message":"GET /api/attendance/2026/3 304 - - 69.105 ms","timestamp":"2026-03-03 17:42:37"}
{"level":"info","message":"GET /api/tasks 304 - - 71.264 ms","timestamp":"2026-03-03 17:42:37"}
{"level":"info","message":"GET /api/users 200 - - 133.015 ms","timestamp":"2026-03-03 17:42:37"}
{"level":"info","message":"GET /api/attendance/2026/3 304 - - 67.633 ms","timestamp":"2026-03-03 17:42:37"}
{"level":"info","message":"GET /api/tasks 304 - - 90.191 ms","timestamp":"2026-03-03 17:42:37"}
{"level":"info","message":"GET /api/users 304 - - 122.934 ms","timestamp":"2026-03-03 17:42:37"}
{"level":"info","message":"OPTIONS /api/attendance/2026/3 200 0 - 0.057 ms","timestamp":"2026-03-03 17:43:08"}
{"level":"info","message":"GET /api/attendance/2026/3 304 - - 65.413 ms","timestamp":"2026-03-03 17:43:08"}
{"level":"info","message":"OPTIONS /api/calls/sip-config 200 0 - 0.077 ms","timestamp":"2026-03-03 17:43:09"}
{"level":"info","message":"GET /api/calls/sip-config 304 - - 35.522 ms","timestamp":"2026-03-03 17:43:09"}
{"level":"info","message":"OPTIONS /api/users 200 0 - 0.084 ms","timestamp":"2026-03-03 17:43:09"}
{"level":"info","message":"OPTIONS /api/tasks 200 0 - 0.073 ms","timestamp":"2026-03-03 17:43:09"}
{"level":"info","message":"OPTIONS /api/tasks 200 0 - 0.096 ms","timestamp":"2026-03-03 17:43:09"}
{"level":"info","message":"GET /api/attendance/2026/3 304 - - 77.515 ms","timestamp":"2026-03-03 17:43:09"}
{"level":"info","message":"GET /api/tasks 304 - - 77.156 ms","timestamp":"2026-03-03 17:43:09"}
{"level":"info","message":"GET /api/users 200 - - 125.184 ms","timestamp":"2026-03-03 17:43:09"}
{"level":"info","message":"GET /api/attendance/2026/3 304 - - 79.122 ms","timestamp":"2026-03-03 17:43:09"}
{"level":"info","message":"GET /api/tasks 304 - - 100.818 ms","timestamp":"2026-03-03 17:43:09"}
{"level":"info","message":"GET /api/users 304 - - 120.615 ms","timestamp":"2026-03-03 17:43:10"}
{"level":"info","message":"OPTIONS /api/calls/sip-config 200 0 - 0.080 ms","timestamp":"2026-03-03 17:43:19"}
{"level":"info","message":"GET /api/calls/sip-config 304 - - 21.668 ms","timestamp":"2026-03-03 17:43:19"}
{"level":"info","message":"OPTIONS /api/attendance/2026/3 200 0 - 0.098 ms","timestamp":"2026-03-03 17:43:19"}
{"level":"info","message":"OPTIONS /api/users 200 0 - 0.082 ms","timestamp":"2026-03-03 17:43:19"}
{"level":"info","message":"OPTIONS /api/tasks 200 0 - 0.061 ms","timestamp":"2026-03-03 17:43:19"}
{"level":"info","message":"GET /api/attendance/2026/3 304 - - 76.934 ms","timestamp":"2026-03-03 17:43:19"}
{"level":"info","message":"GET /api/tasks 304 - - 94.051 ms","timestamp":"2026-03-03 17:43:19"}
{"level":"info","message":"GET /api/users 304 - - 147.801 ms","timestamp":"2026-03-03 17:43:19"}
{"level":"info","message":"GET /api/attendance/2026/3 304 - - 76.349 ms","timestamp":"2026-03-03 17:43:19"}
{"level":"info","message":"GET /api/tasks 304 - - 111.763 ms","timestamp":"2026-03-03 17:43:19"}
{"level":"info","message":"GET /api/users 304 - - 99.939 ms","timestamp":"2026-03-03 17:43:19"}
{"level":"info","message":"OPTIONS /api/attendance/2026/3 200 0 - 0.330 ms","timestamp":"2026-03-03 17:43:49"}
{"level":"info","message":"GET /api/attendance/2026/3 304 - - 81.631 ms","timestamp":"2026-03-03 17:43:49"}
{"level":"info","message":"OPTIONS /api/attendance/2026/3 200 0 - 0.060 ms","timestamp":"2026-03-03 17:44:20"}
{"level":"info","message":"GET /api/attendance/2026/3 304 - - 64.231 ms","timestamp":"2026-03-03 17:44:20"}
{"level":"info","message":"OPTIONS /api/attendance/2026/3 200 0 - 0.100 ms","timestamp":"2026-03-03 17:44:50"}
{"level":"info","message":"GET /api/attendance/2026/3 304 - - 66.450 ms","timestamp":"2026-03-03 17:44:50"}
{"level":"info","message":"OPTIONS /api/calls/sip-config 200 0 - 0.070 ms","timestamp":"2026-03-03 17:45:07"}
{"level":"info","message":"OPTIONS /api/messages/unread-count 200 0 - 0.123 ms","timestamp":"2026-03-03 17:45:07"}
{"level":"info","message":"OPTIONS /api/messages/unread-count 200 0 - 0.093 ms","timestamp":"2026-03-03 17:45:07"}
{"level":"info","message":"GET /api/calls/sip-config 304 - - 23.300 ms","timestamp":"2026-03-03 17:45:08"}
{"level":"info","message":"GET /api/messages/unread-count 304 - - 45.530 ms","timestamp":"2026-03-03 17:45:08"}
{"level":"info","message":"GET /api/calls/sip-config 304 - - 23.478 ms","timestamp":"2026-03-03 17:45:08"}
{"level":"info","message":"GET /api/messages/unread-count 304 - - 44.789 ms","timestamp":"2026-03-03 17:45:08"}
{"level":"info","message":"OPTIONS /api/attendance/2026/3 200 0 - 0.103 ms","timestamp":"2026-03-03 17:45:08"}
{"level":"info","message":"OPTIONS /api/users 200 0 - 0.046 ms","timestamp":"2026-03-03 17:45:08"}
{"level":"info","message":"OPTIONS /api/tasks 200 0 - 0.071 ms","timestamp":"2026-03-03 17:45:08"}
{"level":"info","message":"GET /api/attendance/2026/3 304 - - 70.100 ms","timestamp":"2026-03-03 17:45:08"}
{"level":"info","message":"GET /api/tasks 304 - - 83.125 ms","timestamp":"2026-03-03 17:45:08"}
{"level":"info","message":"GET /api/users 200 - - 143.478 ms","timestamp":"2026-03-03 17:45:08"}
{"level":"info","message":"GET /api/attendance/2026/3 304 - - 88.215 ms","timestamp":"2026-03-03 17:45:08"}
{"level":"info","message":"GET /api/tasks 304 - - 94.159 ms","timestamp":"2026-03-03 17:45:08"}
{"level":"info","message":"GET /api/users 304 - - 121.061 ms","timestamp":"2026-03-03 17:45:08"}
{"level":"info","message":"GET /api/calls/sip-config 304 - - 21.423 ms","timestamp":"2026-03-03 17:45:10"}
{"level":"info","message":"GET /api/messages/unread-count - - - - ms","timestamp":"2026-03-03 17:45:10"}
{"level":"info","message":"GET /api/messages/unread-count - - - - ms","timestamp":"2026-03-03 17:45:10"}
{"level":"info","message":"GET /api/calls/sip-config - - - - ms","timestamp":"2026-03-03 17:45:10"}
{"level":"info","message":"GET /api/calls/sip-config 200 164 - 26.652 ms","timestamp":"2026-03-03 17:45:10"}
{"level":"info","message":"GET /api/calls/sip-config 304 - - 24.199 ms","timestamp":"2026-03-03 17:45:10"}
{"level":"info","message":"GET /api/messages/unread-count 200 17 - 55.874 ms","timestamp":"2026-03-03 17:45:10"}
{"level":"info","message":"GET /api/messages/unread-count 304 - - 52.115 ms","timestamp":"2026-03-03 17:45:10"}
{"level":"info","message":"GET /api/attendance/2026/3 304 - - 86.085 ms","timestamp":"2026-03-03 17:45:11"}
{"level":"info","message":"GET /api/tasks 304 - - 93.871 ms","timestamp":"2026-03-03 17:45:11"}
{"level":"info","message":"GET /api/users 200 - - 147.219 ms","timestamp":"2026-03-03 17:45:11"}
{"level":"info","message":"GET /api/attendance/2026/3 304 - - 68.789 ms","timestamp":"2026-03-03 17:45:11"}
{"level":"info","message":"GET /api/tasks 304 - - 70.899 ms","timestamp":"2026-03-03 17:45:11"}
{"level":"info","message":"GET /api/users 304 - - 89.049 ms","timestamp":"2026-03-03 17:45:11"}
{"level":"info","message":"GET /api/calls/sip-config 304 - - 28.839 ms","timestamp":"2026-03-03 17:45:12"}
{"level":"info","message":"GET /api/messages/unread-count 304 - - 48.695 ms","timestamp":"2026-03-03 17:45:12"}
{"level":"info","message":"GET /api/calls/sip-config 304 - - 26.158 ms","timestamp":"2026-03-03 17:45:12"}
{"level":"info","message":"GET /api/messages/unread-count 304 - - 43.787 ms","timestamp":"2026-03-03 17:45:12"}
{"level":"info","message":"GET /api/attendance/2026/3 304 - - 62.545 ms","timestamp":"2026-03-03 17:45:12"}
{"level":"info","message":"GET /api/tasks 304 - - 73.456 ms","timestamp":"2026-03-03 17:45:12"}
{"level":"info","message":"GET /api/users 200 - - 111.688 ms","timestamp":"2026-03-03 17:45:12"}
{"level":"info","message":"GET /api/attendance/2026/3 304 - - 74.890 ms","timestamp":"2026-03-03 17:45:12"}
{"level":"info","message":"GET /api/tasks 304 - - 103.478 ms","timestamp":"2026-03-03 17:45:12"}
{"level":"info","message":"GET /api/users 304 - - 90.459 ms","timestamp":"2026-03-03 17:45:12"}
{"level":"info","message":"OPTIONS /api/attendance/2026/3 200 0 - 0.063 ms","timestamp":"2026-03-03 17:45:42"}
{"level":"info","message":"GET /api/attendance/2026/3 304 - - 61.631 ms","timestamp":"2026-03-03 17:45:42"}
{"level":"info","message":"OPTIONS /api/attendance/2026/3 200 0 - 0.240 ms","timestamp":"2026-03-03 17:46:13"}
{"level":"info","message":"GET /api/attendance/2026/3 304 - - 79.504 ms","timestamp":"2026-03-03 17:46:13"}
{"level":"info","message":"OPTIONS /api/attendance/2026/3 200 0 - 0.093 ms","timestamp":"2026-03-03 17:46:43"}
{"level":"info","message":"GET /api/attendance/2026/3 304 - - 74.421 ms","timestamp":"2026-03-03 17:46:43"}
{"level":"info","message":"OPTIONS /api/attendance/2026/3 200 0 - 0.248 ms","timestamp":"2026-03-03 17:47:13"}
{"level":"info","message":"GET /api/attendance/2026/3 304 - - 88.065 ms","timestamp":"2026-03-03 17:47:13"}
{"level":"info","message":"OPTIONS /api/attendance/2026/3 200 0 - 0.205 ms","timestamp":"2026-03-03 17:47:43"}
{"level":"info","message":"GET /api/attendance/2026/3 304 - - 90.743 ms","timestamp":"2026-03-03 17:47:43"}
{"level":"info","message":"OPTIONS /api/attendance/2026/3 200 0 - 0.172 ms","timestamp":"2026-03-03 17:48:13"}
{"level":"info","message":"GET /api/attendance/2026/3 304 - - 94.636 ms","timestamp":"2026-03-03 17:48:13"}
{"level":"info","message":"OPTIONS /api/attendance/2026/3 200 0 - 0.113 ms","timestamp":"2026-03-03 17:49:06"}
{"level":"info","message":"GET /api/attendance/2026/3 304 - - 70.734 ms","timestamp":"2026-03-03 17:49:06"}
{"level":"info","message":"OPTIONS /api/attendance/2026/3 200 0 - 0.093 ms","timestamp":"2026-03-03 17:50:06"}
{"level":"info","message":"GET /api/attendance/2026/3 304 - - 82.857 ms","timestamp":"2026-03-03 17:50:06"}
{"level":"info","message":"OPTIONS /api/attendance/2026/3 200 0 - 0.076 ms","timestamp":"2026-03-03 17:51:06"}
{"level":"info","message":"GET /api/attendance/2026/3 304 - - 70.379 ms","timestamp":"2026-03-03 17:51:06"}
{"level":"info","message":"OPTIONS /api/attendance/2026/3 200 0 - 0.082 ms","timestamp":"2026-03-03 17:52:06"}
{"level":"info","message":"GET /api/attendance/2026/3 304 - - 85.934 ms","timestamp":"2026-03-03 17:52:06"}
{"level":"info","message":"OPTIONS /api/attendance/2026/3 200 0 - 0.057 ms","timestamp":"2026-03-03 17:53:06"}
{"level":"info","message":"GET /api/attendance/2026/3 304 - - 59.972 ms","timestamp":"2026-03-03 17:53:06"}
{"level":"info","message":"OPTIONS /api/attendance/2026/3 200 0 - 0.134 ms","timestamp":"2026-03-03 17:54:06"}
{"level":"info","message":"GET /api/attendance/2026/3 304 - - 72.349 ms","timestamp":"2026-03-03 17:54:06"}
{"level":"info","message":"OPTIONS /api/attendance/2026/3 200 0 - 0.083 ms","timestamp":"2026-03-03 17:55:06"}
{"level":"info","message":"GET /api/attendance/2026/3 304 - - 59.707 ms","timestamp":"2026-03-03 17:55:06"}
