{"level":"info","message":"🚀 Server running on http://localhost:5000","timestamp":"2026-03-05 11:20:08"}
{"level":"info","message":"📡 Socket.IO server ready for connections","timestamp":"2026-03-05 11:20:08"}
{"level":"info","message":"✅ Redis Clients (Pub/Sub) Connected and Ready","timestamp":"2026-03-05 11:20:08"}
{"level":"info","message":"OPTIONS /api/messages/unread-count 200 0 - 1.004 ms","timestamp":"2026-03-05 11:20:22"}
{"level":"info","message":"OPTIONS /api/messages/unread-count 200 0 - 0.205 ms","timestamp":"2026-03-05 11:20:22"}
{"level":"info","message":"GET /api/messages/unread-count 304 - - 74.523 ms","timestamp":"2026-03-05 11:20:22"}
{"level":"info","message":"GET /api/messages/unread-count 304 - - 49.037 ms","timestamp":"2026-03-05 11:20:22"}
{"level":"info","message":"OPTIONS /api/attendance/2026/3 200 0 - 0.152 ms","timestamp":"2026-03-05 11:20:22"}
{"level":"info","message":"OPTIONS /api/appointments/revenue/reports 200 0 - 0.155 ms","timestamp":"2026-03-05 11:20:22"}
{"level":"info","message":"OPTIONS /api/appointments 200 0 - 0.136 ms","timestamp":"2026-03-05 11:20:22"}
{"level":"info","message":"OPTIONS /api/tasks 200 0 - 0.125 ms","timestamp":"2026-03-05 11:20:22"}
{"level":"info","message":"OPTIONS /api/users/all 200 0 - 0.101 ms","timestamp":"2026-03-05 11:20:22"}
{"level":"info","message":"OPTIONS /api/attendance/range?start=2026-02-28T18:30:00.000Z&end=2026-03-31T18:29:59.999Z 200 0 - 0.153 ms","timestamp":"2026-03-05 11:20:22"}
{"level":"info","message":"OPTIONS /api/admin-status 200 0 - 0.112 ms","timestamp":"2026-03-05 11:20:22"}
{"level":"info","message":"OPTIONS /api/appointments/stats?month=3&year=2026 200 0 - 0.171 ms","timestamp":"2026-03-05 11:20:22"}
{"level":"info","message":"OPTIONS /api/appointments/stats?month=2&year=2026 200 0 - 0.096 ms","timestamp":"2026-03-05 11:20:22"}
{"level":"info","message":"OPTIONS /api/users 200 0 - 0.064 ms","timestamp":"2026-03-05 11:20:22"}
{"level":"info","message":"OPTIONS /api/appointments/stats?month=3&year=2026 200 0 - 0.057 ms","timestamp":"2026-03-05 11:20:22"}
{"level":"info","message":"OPTIONS /api/appointments/stats?month=2&year=2026 200 0 - 0.077 ms","timestamp":"2026-03-05 11:20:22"}
{"level":"info","message":"OPTIONS /api/appointments/revenue 200 0 - 0.105 ms","timestamp":"2026-03-05 11:20:22"}
{"level":"info","message":"OPTIONS /api/appointments/revenue 200 0 - 0.040 ms","timestamp":"2026-03-05 11:20:22"}
{"level":"info","message":"OPTIONS /api/users 200 0 - 0.117 ms","timestamp":"2026-03-05 11:20:22"}
{"level":"info","message":"GET /api/appointments/revenue/reports 304 - - 62.165 ms","timestamp":"2026-03-05 11:20:22"}
{"level":"info","message":"GET /api/attendance/2026/3 200 - - 93.206 ms","timestamp":"2026-03-05 11:20:23"}
{"level":"info","message":"GET /api/admin-status 200 49 - 100.222 ms","timestamp":"2026-03-05 11:20:23"}
{"level":"info","message":"GET /api/attendance/range?start=2026-02-28T18:30:00.000Z&end=2026-03-31T18:29:59.999Z 200 - - 161.803 ms","timestamp":"2026-03-05 11:20:23"}
{"level":"info","message":"GET /api/users/all 200 - - 160.053 ms","timestamp":"2026-03-05 11:20:23"}
{"level":"info","message":"GET /api/appointments 200 - - 197.815 ms","timestamp":"2026-03-05 11:20:23"}
{"level":"info","message":"GET /api/appointments/stats?month=2&year=2026 304 - - 43.840 ms","timestamp":"2026-03-05 11:20:23"}
{"level":"info","message":"GET /api/appointments/stats?month=3&year=2026 200 11 - 50.802 ms","timestamp":"2026-03-05 11:20:23"}
{"level":"info","message":"GET /api/appointments/revenue/reports 304 - - 57.505 ms","timestamp":"2026-03-05 11:20:23"}
{"level":"info","message":"GET /api/appointments/revenue 200 44 - 76.445 ms","timestamp":"2026-03-05 11:20:23"}
{"level":"info","message":"GET /api/tasks 304 - - 300.571 ms","timestamp":"2026-03-05 11:20:23"}
{"level":"info","message":"GET /api/admin-status 304 - - 68.745 ms","timestamp":"2026-03-05 11:20:23"}
{"level":"info","message":"GET /api/attendance/2026/3 304 - - 76.364 ms","timestamp":"2026-03-05 11:20:23"}
{"level":"info","message":"GET /api/users 200 - - 126.453 ms","timestamp":"2026-03-05 11:20:23"}
{"level":"info","message":"GET /api/appointments/stats?month=2&year=2026 304 - - 39.900 ms","timestamp":"2026-03-05 11:20:23"}
{"level":"info","message":"GET /api/appointments/stats?month=3&year=2026 304 - - 46.464 ms","timestamp":"2026-03-05 11:20:23"}
{"level":"info","message":"GET /api/users/all 304 - - 113.634 ms","timestamp":"2026-03-05 11:20:23"}
{"level":"info","message":"GET /api/attendance/range?start=2026-02-28T18:30:00.000Z&end=2026-03-31T18:29:59.999Z 304 - - 87.224 ms","timestamp":"2026-03-05 11:20:23"}
{"level":"info","message":"GET /api/appointments/revenue 304 - - 88.763 ms","timestamp":"2026-03-05 11:20:23"}
{"level":"info","message":"GET /api/appointments 304 - - 139.628 ms","timestamp":"2026-03-05 11:20:23"}
{"level":"info","message":"GET /api/tasks 304 - - 94.847 ms","timestamp":"2026-03-05 11:20:23"}
{"level":"info","message":"GET /api/users 304 - - 112.924 ms","timestamp":"2026-03-05 11:20:23"}
{"level":"info","message":"GET /api/tasks 304 - - 87.670 ms","timestamp":"2026-03-05 11:20:23"}
{"level":"info","message":"GET /api/tasks 304 - - 86.679 ms","timestamp":"2026-03-05 11:20:23"}
{"level":"info","message":"OPTIONS /api/telecaller-leads/stats 200 0 - 0.094 ms","timestamp":"2026-03-05 11:20:27"}
{"level":"info","message":"OPTIONS /api/telecaller-leads/stats 200 0 - 0.034 ms","timestamp":"2026-03-05 11:20:27"}
{"level":"info","message":"GET /api/telecaller-leads/stats 200 2 - 57.422 ms","timestamp":"2026-03-05 11:20:27"}
{"level":"info","message":"GET /api/telecaller-leads/stats 304 - - 55.607 ms","timestamp":"2026-03-05 11:20:27"}
{"level":"info","message":"OPTIONS /api/users/698aed1417c9f7bc51cbb99b 200 0 - 0.076 ms","timestamp":"2026-03-05 11:20:42"}
{"level":"info","message":"OPTIONS /api/users 200 0 - 0.071 ms","timestamp":"2026-03-05 11:20:42"}
{"level":"info","message":"PUT /api/users/698aed1417c9f7bc51cbb99b 200 653 - 83.447 ms","timestamp":"2026-03-05 11:20:42"}
{"level":"info","message":"GET /api/users 200 - - 122.768 ms","timestamp":"2026-03-05 11:20:42"}
{"level":"info","message":"GET /api/users 200 - - 88.622 ms","timestamp":"2026-03-05 11:20:42"}
{"level":"info","message":"OPTIONS /api/attendance/2026/3 200 0 - 0.505 ms","timestamp":"2026-03-05 11:20:52"}
{"level":"info","message":"GET /api/attendance/2026/3 200 - - 95.172 ms","timestamp":"2026-03-05 11:20:52"}
{"level":"info","message":"OPTIONS /api/users/68fcc5bfb85c2281711925bb 200 0 - 0.113 ms","timestamp":"2026-03-05 11:20:55"}
{"level":"info","message":"OPTIONS /api/users 200 0 - 0.058 ms","timestamp":"2026-03-05 11:20:55"}
{"level":"info","message":"PUT /api/users/68fcc5bfb85c2281711925bb 200 - - 55.168 ms","timestamp":"2026-03-05 11:20:55"}
{"level":"info","message":"GET /api/users 200 - - 165.293 ms","timestamp":"2026-03-05 11:20:55"}
{"level":"info","message":"GET /api/users 304 - - 128.076 ms","timestamp":"2026-03-05 11:20:55"}
{"level":"info","message":"OPTIONS /api/messages/unread-count 200 0 - 0.072 ms","timestamp":"2026-03-05 11:20:56"}
{"level":"info","message":"GET /api/messages/unread-count 304 - - 63.563 ms","timestamp":"2026-03-05 11:20:56"}
{"level":"info","message":"OPTIONS /api/calls/daily-stats 200 0 - 0.140 ms","timestamp":"2026-03-05 11:20:56"}
{"level":"info","message":"OPTIONS /api/calls/daily-stats 200 0 - 0.072 ms","timestamp":"2026-03-05 11:20:56"}
{"level":"info","message":"GET /api/calls/daily-stats 200 553 - 52.574 ms","timestamp":"2026-03-05 11:20:56"}
{"level":"info","message":"GET /api/calls/daily-stats 200 553 - 49.106 ms","timestamp":"2026-03-05 11:20:57"}
{"level":"info","message":"GET /api/attendance/2026/3 200 - - 108.032 ms","timestamp":"2026-03-05 11:20:57"}
{"level":"info","message":"GET /api/attendance/2026/3 304 - - 86.341 ms","timestamp":"2026-03-05 11:20:57"}
{"level":"info","message":"GET /api/messages/unread-count 304 - - 68.122 ms","timestamp":"2026-03-05 11:20:59"}
{"level":"info","message":"GET /api/messages/unread-count 304 - - 80.864 ms","timestamp":"2026-03-05 11:20:59"}
{"level":"info","message":"OPTIONS /api/attendance/2026/3 200 0 - 0.073 ms","timestamp":"2026-03-05 11:20:59"}
{"level":"info","message":"GET /api/calls/daily-stats 200 553 - 53.468 ms","timestamp":"2026-03-05 11:20:59"}
{"level":"info","message":"GET /api/attendance/2026/3 304 - - 88.988 ms","timestamp":"2026-03-05 11:20:59"}
{"level":"info","message":"GET /api/calls/daily-stats 200 553 - 48.728 ms","timestamp":"2026-03-05 11:20:59"}
{"level":"info","message":"GET /api/users 200 - - 149.543 ms","timestamp":"2026-03-05 11:20:59"}
{"level":"info","message":"GET /api/attendance/2026/3 304 - - 86.019 ms","timestamp":"2026-03-05 11:20:59"}
{"level":"info","message":"GET /api/calls/daily-stats 200 553 - 47.582 ms","timestamp":"2026-03-05 11:20:59"}
{"level":"info","message":"OPTIONS /api/users 200 0 - 0.071 ms","timestamp":"2026-03-05 11:21:04"}
{"level":"info","message":"OPTIONS /api/tasks 200 0 - 0.056 ms","timestamp":"2026-03-05 11:21:04"}
{"level":"info","message":"OPTIONS /api/users 200 0 - 0.048 ms","timestamp":"2026-03-05 11:21:04"}
{"level":"info","message":"OPTIONS /api/tasks 200 0 - 0.044 ms","timestamp":"2026-03-05 11:21:04"}
{"level":"info","message":"GET /api/tasks 200 2 - 56.325 ms","timestamp":"2026-03-05 11:21:04"}
{"level":"info","message":"GET /api/tasks 304 - - 67.987 ms","timestamp":"2026-03-05 11:21:04"}
{"level":"info","message":"GET /api/users 200 - - 134.135 ms","timestamp":"2026-03-05 11:21:04"}
{"level":"info","message":"GET /api/users 304 - - 85.035 ms","timestamp":"2026-03-05 11:21:04"}
{"level":"info","message":"OPTIONS /api/users/me 200 0 - 0.059 ms","timestamp":"2026-03-05 11:21:11"}
{"level":"info","message":"OPTIONS /api/users 200 0 - 0.051 ms","timestamp":"2026-03-05 11:21:11"}
{"level":"info","message":"OPTIONS /api/tasks 200 0 - 0.064 ms","timestamp":"2026-03-05 11:21:11"}
{"level":"info","message":"GET /api/users/me 200 - - 46.982 ms","timestamp":"2026-03-05 11:21:11"}
{"level":"info","message":"GET /api/tasks 304 - - 43.742 ms","timestamp":"2026-03-05 11:21:11"}
{"level":"info","message":"GET /api/users/me 304 - - 46.740 ms","timestamp":"2026-03-05 11:21:11"}
{"level":"info","message":"GET /api/tasks 304 - - 49.620 ms","timestamp":"2026-03-05 11:21:11"}
{"level":"info","message":"GET /api/users 200 - - 143.595 ms","timestamp":"2026-03-05 11:21:11"}
{"level":"info","message":"GET /api/users 304 - - 99.689 ms","timestamp":"2026-03-05 11:21:11"}
{"level":"info","message":"OPTIONS /api/messages/unread-count 200 0 - 0.190 ms","timestamp":"2026-03-05 11:21:22"}
{"level":"info","message":"OPTIONS /api/messages/unread-count 200 0 - 0.107 ms","timestamp":"2026-03-05 11:21:22"}
{"level":"info","message":"GET /api/messages/unread-count 304 - - 65.287 ms","timestamp":"2026-03-05 11:21:22"}
{"level":"info","message":"GET /api/messages/unread-count 304 - - 58.969 ms","timestamp":"2026-03-05 11:21:22"}
{"level":"info","message":"OPTIONS /api/attendance/2026/3 200 0 - 0.169 ms","timestamp":"2026-03-05 11:21:22"}
{"level":"info","message":"OPTIONS /api/users 200 0 - 0.076 ms","timestamp":"2026-03-05 11:21:22"}
{"level":"info","message":"OPTIONS /api/tasks 200 0 - 0.094 ms","timestamp":"2026-03-05 11:21:22"}
{"level":"info","message":"OPTIONS /api/users 200 0 - 0.092 ms","timestamp":"2026-03-05 11:21:22"}
{"level":"info","message":"OPTIONS /api/tasks 200 0 - 0.111 ms","timestamp":"2026-03-05 11:21:22"}
{"level":"info","message":"GET /api/tasks 304 - - 63.848 ms","timestamp":"2026-03-05 11:21:23"}
{"level":"info","message":"GET /api/attendance/2026/3 304 - - 103.457 ms","timestamp":"2026-03-05 11:21:23"}
{"level":"info","message":"GET /api/tasks 304 - - 64.752 ms","timestamp":"2026-03-05 11:21:23"}
{"level":"info","message":"GET /api/users 200 - - 151.095 ms","timestamp":"2026-03-05 11:21:23"}
{"level":"info","message":"GET /api/attendance/2026/3 304 - - 86.580 ms","timestamp":"2026-03-05 11:21:23"}
{"level":"info","message":"GET /api/users 304 - - 84.373 ms","timestamp":"2026-03-05 11:21:23"}
{"level":"info","message":"OPTIONS /api/attendance/2026/3 200 0 - 0.190 ms","timestamp":"2026-03-05 11:21:53"}
{"level":"info","message":"GET /api/attendance/2026/3 304 - - 94.364 ms","timestamp":"2026-03-05 11:21:53"}
{"level":"info","message":"OPTIONS /api/appointments/telecaller 200 0 - 0.052 ms","timestamp":"2026-03-05 11:22:09"}
{"level":"info","message":"OPTIONS /api/users 200 0 - 0.055 ms","timestamp":"2026-03-05 11:22:09"}
{"level":"info","message":"OPTIONS /api/appointments/telecaller 200 0 - 0.034 ms","timestamp":"2026-03-05 11:22:09"}
{"level":"info","message":"OPTIONS /api/users 200 0 - 0.028 ms","timestamp":"2026-03-05 11:22:09"}
{"level":"info","message":"GET /api/appointments/telecaller 200 - - 132.210 ms","timestamp":"2026-03-05 11:22:09"}
{"level":"info","message":"GET /api/users 200 - - 143.770 ms","timestamp":"2026-03-05 11:22:09"}
{"level":"info","message":"GET /api/users 304 - - 105.656 ms","timestamp":"2026-03-05 11:22:09"}
{"level":"info","message":"GET /api/appointments/telecaller 304 - - 154.042 ms","timestamp":"2026-03-05 11:22:09"}
{"level":"info","message":"OPTIONS /api/appointments/bulk-delete 200 0 - 0.169 ms","timestamp":"2026-03-05 11:22:22"}
{"level":"info","message":"DELETE /api/appointments/bulk-delete 400 117 - 25.682 ms","timestamp":"2026-03-05 11:22:22"}
{"level":"info","message":"OPTIONS /api/attendance/2026/3 200 0 - 0.078 ms","timestamp":"2026-03-05 11:22:22"}
{"level":"info","message":"GET /api/attendance/2026/3 304 - - 83.831 ms","timestamp":"2026-03-05 11:22:23"}
{"level":"info","message":"OPTIONS /api/users 200 0 - 0.104 ms","timestamp":"2026-03-05 11:22:29"}
{"level":"info","message":"OPTIONS /api/tasks 200 0 - 0.100 ms","timestamp":"2026-03-05 11:22:29"}
{"level":"info","message":"OPTIONS /api/users 200 0 - 0.077 ms","timestamp":"2026-03-05 11:22:29"}
{"level":"info","message":"OPTIONS /api/tasks 200 0 - 0.091 ms","timestamp":"2026-03-05 11:22:29"}
{"level":"info","message":"GET /api/tasks 304 - - 45.037 ms","timestamp":"2026-03-05 11:22:29"}
{"level":"info","message":"GET /api/tasks 304 - - 44.968 ms","timestamp":"2026-03-05 11:22:30"}
{"level":"info","message":"GET /api/users 200 - - 131.936 ms","timestamp":"2026-03-05 11:22:30"}
{"level":"info","message":"GET /api/users 304 - - 84.236 ms","timestamp":"2026-03-05 11:22:30"}
{"level":"info","message":"OPTIONS /api/attendance/2026/3 200 0 - 0.176 ms","timestamp":"2026-03-05 11:22:53"}
{"level":"info","message":"GET /api/attendance/2026/3 304 - - 78.376 ms","timestamp":"2026-03-05 11:22:53"}
{"level":"info","message":"OPTIONS /api/attendance/2026/3 200 0 - 0.081 ms","timestamp":"2026-03-05 11:23:23"}
{"level":"info","message":"GET /api/attendance/2026/3 304 - - 88.487 ms","timestamp":"2026-03-05 11:23:23"}
{"level":"info","message":"OPTIONS /api/messages/unread-count 200 0 - 0.111 ms","timestamp":"2026-03-05 11:23:25"}
{"level":"info","message":"OPTIONS /api/messages/unread-count 200 0 - 0.166 ms","timestamp":"2026-03-05 11:23:25"}
{"level":"info","message":"GET /api/messages/unread-count 304 - - 63.385 ms","timestamp":"2026-03-05 11:23:25"}
{"level":"info","message":"GET /api/messages/unread-count 304 - - 54.248 ms","timestamp":"2026-03-05 11:23:25"}
{"level":"info","message":"OPTIONS /api/users 200 0 - 0.058 ms","timestamp":"2026-03-05 11:23:25"}
{"level":"info","message":"OPTIONS /api/tasks 200 0 - 0.037 ms","timestamp":"2026-03-05 11:23:25"}
{"level":"info","message":"OPTIONS /api/users 200 0 - 0.058 ms","timestamp":"2026-03-05 11:23:25"}
{"level":"info","message":"OPTIONS /api/tasks 200 0 - 0.052 ms","timestamp":"2026-03-05 11:23:25"}
{"level":"info","message":"GET /api/tasks 304 - - 54.257 ms","timestamp":"2026-03-05 11:23:25"}
{"level":"info","message":"GET /api/attendance/2026/3 304 - - 75.558 ms","timestamp":"2026-03-05 11:23:25"}
{"level":"info","message":"GET /api/tasks 304 - - 55.025 ms","timestamp":"2026-03-05 11:23:25"}
{"level":"info","message":"GET /api/users 200 - - 122.019 ms","timestamp":"2026-03-05 11:23:25"}
{"level":"info","message":"GET /api/attendance/2026/3 304 - - 71.770 ms","timestamp":"2026-03-05 11:23:25"}
{"level":"info","message":"GET /api/users 304 - - 82.818 ms","timestamp":"2026-03-05 11:23:25"}
{"level":"info","message":"GET /api/messages/unread-count 304 - - 68.845 ms","timestamp":"2026-03-05 11:23:26"}
{"level":"info","message":"GET /api/messages/unread-count 304 - - 49.713 ms","timestamp":"2026-03-05 11:23:26"}
{"level":"info","message":"GET /api/tasks 304 - - 66.207 ms","timestamp":"2026-03-05 11:23:26"}
{"level":"info","message":"GET /api/attendance/2026/3 304 - - 86.564 ms","timestamp":"2026-03-05 11:23:26"}
{"level":"info","message":"GET /api/users 200 - - 120.699 ms","timestamp":"2026-03-05 11:23:26"}
{"level":"info","message":"GET /api/tasks 304 - - 55.756 ms","timestamp":"2026-03-05 11:23:26"}
{"level":"info","message":"GET /api/attendance/2026/3 304 - - 81.011 ms","timestamp":"2026-03-05 11:23:26"}
{"level":"info","message":"GET /api/users 304 - - 87.504 ms","timestamp":"2026-03-05 11:23:26"}
{"level":"info","message":"OPTIONS /api/attendance/2026/3 200 0 - 0.097 ms","timestamp":"2026-03-05 11:23:57"}
{"level":"info","message":"GET /api/attendance/2026/3 304 - - 73.117 ms","timestamp":"2026-03-05 11:23:57"}
{"level":"info","message":"OPTIONS /api/attendance/2026/3 200 0 - 0.275 ms","timestamp":"2026-03-05 11:24:27"}
{"level":"info","message":"GET /api/attendance/2026/3 304 - - 117.239 ms","timestamp":"2026-03-05 11:24:27"}
{"level":"info","message":"OPTIONS /api/attendance/2026/3 200 0 - 0.167 ms","timestamp":"2026-03-05 11:24:57"}
{"level":"info","message":"GET /api/attendance/2026/3 304 - - 102.824 ms","timestamp":"2026-03-05 11:24:57"}
{"level":"info","message":"OPTIONS /api/attendance/2026/3 200 0 - 0.064 ms","timestamp":"2026-03-05 11:25:27"}
{"level":"info","message":"GET /api/attendance/2026/3 304 - - 72.865 ms","timestamp":"2026-03-05 11:25:27"}
{"level":"info","message":"OPTIONS /api/attendance/2026/3 200 0 - 0.086 ms","timestamp":"2026-03-05 11:25:57"}
{"level":"info","message":"GET /api/attendance/2026/3 304 - - 74.734 ms","timestamp":"2026-03-05 11:25:57"}
{"level":"info","message":"OPTIONS /api/messages/unread-count 200 0 - 0.052 ms","timestamp":"2026-03-05 11:26:07"}
{"level":"info","message":"OPTIONS /api/messages/unread-count 200 0 - 0.054 ms","timestamp":"2026-03-05 11:26:07"}
{"level":"info","message":"GET /api/messages/unread-count 304 - - 62.112 ms","timestamp":"2026-03-05 11:26:07"}
{"level":"info","message":"GET /api/messages/unread-count 304 - - 47.064 ms","timestamp":"2026-03-05 11:26:07"}
{"level":"info","message":"OPTIONS /api/attendance/2026/3 200 0 - 0.080 ms","timestamp":"2026-03-05 11:26:07"}
{"level":"info","message":"OPTIONS /api/users 200 0 - 0.060 ms","timestamp":"2026-03-05 11:26:07"}
{"level":"info","message":"OPTIONS /api/tasks 200 0 - 0.067 ms","timestamp":"2026-03-05 11:26:07"}
{"level":"info","message":"OPTIONS /api/attendance/2026/3 200 0 - 0.065 ms","timestamp":"2026-03-05 11:26:07"}
{"level":"info","message":"GET /api/tasks 304 - - 56.174 ms","timestamp":"2026-03-05 11:26:07"}
{"level":"info","message":"GET /api/attendance/2026/3 304 - - 83.142 ms","timestamp":"2026-03-05 11:26:07"}
{"level":"info","message":"GET /api/tasks 304 - - 54.190 ms","timestamp":"2026-03-05 11:26:07"}
{"level":"info","message":"GET /api/users 200 - - 130.830 ms","timestamp":"2026-03-05 11:26:07"}
{"level":"info","message":"GET /api/attendance/2026/3 304 - - 74.956 ms","timestamp":"2026-03-05 11:26:07"}
{"level":"info","message":"GET /api/users 304 - - 111.188 ms","timestamp":"2026-03-05 11:26:07"}
{"level":"info","message":"OPTIONS /api/attendance/2026/3 200 0 - 0.190 ms","timestamp":"2026-03-05 11:26:38"}
{"level":"info","message":"GET /api/attendance/2026/3 304 - - 79.228 ms","timestamp":"2026-03-05 11:26:38"}
{"level":"info","message":"OPTIONS /api/attendance/2026/3 200 0 - 0.061 ms","timestamp":"2026-03-05 11:27:08"}
{"level":"info","message":"GET /api/attendance/2026/3 304 - - 71.054 ms","timestamp":"2026-03-05 11:27:08"}
{"level":"info","message":"OPTIONS /api/attendance/2026/3 200 0 - 0.175 ms","timestamp":"2026-03-05 11:27:38"}
{"level":"info","message":"GET /api/attendance/2026/3 304 - - 82.191 ms","timestamp":"2026-03-05 11:27:38"}
{"level":"info","message":"OPTIONS /api/attendance/2026/3 200 0 - 0.168 ms","timestamp":"2026-03-05 11:28:08"}
{"level":"info","message":"GET /api/attendance/2026/3 304 - - 87.878 ms","timestamp":"2026-03-05 11:28:08"}
{"level":"info","message":"OPTIONS /api/attendance/2026/3 200 0 - 0.162 ms","timestamp":"2026-03-05 11:28:38"}
{"level":"info","message":"GET /api/attendance/2026/3 304 - - 84.636 ms","timestamp":"2026-03-05 11:28:38"}
{"level":"info","message":"OPTIONS /api/attendance/2026/3 200 0 - 0.167 ms","timestamp":"2026-03-05 11:29:08"}
{"level":"info","message":"GET /api/attendance/2026/3 304 - - 78.930 ms","timestamp":"2026-03-05 11:29:08"}
{"level":"info","message":"OPTIONS /api/attendance/2026/3 200 0 - 0.176 ms","timestamp":"2026-03-05 11:30:09"}
{"level":"info","message":"GET /api/attendance/2026/3 304 - - 81.926 ms","timestamp":"2026-03-05 11:30:09"}
{"level":"info","message":"OPTIONS /api/attendance/2026/3 200 0 - 0.171 ms","timestamp":"2026-03-05 11:30:38"}
{"level":"info","message":"GET /api/attendance/2026/3 304 - - 82.869 ms","timestamp":"2026-03-05 11:30:38"}
{"level":"info","message":"OPTIONS /api/auth/logout 200 0 - 0.095 ms","timestamp":"2026-03-05 11:30:49"}
{"level":"info","message":"POST /api/auth/logout 200 31 - 1.437 ms","timestamp":"2026-03-05 11:30:49"}
{"level":"info","message":"OPTIONS /api/users/logout 200 0 - 0.134 ms","timestamp":"2026-03-05 11:30:49"}
{"level":"info","message":"POST /api/users/logout 200 33 - 134.974 ms","timestamp":"2026-03-05 11:30:50"}
{"level":"info","message":"OPTIONS /api/auth/login 200 0 - 0.098 ms","timestamp":"2026-03-05 11:34:11"}
{"level":"info","message":"POST /api/auth/login 200 770 - 227.538 ms","timestamp":"2026-03-05 11:34:12"}
{"level":"info","message":"OPTIONS /api/messages/unread-count 200 0 - 0.063 ms","timestamp":"2026-03-05 11:34:12"}
{"level":"info","message":"GET /api/messages/unread-count 304 - - 50.829 ms","timestamp":"2026-03-05 11:34:12"}
{"level":"info","message":"OPTIONS /api/attendance/2026/3 200 0 - 0.091 ms","timestamp":"2026-03-05 11:34:12"}
{"level":"info","message":"OPTIONS /api/appointments/revenue/reports 200 0 - 0.075 ms","timestamp":"2026-03-05 11:34:12"}
{"level":"info","message":"OPTIONS /api/appointments 200 0 - 0.065 ms","timestamp":"2026-03-05 11:34:12"}
{"level":"info","message":"OPTIONS /api/tasks 200 0 - 0.080 ms","timestamp":"2026-03-05 11:34:12"}
{"level":"info","message":"OPTIONS /api/users/all 200 0 - 0.059 ms","timestamp":"2026-03-05 11:34:12"}
{"level":"info","message":"OPTIONS /api/attendance/range?start=2026-02-28T18:30:00.000Z&end=2026-03-31T18:29:59.999Z 200 0 - 0.064 ms","timestamp":"2026-03-05 11:34:12"}
{"level":"info","message":"OPTIONS /api/appointments/stats?month=2&year=2026 200 0 - 0.070 ms","timestamp":"2026-03-05 11:34:12"}
{"level":"info","message":"OPTIONS /api/appointments/revenue 200 0 - 0.083 ms","timestamp":"2026-03-05 11:34:12"}
{"level":"info","message":"OPTIONS /api/users 200 0 - 0.070 ms","timestamp":"2026-03-05 11:34:12"}
{"level":"info","message":"OPTIONS /api/admin-status 200 0 - 0.083 ms","timestamp":"2026-03-05 11:34:12"}
{"level":"info","message":"OPTIONS /api/admin-status 200 0 - 0.097 ms","timestamp":"2026-03-05 11:34:12"}
{"level":"info","message":"OPTIONS /api/appointments/stats?month=3&year=2026 200 0 - 0.106 ms","timestamp":"2026-03-05 11:34:12"}
{"level":"info","message":"OPTIONS /api/appointments/stats?month=3&year=2026 200 0 - 0.076 ms","timestamp":"2026-03-05 11:34:12"}
{"level":"info","message":"GET /api/appointments/revenue/reports 304 - - 53.286 ms","timestamp":"2026-03-05 11:34:12"}
{"level":"info","message":"GET /api/attendance/2026/3 200 - - 88.261 ms","timestamp":"2026-03-05 11:34:12"}
{"level":"info","message":"GET /api/tasks 200 - - 88.736 ms","timestamp":"2026-03-05 11:34:12"}
{"level":"info","message":"GET /api/appointments/stats?month=2&year=2026 304 - - 101.257 ms","timestamp":"2026-03-05 11:34:12"}
{"level":"info","message":"GET /api/attendance/range?start=2026-02-28T18:30:00.000Z&end=2026-03-31T18:29:59.999Z 200 - - 119.562 ms","timestamp":"2026-03-05 11:34:12"}
{"level":"info","message":"GET /api/appointments 304 - - 171.641 ms","timestamp":"2026-03-05 11:34:12"}
{"level":"info","message":"GET /api/users/all 200 - - 120.097 ms","timestamp":"2026-03-05 11:34:12"}
{"level":"info","message":"GET /api/appointments/revenue 304 - - 114.826 ms","timestamp":"2026-03-05 11:34:12"}
{"level":"info","message":"GET /api/admin-status 200 49 - 50.537 ms","timestamp":"2026-03-05 11:34:12"}
{"level":"info","message":"GET /api/appointments/stats?month=3&year=2026 304 - - 52.440 ms","timestamp":"2026-03-05 11:34:12"}
{"level":"info","message":"GET /api/appointments/revenue/reports 304 - - 53.466 ms","timestamp":"2026-03-05 11:34:12"}
{"level":"info","message":"GET /api/attendance/2026/3 304 - - 68.218 ms","timestamp":"2026-03-05 11:34:12"}
{"level":"info","message":"GET /api/appointments/stats?month=2&year=2026 304 - - 45.087 ms","timestamp":"2026-03-05 11:34:12"}
{"level":"info","message":"GET /api/tasks 304 - - 90.915 ms","timestamp":"2026-03-05 11:34:12"}
{"level":"info","message":"GET /api/users/all 304 - - 87.186 ms","timestamp":"2026-03-05 11:34:12"}
{"level":"info","message":"GET /api/attendance/range?start=2026-02-28T18:30:00.000Z&end=2026-03-31T18:29:59.999Z 304 - - 88.105 ms","timestamp":"2026-03-05 11:34:12"}
{"level":"info","message":"GET /api/users 200 - - 141.611 ms","timestamp":"2026-03-05 11:34:12"}
{"level":"info","message":"GET /api/appointments/revenue 304 - - 115.822 ms","timestamp":"2026-03-05 11:34:12"}
{"level":"info","message":"GET /api/appointments 304 - - 143.948 ms","timestamp":"2026-03-05 11:34:12"}
{"level":"info","message":"GET /api/admin-status 304 - - 79.796 ms","timestamp":"2026-03-05 11:34:12"}
{"level":"info","message":"GET /api/appointments/stats?month=3&year=2026 304 - - 74.232 ms","timestamp":"2026-03-05 11:34:12"}
{"level":"info","message":"GET /api/tasks 304 - - 111.865 ms","timestamp":"2026-03-05 11:34:12"}
{"level":"info","message":"GET /api/users 304 - - 117.866 ms","timestamp":"2026-03-05 11:34:12"}
{"level":"info","message":"GET /api/tasks 304 - - 92.070 ms","timestamp":"2026-03-05 11:34:13"}
{"level":"info","message":"GET /api/tasks 304 - - 72.162 ms","timestamp":"2026-03-05 11:34:15"}
{"level":"info","message":"GET /api/users 304 - - 127.772 ms","timestamp":"2026-03-05 11:34:15"}
{"level":"info","message":"GET /api/tasks 304 - - 81.029 ms","timestamp":"2026-03-05 11:34:15"}
{"level":"info","message":"GET /api/users 304 - - 110.453 ms","timestamp":"2026-03-05 11:34:16"}
{"level":"info","message":"OPTIONS /api/attendance/2026/3 200 0 - 0.204 ms","timestamp":"2026-03-05 11:34:43"}
{"level":"info","message":"GET /api/attendance/2026/3 304 - - 73.717 ms","timestamp":"2026-03-05 11:34:43"}
{"level":"info","message":"OPTIONS /api/attendance/2026/3 200 0 - 0.059 ms","timestamp":"2026-03-05 11:35:09"}
{"level":"info","message":"OPTIONS /api/users 200 0 - 0.081 ms","timestamp":"2026-03-05 11:35:09"}
{"level":"info","message":"OPTIONS /api/tasks 200 0 - 0.058 ms","timestamp":"2026-03-05 11:35:09"}
{"level":"info","message":"OPTIONS /api/attendance/2026/3 200 0 - 0.052 ms","timestamp":"2026-03-05 11:35:09"}
{"level":"info","message":"OPTIONS /api/users 200 0 - 0.042 ms","timestamp":"2026-03-05 11:35:09"}
{"level":"info","message":"GET /api/attendance/2026/3 304 - - 76.048 ms","timestamp":"2026-03-05 11:35:09"}
{"level":"info","message":"GET /api/tasks 304 - - 77.248 ms","timestamp":"2026-03-05 11:35:09"}
{"level":"info","message":"GET /api/users 200 - - 133.320 ms","timestamp":"2026-03-05 11:35:09"}
{"level":"info","message":"GET /api/attendance/2026/3 304 - - 72.967 ms","timestamp":"2026-03-05 11:35:09"}
{"level":"info","message":"GET /api/tasks 304 - - 90.220 ms","timestamp":"2026-03-05 11:35:09"}
{"level":"info","message":"GET /api/users 304 - - 114.056 ms","timestamp":"2026-03-05 11:35:09"}
{"level":"info","message":"OPTIONS /api/attendance/2026/3 200 0 - 0.194 ms","timestamp":"2026-03-05 11:35:39"}
{"level":"info","message":"GET /api/attendance/2026/3 304 - - 70.322 ms","timestamp":"2026-03-05 11:35:39"}
{"level":"info","message":"OPTIONS /api/attendance/2026/3 200 0 - 0.165 ms","timestamp":"2026-03-05 11:36:09"}
{"level":"info","message":"GET /api/attendance/2026/3 304 - - 73.110 ms","timestamp":"2026-03-05 11:36:09"}
{"level":"info","message":"OPTIONS /api/attendance/2026/3 200 0 - 0.172 ms","timestamp":"2026-03-05 11:36:40"}
{"level":"info","message":"GET /api/attendance/2026/3 304 - - 72.596 ms","timestamp":"2026-03-05 11:36:40"}
{"level":"info","message":"OPTIONS /api/messages/unread-count 200 0 - 0.077 ms","timestamp":"2026-03-05 11:37:04"}
{"level":"info","message":"OPTIONS /api/messages/unread-count 200 0 - 0.063 ms","timestamp":"2026-03-05 11:37:04"}
{"level":"info","message":"GET /api/messages/unread-count 304 - - 53.895 ms","timestamp":"2026-03-05 11:37:04"}
{"level":"info","message":"GET /api/messages/unread-count 304 - - 43.235 ms","timestamp":"2026-03-05 11:37:04"}
{"level":"info","message":"OPTIONS /api/attendance/2026/3 200 0 - 0.096 ms","timestamp":"2026-03-05 11:37:04"}
{"level":"info","message":"OPTIONS /api/users 200 0 - 0.052 ms","timestamp":"2026-03-05 11:37:04"}
{"level":"info","message":"OPTIONS /api/tasks 200 0 - 0.069 ms","timestamp":"2026-03-05 11:37:04"}
{"level":"info","message":"OPTIONS /api/attendance/2026/3 200 0 - 0.113 ms","timestamp":"2026-03-05 11:37:04"}
{"level":"info","message":"OPTIONS /api/tasks 200 0 - 0.050 ms","timestamp":"2026-03-05 11:37:04"}
{"level":"info","message":"GET /api/attendance/2026/3 304 - - 73.853 ms","timestamp":"2026-03-05 11:37:04"}
{"level":"info","message":"GET /api/tasks 304 - - 79.533 ms","timestamp":"2026-03-05 11:37:04"}
{"level":"info","message":"GET /api/users 200 - - 120.182 ms","timestamp":"2026-03-05 11:37:04"}
{"level":"info","message":"GET /api/attendance/2026/3 304 - - 72.934 ms","timestamp":"2026-03-05 11:37:04"}
{"level":"info","message":"GET /api/tasks 304 - - 78.144 ms","timestamp":"2026-03-05 11:37:04"}
{"level":"info","message":"GET /api/users 304 - - 87.146 ms","timestamp":"2026-03-05 11:37:04"}
{"level":"info","message":"OPTIONS /api/attendance/2026/3 200 0 - 0.256 ms","timestamp":"2026-03-05 11:37:35"}
{"level":"info","message":"GET /api/attendance/2026/3 200 - - 69.735 ms","timestamp":"2026-03-05 11:37:35"}
{"level":"info","message":"OPTIONS /api/auth/logout 200 0 - 0.057 ms","timestamp":"2026-03-05 11:37:47"}
{"level":"info","message":"POST /api/auth/logout 200 31 - 0.800 ms","timestamp":"2026-03-05 11:37:47"}
{"level":"info","message":"OPTIONS /api/users/logout 200 0 - 0.071 ms","timestamp":"2026-03-05 11:37:47"}
{"level":"info","message":"POST /api/users/logout 200 33 - 111.120 ms","timestamp":"2026-03-05 11:37:47"}
{"level":"info","message":"OPTIONS /api/auth/login 200 0 - 0.089 ms","timestamp":"2026-03-05 11:38:01"}
{"level":"info","message":"POST /api/auth/login 200 748 - 202.873 ms","timestamp":"2026-03-05 11:38:02"}
{"level":"info","message":"OPTIONS /api/messages/unread-count 200 0 - 0.087 ms","timestamp":"2026-03-05 11:38:02"}
{"level":"info","message":"GET /api/messages/unread-count 304 - - 52.387 ms","timestamp":"2026-03-05 11:38:02"}
{"level":"info","message":"OPTIONS /api/attendance/2026/3 200 0 - 0.059 ms","timestamp":"2026-03-05 11:38:02"}
{"level":"info","message":"OPTIONS /api/users 200 0 - 0.050 ms","timestamp":"2026-03-05 11:38:02"}
{"level":"info","message":"OPTIONS /api/tasks 200 0 - 0.052 ms","timestamp":"2026-03-05 11:38:02"}
{"level":"info","message":"OPTIONS /api/attendance/2026/3 200 0 - 0.048 ms","timestamp":"2026-03-05 11:38:02"}
{"level":"info","message":"GET /api/tasks 200 2 - 45.330 ms","timestamp":"2026-03-05 11:38:02"}
{"level":"info","message":"GET /api/attendance/2026/3 304 - - 76.588 ms","timestamp":"2026-03-05 11:38:02"}
{"level":"info","message":"GET /api/tasks 304 - - 54.900 ms","timestamp":"2026-03-05 11:38:02"}
{"level":"info","message":"GET /api/users 200 - - 129.398 ms","timestamp":"2026-03-05 11:38:02"}
{"level":"info","message":"GET /api/attendance/2026/3 304 - - 79.443 ms","timestamp":"2026-03-05 11:38:02"}
{"level":"info","message":"GET /api/users 304 - - 88.361 ms","timestamp":"2026-03-05 11:38:02"}
{"level":"info","message":"OPTIONS /api/appointments/search?phone=9843240703 200 0 - 0.250 ms","timestamp":"2026-03-05 11:38:13"}
{"level":"info","message":"GET /api/appointments/search?phone=9843240703 404 50 - 58.409 ms","timestamp":"2026-03-05 11:38:13"}
{"level":"info","message":"OPTIONS /api/calls 200 0 - 0.052 ms","timestamp":"2026-03-05 11:38:14"}
{"level":"info","message":"POST /api/calls 201 256 - 52.443 ms","timestamp":"2026-03-05 11:38:15"}
{"level":"info","message":"OPTIONS /api/messages/unread-count 200 0 - 0.112 ms","timestamp":"2026-03-05 11:38:31"}
{"level":"info","message":"OPTIONS /api/messages/unread-count 200 0 - 0.138 ms","timestamp":"2026-03-05 11:38:31"}
{"level":"info","message":"GET /api/messages/unread-count 304 - - 49.189 ms","timestamp":"2026-03-05 11:38:31"}
{"level":"info","message":"GET /api/messages/unread-count 304 - - 57.165 ms","timestamp":"2026-03-05 11:38:31"}
{"level":"info","message":"OPTIONS /api/attendance/2026/3 200 0 - 0.080 ms","timestamp":"2026-03-05 11:38:32"}
{"level":"info","message":"OPTIONS /api/users 200 0 - 0.063 ms","timestamp":"2026-03-05 11:38:32"}
{"level":"info","message":"OPTIONS /api/tasks 200 0 - 0.049 ms","timestamp":"2026-03-05 11:38:32"}
{"level":"info","message":"OPTIONS /api/attendance/2026/3 200 0 - 0.034 ms","timestamp":"2026-03-05 11:38:32"}
{"level":"info","message":"GET /api/tasks 304 - - 41.491 ms","timestamp":"2026-03-05 11:38:32"}
{"level":"info","message":"GET /api/attendance/2026/3 304 - - 75.554 ms","timestamp":"2026-03-05 11:38:32"}
{"level":"info","message":"GET /api/tasks 304 - - 42.509 ms","timestamp":"2026-03-05 11:38:32"}
{"level":"info","message":"GET /api/users 200 - - 110.302 ms","timestamp":"2026-03-05 11:38:32"}
{"level":"info","message":"GET /api/attendance/2026/3 304 - - 81.156 ms","timestamp":"2026-03-05 11:38:32"}
{"level":"info","message":"GET /api/users 304 - - 79.444 ms","timestamp":"2026-03-05 11:38:32"}
{"level":"info","message":"OPTIONS /api/attendance/2026/3 200 0 - 0.080 ms","timestamp":"2026-03-05 11:39:02"}
{"level":"info","message":"GET /api/attendance/2026/3 304 - - 74.573 ms","timestamp":"2026-03-05 11:39:02"}
{"level":"info","message":"OPTIONS /api/attendance/2026/3 200 0 - 0.077 ms","timestamp":"2026-03-05 11:39:32"}
{"level":"info","message":"GET /api/attendance/2026/3 304 - - 68.043 ms","timestamp":"2026-03-05 11:39:32"}
{"level":"info","message":"OPTIONS /api/appointments/search?phone=9843240703 200 0 - 0.075 ms","timestamp":"2026-03-05 11:39:42"}
{"level":"info","message":"GET /api/appointments/search?phone=9843240703 404 50 - 41.546 ms","timestamp":"2026-03-05 11:39:43"}
{"level":"info","message":"OPTIONS /api/calls 200 0 - 0.050 ms","timestamp":"2026-03-05 11:39:43"}
{"level":"info","message":"POST /api/calls 201 256 - 45.834 ms","timestamp":"2026-03-05 11:39:44"}
{"level":"info","message":"OPTIONS /api/%20calls%20/%2069a91e271e5d12054570f7af 200 0 - 0.060 ms","timestamp":"2026-03-05 11:39:51"}
{"level":"info","message":"PATCH /api/%20calls%20/%2069a91e271e5d12054570f7af 404 184 - 1.630 ms","timestamp":"2026-03-05 11:39:51"}
{"level":"info","message":"OPTIONS /api/attendance/2026/3 200 0 - 0.053 ms","timestamp":"2026-03-05 11:40:02"}
{"level":"info","message":"GET /api/attendance/2026/3 304 - - 81.647 ms","timestamp":"2026-03-05 11:40:02"}
{"level":"info","message":"OPTIONS /api/%20calls%20/%2069a91e271e5d12054570f7af 200 0 - 0.070 ms","timestamp":"2026-03-05 11:40:14"}
{"level":"info","message":"PATCH /api/%20calls%20/%2069a91e271e5d12054570f7af 404 184 - 0.747 ms","timestamp":"2026-03-05 11:40:14"}
{"level":"info","message":"OPTIONS /api/attendance/2026/3 200 0 - 0.106 ms","timestamp":"2026-03-05 11:40:32"}
{"level":"info","message":"GET /api/attendance/2026/3 304 - - 80.920 ms","timestamp":"2026-03-05 11:40:32"}
{"level":"info","message":"OPTIONS /api/attendance/2026/3 200 0 - 0.050 ms","timestamp":"2026-03-05 11:41:02"}
{"level":"info","message":"GET /api/attendance/2026/3 304 - - 76.822 ms","timestamp":"2026-03-05 11:41:02"}
{"level":"info","message":"OPTIONS /api/attendance/2026/3 200 0 - 0.048 ms","timestamp":"2026-03-05 11:41:32"}
{"level":"info","message":"GET /api/attendance/2026/3 304 - - 80.933 ms","timestamp":"2026-03-05 11:41:32"}
{"level":"info","message":"OPTIONS /api/attendance/2026/3 200 0 - 0.056 ms","timestamp":"2026-03-05 11:42:02"}
{"level":"info","message":"GET /api/attendance/2026/3 304 - - 77.926 ms","timestamp":"2026-03-05 11:42:02"}
{"level":"info","message":"OPTIONS /api/attendance/2026/3 200 0 - 0.052 ms","timestamp":"2026-03-05 11:42:32"}
{"level":"info","message":"GET /api/attendance/2026/3 304 - - 70.685 ms","timestamp":"2026-03-05 11:42:32"}
{"level":"info","message":"OPTIONS /api/attendance/2026/3 200 0 - 0.082 ms","timestamp":"2026-03-05 11:43:02"}
{"level":"info","message":"GET /api/attendance/2026/3 304 - - 75.365 ms","timestamp":"2026-03-05 11:43:02"}
{"level":"info","message":"OPTIONS /api/messages/unread-count 200 0 - 0.058 ms","timestamp":"2026-03-05 11:43:06"}
{"level":"info","message":"OPTIONS /api/messages/unread-count 200 0 - 0.100 ms","timestamp":"2026-03-05 11:43:06"}
{"level":"info","message":"GET /api/messages/unread-count 304 - - 47.004 ms","timestamp":"2026-03-05 11:43:06"}
{"level":"info","message":"GET /api/messages/unread-count 304 - - 48.460 ms","timestamp":"2026-03-05 11:43:06"}
{"level":"info","message":"OPTIONS /api/users 200 0 - 0.081 ms","timestamp":"2026-03-05 11:43:06"}
{"level":"info","message":"OPTIONS /api/tasks 200 0 - 0.062 ms","timestamp":"2026-03-05 11:43:06"}
{"level":"info","message":"OPTIONS /api/users 200 0 - 0.082 ms","timestamp":"2026-03-05 11:43:06"}
{"level":"info","message":"OPTIONS /api/tasks 200 0 - 0.052 ms","timestamp":"2026-03-05 11:43:06"}
{"level":"info","message":"GET /api/tasks 304 - - 52.033 ms","timestamp":"2026-03-05 11:43:06"}
{"level":"info","message":"GET /api/attendance/2026/3 304 - - 83.295 ms","timestamp":"2026-03-05 11:43:06"}
{"level":"info","message":"GET /api/tasks 304 - - 55.195 ms","timestamp":"2026-03-05 11:43:06"}
{"level":"info","message":"GET /api/users 200 - - 139.249 ms","timestamp":"2026-03-05 11:43:06"}
{"level":"info","message":"GET /api/attendance/2026/3 304 - - 80.544 ms","timestamp":"2026-03-05 11:43:06"}
{"level":"info","message":"GET /api/users 304 - - 100.840 ms","timestamp":"2026-03-05 11:43:06"}
{"level":"info","message":"OPTIONS /api/attendance/2026/3 200 0 - 0.174 ms","timestamp":"2026-03-05 11:43:37"}
{"level":"info","message":"GET /api/attendance/2026/3 200 - - 86.129 ms","timestamp":"2026-03-05 11:43:37"}
{"level":"info","message":"OPTIONS /api/attendance/2026/3 200 0 - 0.165 ms","timestamp":"2026-03-05 11:44:07"}
{"level":"info","message":"GET /api/attendance/2026/3 200 - - 74.136 ms","timestamp":"2026-03-05 11:44:07"}
{"level":"info","message":"OPTIONS /api/attendance/2026/3 200 0 - 0.166 ms","timestamp":"2026-03-05 11:44:37"}
{"level":"info","message":"GET /api/attendance/2026/3 304 - - 86.075 ms","timestamp":"2026-03-05 11:44:37"}
{"level":"info","message":"OPTIONS /api/attendance/2026/3 200 0 - 0.058 ms","timestamp":"2026-03-05 11:45:07"}
{"level":"info","message":"GET /api/attendance/2026/3 304 - - 71.477 ms","timestamp":"2026-03-05 11:45:07"}
{"level":"info","message":"OPTIONS /api/attendance/2026/3 200 0 - 0.090 ms","timestamp":"2026-03-05 11:45:37"}
{"level":"info","message":"GET /api/attendance/2026/3 304 - - 67.776 ms","timestamp":"2026-03-05 11:45:37"}
{"level":"info","message":"OPTIONS /api/messages/unread-count 200 0 - 0.085 ms","timestamp":"2026-03-05 11:45:43"}
{"level":"info","message":"OPTIONS /api/messages/unread-count 200 0 - 0.102 ms","timestamp":"2026-03-05 11:45:43"}
{"level":"info","message":"GET /api/messages/unread-count 304 - - 43.783 ms","timestamp":"2026-03-05 11:45:43"}
{"level":"info","message":"GET /api/messages/unread-count 304 - - 43.932 ms","timestamp":"2026-03-05 11:45:43"}
{"level":"info","message":"OPTIONS /api/attendance/2026/3 200 0 - 0.133 ms","timestamp":"2026-03-05 11:45:44"}
{"level":"info","message":"OPTIONS /api/users 200 0 - 0.066 ms","timestamp":"2026-03-05 11:45:44"}
{"level":"info","message":"OPTIONS /api/tasks 200 0 - 0.048 ms","timestamp":"2026-03-05 11:45:44"}
{"level":"info","message":"OPTIONS /api/attendance/2026/3 200 0 - 0.038 ms","timestamp":"2026-03-05 11:45:44"}
{"level":"info","message":"OPTIONS /api/tasks 200 0 - 0.051 ms","timestamp":"2026-03-05 11:45:44"}
{"level":"info","message":"GET /api/attendance/2026/3 304 - - 66.538 ms","timestamp":"2026-03-05 11:45:44"}
{"level":"info","message":"GET /api/tasks 200 - - 73.714 ms","timestamp":"2026-03-05 11:45:44"}
{"level":"info","message":"GET /api/users 200 - - 126.750 ms","timestamp":"2026-03-05 11:45:44"}
{"level":"info","message":"GET /api/attendance/2026/3 304 - - 68.239 ms","timestamp":"2026-03-05 11:45:44"}
{"level":"info","message":"GET /api/tasks 304 - - 76.138 ms","timestamp":"2026-03-05 11:45:44"}
{"level":"info","message":"GET /api/users 304 - - 97.210 ms","timestamp":"2026-03-05 11:45:44"}
{"level":"info","message":"GET /api/messages/unread-count 304 - - 59.597 ms","timestamp":"2026-03-05 11:45:48"}
{"level":"info","message":"GET /api/messages/unread-count 304 - - 49.443 ms","timestamp":"2026-03-05 11:45:48"}
{"level":"info","message":"GET /api/tasks 304 - - 75.221 ms","timestamp":"2026-03-05 11:45:48"}
{"level":"info","message":"GET /api/attendance/2026/3 304 - - 88.384 ms","timestamp":"2026-03-05 11:45:48"}
{"level":"info","message":"GET /api/users 200 - - 126.768 ms","timestamp":"2026-03-05 11:45:49"}
{"level":"info","message":"GET /api/attendance/2026/3 304 - - 70.111 ms","timestamp":"2026-03-05 11:45:49"}
{"level":"info","message":"GET /api/tasks 304 - - 83.761 ms","timestamp":"2026-03-05 11:45:49"}
{"level":"info","message":"GET /api/users 304 - - 128.787 ms","timestamp":"2026-03-05 11:45:49"}
{"level":"info","message":"OPTIONS /api/auth/logout 200 0 - 0.062 ms","timestamp":"2026-03-05 11:45:49"}
{"level":"info","message":"POST /api/auth/logout 200 31 - 0.713 ms","timestamp":"2026-03-05 11:45:49"}
{"level":"info","message":"OPTIONS /api/users/logout 200 0 - 0.135 ms","timestamp":"2026-03-05 11:45:49"}
{"level":"info","message":"POST /api/users/logout 200 33 - 110.688 ms","timestamp":"2026-03-05 11:45:49"}
{"level":"info","message":"OPTIONS /api/auth/login 200 0 - 0.110 ms","timestamp":"2026-03-05 12:28:18"}
{"level":"info","message":"POST /api/auth/login 200 770 - 193.451 ms","timestamp":"2026-03-05 12:28:18"}
{"level":"info","message":"OPTIONS /api/messages/unread-count 200 0 - 0.183 ms","timestamp":"2026-03-05 12:28:18"}
{"level":"info","message":"GET /api/messages/unread-count 304 - - 44.686 ms","timestamp":"2026-03-05 12:28:18"}
{"level":"info","message":"OPTIONS /api/attendance/2026/3 200 0 - 0.078 ms","timestamp":"2026-03-05 12:28:18"}
{"level":"info","message":"OPTIONS /api/appointments/revenue/reports 200 0 - 0.086 ms","timestamp":"2026-03-05 12:28:18"}
{"level":"info","message":"OPTIONS /api/appointments 200 0 - 0.058 ms","timestamp":"2026-03-05 12:28:18"}
{"level":"info","message":"OPTIONS /api/tasks 200 0 - 0.078 ms","timestamp":"2026-03-05 12:28:18"}
{"level":"info","message":"OPTIONS /api/users/all 200 0 - 0.044 ms","timestamp":"2026-03-05 12:28:18"}
{"level":"info","message":"OPTIONS /api/attendance/range?start=2026-02-28T18:30:00.000Z&end=2026-03-31T18:29:59.999Z 200 0 - 0.077 ms","timestamp":"2026-03-05 12:28:18"}
{"level":"info","message":"OPTIONS /api/admin-status 200 0 - 0.056 ms","timestamp":"2026-03-05 12:28:18"}
{"level":"info","message":"OPTIONS /api/appointments/stats?month=3&year=2026 200 0 - 0.081 ms","timestamp":"2026-03-05 12:28:18"}
{"level":"info","message":"OPTIONS /api/users 200 0 - 0.102 ms","timestamp":"2026-03-05 12:28:18"}
{"level":"info","message":"OPTIONS /api/appointments/stats?month=2&year=2026 200 0 - 0.080 ms","timestamp":"2026-03-05 12:28:18"}
{"level":"info","message":"OPTIONS /api/appointments/revenue 200 0 - 0.055 ms","timestamp":"2026-03-05 12:28:18"}
{"level":"info","message":"OPTIONS /api/appointments/stats?month=2&year=2026 200 0 - 0.068 ms","timestamp":"2026-03-05 12:28:18"}
{"level":"info","message":"OPTIONS /api/appointments/revenue 200 0 - 0.112 ms","timestamp":"2026-03-05 12:28:18"}
{"level":"info","message":"GET /api/appointments/revenue/reports 304 - - 54.528 ms","timestamp":"2026-03-05 12:28:18"}
{"level":"info","message":"GET /api/attendance/2026/3 200 - - 91.302 ms","timestamp":"2026-03-05 12:28:18"}
{"level":"info","message":"GET /api/tasks 304 - - 120.382 ms","timestamp":"2026-03-05 12:28:19"}
{"level":"info","message":"GET /api/attendance/range?start=2026-02-28T18:30:00.000Z&end=2026-03-31T18:29:59.999Z 200 - - 121.640 ms","timestamp":"2026-03-05 12:28:19"}
{"level":"info","message":"GET /api/users/all 200 - - 136.179 ms","timestamp":"2026-03-05 12:28:19"}
{"level":"info","message":"GET /api/appointments 200 - - 165.040 ms","timestamp":"2026-03-05 12:28:19"}
{"level":"info","message":"GET /api/appointments/stats?month=3&year=2026 200 11 - 75.166 ms","timestamp":"2026-03-05 12:28:19"}
{"level":"info","message":"GET /api/appointments/stats?month=2&year=2026 304 - - 46.139 ms","timestamp":"2026-03-05 12:28:19"}
{"level":"info","message":"GET /api/appointments/revenue/reports 304 - - 41.871 ms","timestamp":"2026-03-05 12:28:19"}
{"level":"info","message":"GET /api/appointments/revenue 200 45 - 75.108 ms","timestamp":"2026-03-05 12:28:19"}
{"level":"info","message":"GET /api/attendance/2026/3 304 - - 79.064 ms","timestamp":"2026-03-05 12:28:19"}
{"level":"info","message":"GET /api/users 200 - - 117.621 ms","timestamp":"2026-03-05 12:28:19"}
{"level":"info","message":"GET /api/attendance/range?start=2026-02-28T18:30:00.000Z&end=2026-03-31T18:29:59.999Z 304 - - 65.873 ms","timestamp":"2026-03-05 12:28:19"}
{"level":"info","message":"GET /api/tasks 304 - - 88.480 ms","timestamp":"2026-03-05 12:28:19"}
{"level":"info","message":"GET /api/admin-status 200 50 - 255.376 ms","timestamp":"2026-03-05 12:28:19"}
{"level":"info","message":"GET /api/appointments/stats?month=3&year=2026 304 - - 42.410 ms","timestamp":"2026-03-05 12:28:19"}
{"level":"info","message":"GET /api/appointments/stats?month=2&year=2026 304 - - 49.843 ms","timestamp":"2026-03-05 12:28:19"}
{"level":"info","message":"GET /api/users/all 304 - - 125.781 ms","timestamp":"2026-03-05 12:28:19"}
{"level":"info","message":"GET /api/appointments/revenue 304 - - 92.739 ms","timestamp":"2026-03-05 12:28:19"}
{"level":"info","message":"GET /api/appointments 304 - - 168.013 ms","timestamp":"2026-03-05 12:28:19"}
{"level":"info","message":"GET /api/admin-status 304 - - 88.344 ms","timestamp":"2026-03-05 12:28:19"}
{"level":"info","message":"GET /api/tasks 304 - - 106.080 ms","timestamp":"2026-03-05 12:28:19"}
{"level":"info","message":"GET /api/users 304 - - 129.234 ms","timestamp":"2026-03-05 12:28:19"}
{"level":"info","message":"GET /api/tasks 304 - - 64.808 ms","timestamp":"2026-03-05 12:28:19"}
{"level":"info","message":"OPTIONS /api/appointments/revenue/report 200 0 - 0.084 ms","timestamp":"2026-03-05 12:28:27"}
{"level":"info","message":"OPTIONS /api/appointments/all 200 0 - 0.049 ms","timestamp":"2026-03-05 12:28:27"}
{"level":"info","message":"OPTIONS /api/users 200 0 - 0.055 ms","timestamp":"2026-03-05 12:28:27"}
{"level":"info","message":"OPTIONS /api/appointments/all 200 0 - 0.042 ms","timestamp":"2026-03-05 12:28:27"}
{"level":"info","message":"POST /api/appointments/revenue/report 200 312 - 101.876 ms","timestamp":"2026-03-05 12:28:27"}
{"level":"info","message":"POST /api/appointments/revenue/report 200 312 - 100.821 ms","timestamp":"2026-03-05 12:28:27"}
{"level":"info","message":"GET /api/users 200 - - 119.017 ms","timestamp":"2026-03-05 12:28:27"}
{"level":"info","message":"GET /api/appointments/all 200 - - 129.325 ms","timestamp":"2026-03-05 12:28:27"}
{"level":"info","message":"GET /api/users 304 - - 99.999 ms","timestamp":"2026-03-05 12:28:27"}
{"level":"info","message":"GET /api/appointments/all 304 - - 138.517 ms","timestamp":"2026-03-05 12:28:27"}
{"level":"info","message":"OPTIONS /api/attendance/2026/3 200 0 - 0.247 ms","timestamp":"2026-03-05 12:28:48"}
{"level":"info","message":"GET /api/attendance/2026/3 304 - - 81.157 ms","timestamp":"2026-03-05 12:28:48"}
{"level":"info","message":"OPTIONS /api/appointments/69a921d4b3ecad5bc13d0da4 200 0 - 0.064 ms","timestamp":"2026-03-05 12:29:02"}
{"level":"info","message":"PUT /api/appointments/69a921d4b3ecad5bc13d0da4 200 650 - 72.278 ms","timestamp":"2026-03-05 12:29:02"}
{"level":"info","message":"OPTIONS /api/appointments 200 0 - 0.072 ms","timestamp":"2026-03-05 12:29:02"}
{"level":"info","message":"GET /api/appointments 200 - - 168.351 ms","timestamp":"2026-03-05 12:29:02"}
{"level":"info","message":"GET /api/appointments 304 - - 133.169 ms","timestamp":"2026-03-05 12:29:02"}
{"level":"info","message":"OPTIONS /api/appointments/revenue/reports 200 0 - 0.098 ms","timestamp":"2026-03-05 12:29:05"}
{"level":"info","message":"OPTIONS /api/tasks 200 0 - 0.119 ms","timestamp":"2026-03-05 12:29:05"}
{"level":"info","message":"OPTIONS /api/users/all 200 0 - 0.048 ms","timestamp":"2026-03-05 12:29:05"}
{"level":"info","message":"OPTIONS /api/attendance/range?start=2026-02-28T18:30:00.000Z&end=2026-03-31T18:29:59.999Z 200 0 - 0.074 ms","timestamp":"2026-03-05 12:29:05"}
{"level":"info","message":"OPTIONS /api/admin-status 200 0 - 0.061 ms","timestamp":"2026-03-05 12:29:06"}
{"level":"info","message":"OPTIONS /api/appointments/stats?month=3&year=2026 200 0 - 0.061 ms","timestamp":"2026-03-05 12:29:06"}
{"level":"info","message":"OPTIONS /api/appointments/stats?month=2&year=2026 200 0 - 0.066 ms","timestamp":"2026-03-05 12:29:06"}
{"level":"info","message":"OPTIONS /api/appointments/revenue 200 0 - 0.054 ms","timestamp":"2026-03-05 12:29:06"}
{"level":"info","message":"OPTIONS /api/users 200 0 - 0.083 ms","timestamp":"2026-03-05 12:29:06"}
{"level":"info","message":"GET /api/appointments/revenue/reports 304 - - 53.673 ms","timestamp":"2026-03-05 12:29:06"}
{"level":"info","message":"GET /api/admin-status 200 49 - 62.028 ms","timestamp":"2026-03-05 12:29:06"}
{"level":"info","message":"GET /api/attendance/range?start=2026-02-28T18:30:00.000Z&end=2026-03-31T18:29:59.999Z 304 - - 77.877 ms","timestamp":"2026-03-05 12:29:06"}
{"level":"info","message":"GET /api/tasks 304 - - 99.738 ms","timestamp":"2026-03-05 12:29:06"}
{"level":"info","message":"GET /api/appointments/stats?month=3&year=2026 304 - - 93.611 ms","timestamp":"2026-03-05 12:29:06"}
{"level":"info","message":"GET /api/appointments 304 - - 179.856 ms","timestamp":"2026-03-05 12:29:06"}
{"level":"info","message":"GET /api/appointments/stats?month=2&year=2026 304 - - 102.976 ms","timestamp":"2026-03-05 12:29:06"}
{"level":"info","message":"GET /api/users/all 200 - - 142.453 ms","timestamp":"2026-03-05 12:29:06"}
{"level":"info","message":"GET /api/appointments/revenue 200 45 - 111.211 ms","timestamp":"2026-03-05 12:29:06"}
{"level":"info","message":"GET /api/appointments/revenue/reports 304 - - 44.519 ms","timestamp":"2026-03-05 12:29:06"}
{"level":"info","message":"GET /api/admin-status 304 - - 46.706 ms","timestamp":"2026-03-05 12:29:06"}
{"level":"info","message":"GET /api/appointments/stats?month=3&year=2026 304 - - 42.122 ms","timestamp":"2026-03-05 12:29:06"}
{"level":"info","message":"GET /api/attendance/range?start=2026-02-28T18:30:00.000Z&end=2026-03-31T18:29:59.999Z 304 - - 78.628 ms","timestamp":"2026-03-05 12:29:06"}
{"level":"info","message":"GET /api/tasks 304 - - 81.669 ms","timestamp":"2026-03-05 12:29:06"}
{"level":"info","message":"GET /api/appointments/stats?month=2&year=2026 304 - - 42.878 ms","timestamp":"2026-03-05 12:29:06"}
{"level":"info","message":"GET /api/users 200 - - 163.432 ms","timestamp":"2026-03-05 12:29:06"}
{"level":"info","message":"GET /api/users/all 304 - - 71.422 ms","timestamp":"2026-03-05 12:29:06"}
{"level":"info","message":"GET /api/appointments 304 - - 122.399 ms","timestamp":"2026-03-05 12:29:06"}
{"level":"info","message":"GET /api/appointments/revenue 304 - - 98.118 ms","timestamp":"2026-03-05 12:29:06"}
{"level":"info","message":"GET /api/tasks 304 - - 85.777 ms","timestamp":"2026-03-05 12:29:06"}
{"level":"info","message":"GET /api/users 304 - - 119.526 ms","timestamp":"2026-03-05 12:29:06"}
{"level":"info","message":"GET /api/tasks 304 - - 75.124 ms","timestamp":"2026-03-05 12:29:06"}
{"level":"info","message":"OPTIONS /api/messages/unread-count 200 0 - 0.070 ms","timestamp":"2026-03-05 12:29:12"}
{"level":"info","message":"OPTIONS /api/messages/unread-count 200 0 - 0.095 ms","timestamp":"2026-03-05 12:29:12"}
{"level":"info","message":"GET /api/messages/unread-count 304 - - 51.008 ms","timestamp":"2026-03-05 12:29:12"}
{"level":"info","message":"GET /api/messages/unread-count 304 - - 69.635 ms","timestamp":"2026-03-05 12:29:12"}
{"level":"info","message":"OPTIONS /api/attendance/2026/3 200 0 - 0.056 ms","timestamp":"2026-03-05 12:29:12"}
{"level":"info","message":"OPTIONS /api/appointments/revenue/reports 200 0 - 0.059 ms","timestamp":"2026-03-05 12:29:12"}
{"level":"info","message":"OPTIONS /api/appointments 200 0 - 0.075 ms","timestamp":"2026-03-05 12:29:12"}
{"level":"info","message":"OPTIONS /api/tasks 200 0 - 0.046 ms","timestamp":"2026-03-05 12:29:12"}
{"level":"info","message":"OPTIONS /api/users/all 200 0 - 0.059 ms","timestamp":"2026-03-05 12:29:12"}
{"level":"info","message":"OPTIONS /api/attendance/range?start=2026-02-28T18:30:00.000Z&end=2026-03-31T18:29:59.999Z 200 0 - 0.049 ms","timestamp":"2026-03-05 12:29:12"}
{"level":"info","message":"OPTIONS /api/admin-status 200 0 - 0.059 ms","timestamp":"2026-03-05 12:29:12"}
{"level":"info","message":"OPTIONS /api/appointments/stats?month=2&year=2026 200 0 - 0.080 ms","timestamp":"2026-03-05 12:29:12"}
{"level":"info","message":"OPTIONS /api/appointments/revenue 200 0 - 0.071 ms","timestamp":"2026-03-05 12:29:12"}
{"level":"info","message":"OPTIONS /api/appointments/stats?month=3&year=2026 200 0 - 0.076 ms","timestamp":"2026-03-05 12:29:12"}
{"level":"info","message":"OPTIONS /api/users 200 0 - 0.065 ms","timestamp":"2026-03-05 12:29:12"}
{"level":"info","message":"GET /api/appointments/revenue/reports 304 - - 40.700 ms","timestamp":"2026-03-05 12:29:12"}
{"level":"info","message":"GET /api/attendance/2026/3 304 - - 79.502 ms","timestamp":"2026-03-05 12:29:12"}
{"level":"info","message":"GET /api/attendance/range?start=2026-02-28T18:30:00.000Z&end=2026-03-31T18:29:59.999Z 304 - - 66.820 ms","timestamp":"2026-03-05 12:29:12"}
{"level":"info","message":"GET /api/tasks 304 - - 80.045 ms","timestamp":"2026-03-05 12:29:12"}
{"level":"info","message":"GET /api/admin-status 304 - - 69.030 ms","timestamp":"2026-03-05 12:29:12"}
{"level":"info","message":"GET /api/appointments 304 - - 144.805 ms","timestamp":"2026-03-05 12:29:12"}
{"level":"info","message":"GET /api/appointments/stats?month=2&year=2026 304 - - 72.588 ms","timestamp":"2026-03-05 12:29:12"}
{"level":"info","message":"GET /api/users/all 200 - - 118.233 ms","timestamp":"2026-03-05 12:29:12"}
{"level":"info","message":"GET /api/appointments/stats?month=3&year=2026 304 - - 69.381 ms","timestamp":"2026-03-05 12:29:12"}
{"level":"info","message":"GET /api/appointments/revenue 304 - - 107.739 ms","timestamp":"2026-03-05 12:29:12"}
{"level":"info","message":"GET /api/appointments/revenue/reports 304 - - 48.140 ms","timestamp":"2026-03-05 12:29:12"}
{"level":"info","message":"GET /api/attendance/2026/3 304 - - 84.655 ms","timestamp":"2026-03-05 12:29:12"}
{"level":"info","message":"GET /api/tasks 304 - - 80.510 ms","timestamp":"2026-03-05 12:29:12"}
{"level":"info","message":"GET /api/users 200 - - 90.995 ms","timestamp":"2026-03-05 12:29:12"}
{"level":"info","message":"GET /api/attendance/range?start=2026-02-28T18:30:00.000Z&end=2026-03-31T18:29:59.999Z 304 - - 104.358 ms","timestamp":"2026-03-05 12:29:12"}
{"level":"info","message":"GET /api/admin-status 304 - - 65.184 ms","timestamp":"2026-03-05 12:29:12"}
{"level":"info","message":"GET /api/appointments/stats?month=2&year=2026 304 - - 43.945 ms","timestamp":"2026-03-05 12:29:12"}
{"level":"info","message":"GET /api/appointments/stats?month=3&year=2026 304 - - 57.566 ms","timestamp":"2026-03-05 12:29:12"}
{"level":"info","message":"GET /api/users/all 304 - - 93.658 ms","timestamp":"2026-03-05 12:29:12"}
{"level":"info","message":"GET /api/appointments/revenue 304 - - 81.474 ms","timestamp":"2026-03-05 12:29:12"}
{"level":"info","message":"GET /api/appointments 304 - - 155.272 ms","timestamp":"2026-03-05 12:29:12"}
{"level":"info","message":"GET /api/tasks 304 - - 95.582 ms","timestamp":"2026-03-05 12:29:12"}
{"level":"info","message":"GET /api/users 304 - - 95.977 ms","timestamp":"2026-03-05 12:29:13"}
{"level":"info","message":"GET /api/tasks 304 - - 77.688 ms","timestamp":"2026-03-05 12:29:13"}
{"level":"info","message":"OPTIONS /api/calls/daily-stats 200 0 - 0.067 ms","timestamp":"2026-03-05 12:29:15"}
{"level":"info","message":"OPTIONS /api/calls/daily-stats 200 0 - 0.043 ms","timestamp":"2026-03-05 12:29:15"}
{"level":"info","message":"GET /api/calls/daily-stats 200 - - 54.421 ms","timestamp":"2026-03-05 12:29:15"}
{"level":"info","message":"GET /api/calls/daily-stats 200 - - 57.892 ms","timestamp":"2026-03-05 12:29:15"}
{"level":"info","message":"OPTIONS /api/attendance/2026/3 200 0 - 0.107 ms","timestamp":"2026-03-05 12:29:43"}
{"level":"info","message":"GET /api/attendance/2026/3 304 - - 70.433 ms","timestamp":"2026-03-05 12:29:43"}
{"level":"info","message":"OPTIONS /api/attendance/2026/3 200 0 - 0.264 ms","timestamp":"2026-03-05 12:30:13"}
{"level":"info","message":"GET /api/attendance/2026/3 304 - - 80.503 ms","timestamp":"2026-03-05 12:30:13"}
{"level":"info","message":"OPTIONS /api/attendance/2026/3 200 0 - 0.155 ms","timestamp":"2026-03-05 12:30:43"}
{"level":"info","message":"GET /api/attendance/2026/3 304 - - 99.733 ms","timestamp":"2026-03-05 12:30:43"}
{"level":"info","message":"OPTIONS /api/attendance/2026/3 200 0 - 0.227 ms","timestamp":"2026-03-05 12:31:13"}
{"level":"info","message":"GET /api/attendance/2026/3 304 - - 74.509 ms","timestamp":"2026-03-05 12:31:13"}
{"level":"info","message":"OPTIONS /api/attendance/2026/3 200 0 - 0.118 ms","timestamp":"2026-03-05 12:31:43"}
{"level":"info","message":"GET /api/attendance/2026/3 304 - - 61.431 ms","timestamp":"2026-03-05 12:31:43"}
{"level":"info","message":"OPTIONS /api/attendance/2026/3 200 0 - 0.080 ms","timestamp":"2026-03-05 12:32:13"}
{"level":"info","message":"GET /api/attendance/2026/3 304 - - 72.643 ms","timestamp":"2026-03-05 12:32:13"}
{"level":"info","message":"OPTIONS /api/attendance/2026/3 200 0 - 0.158 ms","timestamp":"2026-03-05 12:33:28"}
{"level":"info","message":"GET /api/attendance/2026/3 304 - - 82.844 ms","timestamp":"2026-03-05 12:33:28"}
{"level":"info","message":"OPTIONS /api/attendance/2026/3 200 0 - 0.135 ms","timestamp":"2026-03-05 12:33:46"}
{"level":"info","message":"GET /api/attendance/2026/3 304 - - 69.820 ms","timestamp":"2026-03-05 12:33:46"}
{"level":"info","message":"OPTIONS /api/attendance/2026/3 200 0 - 0.258 ms","timestamp":"2026-03-05 12:34:13"}
{"level":"info","message":"GET /api/attendance/2026/3 304 - - 68.660 ms","timestamp":"2026-03-05 12:34:13"}
{"level":"info","message":"OPTIONS /api/attendance/2026/3 200 0 - 0.110 ms","timestamp":"2026-03-05 12:34:43"}
{"level":"info","message":"GET /api/attendance/2026/3 304 - - 72.138 ms","timestamp":"2026-03-05 12:34:43"}
{"level":"info","message":"OPTIONS /api/attendance/2026/3 200 0 - 0.144 ms","timestamp":"2026-03-05 12:35:28"}
{"level":"info","message":"GET /api/attendance/2026/3 304 - - 71.217 ms","timestamp":"2026-03-05 12:35:28"}
{"level":"info","message":"OPTIONS /api/attendance/2026/3 200 0 - 0.241 ms","timestamp":"2026-03-05 12:36:28"}
{"level":"info","message":"GET /api/attendance/2026/3 304 - - 96.524 ms","timestamp":"2026-03-05 12:36:28"}
{"level":"info","message":"OPTIONS /api/attendance/2026/3 200 0 - 0.101 ms","timestamp":"2026-03-05 12:37:28"}
{"level":"info","message":"GET /api/attendance/2026/3 304 - - 66.226 ms","timestamp":"2026-03-05 12:37:28"}
{"level":"info","message":"OPTIONS /api/attendance/2026/3 200 0 - 0.073 ms","timestamp":"2026-03-05 12:38:28"}
{"level":"info","message":"GET /api/attendance/2026/3 304 - - 75.328 ms","timestamp":"2026-03-05 12:38:28"}
{"level":"info","message":"OPTIONS /api/attendance/2026/3 200 0 - 0.165 ms","timestamp":"2026-03-05 12:39:28"}
{"level":"info","message":"GET /api/attendance/2026/3 304 - - 105.413 ms","timestamp":"2026-03-05 12:39:28"}
{"level":"info","message":"OPTIONS /api/attendance/2026/3 200 0 - 0.235 ms","timestamp":"2026-03-05 12:40:28"}
{"level":"info","message":"GET /api/attendance/2026/3 304 - - 77.738 ms","timestamp":"2026-03-05 12:40:28"}
{"level":"info","message":"OPTIONS /api/attendance/2026/3 200 0 - 0.433 ms","timestamp":"2026-03-05 12:41:28"}
{"level":"info","message":"GET /api/attendance/2026/3 304 - - 117.237 ms","timestamp":"2026-03-05 12:41:28"}
{"level":"info","message":"OPTIONS /api/attendance/2026/3 200 0 - 0.154 ms","timestamp":"2026-03-05 12:42:28"}
{"level":"info","message":"GET /api/attendance/2026/3 304 - - 77.178 ms","timestamp":"2026-03-05 12:42:28"}
{"level":"info","message":"OPTIONS /api/attendance/2026/3 200 0 - 0.304 ms","timestamp":"2026-03-05 12:43:28"}
{"level":"info","message":"GET /api/attendance/2026/3 304 - - 70.027 ms","timestamp":"2026-03-05 12:43:28"}
{"level":"info","message":"OPTIONS /api/attendance/2026/3 200 0 - 0.071 ms","timestamp":"2026-03-05 12:44:28"}
{"level":"info","message":"GET /api/attendance/2026/3 304 - - 73.968 ms","timestamp":"2026-03-05 12:44:28"}
{"level":"info","message":"OPTIONS /api/attendance/2026/3 200 0 - 0.172 ms","timestamp":"2026-03-05 12:45:28"}
{"level":"info","message":"GET /api/attendance/2026/3 304 - - 71.130 ms","timestamp":"2026-03-05 12:45:28"}
{"level":"info","message":"OPTIONS /api/attendance/2026/3 200 0 - 0.057 ms","timestamp":"2026-03-05 12:46:28"}
{"level":"info","message":"GET /api/attendance/2026/3 304 - - 72.821 ms","timestamp":"2026-03-05 12:46:28"}
{"level":"info","message":"OPTIONS /api/attendance/2026/3 200 0 - 0.178 ms","timestamp":"2026-03-05 12:47:28"}
{"level":"info","message":"GET /api/attendance/2026/3 304 - - 90.719 ms","timestamp":"2026-03-05 12:47:28"}
{"level":"info","message":"OPTIONS /api/attendance/2026/3 200 0 - 0.075 ms","timestamp":"2026-03-05 12:48:28"}
{"level":"info","message":"GET /api/attendance/2026/3 304 - - 77.656 ms","timestamp":"2026-03-05 12:48:28"}
{"level":"info","message":"OPTIONS /api/attendance/2026/3 200 0 - 0.045 ms","timestamp":"2026-03-05 12:49:28"}
{"level":"info","message":"GET /api/attendance/2026/3 304 - - 64.262 ms","timestamp":"2026-03-05 12:49:28"}
{"level":"info","message":"OPTIONS /api/attendance/2026/3 200 0 - 0.078 ms","timestamp":"2026-03-05 12:50:28"}
{"level":"info","message":"GET /api/attendance/2026/3 304 - - 75.539 ms","timestamp":"2026-03-05 12:50:28"}
{"level":"info","message":"OPTIONS /api/attendance/2026/3 200 0 - 0.061 ms","timestamp":"2026-03-05 12:51:28"}
{"level":"info","message":"GET /api/attendance/2026/3 304 - - 80.430 ms","timestamp":"2026-03-05 12:51:28"}
{"level":"info","message":"OPTIONS /api/attendance/2026/3 200 0 - 0.249 ms","timestamp":"2026-03-05 12:52:28"}
{"level":"info","message":"GET /api/attendance/2026/3 304 - - 75.798 ms","timestamp":"2026-03-05 12:52:28"}
{"level":"info","message":"OPTIONS /api/attendance/2026/3 200 0 - 0.152 ms","timestamp":"2026-03-05 12:53:11"}
{"level":"info","message":"GET /api/attendance/2026/3 304 - - 73.028 ms","timestamp":"2026-03-05 12:53:11"}
{"level":"info","message":"OPTIONS /api/attendance/2026/3 200 0 - 0.115 ms","timestamp":"2026-03-05 12:53:43"}
{"level":"info","message":"GET /api/attendance/2026/3 304 - - 80.230 ms","timestamp":"2026-03-05 12:53:43"}
{"level":"info","message":"OPTIONS /api/attendance/range?start=2026-02-28T18:30:00.000Z&end=2026-03-31T18:29:59.999Z 200 0 - 0.067 ms","timestamp":"2026-03-05 12:54:03"}
{"level":"info","message":"OPTIONS /api/attendance/range?start=2026-02-28T18:30:00.000Z&end=2026-03-31T18:29:59.999Z 200 0 - 0.049 ms","timestamp":"2026-03-05 12:54:03"}
{"level":"info","message":"GET /api/attendance/range?start=2026-02-28T18:30:00.000Z&end=2026-03-31T18:29:59.999Z 304 - - 82.542 ms","timestamp":"2026-03-05 12:54:03"}
{"level":"info","message":"GET /api/attendance/range?start=2026-02-28T18:30:00.000Z&end=2026-03-31T18:29:59.999Z 304 - - 98.118 ms","timestamp":"2026-03-05 12:54:03"}
{"level":"info","message":"OPTIONS /api/attendance/2026/3 200 0 - 0.169 ms","timestamp":"2026-03-05 12:54:13"}
{"level":"info","message":"GET /api/attendance/2026/3 304 - - 77.413 ms","timestamp":"2026-03-05 12:54:13"}
{"level":"info","message":"OPTIONS /api/attendance/2026/3 200 0 - 0.076 ms","timestamp":"2026-03-05 12:54:43"}
{"level":"info","message":"GET /api/attendance/2026/3 304 - - 76.438 ms","timestamp":"2026-03-05 12:54:43"}
{"level":"info","message":"OPTIONS /api/attendance/2026/3 200 0 - 0.088 ms","timestamp":"2026-03-05 12:55:24"}
{"level":"info","message":"GET /api/attendance/2026/3 304 - - 64.345 ms","timestamp":"2026-03-05 12:55:24"}
{"level":"info","message":"OPTIONS /api/attendance/2026/3 200 0 - 0.079 ms","timestamp":"2026-03-05 12:55:43"}
{"level":"info","message":"GET /api/attendance/2026/3 304 - - 64.032 ms","timestamp":"2026-03-05 12:55:43"}
{"level":"info","message":"OPTIONS /api/attendance/2026/3 200 0 - 0.099 ms","timestamp":"2026-03-05 12:56:13"}
{"level":"info","message":"GET /api/attendance/2026/3 304 - - 71.676 ms","timestamp":"2026-03-05 12:56:13"}
{"level":"info","message":"OPTIONS /api/attendance/2026/3 200 0 - 0.093 ms","timestamp":"2026-03-05 12:57:14"}
{"level":"info","message":"GET /api/attendance/2026/3 304 - - 65.226 ms","timestamp":"2026-03-05 12:57:14"}
{"level":"info","message":"OPTIONS /api/attendance/manual 200 0 - 0.049 ms","timestamp":"2026-03-05 12:57:25"}
{"level":"info","message":"POST /api/attendance/manual 200 369 - 97.410 ms","timestamp":"2026-03-05 12:57:25"}
{"level":"info","message":"OPTIONS /api/attendance/range?start=2026-02-28T18:30:00.000Z&end=2026-03-31T18:29:59.999Z 200 0 - 0.054 ms","timestamp":"2026-03-05 12:57:25"}
{"level":"info","message":"GET /api/attendance/range?start=2026-02-28T18:30:00.000Z&end=2026-03-31T18:29:59.999Z 200 - - 77.117 ms","timestamp":"2026-03-05 12:57:25"}
{"level":"info","message":"GET /api/attendance/range?start=2026-02-28T18:30:00.000Z&end=2026-03-31T18:29:59.999Z 304 - - 65.547 ms","timestamp":"2026-03-05 12:57:25"}
{"level":"info","message":"OPTIONS /api/attendance/2026/3 200 0 - 0.168 ms","timestamp":"2026-03-05 12:57:43"}
{"level":"info","message":"GET /api/attendance/2026/3 200 - - 79.443 ms","timestamp":"2026-03-05 12:57:43"}
{"level":"info","message":"OPTIONS /api/attendance/2026/3 200 0 - 0.045 ms","timestamp":"2026-03-05 12:58:13"}
{"level":"info","message":"GET /api/attendance/2026/3 304 - - 70.727 ms","timestamp":"2026-03-05 12:58:13"}
{"level":"info","message":"OPTIONS /api/attendance/2026/3 200 0 - 0.066 ms","timestamp":"2026-03-05 12:58:42"}
{"level":"info","message":"GET /api/attendance/2026/3 304 - - 71.626 ms","timestamp":"2026-03-05 12:58:42"}
{"level":"info","message":"OPTIONS /api/attendance/2026/3 200 0 - 0.210 ms","timestamp":"2026-03-05 12:59:13"}
{"level":"info","message":"GET /api/attendance/2026/3 304 - - 64.450 ms","timestamp":"2026-03-05 12:59:13"}
{"level":"info","message":"OPTIONS /api/attendance/2026/3 200 0 - 0.049 ms","timestamp":"2026-03-05 12:59:43"}
{"level":"info","message":"GET /api/attendance/2026/3 304 - - 62.062 ms","timestamp":"2026-03-05 12:59:43"}
{"level":"info","message":"OPTIONS /api/attendance/2026/3 200 0 - 0.188 ms","timestamp":"2026-03-05 13:00:28"}
{"level":"info","message":"GET /api/attendance/2026/3 304 - - 80.547 ms","timestamp":"2026-03-05 13:00:28"}
{"level":"info","message":"OPTIONS /api/attendance/2026/3 200 0 - 0.242 ms","timestamp":"2026-03-05 13:01:28"}
{"level":"info","message":"GET /api/attendance/2026/3 304 - - 69.204 ms","timestamp":"2026-03-05 13:01:28"}
{"level":"info","message":"OPTIONS /api/attendance/2026/3 200 0 - 0.073 ms","timestamp":"2026-03-05 13:02:28"}
{"level":"info","message":"GET /api/attendance/2026/3 304 - - 72.333 ms","timestamp":"2026-03-05 13:02:28"}
{"level":"info","message":"OPTIONS /api/attendance/2026/3 200 0 - 0.072 ms","timestamp":"2026-03-05 13:03:28"}
{"level":"info","message":"GET /api/attendance/2026/3 304 - - 81.757 ms","timestamp":"2026-03-05 13:03:28"}
{"level":"info","message":"OPTIONS /api/attendance/2026/3 200 0 - 0.076 ms","timestamp":"2026-03-05 13:04:28"}
{"level":"info","message":"GET /api/attendance/2026/3 304 - - 69.408 ms","timestamp":"2026-03-05 13:04:28"}
{"level":"info","message":"OPTIONS /api/attendance/2026/3 200 0 - 0.045 ms","timestamp":"2026-03-05 13:05:28"}
{"level":"info","message":"GET /api/attendance/2026/3 304 - - 63.678 ms","timestamp":"2026-03-05 13:05:28"}
{"level":"info","message":"OPTIONS /api/attendance/2026/3 200 0 - 0.092 ms","timestamp":"2026-03-05 13:06:28"}
{"level":"info","message":"GET /api/attendance/2026/3 304 - - 73.264 ms","timestamp":"2026-03-05 13:06:28"}
{"level":"info","message":"OPTIONS /api/attendance/2026/3 200 0 - 0.196 ms","timestamp":"2026-03-05 13:07:28"}
{"level":"info","message":"GET /api/attendance/2026/3 304 - - 90.591 ms","timestamp":"2026-03-05 13:07:28"}
{"level":"info","message":"OPTIONS /api/attendance/2026/3 200 0 - 0.101 ms","timestamp":"2026-03-05 13:08:28"}
{"level":"info","message":"GET /api/attendance/2026/3 304 - - 75.458 ms","timestamp":"2026-03-05 13:08:28"}
{"level":"info","message":"OPTIONS /api/attendance/2026/3 200 0 - 0.051 ms","timestamp":"2026-03-05 13:09:28"}
{"level":"info","message":"GET /api/attendance/2026/3 304 - - 83.390 ms","timestamp":"2026-03-05 13:09:28"}
{"level":"info","message":"OPTIONS /api/attendance/2026/3 200 0 - 0.240 ms","timestamp":"2026-03-05 13:10:28"}
{"level":"info","message":"GET /api/attendance/2026/3 304 - - 81.380 ms","timestamp":"2026-03-05 13:10:28"}
{"level":"info","message":"OPTIONS /api/attendance/2026/3 200 0 - 0.064 ms","timestamp":"2026-03-05 13:11:28"}
{"level":"info","message":"GET /api/attendance/2026/3 304 - - 83.462 ms","timestamp":"2026-03-05 13:11:28"}
{"level":"info","message":"OPTIONS /api/attendance/2026/3 200 0 - 0.162 ms","timestamp":"2026-03-05 13:12:28"}
{"level":"info","message":"GET /api/attendance/2026/3 304 - - 81.340 ms","timestamp":"2026-03-05 13:12:28"}
{"level":"info","message":"OPTIONS /api/attendance/2026/3 200 0 - 0.179 ms","timestamp":"2026-03-05 13:13:28"}
{"level":"info","message":"GET /api/attendance/2026/3 304 - - 68.216 ms","timestamp":"2026-03-05 13:13:28"}
{"level":"info","message":"OPTIONS /api/attendance/2026/3 200 0 - 0.160 ms","timestamp":"2026-03-05 13:14:28"}
{"level":"info","message":"GET /api/attendance/2026/3 304 - - 81.259 ms","timestamp":"2026-03-05 13:14:28"}
{"level":"info","message":"OPTIONS /api/attendance/2026/3 200 0 - 0.326 ms","timestamp":"2026-03-05 13:15:28"}
{"level":"info","message":"GET /api/attendance/2026/3 304 - - 79.379 ms","timestamp":"2026-03-05 13:15:28"}
{"level":"info","message":"OPTIONS /api/attendance/2026/3 200 0 - 0.157 ms","timestamp":"2026-03-05 13:16:28"}
{"level":"info","message":"GET /api/attendance/2026/3 304 - - 74.442 ms","timestamp":"2026-03-05 13:16:28"}
{"level":"info","message":"OPTIONS /api/attendance/2026/3 200 0 - 0.162 ms","timestamp":"2026-03-05 13:17:28"}
{"level":"info","message":"GET /api/attendance/2026/3 304 - - 75.255 ms","timestamp":"2026-03-05 13:17:28"}
{"level":"info","message":"OPTIONS /api/attendance/2026/3 200 0 - 0.064 ms","timestamp":"2026-03-05 13:18:28"}
{"level":"info","message":"GET /api/attendance/2026/3 304 - - 71.283 ms","timestamp":"2026-03-05 13:18:28"}
{"level":"info","message":"OPTIONS /api/attendance/2026/3 200 0 - 0.058 ms","timestamp":"2026-03-05 13:19:28"}
{"level":"info","message":"GET /api/attendance/2026/3 304 - - 67.929 ms","timestamp":"2026-03-05 13:19:28"}
{"level":"info","message":"OPTIONS /api/attendance/2026/3 200 0 - 0.098 ms","timestamp":"2026-03-05 13:20:28"}
{"level":"info","message":"GET /api/attendance/2026/3 304 - - 86.418 ms","timestamp":"2026-03-05 13:20:28"}
{"level":"info","message":"OPTIONS /api/attendance/2026/3 200 0 - 0.217 ms","timestamp":"2026-03-05 13:21:28"}
{"level":"info","message":"GET /api/attendance/2026/3 304 - - 75.484 ms","timestamp":"2026-03-05 13:21:28"}
{"level":"info","message":"OPTIONS /api/attendance/2026/3 200 0 - 0.045 ms","timestamp":"2026-03-05 13:22:28"}
{"level":"info","message":"GET /api/attendance/2026/3 304 - - 83.818 ms","timestamp":"2026-03-05 13:22:28"}
{"level":"info","message":"OPTIONS /api/attendance/2026/3 200 0 - 0.151 ms","timestamp":"2026-03-05 13:23:28"}
{"level":"info","message":"GET /api/attendance/2026/3 304 - - 72.603 ms","timestamp":"2026-03-05 13:23:28"}
{"level":"info","message":"OPTIONS /api/attendance/2026/3 200 0 - 0.070 ms","timestamp":"2026-03-05 13:24:28"}
{"level":"info","message":"GET /api/attendance/2026/3 304 - - 68.797 ms","timestamp":"2026-03-05 13:24:28"}
{"level":"info","message":"OPTIONS /api/attendance/2026/3 200 0 - 0.098 ms","timestamp":"2026-03-05 13:25:28"}
{"level":"info","message":"GET /api/attendance/2026/3 304 - - 91.220 ms","timestamp":"2026-03-05 13:25:28"}
{"level":"info","message":"OPTIONS /api/attendance/2026/3 200 0 - 0.210 ms","timestamp":"2026-03-05 13:26:28"}
{"level":"info","message":"GET /api/attendance/2026/3 304 - - 77.855 ms","timestamp":"2026-03-05 13:26:28"}
{"level":"info","message":"OPTIONS /api/attendance/2026/3 200 0 - 0.123 ms","timestamp":"2026-03-05 13:27:28"}
{"level":"info","message":"GET /api/attendance/2026/3 304 - - 82.197 ms","timestamp":"2026-03-05 13:27:28"}
{"level":"info","message":"OPTIONS /api/attendance/2026/3 200 0 - 0.077 ms","timestamp":"2026-03-05 13:28:28"}
{"level":"info","message":"GET /api/attendance/2026/3 304 - - 63.172 ms","timestamp":"2026-03-05 13:28:28"}
{"level":"info","message":"OPTIONS /api/attendance/2026/3 200 0 - 0.232 ms","timestamp":"2026-03-05 13:29:28"}
{"level":"info","message":"GET /api/attendance/2026/3 304 - - 89.194 ms","timestamp":"2026-03-05 13:29:28"}
{"level":"info","message":"OPTIONS /api/attendance/2026/3 200 0 - 0.057 ms","timestamp":"2026-03-05 13:30:28"}
{"level":"info","message":"GET /api/attendance/2026/3 304 - - 64.307 ms","timestamp":"2026-03-05 13:30:28"}
{"level":"info","message":"OPTIONS /api/attendance/2026/3 200 0 - 0.159 ms","timestamp":"2026-03-05 13:31:28"}
{"level":"info","message":"GET /api/attendance/2026/3 304 - - 76.156 ms","timestamp":"2026-03-05 13:31:28"}
{"level":"info","message":"OPTIONS /api/attendance/2026/3 200 0 - 0.088 ms","timestamp":"2026-03-05 13:32:28"}
{"level":"info","message":"GET /api/attendance/2026/3 304 - - 65.280 ms","timestamp":"2026-03-05 13:32:28"}
{"level":"info","message":"OPTIONS /api/attendance/2026/3 200 0 - 0.143 ms","timestamp":"2026-03-05 13:33:28"}
{"level":"info","message":"GET /api/attendance/2026/3 304 - - 78.724 ms","timestamp":"2026-03-05 13:33:28"}
{"level":"info","message":"OPTIONS /api/attendance/2026/3 200 0 - 0.169 ms","timestamp":"2026-03-05 13:34:28"}
{"level":"info","message":"GET /api/attendance/2026/3 304 - - 79.054 ms","timestamp":"2026-03-05 13:34:28"}
{"level":"info","message":"OPTIONS /api/attendance/2026/3 200 0 - 0.276 ms","timestamp":"2026-03-05 13:35:28"}
{"level":"info","message":"GET /api/attendance/2026/3 304 - - 77.948 ms","timestamp":"2026-03-05 13:35:28"}
{"level":"info","message":"OPTIONS /api/attendance/2026/3 200 0 - 0.087 ms","timestamp":"2026-03-05 13:36:28"}
{"level":"info","message":"GET /api/attendance/2026/3 304 - - 67.802 ms","timestamp":"2026-03-05 13:36:28"}
{"level":"info","message":"OPTIONS /api/attendance/2026/3 200 0 - 0.119 ms","timestamp":"2026-03-05 13:37:28"}
{"level":"info","message":"GET /api/attendance/2026/3 304 - - 79.868 ms","timestamp":"2026-03-05 13:37:28"}
{"level":"info","message":"OPTIONS /api/attendance/2026/3 200 0 - 0.163 ms","timestamp":"2026-03-05 13:38:28"}
{"level":"info","message":"GET /api/attendance/2026/3 304 - - 71.156 ms","timestamp":"2026-03-05 13:38:28"}
{"level":"info","message":"OPTIONS /api/attendance/2026/3 200 0 - 0.255 ms","timestamp":"2026-03-05 13:39:28"}
{"level":"info","message":"GET /api/attendance/2026/3 304 - - 74.862 ms","timestamp":"2026-03-05 13:39:28"}
{"level":"info","message":"OPTIONS /api/attendance/2026/3 200 0 - 0.266 ms","timestamp":"2026-03-05 13:40:28"}
{"level":"info","message":"GET /api/attendance/2026/3 304 - - 66.842 ms","timestamp":"2026-03-05 13:40:28"}
{"level":"info","message":"OPTIONS /api/attendance/2026/3 200 0 - 0.127 ms","timestamp":"2026-03-05 13:41:28"}
{"level":"info","message":"GET /api/attendance/2026/3 304 - - 74.587 ms","timestamp":"2026-03-05 13:41:28"}
{"level":"info","message":"OPTIONS /api/attendance/2026/3 200 0 - 0.091 ms","timestamp":"2026-03-05 13:42:28"}
{"level":"info","message":"GET /api/attendance/2026/3 304 - - 80.714 ms","timestamp":"2026-03-05 13:42:28"}
{"level":"info","message":"OPTIONS /api/attendance/2026/3 200 0 - 0.168 ms","timestamp":"2026-03-05 13:43:28"}
{"level":"info","message":"GET /api/attendance/2026/3 304 - - 75.863 ms","timestamp":"2026-03-05 13:43:28"}
{"level":"info","message":"OPTIONS /api/attendance/2026/3 200 0 - 0.248 ms","timestamp":"2026-03-05 13:44:28"}
{"level":"info","message":"GET /api/attendance/2026/3 304 - - 66.112 ms","timestamp":"2026-03-05 13:44:28"}
{"level":"info","message":"OPTIONS /api/attendance/2026/3 200 0 - 0.187 ms","timestamp":"2026-03-05 13:45:28"}
{"level":"info","message":"GET /api/attendance/2026/3 304 - - 75.488 ms","timestamp":"2026-03-05 13:45:28"}
{"level":"info","message":"OPTIONS /api/attendance/2026/3 200 0 - 0.086 ms","timestamp":"2026-03-05 13:46:28"}
{"level":"info","message":"GET /api/attendance/2026/3 304 - - 68.787 ms","timestamp":"2026-03-05 13:46:28"}
{"level":"info","message":"OPTIONS /api/attendance/2026/3 200 0 - 0.160 ms","timestamp":"2026-03-05 13:47:28"}
{"level":"info","message":"GET /api/attendance/2026/3 304 - - 82.389 ms","timestamp":"2026-03-05 13:47:28"}
{"level":"info","message":"OPTIONS /api/attendance/2026/3 200 0 - 0.105 ms","timestamp":"2026-03-05 13:48:28"}
{"level":"info","message":"GET /api/attendance/2026/3 304 - - 71.798 ms","timestamp":"2026-03-05 13:48:28"}
{"level":"info","message":"OPTIONS /api/attendance/2026/3 200 0 - 0.184 ms","timestamp":"2026-03-05 13:49:28"}
{"level":"info","message":"GET /api/attendance/2026/3 304 - - 90.727 ms","timestamp":"2026-03-05 13:49:28"}
{"level":"info","message":"OPTIONS /api/attendance/2026/3 200 0 - 0.067 ms","timestamp":"2026-03-05 13:50:28"}
{"level":"info","message":"GET /api/attendance/2026/3 304 - - 65.018 ms","timestamp":"2026-03-05 13:50:28"}
{"level":"info","message":"OPTIONS /api/attendance/2026/3 200 0 - 0.164 ms","timestamp":"2026-03-05 13:51:28"}
{"level":"info","message":"GET /api/attendance/2026/3 304 - - 81.102 ms","timestamp":"2026-03-05 13:51:28"}
{"level":"info","message":"OPTIONS /api/attendance/2026/3 200 0 - 0.084 ms","timestamp":"2026-03-05 13:52:28"}
{"level":"info","message":"GET /api/attendance/2026/3 304 - - 88.030 ms","timestamp":"2026-03-05 13:52:28"}
{"level":"info","message":"OPTIONS /api/attendance/2026/3 200 0 - 0.246 ms","timestamp":"2026-03-05 13:53:28"}
{"level":"info","message":"GET /api/attendance/2026/3 304 - - 75.676 ms","timestamp":"2026-03-05 13:53:28"}
{"level":"info","message":"OPTIONS /api/attendance/2026/3 200 0 - 0.101 ms","timestamp":"2026-03-05 13:54:28"}
{"level":"info","message":"GET /api/attendance/2026/3 304 - - 66.105 ms","timestamp":"2026-03-05 13:54:28"}
{"level":"info","message":"OPTIONS /api/attendance/2026/3 200 0 - 0.063 ms","timestamp":"2026-03-05 13:55:28"}
{"level":"info","message":"GET /api/attendance/2026/3 304 - - 70.856 ms","timestamp":"2026-03-05 13:55:28"}
{"level":"info","message":"OPTIONS /api/attendance/2026/3 200 0 - 0.172 ms","timestamp":"2026-03-05 13:56:28"}
{"level":"info","message":"GET /api/attendance/2026/3 304 - - 66.023 ms","timestamp":"2026-03-05 13:56:28"}
{"level":"info","message":"OPTIONS /api/attendance/2026/3 200 0 - 0.139 ms","timestamp":"2026-03-05 13:57:28"}
{"level":"info","message":"GET /api/attendance/2026/3 304 - - 71.663 ms","timestamp":"2026-03-05 13:57:28"}
{"level":"info","message":"OPTIONS /api/attendance/2026/3 200 0 - 0.099 ms","timestamp":"2026-03-05 13:58:28"}
{"level":"info","message":"GET /api/attendance/2026/3 304 - - 74.847 ms","timestamp":"2026-03-05 13:58:28"}
{"level":"info","message":"OPTIONS /api/attendance/2026/3 200 0 - 0.162 ms","timestamp":"2026-03-05 13:59:28"}
{"level":"info","message":"GET /api/attendance/2026/3 304 - - 76.404 ms","timestamp":"2026-03-05 13:59:28"}
{"level":"info","message":"OPTIONS /api/attendance/2026/3 200 0 - 0.139 ms","timestamp":"2026-03-05 14:00:28"}
{"level":"info","message":"GET /api/attendance/2026/3 304 - - 71.279 ms","timestamp":"2026-03-05 14:00:28"}
{"level":"info","message":"OPTIONS /api/attendance/2026/3 200 0 - 0.084 ms","timestamp":"2026-03-05 14:01:28"}
{"level":"info","message":"GET /api/attendance/2026/3 304 - - 69.796 ms","timestamp":"2026-03-05 14:01:28"}
{"level":"info","message":"OPTIONS /api/attendance/2026/3 200 0 - 0.205 ms","timestamp":"2026-03-05 14:02:28"}
{"level":"info","message":"GET /api/attendance/2026/3 304 - - 72.228 ms","timestamp":"2026-03-05 14:02:28"}
{"level":"info","message":"OPTIONS /api/attendance/2026/3 200 0 - 0.086 ms","timestamp":"2026-03-05 14:03:28"}
{"level":"info","message":"GET /api/attendance/2026/3 304 - - 73.424 ms","timestamp":"2026-03-05 14:03:28"}
{"level":"info","message":"OPTIONS /api/attendance/2026/3 200 0 - 0.086 ms","timestamp":"2026-03-05 14:04:28"}
{"level":"info","message":"GET /api/attendance/2026/3 304 - - 85.862 ms","timestamp":"2026-03-05 14:04:28"}
{"level":"info","message":"OPTIONS /api/attendance/2026/3 200 0 - 0.101 ms","timestamp":"2026-03-05 14:05:28"}
{"level":"info","message":"GET /api/attendance/2026/3 304 - - 155.698 ms","timestamp":"2026-03-05 14:05:28"}
{"level":"info","message":"OPTIONS /api/attendance/2026/3 200 0 - 0.154 ms","timestamp":"2026-03-05 14:06:28"}
{"level":"info","message":"GET /api/attendance/2026/3 304 - - 67.108 ms","timestamp":"2026-03-05 14:06:28"}
{"level":"info","message":"OPTIONS /api/attendance/2026/3 200 0 - 0.068 ms","timestamp":"2026-03-05 14:07:28"}
{"level":"info","message":"GET /api/attendance/2026/3 304 - - 74.293 ms","timestamp":"2026-03-05 14:07:28"}
{"level":"info","message":"OPTIONS /api/attendance/2026/3 200 0 - 0.096 ms","timestamp":"2026-03-05 14:08:28"}
{"level":"info","message":"GET /api/attendance/2026/3 304 - - 75.808 ms","timestamp":"2026-03-05 14:08:28"}
{"level":"info","message":"OPTIONS /api/attendance/2026/3 200 0 - 0.102 ms","timestamp":"2026-03-05 14:09:28"}
{"level":"info","message":"GET /api/attendance/2026/3 304 - - 72.965 ms","timestamp":"2026-03-05 14:09:28"}
{"level":"info","message":"OPTIONS /api/attendance/2026/3 200 0 - 0.627 ms","timestamp":"2026-03-05 14:10:28"}
{"level":"info","message":"GET /api/attendance/2026/3 304 - - 76.195 ms","timestamp":"2026-03-05 14:10:28"}
{"level":"info","message":"OPTIONS /api/attendance/2026/3 200 0 - 0.203 ms","timestamp":"2026-03-05 14:11:28"}
{"level":"info","message":"GET /api/attendance/2026/3 304 - - 75.535 ms","timestamp":"2026-03-05 14:11:28"}
{"level":"info","message":"OPTIONS /api/attendance/2026/3 200 0 - 0.298 ms","timestamp":"2026-03-05 14:12:28"}
{"level":"info","message":"GET /api/attendance/2026/3 304 - - 85.328 ms","timestamp":"2026-03-05 14:12:28"}
{"level":"info","message":"OPTIONS /api/appointments 200 0 - 0.100 ms","timestamp":"2026-03-05 14:13:09"}
{"level":"info","message":"GET /api/appointments 200 - - 128.532 ms","timestamp":"2026-03-05 14:13:09"}
{"level":"info","message":"OPTIONS /api/attendance/2026/3 200 0 - 0.235 ms","timestamp":"2026-03-05 14:13:28"}
{"level":"info","message":"GET /api/attendance/2026/3 304 - - 80.429 ms","timestamp":"2026-03-05 14:13:28"}
{"level":"info","message":"OPTIONS /api/attendance/2026/3 200 0 - 0.096 ms","timestamp":"2026-03-05 14:14:05"}
{"level":"info","message":"GET /api/attendance/2026/3 304 - - 71.755 ms","timestamp":"2026-03-05 14:14:05"}
{"level":"info","message":"OPTIONS /api/attendance/2026/3 200 0 - 0.084 ms","timestamp":"2026-03-05 14:14:13"}
{"level":"info","message":"GET /api/attendance/2026/3 304 - - 72.337 ms","timestamp":"2026-03-05 14:14:13"}
{"level":"info","message":"OPTIONS /api/attendance/2026/3 200 0 - 0.057 ms","timestamp":"2026-03-05 14:14:43"}
{"level":"info","message":"GET /api/attendance/2026/3 304 - - 70.963 ms","timestamp":"2026-03-05 14:14:43"}
{"level":"info","message":"OPTIONS /api/attendance/2026/3 200 0 - 0.094 ms","timestamp":"2026-03-05 14:15:28"}
{"level":"info","message":"GET /api/attendance/2026/3 304 - - 63.375 ms","timestamp":"2026-03-05 14:15:28"}
{"level":"info","message":"OPTIONS /api/attendance/2026/3 200 0 - 0.277 ms","timestamp":"2026-03-05 14:16:28"}
{"level":"info","message":"GET /api/attendance/2026/3 304 - - 81.814 ms","timestamp":"2026-03-05 14:16:28"}
{"level":"info","message":"OPTIONS /api/attendance/2026/3 200 0 - 0.204 ms","timestamp":"2026-03-05 14:17:28"}
{"level":"info","message":"GET /api/attendance/2026/3 304 - - 74.935 ms","timestamp":"2026-03-05 14:17:28"}
{"level":"info","message":"OPTIONS /api/attendance/2026/3 200 0 - 0.175 ms","timestamp":"2026-03-05 14:18:28"}
{"level":"info","message":"GET /api/attendance/2026/3 304 - - 73.183 ms","timestamp":"2026-03-05 14:18:28"}
{"level":"info","message":"OPTIONS /api/attendance/2026/3 200 0 - 0.177 ms","timestamp":"2026-03-05 14:19:28"}
{"level":"info","message":"GET /api/attendance/2026/3 304 - - 70.648 ms","timestamp":"2026-03-05 14:19:28"}
{"level":"info","message":"OPTIONS /api/attendance/2026/3 200 0 - 0.148 ms","timestamp":"2026-03-05 14:20:28"}
{"level":"info","message":"GET /api/attendance/2026/3 304 - - 84.241 ms","timestamp":"2026-03-05 14:20:28"}
{"level":"info","message":"OPTIONS /api/attendance/2026/3 200 0 - 0.160 ms","timestamp":"2026-03-05 14:21:28"}
{"level":"info","message":"GET /api/attendance/2026/3 304 - - 84.155 ms","timestamp":"2026-03-05 14:21:28"}
{"level":"info","message":"OPTIONS /api/attendance/2026/3 200 0 - 0.219 ms","timestamp":"2026-03-05 14:22:28"}
{"level":"info","message":"GET /api/attendance/2026/3 304 - - 78.323 ms","timestamp":"2026-03-05 14:22:28"}
{"level":"info","message":"OPTIONS /api/attendance/2026/3 200 0 - 0.151 ms","timestamp":"2026-03-05 14:23:28"}
{"level":"info","message":"GET /api/attendance/2026/3 304 - - 68.521 ms","timestamp":"2026-03-05 14:23:28"}
{"level":"info","message":"OPTIONS /api/attendance/2026/3 200 0 - 0.142 ms","timestamp":"2026-03-05 14:24:28"}
{"level":"info","message":"GET /api/attendance/2026/3 304 - - 73.272 ms","timestamp":"2026-03-05 14:24:28"}
{"level":"info","message":"OPTIONS /api/attendance/2026/3 200 0 - 0.266 ms","timestamp":"2026-03-05 14:25:28"}
{"level":"info","message":"GET /api/attendance/2026/3 304 - - 63.432 ms","timestamp":"2026-03-05 14:25:28"}
{"level":"info","message":"OPTIONS /api/attendance/2026/3 200 0 - 0.291 ms","timestamp":"2026-03-05 14:26:28"}
{"level":"info","message":"GET /api/attendance/2026/3 304 - - 64.246 ms","timestamp":"2026-03-05 14:26:28"}
{"level":"info","message":"OPTIONS /api/attendance/2026/3 200 0 - 0.151 ms","timestamp":"2026-03-05 14:27:28"}
{"level":"info","message":"GET /api/attendance/2026/3 304 - - 80.385 ms","timestamp":"2026-03-05 14:27:28"}
{"level":"info","message":"OPTIONS /api/attendance/2026/3 200 0 - 0.326 ms","timestamp":"2026-03-05 14:28:28"}
{"level":"info","message":"GET /api/attendance/2026/3 304 - - 75.480 ms","timestamp":"2026-03-05 14:28:28"}
{"level":"info","message":"OPTIONS /api/attendance/2026/3 200 0 - 0.163 ms","timestamp":"2026-03-05 14:29:28"}
{"level":"info","message":"GET /api/attendance/2026/3 304 - - 68.957 ms","timestamp":"2026-03-05 14:29:28"}
{"level":"info","message":"OPTIONS /api/attendance/2026/3 200 0 - 0.158 ms","timestamp":"2026-03-05 14:30:28"}
{"level":"info","message":"GET /api/attendance/2026/3 304 - - 71.687 ms","timestamp":"2026-03-05 14:30:28"}
{"level":"info","message":"OPTIONS /api/attendance/2026/3 200 0 - 0.077 ms","timestamp":"2026-03-05 14:31:17"}
{"level":"info","message":"GET /api/attendance/2026/3 304 - - 76.350 ms","timestamp":"2026-03-05 14:31:17"}
{"level":"info","message":"OPTIONS /api/attendance/2026/3 200 0 - 0.256 ms","timestamp":"2026-03-05 14:31:43"}
{"level":"info","message":"GET /api/attendance/2026/3 304 - - 82.476 ms","timestamp":"2026-03-05 14:31:43"}
{"level":"info","message":"OPTIONS /api/attendance/2026/3 200 0 - 0.153 ms","timestamp":"2026-03-05 14:32:13"}
{"level":"info","message":"GET /api/attendance/2026/3 304 - - 69.806 ms","timestamp":"2026-03-05 14:32:13"}
{"level":"info","message":"OPTIONS /api/attendance/2026/3 200 0 - 0.254 ms","timestamp":"2026-03-05 14:32:53"}
{"level":"info","message":"GET /api/attendance/2026/3 304 - - 66.961 ms","timestamp":"2026-03-05 14:32:53"}
{"level":"info","message":"OPTIONS /api/attendance/2026/3 200 0 - 0.048 ms","timestamp":"2026-03-05 14:33:13"}
{"level":"info","message":"GET /api/attendance/2026/3 304 - - 110.764 ms","timestamp":"2026-03-05 14:33:13"}
{"level":"info","message":"OPTIONS /api/attendance/2026/3 200 0 - 0.049 ms","timestamp":"2026-03-05 14:33:43"}
{"level":"info","message":"GET /api/attendance/2026/3 200 - - 102.615 ms","timestamp":"2026-03-05 14:33:43"}
{"level":"info","message":"OPTIONS /api/attendance/2026/3 200 0 - 0.258 ms","timestamp":"2026-03-05 14:34:28"}
{"level":"info","message":"GET /api/attendance/2026/3 304 - - 67.034 ms","timestamp":"2026-03-05 14:34:28"}
{"level":"info","message":"OPTIONS /api/attendance/2026/3 200 0 - 0.241 ms","timestamp":"2026-03-05 14:35:02"}
{"level":"info","message":"GET /api/attendance/2026/3 304 - - 68.576 ms","timestamp":"2026-03-05 14:35:02"}
{"level":"info","message":"OPTIONS /api/messages/unread-count 200 0 - 0.075 ms","timestamp":"2026-03-05 14:35:05"}
{"level":"info","message":"OPTIONS /api/messages/unread-count 200 0 - 0.061 ms","timestamp":"2026-03-05 14:35:05"}
{"level":"info","message":"GET /api/messages/unread-count 304 - - 43.052 ms","timestamp":"2026-03-05 14:35:05"}
{"level":"info","message":"GET /api/messages/unread-count 304 - - 43.764 ms","timestamp":"2026-03-05 14:35:05"}
{"level":"info","message":"OPTIONS /api/users 200 0 - 0.089 ms","timestamp":"2026-03-05 14:35:05"}
{"level":"info","message":"OPTIONS /api/attendance/range?start=2026-02-28T18:30:00.000Z&end=2026-03-31T18:29:59.999Z 200 0 - 0.072 ms","timestamp":"2026-03-05 14:35:05"}
{"level":"info","message":"GET /api/attendance/range?start=2026-02-28T18:30:00.000Z&end=2026-03-31T18:29:59.999Z 200 - - 64.448 ms","timestamp":"2026-03-05 14:35:05"}
{"level":"info","message":"GET /api/attendance/2026/3 304 - - 73.828 ms","timestamp":"2026-03-05 14:35:05"}
{"level":"info","message":"GET /api/users 200 - - 109.082 ms","timestamp":"2026-03-05 14:35:05"}
{"level":"info","message":"GET /api/attendance/range?start=2026-02-28T18:30:00.000Z&end=2026-03-31T18:29:59.999Z 304 - - 73.023 ms","timestamp":"2026-03-05 14:35:05"}
{"level":"info","message":"GET /api/attendance/2026/3 304 - - 88.699 ms","timestamp":"2026-03-05 14:35:05"}
{"level":"info","message":"GET /api/users 304 - - 121.079 ms","timestamp":"2026-03-05 14:35:05"}
{"level":"info","message":"OPTIONS /api/attendance/manual 200 0 - 0.124 ms","timestamp":"2026-03-05 14:35:12"}
{"level":"info","message":"POST /api/attendance/manual 200 369 - 85.829 ms","timestamp":"2026-03-05 14:35:12"}
{"level":"info","message":"OPTIONS /api/attendance/range?start=2026-02-28T18:30:00.000Z&end=2026-03-31T18:29:59.999Z 200 0 - 0.050 ms","timestamp":"2026-03-05 14:35:12"}
{"level":"info","message":"GET /api/attendance/range?start=2026-02-28T18:30:00.000Z&end=2026-03-31T18:29:59.999Z 304 - - 78.029 ms","timestamp":"2026-03-05 14:35:13"}
{"level":"info","message":"GET /api/attendance/range?start=2026-02-28T18:30:00.000Z&end=2026-03-31T18:29:59.999Z 304 - - 66.890 ms","timestamp":"2026-03-05 14:35:13"}
{"level":"info","message":"OPTIONS /api/leads 200 0 - 0.072 ms","timestamp":"2026-03-05 14:35:35"}
{"level":"info","message":"OPTIONS /api/leads 200 0 - 0.063 ms","timestamp":"2026-03-05 14:35:35"}
{"level":"info","message":"GET /api/leads 200 - - 132.353 ms","timestamp":"2026-03-05 14:35:35"}
{"level":"info","message":"GET /api/leads 304 - - 95.150 ms","timestamp":"2026-03-05 14:35:35"}
{"level":"info","message":"OPTIONS /api/attendance/2026/3 200 0 - 0.075 ms","timestamp":"2026-03-05 14:35:35"}
{"level":"info","message":"GET /api/attendance/2026/3 304 - - 64.091 ms","timestamp":"2026-03-05 14:35:35"}
{"level":"info","message":"OPTIONS /api/calls/daily-stats 200 0 - 0.077 ms","timestamp":"2026-03-05 14:35:35"}
{"level":"info","message":"OPTIONS /api/calls/daily-stats 200 0 - 0.043 ms","timestamp":"2026-03-05 14:35:35"}
{"level":"info","message":"GET /api/calls/daily-stats 200 - - 44.486 ms","timestamp":"2026-03-05 14:35:35"}
{"level":"info","message":"GET /api/calls/daily-stats 200 - - 40.237 ms","timestamp":"2026-03-05 14:35:35"}
{"level":"info","message":"GET /api/leads 304 - - 116.111 ms","timestamp":"2026-03-05 14:35:37"}
{"level":"info","message":"GET /api/leads 304 - - 86.097 ms","timestamp":"2026-03-05 14:35:37"}
{"level":"info","message":"GET /api/calls/daily-stats 304 - - 39.986 ms","timestamp":"2026-03-05 14:35:39"}
{"level":"info","message":"GET /api/calls/daily-stats 200 - - 45.733 ms","timestamp":"2026-03-05 14:35:39"}
{"level":"info","message":"OPTIONS /api/attendance/2026/3 200 0 - 0.057 ms","timestamp":"2026-03-05 14:36:05"}
{"level":"info","message":"GET /api/attendance/2026/3 304 - - 61.508 ms","timestamp":"2026-03-05 14:36:05"}
{"level":"info","message":"OPTIONS /api/attendance/2026/3 200 0 - 0.105 ms","timestamp":"2026-03-05 14:36:36"}
{"level":"info","message":"GET /api/attendance/2026/3 304 - - 71.673 ms","timestamp":"2026-03-05 14:36:36"}
{"level":"info","message":"OPTIONS /api/attendance/range?start=2026-02-28T18:30:00.000Z&end=2026-03-31T18:29:59.999Z 200 0 - 0.052 ms","timestamp":"2026-03-05 14:36:41"}
{"level":"info","message":"OPTIONS /api/attendance/range?start=2026-02-28T18:30:00.000Z&end=2026-03-31T18:29:59.999Z 200 0 - 0.037 ms","timestamp":"2026-03-05 14:36:41"}
{"level":"info","message":"GET /api/attendance/range?start=2026-02-28T18:30:00.000Z&end=2026-03-31T18:29:59.999Z 304 - - 91.349 ms","timestamp":"2026-03-05 14:36:41"}
{"level":"info","message":"GET /api/attendance/range?start=2026-02-28T18:30:00.000Z&end=2026-03-31T18:29:59.999Z 304 - - 62.864 ms","timestamp":"2026-03-05 14:36:41"}
{"level":"info","message":"OPTIONS /api/messages/unread-count 200 0 - 0.081 ms","timestamp":"2026-03-05 14:36:43"}
{"level":"info","message":"OPTIONS /api/messages/unread-count 200 0 - 0.048 ms","timestamp":"2026-03-05 14:36:43"}
{"level":"info","message":"GET /api/messages/unread-count 304 - - 44.218 ms","timestamp":"2026-03-05 14:36:43"}
{"level":"info","message":"GET /api/messages/unread-count 304 - - 41.767 ms","timestamp":"2026-03-05 14:36:43"}
{"level":"info","message":"OPTIONS /api/attendance/2026/3 200 0 - 0.065 ms","timestamp":"2026-03-05 14:36:43"}
{"level":"info","message":"OPTIONS /api/users 200 0 - 0.041 ms","timestamp":"2026-03-05 14:36:43"}
{"level":"info","message":"GET /api/attendance/range?start=2026-02-28T18:30:00.000Z&end=2026-03-31T18:29:59.999Z 304 - - 73.732 ms","timestamp":"2026-03-05 14:36:43"}
{"level":"info","message":"GET /api/attendance/2026/3 304 - - 74.493 ms","timestamp":"2026-03-05 14:36:43"}
{"level":"info","message":"GET /api/users 200 - - 134.115 ms","timestamp":"2026-03-05 14:36:43"}
{"level":"info","message":"GET /api/attendance/range?start=2026-02-28T18:30:00.000Z&end=2026-03-31T18:29:59.999Z 304 - - 73.294 ms","timestamp":"2026-03-05 14:36:43"}
{"level":"info","message":"GET /api/attendance/2026/3 304 - - 107.400 ms","timestamp":"2026-03-05 14:36:44"}
{"level":"info","message":"GET /api/users 304 - - 111.406 ms","timestamp":"2026-03-05 14:36:44"}
{"level":"info","message":"OPTIONS /api/attendance/manual 200 0 - 0.078 ms","timestamp":"2026-03-05 14:36:50"}
{"level":"info","message":"POST /api/attendance/manual 200 369 - 89.727 ms","timestamp":"2026-03-05 14:36:50"}
{"level":"info","message":"OPTIONS /api/attendance/range?start=2026-02-28T18:30:00.000Z&end=2026-03-31T18:29:59.999Z 200 0 - 0.056 ms","timestamp":"2026-03-05 14:36:50"}
{"level":"info","message":"GET /api/attendance/range?start=2026-02-28T18:30:00.000Z&end=2026-03-31T18:29:59.999Z 304 - - 73.074 ms","timestamp":"2026-03-05 14:36:50"}
{"level":"info","message":"GET /api/attendance/range?start=2026-02-28T18:30:00.000Z&end=2026-03-31T18:29:59.999Z 304 - - 69.598 ms","timestamp":"2026-03-05 14:36:50"}
{"level":"info","message":"OPTIONS /api/attendance/2026/3 200 0 - 0.168 ms","timestamp":"2026-03-05 14:37:13"}
{"level":"info","message":"GET /api/attendance/2026/3 304 - - 80.134 ms","timestamp":"2026-03-05 14:37:13"}
{"level":"info","message":"OPTIONS /api/calls/daily-stats 200 0 - 0.068 ms","timestamp":"2026-03-05 14:37:17"}
{"level":"info","message":"OPTIONS /api/calls/daily-stats 200 0 - 0.048 ms","timestamp":"2026-03-05 14:37:17"}
{"level":"info","message":"GET /api/calls/daily-stats 200 - - 45.402 ms","timestamp":"2026-03-05 14:37:17"}
{"level":"info","message":"GET /api/calls/daily-stats 200 - - 51.603 ms","timestamp":"2026-03-05 14:37:17"}
{"level":"info","message":"OPTIONS /api/attendance/range?start=2026-02-28T18:30:00.000Z&end=2026-03-31T18:29:59.999Z 200 0 - 0.068 ms","timestamp":"2026-03-05 14:37:40"}
{"level":"info","message":"OPTIONS /api/attendance/range?start=2026-02-28T18:30:00.000Z&end=2026-03-31T18:29:59.999Z 200 0 - 0.053 ms","timestamp":"2026-03-05 14:37:40"}
{"level":"info","message":"GET /api/attendance/range?start=2026-02-28T18:30:00.000Z&end=2026-03-31T18:29:59.999Z 304 - - 70.732 ms","timestamp":"2026-03-05 14:37:40"}
{"level":"info","message":"GET /api/attendance/range?start=2026-02-28T18:30:00.000Z&end=2026-03-31T18:29:59.999Z 304 - - 100.967 ms","timestamp":"2026-03-05 14:37:40"}
{"level":"info","message":"OPTIONS /api/messages/unread-count 200 0 - 0.084 ms","timestamp":"2026-03-05 14:37:42"}
{"level":"info","message":"OPTIONS /api/messages/unread-count 200 0 - 0.058 ms","timestamp":"2026-03-05 14:37:42"}
{"level":"info","message":"GET /api/messages/unread-count 304 - - 113.122 ms","timestamp":"2026-03-05 14:37:42"}
{"level":"info","message":"GET /api/messages/unread-count 304 - - 77.314 ms","timestamp":"2026-03-05 14:37:42"}
{"level":"info","message":"OPTIONS /api/attendance/2026/3 200 0 - 0.097 ms","timestamp":"2026-03-05 14:37:42"}
{"level":"info","message":"OPTIONS /api/users 200 0 - 0.067 ms","timestamp":"2026-03-05 14:37:42"}
{"level":"info","message":"OPTIONS /api/users 200 0 - 0.048 ms","timestamp":"2026-03-05 14:37:42"}
{"level":"info","message":"GET /api/attendance/range?start=2026-02-28T18:30:00.000Z&end=2026-03-31T18:29:59.999Z 304 - - 71.081 ms","timestamp":"2026-03-05 14:37:42"}
{"level":"info","message":"GET /api/attendance/2026/3 304 - - 85.824 ms","timestamp":"2026-03-05 14:37:42"}
{"level":"info","message":"GET /api/users 200 - - 114.976 ms","timestamp":"2026-03-05 14:37:42"}
{"level":"info","message":"GET /api/attendance/range?start=2026-02-28T18:30:00.000Z&end=2026-03-31T18:29:59.999Z 304 - - 80.860 ms","timestamp":"2026-03-05 14:37:42"}
{"level":"info","message":"GET /api/attendance/2026/3 304 - - 86.171 ms","timestamp":"2026-03-05 14:37:42"}
{"level":"info","message":"GET /api/users 304 - - 111.893 ms","timestamp":"2026-03-05 14:37:42"}
{"level":"info","message":"OPTIONS /api/attendance/manual 200 0 - 0.082 ms","timestamp":"2026-03-05 14:37:47"}
{"level":"info","message":"POST /api/attendance/manual 200 369 - 303.056 ms","timestamp":"2026-03-05 14:37:48"}
{"level":"info","message":"OPTIONS /api/attendance/range?start=2026-02-28T18:30:00.000Z&end=2026-03-31T18:29:59.999Z 200 0 - 0.153 ms","timestamp":"2026-03-05 14:37:48"}
{"level":"info","message":"GET /api/attendance/range?start=2026-02-28T18:30:00.000Z&end=2026-03-31T18:29:59.999Z 304 - - 252.422 ms","timestamp":"2026-03-05 14:37:48"}
{"level":"info","message":"GET /api/attendance/range?start=2026-02-28T18:30:00.000Z&end=2026-03-31T18:29:59.999Z 304 - - 191.232 ms","timestamp":"2026-03-05 14:37:48"}
{"level":"info","message":"OPTIONS /api/attendance/2026/3 200 0 - 0.149 ms","timestamp":"2026-03-05 14:38:13"}
{"level":"info","message":"GET /api/attendance/2026/3 304 - - 92.338 ms","timestamp":"2026-03-05 14:38:13"}
{"level":"info","message":"OPTIONS /api/attendance/2026/3 200 0 - 0.045 ms","timestamp":"2026-03-05 14:38:43"}
{"level":"info","message":"GET /api/attendance/2026/3 304 - - 90.953 ms","timestamp":"2026-03-05 14:38:43"}
{"level":"info","message":"OPTIONS /api/attendance/2026/3 200 0 - 0.095 ms","timestamp":"2026-03-05 14:39:13"}
{"level":"info","message":"GET /api/attendance/2026/3 304 - - 141.728 ms","timestamp":"2026-03-05 14:39:13"}
{"level":"info","message":"OPTIONS /api/attendance/2026/3 200 0 - 0.167 ms","timestamp":"2026-03-05 14:39:43"}
{"level":"info","message":"GET /api/attendance/2026/3 304 - - 117.294 ms","timestamp":"2026-03-05 14:39:43"}
{"level":"info","message":"OPTIONS /api/attendance/2026/3 200 0 - 0.085 ms","timestamp":"2026-03-05 14:40:13"}
{"level":"info","message":"GET /api/attendance/2026/3 304 - - 66.594 ms","timestamp":"2026-03-05 14:40:13"}
{"level":"info","message":"OPTIONS /api/attendance/2026/3 200 0 - 0.191 ms","timestamp":"2026-03-05 14:40:43"}
{"level":"info","message":"GET /api/attendance/2026/3 304 - - 68.355 ms","timestamp":"2026-03-05 14:40:43"}
{"level":"info","message":"OPTIONS /api/attendance/2026/3 200 0 - 0.072 ms","timestamp":"2026-03-05 14:41:13"}
{"level":"info","message":"GET /api/attendance/2026/3 304 - - 61.514 ms","timestamp":"2026-03-05 14:41:13"}
{"level":"info","message":"OPTIONS /api/attendance/2026/3 200 0 - 0.197 ms","timestamp":"2026-03-05 14:42:28"}
{"level":"info","message":"GET /api/attendance/2026/3 304 - - 67.541 ms","timestamp":"2026-03-05 14:42:28"}
{"level":"info","message":"OPTIONS /api/attendance/2026/3 200 0 - 0.117 ms","timestamp":"2026-03-05 14:43:28"}
{"level":"info","message":"GET /api/attendance/2026/3 304 - - 62.949 ms","timestamp":"2026-03-05 14:43:28"}
{"level":"info","message":"OPTIONS /api/attendance/2026/3 200 0 - 0.391 ms","timestamp":"2026-03-05 14:44:28"}
{"level":"info","message":"GET /api/attendance/2026/3 304 - - 70.831 ms","timestamp":"2026-03-05 14:44:28"}
{"level":"info","message":"OPTIONS /api/attendance/2026/3 200 0 - 0.174 ms","timestamp":"2026-03-05 14:45:28"}
{"level":"info","message":"GET /api/attendance/2026/3 304 - - 65.753 ms","timestamp":"2026-03-05 14:45:28"}
{"level":"info","message":"OPTIONS /api/attendance/2026/3 200 0 - 0.112 ms","timestamp":"2026-03-05 14:46:28"}
{"level":"info","message":"GET /api/attendance/2026/3 304 - - 65.595 ms","timestamp":"2026-03-05 14:46:28"}
{"level":"info","message":"OPTIONS /api/attendance/2026/3 200 0 - 0.170 ms","timestamp":"2026-03-05 14:47:28"}
{"level":"info","message":"GET /api/attendance/2026/3 304 - - 77.014 ms","timestamp":"2026-03-05 14:47:28"}
{"level":"info","message":"OPTIONS /api/attendance/2026/3 200 0 - 0.168 ms","timestamp":"2026-03-05 14:48:28"}
{"level":"info","message":"GET /api/attendance/2026/3 304 - - 69.506 ms","timestamp":"2026-03-05 14:48:28"}
{"level":"info","message":"OPTIONS /api/attendance/2026/3 200 0 - 0.366 ms","timestamp":"2026-03-05 14:49:28"}
{"level":"info","message":"GET /api/attendance/2026/3 304 - - 70.969 ms","timestamp":"2026-03-05 14:49:28"}
{"level":"info","message":"OPTIONS /api/attendance/2026/3 200 0 - 0.204 ms","timestamp":"2026-03-05 14:50:28"}
{"level":"info","message":"GET /api/attendance/2026/3 304 - - 71.875 ms","timestamp":"2026-03-05 14:50:28"}
{"level":"info","message":"OPTIONS /api/attendance/2026/3 200 0 - 0.111 ms","timestamp":"2026-03-05 14:50:55"}
{"level":"info","message":"GET /api/attendance/2026/3 304 - - 66.062 ms","timestamp":"2026-03-05 14:50:55"}
{"level":"info","message":"OPTIONS /api/attendance/2026/3 200 0 - 0.051 ms","timestamp":"2026-03-05 14:51:13"}
{"level":"info","message":"GET /api/attendance/2026/3 304 - - 62.254 ms","timestamp":"2026-03-05 14:51:13"}
{"level":"info","message":"OPTIONS /api/attendance/2026/3 200 0 - 0.083 ms","timestamp":"2026-03-05 14:51:43"}
{"level":"info","message":"GET /api/attendance/2026/3 304 - - 62.853 ms","timestamp":"2026-03-05 14:51:43"}
{"level":"info","message":"OPTIONS /api/attendance/2026/3 200 0 - 0.089 ms","timestamp":"2026-03-05 14:52:13"}
{"level":"info","message":"GET /api/attendance/2026/3 304 - - 68.220 ms","timestamp":"2026-03-05 14:52:13"}
{"level":"info","message":"OPTIONS /api/attendance/2026/3 200 0 - 0.328 ms","timestamp":"2026-03-05 14:53:14"}
{"level":"info","message":"GET /api/attendance/2026/3 304 - - 66.057 ms","timestamp":"2026-03-05 14:53:14"}
{"level":"info","message":"OPTIONS /api/attendance/2026/3 200 0 - 0.092 ms","timestamp":"2026-03-05 14:54:15"}
{"level":"info","message":"GET /api/attendance/2026/3 304 - - 62.678 ms","timestamp":"2026-03-05 14:54:15"}
{"level":"info","message":"OPTIONS /api/attendance/2026/3 200 0 - 0.047 ms","timestamp":"2026-03-05 14:55:16"}
{"level":"info","message":"GET /api/attendance/2026/3 304 - - 62.730 ms","timestamp":"2026-03-05 14:55:16"}
{"level":"info","message":"OPTIONS /api/attendance/2026/3 200 0 - 0.074 ms","timestamp":"2026-03-05 14:56:28"}
{"level":"info","message":"GET /api/attendance/2026/3 304 - - 64.326 ms","timestamp":"2026-03-05 14:56:28"}
{"level":"info","message":"OPTIONS /api/messages/unread-count 200 0 - 0.075 ms","timestamp":"2026-03-05 14:56:37"}
{"level":"info","message":"OPTIONS /api/messages/unread-count 200 0 - 0.085 ms","timestamp":"2026-03-05 14:56:37"}
{"level":"info","message":"GET /api/messages/unread-count 304 - - 47.970 ms","timestamp":"2026-03-05 14:56:37"}
{"level":"info","message":"GET /api/messages/unread-count 304 - - 50.115 ms","timestamp":"2026-03-05 14:56:37"}
{"level":"info","message":"OPTIONS /api/attendance/2026/3 200 0 - 0.099 ms","timestamp":"2026-03-05 14:56:37"}
{"level":"info","message":"OPTIONS /api/users 200 0 - 0.072 ms","timestamp":"2026-03-05 14:56:37"}
{"level":"info","message":"OPTIONS /api/attendance/range?start=2026-02-28T18:30:00.000Z&end=2026-03-31T18:29:59.999Z 200 0 - 0.073 ms","timestamp":"2026-03-05 14:56:37"}
{"level":"info","message":"OPTIONS /api/attendance/2026/3 200 0 - 0.040 ms","timestamp":"2026-03-05 14:56:37"}
{"level":"info","message":"OPTIONS /api/attendance/range?start=2026-02-28T18:30:00.000Z&end=2026-03-31T18:29:59.999Z 200 0 - 0.043 ms","timestamp":"2026-03-05 14:56:37"}
{"level":"info","message":"GET /api/attendance/2026/3 304 - - 62.398 ms","timestamp":"2026-03-05 14:56:37"}
{"level":"info","message":"GET /api/attendance/range?start=2026-02-28T18:30:00.000Z&end=2026-03-31T18:29:59.999Z 304 - - 69.251 ms","timestamp":"2026-03-05 14:56:37"}
{"level":"info","message":"GET /api/users 200 - - 116.752 ms","timestamp":"2026-03-05 14:56:37"}
{"level":"info","message":"GET /api/attendance/2026/3 304 - - 66.289 ms","timestamp":"2026-03-05 14:56:37"}
{"level":"info","message":"GET /api/attendance/range?start=2026-02-28T18:30:00.000Z&end=2026-03-31T18:29:59.999Z 304 - - 78.913 ms","timestamp":"2026-03-05 14:56:37"}
{"level":"info","message":"GET /api/users 304 - - 81.308 ms","timestamp":"2026-03-05 14:56:38"}
{"level":"info","message":"OPTIONS /api/attendance/manual 200 0 - 0.058 ms","timestamp":"2026-03-05 14:56:47"}
{"level":"info","message":"POST /api/attendance/manual 200 369 - 81.736 ms","timestamp":"2026-03-05 14:56:47"}
{"level":"info","message":"OPTIONS /api/attendance/range?start=2026-02-28T18:30:00.000Z&end=2026-03-31T18:29:59.999Z 200 0 - 0.051 ms","timestamp":"2026-03-05 14:56:47"}
{"level":"info","message":"GET /api/attendance/range?start=2026-02-28T18:30:00.000Z&end=2026-03-31T18:29:59.999Z 304 - - 84.209 ms","timestamp":"2026-03-05 14:56:47"}
{"level":"info","message":"GET /api/attendance/range?start=2026-02-28T18:30:00.000Z&end=2026-03-31T18:29:59.999Z 304 - - 68.184 ms","timestamp":"2026-03-05 14:56:47"}
{"level":"info","message":"OPTIONS /api/attendance/2026/3 200 0 - 0.078 ms","timestamp":"2026-03-05 14:57:08"}
{"level":"info","message":"GET /api/attendance/2026/3 304 - - 73.844 ms","timestamp":"2026-03-05 14:57:08"}
{"level":"info","message":"OPTIONS /api/attendance/2026/3 200 0 - 0.063 ms","timestamp":"2026-03-05 14:57:38"}
{"level":"info","message":"GET /api/attendance/2026/3 304 - - 73.362 ms","timestamp":"2026-03-05 14:57:38"}
{"level":"info","message":"OPTIONS /api/attendance/2026/3 200 0 - 0.060 ms","timestamp":"2026-03-05 14:58:08"}
{"level":"info","message":"GET /api/attendance/2026/3 304 - - 69.253 ms","timestamp":"2026-03-05 14:58:08"}
{"level":"info","message":"OPTIONS /api/attendance/2026/3 200 0 - 0.068 ms","timestamp":"2026-03-05 14:58:38"}
{"level":"info","message":"GET /api/attendance/2026/3 304 - - 61.627 ms","timestamp":"2026-03-05 14:58:38"}
{"level":"info","message":"OPTIONS /api/attendance/2026/3 200 0 - 0.189 ms","timestamp":"2026-03-05 14:59:08"}
{"level":"info","message":"GET /api/attendance/2026/3 304 - - 72.700 ms","timestamp":"2026-03-05 14:59:08"}
{"level":"info","message":"OPTIONS /api/attendance/2026/3 200 0 - 0.096 ms","timestamp":"2026-03-05 14:59:38"}
{"level":"info","message":"GET /api/attendance/2026/3 304 - - 81.674 ms","timestamp":"2026-03-05 14:59:38"}
{"level":"info","message":"OPTIONS /api/attendance/2026/3 200 0 - 0.157 ms","timestamp":"2026-03-05 15:00:28"}
{"level":"info","message":"GET /api/attendance/2026/3 304 - - 72.198 ms","timestamp":"2026-03-05 15:00:28"}
{"level":"info","message":"OPTIONS /api/attendance/2026/3 200 0 - 0.175 ms","timestamp":"2026-03-05 15:01:28"}
{"level":"info","message":"GET /api/attendance/2026/3 304 - - 86.806 ms","timestamp":"2026-03-05 15:01:28"}
{"level":"info","message":"OPTIONS /api/attendance/2026/3 200 0 - 0.083 ms","timestamp":"2026-03-05 15:01:44"}
{"level":"info","message":"GET /api/attendance/2026/3 304 - - 71.741 ms","timestamp":"2026-03-05 15:01:44"}
{"level":"info","message":"OPTIONS /api/attendance/2026/3 200 0 - 0.165 ms","timestamp":"2026-03-05 15:02:08"}
{"level":"info","message":"GET /api/attendance/2026/3 304 - - 88.950 ms","timestamp":"2026-03-05 15:02:08"}
{"level":"info","message":"OPTIONS /api/attendance/2026/3 200 0 - 0.162 ms","timestamp":"2026-03-05 15:02:38"}
{"level":"info","message":"GET /api/attendance/2026/3 304 - - 67.817 ms","timestamp":"2026-03-05 15:02:38"}
{"level":"info","message":"OPTIONS /api/attendance/2026/3 200 0 - 0.067 ms","timestamp":"2026-03-05 15:03:27"}
{"level":"info","message":"GET /api/attendance/2026/3 304 - - 63.978 ms","timestamp":"2026-03-05 15:03:27"}
{"level":"info","message":"OPTIONS /api/attendance/2026/3 200 0 - 0.100 ms","timestamp":"2026-03-05 15:03:38"}
{"level":"info","message":"GET /api/attendance/2026/3 304 - - 71.654 ms","timestamp":"2026-03-05 15:03:38"}
{"level":"info","message":"OPTIONS /api/attendance/2026/3 200 0 - 0.127 ms","timestamp":"2026-03-05 15:04:08"}
{"level":"info","message":"GET /api/attendance/2026/3 304 - - 72.806 ms","timestamp":"2026-03-05 15:04:08"}
{"level":"info","message":"OPTIONS /api/attendance/2026/3 200 0 - 0.197 ms","timestamp":"2026-03-05 15:05:19"}
{"level":"info","message":"GET /api/attendance/2026/3 304 - - 96.513 ms","timestamp":"2026-03-05 15:05:19"}
{"level":"info","message":"OPTIONS /api/attendance/2026/3 200 0 - 0.121 ms","timestamp":"2026-03-05 15:06:20"}
{"level":"info","message":"GET /api/attendance/2026/3 304 - - 74.713 ms","timestamp":"2026-03-05 15:06:20"}
{"level":"info","message":"OPTIONS /api/attendance/2026/3 200 0 - 0.090 ms","timestamp":"2026-03-05 15:07:21"}
{"level":"info","message":"GET /api/attendance/2026/3 200 - - 64.910 ms","timestamp":"2026-03-05 15:07:21"}
{"level":"info","message":"OPTIONS /api/attendance/2026/3 200 0 - 0.054 ms","timestamp":"2026-03-05 15:08:22"}
{"level":"info","message":"GET /api/attendance/2026/3 304 - - 76.206 ms","timestamp":"2026-03-05 15:08:22"}
{"level":"info","message":"OPTIONS /api/attendance/2026/3 200 0 - 0.074 ms","timestamp":"2026-03-05 15:09:23"}
{"level":"info","message":"GET /api/attendance/2026/3 304 - - 354.911 ms","timestamp":"2026-03-05 15:09:23"}
{"level":"info","message":"OPTIONS /api/attendance/2026/3 200 0 - 0.117 ms","timestamp":"2026-03-05 15:10:24"}
{"level":"info","message":"GET /api/attendance/2026/3 304 - - 331.073 ms","timestamp":"2026-03-05 15:10:24"}
{"level":"info","message":"OPTIONS /api/attendance/2026/3 200 0 - 0.067 ms","timestamp":"2026-03-05 15:11:25"}
{"level":"info","message":"GET /api/attendance/2026/3 304 - - 412.635 ms","timestamp":"2026-03-05 15:11:25"}
{"level":"info","message":"OPTIONS /api/attendance/2026/3 200 0 - 0.084 ms","timestamp":"2026-03-05 15:12:26"}
{"level":"info","message":"GET /api/attendance/2026/3 304 - - 327.981 ms","timestamp":"2026-03-05 15:12:26"}
{"level":"info","message":"OPTIONS /api/attendance/2026/3 200 0 - 0.071 ms","timestamp":"2026-03-05 15:13:27"}
{"level":"info","message":"GET /api/attendance/2026/3 304 - - 439.040 ms","timestamp":"2026-03-05 15:13:27"}
{"level":"info","message":"OPTIONS /api/attendance/2026/3 200 0 - 0.064 ms","timestamp":"2026-03-05 15:14:28"}
{"level":"info","message":"GET /api/attendance/2026/3 304 - - 70.346 ms","timestamp":"2026-03-05 15:14:28"}
{"level":"info","message":"OPTIONS /api/attendance/2026/3 200 0 - 0.070 ms","timestamp":"2026-03-05 15:14:54"}
{"level":"info","message":"GET /api/attendance/2026/3 304 - - 207.301 ms","timestamp":"2026-03-05 15:14:55"}
{"level":"info","message":"OPTIONS /api/attendance/2026/3 200 0 - 0.069 ms","timestamp":"2026-03-05 15:15:08"}
{"level":"info","message":"GET /api/attendance/2026/3 304 - - 65.132 ms","timestamp":"2026-03-05 15:15:08"}
{"level":"info","message":"OPTIONS /api/attendance/2026/3 200 0 - 0.081 ms","timestamp":"2026-03-05 15:15:38"}
{"level":"info","message":"GET /api/attendance/2026/3 304 - - 366.188 ms","timestamp":"2026-03-05 15:15:38"}
{"level":"info","message":"OPTIONS /api/attendance/2026/3 200 0 - 0.063 ms","timestamp":"2026-03-05 15:16:08"}
{"level":"info","message":"GET /api/attendance/2026/3 304 - - 84.425 ms","timestamp":"2026-03-05 15:16:08"}
{"level":"info","message":"OPTIONS /api/messages/unread-count 200 0 - 0.102 ms","timestamp":"2026-03-05 15:16:28"}
{"level":"info","message":"OPTIONS /api/messages/unread-count 200 0 - 0.067 ms","timestamp":"2026-03-05 15:16:28"}
{"level":"info","message":"GET /api/messages/unread-count 304 - - 48.027 ms","timestamp":"2026-03-05 15:16:28"}
{"level":"info","message":"GET /api/messages/unread-count 304 - - 53.530 ms","timestamp":"2026-03-05 15:16:28"}
{"level":"info","message":"OPTIONS /api/attendance/2026/3 200 0 - 0.100 ms","timestamp":"2026-03-05 15:16:28"}
{"level":"info","message":"OPTIONS /api/users 200 0 - 0.146 ms","timestamp":"2026-03-05 15:16:28"}
{"level":"info","message":"OPTIONS /api/attendance/range?start=2026-02-28T18:30:00.000Z&end=2026-03-31T18:29:59.999Z 200 0 - 0.070 ms","timestamp":"2026-03-05 15:16:28"}
{"level":"info","message":"GET /api/attendance/2026/3 304 - - 69.373 ms","timestamp":"2026-03-05 15:16:28"}
{"level":"info","message":"GET /api/attendance/2026/3 304 - - 96.973 ms","timestamp":"2026-03-05 15:16:28"}
{"level":"info","message":"GET /api/users 200 - - 213.075 ms","timestamp":"2026-03-05 15:16:29"}
{"level":"info","message":"GET /api/users 304 - - 129.320 ms","timestamp":"2026-03-05 15:16:29"}
{"level":"info","message":"GET /api/attendance/range?start=2026-02-28T18:30:00.000Z&end=2026-03-31T18:29:59.999Z 200 - - 336.610 ms","timestamp":"2026-03-05 15:16:29"}
{"level":"info","message":"GET /api/attendance/range?start=2026-02-28T18:30:00.000Z&end=2026-03-31T18:29:59.999Z 304 - - 83.297 ms","timestamp":"2026-03-05 15:16:29"}
{"level":"info","message":"OPTIONS /api/messages/unread-count 200 0 - 0.067 ms","timestamp":"2026-03-05 15:16:30"}
{"level":"info","message":"OPTIONS /api/messages/unread-count 200 0 - 0.076 ms","timestamp":"2026-03-05 15:16:30"}
{"level":"info","message":"GET /api/messages/unread-count 200 17 - 47.232 ms","timestamp":"2026-03-05 15:16:30"}
{"level":"info","message":"GET /api/messages/unread-count 200 17 - 55.933 ms","timestamp":"2026-03-05 15:16:30"}
{"level":"info","message":"OPTIONS /api/messages/unread-count 200 0 - 0.058 ms","timestamp":"2026-03-05 15:16:31"}
{"level":"info","message":"OPTIONS /api/messages/unread-count 200 0 - 0.052 ms","timestamp":"2026-03-05 15:16:31"}
{"level":"info","message":"GET /api/messages/unread-count 200 17 - 44.620 ms","timestamp":"2026-03-05 15:16:31"}
{"level":"info","message":"GET /api/messages/unread-count 200 17 - 53.642 ms","timestamp":"2026-03-05 15:16:31"}
{"level":"info","message":"OPTIONS /api/messages/unread-count 200 0 - 0.067 ms","timestamp":"2026-03-05 15:16:31"}
{"level":"info","message":"OPTIONS /api/messages/unread-count 200 0 - 0.060 ms","timestamp":"2026-03-05 15:16:31"}
{"level":"info","message":"GET /api/messages/unread-count 200 17 - 42.296 ms","timestamp":"2026-03-05 15:16:31"}
{"level":"info","message":"GET /api/messages/unread-count 200 17 - 54.923 ms","timestamp":"2026-03-05 15:16:31"}
{"level":"info","message":"GET /api/attendance/2026/3 304 - - 68.010 ms","timestamp":"2026-03-05 15:16:31"}
{"level":"info","message":"GET /api/attendance/range?start=2026-02-28T18:30:00.000Z&end=2026-03-31T18:29:59.999Z 304 - - 83.409 ms","timestamp":"2026-03-05 15:16:31"}
{"level":"info","message":"GET /api/attendance/2026/3 304 - - 65.221 ms","timestamp":"2026-03-05 15:16:31"}
{"level":"info","message":"GET /api/users 200 - - 130.866 ms","timestamp":"2026-03-05 15:16:31"}
{"level":"info","message":"GET /api/attendance/range?start=2026-02-28T18:30:00.000Z&end=2026-03-31T18:29:59.999Z 304 - - 76.705 ms","timestamp":"2026-03-05 15:16:31"}
{"level":"info","message":"GET /api/users 304 - - 91.886 ms","timestamp":"2026-03-05 15:16:32"}
{"level":"info","message":"OPTIONS /api/attendance/manual 200 0 - 0.058 ms","timestamp":"2026-03-05 15:16:37"}
{"level":"info","message":"POST /api/attendance/manual 200 369 - 80.739 ms","timestamp":"2026-03-05 15:16:37"}
{"level":"info","message":"OPTIONS /api/attendance/range?start=2026-02-28T18:30:00.000Z&end=2026-03-31T18:29:59.999Z 200 0 - 0.049 ms","timestamp":"2026-03-05 15:16:37"}
{"level":"info","message":"GET /api/attendance/range?start=2026-02-28T18:30:00.000Z&end=2026-03-31T18:29:59.999Z 200 - - 62.929 ms","timestamp":"2026-03-05 15:16:38"}
{"level":"info","message":"GET /api/attendance/range?start=2026-02-28T18:30:00.000Z&end=2026-03-31T18:29:59.999Z 304 - - 62.700 ms","timestamp":"2026-03-05 15:16:38"}
{"level":"info","message":"OPTIONS /api/attendance/2026/3 200 0 - 0.096 ms","timestamp":"2026-03-05 15:17:02"}
{"level":"info","message":"GET /api/attendance/2026/3 200 - - 366.394 ms","timestamp":"2026-03-05 15:17:02"}
