{"level":"info","message":"✅ Redis Clients (Pub/Sub) Connected and Ready","timestamp":"2026-03-28 10:34:01"}
{"level":"info","message":"🚀 Server running on http://localhost:5000","timestamp":"2026-03-28 10:34:01"}
{"level":"info","message":"📡 Socket.IO server ready for connections","timestamp":"2026-03-28 10:34:01"}
{"level":"info","message":"OPTIONS /api/messages/unread-count 200 0 - 1.226 ms","timestamp":"2026-03-28 10:34:19"}
{"level":"info","message":"OPTIONS /api/messages/unread-count 200 0 - 0.143 ms","timestamp":"2026-03-28 10:34:19"}
{"level":"info","message":"GET /api/messages/unread-count 401 31 - 10.968 ms","timestamp":"2026-03-28 10:34:19"}
{"level":"info","message":"GET /api/messages/unread-count 401 31 - 1.668 ms","timestamp":"2026-03-28 10:34:19"}
{"level":"info","message":"OPTIONS /api/auth/login 200 0 - 0.156 ms","timestamp":"2026-03-28 10:34:32"}
{"level":"info","message":"POST /api/auth/login 200 784 - 279.626 ms","timestamp":"2026-03-28 10:34:33"}
{"level":"info","message":"OPTIONS /api/messages/unread-count 200 0 - 0.173 ms","timestamp":"2026-03-28 10:34:33"}
{"level":"info","message":"GET /api/messages/unread-count 200 17 - 50.775 ms","timestamp":"2026-03-28 10:34:33"}
{"level":"info","message":"OPTIONS /api/attendance/2026/3 200 0 - 0.224 ms","timestamp":"2026-03-28 10:34:33"}
{"level":"info","message":"OPTIONS /api/users 200 0 - 0.172 ms","timestamp":"2026-03-28 10:34:33"}
{"level":"info","message":"OPTIONS /api/tasks 200 0 - 0.112 ms","timestamp":"2026-03-28 10:34:33"}
{"level":"info","message":"OPTIONS /api/attendance/2026/3 200 0 - 0.118 ms","timestamp":"2026-03-28 10:34:33"}
{"level":"info","message":"OPTIONS /api/tasks 200 0 - 0.143 ms","timestamp":"2026-03-28 10:34:33"}
{"level":"info","message":"OPTIONS /api/users 200 0 - 0.139 ms","timestamp":"2026-03-28 10:34:33"}
{"level":"info","message":"GET /api/tasks 200 2 - 49.734 ms","timestamp":"2026-03-28 10:34:33"}
{"level":"info","message":"GET /api/tasks 304 - - 51.121 ms","timestamp":"2026-03-28 10:34:33"}
{"level":"info","message":"GET /api/attendance/2026/3 200 - - 143.015 ms","timestamp":"2026-03-28 10:34:33"}
{"level":"info","message":"GET /api/users 200 - - 150.290 ms","timestamp":"2026-03-28 10:34:33"}
{"level":"info","message":"GET /api/users 304 - - 85.403 ms","timestamp":"2026-03-28 10:34:33"}
{"level":"info","message":"GET /api/attendance/2026/3 304 - - 106.327 ms","timestamp":"2026-03-28 10:34:33"}
{"level":"info","message":"OPTIONS /api/telecaller-leads/shuffle 200 0 - 0.090 ms","timestamp":"2026-03-28 10:34:39"}
{"level":"info","message":"GET /api/telecaller-leads/shuffle 200 209 - 64.784 ms","timestamp":"2026-03-28 10:34:39"}
{"level":"info","message":"OPTIONS /api/attendance/2026/3 200 0 - 0.059 ms","timestamp":"2026-03-28 10:35:03"}
{"level":"info","message":"GET /api/attendance/2026/3 304 - - 116.418 ms","timestamp":"2026-03-28 10:35:03"}
{"level":"info","message":"OPTIONS /api/appointments/search?phone=6381088287 200 0 - 0.065 ms","timestamp":"2026-03-28 10:35:03"}
{"level":"info","message":"GET /api/appointments/search?phone=6381088287 404 50 - 41.859 ms","timestamp":"2026-03-28 10:35:03"}
{"level":"info","message":"OPTIONS /api/calls 200 0 - 0.085 ms","timestamp":"2026-03-28 10:35:04"}
{"level":"info","message":"POST /api/calls 201 256 - 49.124 ms","timestamp":"2026-03-28 10:35:05"}
{"level":"info","message":"OPTIONS /api/telecaller-leads/mark-called/69c682dadbbfc297ae954b66 200 0 - 0.070 ms","timestamp":"2026-03-28 10:35:05"}
{"level":"info","message":"PATCH /api/telecaller-leads/mark-called/69c682dadbbfc297ae954b66 200 50 - 48.365 ms","timestamp":"2026-03-28 10:35:05"}
{"level":"info","message":"OPTIONS /api/calls/69c76180aae9750629d01712 200 0 - 0.107 ms","timestamp":"2026-03-28 10:35:18"}
{"level":"info","message":"PATCH /api/calls/69c76180aae9750629d01712 200 258 - 51.105 ms","timestamp":"2026-03-28 10:35:18"}
{"level":"info","message":"OPTIONS /api/calls/69c76180aae9750629d01712 200 0 - 0.063 ms","timestamp":"2026-03-28 10:35:25"}
{"level":"info","message":"PATCH /api/calls/69c76180aae9750629d01712 200 332 - 44.295 ms","timestamp":"2026-03-28 10:35:25"}
{"level":"info","message":"OPTIONS /api/attendance/2026/3 200 0 - 0.118 ms","timestamp":"2026-03-28 10:35:33"}
{"level":"info","message":"GET /api/attendance/2026/3 304 - - 130.776 ms","timestamp":"2026-03-28 10:35:33"}
{"level":"info","message":"OPTIONS /api/attendance/2026/3 200 0 - 0.068 ms","timestamp":"2026-03-28 10:36:03"}
{"level":"info","message":"GET /api/attendance/2026/3 304 - - 111.786 ms","timestamp":"2026-03-28 10:36:03"}
{"level":"info","message":"OPTIONS /api/attendance/2026/3 200 0 - 0.523 ms","timestamp":"2026-03-28 10:36:33"}
{"level":"info","message":"GET /api/attendance/2026/3 200 - - 158.168 ms","timestamp":"2026-03-28 10:36:33"}
{"level":"info","message":"OPTIONS /api/attendance/2026/3 200 0 - 0.098 ms","timestamp":"2026-03-28 10:37:04"}
{"level":"info","message":"GET /api/attendance/2026/3 200 - - 130.843 ms","timestamp":"2026-03-28 10:37:04"}
{"level":"info","message":"OPTIONS /api/attendance/2026/3 200 0 - 0.194 ms","timestamp":"2026-03-28 10:37:34"}
{"level":"info","message":"GET /api/attendance/2026/3 200 - - 148.961 ms","timestamp":"2026-03-28 10:37:34"}
{"level":"info","message":"OPTIONS /api/messages/unread-count 200 0 - 0.100 ms","timestamp":"2026-03-28 10:37:53"}
{"level":"info","message":"OPTIONS /api/messages/unread-count 200 0 - 0.083 ms","timestamp":"2026-03-28 10:37:53"}
{"level":"info","message":"GET /api/messages/unread-count - - - - ms","timestamp":"2026-03-28 10:37:53"}
{"level":"info","message":"GET /api/messages/unread-count - - - - ms","timestamp":"2026-03-28 10:37:53"}
{"level":"info","message":"OPTIONS /api/messages/unread-count 200 0 - 0.118 ms","timestamp":"2026-03-28 10:37:54"}
{"level":"info","message":"OPTIONS /api/messages/unread-count 200 0 - 0.060 ms","timestamp":"2026-03-28 10:37:54"}
{"level":"info","message":"GET /api/messages/unread-count 200 17 - 47.875 ms","timestamp":"2026-03-28 10:37:54"}
{"level":"info","message":"GET /api/messages/unread-count 200 17 - 51.565 ms","timestamp":"2026-03-28 10:37:54"}
{"level":"info","message":"OPTIONS /api/attendance/2026/3 200 0 - 0.102 ms","timestamp":"2026-03-28 10:37:55"}
{"level":"info","message":"OPTIONS /api/users 200 0 - 0.093 ms","timestamp":"2026-03-28 10:37:55"}
{"level":"info","message":"OPTIONS /api/tasks 200 0 - 0.079 ms","timestamp":"2026-03-28 10:37:55"}
{"level":"info","message":"OPTIONS /api/attendance/2026/3 200 0 - 0.092 ms","timestamp":"2026-03-28 10:37:55"}
{"level":"info","message":"OPTIONS /api/users 200 0 - 0.045 ms","timestamp":"2026-03-28 10:37:55"}
{"level":"info","message":"OPTIONS /api/tasks 200 0 - 0.063 ms","timestamp":"2026-03-28 10:37:55"}
{"level":"info","message":"GET /api/tasks 200 2 - 51.359 ms","timestamp":"2026-03-28 10:37:55"}
{"level":"info","message":"GET /api/tasks 200 2 - 44.224 ms","timestamp":"2026-03-28 10:37:55"}
{"level":"info","message":"GET /api/attendance/2026/3 200 - - 127.431 ms","timestamp":"2026-03-28 10:37:55"}
{"level":"info","message":"GET /api/users 200 - - 132.536 ms","timestamp":"2026-03-28 10:37:55"}
{"level":"info","message":"GET /api/attendance/2026/3 200 - - 139.436 ms","timestamp":"2026-03-28 10:37:55"}
{"level":"info","message":"GET /api/users 200 - - 143.093 ms","timestamp":"2026-03-28 10:37:55"}
{"level":"info","message":"OPTIONS /api/messages/unread-count 200 0 - 0.184 ms","timestamp":"2026-03-28 10:38:02"}
{"level":"info","message":"OPTIONS /api/messages/unread-count 200 0 - 0.100 ms","timestamp":"2026-03-28 10:38:02"}
{"level":"info","message":"GET /api/messages/unread-count - - - - ms","timestamp":"2026-03-28 10:38:02"}
{"level":"info","message":"GET /api/messages/unread-count - - - - ms","timestamp":"2026-03-28 10:38:02"}
{"level":"info","message":"OPTIONS /api/messages/unread-count 200 0 - 0.102 ms","timestamp":"2026-03-28 10:38:03"}
{"level":"info","message":"OPTIONS /api/messages/unread-count 200 0 - 0.100 ms","timestamp":"2026-03-28 10:38:03"}
{"level":"info","message":"GET /api/messages/unread-count 200 17 - 48.572 ms","timestamp":"2026-03-28 10:38:03"}
{"level":"info","message":"GET /api/messages/unread-count 200 17 - 49.705 ms","timestamp":"2026-03-28 10:38:03"}
{"level":"info","message":"OPTIONS /api/attendance/2026/3 200 0 - 0.099 ms","timestamp":"2026-03-28 10:38:03"}
{"level":"info","message":"OPTIONS /api/users 200 0 - 0.066 ms","timestamp":"2026-03-28 10:38:03"}
{"level":"info","message":"OPTIONS /api/tasks 200 0 - 0.097 ms","timestamp":"2026-03-28 10:38:03"}
{"level":"info","message":"OPTIONS /api/attendance/2026/3 200 0 - 0.091 ms","timestamp":"2026-03-28 10:38:03"}
{"level":"info","message":"OPTIONS /api/users 200 0 - 0.049 ms","timestamp":"2026-03-28 10:38:03"}
{"level":"info","message":"OPTIONS /api/tasks 200 0 - 0.079 ms","timestamp":"2026-03-28 10:38:03"}
{"level":"info","message":"GET /api/tasks 200 2 - 53.688 ms","timestamp":"2026-03-28 10:38:03"}
{"level":"info","message":"GET /api/tasks 200 2 - 50.362 ms","timestamp":"2026-03-28 10:38:03"}
{"level":"info","message":"GET /api/users 200 - - 124.889 ms","timestamp":"2026-03-28 10:38:03"}
{"level":"info","message":"GET /api/users 200 - - 124.417 ms","timestamp":"2026-03-28 10:38:03"}
{"level":"info","message":"GET /api/attendance/2026/3 200 - - 158.330 ms","timestamp":"2026-03-28 10:38:03"}
{"level":"info","message":"GET /api/attendance/2026/3 200 - - 157.308 ms","timestamp":"2026-03-28 10:38:03"}
{"level":"info","message":"OPTIONS /api/users 200 0 - 0.106 ms","timestamp":"2026-03-28 10:38:27"}
{"level":"info","message":"OPTIONS /api/tasks 200 0 - 0.059 ms","timestamp":"2026-03-28 10:38:27"}
{"level":"info","message":"GET /api/tasks 200 2 - 47.559 ms","timestamp":"2026-03-28 10:38:27"}
{"level":"info","message":"GET /api/users 200 - - 123.509 ms","timestamp":"2026-03-28 10:38:27"}
{"level":"info","message":"OPTIONS /api/attendance/2026/3 200 0 - 0.116 ms","timestamp":"2026-03-28 10:38:34"}
{"level":"info","message":"GET /api/attendance/2026/3 200 - - 126.379 ms","timestamp":"2026-03-28 10:38:34"}
{"level":"info","message":"OPTIONS /api/attendance/2026/3 200 0 - 0.056 ms","timestamp":"2026-03-28 10:39:04"}
{"level":"info","message":"GET /api/attendance/2026/3 200 - - 123.958 ms","timestamp":"2026-03-28 10:39:04"}
{"level":"info","message":"OPTIONS /api/users 200 0 - 0.100 ms","timestamp":"2026-03-28 10:39:28"}
{"level":"info","message":"OPTIONS /api/tasks 200 0 - 0.046 ms","timestamp":"2026-03-28 10:39:28"}
{"level":"info","message":"OPTIONS /api/users 200 0 - 0.065 ms","timestamp":"2026-03-28 10:39:28"}
{"level":"info","message":"OPTIONS /api/tasks 200 0 - 0.031 ms","timestamp":"2026-03-28 10:39:28"}
{"level":"info","message":"GET /api/tasks 200 2 - 44.798 ms","timestamp":"2026-03-28 10:39:28"}
{"level":"info","message":"GET /api/tasks 200 2 - 49.222 ms","timestamp":"2026-03-28 10:39:28"}
{"level":"info","message":"GET /api/users 200 - - 105.788 ms","timestamp":"2026-03-28 10:39:28"}
{"level":"info","message":"GET /api/users 200 - - 122.548 ms","timestamp":"2026-03-28 10:39:28"}
{"level":"info","message":"OPTIONS /api/attendance/2026/3 200 0 - 0.180 ms","timestamp":"2026-03-28 10:39:34"}
{"level":"info","message":"GET /api/attendance/2026/3 200 - - 153.852 ms","timestamp":"2026-03-28 10:39:34"}
{"level":"info","message":"OPTIONS /api/attendance/2026/3 200 0 - 0.133 ms","timestamp":"2026-03-28 10:40:04"}
{"level":"info","message":"GET /api/attendance/2026/3 200 - - 123.538 ms","timestamp":"2026-03-28 10:40:04"}
{"level":"info","message":"OPTIONS /api/attendance/2026/3 200 0 - 0.304 ms","timestamp":"2026-03-28 10:40:34"}
{"level":"info","message":"GET /api/attendance/2026/3 200 - - 149.594 ms","timestamp":"2026-03-28 10:40:34"}
{"level":"info","message":"OPTIONS /api/attendance/2026/3 200 0 - 0.095 ms","timestamp":"2026-03-28 10:41:04"}
{"level":"info","message":"GET /api/attendance/2026/3 200 - - 129.449 ms","timestamp":"2026-03-28 10:41:04"}
{"level":"info","message":"OPTIONS /api/attendance/2026/3 200 0 - 0.100 ms","timestamp":"2026-03-28 10:42:09"}
{"level":"info","message":"GET /api/attendance/2026/3 200 - - 128.199 ms","timestamp":"2026-03-28 10:42:09"}
{"level":"info","message":"OPTIONS /api/attendance/2026/3 200 0 - 0.180 ms","timestamp":"2026-03-28 10:43:09"}
{"level":"info","message":"GET /api/attendance/2026/3 200 - - 144.997 ms","timestamp":"2026-03-28 10:43:09"}
{"level":"info","message":"OPTIONS /api/attendance/2026/3 200 0 - 0.463 ms","timestamp":"2026-03-28 10:43:59"}
{"level":"info","message":"GET /api/attendance/2026/3 200 - - 135.221 ms","timestamp":"2026-03-28 10:43:59"}
{"level":"info","message":"OPTIONS /api/attendance/2026/3 200 0 - 0.064 ms","timestamp":"2026-03-28 10:44:03"}
{"level":"info","message":"GET /api/attendance/2026/3 200 - - 133.847 ms","timestamp":"2026-03-28 10:44:03"}
{"level":"info","message":"OPTIONS /api/messages/unread-count 200 0 - 0.086 ms","timestamp":"2026-03-28 10:44:09"}
{"level":"info","message":"OPTIONS /api/messages/unread-count 200 0 - 0.120 ms","timestamp":"2026-03-28 10:44:09"}
{"level":"info","message":"GET /api/messages/unread-count 304 - - 60.724 ms","timestamp":"2026-03-28 10:44:09"}
{"level":"info","message":"GET /api/messages/unread-count 304 - - 50.480 ms","timestamp":"2026-03-28 10:44:09"}
{"level":"info","message":"OPTIONS /api/attendance/2026/3 200 0 - 0.107 ms","timestamp":"2026-03-28 10:44:09"}
{"level":"info","message":"OPTIONS /api/users 200 0 - 0.071 ms","timestamp":"2026-03-28 10:44:09"}
{"level":"info","message":"OPTIONS /api/tasks 200 0 - 0.058 ms","timestamp":"2026-03-28 10:44:09"}
{"level":"info","message":"OPTIONS /api/attendance/2026/3 200 0 - 0.048 ms","timestamp":"2026-03-28 10:44:09"}
{"level":"info","message":"OPTIONS /api/tasks 200 0 - 0.086 ms","timestamp":"2026-03-28 10:44:09"}
{"level":"info","message":"GET /api/tasks 304 - - 47.063 ms","timestamp":"2026-03-28 10:44:09"}
{"level":"info","message":"GET /api/tasks 304 - - 53.605 ms","timestamp":"2026-03-28 10:44:09"}
{"level":"info","message":"GET /api/attendance/2026/3 304 - - 134.630 ms","timestamp":"2026-03-28 10:44:09"}
{"level":"info","message":"GET /api/users 200 - - 127.674 ms","timestamp":"2026-03-28 10:44:09"}
{"level":"info","message":"GET /api/users 304 - - 88.397 ms","timestamp":"2026-03-28 10:44:09"}
{"level":"info","message":"GET /api/attendance/2026/3 304 - - 108.158 ms","timestamp":"2026-03-28 10:44:09"}
{"level":"info","message":"GET /api/messages/unread-count 304 - - 51.378 ms","timestamp":"2026-03-28 10:44:11"}
{"level":"info","message":"GET /api/messages/unread-count 304 - - 49.513 ms","timestamp":"2026-03-28 10:44:11"}
{"level":"info","message":"GET /api/tasks 304 - - 48.130 ms","timestamp":"2026-03-28 10:44:11"}
{"level":"info","message":"GET /api/tasks 304 - - 51.390 ms","timestamp":"2026-03-28 10:44:11"}
{"level":"info","message":"GET /api/attendance/2026/3 304 - - 132.057 ms","timestamp":"2026-03-28 10:44:11"}
{"level":"info","message":"GET /api/users 200 - - 126.187 ms","timestamp":"2026-03-28 10:44:11"}
{"level":"info","message":"GET /api/users 304 - - 93.666 ms","timestamp":"2026-03-28 10:44:11"}
{"level":"info","message":"GET /api/attendance/2026/3 304 - - 112.759 ms","timestamp":"2026-03-28 10:44:11"}
{"level":"info","message":"OPTIONS /api/messages/unread-count 200 0 - 0.133 ms","timestamp":"2026-03-28 10:44:18"}
{"level":"info","message":"OPTIONS /api/messages/unread-count 200 0 - 0.103 ms","timestamp":"2026-03-28 10:44:18"}
{"level":"info","message":"GET /api/messages/unread-count 304 - - 49.082 ms","timestamp":"2026-03-28 10:44:18"}
{"level":"info","message":"GET /api/messages/unread-count 304 - - 49.048 ms","timestamp":"2026-03-28 10:44:19"}
{"level":"info","message":"OPTIONS /api/attendance/2026/3 200 0 - 0.071 ms","timestamp":"2026-03-28 10:44:19"}
{"level":"info","message":"OPTIONS /api/users 200 0 - 0.068 ms","timestamp":"2026-03-28 10:44:19"}
{"level":"info","message":"OPTIONS /api/tasks 200 0 - 0.091 ms","timestamp":"2026-03-28 10:44:19"}
{"level":"info","message":"GET /api/tasks 304 - - 45.737 ms","timestamp":"2026-03-28 10:44:19"}
{"level":"info","message":"GET /api/tasks 304 - - 52.307 ms","timestamp":"2026-03-28 10:44:19"}
{"level":"info","message":"GET /api/attendance/2026/3 304 - - 132.083 ms","timestamp":"2026-03-28 10:44:19"}
{"level":"info","message":"GET /api/users 200 - - 126.298 ms","timestamp":"2026-03-28 10:44:19"}
{"level":"info","message":"GET /api/users 304 - - 87.777 ms","timestamp":"2026-03-28 10:44:19"}
{"level":"info","message":"GET /api/attendance/2026/3 304 - - 109.578 ms","timestamp":"2026-03-28 10:44:19"}
{"level":"info","message":"OPTIONS /api/attendance/2026/3 200 0 - 0.278 ms","timestamp":"2026-03-28 10:44:49"}
{"level":"info","message":"GET /api/attendance/2026/3 200 - - 132.910 ms","timestamp":"2026-03-28 10:44:49"}
{"level":"info","message":"OPTIONS /api/attendance/2026/3 200 0 - 0.126 ms","timestamp":"2026-03-28 10:45:19"}
{"level":"info","message":"OPTIONS /api/messages/unread-count 200 0 - 0.104 ms","timestamp":"2026-03-28 10:45:19"}
{"level":"info","message":"OPTIONS /api/messages/unread-count 200 0 - 0.093 ms","timestamp":"2026-03-28 10:45:19"}
{"level":"info","message":"GET /api/messages/unread-count - - - - ms","timestamp":"2026-03-28 10:45:19"}
{"level":"info","message":"GET /api/messages/unread-count - - - - ms","timestamp":"2026-03-28 10:45:19"}
{"level":"info","message":"GET /api/attendance/2026/3 - - - - ms","timestamp":"2026-03-28 10:45:19"}
{"level":"info","message":"OPTIONS /api/messages/unread-count 200 0 - 0.196 ms","timestamp":"2026-03-28 10:45:20"}
{"level":"info","message":"OPTIONS /api/messages/unread-count 200 0 - 0.086 ms","timestamp":"2026-03-28 10:45:20"}
{"level":"info","message":"GET /api/messages/unread-count 200 17 - 48.993 ms","timestamp":"2026-03-28 10:45:20"}
{"level":"info","message":"GET /api/messages/unread-count 200 17 - 49.654 ms","timestamp":"2026-03-28 10:45:20"}
{"level":"info","message":"OPTIONS /api/attendance/2026/3 200 0 - 0.101 ms","timestamp":"2026-03-28 10:45:21"}
{"level":"info","message":"OPTIONS /api/users 200 0 - 0.080 ms","timestamp":"2026-03-28 10:45:21"}
{"level":"info","message":"OPTIONS /api/tasks 200 0 - 0.102 ms","timestamp":"2026-03-28 10:45:21"}
{"level":"info","message":"OPTIONS /api/attendance/2026/3 200 0 - 0.078 ms","timestamp":"2026-03-28 10:45:21"}
{"level":"info","message":"OPTIONS /api/users 200 0 - 0.111 ms","timestamp":"2026-03-28 10:45:21"}
{"level":"info","message":"OPTIONS /api/tasks 200 0 - 0.115 ms","timestamp":"2026-03-28 10:45:21"}
{"level":"info","message":"GET /api/tasks 200 2 - 49.347 ms","timestamp":"2026-03-28 10:45:21"}
{"level":"info","message":"GET /api/tasks 200 2 - 60.706 ms","timestamp":"2026-03-28 10:45:21"}
{"level":"info","message":"GET /api/users 200 - - 125.739 ms","timestamp":"2026-03-28 10:45:21"}
{"level":"info","message":"GET /api/attendance/2026/3 200 - - 151.196 ms","timestamp":"2026-03-28 10:45:21"}
{"level":"info","message":"GET /api/users 200 - - 150.306 ms","timestamp":"2026-03-28 10:45:21"}
{"level":"info","message":"GET /api/attendance/2026/3 200 - - 157.598 ms","timestamp":"2026-03-28 10:45:21"}
{"level":"info","message":"OPTIONS /api/attendance/2026/3 200 0 - 0.136 ms","timestamp":"2026-03-28 10:45:30"}
{"level":"info","message":"OPTIONS /api/users 200 0 - 0.134 ms","timestamp":"2026-03-28 10:45:30"}
{"level":"info","message":"OPTIONS /api/tasks 200 0 - 0.075 ms","timestamp":"2026-03-28 10:45:30"}
{"level":"info","message":"OPTIONS /api/attendance/2026/3 200 0 - 0.075 ms","timestamp":"2026-03-28 10:45:30"}
{"level":"info","message":"OPTIONS /api/users 200 0 - 0.080 ms","timestamp":"2026-03-28 10:45:30"}
{"level":"info","message":"OPTIONS /api/tasks 200 0 - 0.069 ms","timestamp":"2026-03-28 10:45:30"}
{"level":"info","message":"GET /api/tasks 200 2 - 48.359 ms","timestamp":"2026-03-28 10:45:30"}
{"level":"info","message":"GET /api/tasks 200 2 - 49.884 ms","timestamp":"2026-03-28 10:45:30"}
{"level":"info","message":"GET /api/users 200 - - 124.023 ms","timestamp":"2026-03-28 10:45:30"}
{"level":"info","message":"GET /api/attendance/2026/3 200 - - 142.474 ms","timestamp":"2026-03-28 10:45:30"}
{"level":"info","message":"GET /api/users 200 - - 138.623 ms","timestamp":"2026-03-28 10:45:30"}
{"level":"info","message":"GET /api/attendance/2026/3 200 - - 151.224 ms","timestamp":"2026-03-28 10:45:30"}
{"level":"info","message":"OPTIONS /api/attendance/2026/3 200 0 - 0.085 ms","timestamp":"2026-03-28 10:46:01"}
{"level":"info","message":"GET /api/attendance/2026/3 200 - - 129.605 ms","timestamp":"2026-03-28 10:46:01"}
{"level":"info","message":"OPTIONS /api/attendance/2026/3 200 0 - 0.093 ms","timestamp":"2026-03-28 10:46:30"}
{"level":"info","message":"GET /api/attendance/2026/3 304 - - 148.391 ms","timestamp":"2026-03-28 10:46:30"}
{"level":"info","message":"OPTIONS /api/appointments/search?phone=6381088287 200 0 - 0.216 ms","timestamp":"2026-03-28 10:46:45"}
{"level":"info","message":"GET /api/appointments/search?phone=6381088287 404 50 - 56.058 ms","timestamp":"2026-03-28 10:46:45"}
{"level":"info","message":"OPTIONS /api/calls 200 0 - 0.062 ms","timestamp":"2026-03-28 10:46:49"}
{"level":"info","message":"POST /api/calls 201 256 - 58.499 ms","timestamp":"2026-03-28 10:46:49"}
{"level":"info","message":"OPTIONS /api/calls/69c76441aae9750629d01812 200 0 - 0.160 ms","timestamp":"2026-03-28 10:46:49"}
{"level":"info","message":"PATCH /api/calls/69c76441aae9750629d01812 200 253 - 51.763 ms","timestamp":"2026-03-28 10:46:49"}
{"level":"info","message":"OPTIONS /api/calls 200 0 - 0.080 ms","timestamp":"2026-03-28 10:46:56"}
{"level":"info","message":"POST /api/calls 201 256 - 51.340 ms","timestamp":"2026-03-28 10:46:57"}
{"level":"info","message":"OPTIONS /api/calls/69c76449aae9750629d01817 200 0 - 0.104 ms","timestamp":"2026-03-28 10:46:57"}
{"level":"info","message":"PATCH /api/calls/69c76449aae9750629d01817 200 253 - 57.608 ms","timestamp":"2026-03-28 10:46:57"}
{"level":"info","message":"OPTIONS /api/attendance/2026/3 200 0 - 0.088 ms","timestamp":"2026-03-28 10:47:00"}
{"level":"info","message":"GET /api/attendance/2026/3 304 - - 130.528 ms","timestamp":"2026-03-28 10:47:00"}
{"level":"info","message":"OPTIONS /api/attendance/2026/3 200 0 - 0.066 ms","timestamp":"2026-03-28 10:47:31"}
{"level":"info","message":"GET /api/attendance/2026/3 304 - - 139.276 ms","timestamp":"2026-03-28 10:47:31"}
{"level":"info","message":"OPTIONS /api/attendance/2026/3 200 0 - 0.088 ms","timestamp":"2026-03-28 10:48:01"}
{"level":"info","message":"GET /api/attendance/2026/3 200 - - 130.318 ms","timestamp":"2026-03-28 10:48:01"}
{"level":"info","message":"OPTIONS /api/messages/unread-count 200 0 - 0.098 ms","timestamp":"2026-03-28 10:48:25"}
{"level":"info","message":"OPTIONS /api/messages/unread-count 200 0 - 0.067 ms","timestamp":"2026-03-28 10:48:25"}
{"level":"info","message":"GET /api/messages/unread-count 304 - - 49.826 ms","timestamp":"2026-03-28 10:48:25"}
{"level":"info","message":"GET /api/messages/unread-count 304 - - 50.224 ms","timestamp":"2026-03-28 10:48:25"}
{"level":"info","message":"OPTIONS /api/attendance/2026/3 200 0 - 0.076 ms","timestamp":"2026-03-28 10:48:25"}
{"level":"info","message":"OPTIONS /api/users 200 0 - 0.073 ms","timestamp":"2026-03-28 10:48:25"}
{"level":"info","message":"OPTIONS /api/tasks 200 0 - 0.059 ms","timestamp":"2026-03-28 10:48:25"}
{"level":"info","message":"GET /api/tasks 304 - - 49.816 ms","timestamp":"2026-03-28 10:48:25"}
{"level":"info","message":"GET /api/tasks 304 - - 48.861 ms","timestamp":"2026-03-28 10:48:25"}
{"level":"info","message":"GET /api/attendance/2026/3 304 - - 125.563 ms","timestamp":"2026-03-28 10:48:25"}
{"level":"info","message":"GET /api/users 200 - - 129.359 ms","timestamp":"2026-03-28 10:48:25"}
{"level":"info","message":"GET /api/users 304 - - 86.490 ms","timestamp":"2026-03-28 10:48:25"}
{"level":"info","message":"GET /api/attendance/2026/3 304 - - 106.983 ms","timestamp":"2026-03-28 10:48:25"}
{"level":"info","message":"OPTIONS /api/messages/unread-count 200 0 - 0.089 ms","timestamp":"2026-03-28 10:48:31"}
{"level":"info","message":"OPTIONS /api/messages/unread-count 200 0 - 0.095 ms","timestamp":"2026-03-28 10:48:31"}
{"level":"info","message":"GET /api/messages/unread-count 304 - - 51.335 ms","timestamp":"2026-03-28 10:48:31"}
{"level":"info","message":"GET /api/messages/unread-count 304 - - 53.721 ms","timestamp":"2026-03-28 10:48:31"}
{"level":"info","message":"OPTIONS /api/attendance/2026/3 200 0 - 0.120 ms","timestamp":"2026-03-28 10:48:31"}
{"level":"info","message":"OPTIONS /api/users 200 0 - 0.057 ms","timestamp":"2026-03-28 10:48:31"}
{"level":"info","message":"OPTIONS /api/tasks 200 0 - 0.067 ms","timestamp":"2026-03-28 10:48:31"}
{"level":"info","message":"OPTIONS /api/attendance/2026/3 200 0 - 0.063 ms","timestamp":"2026-03-28 10:48:31"}
{"level":"info","message":"GET /api/tasks 304 - - 47.601 ms","timestamp":"2026-03-28 10:48:31"}
{"level":"info","message":"GET /api/tasks 304 - - 51.951 ms","timestamp":"2026-03-28 10:48:31"}
{"level":"info","message":"GET /api/attendance/2026/3 304 - - 133.303 ms","timestamp":"2026-03-28 10:48:31"}
{"level":"info","message":"GET /api/users 200 - - 124.972 ms","timestamp":"2026-03-28 10:48:31"}
{"level":"info","message":"GET /api/users 304 - - 86.842 ms","timestamp":"2026-03-28 10:48:31"}
{"level":"info","message":"GET /api/attendance/2026/3 304 - - 110.267 ms","timestamp":"2026-03-28 10:48:31"}
{"level":"info","message":"OPTIONS /api/auth/logout 200 0 - 0.071 ms","timestamp":"2026-03-28 10:48:34"}
{"level":"info","message":"POST /api/auth/logout 200 31 - 0.988 ms","timestamp":"2026-03-28 10:48:34"}
{"level":"info","message":"OPTIONS /api/users/logout 200 0 - 0.069 ms","timestamp":"2026-03-28 10:48:34"}
{"level":"info","message":"POST /api/users/logout 200 33 - 126.066 ms","timestamp":"2026-03-28 10:48:34"}
{"level":"info","message":"OPTIONS /api/auth/login 200 0 - 0.138 ms","timestamp":"2026-03-28 10:48:49"}
{"level":"info","message":"POST /api/auth/login 200 784 - 218.003 ms","timestamp":"2026-03-28 10:48:50"}
{"level":"info","message":"OPTIONS /api/messages/unread-count 200 0 - 0.116 ms","timestamp":"2026-03-28 10:48:50"}
{"level":"info","message":"GET /api/messages/unread-count 304 - - 54.665 ms","timestamp":"2026-03-28 10:48:50"}
{"level":"info","message":"OPTIONS /api/attendance/2026/3 200 0 - 0.115 ms","timestamp":"2026-03-28 10:48:50"}
{"level":"info","message":"OPTIONS /api/users 200 0 - 0.097 ms","timestamp":"2026-03-28 10:48:50"}
{"level":"info","message":"OPTIONS /api/tasks 200 0 - 0.047 ms","timestamp":"2026-03-28 10:48:50"}
{"level":"info","message":"OPTIONS /api/users 200 0 - 0.063 ms","timestamp":"2026-03-28 10:48:50"}
{"level":"info","message":"GET /api/tasks 304 - - 47.486 ms","timestamp":"2026-03-28 10:48:50"}
{"level":"info","message":"GET /api/tasks 304 - - 51.947 ms","timestamp":"2026-03-28 10:48:50"}
{"level":"info","message":"GET /api/users 200 - - 124.634 ms","timestamp":"2026-03-28 10:48:50"}
{"level":"info","message":"GET /api/attendance/2026/3 200 - - 131.007 ms","timestamp":"2026-03-28 10:48:50"}
{"level":"info","message":"GET /api/users 304 - - 87.430 ms","timestamp":"2026-03-28 10:48:50"}
{"level":"info","message":"GET /api/attendance/2026/3 304 - - 119.646 ms","timestamp":"2026-03-28 10:48:50"}
{"level":"info","message":"OPTIONS /api/messages/unread-count 200 0 - 0.119 ms","timestamp":"2026-03-28 10:48:55"}
{"level":"info","message":"OPTIONS /api/messages/unread-count 200 0 - 0.072 ms","timestamp":"2026-03-28 10:48:55"}
{"level":"info","message":"GET /api/messages/unread-count 304 - - 51.098 ms","timestamp":"2026-03-28 10:48:55"}
{"level":"info","message":"GET /api/messages/unread-count 304 - - 49.931 ms","timestamp":"2026-03-28 10:48:55"}
{"level":"info","message":"OPTIONS /api/attendance/2026/3 200 0 - 0.093 ms","timestamp":"2026-03-28 10:48:55"}
{"level":"info","message":"OPTIONS /api/users 200 0 - 0.048 ms","timestamp":"2026-03-28 10:48:55"}
{"level":"info","message":"OPTIONS /api/tasks 200 0 - 0.087 ms","timestamp":"2026-03-28 10:48:55"}
{"level":"info","message":"OPTIONS /api/attendance/2026/3 200 0 - 0.065 ms","timestamp":"2026-03-28 10:48:55"}
{"level":"info","message":"GET /api/tasks 304 - - 48.141 ms","timestamp":"2026-03-28 10:48:55"}
{"level":"info","message":"GET /api/tasks 304 - - 50.217 ms","timestamp":"2026-03-28 10:48:55"}
{"level":"info","message":"GET /api/attendance/2026/3 304 - - 130.464 ms","timestamp":"2026-03-28 10:48:55"}
{"level":"info","message":"GET /api/users 200 - - 123.405 ms","timestamp":"2026-03-28 10:48:55"}
{"level":"info","message":"GET /api/users 304 - - 86.080 ms","timestamp":"2026-03-28 10:48:55"}
{"level":"info","message":"GET /api/attendance/2026/3 304 - - 108.845 ms","timestamp":"2026-03-28 10:48:55"}
{"level":"info","message":"OPTIONS /api/messages/unread-count 200 0 - 0.085 ms","timestamp":"2026-03-28 10:49:07"}
{"level":"info","message":"OPTIONS /api/messages/unread-count 200 0 - 0.083 ms","timestamp":"2026-03-28 10:49:07"}
{"level":"info","message":"GET /api/messages/unread-count 304 - - 50.733 ms","timestamp":"2026-03-28 10:49:07"}
{"level":"info","message":"GET /api/messages/unread-count 304 - - 49.437 ms","timestamp":"2026-03-28 10:49:07"}
{"level":"info","message":"OPTIONS /api/attendance/2026/3 200 0 - 0.081 ms","timestamp":"2026-03-28 10:49:07"}
{"level":"info","message":"OPTIONS /api/users 200 0 - 0.057 ms","timestamp":"2026-03-28 10:49:07"}
{"level":"info","message":"OPTIONS /api/tasks 200 0 - 0.050 ms","timestamp":"2026-03-28 10:49:07"}
{"level":"info","message":"GET /api/tasks 304 - - 49.374 ms","timestamp":"2026-03-28 10:49:07"}
{"level":"info","message":"GET /api/tasks 304 - - 50.737 ms","timestamp":"2026-03-28 10:49:08"}
{"level":"info","message":"GET /api/attendance/2026/3 304 - - 127.135 ms","timestamp":"2026-03-28 10:49:08"}
{"level":"info","message":"GET /api/users 200 - - 134.554 ms","timestamp":"2026-03-28 10:49:08"}
{"level":"info","message":"GET /api/users 304 - - 85.925 ms","timestamp":"2026-03-28 10:49:08"}
{"level":"info","message":"GET /api/attendance/2026/3 304 - - 110.310 ms","timestamp":"2026-03-28 10:49:08"}
{"level":"info","message":"✅ Redis Clients (Pub/Sub) Connected and Ready","timestamp":"2026-03-28 10:49:35"}
{"level":"info","message":"🚀 Server running on http://localhost:5000","timestamp":"2026-03-28 10:49:35"}
{"level":"info","message":"📡 Socket.IO server ready for connections","timestamp":"2026-03-28 10:49:35"}
{"level":"info","message":"OPTIONS /api/messages/unread-count 200 0 - 1.525 ms","timestamp":"2026-03-28 10:49:38"}
{"level":"info","message":"OPTIONS /api/messages/unread-count 200 0 - 0.192 ms","timestamp":"2026-03-28 10:49:38"}
{"level":"info","message":"GET /api/messages/unread-count 304 - - 70.423 ms","timestamp":"2026-03-28 10:49:38"}
{"level":"info","message":"GET /api/messages/unread-count 304 - - 53.621 ms","timestamp":"2026-03-28 10:49:38"}
{"level":"info","message":"OPTIONS /api/attendance/2026/3 200 0 - 0.139 ms","timestamp":"2026-03-28 10:49:38"}
{"level":"info","message":"OPTIONS /api/users 200 0 - 0.179 ms","timestamp":"2026-03-28 10:49:38"}
{"level":"info","message":"OPTIONS /api/tasks 200 0 - 0.122 ms","timestamp":"2026-03-28 10:49:38"}
{"level":"info","message":"OPTIONS /api/users 200 0 - 0.122 ms","timestamp":"2026-03-28 10:49:38"}
{"level":"info","message":"OPTIONS /api/tasks 200 0 - 0.187 ms","timestamp":"2026-03-28 10:49:38"}
{"level":"info","message":"GET /api/tasks 304 - - 52.817 ms","timestamp":"2026-03-28 10:49:38"}
{"level":"info","message":"GET /api/tasks 304 - - 59.934 ms","timestamp":"2026-03-28 10:49:38"}
{"level":"info","message":"GET /api/users 200 - - 134.731 ms","timestamp":"2026-03-28 10:49:38"}
{"level":"info","message":"GET /api/attendance/2026/3 304 - - 155.978 ms","timestamp":"2026-03-28 10:49:38"}
{"level":"info","message":"GET /api/users 304 - - 91.890 ms","timestamp":"2026-03-28 10:49:38"}
{"level":"info","message":"GET /api/attendance/2026/3 304 - - 129.208 ms","timestamp":"2026-03-28 10:49:38"}
{"level":"info","message":"OPTIONS /api/appointments/search?phone=6381088287 200 0 - 0.551 ms","timestamp":"2026-03-28 10:49:54"}
{"level":"info","message":"GET /api/appointments/search?phone=6381088287 404 50 - 61.958 ms","timestamp":"2026-03-28 10:49:54"}
{"level":"info","message":"OPTIONS /api/calls 200 0 - 0.099 ms","timestamp":"2026-03-28 10:49:55"}
{"level":"info","message":"POST /api/calls 201 256 - 87.243 ms","timestamp":"2026-03-28 10:49:55"}
{"level":"info","message":"OPTIONS /api/calls/69c764fb04290b3f81699b2c 200 0 - 0.329 ms","timestamp":"2026-03-28 10:50:07"}
{"level":"info","message":"PATCH /api/calls/69c764fb04290b3f81699b2c 200 258 - 58.917 ms","timestamp":"2026-03-28 10:50:07"}
{"level":"info","message":"OPTIONS /api/attendance/2026/3 200 0 - 0.280 ms","timestamp":"2026-03-28 10:50:08"}
{"level":"info","message":"GET /api/attendance/2026/3 304 - - 184.369 ms","timestamp":"2026-03-28 10:50:08"}
{"level":"info","message":"OPTIONS /api/calls/69c764fb04290b3f81699b2c 200 0 - 0.074 ms","timestamp":"2026-03-28 10:50:13"}
{"level":"info","message":"PATCH /api/calls/69c764fb04290b3f81699b2c 200 332 - 52.029 ms","timestamp":"2026-03-28 10:50:13"}
{"level":"info","message":"OPTIONS /api/attendance/2026/3 200 0 - 0.196 ms","timestamp":"2026-03-28 10:50:38"}
{"level":"info","message":"GET /api/attendance/2026/3 304 - - 157.317 ms","timestamp":"2026-03-28 10:50:38"}
{"level":"info","message":"OPTIONS /api/attendance/2026/3 200 0 - 0.207 ms","timestamp":"2026-03-28 10:51:08"}
{"level":"info","message":"GET /api/attendance/2026/3 200 - - 181.175 ms","timestamp":"2026-03-28 10:51:08"}
{"level":"info","message":"OPTIONS /api/attendance/2026/3 200 0 - 0.115 ms","timestamp":"2026-03-28 10:51:38"}
{"level":"info","message":"GET /api/attendance/2026/3 200 - - 163.375 ms","timestamp":"2026-03-28 10:51:38"}
{"level":"info","message":"OPTIONS /api/attendance/2026/3 200 0 - 0.143 ms","timestamp":"2026-03-28 10:52:08"}
{"level":"info","message":"GET /api/attendance/2026/3 200 - - 132.910 ms","timestamp":"2026-03-28 10:52:08"}
{"level":"info","message":"OPTIONS /api/messages/unread-count 200 0 - 0.186 ms","timestamp":"2026-03-28 10:52:14"}
{"level":"info","message":"OPTIONS /api/messages/unread-count 200 0 - 0.136 ms","timestamp":"2026-03-28 10:52:14"}
{"level":"info","message":"GET /api/messages/unread-count - - - - ms","timestamp":"2026-03-28 10:52:14"}
{"level":"info","message":"GET /api/messages/unread-count - - - - ms","timestamp":"2026-03-28 10:52:14"}
{"level":"info","message":"OPTIONS /api/messages/unread-count 200 0 - 0.116 ms","timestamp":"2026-03-28 10:52:15"}
{"level":"info","message":"OPTIONS /api/messages/unread-count 200 0 - 0.086 ms","timestamp":"2026-03-28 10:52:15"}
{"level":"info","message":"GET /api/messages/unread-count 200 17 - 50.399 ms","timestamp":"2026-03-28 10:52:15"}
{"level":"info","message":"GET /api/messages/unread-count 200 17 - 52.584 ms","timestamp":"2026-03-28 10:52:15"}
{"level":"info","message":"OPTIONS /api/attendance/2026/3 200 0 - 0.129 ms","timestamp":"2026-03-28 10:52:15"}
{"level":"info","message":"OPTIONS /api/users 200 0 - 0.068 ms","timestamp":"2026-03-28 10:52:15"}
{"level":"info","message":"OPTIONS /api/tasks 200 0 - 0.082 ms","timestamp":"2026-03-28 10:52:15"}
{"level":"info","message":"OPTIONS /api/attendance/2026/3 200 0 - 0.089 ms","timestamp":"2026-03-28 10:52:15"}
{"level":"info","message":"OPTIONS /api/users 200 0 - 0.103 ms","timestamp":"2026-03-28 10:52:15"}
{"level":"info","message":"OPTIONS /api/tasks 200 0 - 0.084 ms","timestamp":"2026-03-28 10:52:15"}
{"level":"info","message":"GET /api/tasks 200 2 - 50.086 ms","timestamp":"2026-03-28 10:52:15"}
{"level":"info","message":"GET /api/tasks 200 2 - 51.664 ms","timestamp":"2026-03-28 10:52:16"}
{"level":"info","message":"GET /api/users 200 - - 141.576 ms","timestamp":"2026-03-28 10:52:16"}
{"level":"info","message":"GET /api/attendance/2026/3 200 - - 147.035 ms","timestamp":"2026-03-28 10:52:16"}
{"level":"info","message":"GET /api/attendance/2026/3 200 - - 153.852 ms","timestamp":"2026-03-28 10:52:16"}
{"level":"info","message":"GET /api/users 200 - - 150.460 ms","timestamp":"2026-03-28 10:52:16"}
{"level":"info","message":"OPTIONS /api/attendance/2026/3 200 0 - 0.356 ms","timestamp":"2026-03-28 10:52:46"}
{"level":"info","message":"GET /api/attendance/2026/3 200 - - 160.303 ms","timestamp":"2026-03-28 10:52:46"}
{"level":"info","message":"OPTIONS /api/attendance/2026/3 200 0 - 0.301 ms","timestamp":"2026-03-28 10:53:16"}
{"level":"info","message":"GET /api/attendance/2026/3 200 - - 132.403 ms","timestamp":"2026-03-28 10:53:16"}
{"level":"info","message":"OPTIONS /api/attendance/2026/3 200 0 - 0.075 ms","timestamp":"2026-03-28 10:53:46"}
{"level":"info","message":"GET /api/attendance/2026/3 200 - - 123.702 ms","timestamp":"2026-03-28 10:53:46"}
{"level":"info","message":"OPTIONS /api/attendance/2026/3 200 0 - 0.082 ms","timestamp":"2026-03-28 10:54:16"}
{"level":"info","message":"GET /api/attendance/2026/3 200 - - 116.383 ms","timestamp":"2026-03-28 10:54:16"}
{"level":"info","message":"OPTIONS /api/attendance/2026/3 200 0 - 0.191 ms","timestamp":"2026-03-28 10:54:46"}
{"level":"info","message":"GET /api/attendance/2026/3 200 - - 140.957 ms","timestamp":"2026-03-28 10:54:46"}
{"level":"info","message":"OPTIONS /api/attendance/2026/3 200 0 - 0.198 ms","timestamp":"2026-03-28 10:55:16"}
{"level":"info","message":"GET /api/attendance/2026/3 200 - - 131.212 ms","timestamp":"2026-03-28 10:55:16"}
{"level":"info","message":"OPTIONS /api/attendance/2026/3 200 0 - 0.076 ms","timestamp":"2026-03-28 10:55:46"}
{"level":"info","message":"GET /api/attendance/2026/3 200 - - 110.887 ms","timestamp":"2026-03-28 10:55:46"}
{"level":"info","message":"OPTIONS /api/attendance/2026/3 200 0 - 0.177 ms","timestamp":"2026-03-28 10:56:16"}
{"level":"info","message":"GET /api/attendance/2026/3 200 - - 113.569 ms","timestamp":"2026-03-28 10:56:16"}
{"level":"info","message":"OPTIONS /api/attendance/2026/3 200 0 - 0.153 ms","timestamp":"2026-03-28 10:56:46"}
{"level":"info","message":"GET /api/attendance/2026/3 200 - - 125.021 ms","timestamp":"2026-03-28 10:56:46"}
{"level":"info","message":"OPTIONS /api/attendance/2026/3 200 0 - 0.364 ms","timestamp":"2026-03-28 10:57:16"}
{"level":"info","message":"GET /api/attendance/2026/3 200 - - 145.536 ms","timestamp":"2026-03-28 10:57:16"}
{"level":"info","message":"OPTIONS /api/attendance/2026/3 200 0 - 0.459 ms","timestamp":"2026-03-28 10:57:46"}
{"level":"info","message":"GET /api/attendance/2026/3 200 - - 153.552 ms","timestamp":"2026-03-28 10:57:46"}
{"level":"info","message":"OPTIONS /api/attendance/2026/3 200 0 - 0.150 ms","timestamp":"2026-03-28 10:58:16"}
{"level":"info","message":"GET /api/attendance/2026/3 200 - - 141.139 ms","timestamp":"2026-03-28 10:58:16"}
{"level":"info","message":"OPTIONS /api/messages/unread-count 200 0 - 0.179 ms","timestamp":"2026-03-28 10:58:44"}
{"level":"info","message":"OPTIONS /api/messages/unread-count 200 0 - 0.148 ms","timestamp":"2026-03-28 10:58:44"}
{"level":"info","message":"GET /api/messages/unread-count 200 17 - 77.607 ms","timestamp":"2026-03-28 10:58:44"}
{"level":"info","message":"GET /api/messages/unread-count 200 17 - 83.457 ms","timestamp":"2026-03-28 10:58:44"}
{"level":"info","message":"OPTIONS /api/attendance/2026/3 200 0 - 0.062 ms","timestamp":"2026-03-28 10:58:45"}
{"level":"info","message":"OPTIONS /api/users 200 0 - 0.065 ms","timestamp":"2026-03-28 10:58:45"}
{"level":"info","message":"OPTIONS /api/tasks 200 0 - 0.105 ms","timestamp":"2026-03-28 10:58:45"}
{"level":"info","message":"OPTIONS /api/attendance/2026/3 200 0 - 0.057 ms","timestamp":"2026-03-28 10:58:45"}
{"level":"info","message":"OPTIONS /api/users 200 0 - 0.047 ms","timestamp":"2026-03-28 10:58:45"}
{"level":"info","message":"OPTIONS /api/tasks 200 0 - 0.056 ms","timestamp":"2026-03-28 10:58:45"}
{"level":"info","message":"GET /api/tasks 200 2 - 56.235 ms","timestamp":"2026-03-28 10:58:45"}
{"level":"info","message":"GET /api/tasks 200 2 - 53.004 ms","timestamp":"2026-03-28 10:58:45"}
{"level":"info","message":"GET /api/attendance/2026/3 200 - - 116.918 ms","timestamp":"2026-03-28 10:58:45"}
{"level":"info","message":"GET /api/users 200 - - 119.310 ms","timestamp":"2026-03-28 10:58:45"}
{"level":"info","message":"GET /api/attendance/2026/3 200 - - 141.278 ms","timestamp":"2026-03-28 10:58:45"}
{"level":"info","message":"GET /api/users 200 - - 139.622 ms","timestamp":"2026-03-28 10:58:45"}
{"level":"info","message":"OPTIONS /api/messages/unread-count 200 0 - 0.153 ms","timestamp":"2026-03-28 10:58:48"}
{"level":"info","message":"OPTIONS /api/messages/unread-count 200 0 - 0.092 ms","timestamp":"2026-03-28 10:58:48"}
{"level":"info","message":"GET /api/messages/unread-count 200 17 - 48.349 ms","timestamp":"2026-03-28 10:58:48"}
{"level":"info","message":"GET /api/messages/unread-count 200 17 - 52.178 ms","timestamp":"2026-03-28 10:58:48"}
{"level":"info","message":"OPTIONS /api/attendance/2026/3 200 0 - 0.069 ms","timestamp":"2026-03-28 10:58:49"}
{"level":"info","message":"OPTIONS /api/users 200 0 - 0.064 ms","timestamp":"2026-03-28 10:58:49"}
{"level":"info","message":"OPTIONS /api/tasks 200 0 - 0.081 ms","timestamp":"2026-03-28 10:58:49"}
{"level":"info","message":"OPTIONS /api/attendance/2026/3 200 0 - 0.068 ms","timestamp":"2026-03-28 10:58:49"}
{"level":"info","message":"OPTIONS /api/users 200 0 - 0.046 ms","timestamp":"2026-03-28 10:58:49"}
{"level":"info","message":"OPTIONS /api/tasks 200 0 - 0.054 ms","timestamp":"2026-03-28 10:58:49"}
{"level":"info","message":"GET /api/tasks 200 2 - 53.375 ms","timestamp":"2026-03-28 10:58:49"}
{"level":"info","message":"GET /api/tasks 200 2 - 81.773 ms","timestamp":"2026-03-28 10:58:49"}
{"level":"info","message":"GET /api/attendance/2026/3 200 - - 145.632 ms","timestamp":"2026-03-28 10:58:49"}
{"level":"info","message":"GET /api/attendance/2026/3 200 - - 147.011 ms","timestamp":"2026-03-28 10:58:49"}
{"level":"info","message":"GET /api/users 200 - - 152.820 ms","timestamp":"2026-03-28 10:58:49"}
{"level":"info","message":"GET /api/users 200 - - 167.443 ms","timestamp":"2026-03-28 10:58:49"}
{"level":"info","message":"OPTIONS /api/attendance/2026/3 200 0 - 0.113 ms","timestamp":"2026-03-28 10:59:19"}
{"level":"info","message":"GET /api/attendance/2026/3 200 - - 161.004 ms","timestamp":"2026-03-28 10:59:19"}
{"level":"info","message":"OPTIONS /api/attendance/2026/3 200 0 - 0.204 ms","timestamp":"2026-03-28 10:59:49"}
{"level":"info","message":"GET /api/attendance/2026/3 200 - - 142.509 ms","timestamp":"2026-03-28 10:59:49"}
{"level":"info","message":"OPTIONS /api/attendance/2026/3 200 0 - 0.336 ms","timestamp":"2026-03-28 11:00:19"}
{"level":"info","message":"GET /api/attendance/2026/3 200 - - 159.568 ms","timestamp":"2026-03-28 11:00:19"}
{"level":"info","message":"OPTIONS /api/appointments/search?phone=6381088287 200 0 - 0.203 ms","timestamp":"2026-03-28 11:00:22"}
{"level":"info","message":"GET /api/appointments/search?phone=6381088287 404 50 - 54.981 ms","timestamp":"2026-03-28 11:00:22"}
{"level":"info","message":"OPTIONS /api/calls 200 0 - 0.108 ms","timestamp":"2026-03-28 11:00:23"}
{"level":"info","message":"POST /api/calls 201 256 - 64.955 ms","timestamp":"2026-03-28 11:00:23"}
{"level":"info","message":"OPTIONS /api/calls/69c7676f04290b3f81699bc2 200 0 - 0.168 ms","timestamp":"2026-03-28 11:00:35"}
{"level":"info","message":"PATCH /api/calls/69c7676f04290b3f81699bc2 200 258 - 52.306 ms","timestamp":"2026-03-28 11:00:35"}
{"level":"info","message":"OPTIONS /api/calls/69c7676f04290b3f81699bc2 200 0 - 0.264 ms","timestamp":"2026-03-28 11:00:45"}
{"level":"info","message":"PATCH /api/calls/69c7676f04290b3f81699bc2 200 333 - 62.111 ms","timestamp":"2026-03-28 11:00:45"}
{"level":"info","message":"OPTIONS /api/attendance/2026/3 200 0 - 0.183 ms","timestamp":"2026-03-28 11:00:49"}
{"level":"info","message":"GET /api/attendance/2026/3 200 - - 170.639 ms","timestamp":"2026-03-28 11:00:49"}
{"level":"info","message":"OPTIONS /api/attendance/2026/3 200 0 - 0.325 ms","timestamp":"2026-03-28 11:01:19"}
{"level":"info","message":"GET /api/attendance/2026/3 200 - - 164.229 ms","timestamp":"2026-03-28 11:01:19"}
{"level":"info","message":"OPTIONS /api/attendance/2026/3 200 0 - 0.151 ms","timestamp":"2026-03-28 11:01:49"}
{"level":"info","message":"GET /api/attendance/2026/3 200 - - 129.767 ms","timestamp":"2026-03-28 11:01:49"}
{"level":"info","message":"OPTIONS /api/attendance/2026/3 200 0 - 0.068 ms","timestamp":"2026-03-28 11:02:19"}
{"level":"info","message":"GET /api/attendance/2026/3 200 - - 116.367 ms","timestamp":"2026-03-28 11:02:19"}
{"level":"info","message":"OPTIONS /api/attendance/2026/3 200 0 - 0.082 ms","timestamp":"2026-03-28 11:02:49"}
{"level":"info","message":"GET /api/attendance/2026/3 200 - - 137.154 ms","timestamp":"2026-03-28 11:02:49"}
{"level":"info","message":"OPTIONS /api/attendance/2026/3 200 0 - 0.123 ms","timestamp":"2026-03-28 11:03:19"}
{"level":"info","message":"GET /api/attendance/2026/3 200 - - 153.290 ms","timestamp":"2026-03-28 11:03:19"}
{"level":"info","message":"OPTIONS /api/attendance/2026/3 200 0 - 0.082 ms","timestamp":"2026-03-28 11:03:49"}
{"level":"info","message":"GET /api/attendance/2026/3 200 - - 112.307 ms","timestamp":"2026-03-28 11:03:49"}
{"level":"info","message":"OPTIONS /api/attendance/2026/3 200 0 - 0.147 ms","timestamp":"2026-03-28 11:04:19"}
{"level":"info","message":"GET /api/attendance/2026/3 200 - - 127.372 ms","timestamp":"2026-03-28 11:04:19"}
{"level":"info","message":"OPTIONS /api/attendance/2026/3 200 0 - 0.114 ms","timestamp":"2026-03-28 11:04:49"}
{"level":"info","message":"GET /api/attendance/2026/3 200 - - 133.491 ms","timestamp":"2026-03-28 11:04:49"}
{"level":"info","message":"OPTIONS /api/messages/unread-count 200 0 - 0.115 ms","timestamp":"2026-03-28 11:05:01"}
{"level":"info","message":"OPTIONS /api/messages/unread-count 200 0 - 0.082 ms","timestamp":"2026-03-28 11:05:01"}
{"level":"info","message":"GET /api/messages/unread-count - - - - ms","timestamp":"2026-03-28 11:05:01"}
{"level":"info","message":"GET /api/messages/unread-count - - - - ms","timestamp":"2026-03-28 11:05:01"}
{"level":"info","message":"OPTIONS /api/messages/unread-count 200 0 - 0.072 ms","timestamp":"2026-03-28 11:05:02"}
{"level":"info","message":"OPTIONS /api/messages/unread-count 200 0 - 0.067 ms","timestamp":"2026-03-28 11:05:02"}
{"level":"info","message":"GET /api/messages/unread-count 200 17 - 56.053 ms","timestamp":"2026-03-28 11:05:02"}
{"level":"info","message":"GET /api/messages/unread-count 200 17 - 59.069 ms","timestamp":"2026-03-28 11:05:02"}
{"level":"info","message":"OPTIONS /api/attendance/2026/3 200 0 - 0.088 ms","timestamp":"2026-03-28 11:05:02"}
{"level":"info","message":"OPTIONS /api/users 200 0 - 0.064 ms","timestamp":"2026-03-28 11:05:02"}
{"level":"info","message":"OPTIONS /api/tasks 200 0 - 0.078 ms","timestamp":"2026-03-28 11:05:02"}
{"level":"info","message":"OPTIONS /api/attendance/2026/3 200 0 - 0.062 ms","timestamp":"2026-03-28 11:05:02"}
{"level":"info","message":"OPTIONS /api/users 200 0 - 0.066 ms","timestamp":"2026-03-28 11:05:02"}
{"level":"info","message":"OPTIONS /api/tasks 200 0 - 0.050 ms","timestamp":"2026-03-28 11:05:02"}
{"level":"info","message":"GET /api/tasks 200 2 - 48.627 ms","timestamp":"2026-03-28 11:05:03"}
{"level":"info","message":"GET /api/tasks 200 2 - 48.847 ms","timestamp":"2026-03-28 11:05:03"}
{"level":"info","message":"GET /api/attendance/2026/3 200 - - 117.544 ms","timestamp":"2026-03-28 11:05:03"}
{"level":"info","message":"GET /api/users 200 - - 165.425 ms","timestamp":"2026-03-28 11:05:03"}
{"level":"info","message":"GET /api/users 200 - - 171.891 ms","timestamp":"2026-03-28 11:05:03"}
{"level":"info","message":"GET /api/attendance/2026/3 200 - - 191.949 ms","timestamp":"2026-03-28 11:05:03"}
{"level":"info","message":"OPTIONS /api/attendance/2026/3 200 0 - 0.357 ms","timestamp":"2026-03-28 11:05:33"}
{"level":"info","message":"GET /api/attendance/2026/3 200 - - 165.094 ms","timestamp":"2026-03-28 11:05:33"}
{"level":"info","message":"OPTIONS /api/messages/unread-count 200 0 - 0.084 ms","timestamp":"2026-03-28 11:06:00"}
{"level":"info","message":"OPTIONS /api/messages/unread-count 200 0 - 0.118 ms","timestamp":"2026-03-28 11:06:00"}
{"level":"info","message":"GET /api/messages/unread-count - - - - ms","timestamp":"2026-03-28 11:06:00"}
{"level":"info","message":"GET /api/messages/unread-count - - - - ms","timestamp":"2026-03-28 11:06:00"}
{"level":"info","message":"OPTIONS /api/messages/unread-count 200 0 - 0.113 ms","timestamp":"2026-03-28 11:06:01"}
{"level":"info","message":"OPTIONS /api/messages/unread-count 200 0 - 0.114 ms","timestamp":"2026-03-28 11:06:01"}
{"level":"info","message":"GET /api/messages/unread-count 200 17 - 54.935 ms","timestamp":"2026-03-28 11:06:01"}
{"level":"info","message":"GET /api/messages/unread-count 200 17 - 53.383 ms","timestamp":"2026-03-28 11:06:01"}
{"level":"info","message":"OPTIONS /api/attendance/2026/3 200 0 - 0.079 ms","timestamp":"2026-03-28 11:06:01"}
{"level":"info","message":"OPTIONS /api/users 200 0 - 0.060 ms","timestamp":"2026-03-28 11:06:01"}
{"level":"info","message":"OPTIONS /api/tasks 200 0 - 0.086 ms","timestamp":"2026-03-28 11:06:01"}
{"level":"info","message":"OPTIONS /api/attendance/2026/3 200 0 - 0.084 ms","timestamp":"2026-03-28 11:06:01"}
{"level":"info","message":"OPTIONS /api/tasks 200 0 - 0.074 ms","timestamp":"2026-03-28 11:06:01"}
{"level":"info","message":"OPTIONS /api/users 200 0 - 0.076 ms","timestamp":"2026-03-28 11:06:01"}
{"level":"info","message":"GET /api/tasks 200 2 - 46.642 ms","timestamp":"2026-03-28 11:06:01"}
{"level":"info","message":"GET /api/tasks 200 2 - 70.630 ms","timestamp":"2026-03-28 11:06:01"}
{"level":"info","message":"GET /api/attendance/2026/3 200 - - 144.607 ms","timestamp":"2026-03-28 11:06:02"}
{"level":"info","message":"GET /api/users 200 - - 152.141 ms","timestamp":"2026-03-28 11:06:02"}
{"level":"info","message":"GET /api/attendance/2026/3 200 - - 152.355 ms","timestamp":"2026-03-28 11:06:02"}
{"level":"info","message":"GET /api/users 200 - - 166.088 ms","timestamp":"2026-03-28 11:06:02"}
{"level":"info","message":"OPTIONS /api/messages/unread-count 200 0 - 0.239 ms","timestamp":"2026-03-28 11:06:14"}
{"level":"info","message":"OPTIONS /api/messages/unread-count 200 0 - 0.159 ms","timestamp":"2026-03-28 11:06:14"}
{"level":"info","message":"GET /api/messages/unread-count - - - - ms","timestamp":"2026-03-28 11:06:14"}
{"level":"info","message":"GET /api/messages/unread-count - - - - ms","timestamp":"2026-03-28 11:06:14"}
{"level":"info","message":"OPTIONS /api/messages/unread-count 200 0 - 0.116 ms","timestamp":"2026-03-28 11:06:15"}
{"level":"info","message":"OPTIONS /api/messages/unread-count 200 0 - 0.051 ms","timestamp":"2026-03-28 11:06:15"}
{"level":"info","message":"GET /api/messages/unread-count 200 17 - 43.928 ms","timestamp":"2026-03-28 11:06:15"}
{"level":"info","message":"GET /api/messages/unread-count 200 17 - 45.252 ms","timestamp":"2026-03-28 11:06:15"}
{"level":"info","message":"OPTIONS /api/attendance/2026/3 200 0 - 0.056 ms","timestamp":"2026-03-28 11:06:15"}
{"level":"info","message":"OPTIONS /api/users 200 0 - 0.062 ms","timestamp":"2026-03-28 11:06:15"}
{"level":"info","message":"OPTIONS /api/tasks 200 0 - 0.051 ms","timestamp":"2026-03-28 11:06:15"}
{"level":"info","message":"OPTIONS /api/attendance/2026/3 200 0 - 0.067 ms","timestamp":"2026-03-28 11:06:15"}
{"level":"info","message":"OPTIONS /api/users 200 0 - 0.071 ms","timestamp":"2026-03-28 11:06:15"}
{"level":"info","message":"OPTIONS /api/tasks 200 0 - 0.051 ms","timestamp":"2026-03-28 11:06:15"}
{"level":"info","message":"GET /api/tasks 200 2 - 41.014 ms","timestamp":"2026-03-28 11:06:15"}
{"level":"info","message":"GET /api/tasks 200 2 - 49.617 ms","timestamp":"2026-03-28 11:06:15"}
{"level":"info","message":"GET /api/users 200 - - 107.730 ms","timestamp":"2026-03-28 11:06:15"}
{"level":"info","message":"GET /api/attendance/2026/3 200 - - 115.045 ms","timestamp":"2026-03-28 11:06:15"}
{"level":"info","message":"GET /api/users 200 - - 113.518 ms","timestamp":"2026-03-28 11:06:15"}
{"level":"info","message":"GET /api/attendance/2026/3 200 - - 120.584 ms","timestamp":"2026-03-28 11:06:15"}
{"level":"info","message":"OPTIONS /api/messages/unread-count 200 0 - 0.115 ms","timestamp":"2026-03-28 11:06:18"}
{"level":"info","message":"OPTIONS /api/messages/unread-count 200 0 - 0.063 ms","timestamp":"2026-03-28 11:06:18"}
{"level":"info","message":"GET /api/messages/unread-count - - - - ms","timestamp":"2026-03-28 11:06:18"}
{"level":"info","message":"GET /api/messages/unread-count - - - - ms","timestamp":"2026-03-28 11:06:18"}
{"level":"info","message":"OPTIONS /api/messages/unread-count 200 0 - 0.103 ms","timestamp":"2026-03-28 11:06:19"}
{"level":"info","message":"OPTIONS /api/messages/unread-count 200 0 - 0.090 ms","timestamp":"2026-03-28 11:06:19"}
{"level":"info","message":"GET /api/messages/unread-count 200 17 - 44.885 ms","timestamp":"2026-03-28 11:06:19"}
{"level":"info","message":"GET /api/messages/unread-count 200 17 - 46.635 ms","timestamp":"2026-03-28 11:06:19"}
{"level":"info","message":"OPTIONS /api/attendance/2026/3 200 0 - 0.060 ms","timestamp":"2026-03-28 11:06:19"}
{"level":"info","message":"OPTIONS /api/users 200 0 - 0.052 ms","timestamp":"2026-03-28 11:06:19"}
{"level":"info","message":"OPTIONS /api/tasks 200 0 - 0.071 ms","timestamp":"2026-03-28 11:06:19"}
{"level":"info","message":"OPTIONS /api/attendance/2026/3 200 0 - 0.043 ms","timestamp":"2026-03-28 11:06:19"}
{"level":"info","message":"OPTIONS /api/users 200 0 - 0.049 ms","timestamp":"2026-03-28 11:06:19"}
{"level":"info","message":"OPTIONS /api/tasks 200 0 - 0.043 ms","timestamp":"2026-03-28 11:06:19"}
{"level":"info","message":"GET /api/tasks 200 2 - 41.239 ms","timestamp":"2026-03-28 11:06:19"}
{"level":"info","message":"GET /api/tasks 200 2 - 42.199 ms","timestamp":"2026-03-28 11:06:19"}
{"level":"info","message":"GET /api/users 200 - - 110.739 ms","timestamp":"2026-03-28 11:06:19"}
{"level":"info","message":"GET /api/attendance/2026/3 200 - - 117.200 ms","timestamp":"2026-03-28 11:06:19"}
{"level":"info","message":"GET /api/attendance/2026/3 200 - - 117.436 ms","timestamp":"2026-03-28 11:06:19"}
{"level":"info","message":"GET /api/users 200 - - 130.637 ms","timestamp":"2026-03-28 11:06:19"}
{"level":"info","message":"OPTIONS /api/messages/unread-count 200 0 - 0.181 ms","timestamp":"2026-03-28 11:06:24"}
{"level":"info","message":"OPTIONS /api/messages/unread-count 200 0 - 0.083 ms","timestamp":"2026-03-28 11:06:24"}
{"level":"info","message":"GET /api/messages/unread-count - - - - ms","timestamp":"2026-03-28 11:06:24"}
{"level":"info","message":"GET /api/messages/unread-count - - - - ms","timestamp":"2026-03-28 11:06:24"}
{"level":"info","message":"OPTIONS /api/messages/unread-count 200 0 - 0.087 ms","timestamp":"2026-03-28 11:06:25"}
{"level":"info","message":"OPTIONS /api/messages/unread-count 200 0 - 0.062 ms","timestamp":"2026-03-28 11:06:25"}
{"level":"info","message":"GET /api/messages/unread-count 200 17 - 45.811 ms","timestamp":"2026-03-28 11:06:25"}
{"level":"info","message":"GET /api/messages/unread-count 200 17 - 52.233 ms","timestamp":"2026-03-28 11:06:25"}
{"level":"info","message":"OPTIONS /api/attendance/2026/3 200 0 - 0.078 ms","timestamp":"2026-03-28 11:06:25"}
{"level":"info","message":"OPTIONS /api/users 200 0 - 0.058 ms","timestamp":"2026-03-28 11:06:25"}
{"level":"info","message":"OPTIONS /api/tasks 200 0 - 0.075 ms","timestamp":"2026-03-28 11:06:25"}
{"level":"info","message":"OPTIONS /api/attendance/2026/3 200 0 - 0.076 ms","timestamp":"2026-03-28 11:06:25"}
{"level":"info","message":"OPTIONS /api/users 200 0 - 0.092 ms","timestamp":"2026-03-28 11:06:25"}
{"level":"info","message":"OPTIONS /api/tasks 200 0 - 0.082 ms","timestamp":"2026-03-28 11:06:25"}
{"level":"info","message":"GET /api/tasks 200 2 - 44.399 ms","timestamp":"2026-03-28 11:06:26"}
{"level":"info","message":"GET /api/tasks 200 2 - 43.844 ms","timestamp":"2026-03-28 11:06:26"}
{"level":"info","message":"GET /api/attendance/2026/3 200 - - 127.330 ms","timestamp":"2026-03-28 11:06:26"}
{"level":"info","message":"GET /api/users 200 - - 144.184 ms","timestamp":"2026-03-28 11:06:26"}
{"level":"info","message":"GET /api/attendance/2026/3 200 - - 165.358 ms","timestamp":"2026-03-28 11:06:26"}
{"level":"info","message":"GET /api/users 200 - - 145.770 ms","timestamp":"2026-03-28 11:06:26"}
{"level":"info","message":"OPTIONS /api/messages/unread-count 200 0 - 0.143 ms","timestamp":"2026-03-28 11:06:54"}
{"level":"info","message":"OPTIONS /api/messages/unread-count 200 0 - 0.097 ms","timestamp":"2026-03-28 11:06:54"}
{"level":"info","message":"GET /api/messages/unread-count - - - - ms","timestamp":"2026-03-28 11:06:54"}
{"level":"info","message":"GET /api/messages/unread-count - - - - ms","timestamp":"2026-03-28 11:06:54"}
{"level":"info","message":"OPTIONS /api/messages/unread-count 200 0 - 0.103 ms","timestamp":"2026-03-28 11:06:55"}
{"level":"info","message":"OPTIONS /api/messages/unread-count 200 0 - 0.060 ms","timestamp":"2026-03-28 11:06:55"}
{"level":"info","message":"GET /api/messages/unread-count 200 17 - 43.538 ms","timestamp":"2026-03-28 11:06:55"}
{"level":"info","message":"GET /api/messages/unread-count 200 17 - 49.054 ms","timestamp":"2026-03-28 11:06:55"}
{"level":"info","message":"OPTIONS /api/attendance/2026/3 200 0 - 0.104 ms","timestamp":"2026-03-28 11:06:55"}
{"level":"info","message":"OPTIONS /api/users 200 0 - 0.074 ms","timestamp":"2026-03-28 11:06:55"}
{"level":"info","message":"OPTIONS /api/tasks 200 0 - 0.076 ms","timestamp":"2026-03-28 11:06:55"}
{"level":"info","message":"OPTIONS /api/attendance/2026/3 200 0 - 0.080 ms","timestamp":"2026-03-28 11:06:55"}
{"level":"info","message":"OPTIONS /api/users 200 0 - 0.061 ms","timestamp":"2026-03-28 11:06:55"}
{"level":"info","message":"OPTIONS /api/tasks 200 0 - 0.051 ms","timestamp":"2026-03-28 11:06:55"}
{"level":"info","message":"GET /api/tasks 200 2 - 43.406 ms","timestamp":"2026-03-28 11:06:55"}
{"level":"info","message":"GET /api/tasks 200 2 - 43.591 ms","timestamp":"2026-03-28 11:06:55"}
{"level":"info","message":"GET /api/users 200 - - 112.386 ms","timestamp":"2026-03-28 11:06:55"}
{"level":"info","message":"GET /api/attendance/2026/3 200 - - 120.364 ms","timestamp":"2026-03-28 11:06:55"}
{"level":"info","message":"GET /api/users 200 - - 112.911 ms","timestamp":"2026-03-28 11:06:55"}
{"level":"info","message":"GET /api/attendance/2026/3 200 - - 140.865 ms","timestamp":"2026-03-28 11:06:55"}
{"level":"info","message":"OPTIONS /api/attendance/2026/3 200 0 - 0.131 ms","timestamp":"2026-03-28 11:07:15"}
{"level":"info","message":"OPTIONS /api/users 200 0 - 0.082 ms","timestamp":"2026-03-28 11:07:15"}
{"level":"info","message":"OPTIONS /api/tasks 200 0 - 0.065 ms","timestamp":"2026-03-28 11:07:15"}
{"level":"info","message":"OPTIONS /api/attendance/2026/3 200 0 - 0.075 ms","timestamp":"2026-03-28 11:07:15"}
{"level":"info","message":"OPTIONS /api/users 200 0 - 0.060 ms","timestamp":"2026-03-28 11:07:15"}
{"level":"info","message":"OPTIONS /api/tasks 200 0 - 0.073 ms","timestamp":"2026-03-28 11:07:15"}
{"level":"info","message":"GET /api/tasks 200 2 - 43.589 ms","timestamp":"2026-03-28 11:07:15"}
{"level":"info","message":"GET /api/tasks 200 2 - 42.047 ms","timestamp":"2026-03-28 11:07:15"}
{"level":"info","message":"GET /api/users 200 - - 113.800 ms","timestamp":"2026-03-28 11:07:15"}
{"level":"info","message":"GET /api/users 200 - - 114.892 ms","timestamp":"2026-03-28 11:07:15"}
{"level":"info","message":"GET /api/attendance/2026/3 200 - - 122.115 ms","timestamp":"2026-03-28 11:07:15"}
{"level":"info","message":"GET /api/attendance/2026/3 200 - - 139.214 ms","timestamp":"2026-03-28 11:07:15"}
{"level":"info","message":"OPTIONS /api/messages/unread-count 200 0 - 0.231 ms","timestamp":"2026-03-28 11:07:29"}
{"level":"info","message":"OPTIONS /api/messages/unread-count 200 0 - 0.080 ms","timestamp":"2026-03-28 11:07:29"}
{"level":"info","message":"GET /api/messages/unread-count 200 17 - 54.273 ms","timestamp":"2026-03-28 11:07:29"}
{"level":"info","message":"GET /api/messages/unread-count 200 17 - 58.247 ms","timestamp":"2026-03-28 11:07:29"}
{"level":"info","message":"OPTIONS /api/messages/unread-count 200 0 - 0.087 ms","timestamp":"2026-03-28 11:07:30"}
{"level":"info","message":"OPTIONS /api/messages/unread-count 200 0 - 0.054 ms","timestamp":"2026-03-28 11:07:30"}
{"level":"info","message":"GET /api/messages/unread-count 200 17 - 43.394 ms","timestamp":"2026-03-28 11:07:30"}
{"level":"info","message":"GET /api/messages/unread-count 200 17 - 49.064 ms","timestamp":"2026-03-28 11:07:30"}
{"level":"info","message":"OPTIONS /api/attendance/2026/3 200 0 - 0.071 ms","timestamp":"2026-03-28 11:07:30"}
{"level":"info","message":"OPTIONS /api/users 200 0 - 0.062 ms","timestamp":"2026-03-28 11:07:30"}
{"level":"info","message":"OPTIONS /api/tasks 200 0 - 0.052 ms","timestamp":"2026-03-28 11:07:30"}
{"level":"info","message":"OPTIONS /api/attendance/2026/3 200 0 - 0.066 ms","timestamp":"2026-03-28 11:07:30"}
{"level":"info","message":"OPTIONS /api/tasks 200 0 - 0.055 ms","timestamp":"2026-03-28 11:07:30"}
{"level":"info","message":"OPTIONS /api/users 200 0 - 0.076 ms","timestamp":"2026-03-28 11:07:30"}
{"level":"info","message":"GET /api/tasks 200 2 - 43.120 ms","timestamp":"2026-03-28 11:07:30"}
{"level":"info","message":"GET /api/tasks 200 2 - 43.624 ms","timestamp":"2026-03-28 11:07:30"}
{"level":"info","message":"GET /api/users 200 - - 112.755 ms","timestamp":"2026-03-28 11:07:31"}
{"level":"info","message":"GET /api/attendance/2026/3 200 - - 112.330 ms","timestamp":"2026-03-28 11:07:31"}
{"level":"info","message":"GET /api/users 200 - - 113.372 ms","timestamp":"2026-03-28 11:07:31"}
{"level":"info","message":"GET /api/attendance/2026/3 200 - - 140.031 ms","timestamp":"2026-03-28 11:07:31"}
{"level":"info","message":"OPTIONS /api/attendance/2026/3 200 0 - 0.176 ms","timestamp":"2026-03-28 11:08:01"}
{"level":"info","message":"GET /api/attendance/2026/3 200 - - 164.061 ms","timestamp":"2026-03-28 11:08:01"}
{"level":"info","message":"OPTIONS /api/attendance/2026/3 200 0 - 0.197 ms","timestamp":"2026-03-28 11:08:31"}
{"level":"info","message":"GET /api/attendance/2026/3 200 - - 150.330 ms","timestamp":"2026-03-28 11:08:31"}
{"level":"info","message":"OPTIONS /api/messages/unread-count 200 0 - 0.117 ms","timestamp":"2026-03-28 11:08:38"}
{"level":"info","message":"OPTIONS /api/messages/unread-count 200 0 - 0.155 ms","timestamp":"2026-03-28 11:08:38"}
{"level":"info","message":"GET /api/messages/unread-count - - - - ms","timestamp":"2026-03-28 11:08:38"}
{"level":"info","message":"GET /api/messages/unread-count - - - - ms","timestamp":"2026-03-28 11:08:38"}
{"level":"info","message":"OPTIONS /api/messages/unread-count 200 0 - 0.091 ms","timestamp":"2026-03-28 11:08:39"}
{"level":"info","message":"OPTIONS /api/messages/unread-count 200 0 - 0.074 ms","timestamp":"2026-03-28 11:08:39"}
{"level":"info","message":"GET /api/messages/unread-count 200 17 - 44.944 ms","timestamp":"2026-03-28 11:08:39"}
{"level":"info","message":"GET /api/messages/unread-count 200 17 - 52.029 ms","timestamp":"2026-03-28 11:08:39"}
{"level":"info","message":"OPTIONS /api/attendance/2026/3 200 0 - 0.075 ms","timestamp":"2026-03-28 11:08:39"}
{"level":"info","message":"OPTIONS /api/users 200 0 - 0.051 ms","timestamp":"2026-03-28 11:08:39"}
{"level":"info","message":"OPTIONS /api/tasks 200 0 - 0.066 ms","timestamp":"2026-03-28 11:08:39"}
{"level":"info","message":"OPTIONS /api/attendance/2026/3 200 0 - 0.069 ms","timestamp":"2026-03-28 11:08:39"}
{"level":"info","message":"OPTIONS /api/users 200 0 - 0.071 ms","timestamp":"2026-03-28 11:08:39"}
{"level":"info","message":"OPTIONS /api/tasks 200 0 - 0.048 ms","timestamp":"2026-03-28 11:08:39"}
{"level":"info","message":"GET /api/tasks 200 2 - 39.687 ms","timestamp":"2026-03-28 11:08:39"}
{"level":"info","message":"GET /api/tasks 200 2 - 39.989 ms","timestamp":"2026-03-28 11:08:39"}
{"level":"info","message":"GET /api/attendance/2026/3 200 - - 123.793 ms","timestamp":"2026-03-28 11:08:39"}
{"level":"info","message":"GET /api/users 200 - - 118.961 ms","timestamp":"2026-03-28 11:08:39"}
{"level":"info","message":"GET /api/attendance/2026/3 200 - - 124.511 ms","timestamp":"2026-03-28 11:08:39"}
{"level":"info","message":"GET /api/users 200 - - 136.791 ms","timestamp":"2026-03-28 11:08:39"}
{"level":"info","message":"OPTIONS /api/attendance/2026/3 200 0 - 0.315 ms","timestamp":"2026-03-28 11:09:10"}
{"level":"info","message":"GET /api/attendance/2026/3 200 - - 161.913 ms","timestamp":"2026-03-28 11:09:10"}
{"level":"info","message":"OPTIONS /api/attendance/2026/3 200 0 - 0.302 ms","timestamp":"2026-03-28 11:09:40"}
{"level":"info","message":"GET /api/attendance/2026/3 200 - - 159.176 ms","timestamp":"2026-03-28 11:09:40"}
{"level":"info","message":"OPTIONS /api/attendance/2026/3 200 0 - 0.101 ms","timestamp":"2026-03-28 11:10:10"}
{"level":"info","message":"GET /api/attendance/2026/3 200 - - 121.157 ms","timestamp":"2026-03-28 11:10:10"}
{"level":"info","message":"OPTIONS /api/attendance/2026/3 200 0 - 0.094 ms","timestamp":"2026-03-28 11:10:40"}
{"level":"info","message":"GET /api/attendance/2026/3 200 - - 111.212 ms","timestamp":"2026-03-28 11:10:40"}
{"level":"info","message":"OPTIONS /api/attendance/2026/3 200 0 - 0.186 ms","timestamp":"2026-03-28 11:11:10"}
{"level":"info","message":"GET /api/attendance/2026/3 200 - - 135.540 ms","timestamp":"2026-03-28 11:11:10"}
{"level":"info","message":"OPTIONS /api/attendance/2026/3 200 0 - 0.195 ms","timestamp":"2026-03-28 11:11:40"}
{"level":"info","message":"GET /api/attendance/2026/3 200 - - 142.957 ms","timestamp":"2026-03-28 11:11:40"}
{"level":"info","message":"OPTIONS /api/attendance/2026/3 200 0 - 0.189 ms","timestamp":"2026-03-28 11:12:51"}
{"level":"info","message":"GET /api/attendance/2026/3 - - - - ms","timestamp":"2026-03-28 11:12:51"}
{"level":"info","message":"OPTIONS /api/messages/unread-count 200 0 - 0.173 ms","timestamp":"2026-03-28 11:12:53"}
{"level":"info","message":"OPTIONS /api/messages/unread-count 200 0 - 0.103 ms","timestamp":"2026-03-28 11:12:53"}
{"level":"info","message":"GET /api/messages/unread-count 200 17 - 46.429 ms","timestamp":"2026-03-28 11:12:53"}
{"level":"info","message":"GET /api/messages/unread-count 200 17 - 53.149 ms","timestamp":"2026-03-28 11:12:53"}
{"level":"info","message":"OPTIONS /api/attendance/2026/3 200 0 - 0.132 ms","timestamp":"2026-03-28 11:12:53"}
{"level":"info","message":"OPTIONS /api/users 200 0 - 0.108 ms","timestamp":"2026-03-28 11:12:53"}
{"level":"info","message":"OPTIONS /api/tasks 200 0 - 0.080 ms","timestamp":"2026-03-28 11:12:53"}
{"level":"info","message":"OPTIONS /api/attendance/2026/3 200 0 - 0.088 ms","timestamp":"2026-03-28 11:12:53"}
{"level":"info","message":"OPTIONS /api/users 200 0 - 0.055 ms","timestamp":"2026-03-28 11:12:53"}
{"level":"info","message":"OPTIONS /api/tasks 200 0 - 0.063 ms","timestamp":"2026-03-28 11:12:53"}
{"level":"info","message":"GET /api/tasks 200 2 - 43.322 ms","timestamp":"2026-03-28 11:12:53"}
{"level":"info","message":"GET /api/tasks 200 2 - 42.166 ms","timestamp":"2026-03-28 11:12:53"}
{"level":"info","message":"GET /api/users 200 - - 130.178 ms","timestamp":"2026-03-28 11:12:53"}
{"level":"info","message":"GET /api/users 200 - - 130.892 ms","timestamp":"2026-03-28 11:12:53"}
{"level":"info","message":"GET /api/attendance/2026/3 200 - - 157.870 ms","timestamp":"2026-03-28 11:12:53"}
{"level":"info","message":"GET /api/attendance/2026/3 200 - - 144.072 ms","timestamp":"2026-03-28 11:12:53"}
{"level":"info","message":"OPTIONS /api/messages/unread-count 200 0 - 0.140 ms","timestamp":"2026-03-28 11:12:55"}
{"level":"info","message":"OPTIONS /api/messages/unread-count 200 0 - 0.065 ms","timestamp":"2026-03-28 11:12:55"}
{"level":"info","message":"GET /api/messages/unread-count 200 17 - 49.230 ms","timestamp":"2026-03-28 11:12:55"}
{"level":"info","message":"GET /api/messages/unread-count 200 17 - 54.910 ms","timestamp":"2026-03-28 11:12:55"}
{"level":"info","message":"OPTIONS /api/attendance/2026/3 200 0 - 0.101 ms","timestamp":"2026-03-28 11:12:55"}
{"level":"info","message":"OPTIONS /api/users 200 0 - 0.073 ms","timestamp":"2026-03-28 11:12:55"}
{"level":"info","message":"OPTIONS /api/tasks 200 0 - 0.082 ms","timestamp":"2026-03-28 11:12:55"}
{"level":"info","message":"OPTIONS /api/attendance/2026/3 200 0 - 0.069 ms","timestamp":"2026-03-28 11:12:55"}
{"level":"info","message":"OPTIONS /api/users 200 0 - 0.120 ms","timestamp":"2026-03-28 11:12:55"}
{"level":"info","message":"OPTIONS /api/tasks 200 0 - 0.102 ms","timestamp":"2026-03-28 11:12:55"}
{"level":"info","message":"GET /api/tasks 200 2 - 46.019 ms","timestamp":"2026-03-28 11:12:55"}
{"level":"info","message":"GET /api/tasks 200 2 - 45.047 ms","timestamp":"2026-03-28 11:12:55"}
{"level":"info","message":"GET /api/users 200 - - 118.640 ms","timestamp":"2026-03-28 11:12:55"}
{"level":"info","message":"GET /api/attendance/2026/3 200 - - 121.421 ms","timestamp":"2026-03-28 11:12:55"}
{"level":"info","message":"GET /api/attendance/2026/3 200 - - 130.961 ms","timestamp":"2026-03-28 11:12:55"}
{"level":"info","message":"GET /api/users 200 - - 130.029 ms","timestamp":"2026-03-28 11:12:55"}
{"level":"info","message":"OPTIONS /api/messages/unread-count 200 0 - 0.070 ms","timestamp":"2026-03-28 11:13:05"}
{"level":"info","message":"OPTIONS /api/messages/unread-count 200 0 - 0.082 ms","timestamp":"2026-03-28 11:13:05"}
{"level":"info","message":"GET /api/messages/unread-count 200 17 - 48.659 ms","timestamp":"2026-03-28 11:13:05"}
{"level":"info","message":"GET /api/messages/unread-count 200 17 - 48.042 ms","timestamp":"2026-03-28 11:13:05"}
{"level":"info","message":"OPTIONS /api/attendance/2026/3 200 0 - 0.072 ms","timestamp":"2026-03-28 11:13:05"}
{"level":"info","message":"OPTIONS /api/users 200 0 - 0.053 ms","timestamp":"2026-03-28 11:13:05"}
{"level":"info","message":"OPTIONS /api/tasks 200 0 - 0.124 ms","timestamp":"2026-03-28 11:13:05"}
{"level":"info","message":"OPTIONS /api/attendance/2026/3 200 0 - 0.068 ms","timestamp":"2026-03-28 11:13:05"}
{"level":"info","message":"OPTIONS /api/users 200 0 - 0.069 ms","timestamp":"2026-03-28 11:13:05"}
{"level":"info","message":"OPTIONS /api/tasks 200 0 - 0.069 ms","timestamp":"2026-03-28 11:13:05"}
{"level":"info","message":"GET /api/tasks 200 2 - 42.492 ms","timestamp":"2026-03-28 11:13:05"}
{"level":"info","message":"GET /api/tasks 200 2 - 39.854 ms","timestamp":"2026-03-28 11:13:05"}
{"level":"info","message":"GET /api/attendance/2026/3 200 - - 122.345 ms","timestamp":"2026-03-28 11:13:05"}
{"level":"info","message":"GET /api/users 200 - - 123.619 ms","timestamp":"2026-03-28 11:13:05"}
{"level":"info","message":"GET /api/attendance/2026/3 200 - - 136.608 ms","timestamp":"2026-03-28 11:13:05"}
{"level":"info","message":"GET /api/users 200 - - 138.451 ms","timestamp":"2026-03-28 11:13:05"}
{"level":"info","message":"OPTIONS /api/attendance/2026/3 200 0 - 0.325 ms","timestamp":"2026-03-28 11:13:35"}
{"level":"info","message":"GET /api/attendance/2026/3 200 - - 136.347 ms","timestamp":"2026-03-28 11:13:35"}
{"level":"info","message":"OPTIONS /api/appointments/search?phone=8667735575 200 0 - 0.087 ms","timestamp":"2026-03-28 11:13:41"}
{"level":"info","message":"GET /api/appointments/search?phone=8667735575 404 50 - 42.927 ms","timestamp":"2026-03-28 11:13:41"}
{"level":"info","message":"OPTIONS /api/calls 200 0 - 0.117 ms","timestamp":"2026-03-28 11:13:41"}
{"level":"info","message":"POST /api/calls 201 256 - 62.422 ms","timestamp":"2026-03-28 11:13:41"}
{"level":"info","message":"OPTIONS /api/calls/69c76a8d04290b3f81699d35 200 0 - 0.118 ms","timestamp":"2026-03-28 11:13:54"}
{"level":"info","message":"PATCH /api/calls/69c76a8d04290b3f81699d35 200 258 - 45.669 ms","timestamp":"2026-03-28 11:13:54"}
{"level":"info","message":"OPTIONS /api/calls/69c76a8d04290b3f81699d35 200 0 - 0.093 ms","timestamp":"2026-03-28 11:14:00"}
{"level":"info","message":"PATCH /api/calls/69c76a8d04290b3f81699d35 200 332 - 56.770 ms","timestamp":"2026-03-28 11:14:00"}
{"level":"info","message":"OPTIONS /api/attendance/2026/3 200 0 - 0.161 ms","timestamp":"2026-03-28 11:14:05"}
{"level":"info","message":"GET /api/attendance/2026/3 200 - - 128.868 ms","timestamp":"2026-03-28 11:14:05"}
{"level":"info","message":"OPTIONS /api/attendance/2026/3 200 0 - 0.155 ms","timestamp":"2026-03-28 11:14:35"}
{"level":"info","message":"GET /api/attendance/2026/3 200 - - 116.615 ms","timestamp":"2026-03-28 11:14:35"}
{"level":"info","message":"OPTIONS /api/attendance/2026/3 200 0 - 0.073 ms","timestamp":"2026-03-28 11:15:05"}
{"level":"info","message":"GET /api/attendance/2026/3 200 - - 120.060 ms","timestamp":"2026-03-28 11:15:05"}
{"level":"info","message":"OPTIONS /api/attendance/2026/3 200 0 - 0.175 ms","timestamp":"2026-03-28 11:15:35"}
{"level":"info","message":"GET /api/attendance/2026/3 200 - - 132.408 ms","timestamp":"2026-03-28 11:15:35"}
{"level":"info","message":"OPTIONS /api/attendance/2026/3 200 0 - 0.066 ms","timestamp":"2026-03-28 11:16:05"}
{"level":"info","message":"GET /api/attendance/2026/3 200 - - 126.224 ms","timestamp":"2026-03-28 11:16:05"}
{"level":"info","message":"OPTIONS /api/appointments/telecaller 200 0 - 0.336 ms","timestamp":"2026-03-28 11:16:19"}
{"level":"info","message":"GET /api/appointments/telecaller 200 540 - 141.651 ms","timestamp":"2026-03-28 11:16:20"}
{"level":"info","message":"OPTIONS /api/attendance/2026/3 200 0 - 0.181 ms","timestamp":"2026-03-28 11:16:35"}
{"level":"info","message":"GET /api/attendance/2026/3 200 - - 159.613 ms","timestamp":"2026-03-28 11:16:35"}
{"level":"info","message":"OPTIONS /api/attendance/2026/3 200 0 - 0.080 ms","timestamp":"2026-03-28 11:17:05"}
{"level":"info","message":"GET /api/attendance/2026/3 200 - - 117.325 ms","timestamp":"2026-03-28 11:17:05"}
{"level":"info","message":"OPTIONS /api/attendance/2026/3 200 0 - 0.106 ms","timestamp":"2026-03-28 11:17:35"}
{"level":"info","message":"GET /api/attendance/2026/3 200 - - 128.700 ms","timestamp":"2026-03-28 11:17:35"}
{"level":"info","message":"OPTIONS /api/appointments/telecaller 200 0 - 0.177 ms","timestamp":"2026-03-28 11:17:47"}
{"level":"info","message":"GET /api/appointments/telecaller 200 540 - 164.613 ms","timestamp":"2026-03-28 11:17:47"}
{"level":"info","message":"OPTIONS /api/attendance/2026/3 200 0 - 0.145 ms","timestamp":"2026-03-28 11:18:05"}
{"level":"info","message":"GET /api/attendance/2026/3 200 - - 113.289 ms","timestamp":"2026-03-28 11:18:05"}
{"level":"info","message":"OPTIONS /api/attendance/2026/3 200 0 - 0.176 ms","timestamp":"2026-03-28 11:18:35"}
{"level":"info","message":"GET /api/attendance/2026/3 200 - - 145.258 ms","timestamp":"2026-03-28 11:18:35"}
{"level":"info","message":"OPTIONS /api/attendance/2026/3 200 0 - 0.054 ms","timestamp":"2026-03-28 11:19:05"}
{"level":"info","message":"GET /api/attendance/2026/3 200 - - 150.646 ms","timestamp":"2026-03-28 11:19:05"}
{"level":"info","message":"OPTIONS /api/attendance/2026/3 200 0 - 0.175 ms","timestamp":"2026-03-28 11:19:35"}
{"level":"info","message":"GET /api/attendance/2026/3 200 - - 166.650 ms","timestamp":"2026-03-28 11:19:35"}
{"level":"info","message":"OPTIONS /api/attendance/2026/3 200 0 - 0.046 ms","timestamp":"2026-03-28 11:20:05"}
{"level":"info","message":"GET /api/attendance/2026/3 200 - - 112.849 ms","timestamp":"2026-03-28 11:20:05"}
{"level":"info","message":"OPTIONS /api/attendance/2026/3 200 0 - 0.176 ms","timestamp":"2026-03-28 11:20:35"}
{"level":"info","message":"GET /api/attendance/2026/3 200 - - 170.240 ms","timestamp":"2026-03-28 11:20:35"}
{"level":"info","message":"OPTIONS /api/attendance/2026/3 200 0 - 0.085 ms","timestamp":"2026-03-28 11:21:05"}
{"level":"info","message":"GET /api/attendance/2026/3 200 - - 132.586 ms","timestamp":"2026-03-28 11:21:05"}
{"level":"info","message":"✅ Redis Clients (Pub/Sub) Connected and Ready","timestamp":"2026-03-28 11:32:44"}
{"level":"info","message":"🚀 Server running on http://localhost:5000","timestamp":"2026-03-28 11:32:44"}
{"level":"info","message":"📡 Socket.IO server ready for connections","timestamp":"2026-03-28 11:32:44"}
{"level":"info","message":"OPTIONS /api/messages/unread-count 200 0 - 0.941 ms","timestamp":"2026-03-28 11:32:58"}
{"level":"info","message":"OPTIONS /api/messages/unread-count 200 0 - 0.260 ms","timestamp":"2026-03-28 11:32:58"}
{"level":"info","message":"GET /api/messages/unread-count 200 17 - 92.152 ms","timestamp":"2026-03-28 11:32:58"}
{"level":"info","message":"GET /api/messages/unread-count 200 17 - 78.331 ms","timestamp":"2026-03-28 11:32:58"}
{"level":"info","message":"OPTIONS /api/attendance/2026/3 200 0 - 0.147 ms","timestamp":"2026-03-28 11:32:58"}
{"level":"info","message":"OPTIONS /api/users 200 0 - 0.122 ms","timestamp":"2026-03-28 11:32:58"}
{"level":"info","message":"OPTIONS /api/tasks 200 0 - 0.124 ms","timestamp":"2026-03-28 11:32:58"}
{"level":"info","message":"OPTIONS /api/attendance/2026/3 200 0 - 0.111 ms","timestamp":"2026-03-28 11:32:58"}
{"level":"info","message":"OPTIONS /api/users 200 0 - 0.228 ms","timestamp":"2026-03-28 11:32:58"}
{"level":"info","message":"OPTIONS /api/tasks 200 0 - 0.148 ms","timestamp":"2026-03-28 11:32:58"}
{"level":"info","message":"GET /api/tasks 200 2 - 61.202 ms","timestamp":"2026-03-28 11:32:58"}
{"level":"info","message":"GET /api/tasks 200 2 - 61.453 ms","timestamp":"2026-03-28 11:32:58"}
{"level":"info","message":"GET /api/attendance/2026/3 200 - - 170.475 ms","timestamp":"2026-03-28 11:32:58"}
{"level":"info","message":"GET /api/users 200 - - 153.593 ms","timestamp":"2026-03-28 11:32:58"}
{"level":"info","message":"GET /api/attendance/2026/3 200 - - 171.849 ms","timestamp":"2026-03-28 11:32:58"}
{"level":"info","message":"GET /api/users 200 - - 162.064 ms","timestamp":"2026-03-28 11:32:58"}
{"level":"info","message":"OPTIONS /api/attendance/2026/3 200 0 - 0.582 ms","timestamp":"2026-03-28 11:33:28"}
{"level":"info","message":"GET /api/attendance/2026/3 200 - - 155.605 ms","timestamp":"2026-03-28 11:33:28"}
{"level":"info","message":"OPTIONS /api/attendance/2026/3 200 0 - 1.028 ms","timestamp":"2026-03-28 11:33:58"}
{"level":"info","message":"GET /api/attendance/2026/3 200 - - 140.939 ms","timestamp":"2026-03-28 11:33:58"}
{"level":"info","message":"OPTIONS /api/attendance/2026/3 200 0 - 0.087 ms","timestamp":"2026-03-28 11:34:29"}
{"level":"info","message":"GET /api/attendance/2026/3 200 - - 134.407 ms","timestamp":"2026-03-28 11:34:29"}
{"level":"info","message":"OPTIONS /api/attendance/2026/3 200 0 - 0.098 ms","timestamp":"2026-03-28 11:34:59"}
{"level":"info","message":"GET /api/attendance/2026/3 200 - - 131.408 ms","timestamp":"2026-03-28 11:34:59"}
{"level":"info","message":"OPTIONS /api/attendance/2026/3 200 0 - 0.105 ms","timestamp":"2026-03-28 11:35:29"}
{"level":"info","message":"GET /api/attendance/2026/3 200 - - 130.308 ms","timestamp":"2026-03-28 11:35:29"}
{"level":"info","message":"OPTIONS /api/attendance/2026/3 200 0 - 0.332 ms","timestamp":"2026-03-28 11:35:59"}
{"level":"info","message":"GET /api/attendance/2026/3 200 - - 137.225 ms","timestamp":"2026-03-28 11:35:59"}
{"level":"info","message":"OPTIONS /api/messages/unread-count 200 0 - 0.102 ms","timestamp":"2026-03-28 11:37:01"}
{"level":"info","message":"OPTIONS /api/messages/unread-count 200 0 - 0.068 ms","timestamp":"2026-03-28 11:37:01"}
{"level":"info","message":"GET /api/messages/unread-count - - - - ms","timestamp":"2026-03-28 11:37:01"}
{"level":"info","message":"GET /api/messages/unread-count - - - - ms","timestamp":"2026-03-28 11:37:01"}
{"level":"info","message":"OPTIONS /api/messages/unread-count 200 0 - 0.093 ms","timestamp":"2026-03-28 11:37:02"}
{"level":"info","message":"OPTIONS /api/messages/unread-count 200 0 - 0.071 ms","timestamp":"2026-03-28 11:37:02"}
{"level":"info","message":"GET /api/messages/unread-count 200 17 - 54.858 ms","timestamp":"2026-03-28 11:37:02"}
{"level":"info","message":"GET /api/messages/unread-count 200 17 - 56.785 ms","timestamp":"2026-03-28 11:37:02"}
{"level":"info","message":"OPTIONS /api/attendance/2026/3 200 0 - 0.158 ms","timestamp":"2026-03-28 11:37:02"}
{"level":"info","message":"OPTIONS /api/users 200 0 - 0.073 ms","timestamp":"2026-03-28 11:37:02"}
{"level":"info","message":"OPTIONS /api/tasks 200 0 - 0.085 ms","timestamp":"2026-03-28 11:37:02"}
{"level":"info","message":"OPTIONS /api/attendance/2026/3 200 0 - 0.102 ms","timestamp":"2026-03-28 11:37:02"}
{"level":"info","message":"OPTIONS /api/users 200 0 - 0.059 ms","timestamp":"2026-03-28 11:37:02"}
{"level":"info","message":"OPTIONS /api/tasks 200 0 - 0.068 ms","timestamp":"2026-03-28 11:37:02"}
{"level":"info","message":"GET /api/tasks 200 2 - 51.406 ms","timestamp":"2026-03-28 11:37:03"}
{"level":"info","message":"GET /api/tasks 200 2 - 50.125 ms","timestamp":"2026-03-28 11:37:03"}
{"level":"info","message":"GET /api/attendance/2026/3 200 - - 146.068 ms","timestamp":"2026-03-28 11:37:03"}
{"level":"info","message":"GET /api/users 200 - - 138.216 ms","timestamp":"2026-03-28 11:37:03"}
{"level":"info","message":"GET /api/users 200 - - 144.209 ms","timestamp":"2026-03-28 11:37:03"}
{"level":"info","message":"GET /api/attendance/2026/3 200 - - 160.168 ms","timestamp":"2026-03-28 11:37:03"}
{"level":"info","message":"OPTIONS /api/attendance/2026/3 200 0 - 0.206 ms","timestamp":"2026-03-28 11:37:33"}
{"level":"info","message":"GET /api/attendance/2026/3 200 - - 154.070 ms","timestamp":"2026-03-28 11:37:33"}
{"level":"info","message":"OPTIONS /api/attendance/2026/3 200 0 - 0.090 ms","timestamp":"2026-03-28 11:38:03"}
{"level":"info","message":"GET /api/attendance/2026/3 200 - - 141.657 ms","timestamp":"2026-03-28 11:38:03"}
{"level":"info","message":"OPTIONS /api/attendance/2026/3 200 0 - 0.188 ms","timestamp":"2026-03-28 11:38:33"}
{"level":"info","message":"GET /api/attendance/2026/3 200 - - 178.040 ms","timestamp":"2026-03-28 11:38:33"}
{"level":"info","message":"OPTIONS /api/attendance/2026/3 200 0 - 0.079 ms","timestamp":"2026-03-28 11:39:03"}
{"level":"info","message":"GET /api/attendance/2026/3 200 - - 138.570 ms","timestamp":"2026-03-28 11:39:03"}
{"level":"info","message":"OPTIONS /api/attendance/2026/3 200 0 - 0.123 ms","timestamp":"2026-03-28 11:39:33"}
{"level":"info","message":"GET /api/attendance/2026/3 200 - - 151.850 ms","timestamp":"2026-03-28 11:39:33"}
{"level":"info","message":"OPTIONS /api/attendance/2026/3 200 0 - 0.056 ms","timestamp":"2026-03-28 11:40:03"}
{"level":"info","message":"GET /api/attendance/2026/3 200 - - 127.962 ms","timestamp":"2026-03-28 11:40:03"}
{"level":"info","message":"OPTIONS /api/attendance/2026/3 200 0 - 0.206 ms","timestamp":"2026-03-28 11:41:07"}
{"level":"info","message":"GET /api/attendance/2026/3 200 - - 139.054 ms","timestamp":"2026-03-28 11:41:07"}
{"level":"info","message":"OPTIONS /api/messages/unread-count 200 0 - 0.144 ms","timestamp":"2026-03-28 11:41:08"}
{"level":"info","message":"OPTIONS /api/messages/unread-count 200 0 - 0.097 ms","timestamp":"2026-03-28 11:41:08"}
{"level":"info","message":"GET /api/messages/unread-count 200 17 - 54.285 ms","timestamp":"2026-03-28 11:41:08"}
{"level":"info","message":"GET /api/messages/unread-count 200 17 - 54.862 ms","timestamp":"2026-03-28 11:41:08"}
{"level":"info","message":"OPTIONS /api/attendance/2026/3 200 0 - 0.086 ms","timestamp":"2026-03-28 11:41:09"}
{"level":"info","message":"OPTIONS /api/users 200 0 - 0.079 ms","timestamp":"2026-03-28 11:41:09"}
{"level":"info","message":"OPTIONS /api/tasks 200 0 - 0.083 ms","timestamp":"2026-03-28 11:41:09"}
{"level":"info","message":"OPTIONS /api/attendance/2026/3 200 0 - 0.088 ms","timestamp":"2026-03-28 11:41:09"}
{"level":"info","message":"OPTIONS /api/users 200 0 - 0.131 ms","timestamp":"2026-03-28 11:41:09"}
{"level":"info","message":"OPTIONS /api/tasks 200 0 - 0.102 ms","timestamp":"2026-03-28 11:41:09"}
{"level":"info","message":"GET /api/tasks 200 2 - 64.372 ms","timestamp":"2026-03-28 11:41:09"}
{"level":"info","message":"GET /api/tasks 200 2 - 76.418 ms","timestamp":"2026-03-28 11:41:09"}
{"level":"info","message":"GET /api/users 200 - - 154.885 ms","timestamp":"2026-03-28 11:41:09"}
{"level":"info","message":"GET /api/attendance/2026/3 200 - - 171.517 ms","timestamp":"2026-03-28 11:41:09"}
{"level":"info","message":"GET /api/users 200 - - 166.219 ms","timestamp":"2026-03-28 11:41:09"}
{"level":"info","message":"GET /api/attendance/2026/3 200 - - 176.309 ms","timestamp":"2026-03-28 11:41:09"}
{"level":"info","message":"OPTIONS /api/attendance/2026/3 200 0 - 0.330 ms","timestamp":"2026-03-28 11:41:39"}
{"level":"info","message":"GET /api/attendance/2026/3 304 - - 160.787 ms","timestamp":"2026-03-28 11:41:39"}
{"level":"info","message":"OPTIONS /api/attendance/2026/3 200 0 - 0.076 ms","timestamp":"2026-03-28 11:42:09"}
{"level":"info","message":"GET /api/attendance/2026/3 200 - - 130.560 ms","timestamp":"2026-03-28 11:42:09"}
{"level":"info","message":"OPTIONS /api/appointments/search?phone=8667735575 200 0 - 0.191 ms","timestamp":"2026-03-28 11:42:35"}
{"level":"info","message":"GET /api/appointments/search?phone=8667735575 404 50 - 45.815 ms","timestamp":"2026-03-28 11:42:35"}
{"level":"info","message":"OPTIONS /api/calls 200 0 - 0.095 ms","timestamp":"2026-03-28 11:42:36"}
{"level":"info","message":"POST /api/calls 201 256 - 75.312 ms","timestamp":"2026-03-28 11:42:36"}
{"level":"info","message":"OPTIONS /api/attendance/2026/3 200 0 - 0.103 ms","timestamp":"2026-03-28 11:42:39"}
{"level":"info","message":"GET /api/attendance/2026/3 200 - - 126.288 ms","timestamp":"2026-03-28 11:42:39"}
{"level":"info","message":"OPTIONS /api/calls/69c771542f196ffbdfba323f 200 0 - 0.159 ms","timestamp":"2026-03-28 11:42:43"}
{"level":"info","message":"PATCH /api/calls/69c771542f196ffbdfba323f 200 258 - 47.218 ms","timestamp":"2026-03-28 11:42:43"}
{"level":"info","message":"OPTIONS /api/calls/69c771542f196ffbdfba323f 200 0 - 0.249 ms","timestamp":"2026-03-28 11:42:49"}
{"level":"info","message":"PATCH /api/calls/69c771542f196ffbdfba323f 200 332 - 49.960 ms","timestamp":"2026-03-28 11:42:49"}
{"level":"info","message":"OPTIONS /api/attendance/2026/3 200 0 - 0.143 ms","timestamp":"2026-03-28 11:43:09"}
{"level":"info","message":"GET /api/attendance/2026/3 200 - - 121.762 ms","timestamp":"2026-03-28 11:43:09"}
{"level":"info","message":"OPTIONS /api/attendance/2026/3 200 0 - 0.416 ms","timestamp":"2026-03-28 11:43:39"}
{"level":"info","message":"GET /api/attendance/2026/3 200 - - 140.553 ms","timestamp":"2026-03-28 11:43:39"}
{"level":"info","message":"OPTIONS /api/attendance/2026/3 200 0 - 0.198 ms","timestamp":"2026-03-28 11:44:09"}
{"level":"info","message":"GET /api/attendance/2026/3 200 - - 117.821 ms","timestamp":"2026-03-28 11:44:09"}
{"level":"info","message":"OPTIONS /api/attendance/2026/3 200 0 - 0.122 ms","timestamp":"2026-03-28 11:44:39"}
{"level":"info","message":"GET /api/attendance/2026/3 200 - - 121.460 ms","timestamp":"2026-03-28 11:44:39"}
{"level":"info","message":"OPTIONS /api/attendance/2026/3 200 0 - 0.063 ms","timestamp":"2026-03-28 11:45:09"}
{"level":"info","message":"GET /api/attendance/2026/3 200 - - 119.658 ms","timestamp":"2026-03-28 11:45:09"}
{"level":"info","message":"OPTIONS /api/attendance/2026/3 200 0 - 0.290 ms","timestamp":"2026-03-28 11:45:39"}
{"level":"info","message":"GET /api/attendance/2026/3 200 - - 120.018 ms","timestamp":"2026-03-28 11:45:39"}
{"level":"info","message":"OPTIONS /api/attendance/2026/3 200 0 - 0.265 ms","timestamp":"2026-03-28 11:46:09"}
{"level":"info","message":"GET /api/attendance/2026/3 200 - - 119.780 ms","timestamp":"2026-03-28 11:46:09"}
{"level":"info","message":"OPTIONS /api/attendance/2026/3 200 0 - 0.086 ms","timestamp":"2026-03-28 11:46:39"}
{"level":"info","message":"GET /api/attendance/2026/3 200 - - 124.516 ms","timestamp":"2026-03-28 11:46:39"}
{"level":"info","message":"OPTIONS /api/attendance/2026/3 200 0 - 0.093 ms","timestamp":"2026-03-28 11:47:09"}
{"level":"info","message":"GET /api/attendance/2026/3 200 - - 113.054 ms","timestamp":"2026-03-28 11:47:09"}
{"level":"info","message":"OPTIONS /api/attendance/2026/3 200 0 - 0.171 ms","timestamp":"2026-03-28 11:47:39"}
{"level":"info","message":"GET /api/attendance/2026/3 200 - - 115.578 ms","timestamp":"2026-03-28 11:47:39"}
{"level":"info","message":"OPTIONS /api/attendance/2026/3 200 0 - 0.088 ms","timestamp":"2026-03-28 11:48:09"}
{"level":"info","message":"GET /api/attendance/2026/3 200 - - 115.705 ms","timestamp":"2026-03-28 11:48:09"}
{"level":"info","message":"OPTIONS /api/attendance/2026/3 200 0 - 0.323 ms","timestamp":"2026-03-28 11:48:39"}
{"level":"info","message":"GET /api/attendance/2026/3 200 - - 131.977 ms","timestamp":"2026-03-28 11:48:39"}
{"level":"info","message":"OPTIONS /api/attendance/2026/3 200 0 - 0.075 ms","timestamp":"2026-03-28 11:49:09"}
{"level":"info","message":"GET /api/attendance/2026/3 200 - - 113.659 ms","timestamp":"2026-03-28 11:49:09"}
{"level":"info","message":"OPTIONS /api/messages/unread-count 200 0 - 0.144 ms","timestamp":"2026-03-28 11:49:22"}
{"level":"info","message":"OPTIONS /api/messages/unread-count 200 0 - 0.106 ms","timestamp":"2026-03-28 11:49:22"}
{"level":"info","message":"GET /api/messages/unread-count - - - - ms","timestamp":"2026-03-28 11:49:22"}
{"level":"info","message":"GET /api/messages/unread-count - - - - ms","timestamp":"2026-03-28 11:49:22"}
{"level":"info","message":"OPTIONS /api/messages/unread-count 200 0 - 0.117 ms","timestamp":"2026-03-28 11:49:23"}
{"level":"info","message":"OPTIONS /api/messages/unread-count 200 0 - 0.077 ms","timestamp":"2026-03-28 11:49:23"}
{"level":"info","message":"GET /api/messages/unread-count 200 17 - 44.339 ms","timestamp":"2026-03-28 11:49:23"}
{"level":"info","message":"GET /api/messages/unread-count 200 17 - 46.316 ms","timestamp":"2026-03-28 11:49:23"}
{"level":"info","message":"OPTIONS /api/attendance/2026/3 200 0 - 0.081 ms","timestamp":"2026-03-28 11:49:23"}
{"level":"info","message":"OPTIONS /api/users 200 0 - 0.086 ms","timestamp":"2026-03-28 11:49:23"}
{"level":"info","message":"OPTIONS /api/tasks 200 0 - 0.078 ms","timestamp":"2026-03-28 11:49:23"}
{"level":"info","message":"OPTIONS /api/attendance/2026/3 200 0 - 0.103 ms","timestamp":"2026-03-28 11:49:23"}
{"level":"info","message":"OPTIONS /api/users 200 0 - 0.118 ms","timestamp":"2026-03-28 11:49:23"}
{"level":"info","message":"OPTIONS /api/tasks 200 0 - 0.078 ms","timestamp":"2026-03-28 11:49:23"}
{"level":"info","message":"GET /api/tasks 200 2 - 53.851 ms","timestamp":"2026-03-28 11:49:23"}
{"level":"info","message":"GET /api/tasks 200 2 - 44.436 ms","timestamp":"2026-03-28 11:49:23"}
{"level":"info","message":"GET /api/attendance/2026/3 200 - - 144.651 ms","timestamp":"2026-03-28 11:49:24"}
{"level":"info","message":"GET /api/users 200 - - 128.555 ms","timestamp":"2026-03-28 11:49:24"}
{"level":"info","message":"GET /api/attendance/2026/3 200 - - 144.954 ms","timestamp":"2026-03-28 11:49:24"}
{"level":"info","message":"GET /api/users 200 - - 160.447 ms","timestamp":"2026-03-28 11:49:24"}
{"level":"info","message":"OPTIONS /api/attendance/2026/3 200 0 - 0.280 ms","timestamp":"2026-03-28 11:49:54"}
{"level":"info","message":"GET /api/attendance/2026/3 200 - - 138.787 ms","timestamp":"2026-03-28 11:49:54"}
{"level":"info","message":"OPTIONS /api/attendance/2026/3 200 0 - 0.181 ms","timestamp":"2026-03-28 11:50:24"}
{"level":"info","message":"GET /api/attendance/2026/3 200 - - 139.611 ms","timestamp":"2026-03-28 11:50:24"}
{"level":"info","message":"OPTIONS /api/attendance/2026/3 200 0 - 0.091 ms","timestamp":"2026-03-28 11:50:54"}
{"level":"info","message":"GET /api/attendance/2026/3 200 - - 128.947 ms","timestamp":"2026-03-28 11:50:54"}
{"level":"info","message":"OPTIONS /api/attendance/2026/3 200 0 - 0.291 ms","timestamp":"2026-03-28 11:51:24"}
{"level":"info","message":"GET /api/attendance/2026/3 200 - - 142.601 ms","timestamp":"2026-03-28 11:51:24"}
{"level":"info","message":"OPTIONS /api/attendance/2026/3 200 0 - 0.094 ms","timestamp":"2026-03-28 11:51:54"}
{"level":"info","message":"GET /api/attendance/2026/3 200 - - 141.192 ms","timestamp":"2026-03-28 11:51:54"}
{"level":"info","message":"OPTIONS /api/attendance/2026/3 200 0 - 0.100 ms","timestamp":"2026-03-28 11:52:24"}
{"level":"info","message":"GET /api/attendance/2026/3 200 - - 146.514 ms","timestamp":"2026-03-28 11:52:24"}
{"level":"info","message":"OPTIONS /api/attendance/2026/3 200 0 - 0.089 ms","timestamp":"2026-03-28 11:53:09"}
{"level":"info","message":"GET /api/attendance/2026/3 200 - - 131.923 ms","timestamp":"2026-03-28 11:53:09"}
{"level":"info","message":"OPTIONS /api/attendance/2026/3 200 0 - 0.211 ms","timestamp":"2026-03-28 11:54:09"}
{"level":"info","message":"GET /api/attendance/2026/3 200 - - 131.719 ms","timestamp":"2026-03-28 11:54:09"}
{"level":"info","message":"OPTIONS /api/attendance/2026/3 200 0 - 0.206 ms","timestamp":"2026-03-28 11:55:09"}
{"level":"info","message":"GET /api/attendance/2026/3 200 - - 129.697 ms","timestamp":"2026-03-28 11:55:09"}
{"level":"info","message":"OPTIONS /api/attendance/2026/3 200 0 - 0.078 ms","timestamp":"2026-03-28 11:56:09"}
{"level":"info","message":"GET /api/attendance/2026/3 200 - - 129.261 ms","timestamp":"2026-03-28 11:56:09"}
{"level":"info","message":"OPTIONS /api/attendance/2026/3 200 0 - 0.167 ms","timestamp":"2026-03-28 11:57:09"}
{"level":"info","message":"GET /api/attendance/2026/3 200 - - 121.756 ms","timestamp":"2026-03-28 11:57:09"}
{"level":"info","message":"OPTIONS /api/attendance/2026/3 200 0 - 0.099 ms","timestamp":"2026-03-28 11:58:09"}
{"level":"info","message":"GET /api/attendance/2026/3 200 - - 136.477 ms","timestamp":"2026-03-28 11:58:09"}
{"level":"info","message":"OPTIONS /api/attendance/2026/3 200 0 - 0.098 ms","timestamp":"2026-03-28 11:59:09"}
{"level":"info","message":"GET /api/attendance/2026/3 200 - - 111.178 ms","timestamp":"2026-03-28 11:59:09"}
{"level":"info","message":"OPTIONS /api/attendance/2026/3 200 0 - 0.507 ms","timestamp":"2026-03-28 12:00:09"}
{"level":"info","message":"GET /api/attendance/2026/3 200 - - 136.962 ms","timestamp":"2026-03-28 12:00:09"}
{"level":"info","message":"OPTIONS /api/messages/unread-count 200 0 - 0.142 ms","timestamp":"2026-03-28 12:00:17"}
{"level":"info","message":"OPTIONS /api/messages/unread-count 200 0 - 0.090 ms","timestamp":"2026-03-28 12:00:17"}
{"level":"info","message":"GET /api/messages/unread-count - - - - ms","timestamp":"2026-03-28 12:00:17"}
{"level":"info","message":"GET /api/messages/unread-count - - - - ms","timestamp":"2026-03-28 12:00:17"}
{"level":"info","message":"OPTIONS /api/messages/unread-count 200 0 - 0.077 ms","timestamp":"2026-03-28 12:00:18"}
{"level":"info","message":"OPTIONS /api/messages/unread-count 200 0 - 0.083 ms","timestamp":"2026-03-28 12:00:18"}
{"level":"info","message":"GET /api/messages/unread-count 200 17 - 60.166 ms","timestamp":"2026-03-28 12:00:18"}
{"level":"info","message":"GET /api/messages/unread-count 200 17 - 73.123 ms","timestamp":"2026-03-28 12:00:18"}
{"level":"info","message":"OPTIONS /api/attendance/2026/3 200 0 - 0.066 ms","timestamp":"2026-03-28 12:00:18"}
{"level":"info","message":"OPTIONS /api/users 200 0 - 0.044 ms","timestamp":"2026-03-28 12:00:18"}
{"level":"info","message":"OPTIONS /api/tasks 200 0 - 0.053 ms","timestamp":"2026-03-28 12:00:18"}
{"level":"info","message":"OPTIONS /api/attendance/2026/3 200 0 - 0.081 ms","timestamp":"2026-03-28 12:00:18"}
{"level":"info","message":"OPTIONS /api/users 200 0 - 0.037 ms","timestamp":"2026-03-28 12:00:18"}
{"level":"info","message":"OPTIONS /api/tasks 200 0 - 0.055 ms","timestamp":"2026-03-28 12:00:18"}
{"level":"info","message":"GET /api/tasks 200 2 - 41.048 ms","timestamp":"2026-03-28 12:00:18"}
{"level":"info","message":"GET /api/tasks 200 2 - 45.727 ms","timestamp":"2026-03-28 12:00:18"}
{"level":"info","message":"GET /api/users 200 - - 109.151 ms","timestamp":"2026-03-28 12:00:18"}
{"level":"info","message":"GET /api/attendance/2026/3 200 - - 119.814 ms","timestamp":"2026-03-28 12:00:18"}
{"level":"info","message":"GET /api/users 200 - - 110.458 ms","timestamp":"2026-03-28 12:00:18"}
{"level":"info","message":"GET /api/attendance/2026/3 200 - - 137.171 ms","timestamp":"2026-03-28 12:00:18"}
{"level":"info","message":"OPTIONS /api/attendance/2026/3 200 0 - 0.334 ms","timestamp":"2026-03-28 12:00:49"}
{"level":"info","message":"GET /api/attendance/2026/3 200 - - 151.390 ms","timestamp":"2026-03-28 12:00:49"}
{"level":"info","message":"OPTIONS /api/attendance/2026/3 200 0 - 0.081 ms","timestamp":"2026-03-28 12:01:19"}
{"level":"info","message":"GET /api/attendance/2026/3 200 - - 152.612 ms","timestamp":"2026-03-28 12:01:19"}
{"level":"info","message":"OPTIONS /api/attendance/2026/3 200 0 - 0.104 ms","timestamp":"2026-03-28 12:01:49"}
{"level":"info","message":"GET /api/attendance/2026/3 200 - - 142.119 ms","timestamp":"2026-03-28 12:01:49"}
{"level":"info","message":"OPTIONS /api/attendance/2026/3 200 0 - 0.185 ms","timestamp":"2026-03-28 12:02:19"}
{"level":"info","message":"GET /api/attendance/2026/3 200 - - 136.597 ms","timestamp":"2026-03-28 12:02:19"}
{"level":"info","message":"OPTIONS /api/attendance/2026/3 200 0 - 0.194 ms","timestamp":"2026-03-28 12:02:49"}
{"level":"info","message":"GET /api/attendance/2026/3 200 - - 162.237 ms","timestamp":"2026-03-28 12:02:49"}
{"level":"info","message":"OPTIONS /api/attendance/2026/3 200 0 - 0.123 ms","timestamp":"2026-03-28 12:03:19"}
{"level":"info","message":"GET /api/attendance/2026/3 200 - - 140.373 ms","timestamp":"2026-03-28 12:03:19"}
{"level":"info","message":"OPTIONS /api/attendance/2026/3 200 0 - 0.249 ms","timestamp":"2026-03-28 12:04:09"}
{"level":"info","message":"GET /api/attendance/2026/3 200 - - 142.524 ms","timestamp":"2026-03-28 12:04:09"}
{"level":"info","message":"OPTIONS /api/attendance/2026/3 200 0 - 0.063 ms","timestamp":"2026-03-28 12:05:09"}
{"level":"info","message":"GET /api/attendance/2026/3 200 - - 135.003 ms","timestamp":"2026-03-28 12:05:09"}
{"level":"info","message":"OPTIONS /api/attendance/2026/3 200 0 - 0.123 ms","timestamp":"2026-03-28 12:06:09"}
{"level":"info","message":"GET /api/attendance/2026/3 200 - - 135.459 ms","timestamp":"2026-03-28 12:06:09"}
{"level":"info","message":"OPTIONS /api/attendance/2026/3 200 0 - 0.086 ms","timestamp":"2026-03-28 12:07:09"}
{"level":"info","message":"GET /api/attendance/2026/3 200 - - 136.873 ms","timestamp":"2026-03-28 12:07:09"}
{"level":"info","message":"OPTIONS /api/attendance/2026/3 200 0 - 0.202 ms","timestamp":"2026-03-28 12:08:09"}
{"level":"info","message":"GET /api/attendance/2026/3 200 - - 136.171 ms","timestamp":"2026-03-28 12:08:09"}
{"level":"info","message":"OPTIONS /api/attendance/2026/3 200 0 - 0.191 ms","timestamp":"2026-03-28 12:09:09"}
{"level":"info","message":"GET /api/attendance/2026/3 200 - - 133.244 ms","timestamp":"2026-03-28 12:09:09"}
{"level":"info","message":"OPTIONS /api/attendance/2026/3 200 0 - 0.281 ms","timestamp":"2026-03-28 12:09:46"}
{"level":"info","message":"GET /api/attendance/2026/3 200 - - 135.042 ms","timestamp":"2026-03-28 12:09:46"}
{"level":"info","message":"OPTIONS /api/messages/unread-count 200 0 - 0.544 ms","timestamp":"2026-03-28 12:09:48"}
{"level":"info","message":"OPTIONS /api/messages/unread-count 200 0 - 0.096 ms","timestamp":"2026-03-28 12:09:48"}
{"level":"info","message":"GET /api/messages/unread-count 200 17 - 50.214 ms","timestamp":"2026-03-28 12:09:48"}
{"level":"info","message":"GET /api/messages/unread-count 200 17 - 72.022 ms","timestamp":"2026-03-28 12:09:48"}
{"level":"info","message":"OPTIONS /api/attendance/2026/3 200 0 - 0.081 ms","timestamp":"2026-03-28 12:09:49"}
{"level":"info","message":"OPTIONS /api/users 200 0 - 0.065 ms","timestamp":"2026-03-28 12:09:49"}
{"level":"info","message":"OPTIONS /api/tasks 200 0 - 0.074 ms","timestamp":"2026-03-28 12:09:49"}
{"level":"info","message":"OPTIONS /api/attendance/2026/3 200 0 - 0.064 ms","timestamp":"2026-03-28 12:09:49"}
{"level":"info","message":"OPTIONS /api/users 200 0 - 0.060 ms","timestamp":"2026-03-28 12:09:49"}
{"level":"info","message":"OPTIONS /api/tasks 200 0 - 0.065 ms","timestamp":"2026-03-28 12:09:49"}
{"level":"info","message":"GET /api/tasks 200 2 - 44.716 ms","timestamp":"2026-03-28 12:09:49"}
{"level":"info","message":"GET /api/tasks 200 2 - 61.975 ms","timestamp":"2026-03-28 12:09:49"}
{"level":"info","message":"GET /api/attendance/2026/3 200 - - 213.648 ms","timestamp":"2026-03-28 12:09:49"}
{"level":"info","message":"GET /api/attendance/2026/3 200 - - 218.735 ms","timestamp":"2026-03-28 12:09:49"}
{"level":"info","message":"GET /api/users 200 - - 247.710 ms","timestamp":"2026-03-28 12:09:49"}
{"level":"info","message":"GET /api/users 200 - - 251.338 ms","timestamp":"2026-03-28 12:09:49"}
{"level":"info","message":"OPTIONS /api/attendance/2026/3 200 0 - 0.109 ms","timestamp":"2026-03-28 12:10:19"}
{"level":"info","message":"GET /api/attendance/2026/3 200 - - 144.805 ms","timestamp":"2026-03-28 12:10:19"}
{"level":"info","message":"OPTIONS /api/attendance/2026/3 200 0 - 0.167 ms","timestamp":"2026-03-28 12:10:49"}
{"level":"info","message":"GET /api/attendance/2026/3 200 - - 133.748 ms","timestamp":"2026-03-28 12:10:49"}
{"level":"info","message":"OPTIONS /api/attendance/2026/3 200 0 - 0.173 ms","timestamp":"2026-03-28 12:11:19"}
{"level":"info","message":"GET /api/attendance/2026/3 200 - - 140.172 ms","timestamp":"2026-03-28 12:11:19"}
{"level":"info","message":"OPTIONS /api/attendance/2026/3 200 0 - 0.143 ms","timestamp":"2026-03-28 12:11:49"}
{"level":"info","message":"GET /api/attendance/2026/3 200 - - 137.943 ms","timestamp":"2026-03-28 12:11:49"}
{"level":"info","message":"OPTIONS /api/attendance/2026/3 200 0 - 0.089 ms","timestamp":"2026-03-28 12:12:19"}
{"level":"info","message":"GET /api/attendance/2026/3 200 - - 128.283 ms","timestamp":"2026-03-28 12:12:19"}
{"level":"info","message":"OPTIONS /api/attendance/2026/3 200 0 - 0.135 ms","timestamp":"2026-03-28 12:12:49"}
{"level":"info","message":"GET /api/attendance/2026/3 200 - - 136.062 ms","timestamp":"2026-03-28 12:12:49"}
{"level":"info","message":"OPTIONS /api/attendance/2026/3 200 0 - 0.082 ms","timestamp":"2026-03-28 12:13:19"}
{"level":"info","message":"GET /api/attendance/2026/3 200 - - 143.521 ms","timestamp":"2026-03-28 12:13:19"}
{"level":"info","message":"OPTIONS /api/attendance/2026/3 200 0 - 0.100 ms","timestamp":"2026-03-28 12:14:09"}
{"level":"info","message":"GET /api/attendance/2026/3 200 - - 146.498 ms","timestamp":"2026-03-28 12:14:09"}
{"level":"info","message":"OPTIONS /api/attendance/2026/3 200 0 - 0.250 ms","timestamp":"2026-03-28 12:15:09"}
{"level":"info","message":"GET /api/attendance/2026/3 200 - - 149.627 ms","timestamp":"2026-03-28 12:15:09"}
{"level":"info","message":"OPTIONS /api/attendance/2026/3 200 0 - 0.102 ms","timestamp":"2026-03-28 12:16:09"}
{"level":"info","message":"GET /api/attendance/2026/3 200 - - 170.222 ms","timestamp":"2026-03-28 12:16:09"}
{"level":"info","message":"OPTIONS /api/attendance/2026/3 200 0 - 0.174 ms","timestamp":"2026-03-28 12:17:09"}
{"level":"info","message":"GET /api/attendance/2026/3 200 - - 143.787 ms","timestamp":"2026-03-28 12:17:09"}
{"level":"info","message":"OPTIONS /api/attendance/2026/3 200 0 - 0.155 ms","timestamp":"2026-03-28 12:18:09"}
{"level":"info","message":"GET /api/attendance/2026/3 200 - - 178.854 ms","timestamp":"2026-03-28 12:18:09"}
{"level":"info","message":"OPTIONS /api/attendance/2026/3 200 0 - 0.303 ms","timestamp":"2026-03-28 12:19:09"}
{"level":"info","message":"GET /api/attendance/2026/3 200 - - 137.172 ms","timestamp":"2026-03-28 12:19:09"}
{"level":"info","message":"OPTIONS /api/attendance/2026/3 200 0 - 0.168 ms","timestamp":"2026-03-28 12:20:09"}
{"level":"info","message":"GET /api/attendance/2026/3 200 - - 138.904 ms","timestamp":"2026-03-28 12:20:09"}
{"level":"info","message":"OPTIONS /api/attendance/2026/3 200 0 - 0.111 ms","timestamp":"2026-03-28 12:21:09"}
{"level":"info","message":"GET /api/attendance/2026/3 200 - - 154.548 ms","timestamp":"2026-03-28 12:21:09"}
{"level":"info","message":"OPTIONS /api/attendance/2026/3 200 0 - 0.157 ms","timestamp":"2026-03-28 12:22:09"}
{"level":"info","message":"GET /api/attendance/2026/3 200 - - 128.700 ms","timestamp":"2026-03-28 12:22:09"}
{"level":"info","message":"OPTIONS /api/attendance/2026/3 200 0 - 0.140 ms","timestamp":"2026-03-28 12:22:56"}
{"level":"info","message":"GET /api/attendance/2026/3 200 - - 133.384 ms","timestamp":"2026-03-28 12:22:56"}
{"level":"info","message":"OPTIONS /api/attendance/2026/3 200 0 - 0.165 ms","timestamp":"2026-03-28 12:23:19"}
{"level":"info","message":"GET /api/attendance/2026/3 200 - - 133.496 ms","timestamp":"2026-03-28 12:23:19"}
{"level":"info","message":"OPTIONS /api/attendance/2026/3 200 0 - 0.167 ms","timestamp":"2026-03-28 12:23:49"}
{"level":"info","message":"GET /api/attendance/2026/3 200 - - 150.116 ms","timestamp":"2026-03-28 12:23:49"}
{"level":"info","message":"OPTIONS /api/attendance/2026/3 200 0 - 0.072 ms","timestamp":"2026-03-28 12:24:19"}
{"level":"info","message":"GET /api/attendance/2026/3 200 - - 125.429 ms","timestamp":"2026-03-28 12:24:19"}
{"level":"info","message":"OPTIONS /api/attendance/2026/3 200 0 - 0.092 ms","timestamp":"2026-03-28 12:24:49"}
{"level":"info","message":"GET /api/attendance/2026/3 200 - - 150.035 ms","timestamp":"2026-03-28 12:24:49"}
{"level":"info","message":"OPTIONS /api/attendance/2026/3 200 0 - 0.101 ms","timestamp":"2026-03-28 12:25:45"}
{"level":"info","message":"GET /api/attendance/2026/3 200 - - 140.625 ms","timestamp":"2026-03-28 12:25:45"}
{"level":"info","message":"OPTIONS /api/attendance/2026/3 200 0 - 0.118 ms","timestamp":"2026-03-28 12:25:49"}
{"level":"info","message":"GET /api/attendance/2026/3 200 - - 129.443 ms","timestamp":"2026-03-28 12:25:49"}
{"level":"info","message":"OPTIONS /api/messages/unread-count 200 0 - 0.155 ms","timestamp":"2026-03-28 12:26:07"}
{"level":"info","message":"OPTIONS /api/messages/unread-count 200 0 - 0.083 ms","timestamp":"2026-03-28 12:26:07"}
{"level":"info","message":"GET /api/messages/unread-count - - - - ms","timestamp":"2026-03-28 12:26:07"}
{"level":"info","message":"GET /api/messages/unread-count - - - - ms","timestamp":"2026-03-28 12:26:07"}
{"level":"info","message":"OPTIONS /api/messages/unread-count 200 0 - 0.103 ms","timestamp":"2026-03-28 12:26:08"}
{"level":"info","message":"OPTIONS /api/messages/unread-count 200 0 - 0.084 ms","timestamp":"2026-03-28 12:26:08"}
{"level":"info","message":"GET /api/messages/unread-count 200 17 - 44.603 ms","timestamp":"2026-03-28 12:26:08"}
{"level":"info","message":"GET /api/messages/unread-count 200 17 - 50.073 ms","timestamp":"2026-03-28 12:26:08"}
{"level":"info","message":"OPTIONS /api/attendance/2026/3 200 0 - 0.100 ms","timestamp":"2026-03-28 12:26:09"}
{"level":"info","message":"OPTIONS /api/users 200 0 - 0.082 ms","timestamp":"2026-03-28 12:26:09"}
{"level":"info","message":"OPTIONS /api/tasks 200 0 - 0.079 ms","timestamp":"2026-03-28 12:26:09"}
{"level":"info","message":"OPTIONS /api/attendance/2026/3 200 0 - 0.112 ms","timestamp":"2026-03-28 12:26:09"}
{"level":"info","message":"OPTIONS /api/users 200 0 - 0.049 ms","timestamp":"2026-03-28 12:26:09"}
{"level":"info","message":"OPTIONS /api/tasks 200 0 - 0.054 ms","timestamp":"2026-03-28 12:26:09"}
{"level":"info","message":"GET /api/tasks 200 2 - 45.731 ms","timestamp":"2026-03-28 12:26:09"}
{"level":"info","message":"GET /api/tasks 200 2 - 55.787 ms","timestamp":"2026-03-28 12:26:09"}
{"level":"info","message":"GET /api/users 200 - - 116.561 ms","timestamp":"2026-03-28 12:26:09"}
{"level":"info","message":"GET /api/attendance/2026/3 200 - - 131.148 ms","timestamp":"2026-03-28 12:26:09"}
{"level":"info","message":"GET /api/users 200 - - 129.521 ms","timestamp":"2026-03-28 12:26:09"}
{"level":"info","message":"GET /api/attendance/2026/3 200 - - 141.919 ms","timestamp":"2026-03-28 12:26:09"}
{"level":"info","message":"OPTIONS /api/attendance/2026/3 200 0 - 0.108 ms","timestamp":"2026-03-28 12:26:39"}
{"level":"info","message":"GET /api/attendance/2026/3 200 - - 140.249 ms","timestamp":"2026-03-28 12:26:39"}
{"level":"info","message":"OPTIONS /api/attendance/2026/3 200 0 - 0.147 ms","timestamp":"2026-03-28 12:27:09"}
{"level":"info","message":"GET /api/attendance/2026/3 200 - - 117.230 ms","timestamp":"2026-03-28 12:27:09"}
{"level":"info","message":"OPTIONS /api/attendance/2026/3 200 0 - 0.166 ms","timestamp":"2026-03-28 12:27:39"}
{"level":"info","message":"GET /api/attendance/2026/3 200 - - 132.594 ms","timestamp":"2026-03-28 12:27:39"}
{"level":"info","message":"OPTIONS /api/attendance/2026/3 200 0 - 0.236 ms","timestamp":"2026-03-28 12:28:09"}
{"level":"info","message":"GET /api/attendance/2026/3 200 - - 129.818 ms","timestamp":"2026-03-28 12:28:09"}
{"level":"info","message":"OPTIONS /api/attendance/2026/3 200 0 - 0.207 ms","timestamp":"2026-03-28 12:28:39"}
{"level":"info","message":"GET /api/attendance/2026/3 200 - - 136.433 ms","timestamp":"2026-03-28 12:28:39"}
{"level":"info","message":"OPTIONS /api/attendance/2026/3 200 0 - 0.066 ms","timestamp":"2026-03-28 12:29:09"}
{"level":"info","message":"GET /api/attendance/2026/3 200 - - 111.215 ms","timestamp":"2026-03-28 12:29:09"}
{"level":"info","message":"OPTIONS /api/attendance/2026/3 200 0 - 0.305 ms","timestamp":"2026-03-28 12:30:09"}
{"level":"info","message":"GET /api/attendance/2026/3 200 - - 116.533 ms","timestamp":"2026-03-28 12:30:09"}
{"level":"info","message":"OPTIONS /api/attendance/2026/3 200 0 - 0.109 ms","timestamp":"2026-03-28 12:31:09"}
{"level":"info","message":"GET /api/attendance/2026/3 200 - - 120.153 ms","timestamp":"2026-03-28 12:31:09"}
{"level":"info","message":"OPTIONS /api/attendance/2026/3 200 0 - 0.192 ms","timestamp":"2026-03-28 12:32:09"}
{"level":"info","message":"GET /api/attendance/2026/3 200 - - 122.076 ms","timestamp":"2026-03-28 12:32:09"}
{"level":"info","message":"OPTIONS /api/attendance/2026/3 200 0 - 0.105 ms","timestamp":"2026-03-28 12:33:09"}
{"level":"info","message":"GET /api/attendance/2026/3 200 - - 112.616 ms","timestamp":"2026-03-28 12:33:09"}
{"level":"info","message":"OPTIONS /api/attendance/2026/3 200 0 - 0.129 ms","timestamp":"2026-03-28 12:34:09"}
{"level":"info","message":"GET /api/attendance/2026/3 200 - - 114.631 ms","timestamp":"2026-03-28 12:34:09"}
{"level":"info","message":"OPTIONS /api/attendance/2026/3 200 0 - 0.157 ms","timestamp":"2026-03-28 12:35:09"}
{"level":"info","message":"GET /api/attendance/2026/3 200 - - 118.153 ms","timestamp":"2026-03-28 12:35:09"}
{"level":"info","message":"OPTIONS /api/attendance/2026/3 200 0 - 0.313 ms","timestamp":"2026-03-28 12:36:09"}
{"level":"info","message":"GET /api/attendance/2026/3 200 - - 122.669 ms","timestamp":"2026-03-28 12:36:09"}
{"level":"info","message":"OPTIONS /api/attendance/2026/3 200 0 - 0.177 ms","timestamp":"2026-03-28 12:37:09"}
{"level":"info","message":"GET /api/attendance/2026/3 200 - - 147.548 ms","timestamp":"2026-03-28 12:37:09"}
{"level":"info","message":"OPTIONS /api/attendance/2026/3 200 0 - 0.079 ms","timestamp":"2026-03-28 12:38:09"}
{"level":"info","message":"GET /api/attendance/2026/3 200 - - 137.216 ms","timestamp":"2026-03-28 12:38:09"}
{"level":"info","message":"OPTIONS /api/attendance/2026/3 200 0 - 0.099 ms","timestamp":"2026-03-28 12:39:09"}
{"level":"info","message":"GET /api/attendance/2026/3 200 - - 117.748 ms","timestamp":"2026-03-28 12:39:09"}
{"level":"info","message":"OPTIONS /api/attendance/2026/3 200 0 - 0.058 ms","timestamp":"2026-03-28 12:40:09"}
{"level":"info","message":"GET /api/attendance/2026/3 200 - - 110.885 ms","timestamp":"2026-03-28 12:40:09"}
{"level":"info","message":"OPTIONS /api/attendance/2026/3 200 0 - 0.185 ms","timestamp":"2026-03-28 12:41:09"}
{"level":"info","message":"GET /api/attendance/2026/3 200 - - 126.080 ms","timestamp":"2026-03-28 12:41:09"}
{"level":"info","message":"OPTIONS /api/attendance/2026/3 200 0 - 0.057 ms","timestamp":"2026-03-28 12:42:09"}
{"level":"info","message":"GET /api/attendance/2026/3 200 - - 117.411 ms","timestamp":"2026-03-28 12:42:09"}
{"level":"info","message":"OPTIONS /api/attendance/2026/3 200 0 - 0.070 ms","timestamp":"2026-03-28 12:43:09"}
{"level":"info","message":"GET /api/attendance/2026/3 200 - - 114.656 ms","timestamp":"2026-03-28 12:43:09"}
{"level":"info","message":"OPTIONS /api/attendance/2026/3 200 0 - 0.073 ms","timestamp":"2026-03-28 12:44:09"}
{"level":"info","message":"GET /api/attendance/2026/3 200 - - 113.164 ms","timestamp":"2026-03-28 12:44:09"}
{"level":"info","message":"OPTIONS /api/attendance/2026/3 200 0 - 0.047 ms","timestamp":"2026-03-28 12:45:09"}
{"level":"info","message":"GET /api/attendance/2026/3 200 - - 110.373 ms","timestamp":"2026-03-28 12:45:09"}
{"level":"info","message":"OPTIONS /api/attendance/2026/3 200 0 - 0.095 ms","timestamp":"2026-03-28 12:46:09"}
{"level":"info","message":"GET /api/attendance/2026/3 200 - - 112.711 ms","timestamp":"2026-03-28 12:46:09"}
{"level":"info","message":"OPTIONS /api/attendance/2026/3 200 0 - 0.108 ms","timestamp":"2026-03-28 12:47:09"}
{"level":"info","message":"GET /api/attendance/2026/3 200 - - 128.106 ms","timestamp":"2026-03-28 12:47:09"}
{"level":"info","message":"OPTIONS /api/attendance/2026/3 200 0 - 0.161 ms","timestamp":"2026-03-28 12:48:09"}
{"level":"info","message":"GET /api/attendance/2026/3 200 - - 124.473 ms","timestamp":"2026-03-28 12:48:09"}
{"level":"info","message":"OPTIONS /api/attendance/2026/3 200 0 - 0.076 ms","timestamp":"2026-03-28 12:49:09"}
{"level":"info","message":"GET /api/attendance/2026/3 200 - - 127.293 ms","timestamp":"2026-03-28 12:49:09"}
{"level":"info","message":"OPTIONS /api/attendance/2026/3 200 0 - 0.062 ms","timestamp":"2026-03-28 12:50:09"}
{"level":"info","message":"GET /api/attendance/2026/3 200 - - 131.866 ms","timestamp":"2026-03-28 12:50:09"}
{"level":"info","message":"OPTIONS /api/attendance/2026/3 200 0 - 0.076 ms","timestamp":"2026-03-28 12:51:09"}
{"level":"info","message":"GET /api/attendance/2026/3 200 - - 111.428 ms","timestamp":"2026-03-28 12:51:09"}
{"level":"info","message":"OPTIONS /api/attendance/2026/3 200 0 - 0.098 ms","timestamp":"2026-03-28 12:52:09"}
{"level":"info","message":"GET /api/attendance/2026/3 200 - - 112.357 ms","timestamp":"2026-03-28 12:52:09"}
{"level":"info","message":"OPTIONS /api/attendance/2026/3 200 0 - 0.130 ms","timestamp":"2026-03-28 12:53:09"}
{"level":"info","message":"GET /api/attendance/2026/3 200 - - 116.929 ms","timestamp":"2026-03-28 12:53:09"}
{"level":"info","message":"OPTIONS /api/attendance/2026/3 200 0 - 0.077 ms","timestamp":"2026-03-28 12:54:09"}
{"level":"info","message":"GET /api/attendance/2026/3 200 - - 118.343 ms","timestamp":"2026-03-28 12:54:09"}
{"level":"info","message":"OPTIONS /api/attendance/2026/3 200 0 - 0.048 ms","timestamp":"2026-03-28 12:55:09"}
{"level":"info","message":"GET /api/attendance/2026/3 200 - - 123.772 ms","timestamp":"2026-03-28 12:55:09"}
{"level":"info","message":"OPTIONS /api/attendance/2026/3 200 0 - 0.085 ms","timestamp":"2026-03-28 12:56:09"}
{"level":"info","message":"GET /api/attendance/2026/3 200 - - 112.872 ms","timestamp":"2026-03-28 12:56:09"}
{"level":"info","message":"OPTIONS /api/attendance/2026/3 200 0 - 0.111 ms","timestamp":"2026-03-28 12:57:09"}
{"level":"info","message":"GET /api/attendance/2026/3 200 - - 116.752 ms","timestamp":"2026-03-28 12:57:09"}
{"level":"info","message":"OPTIONS /api/attendance/2026/3 200 0 - 0.103 ms","timestamp":"2026-03-28 12:58:09"}
{"level":"info","message":"GET /api/attendance/2026/3 200 - - 112.655 ms","timestamp":"2026-03-28 12:58:09"}
{"level":"info","message":"OPTIONS /api/attendance/2026/3 200 0 - 0.055 ms","timestamp":"2026-03-28 12:59:09"}
{"level":"info","message":"GET /api/attendance/2026/3 200 - - 145.531 ms","timestamp":"2026-03-28 12:59:09"}
{"level":"info","message":"OPTIONS /api/attendance/2026/3 200 0 - 0.061 ms","timestamp":"2026-03-28 13:00:09"}
{"level":"info","message":"GET /api/attendance/2026/3 200 - - 114.341 ms","timestamp":"2026-03-28 13:00:09"}
{"level":"info","message":"OPTIONS /api/attendance/2026/3 200 0 - 0.216 ms","timestamp":"2026-03-28 13:01:09"}
{"level":"info","message":"GET /api/attendance/2026/3 200 - - 131.901 ms","timestamp":"2026-03-28 13:01:09"}
{"level":"info","message":"OPTIONS /api/attendance/2026/3 200 0 - 0.066 ms","timestamp":"2026-03-28 13:02:09"}
{"level":"info","message":"GET /api/attendance/2026/3 200 - - 111.726 ms","timestamp":"2026-03-28 13:02:09"}
{"level":"info","message":"OPTIONS /api/attendance/2026/3 200 0 - 0.442 ms","timestamp":"2026-03-28 13:03:09"}
{"level":"info","message":"GET /api/attendance/2026/3 200 - - 115.867 ms","timestamp":"2026-03-28 13:03:09"}
{"level":"info","message":"OPTIONS /api/attendance/2026/3 200 0 - 0.185 ms","timestamp":"2026-03-28 13:04:09"}
{"level":"info","message":"GET /api/attendance/2026/3 200 - - 124.896 ms","timestamp":"2026-03-28 13:04:09"}
{"level":"info","message":"OPTIONS /api/attendance/2026/3 200 0 - 0.170 ms","timestamp":"2026-03-28 13:05:09"}
{"level":"info","message":"GET /api/attendance/2026/3 200 - - 129.204 ms","timestamp":"2026-03-28 13:05:09"}
{"level":"info","message":"OPTIONS /api/attendance/2026/3 200 0 - 0.280 ms","timestamp":"2026-03-28 13:06:09"}
{"level":"info","message":"GET /api/attendance/2026/3 200 - - 127.613 ms","timestamp":"2026-03-28 13:06:09"}
{"level":"info","message":"OPTIONS /api/attendance/2026/3 200 0 - 0.176 ms","timestamp":"2026-03-28 13:07:09"}
{"level":"info","message":"GET /api/attendance/2026/3 200 - - 125.647 ms","timestamp":"2026-03-28 13:07:09"}
{"level":"info","message":"OPTIONS /api/attendance/2026/3 200 0 - 0.329 ms","timestamp":"2026-03-28 13:08:09"}
{"level":"info","message":"GET /api/attendance/2026/3 200 - - 114.003 ms","timestamp":"2026-03-28 13:08:09"}
{"level":"info","message":"OPTIONS /api/attendance/2026/3 200 0 - 0.341 ms","timestamp":"2026-03-28 13:09:09"}
{"level":"info","message":"GET /api/attendance/2026/3 200 - - 144.987 ms","timestamp":"2026-03-28 13:09:09"}
{"level":"info","message":"OPTIONS /api/attendance/2026/3 200 0 - 0.178 ms","timestamp":"2026-03-28 13:10:09"}
{"level":"info","message":"GET /api/attendance/2026/3 200 - - 128.027 ms","timestamp":"2026-03-28 13:10:09"}
{"level":"info","message":"OPTIONS /api/attendance/2026/3 200 0 - 0.288 ms","timestamp":"2026-03-28 13:11:09"}
{"level":"info","message":"GET /api/attendance/2026/3 200 - - 144.091 ms","timestamp":"2026-03-28 13:11:09"}
{"level":"info","message":"OPTIONS /api/attendance/2026/3 200 0 - 0.320 ms","timestamp":"2026-03-28 13:12:09"}
{"level":"info","message":"GET /api/attendance/2026/3 200 - - 123.412 ms","timestamp":"2026-03-28 13:12:09"}
{"level":"info","message":"OPTIONS /api/attendance/2026/3 200 0 - 0.089 ms","timestamp":"2026-03-28 13:13:09"}
{"level":"info","message":"GET /api/attendance/2026/3 200 - - 121.254 ms","timestamp":"2026-03-28 13:13:09"}
{"level":"info","message":"OPTIONS /api/attendance/2026/3 200 0 - 0.213 ms","timestamp":"2026-03-28 13:14:09"}
{"level":"info","message":"GET /api/attendance/2026/3 200 - - 119.223 ms","timestamp":"2026-03-28 13:14:09"}
{"level":"info","message":"OPTIONS /api/attendance/2026/3 200 0 - 0.162 ms","timestamp":"2026-03-28 13:15:09"}
{"level":"info","message":"GET /api/attendance/2026/3 200 - - 123.418 ms","timestamp":"2026-03-28 13:15:09"}
{"level":"info","message":"OPTIONS /api/attendance/2026/3 200 0 - 0.228 ms","timestamp":"2026-03-28 13:16:09"}
{"level":"info","message":"GET /api/attendance/2026/3 200 - - 124.376 ms","timestamp":"2026-03-28 13:16:09"}
{"level":"info","message":"OPTIONS /api/attendance/2026/3 200 0 - 0.288 ms","timestamp":"2026-03-28 13:17:09"}
{"level":"info","message":"GET /api/attendance/2026/3 200 - - 142.473 ms","timestamp":"2026-03-28 13:17:09"}
{"level":"info","message":"OPTIONS /api/attendance/2026/3 200 0 - 0.509 ms","timestamp":"2026-03-28 13:18:09"}
{"level":"info","message":"GET /api/attendance/2026/3 200 - - 115.161 ms","timestamp":"2026-03-28 13:18:09"}
{"level":"info","message":"OPTIONS /api/attendance/2026/3 200 0 - 0.165 ms","timestamp":"2026-03-28 13:19:09"}
{"level":"info","message":"GET /api/attendance/2026/3 200 - - 139.012 ms","timestamp":"2026-03-28 13:19:09"}
{"level":"info","message":"OPTIONS /api/attendance/2026/3 200 0 - 0.139 ms","timestamp":"2026-03-28 13:20:09"}
{"level":"info","message":"GET /api/attendance/2026/3 200 - - 147.523 ms","timestamp":"2026-03-28 13:20:09"}
{"level":"info","message":"OPTIONS /api/attendance/2026/3 200 0 - 0.157 ms","timestamp":"2026-03-28 13:21:09"}
{"level":"info","message":"GET /api/attendance/2026/3 200 - - 147.669 ms","timestamp":"2026-03-28 13:21:09"}
{"level":"info","message":"OPTIONS /api/attendance/2026/3 200 0 - 0.347 ms","timestamp":"2026-03-28 13:22:09"}
{"level":"info","message":"GET /api/attendance/2026/3 200 - - 132.658 ms","timestamp":"2026-03-28 13:22:09"}
{"level":"info","message":"OPTIONS /api/attendance/2026/3 200 0 - 0.171 ms","timestamp":"2026-03-28 13:23:09"}
{"level":"info","message":"GET /api/attendance/2026/3 200 - - 130.215 ms","timestamp":"2026-03-28 13:23:09"}
{"level":"info","message":"OPTIONS /api/attendance/2026/3 200 0 - 0.268 ms","timestamp":"2026-03-28 13:24:09"}
{"level":"info","message":"GET /api/attendance/2026/3 200 - - 145.287 ms","timestamp":"2026-03-28 13:24:09"}
{"level":"info","message":"OPTIONS /api/attendance/2026/3 200 0 - 0.291 ms","timestamp":"2026-03-28 13:25:09"}
{"level":"info","message":"GET /api/attendance/2026/3 200 - - 148.069 ms","timestamp":"2026-03-28 13:25:09"}
{"level":"info","message":"OPTIONS /api/attendance/2026/3 200 0 - 0.314 ms","timestamp":"2026-03-28 13:26:09"}
{"level":"info","message":"GET /api/attendance/2026/3 200 - - 123.243 ms","timestamp":"2026-03-28 13:26:09"}
{"level":"info","message":"OPTIONS /api/attendance/2026/3 200 0 - 0.281 ms","timestamp":"2026-03-28 13:27:09"}
{"level":"info","message":"GET /api/attendance/2026/3 200 - - 128.977 ms","timestamp":"2026-03-28 13:27:09"}
{"level":"info","message":"OPTIONS /api/attendance/2026/3 200 0 - 0.530 ms","timestamp":"2026-03-28 13:28:09"}
{"level":"info","message":"GET /api/attendance/2026/3 200 - - 126.765 ms","timestamp":"2026-03-28 13:28:09"}
{"level":"info","message":"OPTIONS /api/attendance/2026/3 200 0 - 0.308 ms","timestamp":"2026-03-28 13:29:09"}
{"level":"info","message":"GET /api/attendance/2026/3 200 - - 136.057 ms","timestamp":"2026-03-28 13:29:09"}
{"level":"info","message":"OPTIONS /api/attendance/2026/3 200 0 - 0.145 ms","timestamp":"2026-03-28 13:30:09"}
{"level":"info","message":"GET /api/attendance/2026/3 200 - - 130.530 ms","timestamp":"2026-03-28 13:30:09"}
{"level":"info","message":"OPTIONS /api/attendance/2026/3 200 0 - 0.139 ms","timestamp":"2026-03-28 13:30:13"}
{"level":"info","message":"OPTIONS /api/users 200 0 - 0.071 ms","timestamp":"2026-03-28 13:30:13"}
{"level":"info","message":"OPTIONS /api/tasks 200 0 - 0.101 ms","timestamp":"2026-03-28 13:30:13"}
{"level":"info","message":"OPTIONS /api/attendance/2026/3 200 0 - 0.067 ms","timestamp":"2026-03-28 13:30:13"}
{"level":"info","message":"OPTIONS /api/users 200 0 - 0.085 ms","timestamp":"2026-03-28 13:30:13"}
{"level":"info","message":"OPTIONS /api/tasks 200 0 - 0.073 ms","timestamp":"2026-03-28 13:30:13"}
{"level":"info","message":"GET /api/tasks 200 2 - 50.598 ms","timestamp":"2026-03-28 13:30:13"}
{"level":"info","message":"GET /api/tasks 200 2 - 45.110 ms","timestamp":"2026-03-28 13:30:13"}
{"level":"info","message":"GET /api/attendance/2026/3 200 - - 141.356 ms","timestamp":"2026-03-28 13:30:13"}
{"level":"info","message":"GET /api/users 200 - - 133.425 ms","timestamp":"2026-03-28 13:30:13"}
{"level":"info","message":"GET /api/attendance/2026/3 200 - - 136.383 ms","timestamp":"2026-03-28 13:30:13"}
{"level":"info","message":"GET /api/users 200 - - 153.177 ms","timestamp":"2026-03-28 13:30:13"}
{"level":"info","message":"OPTIONS /api/messages/unread-count 200 0 - 0.154 ms","timestamp":"2026-03-28 13:30:21"}
{"level":"info","message":"OPTIONS /api/messages/unread-count 200 0 - 0.071 ms","timestamp":"2026-03-28 13:30:21"}
{"level":"info","message":"GET /api/messages/unread-count - - - - ms","timestamp":"2026-03-28 13:30:21"}
{"level":"info","message":"GET /api/messages/unread-count - - - - ms","timestamp":"2026-03-28 13:30:21"}
{"level":"info","message":"OPTIONS /api/messages/unread-count 200 0 - 0.097 ms","timestamp":"2026-03-28 13:30:22"}
{"level":"info","message":"OPTIONS /api/messages/unread-count 200 0 - 0.066 ms","timestamp":"2026-03-28 13:30:22"}
{"level":"info","message":"GET /api/messages/unread-count 200 17 - 43.003 ms","timestamp":"2026-03-28 13:30:22"}
{"level":"info","message":"GET /api/messages/unread-count 200 17 - 60.966 ms","timestamp":"2026-03-28 13:30:22"}
{"level":"info","message":"OPTIONS /api/attendance/2026/3 200 0 - 0.064 ms","timestamp":"2026-03-28 13:30:22"}
{"level":"info","message":"OPTIONS /api/users 200 0 - 0.039 ms","timestamp":"2026-03-28 13:30:22"}
{"level":"info","message":"OPTIONS /api/tasks 200 0 - 0.083 ms","timestamp":"2026-03-28 13:30:22"}
{"level":"info","message":"OPTIONS /api/attendance/2026/3 200 0 - 0.040 ms","timestamp":"2026-03-28 13:30:22"}
{"level":"info","message":"OPTIONS /api/users 200 0 - 0.054 ms","timestamp":"2026-03-28 13:30:22"}
{"level":"info","message":"OPTIONS /api/tasks 200 0 - 0.033 ms","timestamp":"2026-03-28 13:30:22"}
{"level":"info","message":"GET /api/tasks 200 2 - 41.693 ms","timestamp":"2026-03-28 13:30:22"}
{"level":"info","message":"GET /api/tasks 200 2 - 40.590 ms","timestamp":"2026-03-28 13:30:22"}
{"level":"info","message":"GET /api/users 200 - - 108.275 ms","timestamp":"2026-03-28 13:30:22"}
{"level":"info","message":"GET /api/users 200 - - 107.810 ms","timestamp":"2026-03-28 13:30:22"}
{"level":"info","message":"GET /api/attendance/2026/3 200 - - 135.914 ms","timestamp":"2026-03-28 13:30:22"}
{"level":"info","message":"GET /api/attendance/2026/3 200 - - 159.750 ms","timestamp":"2026-03-28 13:30:22"}
{"level":"info","message":"OPTIONS /api/messages/unread-count 200 0 - 0.167 ms","timestamp":"2026-03-28 13:30:48"}
{"level":"info","message":"OPTIONS /api/messages/unread-count 200 0 - 0.092 ms","timestamp":"2026-03-28 13:30:48"}
{"level":"info","message":"GET /api/messages/unread-count - - - - ms","timestamp":"2026-03-28 13:30:48"}
{"level":"info","message":"GET /api/messages/unread-count - - - - ms","timestamp":"2026-03-28 13:30:48"}
{"level":"info","message":"OPTIONS /api/messages/unread-count 200 0 - 0.102 ms","timestamp":"2026-03-28 13:30:49"}
{"level":"info","message":"OPTIONS /api/messages/unread-count 200 0 - 0.060 ms","timestamp":"2026-03-28 13:30:49"}
{"level":"info","message":"GET /api/messages/unread-count 200 17 - 43.398 ms","timestamp":"2026-03-28 13:30:49"}
{"level":"info","message":"GET /api/messages/unread-count 200 17 - 61.540 ms","timestamp":"2026-03-28 13:30:49"}
{"level":"info","message":"OPTIONS /api/attendance/2026/3 200 0 - 0.076 ms","timestamp":"2026-03-28 13:30:49"}
{"level":"info","message":"OPTIONS /api/users 200 0 - 0.068 ms","timestamp":"2026-03-28 13:30:49"}
{"level":"info","message":"OPTIONS /api/tasks 200 0 - 0.046 ms","timestamp":"2026-03-28 13:30:49"}
{"level":"info","message":"OPTIONS /api/attendance/2026/3 200 0 - 0.047 ms","timestamp":"2026-03-28 13:30:49"}
{"level":"info","message":"OPTIONS /api/tasks 200 0 - 0.058 ms","timestamp":"2026-03-28 13:30:49"}
{"level":"info","message":"OPTIONS /api/users 200 0 - 0.057 ms","timestamp":"2026-03-28 13:30:49"}
{"level":"info","message":"GET /api/tasks 200 2 - 41.603 ms","timestamp":"2026-03-28 13:30:49"}
{"level":"info","message":"GET /api/tasks 200 2 - 42.329 ms","timestamp":"2026-03-28 13:30:49"}
{"level":"info","message":"GET /api/attendance/2026/3 200 - - 109.849 ms","timestamp":"2026-03-28 13:30:49"}
{"level":"info","message":"GET /api/attendance/2026/3 200 - - 114.951 ms","timestamp":"2026-03-28 13:30:49"}
{"level":"info","message":"GET /api/users 200 - - 121.793 ms","timestamp":"2026-03-28 13:30:49"}
{"level":"info","message":"GET /api/users 200 - - 161.815 ms","timestamp":"2026-03-28 13:30:49"}
{"level":"info","message":"OPTIONS /api/attendance/2026/3 200 0 - 0.104 ms","timestamp":"2026-03-28 13:31:20"}
{"level":"info","message":"GET /api/attendance/2026/3 200 - - 173.815 ms","timestamp":"2026-03-28 13:31:20"}
{"level":"info","message":"OPTIONS /api/attendance/2026/3 200 0 - 0.100 ms","timestamp":"2026-03-28 13:31:50"}
{"level":"info","message":"GET /api/attendance/2026/3 200 - - 167.620 ms","timestamp":"2026-03-28 13:31:50"}
{"level":"info","message":"OPTIONS /api/attendance/2026/3 200 0 - 0.241 ms","timestamp":"2026-03-28 13:32:20"}
{"level":"info","message":"GET /api/attendance/2026/3 200 - - 196.951 ms","timestamp":"2026-03-28 13:32:20"}
{"level":"info","message":"OPTIONS /api/attendance/2026/3 200 0 - 0.058 ms","timestamp":"2026-03-28 13:32:50"}
{"level":"info","message":"GET /api/attendance/2026/3 200 - - 154.719 ms","timestamp":"2026-03-28 13:32:50"}
{"level":"info","message":"OPTIONS /api/attendance/2026/3 200 0 - 0.064 ms","timestamp":"2026-03-28 13:33:20"}
{"level":"info","message":"GET /api/attendance/2026/3 200 - - 153.732 ms","timestamp":"2026-03-28 13:33:20"}
{"level":"info","message":"OPTIONS /api/attendance/2026/3 200 0 - 0.200 ms","timestamp":"2026-03-28 13:33:50"}
{"level":"info","message":"GET /api/attendance/2026/3 200 - - 158.228 ms","timestamp":"2026-03-28 13:33:50"}
{"level":"info","message":"OPTIONS /api/attendance/2026/3 200 0 - 0.357 ms","timestamp":"2026-03-28 13:35:09"}
{"level":"info","message":"GET /api/attendance/2026/3 200 - - 167.355 ms","timestamp":"2026-03-28 13:35:09"}
{"level":"info","message":"OPTIONS /api/attendance/2026/3 200 0 - 0.422 ms","timestamp":"2026-03-28 13:36:09"}
{"level":"info","message":"GET /api/attendance/2026/3 200 - - 156.663 ms","timestamp":"2026-03-28 13:36:09"}
{"level":"info","message":"OPTIONS /api/attendance/2026/3 200 0 - 0.194 ms","timestamp":"2026-03-28 13:37:09"}
{"level":"info","message":"GET /api/attendance/2026/3 200 - - 162.261 ms","timestamp":"2026-03-28 13:37:09"}
{"level":"info","message":"OPTIONS /api/attendance/2026/3 200 0 - 0.257 ms","timestamp":"2026-03-28 13:38:09"}
{"level":"info","message":"GET /api/attendance/2026/3 200 - - 145.020 ms","timestamp":"2026-03-28 13:38:09"}
{"level":"info","message":"OPTIONS /api/attendance/2026/3 200 0 - 0.105 ms","timestamp":"2026-03-28 13:39:09"}
{"level":"info","message":"GET /api/attendance/2026/3 200 - - 156.204 ms","timestamp":"2026-03-28 13:39:09"}
{"level":"info","message":"OPTIONS /api/attendance/2026/3 200 0 - 0.159 ms","timestamp":"2026-03-28 13:40:09"}
{"level":"info","message":"GET /api/attendance/2026/3 200 - - 117.190 ms","timestamp":"2026-03-28 13:40:09"}
{"level":"info","message":"OPTIONS /api/attendance/2026/3 200 0 - 0.070 ms","timestamp":"2026-03-28 13:41:09"}
{"level":"info","message":"GET /api/attendance/2026/3 200 - - 134.961 ms","timestamp":"2026-03-28 13:41:09"}
{"level":"info","message":"OPTIONS /api/attendance/2026/3 200 0 - 0.097 ms","timestamp":"2026-03-28 13:42:09"}
{"level":"info","message":"GET /api/attendance/2026/3 200 - - 112.303 ms","timestamp":"2026-03-28 13:42:09"}
{"level":"info","message":"OPTIONS /api/attendance/2026/3 200 0 - 0.055 ms","timestamp":"2026-03-28 13:43:09"}
{"level":"info","message":"GET /api/attendance/2026/3 200 - - 137.245 ms","timestamp":"2026-03-28 13:43:09"}
{"level":"info","message":"OPTIONS /api/attendance/2026/3 200 0 - 0.344 ms","timestamp":"2026-03-28 13:44:09"}
{"level":"info","message":"GET /api/attendance/2026/3 200 - - 123.340 ms","timestamp":"2026-03-28 13:44:09"}
{"level":"info","message":"OPTIONS /api/attendance/2026/3 200 0 - 0.243 ms","timestamp":"2026-03-28 13:45:09"}
{"level":"info","message":"GET /api/attendance/2026/3 200 - - 155.641 ms","timestamp":"2026-03-28 13:45:09"}
{"level":"info","message":"OPTIONS /api/attendance/2026/3 200 0 - 0.171 ms","timestamp":"2026-03-28 13:46:09"}
{"level":"info","message":"GET /api/attendance/2026/3 200 - - 112.240 ms","timestamp":"2026-03-28 13:46:09"}
{"level":"info","message":"OPTIONS /api/attendance/2026/3 200 0 - 0.167 ms","timestamp":"2026-03-28 13:47:09"}
{"level":"info","message":"GET /api/attendance/2026/3 200 - - 164.127 ms","timestamp":"2026-03-28 13:47:09"}
{"level":"info","message":"OPTIONS /api/attendance/2026/3 200 0 - 0.401 ms","timestamp":"2026-03-28 13:48:09"}
{"level":"info","message":"GET /api/attendance/2026/3 200 - - 119.406 ms","timestamp":"2026-03-28 13:48:09"}
{"level":"info","message":"OPTIONS /api/attendance/2026/3 200 0 - 0.091 ms","timestamp":"2026-03-28 13:49:09"}
{"level":"info","message":"GET /api/attendance/2026/3 200 - - 128.851 ms","timestamp":"2026-03-28 13:49:09"}
{"level":"info","message":"OPTIONS /api/attendance/2026/3 200 0 - 0.210 ms","timestamp":"2026-03-28 13:50:09"}
{"level":"info","message":"GET /api/attendance/2026/3 200 - - 125.448 ms","timestamp":"2026-03-28 13:50:09"}
{"level":"info","message":"OPTIONS /api/attendance/2026/3 200 0 - 0.070 ms","timestamp":"2026-03-28 13:51:09"}
{"level":"info","message":"GET /api/attendance/2026/3 200 - - 126.652 ms","timestamp":"2026-03-28 13:51:09"}
{"level":"info","message":"OPTIONS /api/attendance/2026/3 200 0 - 0.103 ms","timestamp":"2026-03-28 13:52:09"}
{"level":"info","message":"GET /api/attendance/2026/3 200 - - 113.579 ms","timestamp":"2026-03-28 13:52:09"}
{"level":"info","message":"OPTIONS /api/attendance/2026/3 200 0 - 0.100 ms","timestamp":"2026-03-28 13:53:09"}
{"level":"info","message":"GET /api/attendance/2026/3 200 - - 132.593 ms","timestamp":"2026-03-28 13:53:09"}
{"level":"info","message":"OPTIONS /api/attendance/2026/3 200 0 - 0.334 ms","timestamp":"2026-03-28 13:54:09"}
{"level":"info","message":"GET /api/attendance/2026/3 200 - - 145.990 ms","timestamp":"2026-03-28 13:54:09"}
{"level":"info","message":"OPTIONS /api/attendance/2026/3 200 0 - 0.236 ms","timestamp":"2026-03-28 13:55:09"}
{"level":"info","message":"GET /api/attendance/2026/3 200 - - 146.617 ms","timestamp":"2026-03-28 13:55:09"}
{"level":"info","message":"OPTIONS /api/attendance/2026/3 200 0 - 0.066 ms","timestamp":"2026-03-28 13:56:09"}
{"level":"info","message":"GET /api/attendance/2026/3 200 - - 122.678 ms","timestamp":"2026-03-28 13:56:09"}
{"level":"info","message":"OPTIONS /api/attendance/2026/3 200 0 - 0.073 ms","timestamp":"2026-03-28 13:57:09"}
{"level":"info","message":"GET /api/attendance/2026/3 200 - - 135.872 ms","timestamp":"2026-03-28 13:57:09"}
{"level":"info","message":"OPTIONS /api/attendance/2026/3 200 0 - 0.293 ms","timestamp":"2026-03-28 13:58:09"}
{"level":"info","message":"GET /api/attendance/2026/3 200 - - 130.405 ms","timestamp":"2026-03-28 13:58:09"}
{"level":"info","message":"OPTIONS /api/attendance/2026/3 200 0 - 0.220 ms","timestamp":"2026-03-28 13:59:09"}
{"level":"info","message":"GET /api/attendance/2026/3 200 - - 153.297 ms","timestamp":"2026-03-28 13:59:09"}
{"level":"info","message":"OPTIONS /api/attendance/2026/3 200 0 - 0.058 ms","timestamp":"2026-03-28 14:00:09"}
{"level":"info","message":"GET /api/attendance/2026/3 200 - - 113.657 ms","timestamp":"2026-03-28 14:00:09"}
{"level":"info","message":"OPTIONS /api/attendance/2026/3 200 0 - 0.145 ms","timestamp":"2026-03-28 14:01:09"}
{"level":"info","message":"GET /api/attendance/2026/3 200 - - 129.596 ms","timestamp":"2026-03-28 14:01:09"}
{"level":"info","message":"OPTIONS /api/attendance/2026/3 200 0 - 0.167 ms","timestamp":"2026-03-28 14:02:09"}
{"level":"info","message":"GET /api/attendance/2026/3 200 - - 113.225 ms","timestamp":"2026-03-28 14:02:09"}
{"level":"info","message":"OPTIONS /api/attendance/2026/3 200 0 - 0.112 ms","timestamp":"2026-03-28 14:03:09"}
{"level":"info","message":"GET /api/attendance/2026/3 200 - - 128.561 ms","timestamp":"2026-03-28 14:03:09"}
{"level":"info","message":"OPTIONS /api/attendance/2026/3 200 0 - 0.111 ms","timestamp":"2026-03-28 14:04:09"}
{"level":"info","message":"GET /api/attendance/2026/3 200 - - 124.437 ms","timestamp":"2026-03-28 14:04:09"}
{"level":"info","message":"OPTIONS /api/attendance/2026/3 200 0 - 0.119 ms","timestamp":"2026-03-28 14:05:09"}
{"level":"info","message":"GET /api/attendance/2026/3 200 - - 130.937 ms","timestamp":"2026-03-28 14:05:09"}
{"level":"info","message":"OPTIONS /api/attendance/2026/3 200 0 - 0.141 ms","timestamp":"2026-03-28 14:06:09"}
{"level":"info","message":"GET /api/attendance/2026/3 200 - - 115.349 ms","timestamp":"2026-03-28 14:06:09"}
{"level":"info","message":"OPTIONS /api/attendance/2026/3 200 0 - 13.079 ms","timestamp":"2026-03-28 14:07:09"}
{"level":"info","message":"GET /api/attendance/2026/3 200 - - 124.844 ms","timestamp":"2026-03-28 14:07:09"}
{"level":"info","message":"OPTIONS /api/attendance/2026/3 200 0 - 0.111 ms","timestamp":"2026-03-28 14:08:09"}
{"level":"info","message":"GET /api/attendance/2026/3 200 - - 121.840 ms","timestamp":"2026-03-28 14:08:09"}
{"level":"info","message":"OPTIONS /api/attendance/2026/3 200 0 - 0.148 ms","timestamp":"2026-03-28 14:09:09"}
{"level":"info","message":"GET /api/attendance/2026/3 200 - - 135.912 ms","timestamp":"2026-03-28 14:09:09"}
{"level":"info","message":"OPTIONS /api/attendance/2026/3 200 0 - 0.060 ms","timestamp":"2026-03-28 14:10:09"}
{"level":"info","message":"GET /api/attendance/2026/3 200 - - 115.179 ms","timestamp":"2026-03-28 14:10:09"}
{"level":"info","message":"OPTIONS /api/attendance/2026/3 200 0 - 0.053 ms","timestamp":"2026-03-28 14:11:09"}
{"level":"info","message":"GET /api/attendance/2026/3 200 - - 128.005 ms","timestamp":"2026-03-28 14:11:09"}
{"level":"info","message":"OPTIONS /api/attendance/2026/3 200 0 - 0.083 ms","timestamp":"2026-03-28 14:12:09"}
{"level":"info","message":"GET /api/attendance/2026/3 200 - - 114.790 ms","timestamp":"2026-03-28 14:12:09"}
{"level":"info","message":"OPTIONS /api/attendance/2026/3 200 0 - 0.099 ms","timestamp":"2026-03-28 14:13:09"}
{"level":"info","message":"GET /api/attendance/2026/3 200 - - 129.755 ms","timestamp":"2026-03-28 14:13:09"}
{"level":"info","message":"OPTIONS /api/attendance/2026/3 200 0 - 0.097 ms","timestamp":"2026-03-28 14:14:09"}
{"level":"info","message":"GET /api/attendance/2026/3 200 - - 126.561 ms","timestamp":"2026-03-28 14:14:09"}
{"level":"info","message":"OPTIONS /api/attendance/2026/3 200 0 - 0.043 ms","timestamp":"2026-03-28 14:15:09"}
{"level":"info","message":"GET /api/attendance/2026/3 200 - - 133.706 ms","timestamp":"2026-03-28 14:15:09"}
{"level":"info","message":"OPTIONS /api/attendance/2026/3 200 0 - 0.056 ms","timestamp":"2026-03-28 14:16:09"}
{"level":"info","message":"GET /api/attendance/2026/3 200 - - 133.753 ms","timestamp":"2026-03-28 14:16:09"}
{"level":"info","message":"OPTIONS /api/attendance/2026/3 200 0 - 0.105 ms","timestamp":"2026-03-28 14:17:09"}
{"level":"info","message":"GET /api/attendance/2026/3 200 - - 152.066 ms","timestamp":"2026-03-28 14:17:09"}
{"level":"info","message":"OPTIONS /api/attendance/2026/3 200 0 - 0.087 ms","timestamp":"2026-03-28 14:18:09"}
{"level":"info","message":"GET /api/attendance/2026/3 200 - - 129.190 ms","timestamp":"2026-03-28 14:18:09"}
{"level":"info","message":"OPTIONS /api/attendance/2026/3 200 0 - 0.129 ms","timestamp":"2026-03-28 14:19:09"}
{"level":"info","message":"GET /api/attendance/2026/3 200 - - 152.477 ms","timestamp":"2026-03-28 14:19:09"}
{"level":"info","message":"OPTIONS /api/attendance/2026/3 200 0 - 0.103 ms","timestamp":"2026-03-28 14:20:09"}
{"level":"info","message":"GET /api/attendance/2026/3 200 - - 149.302 ms","timestamp":"2026-03-28 14:20:09"}
{"level":"info","message":"OPTIONS /api/attendance/2026/3 200 0 - 0.076 ms","timestamp":"2026-03-28 14:21:09"}
{"level":"info","message":"GET /api/attendance/2026/3 200 - - 134.679 ms","timestamp":"2026-03-28 14:21:09"}
{"level":"info","message":"OPTIONS /api/attendance/2026/3 200 0 - 0.285 ms","timestamp":"2026-03-28 14:22:09"}
{"level":"info","message":"GET /api/attendance/2026/3 200 - - 164.996 ms","timestamp":"2026-03-28 14:22:09"}
{"level":"info","message":"OPTIONS /api/attendance/2026/3 200 0 - 0.060 ms","timestamp":"2026-03-28 14:23:09"}
{"level":"info","message":"GET /api/attendance/2026/3 200 - - 116.636 ms","timestamp":"2026-03-28 14:23:09"}
{"level":"info","message":"OPTIONS /api/attendance/2026/3 200 0 - 0.188 ms","timestamp":"2026-03-28 14:24:09"}
{"level":"info","message":"GET /api/attendance/2026/3 200 - - 273.239 ms","timestamp":"2026-03-28 14:24:09"}
{"level":"info","message":"OPTIONS /api/attendance/2026/3 200 0 - 0.195 ms","timestamp":"2026-03-28 14:25:09"}
{"level":"info","message":"GET /api/attendance/2026/3 200 - - 279.322 ms","timestamp":"2026-03-28 14:25:09"}
{"level":"info","message":"OPTIONS /api/attendance/2026/3 200 0 - 0.354 ms","timestamp":"2026-03-28 14:26:09"}
{"level":"info","message":"GET /api/attendance/2026/3 200 - - 186.942 ms","timestamp":"2026-03-28 14:26:09"}
{"level":"info","message":"OPTIONS /api/attendance/2026/3 200 0 - 0.102 ms","timestamp":"2026-03-28 14:27:09"}
{"level":"info","message":"GET /api/attendance/2026/3 200 - - 115.789 ms","timestamp":"2026-03-28 14:27:09"}
{"level":"info","message":"OPTIONS /api/attendance/2026/3 200 0 - 0.224 ms","timestamp":"2026-03-28 14:28:09"}
{"level":"info","message":"GET /api/attendance/2026/3 200 - - 160.194 ms","timestamp":"2026-03-28 14:28:09"}
{"level":"info","message":"OPTIONS /api/attendance/2026/3 200 0 - 0.089 ms","timestamp":"2026-03-28 14:29:09"}
{"level":"info","message":"GET /api/attendance/2026/3 200 - - 114.492 ms","timestamp":"2026-03-28 14:29:09"}
{"level":"info","message":"OPTIONS /api/attendance/2026/3 200 0 - 0.171 ms","timestamp":"2026-03-28 14:30:09"}
{"level":"info","message":"GET /api/attendance/2026/3 200 - - 196.603 ms","timestamp":"2026-03-28 14:30:09"}
{"level":"info","message":"OPTIONS /api/attendance/2026/3 200 0 - 0.172 ms","timestamp":"2026-03-28 14:31:09"}
{"level":"info","message":"GET /api/attendance/2026/3 200 - - 116.622 ms","timestamp":"2026-03-28 14:31:09"}
{"level":"info","message":"OPTIONS /api/attendance/2026/3 200 0 - 0.075 ms","timestamp":"2026-03-28 14:32:09"}
{"level":"info","message":"GET /api/attendance/2026/3 200 - - 163.889 ms","timestamp":"2026-03-28 14:32:09"}
{"level":"info","message":"OPTIONS /api/attendance/2026/3 200 0 - 0.094 ms","timestamp":"2026-03-28 14:33:09"}
{"level":"info","message":"GET /api/attendance/2026/3 200 - - 112.053 ms","timestamp":"2026-03-28 14:33:09"}
{"level":"info","message":"OPTIONS /api/attendance/2026/3 200 0 - 0.164 ms","timestamp":"2026-03-28 14:34:09"}
{"level":"info","message":"GET /api/attendance/2026/3 200 - - 159.942 ms","timestamp":"2026-03-28 14:34:09"}
{"level":"info","message":"OPTIONS /api/attendance/2026/3 200 0 - 0.098 ms","timestamp":"2026-03-28 14:35:09"}
{"level":"info","message":"GET /api/attendance/2026/3 200 - - 130.620 ms","timestamp":"2026-03-28 14:35:09"}
{"level":"info","message":"OPTIONS /api/attendance/2026/3 200 0 - 0.223 ms","timestamp":"2026-03-28 14:36:09"}
{"level":"info","message":"GET /api/attendance/2026/3 200 - - 164.209 ms","timestamp":"2026-03-28 14:36:09"}
{"level":"info","message":"OPTIONS /api/attendance/2026/3 200 0 - 0.162 ms","timestamp":"2026-03-28 14:37:09"}
{"level":"info","message":"GET /api/attendance/2026/3 200 - - 133.592 ms","timestamp":"2026-03-28 14:37:09"}
{"level":"info","message":"OPTIONS /api/attendance/2026/3 200 0 - 0.160 ms","timestamp":"2026-03-28 14:38:09"}
{"level":"info","message":"GET /api/attendance/2026/3 200 - - 183.614 ms","timestamp":"2026-03-28 14:38:09"}
{"level":"info","message":"OPTIONS /api/attendance/2026/3 200 0 - 0.157 ms","timestamp":"2026-03-28 14:39:09"}
{"level":"info","message":"GET /api/attendance/2026/3 200 - - 135.412 ms","timestamp":"2026-03-28 14:39:09"}
{"level":"info","message":"OPTIONS /api/attendance/2026/3 200 0 - 0.157 ms","timestamp":"2026-03-28 14:40:09"}
{"level":"info","message":"GET /api/attendance/2026/3 200 - - 156.660 ms","timestamp":"2026-03-28 14:40:09"}
{"level":"info","message":"OPTIONS /api/attendance/2026/3 200 0 - 0.315 ms","timestamp":"2026-03-28 14:41:09"}
{"level":"info","message":"GET /api/attendance/2026/3 200 - - 294.661 ms","timestamp":"2026-03-28 14:41:09"}
{"level":"info","message":"OPTIONS /api/attendance/2026/3 200 0 - 0.154 ms","timestamp":"2026-03-28 14:42:09"}
{"level":"info","message":"GET /api/attendance/2026/3 200 - - 267.739 ms","timestamp":"2026-03-28 14:42:09"}
{"level":"info","message":"OPTIONS /api/attendance/2026/3 200 0 - 0.182 ms","timestamp":"2026-03-28 14:43:09"}
{"level":"info","message":"GET /api/attendance/2026/3 200 - - 286.304 ms","timestamp":"2026-03-28 14:43:09"}
{"level":"info","message":"OPTIONS /api/attendance/2026/3 200 0 - 0.235 ms","timestamp":"2026-03-28 14:44:09"}
{"level":"info","message":"GET /api/attendance/2026/3 200 - - 264.894 ms","timestamp":"2026-03-28 14:44:09"}
{"level":"info","message":"OPTIONS /api/attendance/2026/3 200 0 - 0.171 ms","timestamp":"2026-03-28 14:45:09"}
{"level":"info","message":"GET /api/attendance/2026/3 200 - - 293.675 ms","timestamp":"2026-03-28 14:45:09"}
{"level":"info","message":"OPTIONS /api/attendance/2026/3 200 0 - 0.280 ms","timestamp":"2026-03-28 14:46:09"}
{"level":"info","message":"GET /api/attendance/2026/3 200 - - 264.030 ms","timestamp":"2026-03-28 14:46:09"}
{"level":"info","message":"OPTIONS /api/attendance/2026/3 200 0 - 0.169 ms","timestamp":"2026-03-28 14:47:09"}
{"level":"info","message":"GET /api/attendance/2026/3 200 - - 294.654 ms","timestamp":"2026-03-28 14:47:09"}
{"level":"info","message":"OPTIONS /api/attendance/2026/3 200 0 - 0.193 ms","timestamp":"2026-03-28 14:48:09"}
{"level":"info","message":"GET /api/attendance/2026/3 200 - - 264.473 ms","timestamp":"2026-03-28 14:48:09"}
{"level":"info","message":"OPTIONS /api/attendance/2026/3 200 0 - 0.115 ms","timestamp":"2026-03-28 14:49:09"}
{"level":"info","message":"GET /api/attendance/2026/3 200 - - 116.130 ms","timestamp":"2026-03-28 14:49:09"}
{"level":"info","message":"OPTIONS /api/attendance/2026/3 200 0 - 0.141 ms","timestamp":"2026-03-28 14:50:09"}
{"level":"info","message":"GET /api/attendance/2026/3 200 - - 141.849 ms","timestamp":"2026-03-28 14:50:09"}
{"level":"info","message":"OPTIONS /api/attendance/2026/3 200 0 - 0.230 ms","timestamp":"2026-03-28 14:51:09"}
{"level":"info","message":"GET /api/attendance/2026/3 200 - - 122.735 ms","timestamp":"2026-03-28 14:51:09"}
{"level":"info","message":"OPTIONS /api/attendance/2026/3 200 0 - 0.196 ms","timestamp":"2026-03-28 14:52:09"}
{"level":"info","message":"GET /api/attendance/2026/3 200 - - 143.565 ms","timestamp":"2026-03-28 14:52:09"}
{"level":"info","message":"OPTIONS /api/attendance/2026/3 200 0 - 0.152 ms","timestamp":"2026-03-28 14:53:09"}
{"level":"info","message":"GET /api/attendance/2026/3 200 - - 128.608 ms","timestamp":"2026-03-28 14:53:09"}
{"level":"info","message":"OPTIONS /api/attendance/2026/3 200 0 - 0.149 ms","timestamp":"2026-03-28 14:54:09"}
{"level":"info","message":"GET /api/attendance/2026/3 200 - - 143.617 ms","timestamp":"2026-03-28 14:54:09"}
{"level":"info","message":"OPTIONS /api/attendance/2026/3 200 0 - 0.219 ms","timestamp":"2026-03-28 14:55:09"}
{"level":"info","message":"GET /api/attendance/2026/3 200 - - 114.575 ms","timestamp":"2026-03-28 14:55:09"}
{"level":"info","message":"OPTIONS /api/attendance/2026/3 200 0 - 0.184 ms","timestamp":"2026-03-28 14:56:09"}
{"level":"info","message":"GET /api/attendance/2026/3 200 - - 130.273 ms","timestamp":"2026-03-28 14:56:09"}
{"level":"info","message":"OPTIONS /api/attendance/2026/3 200 0 - 0.257 ms","timestamp":"2026-03-28 14:57:09"}
{"level":"info","message":"GET /api/attendance/2026/3 200 - - 120.096 ms","timestamp":"2026-03-28 14:57:09"}
{"level":"info","message":"OPTIONS /api/attendance/2026/3 200 0 - 0.093 ms","timestamp":"2026-03-28 14:58:09"}
{"level":"info","message":"GET /api/attendance/2026/3 200 - - 129.209 ms","timestamp":"2026-03-28 14:58:09"}
{"level":"info","message":"OPTIONS /api/attendance/2026/3 200 0 - 0.089 ms","timestamp":"2026-03-28 14:59:09"}
{"level":"info","message":"GET /api/attendance/2026/3 200 - - 112.602 ms","timestamp":"2026-03-28 14:59:09"}
{"level":"info","message":"OPTIONS /api/attendance/2026/3 200 0 - 0.098 ms","timestamp":"2026-03-28 14:59:23"}
{"level":"info","message":"GET /api/attendance/2026/3 200 - - 121.507 ms","timestamp":"2026-03-28 14:59:23"}
{"level":"info","message":"OPTIONS /api/auth/logout 200 0 - 0.079 ms","timestamp":"2026-03-28 14:59:26"}
{"level":"info","message":"POST /api/auth/logout 200 31 - 2.331 ms","timestamp":"2026-03-28 14:59:26"}
{"level":"info","message":"OPTIONS /api/users/logout 200 0 - 0.050 ms","timestamp":"2026-03-28 14:59:26"}
{"level":"info","message":"POST /api/users/logout 200 33 - 131.087 ms","timestamp":"2026-03-28 14:59:26"}
{"level":"info","message":"OPTIONS /api/auth/login 200 0 - 0.070 ms","timestamp":"2026-03-28 14:59:33"}
{"level":"info","message":"POST /api/auth/login 200 750 - 211.692 ms","timestamp":"2026-03-28 14:59:33"}
{"level":"info","message":"OPTIONS /api/calls/sip-config 200 0 - 0.064 ms","timestamp":"2026-03-28 14:59:34"}
{"level":"info","message":"OPTIONS /api/messages/unread-count 200 0 - 0.062 ms","timestamp":"2026-03-28 14:59:34"}
{"level":"info","message":"GET /api/calls/sip-config 200 197 - 22.237 ms","timestamp":"2026-03-28 14:59:34"}
{"level":"info","message":"GET /api/messages/unread-count 200 17 - 66.163 ms","timestamp":"2026-03-28 14:59:34"}
{"level":"info","message":"OPTIONS /api/attendance/2026/3 200 0 - 0.086 ms","timestamp":"2026-03-28 14:59:34"}
{"level":"info","message":"OPTIONS /api/appointments/revenue/reports 200 0 - 0.063 ms","timestamp":"2026-03-28 14:59:34"}
{"level":"info","message":"OPTIONS /api/appointments/all 200 0 - 0.053 ms","timestamp":"2026-03-28 14:59:34"}
{"level":"info","message":"OPTIONS /api/tasks 200 0 - 0.058 ms","timestamp":"2026-03-28 14:59:34"}
{"level":"info","message":"OPTIONS /api/users/all 200 0 - 0.062 ms","timestamp":"2026-03-28 14:59:34"}
{"level":"info","message":"OPTIONS /api/attendance/range?start=2026-02-28T18:30:00.000Z&end=2026-03-31T18:29:59.999Z 200 0 - 0.090 ms","timestamp":"2026-03-28 14:59:34"}
{"level":"info","message":"OPTIONS /api/admin-status 200 0 - 0.058 ms","timestamp":"2026-03-28 14:59:34"}
{"level":"info","message":"OPTIONS /api/appointments/stats?month=3&year=2026 200 0 - 0.103 ms","timestamp":"2026-03-28 14:59:34"}
{"level":"info","message":"OPTIONS /api/appointments/stats?month=2&year=2026 200 0 - 0.090 ms","timestamp":"2026-03-28 14:59:34"}
{"level":"info","message":"OPTIONS /api/appointments/revenue 200 0 - 0.056 ms","timestamp":"2026-03-28 14:59:34"}
{"level":"info","message":"OPTIONS /api/users 200 0 - 0.049 ms","timestamp":"2026-03-28 14:59:34"}
{"level":"info","message":"OPTIONS /api/appointments/stats?month=2&year=2026 200 0 - 0.106 ms","timestamp":"2026-03-28 14:59:34"}
{"level":"info","message":"OPTIONS /api/appointments/revenue 200 0 - 0.041 ms","timestamp":"2026-03-28 14:59:34"}
{"level":"info","message":"GET /api/appointments/revenue/reports 200 - - 58.199 ms","timestamp":"2026-03-28 14:59:34"}
{"level":"info","message":"GET /api/admin-status 200 48 - 61.049 ms","timestamp":"2026-03-28 14:59:34"}
{"level":"info","message":"GET /api/attendance/2026/3 200 - - 128.018 ms","timestamp":"2026-03-28 14:59:34"}
{"level":"info","message":"GET /api/attendance/range?start=2026-02-28T18:30:00.000Z&end=2026-03-31T18:29:59.999Z 200 - - 127.907 ms","timestamp":"2026-03-28 14:59:34"}
{"level":"info","message":"GET /api/appointments/stats?month=3&year=2026 200 12 - 57.019 ms","timestamp":"2026-03-28 14:59:34"}
{"level":"info","message":"GET /api/appointments/stats?month=2&year=2026 200 12 - 42.120 ms","timestamp":"2026-03-28 14:59:34"}
{"level":"info","message":"GET /api/appointments/revenue 200 46 - 101.513 ms","timestamp":"2026-03-28 14:59:34"}
{"level":"info","message":"GET /api/users/all 200 - - 233.067 ms","timestamp":"2026-03-28 14:59:34"}
{"level":"info","message":"GET /api/appointments/revenue/reports 304 - - 73.215 ms","timestamp":"2026-03-28 14:59:34"}
{"level":"info","message":"GET /api/appointments/all 200 - - 292.312 ms","timestamp":"2026-03-28 14:59:34"}
{"level":"info","message":"GET /api/users 200 - - 116.252 ms","timestamp":"2026-03-28 14:59:35"}
{"level":"info","message":"GET /api/admin-status 304 - - 87.357 ms","timestamp":"2026-03-28 14:59:35"}
{"level":"info","message":"GET /api/appointments/stats?month=3&year=2026 304 - - 40.340 ms","timestamp":"2026-03-28 14:59:35"}
{"level":"info","message":"GET /api/tasks 200 - - 375.099 ms","timestamp":"2026-03-28 14:59:35"}
{"level":"info","message":"GET /api/attendance/range?start=2026-02-28T18:30:00.000Z&end=2026-03-31T18:29:59.999Z 304 - - 125.186 ms","timestamp":"2026-03-28 14:59:35"}
{"level":"info","message":"GET /api/users/all 304 - - 68.529 ms","timestamp":"2026-03-28 14:59:35"}
{"level":"info","message":"GET /api/appointments/stats?month=2&year=2026 304 - - 125.878 ms","timestamp":"2026-03-28 14:59:35"}
{"level":"info","message":"GET /api/attendance/2026/3 304 - - 227.544 ms","timestamp":"2026-03-28 14:59:35"}
{"level":"info","message":"GET /api/appointments/revenue 304 - - 153.586 ms","timestamp":"2026-03-28 14:59:35"}
{"level":"info","message":"GET /api/users 304 - - 114.895 ms","timestamp":"2026-03-28 14:59:35"}
{"level":"info","message":"GET /api/appointments/all 304 - - 180.773 ms","timestamp":"2026-03-28 14:59:35"}
{"level":"info","message":"GET /api/tasks 304 - - 145.034 ms","timestamp":"2026-03-28 14:59:35"}
{"level":"info","message":"GET /api/tasks 304 - - 158.581 ms","timestamp":"2026-03-28 14:59:35"}
{"level":"info","message":"GET /api/tasks 304 - - 142.907 ms","timestamp":"2026-03-28 14:59:35"}
{"level":"info","message":"OPTIONS /api/telecaller-leads/stats 200 0 - 0.067 ms","timestamp":"2026-03-28 14:59:37"}
{"level":"info","message":"OPTIONS /api/telecaller-leads/stats 200 0 - 0.042 ms","timestamp":"2026-03-28 14:59:37"}
{"level":"info","message":"GET /api/telecaller-leads/stats 200 466 - 93.332 ms","timestamp":"2026-03-28 14:59:37"}
{"level":"info","message":"GET /api/telecaller-leads/stats 200 466 - 113.716 ms","timestamp":"2026-03-28 14:59:37"}
{"level":"info","message":"OPTIONS /api/telecaller-leads/assigned/68fcc5bfb85c2281711925bb 200 0 - 0.071 ms","timestamp":"2026-03-28 14:59:56"}
{"level":"info","message":"DELETE /api/telecaller-leads/assigned/68fcc5bfb85c2281711925bb 404 196 - 2.001 ms","timestamp":"2026-03-28 14:59:56"}
{"level":"info","message":"DELETE /api/telecaller-leads/assigned/68fcc5bfb85c2281711925bb 404 196 - 0.814 ms","timestamp":"2026-03-28 14:59:57"}
{"level":"info","message":"DELETE /api/telecaller-leads/assigned/68fcc5bfb85c2281711925bb 404 196 - 0.492 ms","timestamp":"2026-03-28 14:59:58"}
{"level":"info","message":"DELETE /api/telecaller-leads/assigned/68fcc5bfb85c2281711925bb 404 196 - 0.433 ms","timestamp":"2026-03-28 14:59:58"}
{"level":"info","message":"DELETE /api/telecaller-leads/assigned/68fcc5bfb85c2281711925bb 404 196 - 0.520 ms","timestamp":"2026-03-28 14:59:58"}
{"level":"info","message":"DELETE /api/telecaller-leads/assigned/68fcc5bfb85c2281711925bb 404 196 - 0.474 ms","timestamp":"2026-03-28 14:59:59"}
{"level":"info","message":"DELETE /api/telecaller-leads/assigned/68fcc5bfb85c2281711925bb 404 196 - 0.590 ms","timestamp":"2026-03-28 14:59:59"}
{"level":"info","message":"DELETE /api/telecaller-leads/assigned/68fcc5bfb85c2281711925bb 404 196 - 0.563 ms","timestamp":"2026-03-28 14:59:59"}
{"level":"info","message":"DELETE /api/telecaller-leads/assigned/68fcc5bfb85c2281711925bb 404 196 - 0.422 ms","timestamp":"2026-03-28 14:59:59"}
{"level":"info","message":"DELETE /api/telecaller-leads/assigned/68fcc5bfb85c2281711925bb 404 196 - 0.570 ms","timestamp":"2026-03-28 14:59:59"}
{"level":"info","message":"DELETE /api/telecaller-leads/assigned/68fcc5bfb85c2281711925bb 404 196 - 0.373 ms","timestamp":"2026-03-28 15:00:00"}
{"level":"info","message":"DELETE /api/telecaller-leads/assigned/68fcc5bfb85c2281711925bb 404 196 - 0.405 ms","timestamp":"2026-03-28 15:00:00"}
{"level":"info","message":"DELETE /api/telecaller-leads/assigned/68fcc5bfb85c2281711925bb 404 196 - 0.372 ms","timestamp":"2026-03-28 15:00:00"}
{"level":"info","message":"DELETE /api/telecaller-leads/assigned/68fcc5bfb85c2281711925bb 404 196 - 0.606 ms","timestamp":"2026-03-28 15:00:00"}
{"level":"info","message":"DELETE /api/telecaller-leads/assigned/68fcc5bfb85c2281711925bb 404 196 - 0.495 ms","timestamp":"2026-03-28 15:00:00"}
{"level":"info","message":"DELETE /api/telecaller-leads/assigned/68fcc5bfb85c2281711925bb 404 196 - 0.365 ms","timestamp":"2026-03-28 15:00:01"}
{"level":"info","message":"OPTIONS /api/telecaller-leads/assigned/68fcc5bfb85c2281711925bb 200 0 - 0.049 ms","timestamp":"2026-03-28 15:00:01"}
{"level":"info","message":"DELETE /api/telecaller-leads/assigned/68fcc5bfb85c2281711925bb 404 196 - 0.764 ms","timestamp":"2026-03-28 15:00:01"}
{"level":"info","message":"DELETE /api/telecaller-leads/assigned/68fcc5bfb85c2281711925bb 404 196 - 0.361 ms","timestamp":"2026-03-28 15:00:01"}
{"level":"info","message":"OPTIONS /api/attendance/2026/3 200 0 - 0.047 ms","timestamp":"2026-03-28 15:00:04"}
{"level":"info","message":"GET /api/attendance/2026/3 304 - - 242.121 ms","timestamp":"2026-03-28 15:00:04"}
{"level":"info","message":"OPTIONS /api/telecaller-leads/stats 200 0 - 0.080 ms","timestamp":"2026-03-28 15:00:07"}
{"level":"info","message":"GET /api/telecaller-leads/stats 200 466 - 94.484 ms","timestamp":"2026-03-28 15:00:07"}
{"level":"info","message":"OPTIONS /api/attendance/2026/3 200 0 - 0.158 ms","timestamp":"2026-03-28 15:00:35"}
{"level":"info","message":"GET /api/attendance/2026/3 304 - - 272.519 ms","timestamp":"2026-03-28 15:00:35"}
{"level":"info","message":"OPTIONS /api/telecaller-leads/stats 200 0 - 0.158 ms","timestamp":"2026-03-28 15:00:37"}
{"level":"info","message":"GET /api/telecaller-leads/stats 200 466 - 97.835 ms","timestamp":"2026-03-28 15:00:37"}
{"level":"info","message":"OPTIONS /api/attendance/2026/3 200 0 - 0.049 ms","timestamp":"2026-03-28 15:01:05"}
{"level":"info","message":"GET /api/attendance/2026/3 304 - - 241.020 ms","timestamp":"2026-03-28 15:01:05"}
{"level":"info","message":"OPTIONS /api/telecaller-leads/stats 200 0 - 0.153 ms","timestamp":"2026-03-28 15:01:07"}
{"level":"info","message":"GET /api/telecaller-leads/stats 200 466 - 111.487 ms","timestamp":"2026-03-28 15:01:07"}
{"level":"info","message":"OPTIONS /api/attendance/2026/3 200 0 - 0.154 ms","timestamp":"2026-03-28 15:01:35"}
{"level":"info","message":"GET /api/attendance/2026/3 304 - - 245.892 ms","timestamp":"2026-03-28 15:01:35"}
{"level":"info","message":"OPTIONS /api/telecaller-leads/stats 200 0 - 0.164 ms","timestamp":"2026-03-28 15:01:37"}
{"level":"info","message":"GET /api/telecaller-leads/stats 200 466 - 97.323 ms","timestamp":"2026-03-28 15:01:37"}
{"level":"info","message":"OPTIONS /api/appointments/revenue/reports 200 0 - 0.084 ms","timestamp":"2026-03-28 15:02:00"}
{"level":"info","message":"OPTIONS /api/appointments/all 200 0 - 0.155 ms","timestamp":"2026-03-28 15:02:00"}
{"level":"info","message":"OPTIONS /api/tasks 200 0 - 0.050 ms","timestamp":"2026-03-28 15:02:00"}
{"level":"info","message":"OPTIONS /api/users/all 200 0 - 0.059 ms","timestamp":"2026-03-28 15:02:00"}
{"level":"info","message":"OPTIONS /api/attendance/range?start=2026-02-28T18:30:00.000Z&end=2026-03-31T18:29:59.999Z 200 0 - 0.036 ms","timestamp":"2026-03-28 15:02:00"}
{"level":"info","message":"OPTIONS /api/admin-status 200 0 - 0.035 ms","timestamp":"2026-03-28 15:02:00"}
{"level":"info","message":"OPTIONS /api/appointments/stats?month=3&year=2026 200 0 - 0.045 ms","timestamp":"2026-03-28 15:02:00"}
{"level":"info","message":"OPTIONS /api/appointments/stats?month=2&year=2026 200 0 - 0.033 ms","timestamp":"2026-03-28 15:02:00"}
{"level":"info","message":"OPTIONS /api/appointments/revenue 200 0 - 0.033 ms","timestamp":"2026-03-28 15:02:00"}
{"level":"info","message":"OPTIONS /api/users 200 0 - 0.049 ms","timestamp":"2026-03-28 15:02:00"}
{"level":"info","message":"GET /api/appointments/revenue/reports 304 - - 94.241 ms","timestamp":"2026-03-28 15:02:00"}
{"level":"info","message":"GET /api/admin-status 304 - - 99.475 ms","timestamp":"2026-03-28 15:02:00"}
{"level":"info","message":"GET /api/appointments/stats?month=3&year=2026 304 - - 118.761 ms","timestamp":"2026-03-28 15:02:01"}
{"level":"info","message":"GET /api/appointments/stats?month=2&year=2026 304 - - 151.727 ms","timestamp":"2026-03-28 15:02:01"}
{"level":"info","message":"GET /api/appointments/all 304 - - 280.147 ms","timestamp":"2026-03-28 15:02:01"}
{"level":"info","message":"GET /api/users/all 200 - - 240.648 ms","timestamp":"2026-03-28 15:02:01"}
{"level":"info","message":"GET /api/attendance/range?start=2026-02-28T18:30:00.000Z&end=2026-03-31T18:29:59.999Z 304 - - 307.673 ms","timestamp":"2026-03-28 15:02:01"}
{"level":"info","message":"GET /api/appointments/revenue 304 - - 174.065 ms","timestamp":"2026-03-28 15:02:01"}
{"level":"info","message":"GET /api/appointments/revenue/reports 304 - - 115.425 ms","timestamp":"2026-03-28 15:02:01"}
{"level":"info","message":"GET /api/admin-status 304 - - 114.703 ms","timestamp":"2026-03-28 15:02:01"}
{"level":"info","message":"GET /api/appointments/stats?month=3&year=2026 304 - - 103.362 ms","timestamp":"2026-03-28 15:02:01"}
{"level":"info","message":"GET /api/appointments/stats?month=2&year=2026 304 - - 103.044 ms","timestamp":"2026-03-28 15:02:01"}
{"level":"info","message":"GET /api/users 200 - - 206.387 ms","timestamp":"2026-03-28 15:02:01"}
{"level":"info","message":"GET /api/tasks 304 - - 519.240 ms","timestamp":"2026-03-28 15:02:01"}
{"level":"info","message":"GET /api/users/all 304 - - 137.067 ms","timestamp":"2026-03-28 15:02:01"}
{"level":"info","message":"GET /api/appointments/revenue 304 - - 151.451 ms","timestamp":"2026-03-28 15:02:01"}
{"level":"info","message":"GET /api/users 304 - - 161.946 ms","timestamp":"2026-03-28 15:02:01"}
{"level":"info","message":"GET /api/attendance/range?start=2026-02-28T18:30:00.000Z&end=2026-03-31T18:29:59.999Z 304 - - 251.802 ms","timestamp":"2026-03-28 15:02:01"}
{"level":"info","message":"GET /api/appointments/all 304 - - 278.649 ms","timestamp":"2026-03-28 15:02:01"}
{"level":"info","message":"GET /api/tasks 304 - - 165.375 ms","timestamp":"2026-03-28 15:02:01"}
{"level":"info","message":"GET /api/tasks 304 - - 148.108 ms","timestamp":"2026-03-28 15:02:01"}
{"level":"info","message":"GET /api/tasks 304 - - 158.813 ms","timestamp":"2026-03-28 15:02:01"}
{"level":"info","message":"OPTIONS /api/attendance/2026/3 200 0 - 0.079 ms","timestamp":"2026-03-28 15:02:04"}
{"level":"info","message":"GET /api/attendance/2026/3 304 - - 261.626 ms","timestamp":"2026-03-28 15:02:04"}
{"level":"info","message":"OPTIONS /api/appointments/stats?month=3&year=2026 200 0 - 0.057 ms","timestamp":"2026-03-28 15:02:10"}
{"level":"info","message":"OPTIONS /api/appointments/stats?month=2&year=2026 200 0 - 0.098 ms","timestamp":"2026-03-28 15:02:10"}
{"level":"info","message":"OPTIONS /api/appointments/revenue 200 0 - 0.058 ms","timestamp":"2026-03-28 15:02:10"}
{"level":"info","message":"OPTIONS /api/users 200 0 - 0.077 ms","timestamp":"2026-03-28 15:02:10"}
{"level":"info","message":"GET /api/appointments/stats?month=2&year=2026 304 - - 97.661 ms","timestamp":"2026-03-28 15:02:10"}
{"level":"info","message":"GET /api/appointments/stats?month=3&year=2026 304 - - 101.320 ms","timestamp":"2026-03-28 15:02:10"}
{"level":"info","message":"GET /api/appointments/revenue 304 - - 142.279 ms","timestamp":"2026-03-28 15:02:11"}
{"level":"info","message":"GET /api/users 200 - - 232.626 ms","timestamp":"2026-03-28 15:02:11"}
{"level":"info","message":"OPTIONS /api/appointments/stats?month=3&year=2026 200 0 - 0.054 ms","timestamp":"2026-03-28 15:02:21"}
{"level":"info","message":"OPTIONS /api/appointments/stats?month=2&year=2026 200 0 - 0.057 ms","timestamp":"2026-03-28 15:02:21"}
{"level":"info","message":"OPTIONS /api/appointments/revenue 200 0 - 0.044 ms","timestamp":"2026-03-28 15:02:21"}
{"level":"info","message":"OPTIONS /api/users 200 0 - 0.030 ms","timestamp":"2026-03-28 15:02:21"}
{"level":"info","message":"GET /api/appointments/stats?month=3&year=2026 304 - - 91.002 ms","timestamp":"2026-03-28 15:02:21"}
{"level":"info","message":"GET /api/appointments/stats?month=2&year=2026 304 - - 93.494 ms","timestamp":"2026-03-28 15:02:21"}
{"level":"info","message":"GET /api/appointments/revenue 304 - - 155.519 ms","timestamp":"2026-03-28 15:02:21"}
{"level":"info","message":"GET /api/users 304 - - 257.634 ms","timestamp":"2026-03-28 15:02:21"}
{"level":"info","message":"OPTIONS /api/users/all 200 0 - 0.061 ms","timestamp":"2026-03-28 15:02:31"}
{"level":"info","message":"OPTIONS /api/attendance/range?start=2026-02-28T18:30:00.000Z&end=2026-03-31T18:29:59.999Z 200 0 - 0.064 ms","timestamp":"2026-03-28 15:02:31"}
{"level":"info","message":"OPTIONS /api/appointments/stats?month=3&year=2026 200 0 - 0.068 ms","timestamp":"2026-03-28 15:02:31"}
{"level":"info","message":"OPTIONS /api/appointments/stats?month=2&year=2026 200 0 - 0.049 ms","timestamp":"2026-03-28 15:02:31"}
{"level":"info","message":"OPTIONS /api/appointments/revenue 200 0 - 0.043 ms","timestamp":"2026-03-28 15:02:31"}
{"level":"info","message":"OPTIONS /api/users 200 0 - 0.028 ms","timestamp":"2026-03-28 15:02:31"}
{"level":"info","message":"GET /api/appointments/stats?month=2&year=2026 304 - - 90.007 ms","timestamp":"2026-03-28 15:02:31"}
{"level":"info","message":"GET /api/appointments/stats?month=3&year=2026 304 - - 92.213 ms","timestamp":"2026-03-28 15:02:31"}
{"level":"info","message":"GET /api/users/all 200 - - 202.600 ms","timestamp":"2026-03-28 15:02:31"}
{"level":"info","message":"GET /api/appointments/revenue 304 - - 142.417 ms","timestamp":"2026-03-28 15:02:31"}
{"level":"info","message":"GET /api/attendance/range?start=2026-02-28T18:30:00.000Z&end=2026-03-31T18:29:59.999Z 304 - - 262.642 ms","timestamp":"2026-03-28 15:02:31"}
{"level":"info","message":"GET /api/users 304 - - 230.694 ms","timestamp":"2026-03-28 15:02:31"}
{"level":"info","message":"OPTIONS /api/attendance/2026/3 200 0 - 0.065 ms","timestamp":"2026-03-28 15:02:35"}
{"level":"info","message":"GET /api/attendance/2026/3 304 - - 246.881 ms","timestamp":"2026-03-28 15:02:35"}
{"level":"info","message":"OPTIONS /api/appointments/stats?month=3&year=2026 200 0 - 0.082 ms","timestamp":"2026-03-28 15:02:41"}
{"level":"info","message":"OPTIONS /api/appointments/stats?month=2&year=2026 200 0 - 0.067 ms","timestamp":"2026-03-28 15:02:41"}
{"level":"info","message":"OPTIONS /api/appointments/revenue 200 0 - 0.068 ms","timestamp":"2026-03-28 15:02:41"}
{"level":"info","message":"OPTIONS /api/users 200 0 - 0.055 ms","timestamp":"2026-03-28 15:02:41"}
{"level":"info","message":"GET /api/appointments/stats?month=3&year=2026 304 - - 101.487 ms","timestamp":"2026-03-28 15:02:41"}
{"level":"info","message":"GET /api/appointments/stats?month=2&year=2026 304 - - 115.310 ms","timestamp":"2026-03-28 15:02:41"}
{"level":"info","message":"GET /api/appointments/revenue 304 - - 154.754 ms","timestamp":"2026-03-28 15:02:41"}
{"level":"info","message":"GET /api/users 200 - - 261.276 ms","timestamp":"2026-03-28 15:02:41"}
{"level":"info","message":"OPTIONS /api/appointments/stats?month=3&year=2026 200 0 - 0.093 ms","timestamp":"2026-03-28 15:02:51"}
{"level":"info","message":"OPTIONS /api/appointments/stats?month=2&year=2026 200 0 - 0.066 ms","timestamp":"2026-03-28 15:02:51"}
{"level":"info","message":"OPTIONS /api/appointments/revenue 200 0 - 0.048 ms","timestamp":"2026-03-28 15:02:51"}
{"level":"info","message":"OPTIONS /api/users 200 0 - 0.038 ms","timestamp":"2026-03-28 15:02:51"}
{"level":"info","message":"GET /api/appointments/stats?month=2&year=2026 304 - - 92.242 ms","timestamp":"2026-03-28 15:02:51"}
{"level":"info","message":"GET /api/appointments/stats?month=3&year=2026 304 - - 96.807 ms","timestamp":"2026-03-28 15:02:51"}
{"level":"info","message":"GET /api/appointments/revenue 304 - - 155.573 ms","timestamp":"2026-03-28 15:02:51"}
{"level":"info","message":"GET /api/users 200 - - 234.749 ms","timestamp":"2026-03-28 15:02:51"}
{"level":"info","message":"OPTIONS /api/users/all 200 0 - 0.082 ms","timestamp":"2026-03-28 15:03:01"}
{"level":"info","message":"OPTIONS /api/attendance/range?start=2026-02-28T18:30:00.000Z&end=2026-03-31T18:29:59.999Z 200 0 - 0.083 ms","timestamp":"2026-03-28 15:03:01"}
{"level":"info","message":"OPTIONS /api/appointments/stats?month=3&year=2026 200 0 - 0.075 ms","timestamp":"2026-03-28 15:03:01"}
{"level":"info","message":"OPTIONS /api/appointments/stats?month=2&year=2026 200 0 - 0.064 ms","timestamp":"2026-03-28 15:03:01"}
{"level":"info","message":"OPTIONS /api/appointments/revenue 200 0 - 0.130 ms","timestamp":"2026-03-28 15:03:01"}
{"level":"info","message":"OPTIONS /api/users 200 0 - 0.060 ms","timestamp":"2026-03-28 15:03:01"}
{"level":"info","message":"GET /api/users/all 200 - - 224.797 ms","timestamp":"2026-03-28 15:03:01"}
{"level":"info","message":"GET /api/appointments/stats?month=2&year=2026 304 - - 106.105 ms","timestamp":"2026-03-28 15:03:01"}
{"level":"info","message":"GET /api/appointments/stats?month=3&year=2026 304 - - 118.267 ms","timestamp":"2026-03-28 15:03:01"}
{"level":"info","message":"GET /api/attendance/range?start=2026-02-28T18:30:00.000Z&end=2026-03-31T18:29:59.999Z 304 - - 299.138 ms","timestamp":"2026-03-28 15:03:01"}
{"level":"info","message":"GET /api/appointments/revenue 304 - - 163.160 ms","timestamp":"2026-03-28 15:03:01"}
{"level":"info","message":"GET /api/users 200 - - 254.964 ms","timestamp":"2026-03-28 15:03:01"}
{"level":"info","message":"OPTIONS /api/attendance/2026/3 200 0 - 0.064 ms","timestamp":"2026-03-28 15:03:05"}
{"level":"info","message":"GET /api/attendance/2026/3 304 - - 239.443 ms","timestamp":"2026-03-28 15:03:05"}
{"level":"info","message":"OPTIONS /api/appointments/stats?month=3&year=2026 200 0 - 0.061 ms","timestamp":"2026-03-28 15:03:11"}
{"level":"info","message":"OPTIONS /api/appointments/stats?month=2&year=2026 200 0 - 0.535 ms","timestamp":"2026-03-28 15:03:11"}
{"level":"info","message":"OPTIONS /api/appointments/revenue 200 0 - 0.077 ms","timestamp":"2026-03-28 15:03:11"}
{"level":"info","message":"OPTIONS /api/users 200 0 - 0.074 ms","timestamp":"2026-03-28 15:03:11"}
{"level":"info","message":"GET /api/appointments/stats?month=3&year=2026 304 - - 98.200 ms","timestamp":"2026-03-28 15:03:11"}
{"level":"info","message":"GET /api/appointments/stats?month=2&year=2026 304 - - 97.206 ms","timestamp":"2026-03-28 15:03:11"}
{"level":"info","message":"GET /api/appointments/revenue 304 - - 159.720 ms","timestamp":"2026-03-28 15:03:11"}
{"level":"info","message":"GET /api/users 200 - - 255.572 ms","timestamp":"2026-03-28 15:03:11"}
{"level":"info","message":"OPTIONS /api/appointments/stats?month=3&year=2026 200 0 - 0.052 ms","timestamp":"2026-03-28 15:03:21"}
{"level":"info","message":"OPTIONS /api/appointments/stats?month=2&year=2026 200 0 - 0.052 ms","timestamp":"2026-03-28 15:03:21"}
{"level":"info","message":"OPTIONS /api/appointments/revenue 200 0 - 0.030 ms","timestamp":"2026-03-28 15:03:21"}
{"level":"info","message":"OPTIONS /api/users 200 0 - 0.033 ms","timestamp":"2026-03-28 15:03:21"}
{"level":"info","message":"GET /api/appointments/stats?month=3&year=2026 304 - - 100.616 ms","timestamp":"2026-03-28 15:03:21"}
{"level":"info","message":"GET /api/appointments/stats?month=2&year=2026 304 - - 100.696 ms","timestamp":"2026-03-28 15:03:21"}
{"level":"info","message":"GET /api/appointments/revenue 304 - - 144.866 ms","timestamp":"2026-03-28 15:03:21"}
{"level":"info","message":"GET /api/users 304 - - 232.447 ms","timestamp":"2026-03-28 15:03:21"}
{"level":"info","message":"OPTIONS /api/users/all 200 0 - 0.068 ms","timestamp":"2026-03-28 15:03:31"}
{"level":"info","message":"OPTIONS /api/attendance/range?start=2026-02-28T18:30:00.000Z&end=2026-03-31T18:29:59.999Z 200 0 - 0.056 ms","timestamp":"2026-03-28 15:03:31"}
{"level":"info","message":"OPTIONS /api/appointments/stats?month=3&year=2026 200 0 - 0.086 ms","timestamp":"2026-03-28 15:03:31"}
{"level":"info","message":"OPTIONS /api/appointments/stats?month=2&year=2026 200 0 - 0.035 ms","timestamp":"2026-03-28 15:03:31"}
{"level":"info","message":"OPTIONS /api/appointments/revenue 200 0 - 0.048 ms","timestamp":"2026-03-28 15:03:31"}
{"level":"info","message":"OPTIONS /api/users 200 0 - 0.047 ms","timestamp":"2026-03-28 15:03:31"}
{"level":"info","message":"GET /api/appointments/stats?month=2&year=2026 304 - - 96.722 ms","timestamp":"2026-03-28 15:03:31"}
{"level":"info","message":"GET /api/appointments/stats?month=3&year=2026 304 - - 100.150 ms","timestamp":"2026-03-28 15:03:31"}
{"level":"info","message":"GET /api/users/all 200 - - 204.056 ms","timestamp":"2026-03-28 15:03:31"}
{"level":"info","message":"GET /api/appointments/revenue 304 - - 142.850 ms","timestamp":"2026-03-28 15:03:31"}
{"level":"info","message":"GET /api/attendance/range?start=2026-02-28T18:30:00.000Z&end=2026-03-31T18:29:59.999Z 304 - - 256.597 ms","timestamp":"2026-03-28 15:03:31"}
{"level":"info","message":"GET /api/users 304 - - 237.907 ms","timestamp":"2026-03-28 15:03:31"}
{"level":"info","message":"OPTIONS /api/attendance/2026/3 200 0 - 0.123 ms","timestamp":"2026-03-28 15:03:35"}
{"level":"info","message":"GET /api/attendance/2026/3 304 - - 240.603 ms","timestamp":"2026-03-28 15:03:35"}
{"level":"info","message":"OPTIONS /api/users/all 200 0 - 0.061 ms","timestamp":"2026-03-28 15:04:01"}
{"level":"info","message":"OPTIONS /api/attendance/range?start=2026-02-28T18:30:00.000Z&end=2026-03-31T18:29:59.999Z 200 0 - 0.052 ms","timestamp":"2026-03-28 15:04:01"}
{"level":"info","message":"GET /api/users/all 200 - - 195.514 ms","timestamp":"2026-03-28 15:04:01"}
{"level":"info","message":"GET /api/attendance/range?start=2026-02-28T18:30:00.000Z&end=2026-03-31T18:29:59.999Z 304 - - 247.861 ms","timestamp":"2026-03-28 15:04:01"}
{"level":"info","message":"OPTIONS /api/appointments/stats?month=3&year=2026 200 0 - 0.080 ms","timestamp":"2026-03-28 15:04:09"}
{"level":"info","message":"OPTIONS /api/appointments/stats?month=2&year=2026 200 0 - 0.067 ms","timestamp":"2026-03-28 15:04:09"}
{"level":"info","message":"OPTIONS /api/appointments/revenue 200 0 - 0.055 ms","timestamp":"2026-03-28 15:04:09"}
{"level":"info","message":"OPTIONS /api/users 200 0 - 0.046 ms","timestamp":"2026-03-28 15:04:09"}
{"level":"info","message":"OPTIONS /api/attendance/2026/3 200 0 - 0.034 ms","timestamp":"2026-03-28 15:04:09"}
{"level":"info","message":"GET /api/appointments/stats?month=3&year=2026 304 - - 40.003 ms","timestamp":"2026-03-28 15:04:09"}
{"level":"info","message":"GET /api/appointments/stats?month=2&year=2026 304 - - 43.150 ms","timestamp":"2026-03-28 15:04:09"}
{"level":"info","message":"GET /api/appointments/revenue 304 - - 75.296 ms","timestamp":"2026-03-28 15:04:09"}
{"level":"info","message":"GET /api/attendance/2026/3 304 - - 158.024 ms","timestamp":"2026-03-28 15:04:09"}
{"level":"info","message":"GET /api/users 200 - - 178.170 ms","timestamp":"2026-03-28 15:04:09"}
{"level":"info","message":"OPTIONS /api/users/all 200 0 - 0.222 ms","timestamp":"2026-03-28 15:04:31"}
{"level":"info","message":"OPTIONS /api/attendance/range?start=2026-02-28T18:30:00.000Z&end=2026-03-31T18:29:59.999Z 200 0 - 0.103 ms","timestamp":"2026-03-28 15:04:31"}
{"level":"info","message":"GET /api/users/all 200 - - 104.975 ms","timestamp":"2026-03-28 15:04:31"}
{"level":"info","message":"GET /api/attendance/range?start=2026-02-28T18:30:00.000Z&end=2026-03-31T18:29:59.999Z 304 - - 132.909 ms","timestamp":"2026-03-28 15:04:31"}
{"level":"info","message":"OPTIONS /api/users/all 200 0 - 0.100 ms","timestamp":"2026-03-28 15:05:01"}
{"level":"info","message":"OPTIONS /api/attendance/range?start=2026-02-28T18:30:00.000Z&end=2026-03-31T18:29:59.999Z 200 0 - 0.046 ms","timestamp":"2026-03-28 15:05:01"}
{"level":"info","message":"GET /api/users/all 200 - - 102.791 ms","timestamp":"2026-03-28 15:05:01"}
{"level":"info","message":"GET /api/attendance/range?start=2026-02-28T18:30:00.000Z&end=2026-03-31T18:29:59.999Z 304 - - 132.376 ms","timestamp":"2026-03-28 15:05:01"}
{"level":"info","message":"OPTIONS /api/appointments/stats?month=3&year=2026 200 0 - 0.104 ms","timestamp":"2026-03-28 15:05:09"}
{"level":"info","message":"OPTIONS /api/appointments/stats?month=2&year=2026 200 0 - 0.058 ms","timestamp":"2026-03-28 15:05:09"}
{"level":"info","message":"OPTIONS /api/appointments/revenue 200 0 - 0.036 ms","timestamp":"2026-03-28 15:05:09"}
{"level":"info","message":"OPTIONS /api/users 200 0 - 0.047 ms","timestamp":"2026-03-28 15:05:09"}
{"level":"info","message":"OPTIONS /api/attendance/2026/3 200 0 - 0.035 ms","timestamp":"2026-03-28 15:05:09"}
{"level":"info","message":"GET /api/appointments/stats?month=2&year=2026 304 - - 39.345 ms","timestamp":"2026-03-28 15:05:09"}
{"level":"info","message":"GET /api/appointments/stats?month=3&year=2026 304 - - 42.871 ms","timestamp":"2026-03-28 15:05:09"}
{"level":"info","message":"GET /api/appointments/revenue 304 - - 75.033 ms","timestamp":"2026-03-28 15:05:09"}
{"level":"info","message":"GET /api/attendance/2026/3 304 - - 123.934 ms","timestamp":"2026-03-28 15:05:09"}
{"level":"info","message":"GET /api/users 200 - - 120.993 ms","timestamp":"2026-03-28 15:05:09"}
{"level":"info","message":"OPTIONS /api/appointments/stats?month=3&year=2026 200 0 - 0.088 ms","timestamp":"2026-03-28 15:06:09"}
{"level":"info","message":"OPTIONS /api/appointments/stats?month=2&year=2026 200 0 - 0.058 ms","timestamp":"2026-03-28 15:06:09"}
{"level":"info","message":"OPTIONS /api/appointments/revenue 200 0 - 0.036 ms","timestamp":"2026-03-28 15:06:09"}
{"level":"info","message":"OPTIONS /api/users 200 0 - 0.033 ms","timestamp":"2026-03-28 15:06:09"}
{"level":"info","message":"OPTIONS /api/users/all 200 0 - 0.045 ms","timestamp":"2026-03-28 15:06:09"}
{"level":"info","message":"OPTIONS /api/attendance/range?start=2026-02-28T18:30:00.000Z&end=2026-03-31T18:29:59.999Z 200 0 - 0.034 ms","timestamp":"2026-03-28 15:06:09"}
{"level":"info","message":"OPTIONS /api/attendance/2026/3 200 0 - 0.045 ms","timestamp":"2026-03-28 15:06:09"}
{"level":"info","message":"GET /api/appointments/stats?month=3&year=2026 304 - - 39.814 ms","timestamp":"2026-03-28 15:06:09"}
{"level":"info","message":"GET /api/appointments/stats?month=2&year=2026 304 - - 41.107 ms","timestamp":"2026-03-28 15:06:09"}
{"level":"info","message":"GET /api/appointments/revenue 304 - - 76.036 ms","timestamp":"2026-03-28 15:06:09"}
{"level":"info","message":"GET /api/users/all 200 - - 90.667 ms","timestamp":"2026-03-28 15:06:09"}
{"level":"info","message":"GET /api/users 200 - - 110.142 ms","timestamp":"2026-03-28 15:06:09"}
{"level":"info","message":"GET /api/attendance/range?start=2026-02-28T18:30:00.000Z&end=2026-03-31T18:29:59.999Z 304 - - 126.208 ms","timestamp":"2026-03-28 15:06:09"}
{"level":"info","message":"GET /api/attendance/2026/3 304 - - 110.491 ms","timestamp":"2026-03-28 15:06:09"}
{"level":"info","message":"OPTIONS /api/appointments/stats?month=3&year=2026 200 0 - 0.087 ms","timestamp":"2026-03-28 15:07:09"}
{"level":"info","message":"OPTIONS /api/appointments/stats?month=2&year=2026 200 0 - 0.037 ms","timestamp":"2026-03-28 15:07:09"}
{"level":"info","message":"OPTIONS /api/appointments/revenue 200 0 - 0.042 ms","timestamp":"2026-03-28 15:07:09"}
{"level":"info","message":"OPTIONS /api/users 200 0 - 0.032 ms","timestamp":"2026-03-28 15:07:09"}
{"level":"info","message":"OPTIONS /api/users/all 200 0 - 0.034 ms","timestamp":"2026-03-28 15:07:09"}
{"level":"info","message":"OPTIONS /api/attendance/range?start=2026-02-28T18:30:00.000Z&end=2026-03-31T18:29:59.999Z 200 0 - 0.039 ms","timestamp":"2026-03-28 15:07:09"}
{"level":"info","message":"OPTIONS /api/attendance/2026/3 200 0 - 0.046 ms","timestamp":"2026-03-28 15:07:09"}
{"level":"info","message":"GET /api/appointments/stats?month=3&year=2026 304 - - 39.866 ms","timestamp":"2026-03-28 15:07:09"}
{"level":"info","message":"GET /api/appointments/stats?month=2&year=2026 304 - - 40.695 ms","timestamp":"2026-03-28 15:07:09"}
{"level":"info","message":"GET /api/appointments/revenue 304 - - 67.926 ms","timestamp":"2026-03-28 15:07:09"}
{"level":"info","message":"GET /api/users/all 200 - - 91.235 ms","timestamp":"2026-03-28 15:07:09"}
{"level":"info","message":"GET /api/attendance/range?start=2026-02-28T18:30:00.000Z&end=2026-03-31T18:29:59.999Z 304 - - 131.395 ms","timestamp":"2026-03-28 15:07:09"}
{"level":"info","message":"GET /api/users 200 - - 141.209 ms","timestamp":"2026-03-28 15:07:09"}
{"level":"info","message":"GET /api/attendance/2026/3 304 - - 116.372 ms","timestamp":"2026-03-28 15:07:09"}
{"level":"info","message":"OPTIONS /api/appointments/stats?month=3&year=2026 200 0 - 0.097 ms","timestamp":"2026-03-28 15:08:09"}
{"level":"info","message":"OPTIONS /api/appointments/stats?month=2&year=2026 200 0 - 0.038 ms","timestamp":"2026-03-28 15:08:09"}
{"level":"info","message":"OPTIONS /api/appointments/revenue 200 0 - 0.033 ms","timestamp":"2026-03-28 15:08:09"}
{"level":"info","message":"OPTIONS /api/users 200 0 - 0.032 ms","timestamp":"2026-03-28 15:08:09"}
{"level":"info","message":"OPTIONS /api/users/all 200 0 - 0.033 ms","timestamp":"2026-03-28 15:08:09"}
{"level":"info","message":"OPTIONS /api/attendance/range?start=2026-02-28T18:30:00.000Z&end=2026-03-31T18:29:59.999Z 200 0 - 0.070 ms","timestamp":"2026-03-28 15:08:09"}
{"level":"info","message":"OPTIONS /api/attendance/2026/3 200 0 - 0.039 ms","timestamp":"2026-03-28 15:08:09"}
{"level":"info","message":"GET /api/appointments/stats?month=2&year=2026 304 - - 41.105 ms","timestamp":"2026-03-28 15:08:09"}
{"level":"info","message":"GET /api/appointments/stats?month=3&year=2026 304 - - 48.896 ms","timestamp":"2026-03-28 15:08:09"}
{"level":"info","message":"GET /api/appointments/revenue 304 - - 66.510 ms","timestamp":"2026-03-28 15:08:09"}
{"level":"info","message":"GET /api/users/all 200 - - 96.635 ms","timestamp":"2026-03-28 15:08:09"}
{"level":"info","message":"GET /api/users 200 - - 112.777 ms","timestamp":"2026-03-28 15:08:09"}
{"level":"info","message":"GET /api/attendance/range?start=2026-02-28T18:30:00.000Z&end=2026-03-31T18:29:59.999Z 304 - - 133.488 ms","timestamp":"2026-03-28 15:08:09"}
{"level":"info","message":"GET /api/attendance/2026/3 304 - - 112.769 ms","timestamp":"2026-03-28 15:08:09"}
{"level":"info","message":"OPTIONS /api/appointments/stats?month=3&year=2026 200 0 - 0.100 ms","timestamp":"2026-03-28 15:09:09"}
{"level":"info","message":"OPTIONS /api/appointments/stats?month=2&year=2026 200 0 - 0.062 ms","timestamp":"2026-03-28 15:09:09"}
{"level":"info","message":"OPTIONS /api/appointments/revenue 200 0 - 0.079 ms","timestamp":"2026-03-28 15:09:09"}
{"level":"info","message":"OPTIONS /api/users 200 0 - 0.038 ms","timestamp":"2026-03-28 15:09:09"}
{"level":"info","message":"OPTIONS /api/users/all 200 0 - 0.032 ms","timestamp":"2026-03-28 15:09:09"}
{"level":"info","message":"OPTIONS /api/attendance/range?start=2026-02-28T18:30:00.000Z&end=2026-03-31T18:29:59.999Z 200 0 - 0.057 ms","timestamp":"2026-03-28 15:09:09"}
{"level":"info","message":"OPTIONS /api/attendance/2026/3 200 0 - 0.040 ms","timestamp":"2026-03-28 15:09:09"}
{"level":"info","message":"GET /api/appointments/stats?month=3&year=2026 304 - - 41.367 ms","timestamp":"2026-03-28 15:09:09"}
{"level":"info","message":"GET /api/appointments/stats?month=2&year=2026 304 - - 41.843 ms","timestamp":"2026-03-28 15:09:09"}
{"level":"info","message":"GET /api/appointments/revenue 304 - - 63.570 ms","timestamp":"2026-03-28 15:09:09"}
{"level":"info","message":"GET /api/attendance/range?start=2026-02-28T18:30:00.000Z&end=2026-03-31T18:29:59.999Z 304 - - 115.495 ms","timestamp":"2026-03-28 15:09:09"}
{"level":"info","message":"GET /api/users/all 200 - - 102.556 ms","timestamp":"2026-03-28 15:09:09"}
{"level":"info","message":"GET /api/users 200 - - 111.821 ms","timestamp":"2026-03-28 15:09:09"}
{"level":"info","message":"GET /api/attendance/2026/3 304 - - 118.186 ms","timestamp":"2026-03-28 15:09:09"}
{"level":"info","message":"OPTIONS /api/appointments/stats?month=3&year=2026 200 0 - 0.081 ms","timestamp":"2026-03-28 15:10:09"}
{"level":"info","message":"OPTIONS /api/appointments/stats?month=2&year=2026 200 0 - 0.091 ms","timestamp":"2026-03-28 15:10:09"}
{"level":"info","message":"OPTIONS /api/appointments/revenue 200 0 - 0.037 ms","timestamp":"2026-03-28 15:10:09"}
{"level":"info","message":"OPTIONS /api/users 200 0 - 0.035 ms","timestamp":"2026-03-28 15:10:09"}
{"level":"info","message":"OPTIONS /api/users/all 200 0 - 0.036 ms","timestamp":"2026-03-28 15:10:09"}
{"level":"info","message":"OPTIONS /api/attendance/range?start=2026-02-28T18:30:00.000Z&end=2026-03-31T18:29:59.999Z 200 0 - 0.035 ms","timestamp":"2026-03-28 15:10:09"}
{"level":"info","message":"OPTIONS /api/attendance/2026/3 200 0 - 0.045 ms","timestamp":"2026-03-28 15:10:09"}
{"level":"info","message":"GET /api/appointments/stats?month=3&year=2026 304 - - 40.151 ms","timestamp":"2026-03-28 15:10:09"}
{"level":"info","message":"GET /api/appointments/stats?month=2&year=2026 304 - - 39.616 ms","timestamp":"2026-03-28 15:10:09"}
{"level":"info","message":"GET /api/appointments/revenue 304 - - 80.613 ms","timestamp":"2026-03-28 15:10:09"}
{"level":"info","message":"GET /api/users/all 200 - - 92.956 ms","timestamp":"2026-03-28 15:10:09"}
{"level":"info","message":"GET /api/users 200 - - 111.257 ms","timestamp":"2026-03-28 15:10:09"}
{"level":"info","message":"GET /api/attendance/range?start=2026-02-28T18:30:00.000Z&end=2026-03-31T18:29:59.999Z 304 - - 120.912 ms","timestamp":"2026-03-28 15:10:09"}
{"level":"info","message":"GET /api/attendance/2026/3 304 - - 120.935 ms","timestamp":"2026-03-28 15:10:09"}
{"level":"info","message":"OPTIONS /api/appointments/stats?month=3&year=2026 200 0 - 0.111 ms","timestamp":"2026-03-28 15:11:09"}
{"level":"info","message":"OPTIONS /api/appointments/stats?month=2&year=2026 200 0 - 0.040 ms","timestamp":"2026-03-28 15:11:09"}
{"level":"info","message":"OPTIONS /api/appointments/revenue 200 0 - 0.025 ms","timestamp":"2026-03-28 15:11:09"}
{"level":"info","message":"OPTIONS /api/users 200 0 - 0.036 ms","timestamp":"2026-03-28 15:11:09"}
{"level":"info","message":"OPTIONS /api/users/all 200 0 - 0.029 ms","timestamp":"2026-03-28 15:11:09"}
{"level":"info","message":"OPTIONS /api/attendance/range?start=2026-02-28T18:30:00.000Z&end=2026-03-31T18:29:59.999Z 200 0 - 0.037 ms","timestamp":"2026-03-28 15:11:09"}
{"level":"info","message":"OPTIONS /api/attendance/2026/3 200 0 - 0.034 ms","timestamp":"2026-03-28 15:11:09"}
{"level":"info","message":"GET /api/appointments/stats?month=3&year=2026 304 - - 41.543 ms","timestamp":"2026-03-28 15:11:09"}
{"level":"info","message":"GET /api/appointments/stats?month=2&year=2026 304 - - 43.334 ms","timestamp":"2026-03-28 15:11:09"}
{"level":"info","message":"GET /api/appointments/revenue 304 - - 65.716 ms","timestamp":"2026-03-28 15:11:09"}
{"level":"info","message":"GET /api/users/all 200 - - 92.968 ms","timestamp":"2026-03-28 15:11:09"}
{"level":"info","message":"GET /api/attendance/range?start=2026-02-28T18:30:00.000Z&end=2026-03-31T18:29:59.999Z 304 - - 122.393 ms","timestamp":"2026-03-28 15:11:09"}
{"level":"info","message":"GET /api/users 200 - - 142.231 ms","timestamp":"2026-03-28 15:11:09"}
{"level":"info","message":"GET /api/attendance/2026/3 304 - - 134.223 ms","timestamp":"2026-03-28 15:11:09"}
{"level":"info","message":"OPTIONS /api/appointments/stats?month=3&year=2026 200 0 - 0.097 ms","timestamp":"2026-03-28 15:11:53"}
{"level":"info","message":"OPTIONS /api/appointments/stats?month=2&year=2026 200 0 - 0.042 ms","timestamp":"2026-03-28 15:11:53"}
{"level":"info","message":"OPTIONS /api/appointments/revenue 200 0 - 0.025 ms","timestamp":"2026-03-28 15:11:53"}
{"level":"info","message":"OPTIONS /api/users 200 0 - 0.031 ms","timestamp":"2026-03-28 15:11:53"}
{"level":"info","message":"OPTIONS /api/users/all 200 0 - 0.052 ms","timestamp":"2026-03-28 15:11:53"}
{"level":"info","message":"OPTIONS /api/attendance/range?start=2026-02-28T18:30:00.000Z&end=2026-03-31T18:29:59.999Z 200 0 - 0.050 ms","timestamp":"2026-03-28 15:11:53"}
{"level":"info","message":"OPTIONS /api/attendance/2026/3 200 0 - 0.068 ms","timestamp":"2026-03-28 15:11:53"}
{"level":"info","message":"GET /api/appointments/stats?month=3&year=2026 304 - - 41.756 ms","timestamp":"2026-03-28 15:11:53"}
{"level":"info","message":"GET /api/appointments/stats?month=2&year=2026 304 - - 50.048 ms","timestamp":"2026-03-28 15:11:53"}
{"level":"info","message":"GET /api/appointments/revenue 304 - - 66.178 ms","timestamp":"2026-03-28 15:11:53"}
{"level":"info","message":"GET /api/users/all 200 - - 94.548 ms","timestamp":"2026-03-28 15:11:53"}
{"level":"info","message":"GET /api/attendance/range?start=2026-02-28T18:30:00.000Z&end=2026-03-31T18:29:59.999Z 304 - - 132.391 ms","timestamp":"2026-03-28 15:11:53"}
{"level":"info","message":"GET /api/users 200 - - 122.605 ms","timestamp":"2026-03-28 15:11:53"}
{"level":"info","message":"GET /api/attendance/2026/3 304 - - 125.582 ms","timestamp":"2026-03-28 15:11:53"}
{"level":"info","message":"OPTIONS /api/calls/sip-config 200 0 - 0.084 ms","timestamp":"2026-03-28 15:11:57"}
{"level":"info","message":"OPTIONS /api/messages/unread-count 200 0 - 0.075 ms","timestamp":"2026-03-28 15:11:57"}
{"level":"info","message":"OPTIONS /api/calls/sip-config 200 0 - 0.082 ms","timestamp":"2026-03-28 15:11:57"}
{"level":"info","message":"OPTIONS /api/messages/unread-count 200 0 - 0.067 ms","timestamp":"2026-03-28 15:11:57"}
{"level":"info","message":"GET /api/calls/sip-config 304 - - 28.582 ms","timestamp":"2026-03-28 15:11:57"}
{"level":"info","message":"GET /api/messages/unread-count 304 - - 45.384 ms","timestamp":"2026-03-28 15:11:57"}
{"level":"info","message":"GET /api/calls/sip-config 304 - - 24.552 ms","timestamp":"2026-03-28 15:11:57"}
{"level":"info","message":"GET /api/messages/unread-count 304 - - 45.114 ms","timestamp":"2026-03-28 15:11:57"}
{"level":"info","message":"OPTIONS /api/appointments/revenue/reports 200 0 - 0.079 ms","timestamp":"2026-03-28 15:11:57"}
{"level":"info","message":"OPTIONS /api/appointments/all 200 0 - 0.066 ms","timestamp":"2026-03-28 15:11:57"}
{"level":"info","message":"OPTIONS /api/tasks 200 0 - 0.083 ms","timestamp":"2026-03-28 15:11:57"}
{"level":"info","message":"OPTIONS /api/admin-status 200 0 - 0.053 ms","timestamp":"2026-03-28 15:11:57"}
{"level":"info","message":"GET /api/appointments/revenue/reports 304 - - 42.234 ms","timestamp":"2026-03-28 15:11:57"}
{"level":"info","message":"GET /api/tasks 304 - - 70.191 ms","timestamp":"2026-03-28 15:11:58"}
{"level":"info","message":"GET /api/appointments/stats?month=3&year=2026 304 - - 65.142 ms","timestamp":"2026-03-28 15:11:58"}
{"level":"info","message":"GET /api/appointments/all 304 - - 142.160 ms","timestamp":"2026-03-28 15:11:58"}
{"level":"info","message":"GET /api/users/all 200 - - 95.106 ms","timestamp":"2026-03-28 15:11:58"}
{"level":"info","message":"GET /api/attendance/2026/3 304 - - 161.275 ms","timestamp":"2026-03-28 15:11:58"}
{"level":"info","message":"GET /api/admin-status 200 48 - 85.855 ms","timestamp":"2026-03-28 15:11:58"}
{"level":"info","message":"GET /api/attendance/range?start=2026-02-28T18:30:00.000Z&end=2026-03-31T18:29:59.999Z 304 - - 164.248 ms","timestamp":"2026-03-28 15:11:58"}
{"level":"info","message":"GET /api/appointments/stats?month=2&year=2026 304 - - 58.487 ms","timestamp":"2026-03-28 15:11:58"}
{"level":"info","message":"GET /api/appointments/stats?month=3&year=2026 304 - - 50.902 ms","timestamp":"2026-03-28 15:11:58"}
{"level":"info","message":"GET /api/appointments/revenue/reports 304 - - 57.415 ms","timestamp":"2026-03-28 15:11:58"}
{"level":"info","message":"GET /api/appointments/revenue 304 - - 86.180 ms","timestamp":"2026-03-28 15:11:58"}
{"level":"info","message":"GET /api/tasks 304 - - 79.728 ms","timestamp":"2026-03-28 15:11:58"}
{"level":"info","message":"GET /api/users 200 - - 81.978 ms","timestamp":"2026-03-28 15:11:58"}
{"level":"info","message":"GET /api/users/all 304 - - 97.031 ms","timestamp":"2026-03-28 15:11:58"}
{"level":"info","message":"GET /api/admin-status 304 - - 50.661 ms","timestamp":"2026-03-28 15:11:58"}
{"level":"info","message":"GET /api/appointments/stats?month=2&year=2026 304 - - 56.904 ms","timestamp":"2026-03-28 15:11:58"}
{"level":"info","message":"GET /api/appointments/all 304 - - 128.365 ms","timestamp":"2026-03-28 15:11:58"}
{"level":"info","message":"GET /api/attendance/range?start=2026-02-28T18:30:00.000Z&end=2026-03-31T18:29:59.999Z 304 - - 110.240 ms","timestamp":"2026-03-28 15:11:58"}
{"level":"info","message":"GET /api/appointments/revenue 304 - - 78.807 ms","timestamp":"2026-03-28 15:11:58"}
{"level":"info","message":"GET /api/attendance/2026/3 304 - - 135.852 ms","timestamp":"2026-03-28 15:11:58"}
{"level":"info","message":"GET /api/tasks 304 - - 80.368 ms","timestamp":"2026-03-28 15:11:58"}
{"level":"info","message":"GET /api/users 304 - - 109.234 ms","timestamp":"2026-03-28 15:11:58"}
{"level":"info","message":"GET /api/tasks 304 - - 64.775 ms","timestamp":"2026-03-28 15:11:58"}
{"level":"info","message":"OPTIONS /api/leads 200 0 - 0.074 ms","timestamp":"2026-03-28 15:12:12"}
{"level":"info","message":"OPTIONS /api/leads 200 0 - 0.047 ms","timestamp":"2026-03-28 15:12:12"}
{"level":"info","message":"GET /api/leads 200 - - 121.791 ms","timestamp":"2026-03-28 15:12:12"}
{"level":"info","message":"GET /api/leads 304 - - 78.994 ms","timestamp":"2026-03-28 15:12:12"}
{"level":"info","message":"OPTIONS /api/calls/daily-stats 200 0 - 0.052 ms","timestamp":"2026-03-28 15:12:13"}
{"level":"info","message":"OPTIONS /api/calls/daily-stats 200 0 - 0.026 ms","timestamp":"2026-03-28 15:12:13"}
{"level":"info","message":"GET /api/calls/daily-stats 200 368 - 42.909 ms","timestamp":"2026-03-28 15:12:13"}
{"level":"info","message":"GET /api/calls/daily-stats 200 368 - 42.082 ms","timestamp":"2026-03-28 15:12:13"}
{"level":"info","message":"OPTIONS /api/appointments/revenue/reports 200 0 - 0.067 ms","timestamp":"2026-03-28 15:12:14"}
{"level":"info","message":"OPTIONS /api/appointments/all 200 0 - 0.054 ms","timestamp":"2026-03-28 15:12:14"}
{"level":"info","message":"OPTIONS /api/tasks 200 0 - 0.071 ms","timestamp":"2026-03-28 15:12:14"}
{"level":"info","message":"OPTIONS /api/users/all 200 0 - 0.058 ms","timestamp":"2026-03-28 15:12:14"}
{"level":"info","message":"OPTIONS /api/attendance/range?start=2026-02-28T18:30:00.000Z&end=2026-03-31T18:29:59.999Z 200 0 - 0.035 ms","timestamp":"2026-03-28 15:12:14"}
{"level":"info","message":"OPTIONS /api/admin-status 200 0 - 0.038 ms","timestamp":"2026-03-28 15:12:14"}
{"level":"info","message":"OPTIONS /api/appointments/stats?month=3&year=2026 200 0 - 0.067 ms","timestamp":"2026-03-28 15:12:14"}
{"level":"info","message":"OPTIONS /api/appointments/stats?month=2&year=2026 200 0 - 0.056 ms","timestamp":"2026-03-28 15:12:14"}
{"level":"info","message":"OPTIONS /api/appointments/revenue 200 0 - 0.045 ms","timestamp":"2026-03-28 15:12:14"}
{"level":"info","message":"OPTIONS /api/users 200 0 - 0.052 ms","timestamp":"2026-03-28 15:12:14"}
{"level":"info","message":"GET /api/appointments/revenue/reports 304 - - 42.959 ms","timestamp":"2026-03-28 15:12:14"}
{"level":"info","message":"GET /api/admin-status 304 - - 45.150 ms","timestamp":"2026-03-28 15:12:14"}
{"level":"info","message":"GET /api/tasks 304 - - 73.932 ms","timestamp":"2026-03-28 15:12:14"}
{"level":"info","message":"GET /api/appointments/stats?month=3&year=2026 304 - - 64.122 ms","timestamp":"2026-03-28 15:12:14"}
{"level":"info","message":"GET /api/appointments/stats?month=2&year=2026 304 - - 67.815 ms","timestamp":"2026-03-28 15:12:14"}
{"level":"info","message":"GET /api/appointments/all 304 - - 138.631 ms","timestamp":"2026-03-28 15:12:14"}
{"level":"info","message":"GET /api/users/all 200 - - 109.356 ms","timestamp":"2026-03-28 15:12:14"}
{"level":"info","message":"GET /api/attendance/range?start=2026-02-28T18:30:00.000Z&end=2026-03-31T18:29:59.999Z 304 - - 152.350 ms","timestamp":"2026-03-28 15:12:14"}
{"level":"info","message":"GET /api/appointments/revenue 304 - - 110.932 ms","timestamp":"2026-03-28 15:12:14"}
{"level":"info","message":"GET /api/appointments/revenue/reports 304 - - 53.419 ms","timestamp":"2026-03-28 15:12:14"}
{"level":"info","message":"GET /api/admin-status 304 - - 52.722 ms","timestamp":"2026-03-28 15:12:14"}
{"level":"info","message":"GET /api/appointments/stats?month=3&year=2026 304 - - 41.647 ms","timestamp":"2026-03-28 15:12:14"}
{"level":"info","message":"GET /api/tasks 304 - - 77.038 ms","timestamp":"2026-03-28 15:12:14"}
{"level":"info","message":"GET /api/appointments/stats?month=2&year=2026 304 - - 49.330 ms","timestamp":"2026-03-28 15:12:14"}
{"level":"info","message":"GET /api/users/all 304 - - 76.385 ms","timestamp":"2026-03-28 15:12:14"}
{"level":"info","message":"GET /api/appointments/revenue 304 - - 97.414 ms","timestamp":"2026-03-28 15:12:14"}
{"level":"info","message":"GET /api/appointments/all 304 - - 178.802 ms","timestamp":"2026-03-28 15:12:14"}
{"level":"info","message":"GET /api/users 200 - - 164.316 ms","timestamp":"2026-03-28 15:12:14"}
{"level":"info","message":"GET /api/tasks 304 - - 141.350 ms","timestamp":"2026-03-28 15:12:14"}
{"level":"info","message":"GET /api/attendance/range?start=2026-02-28T18:30:00.000Z&end=2026-03-31T18:29:59.999Z 304 - - 172.335 ms","timestamp":"2026-03-28 15:12:14"}
{"level":"info","message":"GET /api/users 304 - - 87.572 ms","timestamp":"2026-03-28 15:12:14"}
{"level":"info","message":"GET /api/tasks 304 - - 76.962 ms","timestamp":"2026-03-28 15:12:14"}
{"level":"info","message":"OPTIONS /api/calls/sip-config 200 0 - 0.185 ms","timestamp":"2026-03-28 15:12:15"}
{"level":"info","message":"OPTIONS /api/messages/unread-count 200 0 - 0.088 ms","timestamp":"2026-03-28 15:12:15"}
{"level":"info","message":"OPTIONS /api/calls/sip-config 200 0 - 0.085 ms","timestamp":"2026-03-28 15:12:15"}
{"level":"info","message":"OPTIONS /api/messages/unread-count 200 0 - 0.102 ms","timestamp":"2026-03-28 15:12:15"}
{"level":"info","message":"GET /api/calls/sip-config 304 - - 42.674 ms","timestamp":"2026-03-28 15:12:15"}
{"level":"info","message":"GET /api/messages/unread-count 304 - - 50.748 ms","timestamp":"2026-03-28 15:12:15"}
{"level":"info","message":"GET /api/calls/sip-config 304 - - 24.812 ms","timestamp":"2026-03-28 15:12:15"}
{"level":"info","message":"GET /api/messages/unread-count 304 - - 51.064 ms","timestamp":"2026-03-28 15:12:16"}
{"level":"info","message":"OPTIONS /api/attendance/2026/3 200 0 - 0.097 ms","timestamp":"2026-03-28 15:12:16"}
{"level":"info","message":"GET /api/appointments/revenue/reports 304 - - 42.305 ms","timestamp":"2026-03-28 15:12:16"}
{"level":"info","message":"GET /api/tasks 304 - - 69.119 ms","timestamp":"2026-03-28 15:12:16"}
{"level":"info","message":"GET /api/admin-status 304 - - 41.976 ms","timestamp":"2026-03-28 15:12:16"}
{"level":"info","message":"GET /api/attendance/range?start=2026-02-28T18:30:00.000Z&end=2026-03-31T18:29:59.999Z 304 - - 135.632 ms","timestamp":"2026-03-28 15:12:16"}
{"level":"info","message":"GET /api/appointments/stats?month=3&year=2026 304 - - 63.644 ms","timestamp":"2026-03-28 15:12:16"}
{"level":"info","message":"GET /api/users/all 200 - - 97.753 ms","timestamp":"2026-03-28 15:12:16"}
{"level":"info","message":"GET /api/appointments/all 304 - - 154.308 ms","timestamp":"2026-03-28 15:12:16"}
{"level":"info","message":"GET /api/attendance/2026/3 304 - - 162.291 ms","timestamp":"2026-03-28 15:12:16"}
{"level":"info","message":"GET /api/appointments/stats?month=2&year=2026 304 - - 78.795 ms","timestamp":"2026-03-28 15:12:16"}
{"level":"info","message":"GET /api/appointments/revenue/reports 304 - - 46.804 ms","timestamp":"2026-03-28 15:12:16"}
{"level":"info","message":"GET /api/admin-status 304 - - 41.403 ms","timestamp":"2026-03-28 15:12:16"}
{"level":"info","message":"GET /api/appointments/revenue 304 - - 72.295 ms","timestamp":"2026-03-28 15:12:16"}
{"level":"info","message":"GET /api/tasks 304 - - 70.840 ms","timestamp":"2026-03-28 15:12:16"}
{"level":"info","message":"GET /api/users 200 - - 78.535 ms","timestamp":"2026-03-28 15:12:16"}
{"level":"info","message":"GET /api/appointments/stats?month=3&year=2026 304 - - 42.685 ms","timestamp":"2026-03-28 15:12:16"}
{"level":"info","message":"GET /api/attendance/range?start=2026-02-28T18:30:00.000Z&end=2026-03-31T18:29:59.999Z 304 - - 117.543 ms","timestamp":"2026-03-28 15:12:16"}
{"level":"info","message":"GET /api/appointments/stats?month=2&year=2026 304 - - 58.640 ms","timestamp":"2026-03-28 15:12:16"}
{"level":"info","message":"GET /api/users/all 304 - - 102.398 ms","timestamp":"2026-03-28 15:12:16"}
{"level":"info","message":"GET /api/appointments/revenue 304 - - 85.136 ms","timestamp":"2026-03-28 15:12:16"}
{"level":"info","message":"GET /api/appointments/all 304 - - 148.899 ms","timestamp":"2026-03-28 15:12:16"}
{"level":"info","message":"GET /api/attendance/2026/3 304 - - 138.400 ms","timestamp":"2026-03-28 15:12:16"}
{"level":"info","message":"GET /api/tasks 304 - - 80.938 ms","timestamp":"2026-03-28 15:12:16"}
{"level":"info","message":"GET /api/users 304 - - 100.931 ms","timestamp":"2026-03-28 15:12:16"}
{"level":"info","message":"GET /api/tasks 304 - - 85.147 ms","timestamp":"2026-03-28 15:12:16"}
{"level":"info","message":"OPTIONS /api/appointments/stats?month=3&year=2026 200 0 - 0.121 ms","timestamp":"2026-03-28 15:12:26"}
{"level":"info","message":"OPTIONS /api/appointments/stats?month=2&year=2026 200 0 - 0.076 ms","timestamp":"2026-03-28 15:12:26"}
{"level":"info","message":"OPTIONS /api/appointments/revenue 200 0 - 0.038 ms","timestamp":"2026-03-28 15:12:26"}
{"level":"info","message":"OPTIONS /api/users 200 0 - 0.034 ms","timestamp":"2026-03-28 15:12:26"}
{"level":"info","message":"GET /api/appointments/stats?month=2&year=2026 304 - - 40.185 ms","timestamp":"2026-03-28 15:12:26"}
{"level":"info","message":"GET /api/appointments/stats?month=3&year=2026 304 - - 47.612 ms","timestamp":"2026-03-28 15:12:26"}
{"level":"info","message":"GET /api/appointments/revenue 304 - - 69.650 ms","timestamp":"2026-03-28 15:12:26"}
{"level":"info","message":"GET /api/users 304 - - 113.349 ms","timestamp":"2026-03-28 15:12:26"}
{"level":"info","message":"OPTIONS /api/calls/sip-config 200 0 - 0.172 ms","timestamp":"2026-03-28 15:12:34"}
{"level":"info","message":"OPTIONS /api/messages/unread-count 200 0 - 0.091 ms","timestamp":"2026-03-28 15:12:34"}
{"level":"info","message":"GET /api/calls/sip-config 304 - - 23.093 ms","timestamp":"2026-03-28 15:12:34"}
{"level":"info","message":"GET /api/messages/unread-count 304 - - 44.494 ms","timestamp":"2026-03-28 15:12:34"}
{"level":"info","message":"GET /api/calls/sip-config 304 - - 22.697 ms","timestamp":"2026-03-28 15:12:34"}
{"level":"info","message":"GET /api/messages/unread-count 304 - - 44.610 ms","timestamp":"2026-03-28 15:12:34"}
{"level":"info","message":"OPTIONS /api/attendance/2026/3 200 0 - 0.077 ms","timestamp":"2026-03-28 15:12:35"}
{"level":"info","message":"OPTIONS /api/users 200 0 - 0.055 ms","timestamp":"2026-03-28 15:12:35"}
{"level":"info","message":"OPTIONS /api/telecaller-leads/stats 200 0 - 0.076 ms","timestamp":"2026-03-28 15:12:35"}
{"level":"info","message":"OPTIONS /api/attendance/2026/3 200 0 - 0.056 ms","timestamp":"2026-03-28 15:12:35"}
{"level":"info","message":"OPTIONS /api/telecaller-leads/stats 200 0 - 0.066 ms","timestamp":"2026-03-28 15:12:35"}
{"level":"info","message":"GET /api/telecaller-leads/stats 200 466 - 46.537 ms","timestamp":"2026-03-28 15:12:35"}
{"level":"info","message":"GET /api/telecaller-leads/stats 200 466 - 47.411 ms","timestamp":"2026-03-28 15:12:35"}
{"level":"info","message":"GET /api/attendance/2026/3 304 - - 135.456 ms","timestamp":"2026-03-28 15:12:35"}
{"level":"info","message":"GET /api/users 200 - - 123.229 ms","timestamp":"2026-03-28 15:12:35"}
{"level":"info","message":"GET /api/attendance/2026/3 304 - - 95.181 ms","timestamp":"2026-03-28 15:12:35"}
{"level":"info","message":"OPTIONS /api/telecaller-leads/assigned/68fcc5bfb85c2281711925bb 200 0 - 0.088 ms","timestamp":"2026-03-28 15:12:46"}
{"level":"info","message":"DELETE /api/telecaller-leads/assigned/68fcc5bfb85c2281711925bb 404 196 - 1.157 ms","timestamp":"2026-03-28 15:12:46"}
{"level":"info","message":"OPTIONS /api/telecaller-leads/assigned/68fcc5bfb85c2281711925bb 200 0 - 0.101 ms","timestamp":"2026-03-28 15:12:57"}
{"level":"info","message":"DELETE /api/telecaller-leads/assigned/68fcc5bfb85c2281711925bb 404 196 - 0.598 ms","timestamp":"2026-03-28 15:12:57"}
{"level":"info","message":"OPTIONS /api/attendance/2026/3 200 0 - 0.095 ms","timestamp":"2026-03-28 15:13:05"}
{"level":"info","message":"OPTIONS /api/telecaller-leads/stats 200 0 - 0.126 ms","timestamp":"2026-03-28 15:13:05"}
{"level":"info","message":"GET /api/telecaller-leads/stats 200 466 - 46.396 ms","timestamp":"2026-03-28 15:13:05"}
{"level":"info","message":"GET /api/attendance/2026/3 304 - - 120.547 ms","timestamp":"2026-03-28 15:13:05"}
{"level":"info","message":"OPTIONS /api/attendance/2026/3 200 0 - 0.042 ms","timestamp":"2026-03-28 15:13:35"}
{"level":"info","message":"OPTIONS /api/telecaller-leads/stats 200 0 - 0.063 ms","timestamp":"2026-03-28 15:13:35"}
{"level":"info","message":"GET /api/telecaller-leads/stats 200 466 - 48.001 ms","timestamp":"2026-03-28 15:13:35"}
{"level":"info","message":"GET /api/attendance/2026/3 304 - - 113.995 ms","timestamp":"2026-03-28 15:13:35"}
{"level":"info","message":"OPTIONS /api/attendance/2026/3 200 0 - 0.106 ms","timestamp":"2026-03-28 15:14:05"}
{"level":"info","message":"OPTIONS /api/telecaller-leads/stats 200 0 - 0.081 ms","timestamp":"2026-03-28 15:14:05"}
{"level":"info","message":"GET /api/telecaller-leads/stats 200 466 - 49.129 ms","timestamp":"2026-03-28 15:14:05"}
{"level":"info","message":"GET /api/attendance/2026/3 304 - - 120.178 ms","timestamp":"2026-03-28 15:14:05"}
{"level":"info","message":"OPTIONS /api/attendance/2026/3 200 0 - 0.226 ms","timestamp":"2026-03-28 15:14:35"}
{"level":"info","message":"OPTIONS /api/telecaller-leads/stats 200 0 - 0.113 ms","timestamp":"2026-03-28 15:14:35"}
{"level":"info","message":"GET /api/telecaller-leads/stats 200 466 - 54.262 ms","timestamp":"2026-03-28 15:14:35"}
{"level":"info","message":"GET /api/attendance/2026/3 304 - - 140.688 ms","timestamp":"2026-03-28 15:14:35"}
{"level":"info","message":"OPTIONS /api/calls/sip-config 200 0 - 0.057 ms","timestamp":"2026-03-28 15:14:53"}
{"level":"info","message":"OPTIONS /api/messages/unread-count 200 0 - 0.059 ms","timestamp":"2026-03-28 15:14:53"}
{"level":"info","message":"OPTIONS /api/calls/sip-config 200 0 - 0.039 ms","timestamp":"2026-03-28 15:14:53"}
{"level":"info","message":"OPTIONS /api/messages/unread-count 200 0 - 0.055 ms","timestamp":"2026-03-28 15:14:53"}
{"level":"info","message":"GET /api/calls/sip-config 304 - - 41.407 ms","timestamp":"2026-03-28 15:14:53"}
{"level":"info","message":"GET /api/messages/unread-count 304 - - 60.125 ms","timestamp":"2026-03-28 15:14:53"}
{"level":"info","message":"GET /api/calls/sip-config 304 - - 29.012 ms","timestamp":"2026-03-28 15:14:53"}
{"level":"info","message":"GET /api/messages/unread-count 304 - - 42.123 ms","timestamp":"2026-03-28 15:14:53"}
{"level":"info","message":"OPTIONS /api/attendance/2026/3 200 0 - 0.099 ms","timestamp":"2026-03-28 15:14:53"}
{"level":"info","message":"OPTIONS /api/users 200 0 - 0.100 ms","timestamp":"2026-03-28 15:14:53"}
{"level":"info","message":"OPTIONS /api/telecaller-leads/stats 200 0 - 0.186 ms","timestamp":"2026-03-28 15:14:53"}
{"level":"info","message":"GET /api/telecaller-leads/stats 200 466 - 49.673 ms","timestamp":"2026-03-28 15:14:53"}
{"level":"info","message":"GET /api/telecaller-leads/stats 200 466 - 48.245 ms","timestamp":"2026-03-28 15:14:54"}
{"level":"info","message":"GET /api/attendance/2026/3 304 - - 119.706 ms","timestamp":"2026-03-28 15:14:54"}
{"level":"info","message":"GET /api/users 200 - - 125.118 ms","timestamp":"2026-03-28 15:14:54"}
{"level":"info","message":"GET /api/attendance/2026/3 304 - - 108.850 ms","timestamp":"2026-03-28 15:14:54"}
{"level":"info","message":"GET /api/calls/sip-config 304 - - 22.991 ms","timestamp":"2026-03-28 15:14:55"}
{"level":"info","message":"GET /api/calls/sip-config 304 - - 23.169 ms","timestamp":"2026-03-28 15:14:55"}
{"level":"info","message":"GET /api/messages/unread-count 304 - - 51.896 ms","timestamp":"2026-03-28 15:14:55"}
{"level":"info","message":"GET /api/messages/unread-count 304 - - 47.165 ms","timestamp":"2026-03-28 15:14:55"}
{"level":"info","message":"OPTIONS /api/appointments/revenue/reports 200 0 - 0.139 ms","timestamp":"2026-03-28 15:14:56"}
{"level":"info","message":"OPTIONS /api/appointments/all 200 0 - 0.063 ms","timestamp":"2026-03-28 15:14:56"}
{"level":"info","message":"OPTIONS /api/tasks 200 0 - 0.062 ms","timestamp":"2026-03-28 15:14:56"}
{"level":"info","message":"OPTIONS /api/users/all 200 0 - 0.083 ms","timestamp":"2026-03-28 15:14:56"}
{"level":"info","message":"OPTIONS /api/attendance/range?start=2026-02-28T18:30:00.000Z&end=2026-03-31T18:29:59.999Z 200 0 - 0.045 ms","timestamp":"2026-03-28 15:14:56"}
{"level":"info","message":"OPTIONS /api/admin-status 200 0 - 0.052 ms","timestamp":"2026-03-28 15:14:56"}
{"level":"info","message":"OPTIONS /api/appointments/stats?month=3&year=2026 200 0 - 0.063 ms","timestamp":"2026-03-28 15:14:56"}
{"level":"info","message":"OPTIONS /api/appointments/stats?month=2&year=2026 200 0 - 0.059 ms","timestamp":"2026-03-28 15:14:56"}
{"level":"info","message":"OPTIONS /api/appointments/revenue 200 0 - 0.074 ms","timestamp":"2026-03-28 15:14:56"}
{"level":"info","message":"OPTIONS /api/appointments/revenue 200 0 - 0.074 ms","timestamp":"2026-03-28 15:14:56"}
{"level":"info","message":"GET /api/appointments/revenue/reports 304 - - 42.719 ms","timestamp":"2026-03-28 15:14:56"}
{"level":"info","message":"GET /api/tasks 304 - - 88.400 ms","timestamp":"2026-03-28 15:14:56"}
{"level":"info","message":"GET /api/attendance/2026/3 304 - - 163.603 ms","timestamp":"2026-03-28 15:14:56"}
{"level":"info","message":"GET /api/users/all 200 - - 107.627 ms","timestamp":"2026-03-28 15:14:56"}
{"level":"info","message":"GET /api/appointments/all 304 - - 201.905 ms","timestamp":"2026-03-28 15:14:56"}
{"level":"info","message":"GET /api/admin-status 304 - - 93.412 ms","timestamp":"2026-03-28 15:14:56"}
{"level":"info","message":"GET /api/attendance/range?start=2026-02-28T18:30:00.000Z&end=2026-03-31T18:29:59.999Z 304 - - 170.582 ms","timestamp":"2026-03-28 15:14:56"}
{"level":"info","message":"GET /api/users 200 - - 176.494 ms","timestamp":"2026-03-28 15:14:56"}
{"level":"info","message":"GET /api/appointments/stats?month=3&year=2026 304 - - 50.829 ms","timestamp":"2026-03-28 15:14:56"}
{"level":"info","message":"GET /api/appointments/stats?month=2&year=2026 304 - - 48.046 ms","timestamp":"2026-03-28 15:14:56"}
{"level":"info","message":"GET /api/appointments/revenue/reports 304 - - 45.325 ms","timestamp":"2026-03-28 15:14:56"}
{"level":"info","message":"GET /api/appointments/revenue 304 - - 69.388 ms","timestamp":"2026-03-28 15:14:56"}
{"level":"info","message":"GET /api/tasks 304 - - 77.166 ms","timestamp":"2026-03-28 15:14:56"}
{"level":"info","message":"GET /api/admin-status 304 - - 72.204 ms","timestamp":"2026-03-28 15:14:56"}
{"level":"info","message":"GET /api/users/all 304 - - 122.072 ms","timestamp":"2026-03-28 15:14:56"}
{"level":"info","message":"GET /api/attendance/2026/3 304 - - 161.676 ms","timestamp":"2026-03-28 15:14:56"}
{"level":"info","message":"GET /api/appointments/all 304 - - 146.630 ms","timestamp":"2026-03-28 15:14:56"}
{"level":"info","message":"GET /api/appointments/stats?month=2&year=2026 304 - - 50.483 ms","timestamp":"2026-03-28 15:14:56"}
{"level":"info","message":"GET /api/appointments/stats?month=3&year=2026 304 - - 59.886 ms","timestamp":"2026-03-28 15:14:56"}
{"level":"info","message":"GET /api/attendance/range?start=2026-02-28T18:30:00.000Z&end=2026-03-31T18:29:59.999Z 304 - - 170.377 ms","timestamp":"2026-03-28 15:14:56"}
{"level":"info","message":"GET /api/users 304 - - 171.343 ms","timestamp":"2026-03-28 15:14:56"}
{"level":"info","message":"GET /api/appointments/revenue 304 - - 70.236 ms","timestamp":"2026-03-28 15:14:56"}
{"level":"info","message":"GET /api/tasks 304 - - 78.197 ms","timestamp":"2026-03-28 15:14:56"}
{"level":"info","message":"GET /api/tasks 304 - - 82.139 ms","timestamp":"2026-03-28 15:14:56"}
{"level":"info","message":"OPTIONS /api/appointments/stats?month=3&year=2026 200 0 - 0.097 ms","timestamp":"2026-03-28 15:15:06"}
{"level":"info","message":"OPTIONS /api/appointments/stats?month=2&year=2026 200 0 - 0.041 ms","timestamp":"2026-03-28 15:15:06"}
{"level":"info","message":"OPTIONS /api/appointments/revenue 200 0 - 0.031 ms","timestamp":"2026-03-28 15:15:06"}
{"level":"info","message":"OPTIONS /api/users 200 0 - 0.047 ms","timestamp":"2026-03-28 15:15:06"}
{"level":"info","message":"GET /api/appointments/stats?month=2&year=2026 304 - - 39.255 ms","timestamp":"2026-03-28 15:15:06"}
{"level":"info","message":"GET /api/appointments/stats?month=3&year=2026 304 - - 49.212 ms","timestamp":"2026-03-28 15:15:06"}
{"level":"info","message":"GET /api/appointments/revenue 304 - - 63.594 ms","timestamp":"2026-03-28 15:15:06"}
{"level":"info","message":"GET /api/users 200 - - 116.069 ms","timestamp":"2026-03-28 15:15:06"}
{"level":"info","message":"OPTIONS /api/calls/sip-config 200 0 - 0.127 ms","timestamp":"2026-03-28 15:15:06"}
{"level":"info","message":"OPTIONS /api/messages/unread-count 200 0 - 0.068 ms","timestamp":"2026-03-28 15:15:06"}
{"level":"info","message":"OPTIONS /api/calls/sip-config 200 0 - 0.085 ms","timestamp":"2026-03-28 15:15:06"}
{"level":"info","message":"OPTIONS /api/messages/unread-count 200 0 - 0.067 ms","timestamp":"2026-03-28 15:15:06"}
{"level":"info","message":"GET /api/calls/sip-config 304 - - 28.431 ms","timestamp":"2026-03-28 15:15:06"}
{"level":"info","message":"GET /api/messages/unread-count 304 - - 49.742 ms","timestamp":"2026-03-28 15:15:06"}
{"level":"info","message":"GET /api/calls/sip-config 304 - - 22.829 ms","timestamp":"2026-03-28 15:15:06"}
{"level":"info","message":"GET /api/messages/unread-count 304 - - 43.437 ms","timestamp":"2026-03-28 15:15:06"}
{"level":"info","message":"OPTIONS /api/attendance/2026/3 200 0 - 0.072 ms","timestamp":"2026-03-28 15:15:07"}
{"level":"info","message":"OPTIONS /api/telecaller-leads/stats 200 0 - 0.134 ms","timestamp":"2026-03-28 15:15:07"}
{"level":"info","message":"OPTIONS /api/attendance/2026/3 200 0 - 0.074 ms","timestamp":"2026-03-28 15:15:07"}
{"level":"info","message":"GET /api/telecaller-leads/stats 200 466 - 46.794 ms","timestamp":"2026-03-28 15:15:07"}
{"level":"info","message":"GET /api/telecaller-leads/stats 200 466 - 47.107 ms","timestamp":"2026-03-28 15:15:07"}
{"level":"info","message":"GET /api/attendance/2026/3 304 - - 114.927 ms","timestamp":"2026-03-28 15:15:07"}
{"level":"info","message":"GET /api/users 200 - - 111.992 ms","timestamp":"2026-03-28 15:15:07"}
{"level":"info","message":"GET /api/attendance/2026/3 304 - - 115.363 ms","timestamp":"2026-03-28 15:15:07"}
{"level":"info","message":"OPTIONS /api/attendance/2026/3 200 0 - 0.088 ms","timestamp":"2026-03-28 15:15:37"}
{"level":"info","message":"OPTIONS /api/telecaller-leads/stats 200 0 - 0.046 ms","timestamp":"2026-03-28 15:15:37"}
{"level":"info","message":"GET /api/telecaller-leads/stats 200 466 - 41.592 ms","timestamp":"2026-03-28 15:15:37"}
{"level":"info","message":"GET /api/attendance/2026/3 304 - - 173.658 ms","timestamp":"2026-03-28 15:15:37"}
{"level":"info","message":"OPTIONS /api/attendance/2026/3 200 0 - 0.193 ms","timestamp":"2026-03-28 15:16:07"}
{"level":"info","message":"OPTIONS /api/telecaller-leads/stats 200 0 - 0.156 ms","timestamp":"2026-03-28 15:16:07"}
{"level":"info","message":"GET /api/telecaller-leads/stats 200 466 - 49.751 ms","timestamp":"2026-03-28 15:16:07"}
{"level":"info","message":"GET /api/attendance/2026/3 304 - - 127.040 ms","timestamp":"2026-03-28 15:16:07"}
{"level":"info","message":"OPTIONS /api/attendance/2026/3 200 0 - 0.055 ms","timestamp":"2026-03-28 15:16:37"}
{"level":"info","message":"OPTIONS /api/telecaller-leads/stats 200 0 - 0.048 ms","timestamp":"2026-03-28 15:16:37"}
{"level":"info","message":"GET /api/telecaller-leads/stats 200 466 - 43.693 ms","timestamp":"2026-03-28 15:16:37"}
{"level":"info","message":"GET /api/attendance/2026/3 304 - - 126.136 ms","timestamp":"2026-03-28 15:16:37"}
{"level":"info","message":"OPTIONS /api/telecaller-leads/assigned/68fcc5bfb85c2281711925bb 200 0 - 0.061 ms","timestamp":"2026-03-28 15:16:40"}
{"level":"info","message":"DELETE /api/telecaller-leads/assigned/68fcc5bfb85c2281711925bb 404 196 - 0.444 ms","timestamp":"2026-03-28 15:16:40"}
{"level":"info","message":"OPTIONS /api/calls/sip-config 200 0 - 0.074 ms","timestamp":"2026-03-28 15:16:44"}
{"level":"info","message":"OPTIONS /api/messages/unread-count 200 0 - 0.168 ms","timestamp":"2026-03-28 15:16:44"}
{"level":"info","message":"OPTIONS /api/messages/unread-count 200 0 - 0.083 ms","timestamp":"2026-03-28 15:16:44"}
{"level":"info","message":"GET /api/calls/sip-config 304 - - 22.829 ms","timestamp":"2026-03-28 15:16:44"}
{"level":"info","message":"GET /api/messages/unread-count 304 - - 45.481 ms","timestamp":"2026-03-28 15:16:44"}
{"level":"info","message":"GET /api/calls/sip-config 304 - - 22.892 ms","timestamp":"2026-03-28 15:16:44"}
{"level":"info","message":"GET /api/messages/unread-count 304 - - 50.821 ms","timestamp":"2026-03-28 15:16:44"}
{"level":"info","message":"OPTIONS /api/attendance/2026/3 200 0 - 0.073 ms","timestamp":"2026-03-28 15:16:44"}
{"level":"info","message":"OPTIONS /api/users 200 0 - 0.069 ms","timestamp":"2026-03-28 15:16:44"}
{"level":"info","message":"OPTIONS /api/telecaller-leads/stats 200 0 - 0.083 ms","timestamp":"2026-03-28 15:16:44"}
{"level":"info","message":"GET /api/telecaller-leads/stats 200 466 - 51.886 ms","timestamp":"2026-03-28 15:16:44"}
{"level":"info","message":"GET /api/telecaller-leads/stats 200 466 - 47.399 ms","timestamp":"2026-03-28 15:16:44"}
{"level":"info","message":"GET /api/attendance/2026/3 304 - - 119.037 ms","timestamp":"2026-03-28 15:16:44"}
{"level":"info","message":"GET /api/users 200 - - 113.422 ms","timestamp":"2026-03-28 15:16:44"}
{"level":"info","message":"GET /api/attendance/2026/3 304 - - 97.758 ms","timestamp":"2026-03-28 15:16:44"}
{"level":"info","message":"GET /api/calls/sip-config 304 - - 25.050 ms","timestamp":"2026-03-28 15:16:45"}
{"level":"info","message":"GET /api/messages/unread-count 304 - - 49.598 ms","timestamp":"2026-03-28 15:16:45"}
{"level":"info","message":"GET /api/calls/sip-config 304 - - 23.279 ms","timestamp":"2026-03-28 15:16:45"}
{"level":"info","message":"GET /api/messages/unread-count 304 - - 44.340 ms","timestamp":"2026-03-28 15:16:45"}
{"level":"info","message":"GET /api/calls/sip-config 304 - - 22.447 ms","timestamp":"2026-03-28 15:16:46"}
{"level":"info","message":"GET /api/calls/sip-config 304 - - 21.818 ms","timestamp":"2026-03-28 15:16:46"}
{"level":"info","message":"GET /api/messages/unread-count 304 - - 47.662 ms","timestamp":"2026-03-28 15:16:46"}
{"level":"info","message":"GET /api/messages/unread-count 304 - - 41.795 ms","timestamp":"2026-03-28 15:16:46"}
{"level":"info","message":"GET /api/calls/sip-config 304 - - 20.949 ms","timestamp":"2026-03-28 15:16:46"}
{"level":"info","message":"GET /api/calls/sip-config 304 - - 23.467 ms","timestamp":"2026-03-28 15:16:46"}
{"level":"info","message":"GET /api/messages/unread-count 304 - - 51.705 ms","timestamp":"2026-03-28 15:16:46"}
{"level":"info","message":"GET /api/messages/unread-count 304 - - 48.721 ms","timestamp":"2026-03-28 15:16:46"}
{"level":"info","message":"GET /api/telecaller-leads/stats 200 466 - 43.298 ms","timestamp":"2026-03-28 15:16:46"}
{"level":"info","message":"GET /api/telecaller-leads/stats 304 - - 43.527 ms","timestamp":"2026-03-28 15:16:47"}
{"level":"info","message":"GET /api/users 200 - - 116.732 ms","timestamp":"2026-03-28 15:16:47"}
{"level":"info","message":"GET /api/attendance/2026/3 304 - - 137.221 ms","timestamp":"2026-03-28 15:16:47"}
{"level":"info","message":"GET /api/attendance/2026/3 304 - - 110.330 ms","timestamp":"2026-03-28 15:16:47"}
{"level":"info","message":"OPTIONS /api/telecaller-leads/assigned/698ecf0c2cf455ff05611730 200 0 - 0.118 ms","timestamp":"2026-03-28 15:17:02"}
{"level":"info","message":"DELETE /api/telecaller-leads/assigned/698ecf0c2cf455ff05611730 404 196 - 0.670 ms","timestamp":"2026-03-28 15:17:02"}
{"level":"info","message":"✅ Redis Clients (Pub/Sub) Connected and Ready","timestamp":"2026-03-28 15:17:13"}
{"level":"info","message":"🚀 Server running on http://localhost:5000","timestamp":"2026-03-28 15:17:13"}
{"level":"info","message":"📡 Socket.IO server ready for connections","timestamp":"2026-03-28 15:17:13"}
{"level":"info","message":"OPTIONS /api/attendance/2026/3 200 0 - 3.758 ms","timestamp":"2026-03-28 15:17:17"}
{"level":"info","message":"OPTIONS /api/telecaller-leads/stats 200 0 - 0.497 ms","timestamp":"2026-03-28 15:17:17"}
{"level":"info","message":"GET /api/telecaller-leads/stats 200 466 - 53.508 ms","timestamp":"2026-03-28 15:17:17"}
{"level":"info","message":"GET /api/attendance/2026/3 304 - - 180.817 ms","timestamp":"2026-03-28 15:17:17"}
{"level":"info","message":"OPTIONS /api/calls/sip-config 200 0 - 0.267 ms","timestamp":"2026-03-28 15:17:22"}
{"level":"info","message":"OPTIONS /api/messages/unread-count 200 0 - 0.287 ms","timestamp":"2026-03-28 15:17:22"}
{"level":"info","message":"OPTIONS /api/messages/unread-count 200 0 - 0.165 ms","timestamp":"2026-03-28 15:17:22"}
{"level":"info","message":"OPTIONS /api/calls/sip-config 200 0 - 0.252 ms","timestamp":"2026-03-28 15:17:22"}
{"level":"info","message":"GET /api/calls/sip-config 304 - - 24.220 ms","timestamp":"2026-03-28 15:17:23"}
{"level":"info","message":"GET /api/messages/unread-count 304 - - 45.850 ms","timestamp":"2026-03-28 15:17:23"}
{"level":"info","message":"GET /api/calls/sip-config 304 - - 24.212 ms","timestamp":"2026-03-28 15:17:23"}
{"level":"info","message":"GET /api/messages/unread-count 304 - - 53.450 ms","timestamp":"2026-03-28 15:17:23"}
{"level":"info","message":"OPTIONS /api/attendance/2026/3 200 0 - 0.151 ms","timestamp":"2026-03-28 15:17:23"}
{"level":"info","message":"OPTIONS /api/users 200 0 - 0.080 ms","timestamp":"2026-03-28 15:17:23"}
{"level":"info","message":"OPTIONS /api/telecaller-leads/stats 200 0 - 0.123 ms","timestamp":"2026-03-28 15:17:23"}
{"level":"info","message":"GET /api/telecaller-leads/stats 200 466 - 45.563 ms","timestamp":"2026-03-28 15:17:23"}
{"level":"info","message":"GET /api/telecaller-leads/stats 200 466 - 60.709 ms","timestamp":"2026-03-28 15:17:23"}
{"level":"info","message":"GET /api/attendance/2026/3 304 - - 142.925 ms","timestamp":"2026-03-28 15:17:24"}
{"level":"info","message":"GET /api/users 200 - - 130.295 ms","timestamp":"2026-03-28 15:17:24"}
{"level":"info","message":"GET /api/attendance/2026/3 304 - - 130.840 ms","timestamp":"2026-03-28 15:17:24"}
{"level":"info","message":"OPTIONS /api/calls/sip-config 200 0 - 0.151 ms","timestamp":"2026-03-28 15:17:28"}
{"level":"info","message":"OPTIONS /api/messages/unread-count 200 0 - 0.097 ms","timestamp":"2026-03-28 15:17:28"}
{"level":"info","message":"OPTIONS /api/calls/sip-config 200 0 - 0.095 ms","timestamp":"2026-03-28 15:17:28"}
{"level":"info","message":"OPTIONS /api/messages/unread-count 200 0 - 0.196 ms","timestamp":"2026-03-28 15:17:28"}
{"level":"info","message":"GET /api/calls/sip-config 304 - - 33.199 ms","timestamp":"2026-03-28 15:17:28"}
{"level":"info","message":"GET /api/messages/unread-count 304 - - 46.390 ms","timestamp":"2026-03-28 15:17:28"}
{"level":"info","message":"GET /api/calls/sip-config 304 - - 23.811 ms","timestamp":"2026-03-28 15:17:28"}
{"level":"info","message":"GET /api/messages/unread-count 304 - - 55.442 ms","timestamp":"2026-03-28 15:17:28"}
{"level":"info","message":"GET /api/telecaller-leads/stats 200 466 - 43.556 ms","timestamp":"2026-03-28 15:17:28"}
{"level":"info","message":"GET /api/telecaller-leads/stats 200 466 - 60.005 ms","timestamp":"2026-03-28 15:17:28"}
{"level":"info","message":"GET /api/attendance/2026/3 304 - - 123.344 ms","timestamp":"2026-03-28 15:17:28"}
{"level":"info","message":"GET /api/users 200 - - 113.728 ms","timestamp":"2026-03-28 15:17:28"}
{"level":"info","message":"GET /api/attendance/2026/3 304 - - 112.333 ms","timestamp":"2026-03-28 15:17:28"}
{"level":"info","message":"OPTIONS /api/telecaller-leads/assigned/68fcc5bfb85c2281711925bb 200 0 - 0.085 ms","timestamp":"2026-03-28 15:17:31"}
{"level":"info","message":"DELETE /api/telecaller-leads/assigned/68fcc5bfb85c2281711925bb 200 55 - 52.581 ms","timestamp":"2026-03-28 15:17:31"}
{"level":"info","message":"OPTIONS /api/telecaller-leads/stats 200 0 - 0.064 ms","timestamp":"2026-03-28 15:17:31"}
{"level":"info","message":"GET /api/telecaller-leads/stats 200 371 - 41.477 ms","timestamp":"2026-03-28 15:17:31"}
{"level":"info","message":"OPTIONS /api/telecaller-leads/assigned/698ece512cf455ff056116dc 200 0 - 0.068 ms","timestamp":"2026-03-28 15:17:35"}
{"level":"info","message":"DELETE /api/telecaller-leads/assigned/698ece512cf455ff056116dc 200 54 - 46.218 ms","timestamp":"2026-03-28 15:17:35"}
{"level":"info","message":"GET /api/telecaller-leads/stats 200 278 - 40.910 ms","timestamp":"2026-03-28 15:17:35"}
{"level":"info","message":"OPTIONS /api/telecaller-leads/assigned/698ecf0c2cf455ff05611730 200 0 - 0.058 ms","timestamp":"2026-03-28 15:17:37"}
{"level":"info","message":"DELETE /api/telecaller-leads/assigned/698ecf0c2cf455ff05611730 200 54 - 46.368 ms","timestamp":"2026-03-28 15:17:37"}
{"level":"info","message":"OPTIONS /api/telecaller-leads/stats 200 0 - 0.058 ms","timestamp":"2026-03-28 15:17:37"}
{"level":"info","message":"GET /api/telecaller-leads/stats 200 185 - 40.579 ms","timestamp":"2026-03-28 15:17:37"}
{"level":"info","message":"OPTIONS /api/telecaller-leads/assigned/699fdc6d30c6eb5e17ffd940 200 0 - 0.137 ms","timestamp":"2026-03-28 15:17:38"}
{"level":"info","message":"DELETE /api/telecaller-leads/assigned/699fdc6d30c6eb5e17ffd940 200 54 - 47.364 ms","timestamp":"2026-03-28 15:17:39"}
{"level":"info","message":"GET /api/telecaller-leads/stats 200 92 - 56.154 ms","timestamp":"2026-03-28 15:17:39"}
{"level":"info","message":"OPTIONS /api/calls/sip-config 200 0 - 0.189 ms","timestamp":"2026-03-28 15:17:53"}
{"level":"info","message":"OPTIONS /api/messages/unread-count 200 0 - 0.103 ms","timestamp":"2026-03-28 15:17:53"}
{"level":"info","message":"OPTIONS /api/messages/unread-count 200 0 - 0.089 ms","timestamp":"2026-03-28 15:17:53"}
{"level":"info","message":"OPTIONS /api/calls/sip-config 200 0 - 0.109 ms","timestamp":"2026-03-28 15:17:53"}
{"level":"info","message":"GET /api/calls/sip-config 304 - - 25.372 ms","timestamp":"2026-03-28 15:17:53"}
{"level":"info","message":"GET /api/messages/unread-count 304 - - 63.979 ms","timestamp":"2026-03-28 15:17:53"}
{"level":"info","message":"GET /api/calls/sip-config 304 - - 35.890 ms","timestamp":"2026-03-28 15:17:53"}
{"level":"info","message":"GET /api/messages/unread-count 304 - - 53.429 ms","timestamp":"2026-03-28 15:17:53"}
{"level":"info","message":"OPTIONS /api/attendance/2026/3 200 0 - 0.076 ms","timestamp":"2026-03-28 15:17:53"}
{"level":"info","message":"OPTIONS /api/users 200 0 - 0.055 ms","timestamp":"2026-03-28 15:17:53"}
{"level":"info","message":"OPTIONS /api/calls/daily-stats 200 0 - 0.069 ms","timestamp":"2026-03-28 15:17:53"}
{"level":"info","message":"OPTIONS /api/attendance/2026/3 200 0 - 0.126 ms","timestamp":"2026-03-28 15:17:53"}
{"level":"info","message":"GET /api/calls/daily-stats 200 368 - 43.438 ms","timestamp":"2026-03-28 15:17:53"}
{"level":"info","message":"GET /api/calls/daily-stats 304 - - 57.401 ms","timestamp":"2026-03-28 15:17:53"}
{"level":"info","message":"GET /api/users 200 - - 117.275 ms","timestamp":"2026-03-28 15:17:53"}
{"level":"info","message":"GET /api/attendance/2026/3 304 - - 141.738 ms","timestamp":"2026-03-28 15:17:53"}
{"level":"info","message":"GET /api/calls/daily-stats 304 - - 41.280 ms","timestamp":"2026-03-28 15:17:53"}
{"level":"info","message":"GET /api/attendance/2026/3 304 - - 104.441 ms","timestamp":"2026-03-28 15:17:53"}
{"level":"info","message":"OPTIONS /api/appointments/revenue/reports 200 0 - 0.129 ms","timestamp":"2026-03-28 15:17:54"}
{"level":"info","message":"OPTIONS /api/appointments/all 200 0 - 0.090 ms","timestamp":"2026-03-28 15:17:54"}
{"level":"info","message":"OPTIONS /api/tasks 200 0 - 0.083 ms","timestamp":"2026-03-28 15:17:54"}
{"level":"info","message":"OPTIONS /api/users/all 200 0 - 0.093 ms","timestamp":"2026-03-28 15:17:54"}
{"level":"info","message":"OPTIONS /api/attendance/range?start=2026-02-28T18:30:00.000Z&end=2026-03-31T18:29:59.999Z 200 0 - 0.063 ms","timestamp":"2026-03-28 15:17:54"}
{"level":"info","message":"OPTIONS /api/admin-status 200 0 - 0.112 ms","timestamp":"2026-03-28 15:17:54"}
{"level":"info","message":"OPTIONS /api/appointments/stats?month=3&year=2026 200 0 - 0.066 ms","timestamp":"2026-03-28 15:17:54"}
{"level":"info","message":"OPTIONS /api/appointments/stats?month=2&year=2026 200 0 - 0.081 ms","timestamp":"2026-03-28 15:17:54"}
{"level":"info","message":"OPTIONS /api/attendance/range?start=2026-02-28T18:30:00.000Z&end=2026-03-31T18:29:59.999Z 200 0 - 0.100 ms","timestamp":"2026-03-28 15:17:54"}
{"level":"info","message":"OPTIONS /api/appointments/stats?month=3&year=2026 200 0 - 0.094 ms","timestamp":"2026-03-28 15:17:54"}
{"level":"info","message":"OPTIONS /api/appointments/revenue 200 0 - 0.048 ms","timestamp":"2026-03-28 15:17:54"}
{"level":"info","message":"OPTIONS /api/appointments/stats?month=2&year=2026 200 0 - 0.075 ms","timestamp":"2026-03-28 15:17:54"}
{"level":"info","message":"OPTIONS /api/appointments/revenue 200 0 - 0.133 ms","timestamp":"2026-03-28 15:17:54"}
{"level":"info","message":"OPTIONS /api/admin-status 200 0 - 0.050 ms","timestamp":"2026-03-28 15:17:54"}
{"level":"info","message":"GET /api/appointments/revenue/reports 304 - - 45.100 ms","timestamp":"2026-03-28 15:17:54"}
{"level":"info","message":"GET /api/admin-status 200 48 - 75.339 ms","timestamp":"2026-03-28 15:17:54"}
{"level":"info","message":"GET /api/appointments/all 304 - - 157.443 ms","timestamp":"2026-03-28 15:17:54"}
{"level":"info","message":"GET /api/users 304 - - 160.330 ms","timestamp":"2026-03-28 15:17:54"}
{"level":"info","message":"GET /api/users/all 200 - - 138.655 ms","timestamp":"2026-03-28 15:17:54"}
{"level":"info","message":"GET /api/appointments/stats?month=3&year=2026 304 - - 81.140 ms","timestamp":"2026-03-28 15:17:54"}
{"level":"info","message":"GET /api/attendance/range?start=2026-02-28T18:30:00.000Z&end=2026-03-31T18:29:59.999Z 304 - - 189.441 ms","timestamp":"2026-03-28 15:17:54"}
{"level":"info","message":"GET /api/appointments/stats?month=2&year=2026 304 - - 61.115 ms","timestamp":"2026-03-28 15:17:54"}
{"level":"info","message":"GET /api/appointments/revenue/reports 304 - - 55.755 ms","timestamp":"2026-03-28 15:17:54"}
{"level":"info","message":"GET /api/admin-status 304 - - 54.424 ms","timestamp":"2026-03-28 15:17:54"}
{"level":"info","message":"GET /api/appointments/revenue 304 - - 70.281 ms","timestamp":"2026-03-28 15:17:54"}
{"level":"info","message":"GET /api/tasks 304 - - 269.690 ms","timestamp":"2026-03-28 15:17:54"}
{"level":"info","message":"GET /api/users/all 304 - - 98.222 ms","timestamp":"2026-03-28 15:17:54"}
{"level":"info","message":"GET /api/appointments/stats?month=3&year=2026 304 - - 62.253 ms","timestamp":"2026-03-28 15:17:54"}
{"level":"info","message":"GET /api/appointments/all 304 - - 120.591 ms","timestamp":"2026-03-28 15:17:54"}
{"level":"info","message":"GET /api/appointments/stats?month=2&year=2026 304 - - 70.887 ms","timestamp":"2026-03-28 15:17:54"}
{"level":"info","message":"GET /api/users 304 - - 109.030 ms","timestamp":"2026-03-28 15:17:55"}
{"level":"info","message":"GET /api/appointments/revenue 304 - - 69.743 ms","timestamp":"2026-03-28 15:17:55"}
{"level":"info","message":"GET /api/tasks 304 - - 70.765 ms","timestamp":"2026-03-28 15:17:55"}
{"level":"info","message":"GET /api/attendance/range?start=2026-02-28T18:30:00.000Z&end=2026-03-31T18:29:59.999Z 304 - - 158.252 ms","timestamp":"2026-03-28 15:17:55"}
{"level":"info","message":"GET /api/tasks 304 - - 71.362 ms","timestamp":"2026-03-28 15:17:55"}
{"level":"info","message":"GET /api/tasks 304 - - 71.296 ms","timestamp":"2026-03-28 15:17:55"}
{"level":"info","message":"OPTIONS /api/appointments/stats?month=3&year=2026 200 0 - 0.077 ms","timestamp":"2026-03-28 15:18:05"}
{"level":"info","message":"OPTIONS /api/appointments/stats?month=2&year=2026 200 0 - 0.074 ms","timestamp":"2026-03-28 15:18:05"}
{"level":"info","message":"OPTIONS /api/appointments/revenue 200 0 - 0.048 ms","timestamp":"2026-03-28 15:18:05"}
{"level":"info","message":"OPTIONS /api/users 200 0 - 0.061 ms","timestamp":"2026-03-28 15:18:05"}
{"level":"info","message":"GET /api/appointments/stats?month=2&year=2026 304 - - 42.107 ms","timestamp":"2026-03-28 15:18:05"}
{"level":"info","message":"GET /api/appointments/stats?month=3&year=2026 304 - - 49.836 ms","timestamp":"2026-03-28 15:18:05"}
{"level":"info","message":"GET /api/appointments/revenue 304 - - 69.052 ms","timestamp":"2026-03-28 15:18:05"}
{"level":"info","message":"GET /api/users 200 - - 111.770 ms","timestamp":"2026-03-28 15:18:05"}
{"level":"info","message":"OPTIONS /api/appointments/stats?month=3&year=2026 200 0 - 0.081 ms","timestamp":"2026-03-28 15:18:15"}
{"level":"info","message":"OPTIONS /api/appointments/stats?month=2&year=2026 200 0 - 0.046 ms","timestamp":"2026-03-28 15:18:15"}
{"level":"info","message":"OPTIONS /api/appointments/revenue 200 0 - 0.034 ms","timestamp":"2026-03-28 15:18:15"}
{"level":"info","message":"OPTIONS /api/users 200 0 - 0.028 ms","timestamp":"2026-03-28 15:18:15"}
{"level":"info","message":"GET /api/appointments/stats?month=2&year=2026 304 - - 44.511 ms","timestamp":"2026-03-28 15:18:15"}
{"level":"info","message":"GET /api/appointments/stats?month=3&year=2026 304 - - 47.732 ms","timestamp":"2026-03-28 15:18:15"}
{"level":"info","message":"GET /api/appointments/revenue 304 - - 84.638 ms","timestamp":"2026-03-28 15:18:15"}
{"level":"info","message":"GET /api/users 200 - - 124.426 ms","timestamp":"2026-03-28 15:18:15"}
{"level":"info","message":"OPTIONS /api/attendance/2026/3 200 0 - 0.144 ms","timestamp":"2026-03-28 15:18:23"}
{"level":"info","message":"GET /api/attendance/2026/3 304 - - 137.129 ms","timestamp":"2026-03-28 15:18:23"}
{"level":"info","message":"OPTIONS /api/users/all 200 0 - 0.064 ms","timestamp":"2026-03-28 15:18:25"}
{"level":"info","message":"OPTIONS /api/attendance/range?start=2026-02-28T18:30:00.000Z&end=2026-03-31T18:29:59.999Z 200 0 - 0.073 ms","timestamp":"2026-03-28 15:18:25"}
{"level":"info","message":"OPTIONS /api/appointments/stats?month=3&year=2026 200 0 - 0.042 ms","timestamp":"2026-03-28 15:18:25"}
{"level":"info","message":"OPTIONS /api/appointments/stats?month=2&year=2026 200 0 - 0.044 ms","timestamp":"2026-03-28 15:18:25"}
{"level":"info","message":"OPTIONS /api/appointments/revenue 200 0 - 0.071 ms","timestamp":"2026-03-28 15:18:25"}
{"level":"info","message":"OPTIONS /api/users 200 0 - 0.101 ms","timestamp":"2026-03-28 15:18:25"}
{"level":"info","message":"GET /api/users/all 200 - - 95.838 ms","timestamp":"2026-03-28 15:18:25"}
{"level":"info","message":"GET /api/attendance/range?start=2026-02-28T18:30:00.000Z&end=2026-03-31T18:29:59.999Z 304 - - 132.489 ms","timestamp":"2026-03-28 15:18:25"}
{"level":"info","message":"GET /api/appointments/stats?month=3&year=2026 304 - - 46.315 ms","timestamp":"2026-03-28 15:18:25"}
{"level":"info","message":"GET /api/appointments/stats?month=2&year=2026 304 - - 46.658 ms","timestamp":"2026-03-28 15:18:25"}
{"level":"info","message":"GET /api/appointments/revenue 304 - - 66.324 ms","timestamp":"2026-03-28 15:18:25"}
{"level":"info","message":"GET /api/users 304 - - 108.941 ms","timestamp":"2026-03-28 15:18:25"}
{"level":"info","message":"OPTIONS /api/appointments/stats?month=3&year=2026 200 0 - 0.089 ms","timestamp":"2026-03-28 15:18:35"}
{"level":"info","message":"OPTIONS /api/appointments/stats?month=2&year=2026 200 0 - 0.051 ms","timestamp":"2026-03-28 15:18:35"}
{"level":"info","message":"OPTIONS /api/appointments/revenue 200 0 - 0.071 ms","timestamp":"2026-03-28 15:18:35"}
{"level":"info","message":"OPTIONS /api/users 200 0 - 0.057 ms","timestamp":"2026-03-28 15:18:35"}
{"level":"info","message":"GET /api/appointments/stats?month=3&year=2026 304 - - 42.998 ms","timestamp":"2026-03-28 15:18:35"}
{"level":"info","message":"GET /api/appointments/stats?month=2&year=2026 304 - - 48.597 ms","timestamp":"2026-03-28 15:18:35"}
{"level":"info","message":"GET /api/appointments/revenue 304 - - 75.910 ms","timestamp":"2026-03-28 15:18:35"}
{"level":"info","message":"GET /api/users 304 - - 109.646 ms","timestamp":"2026-03-28 15:18:35"}
{"level":"info","message":"OPTIONS /api/appointments/stats?month=3&year=2026 200 0 - 0.062 ms","timestamp":"2026-03-28 15:18:45"}
{"level":"info","message":"OPTIONS /api/appointments/stats?month=2&year=2026 200 0 - 0.057 ms","timestamp":"2026-03-28 15:18:45"}
{"level":"info","message":"OPTIONS /api/appointments/revenue 200 0 - 0.030 ms","timestamp":"2026-03-28 15:18:45"}
{"level":"info","message":"OPTIONS /api/users 200 0 - 0.031 ms","timestamp":"2026-03-28 15:18:45"}
{"level":"info","message":"GET /api/appointments/stats?month=3&year=2026 304 - - 40.893 ms","timestamp":"2026-03-28 15:18:45"}
{"level":"info","message":"GET /api/appointments/stats?month=2&year=2026 304 - - 39.331 ms","timestamp":"2026-03-28 15:18:45"}
{"level":"info","message":"GET /api/appointments/revenue 304 - - 67.727 ms","timestamp":"2026-03-28 15:18:45"}
{"level":"info","message":"GET /api/users 200 - - 113.036 ms","timestamp":"2026-03-28 15:18:45"}
{"level":"info","message":"OPTIONS /api/attendance/2026/3 200 0 - 0.184 ms","timestamp":"2026-03-28 15:18:53"}
{"level":"info","message":"GET /api/attendance/2026/3 304 - - 134.612 ms","timestamp":"2026-03-28 15:18:53"}
{"level":"info","message":"OPTIONS /api/users/all 200 0 - 0.084 ms","timestamp":"2026-03-28 15:18:55"}
{"level":"info","message":"OPTIONS /api/attendance/range?start=2026-02-28T18:30:00.000Z&end=2026-03-31T18:29:59.999Z 200 0 - 0.059 ms","timestamp":"2026-03-28 15:18:55"}
{"level":"info","message":"OPTIONS /api/appointments/stats?month=3&year=2026 200 0 - 0.113 ms","timestamp":"2026-03-28 15:18:55"}
{"level":"info","message":"OPTIONS /api/appointments/stats?month=2&year=2026 200 0 - 0.060 ms","timestamp":"2026-03-28 15:18:55"}
{"level":"info","message":"OPTIONS /api/appointments/revenue 200 0 - 0.056 ms","timestamp":"2026-03-28 15:18:55"}
{"level":"info","message":"OPTIONS /api/users 200 0 - 0.079 ms","timestamp":"2026-03-28 15:18:55"}
{"level":"info","message":"GET /api/users/all 200 - - 99.609 ms","timestamp":"2026-03-28 15:18:55"}
{"level":"info","message":"GET /api/attendance/range?start=2026-02-28T18:30:00.000Z&end=2026-03-31T18:29:59.999Z 304 - - 130.002 ms","timestamp":"2026-03-28 15:18:55"}
{"level":"info","message":"GET /api/appointments/stats?month=3&year=2026 304 - - 42.408 ms","timestamp":"2026-03-28 15:18:55"}
{"level":"info","message":"GET /api/appointments/stats?month=2&year=2026 304 - - 42.605 ms","timestamp":"2026-03-28 15:18:55"}
{"level":"info","message":"GET /api/appointments/revenue 304 - - 70.788 ms","timestamp":"2026-03-28 15:18:55"}
{"level":"info","message":"GET /api/users 200 - - 126.131 ms","timestamp":"2026-03-28 15:18:55"}
{"level":"info","message":"OPTIONS /api/appointments/stats?month=3&year=2026 200 0 - 0.056 ms","timestamp":"2026-03-28 15:19:05"}
{"level":"info","message":"OPTIONS /api/appointments/stats?month=2&year=2026 200 0 - 0.048 ms","timestamp":"2026-03-28 15:19:05"}
{"level":"info","message":"OPTIONS /api/appointments/revenue 200 0 - 0.046 ms","timestamp":"2026-03-28 15:19:05"}
{"level":"info","message":"OPTIONS /api/users 200 0 - 0.045 ms","timestamp":"2026-03-28 15:19:05"}
{"level":"info","message":"GET /api/appointments/stats?month=2&year=2026 304 - - 42.414 ms","timestamp":"2026-03-28 15:19:05"}
{"level":"info","message":"GET /api/appointments/stats?month=3&year=2026 304 - - 47.877 ms","timestamp":"2026-03-28 15:19:05"}
{"level":"info","message":"GET /api/appointments/revenue 304 - - 76.310 ms","timestamp":"2026-03-28 15:19:05"}
{"level":"info","message":"GET /api/users 200 - - 122.082 ms","timestamp":"2026-03-28 15:19:05"}
{"level":"info","message":"OPTIONS /api/appointments/stats?month=3&year=2026 200 0 - 0.086 ms","timestamp":"2026-03-28 15:19:15"}
{"level":"info","message":"OPTIONS /api/appointments/stats?month=2&year=2026 200 0 - 0.050 ms","timestamp":"2026-03-28 15:19:15"}
{"level":"info","message":"OPTIONS /api/appointments/revenue 200 0 - 0.055 ms","timestamp":"2026-03-28 15:19:15"}
{"level":"info","message":"OPTIONS /api/users 200 0 - 0.046 ms","timestamp":"2026-03-28 15:19:15"}
{"level":"info","message":"GET /api/appointments/stats?month=3&year=2026 304 - - 42.262 ms","timestamp":"2026-03-28 15:19:15"}
{"level":"info","message":"GET /api/appointments/stats?month=2&year=2026 304 - - 41.363 ms","timestamp":"2026-03-28 15:19:15"}
{"level":"info","message":"GET /api/appointments/revenue 304 - - 73.084 ms","timestamp":"2026-03-28 15:19:15"}
{"level":"info","message":"GET /api/users 200 - - 107.890 ms","timestamp":"2026-03-28 15:19:15"}
{"level":"info","message":"OPTIONS /api/calls/daily-stats 200 0 - 0.072 ms","timestamp":"2026-03-28 15:19:20"}
{"level":"info","message":"OPTIONS /api/calls/daily-stats 200 0 - 0.087 ms","timestamp":"2026-03-28 15:19:20"}
{"level":"info","message":"GET /api/calls/daily-stats 304 - - 42.866 ms","timestamp":"2026-03-28 15:19:20"}
{"level":"info","message":"GET /api/calls/daily-stats 200 368 - 64.139 ms","timestamp":"2026-03-28 15:19:20"}
{"level":"info","message":"OPTIONS /api/telecaller-leads/stats 200 0 - 0.066 ms","timestamp":"2026-03-28 15:19:21"}
{"level":"info","message":"OPTIONS /api/telecaller-leads/stats 200 0 - 0.071 ms","timestamp":"2026-03-28 15:19:21"}
{"level":"info","message":"GET /api/telecaller-leads/stats 304 - - 49.683 ms","timestamp":"2026-03-28 15:19:21"}
{"level":"info","message":"GET /api/telecaller-leads/stats 304 - - 40.603 ms","timestamp":"2026-03-28 15:19:21"}
{"level":"info","message":"OPTIONS /api/attendance/2026/3 200 0 - 0.128 ms","timestamp":"2026-03-28 15:19:23"}
{"level":"info","message":"GET /api/attendance/2026/3 304 - - 164.264 ms","timestamp":"2026-03-28 15:19:23"}
{"level":"info","message":"OPTIONS /api/appointments/revenue/reports 200 0 - 0.191 ms","timestamp":"2026-03-28 15:19:24"}
{"level":"info","message":"OPTIONS /api/appointments/all 200 0 - 0.080 ms","timestamp":"2026-03-28 15:19:24"}
{"level":"info","message":"OPTIONS /api/tasks 200 0 - 0.087 ms","timestamp":"2026-03-28 15:19:24"}
{"level":"info","message":"OPTIONS /api/users/all 200 0 - 0.056 ms","timestamp":"2026-03-28 15:19:24"}
{"level":"info","message":"OPTIONS /api/attendance/range?start=2026-02-28T18:30:00.000Z&end=2026-03-31T18:29:59.999Z 200 0 - 0.053 ms","timestamp":"2026-03-28 15:19:24"}
{"level":"info","message":"OPTIONS /api/admin-status 200 0 - 0.035 ms","timestamp":"2026-03-28 15:19:24"}
{"level":"info","message":"OPTIONS /api/appointments/stats?month=3&year=2026 200 0 - 0.086 ms","timestamp":"2026-03-28 15:19:24"}
{"level":"info","message":"OPTIONS /api/appointments/stats?month=2&year=2026 200 0 - 0.080 ms","timestamp":"2026-03-28 15:19:24"}
{"level":"info","message":"OPTIONS /api/appointments/revenue 200 0 - 0.103 ms","timestamp":"2026-03-28 15:19:24"}
{"level":"info","message":"OPTIONS /api/users 200 0 - 0.085 ms","timestamp":"2026-03-28 15:19:24"}
{"level":"info","message":"OPTIONS /api/appointments/stats?month=2&year=2026 200 0 - 0.110 ms","timestamp":"2026-03-28 15:19:24"}
{"level":"info","message":"OPTIONS /api/appointments/stats?month=3&year=2026 200 0 - 0.064 ms","timestamp":"2026-03-28 15:19:24"}
{"level":"info","message":"GET /api/appointments/revenue/reports 304 - - 51.908 ms","timestamp":"2026-03-28 15:19:24"}
{"level":"info","message":"GET /api/admin-status 304 - - 46.081 ms","timestamp":"2026-03-28 15:19:24"}
{"level":"info","message":"GET /api/appointments/stats?month=3&year=2026 304 - - 78.764 ms","timestamp":"2026-03-28 15:19:24"}
{"level":"info","message":"GET /api/appointments/stats?month=2&year=2026 304 - - 67.172 ms","timestamp":"2026-03-28 15:19:24"}
{"level":"info","message":"GET /api/users/all 200 - - 118.096 ms","timestamp":"2026-03-28 15:19:24"}
{"level":"info","message":"GET /api/appointments/all 304 - - 155.013 ms","timestamp":"2026-03-28 15:19:24"}
{"level":"info","message":"GET /api/attendance/range?start=2026-02-28T18:30:00.000Z&end=2026-03-31T18:29:59.999Z 304 - - 157.058 ms","timestamp":"2026-03-28 15:19:24"}
{"level":"info","message":"GET /api/appointments/revenue 304 - - 79.932 ms","timestamp":"2026-03-28 15:19:24"}
{"level":"info","message":"GET /api/appointments/revenue/reports 304 - - 58.500 ms","timestamp":"2026-03-28 15:19:24"}
{"level":"info","message":"GET /api/admin-status 304 - - 48.726 ms","timestamp":"2026-03-28 15:19:24"}
{"level":"info","message":"GET /api/appointments/stats?month=3&year=2026 304 - - 68.506 ms","timestamp":"2026-03-28 15:19:24"}
{"level":"info","message":"GET /api/users/all 304 - - 74.641 ms","timestamp":"2026-03-28 15:19:24"}
{"level":"info","message":"GET /api/appointments/stats?month=2&year=2026 304 - - 81.614 ms","timestamp":"2026-03-28 15:19:24"}
{"level":"info","message":"GET /api/users 304 - - 186.182 ms","timestamp":"2026-03-28 15:19:24"}
{"level":"info","message":"GET /api/tasks 304 - - 325.653 ms","timestamp":"2026-03-28 15:19:24"}
{"level":"info","message":"GET /api/appointments/all 304 - - 124.544 ms","timestamp":"2026-03-28 15:19:24"}
{"level":"info","message":"GET /api/attendance/range?start=2026-02-28T18:30:00.000Z&end=2026-03-31T18:29:59.999Z 304 - - 125.371 ms","timestamp":"2026-03-28 15:19:24"}
{"level":"info","message":"GET /api/appointments/revenue 304 - - 86.943 ms","timestamp":"2026-03-28 15:19:24"}
{"level":"info","message":"GET /api/tasks 304 - - 82.547 ms","timestamp":"2026-03-28 15:19:24"}
{"level":"info","message":"GET /api/users 304 - - 119.749 ms","timestamp":"2026-03-28 15:19:24"}
{"level":"info","message":"GET /api/tasks 304 - - 90.090 ms","timestamp":"2026-03-28 15:19:24"}
{"level":"info","message":"GET /api/tasks 304 - - 67.467 ms","timestamp":"2026-03-28 15:19:24"}
{"level":"info","message":"OPTIONS /api/appointments/stats?month=3&year=2026 200 0 - 0.157 ms","timestamp":"2026-03-28 15:19:34"}
{"level":"info","message":"OPTIONS /api/appointments/stats?month=2&year=2026 200 0 - 0.091 ms","timestamp":"2026-03-28 15:19:34"}
{"level":"info","message":"OPTIONS /api/appointments/revenue 200 0 - 0.050 ms","timestamp":"2026-03-28 15:19:34"}
{"level":"info","message":"OPTIONS /api/users 200 0 - 0.054 ms","timestamp":"2026-03-28 15:19:34"}
{"level":"info","message":"GET /api/appointments/stats?month=2&year=2026 304 - - 42.743 ms","timestamp":"2026-03-28 15:19:34"}
{"level":"info","message":"GET /api/appointments/stats?month=3&year=2026 304 - - 45.206 ms","timestamp":"2026-03-28 15:19:34"}
{"level":"info","message":"GET /api/appointments/revenue 304 - - 68.442 ms","timestamp":"2026-03-28 15:19:34"}
{"level":"info","message":"GET /api/users 304 - - 108.275 ms","timestamp":"2026-03-28 15:19:34"}
{"level":"info","message":"OPTIONS /api/appointments/stats?month=3&year=2026 200 0 - 0.134 ms","timestamp":"2026-03-28 15:19:44"}
{"level":"info","message":"OPTIONS /api/appointments/stats?month=2&year=2026 200 0 - 0.140 ms","timestamp":"2026-03-28 15:19:44"}
{"level":"info","message":"OPTIONS /api/appointments/revenue 200 0 - 0.076 ms","timestamp":"2026-03-28 15:19:44"}
{"level":"info","message":"OPTIONS /api/users 200 0 - 0.035 ms","timestamp":"2026-03-28 15:19:44"}
{"level":"info","message":"GET /api/appointments/stats?month=3&year=2026 304 - - 40.364 ms","timestamp":"2026-03-28 15:19:44"}
{"level":"info","message":"GET /api/appointments/stats?month=2&year=2026 304 - - 40.349 ms","timestamp":"2026-03-28 15:19:44"}
{"level":"info","message":"GET /api/appointments/revenue 304 - - 66.281 ms","timestamp":"2026-03-28 15:19:44"}
{"level":"info","message":"GET /api/users 200 - - 106.887 ms","timestamp":"2026-03-28 15:19:44"}
{"level":"info","message":"OPTIONS /api/attendance/2026/3 200 0 - 0.100 ms","timestamp":"2026-03-28 15:19:53"}
{"level":"info","message":"GET /api/attendance/2026/3 304 - - 121.014 ms","timestamp":"2026-03-28 15:19:53"}
{"level":"info","message":"OPTIONS /api/users/all 200 0 - 0.125 ms","timestamp":"2026-03-28 15:19:54"}
{"level":"info","message":"OPTIONS /api/attendance/range?start=2026-02-28T18:30:00.000Z&end=2026-03-31T18:29:59.999Z 200 0 - 0.046 ms","timestamp":"2026-03-28 15:19:54"}
{"level":"info","message":"OPTIONS /api/appointments/stats?month=3&year=2026 200 0 - 0.068 ms","timestamp":"2026-03-28 15:19:54"}
{"level":"info","message":"OPTIONS /api/appointments/stats?month=2&year=2026 200 0 - 0.048 ms","timestamp":"2026-03-28 15:19:54"}
{"level":"info","message":"OPTIONS /api/appointments/revenue 200 0 - 0.042 ms","timestamp":"2026-03-28 15:19:54"}
{"level":"info","message":"OPTIONS /api/users 200 0 - 0.042 ms","timestamp":"2026-03-28 15:19:54"}
{"level":"info","message":"GET /api/users/all 200 - - 97.566 ms","timestamp":"2026-03-28 15:19:54"}
{"level":"info","message":"GET /api/attendance/range?start=2026-02-28T18:30:00.000Z&end=2026-03-31T18:29:59.999Z 304 - - 126.886 ms","timestamp":"2026-03-28 15:19:54"}
{"level":"info","message":"GET /api/appointments/stats?month=2&year=2026 304 - - 43.530 ms","timestamp":"2026-03-28 15:19:54"}
{"level":"info","message":"GET /api/appointments/stats?month=3&year=2026 304 - - 52.799 ms","timestamp":"2026-03-28 15:19:54"}
{"level":"info","message":"GET /api/appointments/revenue 304 - - 68.572 ms","timestamp":"2026-03-28 15:19:54"}
{"level":"info","message":"GET /api/users 200 - - 118.459 ms","timestamp":"2026-03-28 15:19:54"}
{"level":"info","message":"OPTIONS /api/appointments/stats?month=3&year=2026 200 0 - 0.060 ms","timestamp":"2026-03-28 15:20:04"}
{"level":"info","message":"OPTIONS /api/appointments/stats?month=2&year=2026 200 0 - 0.077 ms","timestamp":"2026-03-28 15:20:04"}
{"level":"info","message":"OPTIONS /api/appointments/revenue 200 0 - 0.051 ms","timestamp":"2026-03-28 15:20:04"}
{"level":"info","message":"OPTIONS /api/users 200 0 - 0.058 ms","timestamp":"2026-03-28 15:20:04"}
{"level":"info","message":"GET /api/appointments/stats?month=2&year=2026 304 - - 45.671 ms","timestamp":"2026-03-28 15:20:04"}
{"level":"info","message":"GET /api/appointments/stats?month=3&year=2026 304 - - 60.424 ms","timestamp":"2026-03-28 15:20:04"}
{"level":"info","message":"GET /api/appointments/revenue 304 - - 78.338 ms","timestamp":"2026-03-28 15:20:04"}
{"level":"info","message":"GET /api/users 304 - - 112.180 ms","timestamp":"2026-03-28 15:20:04"}
{"level":"info","message":"OPTIONS /api/calls/daily-stats 200 0 - 0.056 ms","timestamp":"2026-03-28 15:20:10"}
{"level":"info","message":"OPTIONS /api/calls/daily-stats 200 0 - 0.049 ms","timestamp":"2026-03-28 15:20:10"}
{"level":"info","message":"GET /api/calls/daily-stats 304 - - 41.797 ms","timestamp":"2026-03-28 15:20:10"}
{"level":"info","message":"GET /api/calls/daily-stats 200 368 - 40.974 ms","timestamp":"2026-03-28 15:20:10"}
{"level":"info","message":"OPTIONS /api/telecaller-leads/stats 200 0 - 0.061 ms","timestamp":"2026-03-28 15:20:12"}
{"level":"info","message":"OPTIONS /api/telecaller-leads/stats 200 0 - 0.120 ms","timestamp":"2026-03-28 15:20:12"}
{"level":"info","message":"GET /api/telecaller-leads/stats 304 - - 39.516 ms","timestamp":"2026-03-28 15:20:12"}
{"level":"info","message":"GET /api/telecaller-leads/stats 304 - - 40.521 ms","timestamp":"2026-03-28 15:20:12"}
{"level":"info","message":"OPTIONS /api/calls/daily-stats 200 0 - 0.067 ms","timestamp":"2026-03-28 15:20:17"}
{"level":"info","message":"OPTIONS /api/calls/daily-stats 200 0 - 0.064 ms","timestamp":"2026-03-28 15:20:17"}
{"level":"info","message":"GET /api/calls/daily-stats 304 - - 56.753 ms","timestamp":"2026-03-28 15:20:17"}
{"level":"info","message":"GET /api/calls/daily-stats 200 368 - 41.436 ms","timestamp":"2026-03-28 15:20:17"}
{"level":"info","message":"OPTIONS /api/attendance/2026/3 200 0 - 0.073 ms","timestamp":"2026-03-28 15:20:23"}
{"level":"info","message":"GET /api/attendance/2026/3 304 - - 113.867 ms","timestamp":"2026-03-28 15:20:23"}
{"level":"info","message":"OPTIONS /api/attendance/2026/3 200 0 - 0.156 ms","timestamp":"2026-03-28 15:20:53"}
{"level":"info","message":"GET /api/attendance/2026/3 304 - - 151.805 ms","timestamp":"2026-03-28 15:20:53"}
{"level":"info","message":"OPTIONS /api/calls/daily-stats 200 0 - 0.090 ms","timestamp":"2026-03-28 15:21:15"}
{"level":"info","message":"GET /api/calls/daily-stats 304 - - 45.233 ms","timestamp":"2026-03-28 15:21:15"}
{"level":"info","message":"OPTIONS /api/attendance/2026/3 200 0 - 0.068 ms","timestamp":"2026-03-28 15:21:23"}
{"level":"info","message":"GET /api/attendance/2026/3 304 - - 120.151 ms","timestamp":"2026-03-28 15:21:23"}
{"level":"info","message":"OPTIONS /api/attendance/2026/3 200 0 - 0.151 ms","timestamp":"2026-03-28 15:21:53"}
{"level":"info","message":"GET /api/attendance/2026/3 304 - - 123.799 ms","timestamp":"2026-03-28 15:21:53"}
{"level":"info","message":"OPTIONS /api/attendance/2026/3 200 0 - 0.081 ms","timestamp":"2026-03-28 15:22:29"}
{"level":"info","message":"GET /api/attendance/2026/3 304 - - 110.677 ms","timestamp":"2026-03-28 15:22:29"}
{"level":"info","message":"OPTIONS /api/telecaller-leads/stats 200 0 - 0.057 ms","timestamp":"2026-03-28 15:22:33"}
{"level":"info","message":"OPTIONS /api/telecaller-leads/stats 200 0 - 0.071 ms","timestamp":"2026-03-28 15:22:33"}
{"level":"info","message":"GET /api/telecaller-leads/stats 304 - - 40.653 ms","timestamp":"2026-03-28 15:22:33"}
{"level":"info","message":"GET /api/telecaller-leads/stats 304 - - 40.481 ms","timestamp":"2026-03-28 15:22:33"}
{"level":"info","message":"OPTIONS /api/attendance/2026/3 200 0 - 0.163 ms","timestamp":"2026-03-28 15:22:53"}
{"level":"info","message":"GET /api/attendance/2026/3 304 - - 116.521 ms","timestamp":"2026-03-28 15:22:53"}
{"level":"info","message":"OPTIONS /api/telecaller-leads/stats 200 0 - 0.074 ms","timestamp":"2026-03-28 15:23:03"}
{"level":"info","message":"GET /api/telecaller-leads/stats 304 - - 39.282 ms","timestamp":"2026-03-28 15:23:03"}
{"level":"info","message":"OPTIONS /api/attendance/2026/3 200 0 - 0.155 ms","timestamp":"2026-03-28 15:23:23"}
{"level":"info","message":"GET /api/attendance/2026/3 304 - - 138.089 ms","timestamp":"2026-03-28 15:23:23"}
{"level":"info","message":"OPTIONS /api/telecaller-leads/stats 200 0 - 0.320 ms","timestamp":"2026-03-28 15:23:33"}
{"level":"info","message":"GET /api/telecaller-leads/stats 304 - - 49.522 ms","timestamp":"2026-03-28 15:23:33"}
{"level":"info","message":"OPTIONS /api/telecaller-leads/upload 200 0 - 0.070 ms","timestamp":"2026-03-28 15:23:52"}
{"level":"info","message":"POST /api/telecaller-leads/upload 201 72 - 151.484 ms","timestamp":"2026-03-28 15:23:52"}
{"level":"info","message":"OPTIONS /api/telecaller-leads/stats 200 0 - 0.054 ms","timestamp":"2026-03-28 15:23:52"}
{"level":"info","message":"GET /api/telecaller-leads/stats 200 96 - 41.528 ms","timestamp":"2026-03-28 15:23:52"}
{"level":"info","message":"OPTIONS /api/attendance/2026/3 200 0 - 0.050 ms","timestamp":"2026-03-28 15:23:53"}
{"level":"info","message":"GET /api/attendance/2026/3 304 - - 122.855 ms","timestamp":"2026-03-28 15:23:53"}
{"level":"info","message":"OPTIONS /api/telecaller-leads/stats 200 0 - 0.052 ms","timestamp":"2026-03-28 15:24:03"}
{"level":"info","message":"GET /api/telecaller-leads/stats 304 - - 40.502 ms","timestamp":"2026-03-28 15:24:03"}
{"level":"info","message":"OPTIONS /api/calls/sip-config 200 0 - 0.099 ms","timestamp":"2026-03-28 15:24:06"}
{"level":"info","message":"OPTIONS /api/messages/unread-count 200 0 - 0.108 ms","timestamp":"2026-03-28 15:24:06"}
{"level":"info","message":"OPTIONS /api/calls/sip-config 200 0 - 0.176 ms","timestamp":"2026-03-28 15:24:06"}
{"level":"info","message":"OPTIONS /api/messages/unread-count 200 0 - 0.128 ms","timestamp":"2026-03-28 15:24:06"}
{"level":"info","message":"GET /api/calls/sip-config 304 - - 22.065 ms","timestamp":"2026-03-28 15:24:07"}
{"level":"info","message":"GET /api/calls/sip-config 304 - - 36.874 ms","timestamp":"2026-03-28 15:24:07"}
{"level":"info","message":"GET /api/messages/unread-count 304 - - 60.888 ms","timestamp":"2026-03-28 15:24:07"}
{"level":"info","message":"GET /api/messages/unread-count 304 - - 45.706 ms","timestamp":"2026-03-28 15:24:07"}
{"level":"info","message":"OPTIONS /api/attendance/2026/3 200 0 - 0.101 ms","timestamp":"2026-03-28 15:24:07"}
{"level":"info","message":"OPTIONS /api/users 200 0 - 0.078 ms","timestamp":"2026-03-28 15:24:07"}
{"level":"info","message":"GET /api/telecaller-leads/stats 304 - - 40.491 ms","timestamp":"2026-03-28 15:24:07"}
{"level":"info","message":"GET /api/telecaller-leads/stats 304 - - 41.209 ms","timestamp":"2026-03-28 15:24:07"}
{"level":"info","message":"GET /api/attendance/2026/3 304 - - 118.128 ms","timestamp":"2026-03-28 15:24:07"}
{"level":"info","message":"GET /api/users 200 - - 124.275 ms","timestamp":"2026-03-28 15:24:07"}
{"level":"info","message":"GET /api/attendance/2026/3 304 - - 98.876 ms","timestamp":"2026-03-28 15:24:07"}
{"level":"info","message":"OPTIONS /api/attendance/2026/3 200 0 - 0.113 ms","timestamp":"2026-03-28 15:24:37"}
{"level":"info","message":"OPTIONS /api/telecaller-leads/stats 200 0 - 0.047 ms","timestamp":"2026-03-28 15:24:37"}
{"level":"info","message":"GET /api/telecaller-leads/stats 304 - - 42.777 ms","timestamp":"2026-03-28 15:24:37"}
{"level":"info","message":"GET /api/attendance/2026/3 304 - - 113.681 ms","timestamp":"2026-03-28 15:24:37"}
{"level":"info","message":"OPTIONS /api/attendance/2026/3 200 0 - 0.163 ms","timestamp":"2026-03-28 15:25:07"}
{"level":"info","message":"OPTIONS /api/telecaller-leads/stats 200 0 - 0.141 ms","timestamp":"2026-03-28 15:25:07"}
{"level":"info","message":"GET /api/telecaller-leads/stats 304 - - 70.582 ms","timestamp":"2026-03-28 15:25:07"}
{"level":"info","message":"OPTIONS /api/telecaller-leads/upload 200 0 - 0.054 ms","timestamp":"2026-03-28 15:25:07"}
{"level":"info","message":"GET /api/attendance/2026/3 304 - - 174.760 ms","timestamp":"2026-03-28 15:25:07"}
{"level":"info","message":"POST /api/telecaller-leads/upload 201 72 - 85.362 ms","timestamp":"2026-03-28 15:25:07"}
{"level":"info","message":"GET /api/telecaller-leads/stats 200 191 - 41.451 ms","timestamp":"2026-03-28 15:25:07"}
{"level":"info","message":"OPTIONS /api/attendance/2026/3 200 0 - 0.180 ms","timestamp":"2026-03-28 15:25:37"}
{"level":"info","message":"OPTIONS /api/telecaller-leads/stats 200 0 - 0.198 ms","timestamp":"2026-03-28 15:25:37"}
{"level":"info","message":"GET /api/telecaller-leads/stats 200 191 - 52.850 ms","timestamp":"2026-03-28 15:25:37"}
{"level":"info","message":"GET /api/attendance/2026/3 304 - - 130.497 ms","timestamp":"2026-03-28 15:25:37"}
{"level":"info","message":"OPTIONS /api/telecaller-leads/upload 200 0 - 0.053 ms","timestamp":"2026-03-28 15:25:50"}
{"level":"info","message":"POST /api/telecaller-leads/upload 201 72 - 86.011 ms","timestamp":"2026-03-28 15:25:50"}
{"level":"info","message":"OPTIONS /api/telecaller-leads/stats 200 0 - 0.069 ms","timestamp":"2026-03-28 15:25:50"}
{"level":"info","message":"GET /api/telecaller-leads/stats 200 286 - 42.400 ms","timestamp":"2026-03-28 15:25:50"}
{"level":"info","message":"OPTIONS /api/attendance/2026/3 200 0 - 0.254 ms","timestamp":"2026-03-28 15:26:07"}
{"level":"info","message":"OPTIONS /api/telecaller-leads/stats 200 0 - 0.132 ms","timestamp":"2026-03-28 15:26:07"}
{"level":"info","message":"GET /api/telecaller-leads/stats 200 286 - 53.128 ms","timestamp":"2026-03-28 15:26:07"}
{"level":"info","message":"GET /api/attendance/2026/3 304 - - 138.927 ms","timestamp":"2026-03-28 15:26:07"}
{"level":"info","message":"OPTIONS /api/telecaller-leads/upload 200 0 - 0.069 ms","timestamp":"2026-03-28 15:26:20"}
{"level":"info","message":"POST /api/telecaller-leads/upload 201 72 - 82.175 ms","timestamp":"2026-03-28 15:26:20"}
{"level":"info","message":"OPTIONS /api/telecaller-leads/stats 200 0 - 0.053 ms","timestamp":"2026-03-28 15:26:20"}
{"level":"info","message":"GET /api/telecaller-leads/stats 200 381 - 46.796 ms","timestamp":"2026-03-28 15:26:20"}
{"level":"info","message":"OPTIONS /api/attendance/2026/3 200 0 - 0.167 ms","timestamp":"2026-03-28 15:26:37"}
{"level":"info","message":"OPTIONS /api/telecaller-leads/stats 200 0 - 0.145 ms","timestamp":"2026-03-28 15:26:37"}
{"level":"info","message":"GET /api/telecaller-leads/stats 200 381 - 45.718 ms","timestamp":"2026-03-28 15:26:37"}
{"level":"info","message":"GET /api/attendance/2026/3 304 - - 118.863 ms","timestamp":"2026-03-28 15:26:37"}
{"level":"info","message":"OPTIONS /api/telecaller-leads/upload 200 0 - 0.054 ms","timestamp":"2026-03-28 15:26:50"}
{"level":"info","message":"POST /api/telecaller-leads/upload 201 72 - 81.565 ms","timestamp":"2026-03-28 15:26:50"}
{"level":"info","message":"OPTIONS /api/telecaller-leads/stats 200 0 - 0.053 ms","timestamp":"2026-03-28 15:26:50"}
{"level":"info","message":"GET /api/telecaller-leads/stats 200 476 - 42.661 ms","timestamp":"2026-03-28 15:26:50"}
{"level":"info","message":"OPTIONS /api/attendance/2026/3 200 0 - 0.078 ms","timestamp":"2026-03-28 15:27:07"}
{"level":"info","message":"OPTIONS /api/telecaller-leads/stats 200 0 - 0.065 ms","timestamp":"2026-03-28 15:27:07"}
{"level":"info","message":"GET /api/telecaller-leads/stats 200 476 - 41.650 ms","timestamp":"2026-03-28 15:27:07"}
{"level":"info","message":"GET /api/attendance/2026/3 304 - - 109.997 ms","timestamp":"2026-03-28 15:27:07"}
{"level":"info","message":"OPTIONS /api/attendance/2026/3 200 0 - 0.124 ms","timestamp":"2026-03-28 15:27:37"}
{"level":"info","message":"OPTIONS /api/telecaller-leads/stats 200 0 - 0.035 ms","timestamp":"2026-03-28 15:27:37"}
{"level":"info","message":"GET /api/telecaller-leads/stats 200 476 - 43.950 ms","timestamp":"2026-03-28 15:27:37"}
{"level":"info","message":"GET /api/attendance/2026/3 304 - - 136.180 ms","timestamp":"2026-03-28 15:27:37"}
{"level":"info","message":"OPTIONS /api/attendance/2026/3 200 0 - 0.126 ms","timestamp":"2026-03-28 15:28:09"}
{"level":"info","message":"OPTIONS /api/telecaller-leads/stats 200 0 - 0.122 ms","timestamp":"2026-03-28 15:28:09"}
{"level":"info","message":"GET /api/telecaller-leads/stats 200 476 - 50.359 ms","timestamp":"2026-03-28 15:28:09"}
{"level":"info","message":"GET /api/attendance/2026/3 304 - - 136.732 ms","timestamp":"2026-03-28 15:28:09"}
{"level":"info","message":"OPTIONS /api/attendance/2026/3 200 0 - 0.242 ms","timestamp":"2026-03-28 15:29:09"}
{"level":"info","message":"OPTIONS /api/telecaller-leads/stats 200 0 - 0.205 ms","timestamp":"2026-03-28 15:29:09"}
{"level":"info","message":"GET /api/telecaller-leads/stats 200 476 - 50.170 ms","timestamp":"2026-03-28 15:29:09"}
{"level":"info","message":"GET /api/attendance/2026/3 304 - - 129.909 ms","timestamp":"2026-03-28 15:29:09"}
{"level":"info","message":"OPTIONS /api/attendance/2026/3 200 0 - 0.169 ms","timestamp":"2026-03-28 15:29:37"}
{"level":"info","message":"OPTIONS /api/telecaller-leads/stats 200 0 - 0.187 ms","timestamp":"2026-03-28 15:29:37"}
{"level":"info","message":"GET /api/telecaller-leads/stats 200 476 - 52.135 ms","timestamp":"2026-03-28 15:29:37"}
{"level":"info","message":"GET /api/attendance/2026/3 304 - - 134.853 ms","timestamp":"2026-03-28 15:29:37"}
{"level":"info","message":"OPTIONS /api/attendance/2026/3 200 0 - 0.073 ms","timestamp":"2026-03-28 15:30:07"}
{"level":"info","message":"OPTIONS /api/telecaller-leads/stats 200 0 - 0.051 ms","timestamp":"2026-03-28 15:30:07"}
{"level":"info","message":"GET /api/telecaller-leads/stats 200 476 - 41.838 ms","timestamp":"2026-03-28 15:30:07"}
{"level":"info","message":"GET /api/attendance/2026/3 304 - - 115.313 ms","timestamp":"2026-03-28 15:30:07"}
{"level":"info","message":"OPTIONS /api/attendance/2026/3 200 0 - 0.326 ms","timestamp":"2026-03-28 15:30:37"}
{"level":"info","message":"OPTIONS /api/telecaller-leads/stats 200 0 - 0.165 ms","timestamp":"2026-03-28 15:30:37"}
{"level":"info","message":"GET /api/telecaller-leads/stats 200 476 - 49.332 ms","timestamp":"2026-03-28 15:30:37"}
{"level":"info","message":"GET /api/attendance/2026/3 304 - - 145.228 ms","timestamp":"2026-03-28 15:30:37"}
{"level":"info","message":"OPTIONS /api/attendance/2026/3 200 0 - 0.157 ms","timestamp":"2026-03-28 15:31:07"}
{"level":"info","message":"OPTIONS /api/telecaller-leads/stats 200 0 - 0.183 ms","timestamp":"2026-03-28 15:31:07"}
{"level":"info","message":"GET /api/telecaller-leads/stats 200 476 - 45.582 ms","timestamp":"2026-03-28 15:31:07"}
{"level":"info","message":"GET /api/attendance/2026/3 304 - - 145.676 ms","timestamp":"2026-03-28 15:31:07"}
{"level":"info","message":"OPTIONS /api/attendance/2026/3 200 0 - 0.067 ms","timestamp":"2026-03-28 15:31:37"}
{"level":"info","message":"OPTIONS /api/telecaller-leads/stats 200 0 - 0.082 ms","timestamp":"2026-03-28 15:31:37"}
{"level":"info","message":"GET /api/telecaller-leads/stats 200 476 - 55.900 ms","timestamp":"2026-03-28 15:31:37"}
{"level":"info","message":"GET /api/attendance/2026/3 304 - - 129.808 ms","timestamp":"2026-03-28 15:31:37"}
{"level":"info","message":"OPTIONS /api/attendance/2026/3 200 0 - 0.076 ms","timestamp":"2026-03-28 15:32:07"}
{"level":"info","message":"OPTIONS /api/telecaller-leads/stats 200 0 - 0.087 ms","timestamp":"2026-03-28 15:32:07"}
{"level":"info","message":"GET /api/telecaller-leads/stats 200 476 - 43.264 ms","timestamp":"2026-03-28 15:32:07"}
{"level":"info","message":"GET /api/attendance/2026/3 304 - - 117.064 ms","timestamp":"2026-03-28 15:32:07"}
{"level":"info","message":"OPTIONS /api/attendance/2026/3 200 0 - 0.236 ms","timestamp":"2026-03-28 15:33:09"}
{"level":"info","message":"OPTIONS /api/telecaller-leads/stats 200 0 - 0.119 ms","timestamp":"2026-03-28 15:33:09"}
{"level":"info","message":"GET /api/telecaller-leads/stats 304 - - 43.716 ms","timestamp":"2026-03-28 15:33:09"}
{"level":"info","message":"GET /api/attendance/2026/3 304 - - 117.162 ms","timestamp":"2026-03-28 15:33:09"}
{"level":"info","message":"OPTIONS /api/attendance/2026/3 200 0 - 0.108 ms","timestamp":"2026-03-28 15:33:49"}
{"level":"info","message":"OPTIONS /api/telecaller-leads/stats 200 0 - 0.094 ms","timestamp":"2026-03-28 15:33:49"}
{"level":"info","message":"GET /api/telecaller-leads/stats 200 476 - 42.680 ms","timestamp":"2026-03-28 15:33:49"}
{"level":"info","message":"GET /api/attendance/2026/3 304 - - 112.596 ms","timestamp":"2026-03-28 15:33:50"}
{"level":"info","message":"OPTIONS /api/calls/sip-config 200 0 - 0.129 ms","timestamp":"2026-03-28 15:33:54"}
{"level":"info","message":"OPTIONS /api/messages/unread-count 200 0 - 0.082 ms","timestamp":"2026-03-28 15:33:54"}
{"level":"info","message":"OPTIONS /api/messages/unread-count 200 0 - 0.062 ms","timestamp":"2026-03-28 15:33:54"}
{"level":"info","message":"GET /api/calls/sip-config 304 - - 21.285 ms","timestamp":"2026-03-28 15:33:54"}
{"level":"info","message":"GET /api/messages/unread-count 304 - - 42.125 ms","timestamp":"2026-03-28 15:33:54"}
{"level":"info","message":"GET /api/calls/sip-config 304 - - 22.390 ms","timestamp":"2026-03-28 15:33:54"}
{"level":"info","message":"GET /api/messages/unread-count 304 - - 46.304 ms","timestamp":"2026-03-28 15:33:54"}
{"level":"info","message":"OPTIONS /api/users 200 0 - 0.055 ms","timestamp":"2026-03-28 15:33:54"}
{"level":"info","message":"GET /api/telecaller-leads/stats 200 476 - 42.523 ms","timestamp":"2026-03-28 15:33:54"}
{"level":"info","message":"GET /api/telecaller-leads/stats 200 476 - 52.615 ms","timestamp":"2026-03-28 15:33:54"}
{"level":"info","message":"GET /api/attendance/2026/3 304 - - 120.097 ms","timestamp":"2026-03-28 15:33:54"}
{"level":"info","message":"GET /api/users 200 - - 125.926 ms","timestamp":"2026-03-28 15:33:54"}
{"level":"info","message":"GET /api/attendance/2026/3 304 - - 97.839 ms","timestamp":"2026-03-28 15:33:54"}
{"level":"info","message":"OPTIONS /api/attendance/2026/3 200 0 - 0.172 ms","timestamp":"2026-03-28 15:34:25"}
{"level":"info","message":"OPTIONS /api/telecaller-leads/stats 200 0 - 0.202 ms","timestamp":"2026-03-28 15:34:25"}
{"level":"info","message":"GET /api/telecaller-leads/stats 200 476 - 44.009 ms","timestamp":"2026-03-28 15:34:25"}
{"level":"info","message":"GET /api/attendance/2026/3 304 - - 117.307 ms","timestamp":"2026-03-28 15:34:25"}
{"level":"info","message":"OPTIONS /api/attendance/2026/3 200 0 - 0.109 ms","timestamp":"2026-03-28 15:34:55"}
{"level":"info","message":"OPTIONS /api/telecaller-leads/stats 200 0 - 0.086 ms","timestamp":"2026-03-28 15:34:55"}
{"level":"info","message":"GET /api/telecaller-leads/stats 200 476 - 45.654 ms","timestamp":"2026-03-28 15:34:55"}
{"level":"info","message":"GET /api/attendance/2026/3 304 - - 127.291 ms","timestamp":"2026-03-28 15:34:55"}
{"level":"info","message":"OPTIONS /api/calls/sip-config 200 0 - 0.125 ms","timestamp":"2026-03-28 15:35:00"}
{"level":"info","message":"OPTIONS /api/messages/unread-count 200 0 - 0.076 ms","timestamp":"2026-03-28 15:35:00"}
{"level":"info","message":"OPTIONS /api/calls/sip-config 200 0 - 0.065 ms","timestamp":"2026-03-28 15:35:00"}
{"level":"info","message":"GET /api/calls/sip-config - - - - ms","timestamp":"2026-03-28 15:35:00"}
{"level":"info","message":"GET /api/messages/unread-count - - - - ms","timestamp":"2026-03-28 15:35:00"}
{"level":"info","message":"GET /api/calls/sip-config 200 197 - 22.605 ms","timestamp":"2026-03-28 15:35:01"}
{"level":"info","message":"GET /api/calls/sip-config 304 - - 22.449 ms","timestamp":"2026-03-28 15:35:01"}
{"level":"info","message":"GET /api/messages/unread-count 200 17 - 48.435 ms","timestamp":"2026-03-28 15:35:01"}
{"level":"info","message":"GET /api/messages/unread-count 304 - - 46.533 ms","timestamp":"2026-03-28 15:35:01"}
{"level":"info","message":"OPTIONS /api/attendance/2026/3 200 0 - 0.074 ms","timestamp":"2026-03-28 15:35:01"}
{"level":"info","message":"OPTIONS /api/users 200 0 - 0.046 ms","timestamp":"2026-03-28 15:35:01"}
{"level":"info","message":"OPTIONS /api/telecaller-leads/stats 200 0 - 0.039 ms","timestamp":"2026-03-28 15:35:01"}
{"level":"info","message":"GET /api/telecaller-leads/stats 304 - - 51.999 ms","timestamp":"2026-03-28 15:35:01"}
{"level":"info","message":"GET /api/attendance/2026/3 304 - - 111.607 ms","timestamp":"2026-03-28 15:35:01"}
{"level":"info","message":"GET /api/telecaller-leads/stats 200 476 - 51.302 ms","timestamp":"2026-03-28 15:35:01"}
{"level":"info","message":"GET /api/users 200 - - 150.640 ms","timestamp":"2026-03-28 15:35:01"}
{"level":"info","message":"GET /api/attendance/2026/3 304 - - 115.611 ms","timestamp":"2026-03-28 15:35:01"}
{"level":"info","message":"GET /api/calls/sip-config 304 - - 29.067 ms","timestamp":"2026-03-28 15:35:05"}
{"level":"info","message":"GET /api/messages/unread-count 304 - - 44.904 ms","timestamp":"2026-03-28 15:35:05"}
{"level":"info","message":"GET /api/calls/sip-config 304 - - 22.428 ms","timestamp":"2026-03-28 15:35:05"}
{"level":"info","message":"GET /api/messages/unread-count 304 - - 45.684 ms","timestamp":"2026-03-28 15:35:05"}
{"level":"info","message":"GET /api/telecaller-leads/stats 304 - - 45.307 ms","timestamp":"2026-03-28 15:35:05"}
{"level":"info","message":"GET /api/telecaller-leads/stats 200 476 - 45.733 ms","timestamp":"2026-03-28 15:35:05"}
{"level":"info","message":"GET /api/users 200 - - 110.776 ms","timestamp":"2026-03-28 15:35:05"}
{"level":"info","message":"GET /api/attendance/2026/3 304 - - 131.774 ms","timestamp":"2026-03-28 15:35:05"}
{"level":"info","message":"GET /api/attendance/2026/3 304 - - 103.588 ms","timestamp":"2026-03-28 15:35:05"}
{"level":"info","message":"OPTIONS /api/attendance/2026/3 200 0 - 0.362 ms","timestamp":"2026-03-28 15:35:35"}
{"level":"info","message":"OPTIONS /api/telecaller-leads/stats 200 0 - 0.120 ms","timestamp":"2026-03-28 15:35:35"}
{"level":"info","message":"GET /api/telecaller-leads/stats 200 476 - 93.957 ms","timestamp":"2026-03-28 15:35:35"}
{"level":"info","message":"GET /api/attendance/2026/3 304 - - 169.464 ms","timestamp":"2026-03-28 15:35:35"}
{"level":"info","message":"OPTIONS /api/attendance/2026/3 200 0 - 0.065 ms","timestamp":"2026-03-28 15:36:05"}
{"level":"info","message":"OPTIONS /api/telecaller-leads/stats 200 0 - 0.049 ms","timestamp":"2026-03-28 15:36:05"}
{"level":"info","message":"GET /api/telecaller-leads/stats 200 476 - 42.380 ms","timestamp":"2026-03-28 15:36:05"}
{"level":"info","message":"GET /api/attendance/2026/3 304 - - 108.799 ms","timestamp":"2026-03-28 15:36:05"}
{"level":"info","message":"OPTIONS /api/attendance/2026/3 200 0 - 0.143 ms","timestamp":"2026-03-28 15:36:35"}
{"level":"info","message":"OPTIONS /api/telecaller-leads/stats 200 0 - 0.165 ms","timestamp":"2026-03-28 15:36:35"}
{"level":"info","message":"GET /api/telecaller-leads/stats 304 - - 48.343 ms","timestamp":"2026-03-28 15:36:35"}
{"level":"info","message":"GET /api/attendance/2026/3 304 - - 125.476 ms","timestamp":"2026-03-28 15:36:35"}
{"level":"info","message":"OPTIONS /api/attendance/2026/3 200 0 - 0.050 ms","timestamp":"2026-03-28 15:37:05"}
{"level":"info","message":"OPTIONS /api/telecaller-leads/stats 200 0 - 0.060 ms","timestamp":"2026-03-28 15:37:05"}
{"level":"info","message":"GET /api/telecaller-leads/stats 200 476 - 41.654 ms","timestamp":"2026-03-28 15:37:05"}
{"level":"info","message":"GET /api/attendance/2026/3 304 - - 120.062 ms","timestamp":"2026-03-28 15:37:05"}
{"level":"info","message":"OPTIONS /api/attendance/2026/3 200 0 - 0.156 ms","timestamp":"2026-03-28 15:37:35"}
{"level":"info","message":"OPTIONS /api/telecaller-leads/stats 200 0 - 0.199 ms","timestamp":"2026-03-28 15:37:35"}
{"level":"info","message":"GET /api/telecaller-leads/stats 200 476 - 46.634 ms","timestamp":"2026-03-28 15:37:35"}
{"level":"info","message":"GET /api/attendance/2026/3 304 - - 136.397 ms","timestamp":"2026-03-28 15:37:35"}
{"level":"info","message":"OPTIONS /api/attendance/2026/3 200 0 - 0.079 ms","timestamp":"2026-03-28 15:38:05"}
{"level":"info","message":"OPTIONS /api/telecaller-leads/stats 200 0 - 0.039 ms","timestamp":"2026-03-28 15:38:05"}
{"level":"info","message":"GET /api/telecaller-leads/stats 200 476 - 42.961 ms","timestamp":"2026-03-28 15:38:05"}
{"level":"info","message":"GET /api/attendance/2026/3 304 - - 112.662 ms","timestamp":"2026-03-28 15:38:05"}
{"level":"info","message":"OPTIONS /api/attendance/2026/3 200 0 - 0.260 ms","timestamp":"2026-03-28 15:39:09"}
{"level":"info","message":"OPTIONS /api/telecaller-leads/stats 200 0 - 0.144 ms","timestamp":"2026-03-28 15:39:09"}
{"level":"info","message":"GET /api/telecaller-leads/stats 200 476 - 48.117 ms","timestamp":"2026-03-28 15:39:09"}
{"level":"info","message":"GET /api/attendance/2026/3 304 - - 117.529 ms","timestamp":"2026-03-28 15:39:09"}
{"level":"info","message":"OPTIONS /api/attendance/2026/3 200 0 - 0.071 ms","timestamp":"2026-03-28 15:40:09"}
{"level":"info","message":"OPTIONS /api/telecaller-leads/stats 200 0 - 0.068 ms","timestamp":"2026-03-28 15:40:09"}
{"level":"info","message":"GET /api/telecaller-leads/stats 200 476 - 43.176 ms","timestamp":"2026-03-28 15:40:09"}
{"level":"info","message":"GET /api/attendance/2026/3 304 - - 111.888 ms","timestamp":"2026-03-28 15:40:09"}
{"level":"info","message":"OPTIONS /api/attendance/2026/3 200 0 - 0.053 ms","timestamp":"2026-03-28 15:40:35"}
{"level":"info","message":"OPTIONS /api/telecaller-leads/stats 200 0 - 0.051 ms","timestamp":"2026-03-28 15:40:35"}
{"level":"info","message":"GET /api/telecaller-leads/stats 200 476 - 42.498 ms","timestamp":"2026-03-28 15:40:35"}
{"level":"info","message":"GET /api/attendance/2026/3 304 - - 116.590 ms","timestamp":"2026-03-28 15:40:35"}
{"level":"info","message":"OPTIONS /api/attendance/2026/3 200 0 - 0.062 ms","timestamp":"2026-03-28 15:41:05"}
{"level":"info","message":"OPTIONS /api/telecaller-leads/stats 200 0 - 0.056 ms","timestamp":"2026-03-28 15:41:05"}
{"level":"info","message":"GET /api/telecaller-leads/stats 200 476 - 42.031 ms","timestamp":"2026-03-28 15:41:05"}
{"level":"info","message":"GET /api/attendance/2026/3 304 - - 113.827 ms","timestamp":"2026-03-28 15:41:05"}
{"level":"info","message":"OPTIONS /api/attendance/2026/3 200 0 - 0.153 ms","timestamp":"2026-03-28 15:41:47"}
{"level":"info","message":"OPTIONS /api/telecaller-leads/stats 200 0 - 0.060 ms","timestamp":"2026-03-28 15:41:47"}
{"level":"info","message":"GET /api/telecaller-leads/stats 200 476 - 44.005 ms","timestamp":"2026-03-28 15:41:47"}
{"level":"info","message":"GET /api/attendance/2026/3 304 - - 114.801 ms","timestamp":"2026-03-28 15:41:47"}
{"level":"info","message":"OPTIONS /api/calls/daily-stats 200 0 - 0.165 ms","timestamp":"2026-03-28 15:42:04"}
{"level":"info","message":"OPTIONS /api/calls/daily-stats 200 0 - 0.050 ms","timestamp":"2026-03-28 15:42:04"}
{"level":"info","message":"GET /api/calls/daily-stats 304 - - 42.302 ms","timestamp":"2026-03-28 15:42:04"}
{"level":"info","message":"GET /api/calls/daily-stats 200 368 - 40.849 ms","timestamp":"2026-03-28 15:42:04"}
{"level":"info","message":"OPTIONS /api/attendance/2026/3 200 0 - 0.050 ms","timestamp":"2026-03-28 15:42:05"}
{"level":"info","message":"GET /api/attendance/2026/3 304 - - 115.899 ms","timestamp":"2026-03-28 15:42:05"}
{"level":"info","message":"OPTIONS /api/attendance/2026/3 200 0 - 0.077 ms","timestamp":"2026-03-28 15:42:35"}
{"level":"info","message":"GET /api/attendance/2026/3 304 - - 143.769 ms","timestamp":"2026-03-28 15:42:35"}
{"level":"info","message":"OPTIONS /api/attendance/2026/3 200 0 - 0.047 ms","timestamp":"2026-03-28 15:43:05"}
{"level":"info","message":"GET /api/attendance/2026/3 304 - - 126.074 ms","timestamp":"2026-03-28 15:43:05"}
{"level":"info","message":"OPTIONS /api/attendance/2026/3 200 0 - 0.057 ms","timestamp":"2026-03-28 15:43:35"}
{"level":"info","message":"GET /api/attendance/2026/3 304 - - 127.809 ms","timestamp":"2026-03-28 15:43:35"}
{"level":"info","message":"OPTIONS /api/attendance/2026/3 200 0 - 0.146 ms","timestamp":"2026-03-28 15:44:05"}
{"level":"info","message":"GET /api/attendance/2026/3 304 - - 153.557 ms","timestamp":"2026-03-28 15:44:05"}
{"level":"info","message":"OPTIONS /api/attendance/2026/3 200 0 - 0.280 ms","timestamp":"2026-03-28 15:44:35"}
{"level":"info","message":"GET /api/attendance/2026/3 304 - - 158.601 ms","timestamp":"2026-03-28 15:44:35"}
{"level":"info","message":"OPTIONS /api/attendance/2026/3 200 0 - 0.163 ms","timestamp":"2026-03-28 15:45:05"}
{"level":"info","message":"GET /api/attendance/2026/3 304 - - 118.195 ms","timestamp":"2026-03-28 15:45:05"}
{"level":"info","message":"OPTIONS /api/attendance/2026/3 200 0 - 0.195 ms","timestamp":"2026-03-28 15:46:09"}
{"level":"info","message":"GET /api/attendance/2026/3 304 - - 117.093 ms","timestamp":"2026-03-28 15:46:09"}
{"level":"info","message":"OPTIONS /api/attendance/2026/3 200 0 - 0.100 ms","timestamp":"2026-03-28 15:47:02"}
{"level":"info","message":"GET /api/attendance/2026/3 304 - - 111.179 ms","timestamp":"2026-03-28 15:47:02"}
{"level":"info","message":"GET /api/attendance/2026/3 304 - - 108.489 ms","timestamp":"2026-03-28 15:47:05"}
{"level":"info","message":"OPTIONS /api/attendance/2026/3 200 0 - 0.309 ms","timestamp":"2026-03-28 15:47:35"}
{"level":"info","message":"GET /api/attendance/2026/3 304 - - 138.708 ms","timestamp":"2026-03-28 15:47:35"}
{"level":"info","message":"OPTIONS /api/attendance/2026/3 200 0 - 0.101 ms","timestamp":"2026-03-28 15:48:09"}
{"level":"info","message":"GET /api/attendance/2026/3 304 - - 134.055 ms","timestamp":"2026-03-28 15:48:09"}
{"level":"info","message":"OPTIONS /api/attendance/2026/3 200 0 - 0.146 ms","timestamp":"2026-03-28 15:49:09"}
{"level":"info","message":"GET /api/attendance/2026/3 304 - - 126.610 ms","timestamp":"2026-03-28 15:49:09"}
{"level":"info","message":"OPTIONS /api/calls/daily-stats 200 0 - 0.089 ms","timestamp":"2026-03-28 15:49:26"}
{"level":"info","message":"GET /api/calls/daily-stats 304 - - 43.687 ms","timestamp":"2026-03-28 15:49:26"}
{"level":"info","message":"OPTIONS /api/attendance/2026/3 200 0 - 0.123 ms","timestamp":"2026-03-28 15:49:48"}
{"level":"info","message":"GET /api/attendance/2026/3 304 - - 110.872 ms","timestamp":"2026-03-28 15:49:48"}
{"level":"info","message":"OPTIONS /api/calls/sip-config 200 0 - 0.181 ms","timestamp":"2026-03-28 15:49:52"}
{"level":"info","message":"OPTIONS /api/messages/unread-count 200 0 - 0.133 ms","timestamp":"2026-03-28 15:49:52"}
{"level":"info","message":"OPTIONS /api/messages/unread-count 200 0 - 0.095 ms","timestamp":"2026-03-28 15:49:52"}
{"level":"info","message":"GET /api/calls/sip-config 304 - - 21.615 ms","timestamp":"2026-03-28 15:49:52"}
{"level":"info","message":"GET /api/calls/sip-config 304 - - 22.253 ms","timestamp":"2026-03-28 15:49:52"}
{"level":"info","message":"GET /api/messages/unread-count 304 - - 48.590 ms","timestamp":"2026-03-28 15:49:52"}
{"level":"info","message":"GET /api/messages/unread-count 304 - - 53.286 ms","timestamp":"2026-03-28 15:49:52"}
{"level":"info","message":"OPTIONS /api/attendance/2026/3 200 0 - 0.050 ms","timestamp":"2026-03-28 15:49:53"}
{"level":"info","message":"OPTIONS /api/users 200 0 - 0.047 ms","timestamp":"2026-03-28 15:49:53"}
{"level":"info","message":"OPTIONS /api/calls/daily-stats 200 0 - 0.043 ms","timestamp":"2026-03-28 15:49:53"}
{"level":"info","message":"OPTIONS /api/attendance/2026/3 200 0 - 0.071 ms","timestamp":"2026-03-28 15:49:53"}
{"level":"info","message":"GET /api/calls/daily-stats 200 368 - 42.510 ms","timestamp":"2026-03-28 15:49:53"}
{"level":"info","message":"GET /api/calls/daily-stats 304 - - 45.154 ms","timestamp":"2026-03-28 15:49:53"}
{"level":"info","message":"GET /api/users 200 - - 117.033 ms","timestamp":"2026-03-28 15:49:53"}
{"level":"info","message":"GET /api/attendance/2026/3 304 - - 138.599 ms","timestamp":"2026-03-28 15:49:53"}
{"level":"info","message":"GET /api/calls/daily-stats 200 368 - 41.904 ms","timestamp":"2026-03-28 15:49:53"}
{"level":"info","message":"GET /api/attendance/2026/3 304 - - 112.560 ms","timestamp":"2026-03-28 15:49:53"}
{"level":"info","message":"OPTIONS /api/calls/sip-config 200 0 - 0.114 ms","timestamp":"2026-03-28 15:50:06"}
{"level":"info","message":"OPTIONS /api/messages/unread-count 200 0 - 0.079 ms","timestamp":"2026-03-28 15:50:06"}
{"level":"info","message":"OPTIONS /api/messages/unread-count 200 0 - 0.071 ms","timestamp":"2026-03-28 15:50:06"}
{"level":"info","message":"GET /api/calls/sip-config - - - - ms","timestamp":"2026-03-28 15:50:06"}
{"level":"info","message":"GET /api/calls/sip-config 200 197 - 24.942 ms","timestamp":"2026-03-28 15:50:06"}
{"level":"info","message":"GET /api/calls/sip-config 304 - - 21.295 ms","timestamp":"2026-03-28 15:50:06"}
{"level":"info","message":"GET /api/messages/unread-count 200 17 - 56.170 ms","timestamp":"2026-03-28 15:50:07"}
{"level":"info","message":"GET /api/messages/unread-count 304 - - 49.943 ms","timestamp":"2026-03-28 15:50:07"}
{"level":"info","message":"OPTIONS /api/attendance/2026/3 200 0 - 0.076 ms","timestamp":"2026-03-28 15:50:07"}
{"level":"info","message":"OPTIONS /api/users 200 0 - 0.043 ms","timestamp":"2026-03-28 15:50:07"}
{"level":"info","message":"OPTIONS /api/calls/daily-stats 200 0 - 0.081 ms","timestamp":"2026-03-28 15:50:07"}
{"level":"info","message":"GET /api/calls/daily-stats 200 368 - 42.781 ms","timestamp":"2026-03-28 15:50:07"}
{"level":"info","message":"GET /api/calls/daily-stats 200 368 - 48.954 ms","timestamp":"2026-03-28 15:50:07"}
{"level":"info","message":"GET /api/users 200 - - 119.486 ms","timestamp":"2026-03-28 15:50:07"}
{"level":"info","message":"GET /api/attendance/2026/3 304 - - 147.205 ms","timestamp":"2026-03-28 15:50:07"}
{"level":"info","message":"GET /api/calls/daily-stats 304 - - 53.828 ms","timestamp":"2026-03-28 15:50:07"}
{"level":"info","message":"GET /api/attendance/2026/3 304 - - 118.462 ms","timestamp":"2026-03-28 15:50:07"}
{"level":"info","message":"GET /api/messages/unread-count - - - - ms","timestamp":"2026-03-28 15:50:07"}
{"level":"info","message":"GET /api/messages/unread-count - - - - ms","timestamp":"2026-03-28 15:50:07"}
{"level":"info","message":"GET /api/calls/sip-config - - - - ms","timestamp":"2026-03-28 15:50:07"}
{"level":"info","message":"GET /api/calls/sip-config 200 197 - 28.350 ms","timestamp":"2026-03-28 15:50:08"}
{"level":"info","message":"GET /api/messages/unread-count 200 17 - 49.740 ms","timestamp":"2026-03-28 15:50:08"}
{"level":"info","message":"GET /api/calls/sip-config 304 - - 29.401 ms","timestamp":"2026-03-28 15:50:08"}
{"level":"info","message":"GET /api/messages/unread-count 304 - - 50.664 ms","timestamp":"2026-03-28 15:50:08"}
{"level":"info","message":"GET /api/calls/daily-stats 304 - - 51.041 ms","timestamp":"2026-03-28 15:50:08"}
{"level":"info","message":"GET /api/calls/daily-stats 200 368 - 54.564 ms","timestamp":"2026-03-28 15:50:08"}
{"level":"info","message":"GET /api/attendance/2026/3 304 - - 128.228 ms","timestamp":"2026-03-28 15:50:08"}
{"level":"info","message":"GET /api/users 200 - - 116.938 ms","timestamp":"2026-03-28 15:50:08"}
{"level":"info","message":"GET /api/calls/daily-stats 304 - - 41.191 ms","timestamp":"2026-03-28 15:50:08"}
{"level":"info","message":"GET /api/attendance/2026/3 304 - - 101.352 ms","timestamp":"2026-03-28 15:50:08"}
{"level":"info","message":"OPTIONS /api/calls/sip-config 200 0 - 0.165 ms","timestamp":"2026-03-28 15:50:15"}
{"level":"info","message":"OPTIONS /api/messages/unread-count 200 0 - 0.068 ms","timestamp":"2026-03-28 15:50:15"}
{"level":"info","message":"OPTIONS /api/calls/sip-config 200 0 - 0.075 ms","timestamp":"2026-03-28 15:50:15"}
{"level":"info","message":"OPTIONS /api/messages/unread-count 200 0 - 0.062 ms","timestamp":"2026-03-28 15:50:15"}
{"level":"info","message":"GET /api/calls/sip-config 304 - - 22.808 ms","timestamp":"2026-03-28 15:50:15"}
{"level":"info","message":"GET /api/messages/unread-count 304 - - 44.659 ms","timestamp":"2026-03-28 15:50:15"}
{"level":"info","message":"GET /api/calls/sip-config 304 - - 23.490 ms","timestamp":"2026-03-28 15:50:15"}
{"level":"info","message":"GET /api/messages/unread-count 304 - - 57.311 ms","timestamp":"2026-03-28 15:50:15"}
{"level":"info","message":"OPTIONS /api/attendance/2026/3 200 0 - 0.050 ms","timestamp":"2026-03-28 15:50:16"}
{"level":"info","message":"OPTIONS /api/users 200 0 - 0.031 ms","timestamp":"2026-03-28 15:50:16"}
{"level":"info","message":"OPTIONS /api/calls/daily-stats 200 0 - 0.029 ms","timestamp":"2026-03-28 15:50:16"}
{"level":"info","message":"GET /api/calls/daily-stats 200 368 - 41.622 ms","timestamp":"2026-03-28 15:50:16"}
{"level":"info","message":"GET /api/calls/daily-stats 304 - - 49.280 ms","timestamp":"2026-03-28 15:50:16"}
{"level":"info","message":"GET /api/attendance/2026/3 304 - - 115.523 ms","timestamp":"2026-03-28 15:50:16"}
{"level":"info","message":"GET /api/users 200 - - 109.087 ms","timestamp":"2026-03-28 15:50:16"}
{"level":"info","message":"GET /api/calls/daily-stats 200 368 - 41.160 ms","timestamp":"2026-03-28 15:50:16"}
{"level":"info","message":"GET /api/attendance/2026/3 304 - - 98.458 ms","timestamp":"2026-03-28 15:50:16"}
{"level":"info","message":"OPTIONS /api/attendance/2026/3 200 0 - 0.178 ms","timestamp":"2026-03-28 15:50:46"}
{"level":"info","message":"GET /api/attendance/2026/3 304 - - 155.596 ms","timestamp":"2026-03-28 15:50:46"}
{"level":"info","message":"OPTIONS /api/attendance/2026/3 200 0 - 0.049 ms","timestamp":"2026-03-28 15:51:16"}
{"level":"info","message":"GET /api/attendance/2026/3 304 - - 107.341 ms","timestamp":"2026-03-28 15:51:16"}
{"level":"info","message":"OPTIONS /api/attendance/2026/3 200 0 - 0.085 ms","timestamp":"2026-03-28 15:51:46"}
{"level":"info","message":"GET /api/attendance/2026/3 304 - - 126.807 ms","timestamp":"2026-03-28 15:51:46"}
{"level":"info","message":"OPTIONS /api/attendance/2026/3 200 0 - 0.074 ms","timestamp":"2026-03-28 15:52:16"}
{"level":"info","message":"GET /api/attendance/2026/3 304 - - 136.583 ms","timestamp":"2026-03-28 15:52:16"}
{"level":"info","message":"OPTIONS /api/telecaller-leads/stats 200 0 - 0.070 ms","timestamp":"2026-03-28 15:52:31"}
{"level":"info","message":"OPTIONS /api/telecaller-leads/stats 200 0 - 0.066 ms","timestamp":"2026-03-28 15:52:31"}
{"level":"info","message":"GET /api/telecaller-leads/stats 200 476 - 42.506 ms","timestamp":"2026-03-28 15:52:31"}
{"level":"info","message":"GET /api/telecaller-leads/stats 200 476 - 56.143 ms","timestamp":"2026-03-28 15:52:31"}
{"level":"info","message":"OPTIONS /api/attendance/2026/3 200 0 - 0.082 ms","timestamp":"2026-03-28 15:52:46"}
{"level":"info","message":"GET /api/attendance/2026/3 304 - - 111.404 ms","timestamp":"2026-03-28 15:52:46"}
{"level":"info","message":"OPTIONS /api/telecaller-leads/stats 200 0 - 0.057 ms","timestamp":"2026-03-28 15:53:01"}
{"level":"info","message":"GET /api/telecaller-leads/stats 200 476 - 40.993 ms","timestamp":"2026-03-28 15:53:01"}
{"level":"info","message":"OPTIONS /api/attendance/2026/3 200 0 - 0.049 ms","timestamp":"2026-03-28 15:53:16"}
{"level":"info","message":"GET /api/attendance/2026/3 304 - - 130.257 ms","timestamp":"2026-03-28 15:53:16"}
{"level":"info","message":"OPTIONS /api/telecaller-leads/stats 200 0 - 0.134 ms","timestamp":"2026-03-28 15:53:31"}
{"level":"info","message":"GET /api/telecaller-leads/stats 200 476 - 46.994 ms","timestamp":"2026-03-28 15:53:31"}
{"level":"info","message":"OPTIONS /api/telecaller-leads/stats 200 0 - 0.160 ms","timestamp":"2026-03-28 15:54:01"}
{"level":"info","message":"GET /api/telecaller-leads/stats 200 476 - 47.766 ms","timestamp":"2026-03-28 15:54:01"}
{"level":"info","message":"OPTIONS /api/attendance/2026/3 200 0 - 0.115 ms","timestamp":"2026-03-28 15:54:09"}
{"level":"info","message":"GET /api/attendance/2026/3 304 - - 127.888 ms","timestamp":"2026-03-28 15:54:09"}
{"level":"info","message":"OPTIONS /api/telecaller-leads/stats 200 0 - 0.057 ms","timestamp":"2026-03-28 15:54:31"}
{"level":"info","message":"GET /api/telecaller-leads/stats 200 476 - 41.126 ms","timestamp":"2026-03-28 15:54:31"}
{"level":"info","message":"OPTIONS /api/telecaller-leads/stats 200 0 - 0.054 ms","timestamp":"2026-03-28 15:55:01"}
{"level":"info","message":"GET /api/telecaller-leads/stats 200 476 - 42.849 ms","timestamp":"2026-03-28 15:55:01"}
{"level":"info","message":"OPTIONS /api/attendance/2026/3 200 0 - 0.065 ms","timestamp":"2026-03-28 15:55:09"}
{"level":"info","message":"GET /api/attendance/2026/3 200 - - 117.188 ms","timestamp":"2026-03-28 15:55:09"}
{"level":"info","message":"OPTIONS /api/telecaller-leads/stats 200 0 - 0.164 ms","timestamp":"2026-03-28 15:55:31"}
{"level":"info","message":"GET /api/telecaller-leads/stats 200 476 - 46.066 ms","timestamp":"2026-03-28 15:55:31"}
{"level":"info","message":"OPTIONS /api/attendance/2026/3 200 0 - 0.071 ms","timestamp":"2026-03-28 15:56:09"}
{"level":"info","message":"OPTIONS /api/telecaller-leads/stats 200 0 - 0.069 ms","timestamp":"2026-03-28 15:56:09"}
{"level":"info","message":"GET /api/telecaller-leads/stats 200 476 - 42.431 ms","timestamp":"2026-03-28 15:56:09"}
{"level":"info","message":"GET /api/attendance/2026/3 304 - - 109.160 ms","timestamp":"2026-03-28 15:56:09"}
{"level":"info","message":"OPTIONS /api/attendance/2026/3 200 0 - 0.215 ms","timestamp":"2026-03-28 15:57:09"}
{"level":"info","message":"OPTIONS /api/telecaller-leads/stats 200 0 - 0.141 ms","timestamp":"2026-03-28 15:57:09"}
{"level":"info","message":"GET /api/telecaller-leads/stats 200 476 - 50.840 ms","timestamp":"2026-03-28 15:57:09"}
{"level":"info","message":"GET /api/attendance/2026/3 304 - - 116.262 ms","timestamp":"2026-03-28 15:57:09"}
{"level":"info","message":"OPTIONS /api/attendance/2026/3 200 0 - 0.166 ms","timestamp":"2026-03-28 15:58:09"}
{"level":"info","message":"OPTIONS /api/telecaller-leads/stats 200 0 - 0.212 ms","timestamp":"2026-03-28 15:58:09"}
{"level":"info","message":"GET /api/telecaller-leads/stats 200 476 - 45.532 ms","timestamp":"2026-03-28 15:58:09"}
{"level":"info","message":"GET /api/attendance/2026/3 304 - - 116.548 ms","timestamp":"2026-03-28 15:58:09"}
{"level":"info","message":"OPTIONS /api/attendance/2026/3 200 0 - 0.402 ms","timestamp":"2026-03-28 15:59:09"}
{"level":"info","message":"OPTIONS /api/telecaller-leads/stats 200 0 - 0.214 ms","timestamp":"2026-03-28 15:59:09"}
{"level":"info","message":"GET /api/telecaller-leads/stats 200 476 - 45.102 ms","timestamp":"2026-03-28 15:59:09"}
{"level":"info","message":"GET /api/attendance/2026/3 304 - - 116.042 ms","timestamp":"2026-03-28 15:59:09"}
{"level":"info","message":"OPTIONS /api/attendance/2026/3 200 0 - 0.150 ms","timestamp":"2026-03-28 15:59:35"}
{"level":"info","message":"OPTIONS /api/telecaller-leads/stats 200 0 - 0.277 ms","timestamp":"2026-03-28 15:59:35"}
{"level":"info","message":"GET /api/telecaller-leads/stats 200 476 - 48.100 ms","timestamp":"2026-03-28 15:59:35"}
{"level":"info","message":"GET /api/attendance/2026/3 304 - - 146.981 ms","timestamp":"2026-03-28 15:59:35"}
{"level":"info","message":"OPTIONS /api/attendance/2026/3 200 0 - 0.078 ms","timestamp":"2026-03-28 15:59:46"}
{"level":"info","message":"GET /api/attendance/2026/3 304 - - 110.236 ms","timestamp":"2026-03-28 15:59:46"}
{"level":"info","message":"OPTIONS /api/telecaller-leads/stats 200 0 - 0.048 ms","timestamp":"2026-03-28 16:00:01"}
{"level":"info","message":"GET /api/telecaller-leads/stats 200 476 - 41.653 ms","timestamp":"2026-03-28 16:00:01"}
{"level":"info","message":"OPTIONS /api/attendance/2026/3 200 0 - 0.150 ms","timestamp":"2026-03-28 16:00:16"}
{"level":"info","message":"GET /api/attendance/2026/3 304 - - 130.801 ms","timestamp":"2026-03-28 16:00:16"}
{"level":"info","message":"OPTIONS /api/telecaller-leads/upload 200 0 - 0.057 ms","timestamp":"2026-03-28 16:00:21"}
{"level":"info","message":"POST /api/telecaller-leads/upload 201 68 - 49.660 ms","timestamp":"2026-03-28 16:00:21"}
{"level":"info","message":"OPTIONS /api/telecaller-leads/stats 200 0 - 0.053 ms","timestamp":"2026-03-28 16:00:21"}
{"level":"info","message":"GET /api/telecaller-leads/stats 200 567 - 42.330 ms","timestamp":"2026-03-28 16:00:21"}
{"level":"info","message":"OPTIONS /api/auth/logout 200 0 - 0.052 ms","timestamp":"2026-03-28 16:00:26"}
{"level":"info","message":"POST /api/auth/logout 200 31 - 1.275 ms","timestamp":"2026-03-28 16:00:26"}
{"level":"info","message":"OPTIONS /api/users/logout 200 0 - 0.057 ms","timestamp":"2026-03-28 16:00:26"}
{"level":"info","message":"POST /api/users/logout 200 33 - 108.758 ms","timestamp":"2026-03-28 16:00:26"}
{"level":"info","message":"OPTIONS /api/auth/login 200 0 - 0.091 ms","timestamp":"2026-03-28 16:00:41"}
{"level":"info","message":"POST /api/auth/login 200 784 - 228.288 ms","timestamp":"2026-03-28 16:00:41"}
{"level":"info","message":"OPTIONS /api/messages/unread-count 200 0 - 0.109 ms","timestamp":"2026-03-28 16:00:41"}
{"level":"info","message":"GET /api/messages/unread-count 200 17 - 55.255 ms","timestamp":"2026-03-28 16:00:41"}
{"level":"info","message":"OPTIONS /api/attendance/2026/3 200 0 - 0.059 ms","timestamp":"2026-03-28 16:00:41"}
{"level":"info","message":"OPTIONS /api/users 200 0 - 0.064 ms","timestamp":"2026-03-28 16:00:41"}
{"level":"info","message":"OPTIONS /api/tasks 200 0 - 0.054 ms","timestamp":"2026-03-28 16:00:41"}
{"level":"info","message":"OPTIONS /api/attendance/2026/3 200 0 - 0.065 ms","timestamp":"2026-03-28 16:00:41"}
{"level":"info","message":"OPTIONS /api/users 200 0 - 0.040 ms","timestamp":"2026-03-28 16:00:41"}
{"level":"info","message":"OPTIONS /api/tasks 200 0 - 0.039 ms","timestamp":"2026-03-28 16:00:41"}
{"level":"info","message":"GET /api/tasks 200 2 - 45.291 ms","timestamp":"2026-03-28 16:00:41"}
{"level":"info","message":"GET /api/tasks 304 - - 42.928 ms","timestamp":"2026-03-28 16:00:41"}
{"level":"info","message":"GET /api/users 200 - - 108.677 ms","timestamp":"2026-03-28 16:00:41"}
{"level":"info","message":"GET /api/attendance/2026/3 200 - - 116.724 ms","timestamp":"2026-03-28 16:00:41"}
{"level":"info","message":"GET /api/users 304 - - 78.258 ms","timestamp":"2026-03-28 16:00:41"}
{"level":"info","message":"GET /api/attendance/2026/3 304 - - 112.264 ms","timestamp":"2026-03-28 16:00:41"}
{"level":"info","message":"OPTIONS /api/telecaller-leads/shuffle 200 0 - 0.070 ms","timestamp":"2026-03-28 16:00:47"}
{"level":"info","message":"GET /api/telecaller-leads/shuffle 200 233 - 99.514 ms","timestamp":"2026-03-28 16:00:47"}
{"level":"info","message":"GET /api/telecaller-leads/shuffle 404 46 - 40.186 ms","timestamp":"2026-03-28 16:00:52"}
{"level":"info","message":"OPTIONS /api/users/me 200 0 - 0.096 ms","timestamp":"2026-03-28 16:01:01"}
{"level":"info","message":"OPTIONS /api/users 200 0 - 0.050 ms","timestamp":"2026-03-28 16:01:01"}
{"level":"info","message":"OPTIONS /api/tasks 200 0 - 0.034 ms","timestamp":"2026-03-28 16:01:01"}
{"level":"info","message":"GET /api/tasks 304 - - 40.039 ms","timestamp":"2026-03-28 16:01:01"}
{"level":"info","message":"GET /api/users/me 200 - - 49.967 ms","timestamp":"2026-03-28 16:01:01"}
{"level":"info","message":"GET /api/tasks 304 - - 41.008 ms","timestamp":"2026-03-28 16:01:01"}
{"level":"info","message":"GET /api/users/me 304 - - 42.968 ms","timestamp":"2026-03-28 16:01:01"}
{"level":"info","message":"GET /api/users 200 - - 136.775 ms","timestamp":"2026-03-28 16:01:01"}
{"level":"info","message":"OPTIONS /api/queries 200 0 - 0.076 ms","timestamp":"2026-03-28 16:01:01"}
{"level":"info","message":"OPTIONS /api/reports 200 0 - 0.042 ms","timestamp":"2026-03-28 16:01:01"}
{"level":"info","message":"GET /api/users 304 - - 83.724 ms","timestamp":"2026-03-28 16:01:01"}
{"level":"info","message":"GET /api/queries 200 2 - 47.277 ms","timestamp":"2026-03-28 16:01:01"}
{"level":"info","message":"GET /api/reports 200 - - 80.429 ms","timestamp":"2026-03-28 16:01:01"}
{"level":"info","message":"GET /api/queries 304 - - 52.540 ms","timestamp":"2026-03-28 16:01:01"}
{"level":"info","message":"GET /api/reports 304 - - 59.287 ms","timestamp":"2026-03-28 16:01:01"}
{"level":"info","message":"OPTIONS /api/attendance/2026/3 200 0 - 0.165 ms","timestamp":"2026-03-28 16:01:11"}
{"level":"info","message":"GET /api/attendance/2026/3 304 - - 149.040 ms","timestamp":"2026-03-28 16:01:11"}
{"level":"info","message":"OPTIONS /api/reports 200 0 - 0.045 ms","timestamp":"2026-03-28 16:01:19"}
{"level":"info","message":"POST /api/reports 201 - - 50.788 ms","timestamp":"2026-03-28 16:01:19"}
{"level":"info","message":"OPTIONS /api/attendance/2026/3 200 0 - 0.171 ms","timestamp":"2026-03-28 16:01:41"}
{"level":"info","message":"GET /api/attendance/2026/3 304 - - 142.052 ms","timestamp":"2026-03-28 16:01:41"}
{"level":"info","message":"OPTIONS /api/reports 200 0 - 0.072 ms","timestamp":"2026-03-28 16:02:08"}
{"level":"info","message":"POST /api/reports 201 465 - 53.086 ms","timestamp":"2026-03-28 16:02:08"}
{"level":"info","message":"OPTIONS /api/attendance/2026/3 200 0 - 0.050 ms","timestamp":"2026-03-28 16:02:11"}
{"level":"info","message":"GET /api/attendance/2026/3 304 - - 115.260 ms","timestamp":"2026-03-28 16:02:11"}
{"level":"info","message":"OPTIONS /api/auth/logout 200 0 - 0.060 ms","timestamp":"2026-03-28 16:02:12"}
{"level":"info","message":"POST /api/auth/logout 200 31 - 0.489 ms","timestamp":"2026-03-28 16:02:12"}
{"level":"info","message":"OPTIONS /api/users/logout 200 0 - 0.049 ms","timestamp":"2026-03-28 16:02:12"}
{"level":"info","message":"POST /api/users/logout 200 33 - 123.123 ms","timestamp":"2026-03-28 16:02:13"}
{"level":"info","message":"OPTIONS /api/auth/login 200 0 - 0.069 ms","timestamp":"2026-03-28 16:02:23"}
{"level":"info","message":"POST /api/auth/login 200 750 - 203.623 ms","timestamp":"2026-03-28 16:02:23"}
{"level":"info","message":"OPTIONS /api/calls/sip-config 200 0 - 0.166 ms","timestamp":"2026-03-28 16:02:23"}
{"level":"info","message":"OPTIONS /api/messages/unread-count 200 0 - 0.051 ms","timestamp":"2026-03-28 16:02:23"}
{"level":"info","message":"GET /api/calls/sip-config 304 - - 22.930 ms","timestamp":"2026-03-28 16:02:23"}
{"level":"info","message":"GET /api/messages/unread-count 200 17 - 52.833 ms","timestamp":"2026-03-28 16:02:23"}
{"level":"info","message":"OPTIONS /api/attendance/2026/3 200 0 - 0.102 ms","timestamp":"2026-03-28 16:02:24"}
{"level":"info","message":"OPTIONS /api/appointments/revenue/reports 200 0 - 0.070 ms","timestamp":"2026-03-28 16:02:24"}
{"level":"info","message":"OPTIONS /api/appointments/all 200 0 - 0.070 ms","timestamp":"2026-03-28 16:02:24"}
{"level":"info","message":"OPTIONS /api/tasks 200 0 - 0.094 ms","timestamp":"2026-03-28 16:02:24"}
{"level":"info","message":"OPTIONS /api/users/all 200 0 - 0.053 ms","timestamp":"2026-03-28 16:02:24"}
{"level":"info","message":"OPTIONS /api/attendance/range?start=2026-02-28T18:30:00.000Z&end=2026-03-31T18:29:59.999Z 200 0 - 0.066 ms","timestamp":"2026-03-28 16:02:24"}
{"level":"info","message":"OPTIONS /api/admin-status 200 0 - 0.058 ms","timestamp":"2026-03-28 16:02:24"}
{"level":"info","message":"OPTIONS /api/appointments/stats?month=3&year=2026 200 0 - 0.067 ms","timestamp":"2026-03-28 16:02:24"}
{"level":"info","message":"OPTIONS /api/appointments/stats?month=2&year=2026 200 0 - 0.063 ms","timestamp":"2026-03-28 16:02:24"}
{"level":"info","message":"OPTIONS /api/appointments/revenue 200 0 - 0.045 ms","timestamp":"2026-03-28 16:02:24"}
{"level":"info","message":"OPTIONS /api/users 200 0 - 0.057 ms","timestamp":"2026-03-28 16:02:24"}
{"level":"info","message":"GET /api/appointments/revenue/reports 304 - - 43.156 ms","timestamp":"2026-03-28 16:02:24"}
{"level":"info","message":"GET /api/admin-status 304 - - 61.387 ms","timestamp":"2026-03-28 16:02:24"}
{"level":"info","message":"GET /api/appointments/all 304 - - 178.274 ms","timestamp":"2026-03-28 16:02:24"}
{"level":"info","message":"GET /api/tasks 200 - - 97.633 ms","timestamp":"2026-03-28 16:02:24"}
{"level":"info","message":"GET /api/attendance/2026/3 200 - - 171.896 ms","timestamp":"2026-03-28 16:02:24"}
{"level":"info","message":"GET /api/users/all 200 - - 138.807 ms","timestamp":"2026-03-28 16:02:24"}
{"level":"info","message":"GET /api/appointments/stats?month=3&year=2026 304 - - 63.404 ms","timestamp":"2026-03-28 16:02:24"}
{"level":"info","message":"GET /api/attendance/range?start=2026-02-28T18:30:00.000Z&end=2026-03-31T18:29:59.999Z 200 - - 192.118 ms","timestamp":"2026-03-28 16:02:24"}
{"level":"info","message":"GET /api/appointments/stats?month=2&year=2026 304 - - 56.700 ms","timestamp":"2026-03-28 16:02:24"}
{"level":"info","message":"GET /api/appointments/revenue/reports 304 - - 47.253 ms","timestamp":"2026-03-28 16:02:24"}
{"level":"info","message":"GET /api/admin-status 304 - - 47.178 ms","timestamp":"2026-03-28 16:02:24"}
{"level":"info","message":"GET /api/appointments/revenue 304 - - 79.179 ms","timestamp":"2026-03-28 16:02:24"}
{"level":"info","message":"GET /api/users/all 304 - - 75.697 ms","timestamp":"2026-03-28 16:02:24"}
{"level":"info","message":"GET /api/appointments/stats?month=3&year=2026 304 - - 69.730 ms","timestamp":"2026-03-28 16:02:24"}
{"level":"info","message":"GET /api/tasks 304 - - 95.259 ms","timestamp":"2026-03-28 16:02:24"}
{"level":"info","message":"GET /api/appointments/all 304 - - 138.870 ms","timestamp":"2026-03-28 16:02:24"}
{"level":"info","message":"GET /api/users 200 - - 102.082 ms","timestamp":"2026-03-28 16:02:24"}
{"level":"info","message":"GET /api/appointments/stats?month=2&year=2026 304 - - 48.526 ms","timestamp":"2026-03-28 16:02:24"}
{"level":"info","message":"GET /api/attendance/2026/3 304 - - 157.901 ms","timestamp":"2026-03-28 16:02:24"}
{"level":"info","message":"GET /api/appointments/revenue 304 - - 65.766 ms","timestamp":"2026-03-28 16:02:24"}
{"level":"info","message":"GET /api/tasks 304 - - 69.246 ms","timestamp":"2026-03-28 16:02:24"}
{"level":"info","message":"GET /api/attendance/range?start=2026-02-28T18:30:00.000Z&end=2026-03-31T18:29:59.999Z 304 - - 123.973 ms","timestamp":"2026-03-28 16:02:24"}
{"level":"info","message":"GET /api/users 304 - - 123.129 ms","timestamp":"2026-03-28 16:02:24"}
{"level":"info","message":"GET /api/tasks 304 - - 80.094 ms","timestamp":"2026-03-28 16:02:24"}
{"level":"info","message":"OPTIONS /api/calls/daily-stats 200 0 - 0.081 ms","timestamp":"2026-03-28 16:02:28"}
{"level":"info","message":"OPTIONS /api/calls/daily-stats 200 0 - 0.069 ms","timestamp":"2026-03-28 16:02:28"}
{"level":"info","message":"GET /api/calls/daily-stats 304 - - 42.541 ms","timestamp":"2026-03-28 16:02:28"}
{"level":"info","message":"GET /api/calls/daily-stats 200 368 - 40.521 ms","timestamp":"2026-03-28 16:02:28"}
{"level":"info","message":"OPTIONS /api/telecaller-leads/stats 200 0 - 0.049 ms","timestamp":"2026-03-28 16:02:29"}
{"level":"info","message":"OPTIONS /api/telecaller-leads/stats 200 0 - 0.038 ms","timestamp":"2026-03-28 16:02:29"}
{"level":"info","message":"GET /api/telecaller-leads/stats 200 567 - 41.842 ms","timestamp":"2026-03-28 16:02:29"}
{"level":"info","message":"GET /api/telecaller-leads/stats 200 567 - 47.780 ms","timestamp":"2026-03-28 16:02:29"}
{"level":"info","message":"OPTIONS /api/attendance/2026/3 200 0 - 0.057 ms","timestamp":"2026-03-28 16:02:54"}
{"level":"info","message":"GET /api/attendance/2026/3 304 - - 386.835 ms","timestamp":"2026-03-28 16:02:54"}
{"level":"info","message":"OPTIONS /api/telecaller-leads/stats 200 0 - 0.071 ms","timestamp":"2026-03-28 16:03:00"}
{"level":"info","message":"GET /api/telecaller-leads/stats 304 - - 42.938 ms","timestamp":"2026-03-28 16:03:00"}
{"level":"info","message":"OPTIONS /api/attendance/2026/3 200 0 - 0.071 ms","timestamp":"2026-03-28 16:03:24"}
{"level":"info","message":"GET /api/attendance/2026/3 304 - - 124.212 ms","timestamp":"2026-03-28 16:03:24"}
{"level":"info","message":"OPTIONS /api/telecaller-leads/stats 200 0 - 0.076 ms","timestamp":"2026-03-28 16:03:30"}
{"level":"info","message":"GET /api/telecaller-leads/stats 200 567 - 44.798 ms","timestamp":"2026-03-28 16:03:30"}
{"level":"info","message":"OPTIONS /api/attendance/2026/3 200 0 - 0.062 ms","timestamp":"2026-03-28 16:03:54"}
{"level":"info","message":"GET /api/attendance/2026/3 304 - - 111.388 ms","timestamp":"2026-03-28 16:03:54"}
{"level":"info","message":"OPTIONS /api/telecaller-leads/stats 200 0 - 0.093 ms","timestamp":"2026-03-28 16:04:00"}
{"level":"info","message":"GET /api/telecaller-leads/stats 200 567 - 59.048 ms","timestamp":"2026-03-28 16:04:00"}
{"level":"info","message":"OPTIONS /api/attendance/2026/3 200 0 - 0.077 ms","timestamp":"2026-03-28 16:04:24"}
{"level":"info","message":"GET /api/attendance/2026/3 304 - - 139.203 ms","timestamp":"2026-03-28 16:04:24"}
{"level":"info","message":"OPTIONS /api/telecaller-leads/stats 200 0 - 0.077 ms","timestamp":"2026-03-28 16:04:30"}
{"level":"info","message":"GET /api/telecaller-leads/stats 200 567 - 45.280 ms","timestamp":"2026-03-28 16:04:30"}
{"level":"info","message":"OPTIONS /api/attendance/2026/3 200 0 - 0.137 ms","timestamp":"2026-03-28 16:04:55"}
{"level":"info","message":"GET /api/attendance/2026/3 304 - - 210.295 ms","timestamp":"2026-03-28 16:04:55"}
{"level":"info","message":"OPTIONS /api/telecaller-leads/stats 200 0 - 0.051 ms","timestamp":"2026-03-28 16:05:00"}
{"level":"info","message":"GET /api/telecaller-leads/stats 200 567 - 50.259 ms","timestamp":"2026-03-28 16:05:00"}
{"level":"info","message":"OPTIONS /api/attendance/2026/3 200 0 - 0.076 ms","timestamp":"2026-03-28 16:05:24"}
{"level":"info","message":"GET /api/attendance/2026/3 304 - - 142.804 ms","timestamp":"2026-03-28 16:05:24"}
{"level":"info","message":"OPTIONS /api/telecaller-leads/stats 200 0 - 0.096 ms","timestamp":"2026-03-28 16:05:30"}
{"level":"info","message":"GET /api/telecaller-leads/stats 200 567 - 44.502 ms","timestamp":"2026-03-28 16:05:30"}
{"level":"info","message":"OPTIONS /api/attendance/2026/3 200 0 - 0.085 ms","timestamp":"2026-03-28 16:06:09"}
{"level":"info","message":"OPTIONS /api/telecaller-leads/stats 200 0 - 0.103 ms","timestamp":"2026-03-28 16:06:09"}
{"level":"info","message":"GET /api/telecaller-leads/stats 200 567 - 45.144 ms","timestamp":"2026-03-28 16:06:09"}
{"level":"info","message":"GET /api/attendance/2026/3 304 - - 114.111 ms","timestamp":"2026-03-28 16:06:09"}
{"level":"info","message":"OPTIONS /api/attendance/2026/3 200 0 - 0.140 ms","timestamp":"2026-03-28 16:07:01"}
{"level":"info","message":"OPTIONS /api/telecaller-leads/stats 200 0 - 0.088 ms","timestamp":"2026-03-28 16:07:01"}
{"level":"info","message":"GET /api/telecaller-leads/stats 200 567 - 103.010 ms","timestamp":"2026-03-28 16:07:01"}
{"level":"info","message":"GET /api/attendance/2026/3 304 - - 185.098 ms","timestamp":"2026-03-28 16:07:01"}
{"level":"info","message":"OPTIONS /api/attendance/2026/3 200 0 - 0.125 ms","timestamp":"2026-03-28 16:07:24"}
{"level":"info","message":"GET /api/attendance/2026/3 304 - - 130.085 ms","timestamp":"2026-03-28 16:07:24"}
{"level":"info","message":"OPTIONS /api/telecaller-leads/stats 200 0 - 0.075 ms","timestamp":"2026-03-28 16:07:30"}
{"level":"info","message":"GET /api/telecaller-leads/stats 200 567 - 57.004 ms","timestamp":"2026-03-28 16:07:30"}
{"level":"info","message":"OPTIONS /api/attendance/2026/3 200 0 - 0.212 ms","timestamp":"2026-03-28 16:07:54"}
{"level":"info","message":"GET /api/attendance/2026/3 304 - - 137.557 ms","timestamp":"2026-03-28 16:07:54"}
{"level":"info","message":"OPTIONS /api/telecaller-leads/stats 200 0 - 0.248 ms","timestamp":"2026-03-28 16:08:00"}
{"level":"info","message":"GET /api/telecaller-leads/stats 200 567 - 46.928 ms","timestamp":"2026-03-28 16:08:00"}
{"level":"info","message":"OPTIONS /api/attendance/2026/3 200 0 - 0.064 ms","timestamp":"2026-03-28 16:09:09"}
{"level":"info","message":"OPTIONS /api/telecaller-leads/stats 200 0 - 0.068 ms","timestamp":"2026-03-28 16:09:09"}
{"level":"info","message":"GET /api/telecaller-leads/stats 200 567 - 41.838 ms","timestamp":"2026-03-28 16:09:09"}
{"level":"info","message":"GET /api/attendance/2026/3 304 - - 111.162 ms","timestamp":"2026-03-28 16:09:09"}
{"level":"info","message":"OPTIONS /api/attendance/2026/3 200 0 - 0.174 ms","timestamp":"2026-03-28 16:10:09"}
{"level":"info","message":"OPTIONS /api/telecaller-leads/stats 200 0 - 0.131 ms","timestamp":"2026-03-28 16:10:09"}
{"level":"info","message":"GET /api/telecaller-leads/stats 200 567 - 46.762 ms","timestamp":"2026-03-28 16:10:09"}
{"level":"info","message":"GET /api/attendance/2026/3 304 - - 123.787 ms","timestamp":"2026-03-28 16:10:09"}
{"level":"info","message":"OPTIONS /api/attendance/2026/3 200 0 - 0.085 ms","timestamp":"2026-03-28 16:11:09"}
{"level":"info","message":"OPTIONS /api/telecaller-leads/stats 200 0 - 0.106 ms","timestamp":"2026-03-28 16:11:09"}
{"level":"info","message":"GET /api/telecaller-leads/stats 200 567 - 43.431 ms","timestamp":"2026-03-28 16:11:09"}
{"level":"info","message":"GET /api/attendance/2026/3 304 - - 139.860 ms","timestamp":"2026-03-28 16:11:09"}
{"level":"info","message":"OPTIONS /api/attendance/2026/3 200 0 - 0.087 ms","timestamp":"2026-03-28 16:12:09"}
{"level":"info","message":"OPTIONS /api/telecaller-leads/stats 200 0 - 0.122 ms","timestamp":"2026-03-28 16:12:09"}
{"level":"info","message":"GET /api/telecaller-leads/stats 200 567 - 50.218 ms","timestamp":"2026-03-28 16:12:09"}
{"level":"info","message":"GET /api/attendance/2026/3 304 - - 127.193 ms","timestamp":"2026-03-28 16:12:09"}
{"level":"info","message":"OPTIONS /api/attendance/2026/3 200 0 - 0.089 ms","timestamp":"2026-03-28 16:13:09"}
{"level":"info","message":"OPTIONS /api/telecaller-leads/stats 200 0 - 0.099 ms","timestamp":"2026-03-28 16:13:09"}
{"level":"info","message":"GET /api/telecaller-leads/stats 200 567 - 65.197 ms","timestamp":"2026-03-28 16:13:09"}
{"level":"info","message":"GET /api/attendance/2026/3 304 - - 162.193 ms","timestamp":"2026-03-28 16:13:09"}
{"level":"info","message":"OPTIONS /api/attendance/2026/3 200 0 - 0.072 ms","timestamp":"2026-03-28 16:14:12"}
{"level":"info","message":"OPTIONS /api/telecaller-leads/stats 200 0 - 0.079 ms","timestamp":"2026-03-28 16:14:12"}
{"level":"info","message":"GET /api/telecaller-leads/stats 200 567 - 50.404 ms","timestamp":"2026-03-28 16:14:12"}
{"level":"info","message":"GET /api/attendance/2026/3 304 - - 166.510 ms","timestamp":"2026-03-28 16:14:12"}
{"level":"info","message":"OPTIONS /api/attendance/2026/3 200 0 - 0.116 ms","timestamp":"2026-03-28 16:15:10"}
{"level":"info","message":"GET /api/attendance/2026/3 304 - - 182.659 ms","timestamp":"2026-03-28 16:15:10"}
{"level":"info","message":"OPTIONS /api/telecaller-leads/stats 200 0 - 0.060 ms","timestamp":"2026-03-28 16:15:11"}
{"level":"info","message":"GET /api/telecaller-leads/stats 200 567 - 57.697 ms","timestamp":"2026-03-28 16:15:11"}
{"level":"info","message":"OPTIONS /api/telecaller-leads/stats 200 0 - 0.153 ms","timestamp":"2026-03-28 16:16:16"}
{"level":"info","message":"OPTIONS /api/attendance/2026/3 200 0 - 0.093 ms","timestamp":"2026-03-28 16:16:16"}
{"level":"info","message":"GET /api/telecaller-leads/stats 200 567 - 257.033 ms","timestamp":"2026-03-28 16:16:17"}
{"level":"info","message":"GET /api/attendance/2026/3 304 - - 160.496 ms","timestamp":"2026-03-28 16:16:17"}
{"level":"info","message":"OPTIONS /api/attendance/2026/3 200 0 - 0.092 ms","timestamp":"2026-03-28 16:17:15"}
{"level":"info","message":"OPTIONS /api/telecaller-leads/stats 200 0 - 0.099 ms","timestamp":"2026-03-28 16:17:15"}
{"level":"info","message":"GET /api/telecaller-leads/stats 200 567 - 157.680 ms","timestamp":"2026-03-28 16:17:16"}
{"level":"info","message":"GET /api/attendance/2026/3 304 - - 244.208 ms","timestamp":"2026-03-28 16:17:16"}
{"level":"info","message":"OPTIONS /api/attendance/2026/3 200 0 - 0.090 ms","timestamp":"2026-03-28 16:18:09"}
{"level":"info","message":"OPTIONS /api/telecaller-leads/stats 200 0 - 0.087 ms","timestamp":"2026-03-28 16:18:09"}
{"level":"info","message":"GET /api/attendance/2026/3 304 - - 222.899 ms","timestamp":"2026-03-28 16:18:10"}
{"level":"info","message":"GET /api/telecaller-leads/stats 200 567 - 73.547 ms","timestamp":"2026-03-28 16:18:10"}
{"level":"info","message":"OPTIONS /api/attendance/2026/3 200 0 - 0.091 ms","timestamp":"2026-03-28 16:19:09"}
{"level":"info","message":"OPTIONS /api/telecaller-leads/stats 200 0 - 0.064 ms","timestamp":"2026-03-28 16:19:09"}
{"level":"info","message":"GET /api/telecaller-leads/stats 200 567 - 73.319 ms","timestamp":"2026-03-28 16:19:09"}
{"level":"info","message":"GET /api/attendance/2026/3 304 - - 206.629 ms","timestamp":"2026-03-28 16:19:09"}
{"level":"info","message":"OPTIONS /api/attendance/2026/3 200 0 - 0.117 ms","timestamp":"2026-03-28 16:20:09"}
{"level":"info","message":"OPTIONS /api/telecaller-leads/stats 200 0 - 0.066 ms","timestamp":"2026-03-28 16:20:09"}
{"level":"info","message":"GET /api/telecaller-leads/stats 200 567 - 71.089 ms","timestamp":"2026-03-28 16:20:09"}
{"level":"info","message":"GET /api/attendance/2026/3 304 - - 193.522 ms","timestamp":"2026-03-28 16:20:09"}
{"level":"info","message":"OPTIONS /api/attendance/2026/3 200 0 - 0.073 ms","timestamp":"2026-03-28 16:21:09"}
{"level":"info","message":"OPTIONS /api/telecaller-leads/stats 200 0 - 0.054 ms","timestamp":"2026-03-28 16:21:09"}
{"level":"info","message":"GET /api/attendance/2026/3 304 - - 165.781 ms","timestamp":"2026-03-28 16:21:09"}
{"level":"info","message":"GET /api/telecaller-leads/stats 200 567 - 66.375 ms","timestamp":"2026-03-28 16:21:10"}
{"level":"info","message":"OPTIONS /api/attendance/2026/3 200 0 - 0.087 ms","timestamp":"2026-03-28 16:22:09"}
{"level":"info","message":"OPTIONS /api/telecaller-leads/stats 200 0 - 0.079 ms","timestamp":"2026-03-28 16:22:09"}
{"level":"info","message":"GET /api/telecaller-leads/stats 304 - - 58.635 ms","timestamp":"2026-03-28 16:22:09"}
{"level":"info","message":"GET /api/attendance/2026/3 304 - - 154.794 ms","timestamp":"2026-03-28 16:22:09"}
{"level":"info","message":"OPTIONS /api/attendance/2026/3 200 0 - 0.077 ms","timestamp":"2026-03-28 16:23:09"}
{"level":"info","message":"OPTIONS /api/telecaller-leads/stats 200 0 - 0.050 ms","timestamp":"2026-03-28 16:23:09"}
{"level":"info","message":"GET /api/telecaller-leads/stats 200 567 - 42.041 ms","timestamp":"2026-03-28 16:23:09"}
{"level":"info","message":"GET /api/attendance/2026/3 304 - - 109.849 ms","timestamp":"2026-03-28 16:23:09"}
{"level":"info","message":"OPTIONS /api/attendance/2026/3 200 0 - 0.061 ms","timestamp":"2026-03-28 16:24:09"}
{"level":"info","message":"OPTIONS /api/telecaller-leads/stats 200 0 - 0.058 ms","timestamp":"2026-03-28 16:24:09"}
{"level":"info","message":"GET /api/telecaller-leads/stats 200 567 - 45.601 ms","timestamp":"2026-03-28 16:24:09"}
{"level":"info","message":"GET /api/attendance/2026/3 304 - - 122.641 ms","timestamp":"2026-03-28 16:24:09"}
