{"level":"info","message":"✅ Redis Clients (Pub/Sub) Connected and Ready","timestamp":"2026-06-16 16:43:11"}
{"level":"info","message":"🚀 Server running on http://localhost:5000","timestamp":"2026-06-16 16:43:11"}
{"level":"info","message":"📡 Socket.IO server ready for connections","timestamp":"2026-06-16 16:43:11"}
{"level":"info","message":"OPTIONS /api/calls/sip-config 200 0 - 0.892 ms","timestamp":"2026-06-16 16:43:17"}
{"level":"info","message":"OPTIONS /api/messages/unread-count 200 0 - 0.219 ms","timestamp":"2026-06-16 16:43:17"}
{"level":"info","message":"OPTIONS /api/calls/sip-config 200 0 - 0.206 ms","timestamp":"2026-06-16 16:43:17"}
{"level":"info","message":"OPTIONS /api/messages/unread-count 200 0 - 0.153 ms","timestamp":"2026-06-16 16:43:17"}
{"level":"info","message":"GET /api/calls/sip-config 401 32 - 9.421 ms","timestamp":"2026-06-16 16:43:17"}
{"level":"info","message":"GET /api/messages/unread-count 401 32 - 2.591 ms","timestamp":"2026-06-16 16:43:17"}
{"level":"info","message":"GET /api/calls/sip-config 401 32 - 1.896 ms","timestamp":"2026-06-16 16:43:17"}
{"level":"info","message":"GET /api/messages/unread-count 401 32 - 8.145 ms","timestamp":"2026-06-16 16:43:17"}
{"level":"info","message":"GET /api/calls/sip-config 401 44 - 1.522 ms","timestamp":"2026-06-16 16:43:17"}
{"level":"info","message":"GET /api/calls/sip-config 401 44 - 0.998 ms","timestamp":"2026-06-16 16:43:17"}
{"level":"info","message":"OPTIONS /api/auth/login 200 0 - 0.301 ms","timestamp":"2026-06-16 16:43:40"}
{"level":"info","message":"POST /api/auth/login 200 750 - 353.612 ms","timestamp":"2026-06-16 16:43:40"}
{"level":"info","message":"OPTIONS /api/calls/sip-config 200 0 - 0.237 ms","timestamp":"2026-06-16 16:43:40"}
{"level":"info","message":"OPTIONS /api/messages/unread-count 200 0 - 0.107 ms","timestamp":"2026-06-16 16:43:40"}
{"level":"info","message":"GET /api/calls/sip-config 200 197 - 28.973 ms","timestamp":"2026-06-16 16:43:40"}
{"level":"info","message":"GET /api/messages/unread-count 200 17 - 61.577 ms","timestamp":"2026-06-16 16:43:41"}
{"level":"info","message":"OPTIONS /api/attendance/2026/6 200 0 - 0.109 ms","timestamp":"2026-06-16 16:43:41"}
{"level":"info","message":"OPTIONS /api/appointments/revenue/reports 200 0 - 0.124 ms","timestamp":"2026-06-16 16:43:41"}
{"level":"info","message":"OPTIONS /api/appointments/all 200 0 - 0.168 ms","timestamp":"2026-06-16 16:43:41"}
{"level":"info","message":"OPTIONS /api/tasks 200 0 - 0.139 ms","timestamp":"2026-06-16 16:43:41"}
{"level":"info","message":"OPTIONS /api/users/all 200 0 - 0.086 ms","timestamp":"2026-06-16 16:43:41"}
{"level":"info","message":"OPTIONS /api/attendance/range?start=2026-05-31T18:30:00.000Z&end=2026-06-30T18:29:59.999Z 200 0 - 0.093 ms","timestamp":"2026-06-16 16:43:41"}
{"level":"info","message":"OPTIONS /api/admin-status 200 0 - 0.095 ms","timestamp":"2026-06-16 16:43:41"}
{"level":"info","message":"OPTIONS /api/appointments/stats?month=6&year=2026 200 0 - 0.060 ms","timestamp":"2026-06-16 16:43:41"}
{"level":"info","message":"OPTIONS /api/users 200 0 - 0.079 ms","timestamp":"2026-06-16 16:43:41"}
{"level":"info","message":"OPTIONS /api/users/all 200 0 - 0.082 ms","timestamp":"2026-06-16 16:43:41"}
{"level":"info","message":"OPTIONS /api/attendance/range?start=2026-05-31T18:30:00.000Z&end=2026-06-30T18:29:59.999Z 200 0 - 0.093 ms","timestamp":"2026-06-16 16:43:41"}
{"level":"info","message":"OPTIONS /api/admin-status 200 0 - 0.083 ms","timestamp":"2026-06-16 16:43:41"}
{"level":"info","message":"OPTIONS /api/appointments/stats?month=6&year=2026 200 0 - 0.108 ms","timestamp":"2026-06-16 16:43:41"}
{"level":"info","message":"OPTIONS /api/appointments/stats?month=5&year=2026 200 0 - 0.117 ms","timestamp":"2026-06-16 16:43:41"}
{"level":"info","message":"OPTIONS /api/appointments/revenue 200 0 - 0.108 ms","timestamp":"2026-06-16 16:43:41"}
{"level":"info","message":"OPTIONS /api/users 200 0 - 0.097 ms","timestamp":"2026-06-16 16:43:41"}
{"level":"info","message":"OPTIONS /api/appointments/stats?month=5&year=2026 200 0 - 0.101 ms","timestamp":"2026-06-16 16:43:41"}
{"level":"info","message":"OPTIONS /api/appointments/revenue 200 0 - 0.063 ms","timestamp":"2026-06-16 16:43:41"}
{"level":"info","message":"GET /api/appointments/revenue/reports 200 - - 57.111 ms","timestamp":"2026-06-16 16:43:41"}
{"level":"info","message":"GET /api/admin-status 200 48 - 75.711 ms","timestamp":"2026-06-16 16:43:41"}
{"level":"info","message":"GET /api/attendance/2026/6 200 - - 172.959 ms","timestamp":"2026-06-16 16:43:41"}
{"level":"info","message":"GET /api/users/all 200 - - 116.269 ms","timestamp":"2026-06-16 16:43:41"}
{"level":"info","message":"GET /api/attendance/range?start=2026-05-31T18:30:00.000Z&end=2026-06-30T18:29:59.999Z 200 - - 193.596 ms","timestamp":"2026-06-16 16:43:41"}
{"level":"info","message":"GET /api/appointments/stats?month=6&year=2026 200 12 - 148.460 ms","timestamp":"2026-06-16 16:43:42"}
{"level":"info","message":"GET /api/appointments/all 200 - - 280.609 ms","timestamp":"2026-06-16 16:43:42"}
{"level":"info","message":"GET /api/appointments/stats?month=5&year=2026 200 12 - 78.422 ms","timestamp":"2026-06-16 16:43:42"}
{"level":"info","message":"GET /api/appointments/revenue/reports 304 - - 49.878 ms","timestamp":"2026-06-16 16:43:42"}
{"level":"info","message":"GET /api/admin-status 304 - - 59.123 ms","timestamp":"2026-06-16 16:43:42"}
{"level":"info","message":"GET /api/appointments/revenue 200 46 - 80.595 ms","timestamp":"2026-06-16 16:43:42"}
{"level":"info","message":"GET /api/tasks 200 - - 352.726 ms","timestamp":"2026-06-16 16:43:42"}
{"level":"info","message":"GET /api/users/all 304 - - 80.305 ms","timestamp":"2026-06-16 16:43:42"}
{"level":"info","message":"GET /api/users 200 - - 143.623 ms","timestamp":"2026-06-16 16:43:42"}
{"level":"info","message":"GET /api/appointments/stats?month=6&year=2026 304 - - 54.161 ms","timestamp":"2026-06-16 16:43:42"}
{"level":"info","message":"GET /api/appointments/stats?month=5&year=2026 304 - - 61.655 ms","timestamp":"2026-06-16 16:43:42"}
{"level":"info","message":"GET /api/attendance/2026/6 304 - - 144.297 ms","timestamp":"2026-06-16 16:43:42"}
{"level":"info","message":"GET /api/attendance/range?start=2026-05-31T18:30:00.000Z&end=2026-06-30T18:29:59.999Z 304 - - 159.102 ms","timestamp":"2026-06-16 16:43:42"}
{"level":"info","message":"GET /api/appointments/revenue 304 - - 115.587 ms","timestamp":"2026-06-16 16:43:42"}
{"level":"info","message":"GET /api/tasks 304 - - 94.818 ms","timestamp":"2026-06-16 16:43:42"}
{"level":"info","message":"GET /api/appointments/all 304 - - 216.780 ms","timestamp":"2026-06-16 16:43:42"}
{"level":"info","message":"GET /api/users 304 - - 190.841 ms","timestamp":"2026-06-16 16:43:42"}
{"level":"info","message":"GET /api/tasks 304 - - 133.025 ms","timestamp":"2026-06-16 16:43:42"}
{"level":"info","message":"GET /api/tasks 304 - - 76.585 ms","timestamp":"2026-06-16 16:43:42"}
{"level":"info","message":"OPTIONS /api/attendance/2026/6 200 0 - 0.202 ms","timestamp":"2026-06-16 16:44:12"}
{"level":"info","message":"GET /api/attendance/2026/6 304 - - 111.542 ms","timestamp":"2026-06-16 16:44:12"}
{"level":"info","message":"OPTIONS /api/attendance/2026/6 200 0 - 0.320 ms","timestamp":"2026-06-16 16:44:42"}
{"level":"info","message":"GET /api/attendance/2026/6 304 - - 114.662 ms","timestamp":"2026-06-16 16:44:42"}
{"level":"info","message":"OPTIONS /api/attendance/2026/6 200 0 - 0.104 ms","timestamp":"2026-06-16 16:45:12"}
{"level":"info","message":"GET /api/attendance/2026/6 304 - - 105.680 ms","timestamp":"2026-06-16 16:45:12"}
{"level":"info","message":"GET /api/v1/metal-rates/current 200 - - 59.798 ms","timestamp":"2026-06-16 16:45:21"}
{"level":"info","message":"OPTIONS /api/attendance/2026/6 200 0 - 0.215 ms","timestamp":"2026-06-16 16:45:42"}
{"level":"info","message":"GET /api/attendance/2026/6 304 - - 106.844 ms","timestamp":"2026-06-16 16:45:42"}
{"level":"info","message":"OPTIONS /api/attendance/2026/6 200 0 - 0.198 ms","timestamp":"2026-06-16 16:46:12"}
{"level":"info","message":"GET /api/attendance/2026/6 304 - - 116.862 ms","timestamp":"2026-06-16 16:46:12"}
{"level":"info","message":"OPTIONS /api/attendance/2026/6 200 0 - 0.065 ms","timestamp":"2026-06-16 16:46:42"}
{"level":"info","message":"GET /api/attendance/2026/6 304 - - 97.247 ms","timestamp":"2026-06-16 16:46:42"}
{"level":"info","message":"OPTIONS /api/attendance/2026/6 200 0 - 0.081 ms","timestamp":"2026-06-16 16:47:11"}
{"level":"info","message":"OPTIONS /api/users/68fcc5bfb85c2281711925bb 200 0 - 0.073 ms","timestamp":"2026-06-16 16:47:11"}
{"level":"info","message":"OPTIONS /api/users 200 0 - 0.051 ms","timestamp":"2026-06-16 16:47:11"}
{"level":"info","message":"GET /api/attendance/2026/6 304 - - 99.838 ms","timestamp":"2026-06-16 16:47:11"}
{"level":"info","message":"PUT /api/users/68fcc5bfb85c2281711925bb 200 - - 53.208 ms","timestamp":"2026-06-16 16:47:11"}
{"level":"info","message":"GET /api/users 200 - - 121.625 ms","timestamp":"2026-06-16 16:47:11"}
{"level":"info","message":"GET /api/users 304 - - 84.620 ms","timestamp":"2026-06-16 16:47:11"}
{"level":"info","message":"OPTIONS /api/auth/logout 200 0 - 0.092 ms","timestamp":"2026-06-16 16:47:15"}
{"level":"info","message":"POST /api/auth/logout 200 31 - 1.408 ms","timestamp":"2026-06-16 16:47:15"}
{"level":"info","message":"OPTIONS /api/users/logout 200 0 - 0.059 ms","timestamp":"2026-06-16 16:47:15"}
{"level":"info","message":"POST /api/users/logout 200 33 - 120.843 ms","timestamp":"2026-06-16 16:47:15"}
{"level":"info","message":"GET /api/calls/sip-config 401 44 - 0.898 ms","timestamp":"2026-06-16 16:47:15"}
{"level":"info","message":"OPTIONS /api/auth/login 200 0 - 0.070 ms","timestamp":"2026-06-16 16:47:25"}
{"level":"info","message":"POST /api/auth/login 200 786 - 223.288 ms","timestamp":"2026-06-16 16:47:25"}
{"level":"info","message":"OPTIONS /api/calls/sip-config 200 0 - 0.144 ms","timestamp":"2026-06-16 16:47:25"}
{"level":"info","message":"GET /api/calls/sip-config 304 - - 34.247 ms","timestamp":"2026-06-16 16:47:25"}
{"level":"info","message":"OPTIONS /api/messages/unread-count 200 0 - 0.085 ms","timestamp":"2026-06-16 16:47:25"}
{"level":"info","message":"GET /api/messages/unread-count 200 17 - 68.484 ms","timestamp":"2026-06-16 16:47:25"}
{"level":"info","message":"OPTIONS /api/attendance/2026/6 200 0 - 0.091 ms","timestamp":"2026-06-16 16:47:25"}
{"level":"info","message":"OPTIONS /api/appointments/telecaller 200 0 - 0.098 ms","timestamp":"2026-06-16 16:47:25"}
{"level":"info","message":"OPTIONS /api/users 200 0 - 0.086 ms","timestamp":"2026-06-16 16:47:25"}
{"level":"info","message":"GET /api/attendance/2026/6 200 - - 107.681 ms","timestamp":"2026-06-16 16:47:25"}
{"level":"info","message":"GET /api/users 200 - - 127.930 ms","timestamp":"2026-06-16 16:47:25"}
{"level":"info","message":"GET /api/appointments/telecaller 200 684 - 158.295 ms","timestamp":"2026-06-16 16:47:25"}
{"level":"info","message":"GET /api/attendance/2026/6 304 - - 132.790 ms","timestamp":"2026-06-16 16:47:25"}
{"level":"info","message":"GET /api/appointments/telecaller 304 - - 130.953 ms","timestamp":"2026-06-16 16:47:25"}
{"level":"info","message":"GET /api/users 304 - - 171.748 ms","timestamp":"2026-06-16 16:47:26"}
{"level":"info","message":"GET /api/users 304 - - 89.645 ms","timestamp":"2026-06-16 16:47:26"}
{"level":"info","message":"GET /api/users 304 - - 86.590 ms","timestamp":"2026-06-16 16:47:26"}
{"level":"info","message":"OPTIONS /api/attendance/2026/6 200 0 - 0.155 ms","timestamp":"2026-06-16 16:47:35"}
{"level":"info","message":"OPTIONS /api/appointments/telecaller 200 0 - 0.080 ms","timestamp":"2026-06-16 16:47:35"}
{"level":"info","message":"OPTIONS /api/users 200 0 - 0.098 ms","timestamp":"2026-06-16 16:47:35"}
{"level":"info","message":"OPTIONS /api/users 200 0 - 0.080 ms","timestamp":"2026-06-16 16:47:35"}
{"level":"info","message":"GET /api/attendance/2026/6 304 - - 126.208 ms","timestamp":"2026-06-16 16:47:35"}
{"level":"info","message":"GET /api/users 200 - - 128.119 ms","timestamp":"2026-06-16 16:47:35"}
{"level":"info","message":"GET /api/appointments/telecaller 304 - - 144.706 ms","timestamp":"2026-06-16 16:47:35"}
{"level":"info","message":"GET /api/attendance/2026/6 304 - - 118.375 ms","timestamp":"2026-06-16 16:47:35"}
{"level":"info","message":"GET /api/users 304 - - 124.324 ms","timestamp":"2026-06-16 16:47:35"}
{"level":"info","message":"GET /api/appointments/telecaller 304 - - 124.841 ms","timestamp":"2026-06-16 16:47:35"}
{"level":"info","message":"GET /api/users 304 - - 95.606 ms","timestamp":"2026-06-16 16:47:35"}
{"level":"info","message":"GET /api/users 304 - - 112.000 ms","timestamp":"2026-06-16 16:47:35"}
{"level":"info","message":"GET /api/attendance/2026/6 304 - - 124.181 ms","timestamp":"2026-06-16 16:47:36"}
{"level":"info","message":"GET /api/users 304 - - 127.570 ms","timestamp":"2026-06-16 16:47:36"}
{"level":"info","message":"GET /api/appointments/telecaller 304 - - 142.749 ms","timestamp":"2026-06-16 16:47:36"}
{"level":"info","message":"GET /api/attendance/2026/6 304 - - 123.053 ms","timestamp":"2026-06-16 16:47:36"}
{"level":"info","message":"GET /api/users 304 - - 127.542 ms","timestamp":"2026-06-16 16:47:36"}
{"level":"info","message":"GET /api/appointments/telecaller 304 - - 128.144 ms","timestamp":"2026-06-16 16:47:36"}
{"level":"info","message":"GET /api/users 304 - - 81.575 ms","timestamp":"2026-06-16 16:47:36"}
{"level":"info","message":"GET /api/users 304 - - 90.310 ms","timestamp":"2026-06-16 16:47:36"}
{"level":"info","message":"GET /api/attendance/2026/6 304 - - 103.522 ms","timestamp":"2026-06-16 16:47:37"}
{"level":"info","message":"GET /api/appointments/telecaller 304 - - 132.321 ms","timestamp":"2026-06-16 16:47:37"}
{"level":"info","message":"GET /api/users 304 - - 139.118 ms","timestamp":"2026-06-16 16:47:37"}
{"level":"info","message":"GET /api/attendance/2026/6 304 - - 103.867 ms","timestamp":"2026-06-16 16:47:37"}
{"level":"info","message":"GET /api/appointments/telecaller 304 - - 120.285 ms","timestamp":"2026-06-16 16:47:37"}
{"level":"info","message":"GET /api/users 304 - - 125.332 ms","timestamp":"2026-06-16 16:47:37"}
{"level":"info","message":"GET /api/users 304 - - 82.218 ms","timestamp":"2026-06-16 16:47:37"}
{"level":"info","message":"GET /api/users 304 - - 82.486 ms","timestamp":"2026-06-16 16:47:37"}
{"level":"info","message":"OPTIONS /api/users/me 200 0 - 0.100 ms","timestamp":"2026-06-16 16:47:37"}
{"level":"info","message":"OPTIONS /api/tasks 200 0 - 0.039 ms","timestamp":"2026-06-16 16:47:37"}
{"level":"info","message":"OPTIONS /api/users/me 200 0 - 0.032 ms","timestamp":"2026-06-16 16:47:37"}
{"level":"info","message":"GET /api/users/me 200 - - 46.198 ms","timestamp":"2026-06-16 16:47:37"}
{"level":"info","message":"GET /api/tasks 200 2 - 51.879 ms","timestamp":"2026-06-16 16:47:37"}
{"level":"info","message":"GET /api/users 304 - - 83.843 ms","timestamp":"2026-06-16 16:47:37"}
{"level":"info","message":"GET /api/users/me 304 - - 45.982 ms","timestamp":"2026-06-16 16:47:37"}
{"level":"info","message":"GET /api/tasks 304 - - 49.837 ms","timestamp":"2026-06-16 16:47:37"}
{"level":"info","message":"GET /api/users 304 - - 87.653 ms","timestamp":"2026-06-16 16:47:37"}
{"level":"info","message":"GET /api/attendance/2026/6 304 - - 124.967 ms","timestamp":"2026-06-16 16:47:38"}
{"level":"info","message":"GET /api/appointments/telecaller 304 - - 137.622 ms","timestamp":"2026-06-16 16:47:38"}
{"level":"info","message":"GET /api/users 304 - - 144.789 ms","timestamp":"2026-06-16 16:47:38"}
{"level":"info","message":"GET /api/attendance/2026/6 304 - - 98.445 ms","timestamp":"2026-06-16 16:47:38"}
{"level":"info","message":"GET /api/users 304 - - 84.451 ms","timestamp":"2026-06-16 16:47:38"}
{"level":"info","message":"GET /api/appointments/telecaller 304 - - 140.159 ms","timestamp":"2026-06-16 16:47:38"}
{"level":"info","message":"GET /api/users 304 - - 85.163 ms","timestamp":"2026-06-16 16:47:38"}
{"level":"info","message":"GET /api/users 304 - - 83.599 ms","timestamp":"2026-06-16 16:47:38"}
{"level":"info","message":"GET /api/users/me 304 - - 46.038 ms","timestamp":"2026-06-16 16:47:40"}
{"level":"info","message":"GET /api/tasks 304 - - 45.996 ms","timestamp":"2026-06-16 16:47:40"}
{"level":"info","message":"GET /api/users/me 304 - - 47.853 ms","timestamp":"2026-06-16 16:47:40"}
{"level":"info","message":"GET /api/tasks 304 - - 44.946 ms","timestamp":"2026-06-16 16:47:40"}
{"level":"info","message":"GET /api/users 304 - - 114.338 ms","timestamp":"2026-06-16 16:47:40"}
{"level":"info","message":"GET /api/users 304 - - 82.047 ms","timestamp":"2026-06-16 16:47:40"}
{"level":"info","message":"OPTIONS /api/attendance/2026/6 200 0 - 0.099 ms","timestamp":"2026-06-16 16:47:43"}
{"level":"info","message":"OPTIONS /api/appointments/telecaller 200 0 - 0.070 ms","timestamp":"2026-06-16 16:47:43"}
{"level":"info","message":"OPTIONS /api/users 200 0 - 0.045 ms","timestamp":"2026-06-16 16:47:43"}
{"level":"info","message":"OPTIONS /api/users 200 0 - 0.066 ms","timestamp":"2026-06-16 16:47:43"}
{"level":"info","message":"GET /api/attendance/2026/6 304 - - 101.196 ms","timestamp":"2026-06-16 16:47:43"}
{"level":"info","message":"GET /api/users 200 - - 136.417 ms","timestamp":"2026-06-16 16:47:43"}
{"level":"info","message":"GET /api/appointments/telecaller 304 - - 150.127 ms","timestamp":"2026-06-16 16:47:43"}
{"level":"info","message":"GET /api/users 304 - - 83.105 ms","timestamp":"2026-06-16 16:47:43"}
{"level":"info","message":"GET /api/attendance/2026/6 304 - - 107.624 ms","timestamp":"2026-06-16 16:47:43"}
{"level":"info","message":"GET /api/appointments/telecaller 304 - - 126.958 ms","timestamp":"2026-06-16 16:47:43"}
{"level":"info","message":"GET /api/users 304 - - 97.670 ms","timestamp":"2026-06-16 16:47:43"}
{"level":"info","message":"GET /api/users 304 - - 80.327 ms","timestamp":"2026-06-16 16:47:43"}
{"level":"info","message":"GET /api/attendance/2026/6 304 - - 97.019 ms","timestamp":"2026-06-16 16:47:46"}
{"level":"info","message":"GET /api/users 304 - - 136.202 ms","timestamp":"2026-06-16 16:47:46"}
{"level":"info","message":"GET /api/appointments/telecaller 304 - - 148.404 ms","timestamp":"2026-06-16 16:47:46"}
{"level":"info","message":"GET /api/attendance/2026/6 304 - - 117.429 ms","timestamp":"2026-06-16 16:47:46"}
{"level":"info","message":"GET /api/users 304 - - 86.244 ms","timestamp":"2026-06-16 16:47:46"}
{"level":"info","message":"GET /api/appointments/telecaller 304 - - 141.974 ms","timestamp":"2026-06-16 16:47:46"}
{"level":"info","message":"GET /api/users 304 - - 97.611 ms","timestamp":"2026-06-16 16:47:46"}
{"level":"info","message":"GET /api/users 304 - - 82.069 ms","timestamp":"2026-06-16 16:47:46"}
{"level":"info","message":"GET /api/attendance/2026/6 304 - - 118.863 ms","timestamp":"2026-06-16 16:47:47"}
{"level":"info","message":"GET /api/appointments/telecaller 304 - - 135.412 ms","timestamp":"2026-06-16 16:47:47"}
{"level":"info","message":"GET /api/users 304 - - 140.624 ms","timestamp":"2026-06-16 16:47:47"}
{"level":"info","message":"GET /api/attendance/2026/6 304 - - 120.945 ms","timestamp":"2026-06-16 16:47:47"}
{"level":"info","message":"GET /api/users 304 - - 99.588 ms","timestamp":"2026-06-16 16:47:47"}
{"level":"info","message":"GET /api/appointments/telecaller 304 - - 120.750 ms","timestamp":"2026-06-16 16:47:47"}
{"level":"info","message":"GET /api/users 304 - - 87.353 ms","timestamp":"2026-06-16 16:47:47"}
{"level":"info","message":"GET /api/users 304 - - 82.955 ms","timestamp":"2026-06-16 16:47:47"}
{"level":"info","message":"GET /api/attendance/2026/6 304 - - 101.989 ms","timestamp":"2026-06-16 16:47:47"}
{"level":"info","message":"GET /api/users 304 - - 105.677 ms","timestamp":"2026-06-16 16:47:47"}
{"level":"info","message":"GET /api/appointments/telecaller 304 - - 149.859 ms","timestamp":"2026-06-16 16:47:47"}
{"level":"info","message":"GET /api/attendance/2026/6 304 - - 96.442 ms","timestamp":"2026-06-16 16:47:47"}
{"level":"info","message":"GET /api/users 304 - - 126.762 ms","timestamp":"2026-06-16 16:47:47"}
{"level":"info","message":"GET /api/appointments/telecaller 304 - - 125.878 ms","timestamp":"2026-06-16 16:47:47"}
{"level":"info","message":"GET /api/users 304 - - 83.269 ms","timestamp":"2026-06-16 16:47:48"}
{"level":"info","message":"GET /api/users 304 - - 82.455 ms","timestamp":"2026-06-16 16:47:48"}
{"level":"info","message":"OPTIONS /api/attendance/2026/6 200 0 - 0.155 ms","timestamp":"2026-06-16 16:47:48"}
{"level":"info","message":"OPTIONS /api/appointments/telecaller 200 0 - 0.066 ms","timestamp":"2026-06-16 16:47:48"}
{"level":"info","message":"OPTIONS /api/users 200 0 - 0.073 ms","timestamp":"2026-06-16 16:47:48"}
{"level":"info","message":"OPTIONS /api/users 200 0 - 0.072 ms","timestamp":"2026-06-16 16:47:48"}
{"level":"info","message":"OPTIONS /api/attendance/2026/6 200 0 - 0.062 ms","timestamp":"2026-06-16 16:47:48"}
{"level":"info","message":"OPTIONS /api/appointments/telecaller 200 0 - 0.074 ms","timestamp":"2026-06-16 16:47:48"}
{"level":"info","message":"GET /api/users 304 - - 112.575 ms","timestamp":"2026-06-16 16:47:48"}
{"level":"info","message":"GET /api/attendance/2026/6 304 - - 120.771 ms","timestamp":"2026-06-16 16:47:48"}
{"level":"info","message":"GET /api/appointments/telecaller 304 - - 130.307 ms","timestamp":"2026-06-16 16:47:48"}
{"level":"info","message":"GET /api/users 304 - - 83.533 ms","timestamp":"2026-06-16 16:47:48"}
{"level":"info","message":"GET /api/attendance/2026/6 304 - - 106.138 ms","timestamp":"2026-06-16 16:47:48"}
{"level":"info","message":"GET /api/appointments/telecaller 304 - - 117.863 ms","timestamp":"2026-06-16 16:47:48"}
{"level":"info","message":"GET /api/users 304 - - 83.056 ms","timestamp":"2026-06-16 16:47:48"}
{"level":"info","message":"GET /api/users 304 - - 83.577 ms","timestamp":"2026-06-16 16:47:48"}
{"level":"info","message":"GET /api/attendance/2026/6 304 - - 117.528 ms","timestamp":"2026-06-16 16:47:49"}
{"level":"info","message":"GET /api/users 304 - - 121.335 ms","timestamp":"2026-06-16 16:47:49"}
{"level":"info","message":"GET /api/appointments/telecaller 304 - - 144.183 ms","timestamp":"2026-06-16 16:47:49"}
{"level":"info","message":"GET /api/users 304 - - 112.765 ms","timestamp":"2026-06-16 16:47:49"}
{"level":"info","message":"GET /api/attendance/2026/6 304 - - 137.856 ms","timestamp":"2026-06-16 16:47:49"}
{"level":"info","message":"GET /api/appointments/telecaller 304 - - 166.242 ms","timestamp":"2026-06-16 16:47:49"}
{"level":"info","message":"GET /api/users 304 - - 109.243 ms","timestamp":"2026-06-16 16:47:49"}
{"level":"info","message":"GET /api/users 304 - - 82.841 ms","timestamp":"2026-06-16 16:47:49"}
{"level":"info","message":"OPTIONS /api/attendance/2026/6 200 0 - 0.116 ms","timestamp":"2026-06-16 16:48:19"}
{"level":"info","message":"GET /api/attendance/2026/6 304 - - 107.458 ms","timestamp":"2026-06-16 16:48:19"}
{"level":"info","message":"OPTIONS /api/attendance/2026/6 200 0 - 0.054 ms","timestamp":"2026-06-16 16:48:49"}
{"level":"info","message":"GET /api/attendance/2026/6 304 - - 100.580 ms","timestamp":"2026-06-16 16:48:49"}
{"level":"info","message":"OPTIONS /api/attendance/2026/6 200 0 - 0.061 ms","timestamp":"2026-06-16 16:49:19"}
{"level":"info","message":"GET /api/attendance/2026/6 304 - - 122.422 ms","timestamp":"2026-06-16 16:49:19"}
{"level":"info","message":"OPTIONS /api/attendance/2026/6 200 0 - 0.517 ms","timestamp":"2026-06-16 16:49:49"}
{"level":"info","message":"GET /api/attendance/2026/6 304 - - 126.662 ms","timestamp":"2026-06-16 16:49:49"}
{"level":"info","message":"OPTIONS /api/calls/sip-config 200 0 - 0.206 ms","timestamp":"2026-06-16 16:49:54"}
{"level":"info","message":"OPTIONS /api/messages/unread-count 200 0 - 0.091 ms","timestamp":"2026-06-16 16:49:54"}
{"level":"info","message":"OPTIONS /api/calls/sip-config 200 0 - 0.065 ms","timestamp":"2026-06-16 16:49:54"}
{"level":"info","message":"OPTIONS /api/messages/unread-count 200 0 - 0.080 ms","timestamp":"2026-06-16 16:49:54"}
{"level":"info","message":"GET /api/calls/sip-config 304 - - 24.146 ms","timestamp":"2026-06-16 16:49:54"}
{"level":"info","message":"GET /api/calls/sip-config 304 - - 25.786 ms","timestamp":"2026-06-16 16:49:54"}
{"level":"info","message":"GET /api/messages/unread-count 304 - - 51.954 ms","timestamp":"2026-06-16 16:49:54"}
{"level":"info","message":"GET /api/messages/unread-count 304 - - 46.607 ms","timestamp":"2026-06-16 16:49:54"}
{"level":"info","message":"OPTIONS /api/attendance/2026/6 200 0 - 0.102 ms","timestamp":"2026-06-16 16:49:54"}
{"level":"info","message":"OPTIONS /api/appointments/telecaller 200 0 - 0.068 ms","timestamp":"2026-06-16 16:49:54"}
{"level":"info","message":"OPTIONS /api/users 200 0 - 0.063 ms","timestamp":"2026-06-16 16:49:54"}
{"level":"info","message":"OPTIONS /api/users 200 0 - 0.074 ms","timestamp":"2026-06-16 16:49:54"}
{"level":"info","message":"GET /api/attendance/2026/6 304 - - 140.472 ms","timestamp":"2026-06-16 16:49:54"}
{"level":"info","message":"GET /api/users 200 - - 145.127 ms","timestamp":"2026-06-16 16:49:54"}
{"level":"info","message":"GET /api/appointments/telecaller 304 - - 166.690 ms","timestamp":"2026-06-16 16:49:54"}
{"level":"info","message":"GET /api/attendance/2026/6 304 - - 107.870 ms","timestamp":"2026-06-16 16:49:54"}
{"level":"info","message":"GET /api/users 304 - - 107.414 ms","timestamp":"2026-06-16 16:49:54"}
{"level":"info","message":"GET /api/appointments/telecaller 304 - - 145.991 ms","timestamp":"2026-06-16 16:49:54"}
{"level":"info","message":"GET /api/users 304 - - 81.692 ms","timestamp":"2026-06-16 16:49:55"}
{"level":"info","message":"GET /api/users 304 - - 82.092 ms","timestamp":"2026-06-16 16:49:55"}
{"level":"info","message":"GET /api/v1/metal-rates/current 200 - - 5.958 ms","timestamp":"2026-06-16 16:50:21"}
{"level":"info","message":"OPTIONS /api/attendance/2026/6 200 0 - 0.060 ms","timestamp":"2026-06-16 16:50:25"}
{"level":"info","message":"GET /api/attendance/2026/6 304 - - 94.832 ms","timestamp":"2026-06-16 16:50:25"}
{"level":"info","message":"OPTIONS /api/attendance/2026/6 200 0 - 0.217 ms","timestamp":"2026-06-16 16:50:55"}
{"level":"info","message":"GET /api/attendance/2026/6 304 - - 115.533 ms","timestamp":"2026-06-16 16:50:55"}
{"level":"info","message":"OPTIONS /api/attendance/2026/6 200 0 - 0.242 ms","timestamp":"2026-06-16 16:51:25"}
{"level":"info","message":"GET /api/attendance/2026/6 304 - - 117.864 ms","timestamp":"2026-06-16 16:51:25"}
{"level":"info","message":"OPTIONS /api/attendance/2026/6 200 0 - 0.106 ms","timestamp":"2026-06-16 16:51:55"}
{"level":"info","message":"GET /api/attendance/2026/6 304 - - 98.806 ms","timestamp":"2026-06-16 16:51:55"}
{"level":"info","message":"OPTIONS /api/attendance/2026/6 200 0 - 0.058 ms","timestamp":"2026-06-16 16:52:25"}
{"level":"info","message":"GET /api/attendance/2026/6 304 - - 97.915 ms","timestamp":"2026-06-16 16:52:25"}
{"level":"info","message":"OPTIONS /api/attendance/2026/6 200 0 - 0.192 ms","timestamp":"2026-06-16 16:52:55"}
{"level":"info","message":"GET /api/attendance/2026/6 304 - - 110.301 ms","timestamp":"2026-06-16 16:52:55"}
{"level":"info","message":"OPTIONS /api/attendance/2026/6 200 0 - 0.191 ms","timestamp":"2026-06-16 16:53:25"}
{"level":"info","message":"GET /api/attendance/2026/6 304 - - 122.613 ms","timestamp":"2026-06-16 16:53:25"}
{"level":"info","message":"OPTIONS /api/attendance/2026/6 200 0 - 0.132 ms","timestamp":"2026-06-16 16:53:55"}
{"level":"info","message":"GET /api/attendance/2026/6 304 - - 106.273 ms","timestamp":"2026-06-16 16:53:55"}
{"level":"info","message":"OPTIONS /api/attendance/2026/6 200 0 - 0.169 ms","timestamp":"2026-06-16 16:54:25"}
{"level":"info","message":"GET /api/attendance/2026/6 304 - - 100.241 ms","timestamp":"2026-06-16 16:54:25"}
{"level":"info","message":"OPTIONS /api/attendance/2026/6 200 0 - 0.218 ms","timestamp":"2026-06-16 16:54:55"}
{"level":"info","message":"GET /api/attendance/2026/6 304 - - 113.148 ms","timestamp":"2026-06-16 16:54:55"}
{"level":"info","message":"GET /api/v1/metal-rates/current 200 - - 5.541 ms","timestamp":"2026-06-16 16:55:21"}
{"level":"info","message":"OPTIONS /api/attendance/2026/6 200 0 - 0.056 ms","timestamp":"2026-06-16 16:55:25"}
{"level":"info","message":"GET /api/attendance/2026/6 304 - - 98.581 ms","timestamp":"2026-06-16 16:55:25"}
{"level":"info","message":"OPTIONS /api/attendance/2026/6 200 0 - 0.053 ms","timestamp":"2026-06-16 16:55:55"}
{"level":"info","message":"GET /api/attendance/2026/6 304 - - 94.912 ms","timestamp":"2026-06-16 16:55:55"}
{"level":"info","message":"OPTIONS /api/attendance/2026/6 200 0 - 0.314 ms","timestamp":"2026-06-16 16:57:21"}
{"level":"info","message":"GET /api/attendance/2026/6 304 - - 102.777 ms","timestamp":"2026-06-16 16:57:21"}
{"level":"info","message":"GET /api/v1/metal-rates/current 200 - - 7.227 ms","timestamp":"2026-06-16 17:00:21"}
{"level":"info","message":"OPTIONS /api/calls/sip-config 200 0 - 0.106 ms","timestamp":"2026-06-16 17:00:38"}
{"level":"info","message":"OPTIONS /api/messages/unread-count 200 0 - 0.085 ms","timestamp":"2026-06-16 17:00:38"}
{"level":"info","message":"OPTIONS /api/calls/sip-config 200 0 - 0.092 ms","timestamp":"2026-06-16 17:00:38"}
{"level":"info","message":"GET /api/calls/sip-config 304 - - 28.876 ms","timestamp":"2026-06-16 17:00:39"}
{"level":"info","message":"GET /api/messages/unread-count 304 - - 55.418 ms","timestamp":"2026-06-16 17:00:39"}
{"level":"info","message":"GET /api/calls/sip-config 304 - - 25.215 ms","timestamp":"2026-06-16 17:00:39"}
{"level":"info","message":"GET /api/messages/unread-count 304 - - 46.686 ms","timestamp":"2026-06-16 17:00:39"}
{"level":"info","message":"OPTIONS /api/attendance/2026/6 200 0 - 0.070 ms","timestamp":"2026-06-16 17:00:39"}
{"level":"info","message":"OPTIONS /api/appointments/telecaller 200 0 - 0.072 ms","timestamp":"2026-06-16 17:00:39"}
{"level":"info","message":"OPTIONS /api/users 200 0 - 0.068 ms","timestamp":"2026-06-16 17:00:39"}
{"level":"info","message":"GET /api/attendance/2026/6 304 - - 139.035 ms","timestamp":"2026-06-16 17:00:39"}
{"level":"info","message":"GET /api/users 200 - - 148.499 ms","timestamp":"2026-06-16 17:00:39"}
{"level":"info","message":"GET /api/appointments/telecaller 304 - - 172.976 ms","timestamp":"2026-06-16 17:00:39"}
{"level":"info","message":"GET /api/users 304 - - 110.244 ms","timestamp":"2026-06-16 17:00:39"}
{"level":"info","message":"GET /api/attendance/2026/6 304 - - 136.787 ms","timestamp":"2026-06-16 17:00:39"}
{"level":"info","message":"GET /api/appointments/telecaller 304 - - 180.325 ms","timestamp":"2026-06-16 17:00:39"}
{"level":"info","message":"GET /api/users 304 - - 118.849 ms","timestamp":"2026-06-16 17:00:39"}
{"level":"info","message":"GET /api/users 304 - - 83.981 ms","timestamp":"2026-06-16 17:00:39"}
{"level":"info","message":"OPTIONS /api/attendance/2026/6 200 0 - 0.525 ms","timestamp":"2026-06-16 17:01:10"}
{"level":"info","message":"GET /api/attendance/2026/6 304 - - 124.621 ms","timestamp":"2026-06-16 17:01:10"}
{"level":"info","message":"OPTIONS /api/attendance/2026/6 200 0 - 0.106 ms","timestamp":"2026-06-16 17:01:39"}
{"level":"info","message":"GET /api/attendance/2026/6 304 - - 128.240 ms","timestamp":"2026-06-16 17:01:39"}
{"level":"info","message":"OPTIONS /api/attendance/2026/6 200 0 - 0.106 ms","timestamp":"2026-06-16 17:02:10"}
{"level":"info","message":"GET /api/attendance/2026/6 304 - - 113.378 ms","timestamp":"2026-06-16 17:02:10"}
{"level":"info","message":"OPTIONS /api/attendance/2026/6 200 0 - 0.114 ms","timestamp":"2026-06-16 17:02:40"}
{"level":"info","message":"GET /api/attendance/2026/6 304 - - 103.548 ms","timestamp":"2026-06-16 17:02:40"}
{"level":"info","message":"OPTIONS /api/attendance/2026/6 200 0 - 0.082 ms","timestamp":"2026-06-16 17:03:10"}
{"level":"info","message":"GET /api/attendance/2026/6 304 - - 114.690 ms","timestamp":"2026-06-16 17:03:10"}
{"level":"info","message":"OPTIONS /api/calls/sip-config 200 0 - 0.064 ms","timestamp":"2026-06-16 17:03:31"}
{"level":"info","message":"OPTIONS /api/messages/unread-count 200 0 - 0.055 ms","timestamp":"2026-06-16 17:03:31"}
{"level":"info","message":"OPTIONS /api/calls/sip-config 200 0 - 0.043 ms","timestamp":"2026-06-16 17:03:31"}
{"level":"info","message":"OPTIONS /api/messages/unread-count 200 0 - 0.063 ms","timestamp":"2026-06-16 17:03:31"}
{"level":"info","message":"GET /api/calls/sip-config 304 - - 23.699 ms","timestamp":"2026-06-16 17:03:31"}
{"level":"info","message":"GET /api/messages/unread-count 304 - - 48.437 ms","timestamp":"2026-06-16 17:03:31"}
{"level":"info","message":"GET /api/calls/sip-config 304 - - 24.410 ms","timestamp":"2026-06-16 17:03:31"}
{"level":"info","message":"GET /api/messages/unread-count 304 - - 45.164 ms","timestamp":"2026-06-16 17:03:32"}
{"level":"info","message":"OPTIONS /api/attendance/2026/6 200 0 - 0.100 ms","timestamp":"2026-06-16 17:03:32"}
{"level":"info","message":"OPTIONS /api/appointments/telecaller 200 0 - 0.079 ms","timestamp":"2026-06-16 17:03:32"}
{"level":"info","message":"OPTIONS /api/users 200 0 - 0.062 ms","timestamp":"2026-06-16 17:03:32"}
{"level":"info","message":"GET /api/attendance/2026/6 304 - - 134.678 ms","timestamp":"2026-06-16 17:03:32"}
{"level":"info","message":"GET /api/appointments/telecaller 304 - - 156.142 ms","timestamp":"2026-06-16 17:03:32"}
{"level":"info","message":"GET /api/users 200 - - 144.946 ms","timestamp":"2026-06-16 17:03:32"}
{"level":"info","message":"GET /api/users 304 - - 82.924 ms","timestamp":"2026-06-16 17:03:32"}
{"level":"info","message":"GET /api/attendance/2026/6 304 - - 101.998 ms","timestamp":"2026-06-16 17:03:32"}
{"level":"info","message":"GET /api/appointments/telecaller 304 - - 140.868 ms","timestamp":"2026-06-16 17:03:32"}
{"level":"info","message":"GET /api/users 304 - - 87.007 ms","timestamp":"2026-06-16 17:03:32"}
{"level":"info","message":"GET /api/users 304 - - 82.703 ms","timestamp":"2026-06-16 17:03:32"}
{"level":"info","message":"OPTIONS /api/application-appointments 200 0 - 0.070 ms","timestamp":"2026-06-16 17:03:57"}
{"level":"info","message":"POST /api/application-appointments 404 168 - 4.552 ms","timestamp":"2026-06-16 17:03:57"}
{"level":"info","message":"OPTIONS /api/attendance/2026/6 200 0 - 0.052 ms","timestamp":"2026-06-16 17:04:02"}
{"level":"info","message":"GET /api/attendance/2026/6 304 - - 95.637 ms","timestamp":"2026-06-16 17:04:02"}
{"level":"info","message":"OPTIONS /api/application-appointments 200 0 - 0.077 ms","timestamp":"2026-06-16 17:04:02"}
{"level":"info","message":"POST /api/application-appointments 404 168 - 0.616 ms","timestamp":"2026-06-16 17:04:02"}
{"level":"info","message":"OPTIONS /api/attendance/2026/6 200 0 - 0.084 ms","timestamp":"2026-06-16 17:04:32"}
{"level":"info","message":"GET /api/attendance/2026/6 304 - - 103.244 ms","timestamp":"2026-06-16 17:04:32"}
{"level":"info","message":"OPTIONS /api/attendance/2026/6 200 0 - 0.071 ms","timestamp":"2026-06-16 17:05:02"}
{"level":"info","message":"GET /api/attendance/2026/6 304 - - 108.333 ms","timestamp":"2026-06-16 17:05:02"}
{"level":"info","message":"GET /api/v1/metal-rates/current 200 - - 2.347 ms","timestamp":"2026-06-16 17:05:21"}
{"level":"info","message":"OPTIONS /api/attendance/2026/6 200 0 - 0.097 ms","timestamp":"2026-06-16 17:05:32"}
{"level":"info","message":"GET /api/attendance/2026/6 304 - - 96.447 ms","timestamp":"2026-06-16 17:05:32"}
{"level":"info","message":"OPTIONS /api/attendance/2026/6 200 0 - 0.063 ms","timestamp":"2026-06-16 17:06:02"}
{"level":"info","message":"GET /api/attendance/2026/6 304 - - 95.020 ms","timestamp":"2026-06-16 17:06:02"}
{"level":"info","message":"OPTIONS /api/attendance/2026/6 200 0 - 0.120 ms","timestamp":"2026-06-16 17:06:32"}
{"level":"info","message":"GET /api/attendance/2026/6 304 - - 116.315 ms","timestamp":"2026-06-16 17:06:32"}
{"level":"info","message":"OPTIONS /api/attendance/2026/6 200 0 - 0.095 ms","timestamp":"2026-06-16 17:07:21"}
{"level":"info","message":"GET /api/attendance/2026/6 304 - - 107.655 ms","timestamp":"2026-06-16 17:07:21"}
{"level":"info","message":"OPTIONS /api/attendance/2026/6 200 0 - 0.312 ms","timestamp":"2026-06-16 17:08:21"}
{"level":"info","message":"GET /api/attendance/2026/6 304 - - 105.999 ms","timestamp":"2026-06-16 17:08:21"}
{"level":"info","message":"OPTIONS /api/attendance/2026/6 200 0 - 0.126 ms","timestamp":"2026-06-16 17:09:18"}
{"level":"info","message":"GET /api/attendance/2026/6 304 - - 95.703 ms","timestamp":"2026-06-16 17:09:18"}
{"level":"info","message":"OPTIONS /api/calls/sip-config 200 0 - 0.086 ms","timestamp":"2026-06-16 17:09:20"}
{"level":"info","message":"OPTIONS /api/messages/unread-count 200 0 - 0.078 ms","timestamp":"2026-06-16 17:09:20"}
{"level":"info","message":"OPTIONS /api/messages/unread-count 200 0 - 0.087 ms","timestamp":"2026-06-16 17:09:20"}
{"level":"info","message":"GET /api/calls/sip-config 304 - - 23.962 ms","timestamp":"2026-06-16 17:09:20"}
{"level":"info","message":"GET /api/calls/sip-config 304 - - 24.022 ms","timestamp":"2026-06-16 17:09:20"}
{"level":"info","message":"GET /api/messages/unread-count 304 - - 61.381 ms","timestamp":"2026-06-16 17:09:21"}
{"level":"info","message":"OPTIONS /api/appointments/telecaller 200 0 - 0.099 ms","timestamp":"2026-06-16 17:09:21"}
{"level":"info","message":"OPTIONS /api/users 200 0 - 0.063 ms","timestamp":"2026-06-16 17:09:21"}
{"level":"info","message":"GET /api/messages/unread-count 304 - - 50.930 ms","timestamp":"2026-06-16 17:09:21"}
{"level":"info","message":"GET /api/attendance/2026/6 304 - - 100.359 ms","timestamp":"2026-06-16 17:09:21"}
{"level":"info","message":"GET /api/users 200 - - 158.118 ms","timestamp":"2026-06-16 17:09:21"}
{"level":"info","message":"GET /api/appointments/telecaller 304 - - 182.521 ms","timestamp":"2026-06-16 17:09:21"}
{"level":"info","message":"GET /api/attendance/2026/6 304 - - 136.551 ms","timestamp":"2026-06-16 17:09:21"}
{"level":"info","message":"GET /api/appointments/telecaller 304 - - 120.986 ms","timestamp":"2026-06-16 17:09:21"}
{"level":"info","message":"GET /api/users 304 - - 137.250 ms","timestamp":"2026-06-16 17:09:21"}
{"level":"info","message":"GET /api/users 304 - - 81.557 ms","timestamp":"2026-06-16 17:09:21"}
{"level":"info","message":"GET /api/users 304 - - 81.582 ms","timestamp":"2026-06-16 17:09:21"}
{"level":"info","message":"OPTIONS /api/application-appointments 200 0 - 0.159 ms","timestamp":"2026-06-16 17:09:37"}
{"level":"info","message":"POST /api/application-appointments 404 168 - 1.288 ms","timestamp":"2026-06-16 17:09:37"}
{"level":"info","message":"OPTIONS /api/attendance/2026/6 200 0 - 0.052 ms","timestamp":"2026-06-16 17:09:51"}
{"level":"info","message":"GET /api/attendance/2026/6 304 - - 102.026 ms","timestamp":"2026-06-16 17:09:51"}
{"level":"info","message":"✅ Redis Clients (Pub/Sub) Connected and Ready","timestamp":"2026-06-16 17:10:25"}
{"level":"info","message":"🚀 Server running on http://localhost:5000","timestamp":"2026-06-16 17:10:26"}
{"level":"info","message":"📡 Socket.IO server ready for connections","timestamp":"2026-06-16 17:10:26"}
{"level":"info","message":"✅ Redis Clients (Pub/Sub) Connected and Ready","timestamp":"2026-06-16 17:10:31"}
{"level":"info","message":"🚀 Server running on http://localhost:5000","timestamp":"2026-06-16 17:10:31"}
{"level":"info","message":"📡 Socket.IO server ready for connections","timestamp":"2026-06-16 17:10:31"}
{"level":"info","message":"✅ Redis Clients (Pub/Sub) Connected and Ready","timestamp":"2026-06-16 17:10:37"}
{"level":"info","message":"🚀 Server running on http://localhost:5000","timestamp":"2026-06-16 17:10:37"}
{"level":"info","message":"📡 Socket.IO server ready for connections","timestamp":"2026-06-16 17:10:37"}
{"level":"info","message":"✅ Redis Clients (Pub/Sub) Connected and Ready","timestamp":"2026-06-16 17:10:43"}
{"level":"info","message":"🚀 Server running on http://localhost:5000","timestamp":"2026-06-16 17:10:43"}
{"level":"info","message":"📡 Socket.IO server ready for connections","timestamp":"2026-06-16 17:10:43"}
{"level":"info","message":"✅ Redis Clients (Pub/Sub) Connected and Ready","timestamp":"2026-06-16 17:10:49"}
{"level":"info","message":"🚀 Server running on http://localhost:5000","timestamp":"2026-06-16 17:10:49"}
{"level":"info","message":"📡 Socket.IO server ready for connections","timestamp":"2026-06-16 17:10:49"}
{"level":"info","message":"OPTIONS /api/attendance/2026/6 200 0 - 2.694 ms","timestamp":"2026-06-16 17:10:51"}
{"level":"info","message":"GET /api/attendance/2026/6 304 - - 124.846 ms","timestamp":"2026-06-16 17:10:51"}
{"level":"info","message":"✅ Redis Clients (Pub/Sub) Connected and Ready","timestamp":"2026-06-16 17:10:55"}
{"level":"info","message":"🚀 Server running on http://localhost:5000","timestamp":"2026-06-16 17:10:55"}
{"level":"info","message":"📡 Socket.IO server ready for connections","timestamp":"2026-06-16 17:10:55"}
{"level":"info","message":"✅ Redis Clients (Pub/Sub) Connected and Ready","timestamp":"2026-06-16 17:11:01"}
{"level":"info","message":"🚀 Server running on http://localhost:5000","timestamp":"2026-06-16 17:11:01"}
{"level":"info","message":"📡 Socket.IO server ready for connections","timestamp":"2026-06-16 17:11:01"}
{"level":"info","message":"✅ Redis Clients (Pub/Sub) Connected and Ready","timestamp":"2026-06-16 17:11:07"}
{"level":"info","message":"🚀 Server running on http://localhost:5000","timestamp":"2026-06-16 17:11:07"}
{"level":"info","message":"📡 Socket.IO server ready for connections","timestamp":"2026-06-16 17:11:07"}
{"level":"info","message":"✅ Redis Clients (Pub/Sub) Connected and Ready","timestamp":"2026-06-16 17:11:13"}
{"level":"info","message":"🚀 Server running on http://localhost:5000","timestamp":"2026-06-16 17:11:13"}
{"level":"info","message":"📡 Socket.IO server ready for connections","timestamp":"2026-06-16 17:11:13"}
{"level":"info","message":"✅ Redis Clients (Pub/Sub) Connected and Ready","timestamp":"2026-06-16 17:11:18"}
{"level":"info","message":"🚀 Server running on http://localhost:5000","timestamp":"2026-06-16 17:11:19"}
{"level":"info","message":"📡 Socket.IO server ready for connections","timestamp":"2026-06-16 17:11:19"}
{"level":"info","message":"OPTIONS /api/calls/sip-config 200 0 - 1.433 ms","timestamp":"2026-06-16 17:11:20"}
{"level":"info","message":"OPTIONS /api/messages/unread-count 200 0 - 0.214 ms","timestamp":"2026-06-16 17:11:20"}
{"level":"info","message":"OPTIONS /api/calls/sip-config 200 0 - 0.236 ms","timestamp":"2026-06-16 17:11:20"}
{"level":"info","message":"OPTIONS /api/messages/unread-count 200 0 - 0.261 ms","timestamp":"2026-06-16 17:11:20"}
{"level":"info","message":"GET /api/calls/sip-config 304 - - 55.365 ms","timestamp":"2026-06-16 17:11:20"}
{"level":"info","message":"GET /api/messages/unread-count 304 - - 63.871 ms","timestamp":"2026-06-16 17:11:20"}
{"level":"info","message":"GET /api/calls/sip-config 304 - - 25.361 ms","timestamp":"2026-06-16 17:11:20"}
{"level":"info","message":"GET /api/messages/unread-count 304 - - 49.297 ms","timestamp":"2026-06-16 17:11:20"}
{"level":"info","message":"OPTIONS /api/attendance/2026/6 200 0 - 0.098 ms","timestamp":"2026-06-16 17:11:20"}
{"level":"info","message":"OPTIONS /api/appointments/telecaller 200 0 - 0.091 ms","timestamp":"2026-06-16 17:11:20"}
{"level":"info","message":"OPTIONS /api/users 200 0 - 0.100 ms","timestamp":"2026-06-16 17:11:20"}
{"level":"info","message":"OPTIONS /api/users 200 0 - 0.102 ms","timestamp":"2026-06-16 17:11:20"}
{"level":"info","message":"OPTIONS /api/appointments/telecaller 200 0 - 0.241 ms","timestamp":"2026-06-16 17:11:20"}
{"level":"info","message":"GET /api/appointments/telecaller - - - - ms","timestamp":"2026-06-16 17:11:20"}
{"level":"info","message":"GET /api/appointments/telecaller - - - - ms","timestamp":"2026-06-16 17:11:20"}
{"level":"info","message":"GET /api/attendance/2026/6 - - - - ms","timestamp":"2026-06-16 17:11:20"}
{"level":"info","message":"GET /api/users - - - - ms","timestamp":"2026-06-16 17:11:20"}
{"level":"info","message":"GET /api/calls/sip-config 304 - - 26.001 ms","timestamp":"2026-06-16 17:11:20"}
{"level":"info","message":"GET /api/messages/unread-count 304 - - 50.142 ms","timestamp":"2026-06-16 17:11:20"}
{"level":"info","message":"GET /api/calls/sip-config 304 - - 26.350 ms","timestamp":"2026-06-16 17:11:20"}
{"level":"info","message":"GET /api/messages/unread-count 304 - - 51.706 ms","timestamp":"2026-06-16 17:11:20"}
{"level":"info","message":"GET /api/attendance/2026/6 200 - - 99.658 ms","timestamp":"2026-06-16 17:11:21"}
{"level":"info","message":"GET /api/users 200 - - 134.785 ms","timestamp":"2026-06-16 17:11:21"}
{"level":"info","message":"GET /api/appointments/telecaller 200 684 - 152.857 ms","timestamp":"2026-06-16 17:11:21"}
{"level":"info","message":"GET /api/attendance/2026/6 304 - - 112.475 ms","timestamp":"2026-06-16 17:11:21"}
{"level":"info","message":"GET /api/users 304 - - 83.305 ms","timestamp":"2026-06-16 17:11:21"}
{"level":"info","message":"GET /api/appointments/telecaller 304 - - 126.411 ms","timestamp":"2026-06-16 17:11:21"}
{"level":"info","message":"GET /api/users 304 - - 90.869 ms","timestamp":"2026-06-16 17:11:21"}
{"level":"info","message":"GET /api/users 304 - - 96.296 ms","timestamp":"2026-06-16 17:11:21"}
{"level":"info","message":"✅ Redis Clients (Pub/Sub) Connected and Ready","timestamp":"2026-06-16 17:11:25"}
{"level":"info","message":"🚀 Server running on http://localhost:5000","timestamp":"2026-06-16 17:11:25"}
{"level":"info","message":"📡 Socket.IO server ready for connections","timestamp":"2026-06-16 17:11:25"}
{"level":"info","message":"OPTIONS /api/calls/sip-config 200 0 - 1.357 ms","timestamp":"2026-06-16 17:11:25"}
{"level":"info","message":"OPTIONS /api/users 200 0 - 0.325 ms","timestamp":"2026-06-16 17:11:25"}
{"level":"info","message":"OPTIONS /api/users 200 0 - 0.206 ms","timestamp":"2026-06-16 17:11:25"}
{"level":"info","message":"OPTIONS /api/attendance/2026/6 200 0 - 0.101 ms","timestamp":"2026-06-16 17:11:25"}
{"level":"info","message":"OPTIONS /api/attendance/2026/6 200 0 - 0.114 ms","timestamp":"2026-06-16 17:11:25"}
{"level":"info","message":"OPTIONS /api/messages/unread-count 200 0 - 0.143 ms","timestamp":"2026-06-16 17:11:25"}
{"level":"info","message":"OPTIONS /api/appointments/telecaller 200 0 - 0.099 ms","timestamp":"2026-06-16 17:11:25"}
{"level":"info","message":"OPTIONS /api/users 200 0 - 0.112 ms","timestamp":"2026-06-16 17:11:25"}
{"level":"info","message":"OPTIONS /api/appointments/telecaller 200 0 - 0.145 ms","timestamp":"2026-06-16 17:11:25"}
{"level":"info","message":"OPTIONS /api/users 200 0 - 0.121 ms","timestamp":"2026-06-16 17:11:25"}
{"level":"info","message":"GET /api/calls/sip-config 200 197 - 218.618 ms","timestamp":"2026-06-16 17:11:25"}
{"level":"info","message":"GET /api/messages/unread-count 200 17 - 397.504 ms","timestamp":"2026-06-16 17:11:25"}
{"level":"info","message":"GET /api/appointments/telecaller 200 684 - 454.875 ms","timestamp":"2026-06-16 17:11:25"}
{"level":"info","message":"GET /api/users 200 - - 539.958 ms","timestamp":"2026-06-16 17:11:25"}
{"level":"info","message":"GET /api/attendance/2026/6 200 - - 622.765 ms","timestamp":"2026-06-16 17:11:26"}
{"level":"info","message":"GET /api/attendance/2026/6 200 - - 625.089 ms","timestamp":"2026-06-16 17:11:26"}
{"level":"info","message":"GET /api/users 200 - - 283.275 ms","timestamp":"2026-06-16 17:11:26"}
{"level":"info","message":"GET /api/users 200 - - 767.949 ms","timestamp":"2026-06-16 17:11:26"}
{"level":"info","message":"GET /api/appointments/telecaller 200 684 - 157.098 ms","timestamp":"2026-06-16 17:11:26"}
{"level":"info","message":"GET /api/users 200 - - 160.762 ms","timestamp":"2026-06-16 17:11:26"}
{"level":"info","message":"✅ Redis Clients (Pub/Sub) Connected and Ready","timestamp":"2026-06-16 17:11:30"}
{"level":"info","message":"🚀 Server running on http://localhost:5000","timestamp":"2026-06-16 17:11:31"}
{"level":"info","message":"📡 Socket.IO server ready for connections","timestamp":"2026-06-16 17:11:31"}
{"level":"info","message":"✅ Redis Clients (Pub/Sub) Connected and Ready","timestamp":"2026-06-16 17:11:36"}
{"level":"info","message":"🚀 Server running on http://localhost:5000","timestamp":"2026-06-16 17:11:36"}
{"level":"info","message":"📡 Socket.IO server ready for connections","timestamp":"2026-06-16 17:11:36"}
{"level":"info","message":"OPTIONS /api/application-appointments 200 0 - 1.102 ms","timestamp":"2026-06-16 17:11:36"}
{"level":"info","message":"POST /api/application-appointments 404 168 - 14.373 ms","timestamp":"2026-06-16 17:11:36"}
{"level":"info","message":"POST /api/application-appointments 404 168 - 1.461 ms","timestamp":"2026-06-16 17:11:38"}
{"level":"info","message":"✅ Redis Clients (Pub/Sub) Connected and Ready","timestamp":"2026-06-16 17:11:42"}
{"level":"info","message":"🚀 Server running on http://localhost:5000","timestamp":"2026-06-16 17:11:43"}
{"level":"info","message":"📡 Socket.IO server ready for connections","timestamp":"2026-06-16 17:11:43"}
{"level":"info","message":"✅ Redis Clients (Pub/Sub) Connected and Ready","timestamp":"2026-06-16 17:11:48"}
{"level":"info","message":"🚀 Server running on http://localhost:5000","timestamp":"2026-06-16 17:11:49"}
{"level":"info","message":"📡 Socket.IO server ready for connections","timestamp":"2026-06-16 17:11:49"}
{"level":"info","message":"✅ Redis Clients (Pub/Sub) Connected and Ready","timestamp":"2026-06-16 17:11:54"}
{"level":"info","message":"🚀 Server running on http://localhost:5000","timestamp":"2026-06-16 17:11:55"}
{"level":"info","message":"📡 Socket.IO server ready for connections","timestamp":"2026-06-16 17:11:55"}
{"level":"info","message":"✅ Redis Clients (Pub/Sub) Connected and Ready","timestamp":"2026-06-16 17:12:01"}
{"level":"info","message":"✅ Redis Clients (Pub/Sub) Connected and Ready","timestamp":"2026-06-16 17:12:01"}
{"level":"info","message":"🚀 Server running on http://localhost:5000","timestamp":"2026-06-16 17:12:01"}
{"level":"info","message":"📡 Socket.IO server ready for connections","timestamp":"2026-06-16 17:12:01"}
{"level":"info","message":"✅ Redis Clients (Pub/Sub) Connected and Ready","timestamp":"2026-06-16 17:12:04"}
{"level":"info","message":"🚀 Server running on http://localhost:5000","timestamp":"2026-06-16 17:12:05"}
{"level":"info","message":"📡 Socket.IO server ready for connections","timestamp":"2026-06-16 17:12:05"}
{"level":"info","message":"✅ Redis Clients (Pub/Sub) Connected and Ready","timestamp":"2026-06-16 17:12:10"}
{"level":"info","message":"🚀 Server running on http://localhost:5000","timestamp":"2026-06-16 17:12:11"}
{"level":"info","message":"📡 Socket.IO server ready for connections","timestamp":"2026-06-16 17:12:11"}
{"level":"info","message":"✅ Redis Clients (Pub/Sub) Connected and Ready","timestamp":"2026-06-16 17:12:16"}
{"level":"info","message":"🚀 Server running on http://localhost:5000","timestamp":"2026-06-16 17:12:16"}
{"level":"info","message":"📡 Socket.IO server ready for connections","timestamp":"2026-06-16 17:12:16"}
{"level":"info","message":"✅ Redis Clients (Pub/Sub) Connected and Ready","timestamp":"2026-06-16 17:12:22"}
{"level":"info","message":"🚀 Server running on http://localhost:5000","timestamp":"2026-06-16 17:12:22"}
{"level":"info","message":"📡 Socket.IO server ready for connections","timestamp":"2026-06-16 17:12:22"}
{"level":"info","message":"OPTIONS /api/attendance/2026/6 200 0 - 0.844 ms","timestamp":"2026-06-16 17:12:23"}
{"level":"info","message":"GET /api/attendance/2026/6 200 - - 141.058 ms","timestamp":"2026-06-16 17:12:23"}
{"level":"info","message":"✅ Redis Clients (Pub/Sub) Connected and Ready","timestamp":"2026-06-16 17:12:30"}
{"level":"info","message":"🚀 Server running on http://localhost:5000","timestamp":"2026-06-16 17:12:30"}
{"level":"info","message":"📡 Socket.IO server ready for connections","timestamp":"2026-06-16 17:12:30"}
{"level":"info","message":"✅ Redis Clients (Pub/Sub) Connected and Ready","timestamp":"2026-06-16 17:12:36"}
{"level":"info","message":"🚀 Server running on http://localhost:5000","timestamp":"2026-06-16 17:12:36"}
{"level":"info","message":"📡 Socket.IO server ready for connections","timestamp":"2026-06-16 17:12:36"}
{"level":"info","message":"✅ Redis Clients (Pub/Sub) Connected and Ready","timestamp":"2026-06-16 17:12:42"}
{"level":"info","message":"🚀 Server running on http://localhost:5000","timestamp":"2026-06-16 17:12:42"}
{"level":"info","message":"📡 Socket.IO server ready for connections","timestamp":"2026-06-16 17:12:42"}
{"level":"info","message":"✅ Redis Clients (Pub/Sub) Connected and Ready","timestamp":"2026-06-16 17:12:48"}
{"level":"info","message":"🚀 Server running on http://localhost:5000","timestamp":"2026-06-16 17:12:48"}
{"level":"info","message":"📡 Socket.IO server ready for connections","timestamp":"2026-06-16 17:12:48"}
{"level":"info","message":"✅ Redis Clients (Pub/Sub) Connected and Ready","timestamp":"2026-06-16 17:12:54"}
{"level":"info","message":"🚀 Server running on http://localhost:5000","timestamp":"2026-06-16 17:12:54"}
{"level":"info","message":"📡 Socket.IO server ready for connections","timestamp":"2026-06-16 17:12:54"}
{"level":"info","message":"OPTIONS /api/attendance/2026/6 200 0 - 2.629 ms","timestamp":"2026-06-16 17:12:54"}
{"level":"info","message":"GET /api/attendance/2026/6 200 - - 558.742 ms","timestamp":"2026-06-16 17:12:54"}
{"level":"info","message":"✅ Redis Clients (Pub/Sub) Connected and Ready","timestamp":"2026-06-16 17:13:00"}
{"level":"info","message":"🚀 Server running on http://localhost:5000","timestamp":"2026-06-16 17:13:00"}
{"level":"info","message":"📡 Socket.IO server ready for connections","timestamp":"2026-06-16 17:13:00"}
{"level":"info","message":"✅ Redis Clients (Pub/Sub) Connected and Ready","timestamp":"2026-06-16 17:13:06"}
{"level":"info","message":"🚀 Server running on http://localhost:5000","timestamp":"2026-06-16 17:13:06"}
{"level":"info","message":"📡 Socket.IO server ready for connections","timestamp":"2026-06-16 17:13:06"}
{"level":"info","message":"✅ Redis Clients (Pub/Sub) Connected and Ready","timestamp":"2026-06-16 17:13:12"}
{"level":"info","message":"🚀 Server running on http://localhost:5000","timestamp":"2026-06-16 17:13:12"}
{"level":"info","message":"📡 Socket.IO server ready for connections","timestamp":"2026-06-16 17:13:12"}
{"level":"info","message":"✅ Redis Clients (Pub/Sub) Connected and Ready","timestamp":"2026-06-16 17:13:18"}
{"level":"info","message":"🚀 Server running on http://localhost:5000","timestamp":"2026-06-16 17:13:18"}
{"level":"info","message":"📡 Socket.IO server ready for connections","timestamp":"2026-06-16 17:13:18"}
{"level":"info","message":"✅ Redis Clients (Pub/Sub) Connected and Ready","timestamp":"2026-06-16 17:13:24"}
{"level":"info","message":"🚀 Server running on http://localhost:5000","timestamp":"2026-06-16 17:13:24"}
{"level":"info","message":"📡 Socket.IO server ready for connections","timestamp":"2026-06-16 17:13:24"}
{"level":"info","message":"OPTIONS /api/attendance/2026/6 200 0 - 2.036 ms","timestamp":"2026-06-16 17:13:24"}
{"level":"info","message":"GET /api/attendance/2026/6 200 - - 351.374 ms","timestamp":"2026-06-16 17:13:24"}
{"level":"info","message":"✅ Redis Clients (Pub/Sub) Connected and Ready","timestamp":"2026-06-16 17:13:30"}
{"level":"info","message":"🚀 Server running on http://localhost:5000","timestamp":"2026-06-16 17:13:30"}
{"level":"info","message":"📡 Socket.IO server ready for connections","timestamp":"2026-06-16 17:13:30"}
{"level":"info","message":"✅ Redis Clients (Pub/Sub) Connected and Ready","timestamp":"2026-06-16 17:13:36"}
{"level":"info","message":"🚀 Server running on http://localhost:5000","timestamp":"2026-06-16 17:13:36"}
{"level":"info","message":"📡 Socket.IO server ready for connections","timestamp":"2026-06-16 17:13:36"}
{"level":"info","message":"✅ Redis Clients (Pub/Sub) Connected and Ready","timestamp":"2026-06-16 17:13:42"}
{"level":"info","message":"🚀 Server running on http://localhost:5000","timestamp":"2026-06-16 17:13:42"}
{"level":"info","message":"📡 Socket.IO server ready for connections","timestamp":"2026-06-16 17:13:42"}
{"level":"info","message":"✅ Redis Clients (Pub/Sub) Connected and Ready","timestamp":"2026-06-16 17:13:48"}
{"level":"info","message":"🚀 Server running on http://localhost:5000","timestamp":"2026-06-16 17:13:48"}
{"level":"info","message":"📡 Socket.IO server ready for connections","timestamp":"2026-06-16 17:13:48"}
{"level":"info","message":"✅ Redis Clients (Pub/Sub) Connected and Ready","timestamp":"2026-06-16 17:13:54"}
{"level":"info","message":"🚀 Server running on http://localhost:5000","timestamp":"2026-06-16 17:13:54"}
{"level":"info","message":"📡 Socket.IO server ready for connections","timestamp":"2026-06-16 17:13:54"}
{"level":"info","message":"OPTIONS /api/attendance/2026/6 200 0 - 1.430 ms","timestamp":"2026-06-16 17:13:54"}
{"level":"info","message":"GET /api/attendance/2026/6 200 - - 356.155 ms","timestamp":"2026-06-16 17:13:55"}
{"level":"info","message":"✅ Redis Clients (Pub/Sub) Connected and Ready","timestamp":"2026-06-16 17:14:00"}
{"level":"info","message":"🚀 Server running on http://localhost:5000","timestamp":"2026-06-16 17:14:00"}
{"level":"info","message":"📡 Socket.IO server ready for connections","timestamp":"2026-06-16 17:14:00"}
{"level":"info","message":"✅ Redis Clients (Pub/Sub) Connected and Ready","timestamp":"2026-06-16 17:14:06"}
{"level":"info","message":"🚀 Server running on http://localhost:5000","timestamp":"2026-06-16 17:14:06"}
{"level":"info","message":"📡 Socket.IO server ready for connections","timestamp":"2026-06-16 17:14:06"}
{"level":"info","message":"✅ Redis Clients (Pub/Sub) Connected and Ready","timestamp":"2026-06-16 17:14:12"}
{"level":"info","message":"🚀 Server running on http://localhost:5000","timestamp":"2026-06-16 17:14:12"}
{"level":"info","message":"📡 Socket.IO server ready for connections","timestamp":"2026-06-16 17:14:12"}
{"level":"info","message":"✅ Redis Clients (Pub/Sub) Connected and Ready","timestamp":"2026-06-16 17:14:18"}
{"level":"info","message":"🚀 Server running on http://localhost:5000","timestamp":"2026-06-16 17:14:18"}
{"level":"info","message":"📡 Socket.IO server ready for connections","timestamp":"2026-06-16 17:14:18"}
{"level":"info","message":"✅ Redis Clients (Pub/Sub) Connected and Ready","timestamp":"2026-06-16 17:14:24"}
{"level":"info","message":"🚀 Server running on http://localhost:5000","timestamp":"2026-06-16 17:14:24"}
{"level":"info","message":"📡 Socket.IO server ready for connections","timestamp":"2026-06-16 17:14:24"}
{"level":"info","message":"OPTIONS /api/attendance/2026/6 200 0 - 1.182 ms","timestamp":"2026-06-16 17:14:24"}
{"level":"info","message":"GET /api/attendance/2026/6 200 - - 507.222 ms","timestamp":"2026-06-16 17:14:24"}
{"level":"info","message":"✅ Redis Clients (Pub/Sub) Connected and Ready","timestamp":"2026-06-16 17:14:29"}
{"level":"info","message":"🚀 Server running on http://localhost:5000","timestamp":"2026-06-16 17:14:30"}
{"level":"info","message":"📡 Socket.IO server ready for connections","timestamp":"2026-06-16 17:14:30"}
{"level":"info","message":"✅ Redis Clients (Pub/Sub) Connected and Ready","timestamp":"2026-06-16 17:14:35"}
{"level":"info","message":"🚀 Server running on http://localhost:5000","timestamp":"2026-06-16 17:14:35"}
{"level":"info","message":"📡 Socket.IO server ready for connections","timestamp":"2026-06-16 17:14:35"}
{"level":"info","message":"✅ Redis Clients (Pub/Sub) Connected and Ready","timestamp":"2026-06-16 17:14:41"}
{"level":"info","message":"🚀 Server running on http://localhost:5000","timestamp":"2026-06-16 17:14:41"}
{"level":"info","message":"📡 Socket.IO server ready for connections","timestamp":"2026-06-16 17:14:41"}
{"level":"info","message":"✅ Redis Clients (Pub/Sub) Connected and Ready","timestamp":"2026-06-16 17:14:47"}
{"level":"info","message":"🚀 Server running on http://localhost:5000","timestamp":"2026-06-16 17:14:47"}
{"level":"info","message":"📡 Socket.IO server ready for connections","timestamp":"2026-06-16 17:14:47"}
{"level":"info","message":"✅ Redis Clients (Pub/Sub) Connected and Ready","timestamp":"2026-06-16 17:14:53"}
{"level":"info","message":"🚀 Server running on http://localhost:5000","timestamp":"2026-06-16 17:14:53"}
{"level":"info","message":"📡 Socket.IO server ready for connections","timestamp":"2026-06-16 17:14:53"}
{"level":"info","message":"✅ Redis Clients (Pub/Sub) Connected and Ready","timestamp":"2026-06-16 17:14:59"}
{"level":"info","message":"🚀 Server running on http://localhost:5000","timestamp":"2026-06-16 17:14:59"}
{"level":"info","message":"📡 Socket.IO server ready for connections","timestamp":"2026-06-16 17:14:59"}
{"level":"info","message":"✅ Redis Clients (Pub/Sub) Connected and Ready","timestamp":"2026-06-16 17:15:05"}
{"level":"info","message":"🚀 Server running on http://localhost:5000","timestamp":"2026-06-16 17:15:05"}
{"level":"info","message":"📡 Socket.IO server ready for connections","timestamp":"2026-06-16 17:15:05"}
{"level":"info","message":"✅ Redis Clients (Pub/Sub) Connected and Ready","timestamp":"2026-06-16 17:15:11"}
{"level":"info","message":"🚀 Server running on http://localhost:5000","timestamp":"2026-06-16 17:15:11"}
{"level":"info","message":"📡 Socket.IO server ready for connections","timestamp":"2026-06-16 17:15:11"}
{"level":"info","message":"✅ Redis Clients (Pub/Sub) Connected and Ready","timestamp":"2026-06-16 17:15:17"}
{"level":"info","message":"🚀 Server running on http://localhost:5000","timestamp":"2026-06-16 17:15:17"}
{"level":"info","message":"📡 Socket.IO server ready for connections","timestamp":"2026-06-16 17:15:17"}
{"level":"info","message":"✅ Redis Clients (Pub/Sub) Connected and Ready","timestamp":"2026-06-16 17:15:23"}
{"level":"info","message":"🚀 Server running on http://localhost:5000","timestamp":"2026-06-16 17:15:23"}
{"level":"info","message":"📡 Socket.IO server ready for connections","timestamp":"2026-06-16 17:15:23"}
{"level":"info","message":"OPTIONS /api/calls/sip-config 200 0 - 1.022 ms","timestamp":"2026-06-16 17:15:25"}
{"level":"info","message":"OPTIONS /api/messages/unread-count 200 0 - 0.237 ms","timestamp":"2026-06-16 17:15:25"}
{"level":"info","message":"OPTIONS /api/calls/sip-config 200 0 - 0.220 ms","timestamp":"2026-06-16 17:15:25"}
{"level":"info","message":"OPTIONS /api/messages/unread-count 200 0 - 0.148 ms","timestamp":"2026-06-16 17:15:25"}
{"level":"info","message":"GET /api/calls/sip-config 200 197 - 46.127 ms","timestamp":"2026-06-16 17:15:25"}
{"level":"info","message":"GET /api/calls/sip-config 200 197 - 32.995 ms","timestamp":"2026-06-16 17:15:25"}
{"level":"info","message":"GET /api/messages/unread-count 200 17 - 69.886 ms","timestamp":"2026-06-16 17:15:25"}
{"level":"info","message":"GET /api/messages/unread-count 200 17 - 83.858 ms","timestamp":"2026-06-16 17:15:25"}
{"level":"info","message":"OPTIONS /api/attendance/2026/6 200 0 - 0.190 ms","timestamp":"2026-06-16 17:15:25"}
{"level":"info","message":"OPTIONS /api/appointments/telecaller 200 0 - 0.181 ms","timestamp":"2026-06-16 17:15:25"}
{"level":"info","message":"OPTIONS /api/users 200 0 - 0.139 ms","timestamp":"2026-06-16 17:15:25"}
{"level":"info","message":"OPTIONS /api/users 200 0 - 0.111 ms","timestamp":"2026-06-16 17:15:25"}
{"level":"info","message":"OPTIONS /api/attendance/2026/6 200 0 - 0.151 ms","timestamp":"2026-06-16 17:15:25"}
{"level":"info","message":"OPTIONS /api/appointments/telecaller 200 0 - 0.144 ms","timestamp":"2026-06-16 17:15:25"}
{"level":"info","message":"OPTIONS /api/users 200 0 - 0.107 ms","timestamp":"2026-06-16 17:15:25"}
{"level":"info","message":"OPTIONS /api/users 200 0 - 0.106 ms","timestamp":"2026-06-16 17:15:25"}
{"level":"info","message":"GET /api/attendance/2026/6 200 - - 147.932 ms","timestamp":"2026-06-16 17:15:26"}
{"level":"info","message":"GET /api/attendance/2026/6 200 - - 206.350 ms","timestamp":"2026-06-16 17:15:26"}
{"level":"info","message":"GET /api/appointments/telecaller 200 684 - 272.611 ms","timestamp":"2026-06-16 17:15:26"}
{"level":"info","message":"GET /api/users 200 - - 207.358 ms","timestamp":"2026-06-16 17:15:26"}
{"level":"info","message":"GET /api/users 200 - - 203.290 ms","timestamp":"2026-06-16 17:15:26"}
{"level":"info","message":"GET /api/appointments/telecaller 200 684 - 241.893 ms","timestamp":"2026-06-16 17:15:26"}
{"level":"info","message":"GET /api/users 200 - - 110.907 ms","timestamp":"2026-06-16 17:15:26"}
{"level":"info","message":"GET /api/users 200 - - 128.080 ms","timestamp":"2026-06-16 17:15:26"}
{"level":"info","message":"✅ Redis Clients (Pub/Sub) Connected and Ready","timestamp":"2026-06-16 17:15:30"}
{"level":"info","message":"🚀 Server running on http://localhost:5000","timestamp":"2026-06-16 17:15:30"}
{"level":"info","message":"📡 Socket.IO server ready for connections","timestamp":"2026-06-16 17:15:30"}
{"level":"info","message":"OPTIONS /api/users 200 0 - 2.141 ms","timestamp":"2026-06-16 17:15:30"}
{"level":"info","message":"OPTIONS /api/appointments/telecaller 200 0 - 0.366 ms","timestamp":"2026-06-16 17:15:30"}
{"level":"info","message":"OPTIONS /api/users 200 0 - 0.260 ms","timestamp":"2026-06-16 17:15:30"}
{"level":"info","message":"OPTIONS /api/users 200 0 - 0.154 ms","timestamp":"2026-06-16 17:15:30"}
{"level":"info","message":"OPTIONS /api/appointments/telecaller 200 0 - 0.194 ms","timestamp":"2026-06-16 17:15:30"}
{"level":"info","message":"OPTIONS /api/attendance/2026/6 200 0 - 0.281 ms","timestamp":"2026-06-16 17:15:30"}
{"level":"info","message":"OPTIONS /api/users 200 0 - 0.146 ms","timestamp":"2026-06-16 17:15:30"}
{"level":"info","message":"GET /api/users 200 - - 575.017 ms","timestamp":"2026-06-16 17:15:31"}
{"level":"info","message":"GET /api/appointments/telecaller 200 684 - 648.851 ms","timestamp":"2026-06-16 17:15:31"}
{"level":"info","message":"GET /api/appointments/telecaller 200 684 - 677.212 ms","timestamp":"2026-06-16 17:15:31"}
{"level":"info","message":"GET /api/attendance/2026/6 200 - - 649.727 ms","timestamp":"2026-06-16 17:15:31"}
{"level":"info","message":"GET /api/users 200 - - 130.399 ms","timestamp":"2026-06-16 17:15:31"}
{"level":"info","message":"GET /api/users 200 - - 790.671 ms","timestamp":"2026-06-16 17:15:31"}
{"level":"info","message":"GET /api/users 200 - - 823.826 ms","timestamp":"2026-06-16 17:15:31"}
{"level":"info","message":"✅ Redis Clients (Pub/Sub) Connected and Ready","timestamp":"2026-06-16 17:15:36"}
{"level":"info","message":"🚀 Server running on http://localhost:5000","timestamp":"2026-06-16 17:15:36"}
{"level":"info","message":"📡 Socket.IO server ready for connections","timestamp":"2026-06-16 17:15:36"}
{"level":"info","message":"✅ Redis Clients (Pub/Sub) Connected and Ready","timestamp":"2026-06-16 17:15:42"}
{"level":"info","message":"🚀 Server running on http://localhost:5000","timestamp":"2026-06-16 17:15:42"}
{"level":"info","message":"📡 Socket.IO server ready for connections","timestamp":"2026-06-16 17:15:42"}
{"level":"info","message":"✅ Redis Clients (Pub/Sub) Connected and Ready","timestamp":"2026-06-16 17:15:48"}
{"level":"info","message":"🚀 Server running on http://localhost:5000","timestamp":"2026-06-16 17:15:49"}
{"level":"info","message":"📡 Socket.IO server ready for connections","timestamp":"2026-06-16 17:15:49"}
{"level":"info","message":"OPTIONS /api/calls/sip-config 200 0 - 1.423 ms","timestamp":"2026-06-16 17:15:49"}
{"level":"info","message":"OPTIONS /api/attendance/2026/6 200 0 - 0.231 ms","timestamp":"2026-06-16 17:15:49"}
{"level":"info","message":"OPTIONS /api/messages/unread-count 200 0 - 0.104 ms","timestamp":"2026-06-16 17:15:49"}
{"level":"info","message":"OPTIONS /api/appointments/telecaller 200 0 - 0.122 ms","timestamp":"2026-06-16 17:15:49"}
{"level":"info","message":"OPTIONS /api/calls/sip-config 200 0 - 0.208 ms","timestamp":"2026-06-16 17:15:49"}
{"level":"info","message":"OPTIONS /api/users 200 0 - 0.154 ms","timestamp":"2026-06-16 17:15:49"}
{"level":"info","message":"OPTIONS /api/users 200 0 - 0.160 ms","timestamp":"2026-06-16 17:15:49"}
{"level":"info","message":"OPTIONS /api/messages/unread-count 200 0 - 0.161 ms","timestamp":"2026-06-16 17:15:49"}
{"level":"info","message":"OPTIONS /api/users 200 0 - 0.218 ms","timestamp":"2026-06-16 17:15:49"}
{"level":"info","message":"OPTIONS /api/attendance/2026/6 200 0 - 0.176 ms","timestamp":"2026-06-16 17:15:49"}
{"level":"info","message":"OPTIONS /api/appointments/telecaller 200 0 - 0.106 ms","timestamp":"2026-06-16 17:15:49"}
{"level":"info","message":"OPTIONS /api/users 200 0 - 0.084 ms","timestamp":"2026-06-16 17:15:49"}
{"level":"info","message":"GET /api/calls/sip-config 200 197 - 180.566 ms","timestamp":"2026-06-16 17:15:49"}
{"level":"info","message":"GET /api/calls/sip-config 200 197 - 198.179 ms","timestamp":"2026-06-16 17:15:49"}
{"level":"info","message":"GET /api/messages/unread-count 200 17 - 342.128 ms","timestamp":"2026-06-16 17:15:49"}
{"level":"info","message":"GET /api/messages/unread-count 200 17 - 218.064 ms","timestamp":"2026-06-16 17:15:49"}
{"level":"info","message":"GET /api/users 200 - - 457.602 ms","timestamp":"2026-06-16 17:15:49"}
{"level":"info","message":"GET /api/users 200 - - 302.998 ms","timestamp":"2026-06-16 17:15:49"}
{"level":"info","message":"GET /api/appointments/telecaller 200 684 - 581.459 ms","timestamp":"2026-06-16 17:15:49"}
{"level":"info","message":"GET /api/users 200 - - 256.517 ms","timestamp":"2026-06-16 17:15:49"}
{"level":"info","message":"GET /api/attendance/2026/6 200 - - 243.044 ms","timestamp":"2026-06-16 17:15:49"}
{"level":"info","message":"GET /api/attendance/2026/6 200 - - 710.275 ms","timestamp":"2026-06-16 17:15:49"}
{"level":"info","message":"GET /api/users 200 - - 198.728 ms","timestamp":"2026-06-16 17:15:49"}
{"level":"info","message":"GET /api/appointments/telecaller 200 684 - 219.140 ms","timestamp":"2026-06-16 17:15:49"}
{"level":"info","message":"✅ Redis Clients (Pub/Sub) Connected and Ready","timestamp":"2026-06-16 17:15:54"}
{"level":"info","message":"🚀 Server running on http://localhost:5000","timestamp":"2026-06-16 17:15:54"}
{"level":"info","message":"📡 Socket.IO server ready for connections","timestamp":"2026-06-16 17:15:54"}
{"level":"info","message":"✅ Redis Clients (Pub/Sub) Connected and Ready","timestamp":"2026-06-16 17:16:00"}
{"level":"info","message":"🚀 Server running on http://localhost:5000","timestamp":"2026-06-16 17:16:00"}
{"level":"info","message":"📡 Socket.IO server ready for connections","timestamp":"2026-06-16 17:16:00"}
{"level":"info","message":"✅ Redis Clients (Pub/Sub) Connected and Ready","timestamp":"2026-06-16 17:16:06"}
{"level":"info","message":"🚀 Server running on http://localhost:5000","timestamp":"2026-06-16 17:16:06"}
{"level":"info","message":"📡 Socket.IO server ready for connections","timestamp":"2026-06-16 17:16:06"}
{"level":"info","message":"✅ Redis Clients (Pub/Sub) Connected and Ready","timestamp":"2026-06-16 17:16:12"}
{"level":"info","message":"🚀 Server running on http://localhost:5000","timestamp":"2026-06-16 17:16:12"}
{"level":"info","message":"📡 Socket.IO server ready for connections","timestamp":"2026-06-16 17:16:12"}
{"level":"info","message":"OPTIONS /api/application-appointments 200 0 - 1.362 ms","timestamp":"2026-06-16 17:16:12"}
{"level":"info","message":"POST /api/application-appointments 404 168 - 16.130 ms","timestamp":"2026-06-16 17:16:12"}
{"level":"info","message":"✅ Redis Clients (Pub/Sub) Connected and Ready","timestamp":"2026-06-16 17:16:18"}
{"level":"info","message":"🚀 Server running on http://localhost:5000","timestamp":"2026-06-16 17:16:18"}
{"level":"info","message":"📡 Socket.IO server ready for connections","timestamp":"2026-06-16 17:16:18"}
{"level":"info","message":"OPTIONS /api/attendance/2026/6 200 0 - 1.394 ms","timestamp":"2026-06-16 17:16:18"}
{"level":"info","message":"GET /api/attendance/2026/6 200 - - 414.511 ms","timestamp":"2026-06-16 17:16:19"}
{"level":"info","message":"✅ Redis Clients (Pub/Sub) Connected and Ready","timestamp":"2026-06-16 17:16:24"}
{"level":"info","message":"🚀 Server running on http://localhost:5000","timestamp":"2026-06-16 17:16:24"}
{"level":"info","message":"📡 Socket.IO server ready for connections","timestamp":"2026-06-16 17:16:24"}
{"level":"info","message":"✅ Redis Clients (Pub/Sub) Connected and Ready","timestamp":"2026-06-16 17:16:30"}
{"level":"info","message":"🚀 Server running on http://localhost:5000","timestamp":"2026-06-16 17:16:30"}
{"level":"info","message":"📡 Socket.IO server ready for connections","timestamp":"2026-06-16 17:16:30"}
{"level":"info","message":"✅ Redis Clients (Pub/Sub) Connected and Ready","timestamp":"2026-06-16 17:16:35"}
{"level":"info","message":"🚀 Server running on http://localhost:5000","timestamp":"2026-06-16 17:16:36"}
{"level":"info","message":"📡 Socket.IO server ready for connections","timestamp":"2026-06-16 17:16:36"}
{"level":"info","message":"✅ Redis Clients (Pub/Sub) Connected and Ready","timestamp":"2026-06-16 17:16:41"}
{"level":"info","message":"🚀 Server running on http://localhost:5000","timestamp":"2026-06-16 17:16:41"}
{"level":"info","message":"📡 Socket.IO server ready for connections","timestamp":"2026-06-16 17:16:41"}
{"level":"info","message":"✅ Redis Clients (Pub/Sub) Connected and Ready","timestamp":"2026-06-16 17:16:47"}
{"level":"info","message":"🚀 Server running on http://localhost:5000","timestamp":"2026-06-16 17:16:47"}
{"level":"info","message":"📡 Socket.IO server ready for connections","timestamp":"2026-06-16 17:16:47"}
{"level":"info","message":"OPTIONS /api/attendance/2026/6 200 0 - 1.236 ms","timestamp":"2026-06-16 17:16:47"}
{"level":"info","message":"GET /api/attendance/2026/6 200 - - 490.008 ms","timestamp":"2026-06-16 17:16:48"}
{"level":"info","message":"✅ Redis Clients (Pub/Sub) Connected and Ready","timestamp":"2026-06-16 17:16:53"}
{"level":"info","message":"🚀 Server running on http://localhost:5000","timestamp":"2026-06-16 17:16:53"}
{"level":"info","message":"📡 Socket.IO server ready for connections","timestamp":"2026-06-16 17:16:53"}
{"level":"info","message":"✅ Redis Clients (Pub/Sub) Connected and Ready","timestamp":"2026-06-16 17:16:59"}
{"level":"info","message":"🚀 Server running on http://localhost:5000","timestamp":"2026-06-16 17:16:59"}
{"level":"info","message":"📡 Socket.IO server ready for connections","timestamp":"2026-06-16 17:16:59"}
{"level":"info","message":"✅ Redis Clients (Pub/Sub) Connected and Ready","timestamp":"2026-06-16 17:17:05"}
{"level":"info","message":"🚀 Server running on http://localhost:5000","timestamp":"2026-06-16 17:17:05"}
{"level":"info","message":"📡 Socket.IO server ready for connections","timestamp":"2026-06-16 17:17:05"}
{"level":"info","message":"✅ Redis Clients (Pub/Sub) Connected and Ready","timestamp":"2026-06-16 17:17:11"}
{"level":"info","message":"🚀 Server running on http://localhost:5000","timestamp":"2026-06-16 17:17:11"}
{"level":"info","message":"📡 Socket.IO server ready for connections","timestamp":"2026-06-16 17:17:11"}
{"level":"info","message":"✅ Redis Clients (Pub/Sub) Connected and Ready","timestamp":"2026-06-16 17:17:17"}
{"level":"info","message":"🚀 Server running on http://localhost:5000","timestamp":"2026-06-16 17:17:17"}
{"level":"info","message":"📡 Socket.IO server ready for connections","timestamp":"2026-06-16 17:17:17"}
{"level":"info","message":"OPTIONS /api/attendance/2026/6 200 0 - 1.127 ms","timestamp":"2026-06-16 17:17:17"}
{"level":"info","message":"GET /api/attendance/2026/6 200 - - 363.077 ms","timestamp":"2026-06-16 17:17:17"}
{"level":"info","message":"✅ Redis Clients (Pub/Sub) Connected and Ready","timestamp":"2026-06-16 17:17:23"}
{"level":"info","message":"🚀 Server running on http://localhost:5000","timestamp":"2026-06-16 17:17:23"}
{"level":"info","message":"📡 Socket.IO server ready for connections","timestamp":"2026-06-16 17:17:23"}
{"level":"info","message":"✅ Redis Clients (Pub/Sub) Connected and Ready","timestamp":"2026-06-16 17:17:29"}
{"level":"info","message":"🚀 Server running on http://localhost:5000","timestamp":"2026-06-16 17:17:29"}
{"level":"info","message":"📡 Socket.IO server ready for connections","timestamp":"2026-06-16 17:17:29"}
{"level":"info","message":"✅ Redis Clients (Pub/Sub) Connected and Ready","timestamp":"2026-06-16 17:17:33"}
{"level":"info","message":"🚀 Server running on http://localhost:5000","timestamp":"2026-06-16 17:17:33"}
{"level":"info","message":"📡 Socket.IO server ready for connections","timestamp":"2026-06-16 17:17:33"}
{"level":"info","message":"✅ Redis Clients (Pub/Sub) Connected and Ready","timestamp":"2026-06-16 17:17:35"}
{"level":"info","message":"✅ Redis Clients (Pub/Sub) Connected and Ready","timestamp":"2026-06-16 17:17:38"}
{"level":"info","message":"🚀 Server running on http://localhost:5000","timestamp":"2026-06-16 17:17:38"}
{"level":"info","message":"📡 Socket.IO server ready for connections","timestamp":"2026-06-16 17:17:38"}
{"level":"info","message":"✅ Redis Clients (Pub/Sub) Connected and Ready","timestamp":"2026-06-16 17:17:44"}
{"level":"info","message":"🚀 Server running on http://localhost:5000","timestamp":"2026-06-16 17:17:44"}
{"level":"info","message":"📡 Socket.IO server ready for connections","timestamp":"2026-06-16 17:17:44"}
{"level":"info","message":"OPTIONS /api/attendance/2026/6 200 0 - 3.672 ms","timestamp":"2026-06-16 17:17:47"}
{"level":"info","message":"✅ Redis Clients (Pub/Sub) Connected and Ready","timestamp":"2026-06-16 17:17:50"}
{"level":"info","message":"🚀 Server running on http://localhost:5000","timestamp":"2026-06-16 17:17:50"}
{"level":"info","message":"📡 Socket.IO server ready for connections","timestamp":"2026-06-16 17:17:50"}
{"level":"info","message":"✅ Redis Clients (Pub/Sub) Connected and Ready","timestamp":"2026-06-16 17:17:56"}
{"level":"info","message":"🚀 Server running on http://localhost:5000","timestamp":"2026-06-16 17:17:56"}
{"level":"info","message":"📡 Socket.IO server ready for connections","timestamp":"2026-06-16 17:17:56"}
{"level":"info","message":"✅ Redis Clients (Pub/Sub) Connected and Ready","timestamp":"2026-06-16 17:18:02"}
{"level":"info","message":"🚀 Server running on http://localhost:5000","timestamp":"2026-06-16 17:18:02"}
{"level":"info","message":"📡 Socket.IO server ready for connections","timestamp":"2026-06-16 17:18:02"}
{"level":"info","message":"✅ Redis Clients (Pub/Sub) Connected and Ready","timestamp":"2026-06-16 17:18:08"}
{"level":"info","message":"🚀 Server running on http://localhost:5000","timestamp":"2026-06-16 17:18:08"}
{"level":"info","message":"📡 Socket.IO server ready for connections","timestamp":"2026-06-16 17:18:08"}
{"level":"info","message":"✅ Redis Clients (Pub/Sub) Connected and Ready","timestamp":"2026-06-16 17:18:14"}
{"level":"info","message":"🚀 Server running on http://localhost:5000","timestamp":"2026-06-16 17:18:14"}
{"level":"info","message":"📡 Socket.IO server ready for connections","timestamp":"2026-06-16 17:18:14"}
{"level":"info","message":"✅ Redis Clients (Pub/Sub) Connected and Ready","timestamp":"2026-06-16 17:18:20"}
{"level":"info","message":"🚀 Server running on http://localhost:5000","timestamp":"2026-06-16 17:18:20"}
{"level":"info","message":"📡 Socket.IO server ready for connections","timestamp":"2026-06-16 17:18:20"}
{"level":"info","message":"✅ Redis Clients (Pub/Sub) Connected and Ready","timestamp":"2026-06-16 17:18:20"}
{"level":"info","message":"✅ Redis Clients (Pub/Sub) Connected and Ready","timestamp":"2026-06-16 17:18:26"}
{"level":"info","message":"🚀 Server running on http://localhost:5000","timestamp":"2026-06-16 17:18:26"}
{"level":"info","message":"📡 Socket.IO server ready for connections","timestamp":"2026-06-16 17:18:26"}
{"level":"info","message":"✅ Redis Clients (Pub/Sub) Connected and Ready","timestamp":"2026-06-16 17:18:32"}
{"level":"info","message":"🚀 Server running on http://localhost:5000","timestamp":"2026-06-16 17:18:32"}
{"level":"info","message":"📡 Socket.IO server ready for connections","timestamp":"2026-06-16 17:18:32"}
{"level":"info","message":"✅ Redis Clients (Pub/Sub) Connected and Ready","timestamp":"2026-06-16 17:18:38"}
{"level":"info","message":"🚀 Server running on http://localhost:5000","timestamp":"2026-06-16 17:18:38"}
{"level":"info","message":"📡 Socket.IO server ready for connections","timestamp":"2026-06-16 17:18:38"}
{"level":"info","message":"✅ Redis Clients (Pub/Sub) Connected and Ready","timestamp":"2026-06-16 17:18:43"}
{"level":"info","message":"🚀 Server running on http://localhost:5000","timestamp":"2026-06-16 17:18:44"}
{"level":"info","message":"📡 Socket.IO server ready for connections","timestamp":"2026-06-16 17:18:44"}
{"level":"info","message":"✅ Redis Clients (Pub/Sub) Connected and Ready","timestamp":"2026-06-16 17:18:49"}
{"level":"info","message":"🚀 Server running on http://localhost:5000","timestamp":"2026-06-16 17:18:50"}
{"level":"info","message":"📡 Socket.IO server ready for connections","timestamp":"2026-06-16 17:18:50"}
{"level":"info","message":"✅ Redis Clients (Pub/Sub) Connected and Ready","timestamp":"2026-06-16 17:18:55"}
{"level":"info","message":"🚀 Server running on http://localhost:5000","timestamp":"2026-06-16 17:18:56"}
{"level":"info","message":"📡 Socket.IO server ready for connections","timestamp":"2026-06-16 17:18:56"}
{"level":"info","message":"✅ Redis Clients (Pub/Sub) Connected and Ready","timestamp":"2026-06-16 17:19:01"}
{"level":"info","message":"🚀 Server running on http://localhost:5000","timestamp":"2026-06-16 17:19:02"}
{"level":"info","message":"📡 Socket.IO server ready for connections","timestamp":"2026-06-16 17:19:02"}
{"level":"info","message":"✅ Redis Clients (Pub/Sub) Connected and Ready","timestamp":"2026-06-16 17:19:08"}
{"level":"info","message":"🚀 Server running on http://localhost:5000","timestamp":"2026-06-16 17:19:08"}
{"level":"info","message":"📡 Socket.IO server ready for connections","timestamp":"2026-06-16 17:19:08"}
{"level":"info","message":"✅ Redis Clients (Pub/Sub) Connected and Ready","timestamp":"2026-06-16 17:20:06"}
{"level":"info","message":"🚀 Server running on http://localhost:5000","timestamp":"2026-06-16 17:20:06"}
{"level":"info","message":"📡 Socket.IO server ready for connections","timestamp":"2026-06-16 17:20:06"}
{"level":"info","message":"POST /api/application-appointments 403 62 - 54.676 ms","timestamp":"2026-06-16 17:20:10"}
{"level":"info","message":"OPTIONS /api/attendance/2026/6 200 0 - 0.383 ms","timestamp":"2026-06-16 17:20:16"}
{"level":"info","message":"GET /api/attendance/2026/6 200 - - 122.914 ms","timestamp":"2026-06-16 17:20:16"}
{"level":"info","message":"GET /api/v1/metal-rates/current 200 - - 5.863 ms","timestamp":"2026-06-16 17:20:21"}
{"level":"info","message":"POST /api/application-appointments 403 62 - 26.365 ms","timestamp":"2026-06-16 17:20:30"}
{"level":"info","message":"OPTIONS /api/attendance/2026/6 200 0 - 0.247 ms","timestamp":"2026-06-16 17:20:47"}
{"level":"info","message":"GET /api/attendance/2026/6 200 - - 121.691 ms","timestamp":"2026-06-16 17:20:47"}
{"level":"info","message":"✅ Redis Clients (Pub/Sub) Connected and Ready","timestamp":"2026-06-16 17:21:17"}
{"level":"info","message":"🚀 Server running on http://localhost:5000","timestamp":"2026-06-16 17:21:17"}
{"level":"info","message":"📡 Socket.IO server ready for connections","timestamp":"2026-06-16 17:21:17"}
{"level":"info","message":"OPTIONS /api/attendance/2026/6 200 0 - 2.657 ms","timestamp":"2026-06-16 17:21:17"}
{"level":"info","message":"GET /api/attendance/2026/6 200 - - 326.460 ms","timestamp":"2026-06-16 17:21:18"}
{"level":"info","message":"POST /api/application-appointments 201 326 - 71.784 ms","timestamp":"2026-06-16 17:21:18"}
{"level":"info","message":"OPTIONS /api/attendance/2026/6 200 0 - 0.277 ms","timestamp":"2026-06-16 17:21:47"}
{"level":"info","message":"GET /api/attendance/2026/6 200 - - 110.892 ms","timestamp":"2026-06-16 17:21:47"}
{"level":"info","message":"OPTIONS /api/attendance/2026/6 200 0 - 0.147 ms","timestamp":"2026-06-16 17:22:17"}
{"level":"info","message":"GET /api/attendance/2026/6 200 - - 102.837 ms","timestamp":"2026-06-16 17:22:17"}
{"level":"info","message":"OPTIONS /api/attendance/2026/6 200 0 - 0.096 ms","timestamp":"2026-06-16 17:22:47"}
{"level":"info","message":"GET /api/attendance/2026/6 200 - - 112.059 ms","timestamp":"2026-06-16 17:22:47"}
{"level":"info","message":"OPTIONS /api/calls/sip-config 200 0 - 0.184 ms","timestamp":"2026-06-16 17:23:07"}
{"level":"info","message":"OPTIONS /api/messages/unread-count 200 0 - 0.176 ms","timestamp":"2026-06-16 17:23:07"}
{"level":"info","message":"OPTIONS /api/calls/sip-config 200 0 - 0.174 ms","timestamp":"2026-06-16 17:23:07"}
{"level":"info","message":"OPTIONS /api/messages/unread-count 200 0 - 0.136 ms","timestamp":"2026-06-16 17:23:07"}
{"level":"info","message":"GET /api/calls/sip-config 200 197 - 30.066 ms","timestamp":"2026-06-16 17:23:07"}
{"level":"info","message":"GET /api/calls/sip-config 200 197 - 45.990 ms","timestamp":"2026-06-16 17:23:07"}
{"level":"info","message":"GET /api/messages/unread-count 200 17 - 53.931 ms","timestamp":"2026-06-16 17:23:07"}
{"level":"info","message":"GET /api/messages/unread-count 200 17 - 54.486 ms","timestamp":"2026-06-16 17:23:07"}
{"level":"info","message":"OPTIONS /api/attendance/2026/6 200 0 - 0.133 ms","timestamp":"2026-06-16 17:23:07"}
{"level":"info","message":"OPTIONS /api/appointments/telecaller 200 0 - 0.133 ms","timestamp":"2026-06-16 17:23:07"}
{"level":"info","message":"OPTIONS /api/users 200 0 - 0.166 ms","timestamp":"2026-06-16 17:23:07"}
{"level":"info","message":"OPTIONS /api/users 200 0 - 0.113 ms","timestamp":"2026-06-16 17:23:07"}
{"level":"info","message":"OPTIONS /api/attendance/2026/6 200 0 - 0.081 ms","timestamp":"2026-06-16 17:23:07"}
{"level":"info","message":"OPTIONS /api/appointments/telecaller 200 0 - 0.098 ms","timestamp":"2026-06-16 17:23:07"}
{"level":"info","message":"OPTIONS /api/users 200 0 - 0.229 ms","timestamp":"2026-06-16 17:23:07"}
{"level":"info","message":"OPTIONS /api/users 200 0 - 0.142 ms","timestamp":"2026-06-16 17:23:07"}
{"level":"info","message":"GET /api/attendance/2026/6 200 - - 136.242 ms","timestamp":"2026-06-16 17:23:07"}
{"level":"info","message":"GET /api/appointments/telecaller 200 684 - 261.178 ms","timestamp":"2026-06-16 17:23:07"}
{"level":"info","message":"GET /api/appointments/telecaller 200 684 - 266.336 ms","timestamp":"2026-06-16 17:23:07"}
{"level":"info","message":"GET /api/users 200 - - 264.905 ms","timestamp":"2026-06-16 17:23:07"}
{"level":"info","message":"GET /api/attendance/2026/6 200 - - 251.264 ms","timestamp":"2026-06-16 17:23:07"}
{"level":"info","message":"GET /api/users 200 - - 274.860 ms","timestamp":"2026-06-16 17:23:07"}
{"level":"info","message":"GET /api/users 200 - - 113.603 ms","timestamp":"2026-06-16 17:23:07"}
{"level":"info","message":"GET /api/users 200 - - 317.478 ms","timestamp":"2026-06-16 17:23:08"}
{"level":"info","message":"OPTIONS /api/application-appointments 200 0 - 0.174 ms","timestamp":"2026-06-16 17:23:29"}
{"level":"info","message":"POST /api/application-appointments 201 332 - 63.555 ms","timestamp":"2026-06-16 17:23:30"}
{"level":"info","message":"OPTIONS /api/attendance/2026/6 200 0 - 0.072 ms","timestamp":"2026-06-16 17:23:37"}
{"level":"info","message":"GET /api/attendance/2026/6 304 - - 105.275 ms","timestamp":"2026-06-16 17:23:37"}
{"level":"info","message":"OPTIONS /api/auth/logout 200 0 - 0.058 ms","timestamp":"2026-06-16 17:24:05"}
{"level":"info","message":"POST /api/auth/logout 200 31 - 1.308 ms","timestamp":"2026-06-16 17:24:05"}
{"level":"info","message":"OPTIONS /api/users/logout 200 0 - 0.065 ms","timestamp":"2026-06-16 17:24:05"}
{"level":"info","message":"POST /api/users/logout 200 33 - 122.803 ms","timestamp":"2026-06-16 17:24:05"}
{"level":"info","message":"GET /api/calls/sip-config 401 44 - 0.451 ms","timestamp":"2026-06-16 17:24:05"}
{"level":"info","message":"OPTIONS /api/auth/login 200 0 - 0.064 ms","timestamp":"2026-06-16 17:24:09"}
{"level":"info","message":"POST /api/auth/login 200 750 - 229.906 ms","timestamp":"2026-06-16 17:24:10"}
{"level":"info","message":"OPTIONS /api/calls/sip-config 200 0 - 0.178 ms","timestamp":"2026-06-16 17:24:10"}
{"level":"info","message":"OPTIONS /api/messages/unread-count 200 0 - 0.102 ms","timestamp":"2026-06-16 17:24:10"}
{"level":"info","message":"GET /api/calls/sip-config 304 - - 26.982 ms","timestamp":"2026-06-16 17:24:10"}
{"level":"info","message":"GET /api/messages/unread-count 200 17 - 52.776 ms","timestamp":"2026-06-16 17:24:10"}
{"level":"info","message":"OPTIONS /api/attendance/2026/6 200 0 - 0.098 ms","timestamp":"2026-06-16 17:24:10"}
{"level":"info","message":"OPTIONS /api/appointments/revenue/reports 200 0 - 0.091 ms","timestamp":"2026-06-16 17:24:10"}
{"level":"info","message":"OPTIONS /api/appointments/all 200 0 - 0.079 ms","timestamp":"2026-06-16 17:24:10"}
{"level":"info","message":"OPTIONS /api/tasks 200 0 - 0.083 ms","timestamp":"2026-06-16 17:24:10"}
{"level":"info","message":"OPTIONS /api/users/all 200 0 - 0.049 ms","timestamp":"2026-06-16 17:24:10"}
{"level":"info","message":"OPTIONS /api/attendance/range?start=2026-05-31T18:30:00.000Z&end=2026-06-30T18:29:59.999Z 200 0 - 0.093 ms","timestamp":"2026-06-16 17:24:10"}
{"level":"info","message":"OPTIONS /api/admin-status 200 0 - 0.074 ms","timestamp":"2026-06-16 17:24:10"}
{"level":"info","message":"OPTIONS /api/appointments/stats?month=6&year=2026 200 0 - 0.121 ms","timestamp":"2026-06-16 17:24:10"}
{"level":"info","message":"OPTIONS /api/appointments/stats?month=5&year=2026 200 0 - 0.073 ms","timestamp":"2026-06-16 17:24:10"}
{"level":"info","message":"OPTIONS /api/appointments/revenue 200 0 - 0.082 ms","timestamp":"2026-06-16 17:24:10"}
{"level":"info","message":"OPTIONS /api/attendance/range?start=2026-05-31T18:30:00.000Z&end=2026-06-30T18:29:59.999Z 200 0 - 0.082 ms","timestamp":"2026-06-16 17:24:10"}
{"level":"info","message":"OPTIONS /api/admin-status 200 0 - 0.071 ms","timestamp":"2026-06-16 17:24:10"}
{"level":"info","message":"OPTIONS /api/appointments/stats?month=6&year=2026 200 0 - 0.067 ms","timestamp":"2026-06-16 17:24:10"}
{"level":"info","message":"OPTIONS /api/appointments/stats?month=5&year=2026 200 0 - 0.093 ms","timestamp":"2026-06-16 17:24:10"}
{"level":"info","message":"OPTIONS /api/appointments/revenue 200 0 - 0.070 ms","timestamp":"2026-06-16 17:24:10"}
{"level":"info","message":"OPTIONS /api/users 200 0 - 0.127 ms","timestamp":"2026-06-16 17:24:10"}
{"level":"info","message":"OPTIONS /api/users 200 0 - 0.103 ms","timestamp":"2026-06-16 17:24:10"}
{"level":"info","message":"GET /api/appointments/revenue/reports 304 - - 52.199 ms","timestamp":"2026-06-16 17:24:10"}
{"level":"info","message":"GET /api/attendance/2026/6 200 - - 109.258 ms","timestamp":"2026-06-16 17:24:10"}
{"level":"info","message":"GET /api/users/all 200 - - 108.046 ms","timestamp":"2026-06-16 17:24:10"}
{"level":"info","message":"GET /api/appointments/all 304 - - 202.710 ms","timestamp":"2026-06-16 17:24:10"}
{"level":"info","message":"GET /api/appointments/stats?month=6&year=2026 304 - - 114.149 ms","timestamp":"2026-06-16 17:24:10"}
{"level":"info","message":"GET /api/attendance/range?start=2026-05-31T18:30:00.000Z&end=2026-06-30T18:29:59.999Z 200 - - 192.063 ms","timestamp":"2026-06-16 17:24:10"}
{"level":"info","message":"GET /api/appointments/stats?month=5&year=2026 304 - - 69.671 ms","timestamp":"2026-06-16 17:24:10"}
{"level":"info","message":"GET /api/appointments/revenue/reports 304 - - 50.423 ms","timestamp":"2026-06-16 17:24:10"}
{"level":"info","message":"GET /api/appointments/revenue 304 - - 83.621 ms","timestamp":"2026-06-16 17:24:10"}
{"level":"info","message":"GET /api/tasks 200 - - 296.799 ms","timestamp":"2026-06-16 17:24:10"}
{"level":"info","message":"GET /api/users 200 - - 105.944 ms","timestamp":"2026-06-16 17:24:10"}
{"level":"info","message":"GET /api/attendance/2026/6 304 - - 109.299 ms","timestamp":"2026-06-16 17:24:10"}
{"level":"info","message":"GET /api/users/all 304 - - 82.378 ms","timestamp":"2026-06-16 17:24:10"}
{"level":"info","message":"GET /api/admin-status 200 48 - 321.451 ms","timestamp":"2026-06-16 17:24:10"}
{"level":"info","message":"GET /api/appointments/stats?month=6&year=2026 304 - - 63.353 ms","timestamp":"2026-06-16 17:24:10"}
{"level":"info","message":"GET /api/appointments/stats?month=5&year=2026 304 - - 46.727 ms","timestamp":"2026-06-16 17:24:10"}
{"level":"info","message":"GET /api/appointments/all 304 - - 175.538 ms","timestamp":"2026-06-16 17:24:10"}
{"level":"info","message":"GET /api/attendance/range?start=2026-05-31T18:30:00.000Z&end=2026-06-30T18:29:59.999Z 304 - - 147.076 ms","timestamp":"2026-06-16 17:24:10"}
{"level":"info","message":"GET /api/appointments/revenue 304 - - 119.528 ms","timestamp":"2026-06-16 17:24:10"}
{"level":"info","message":"GET /api/tasks 304 - - 120.233 ms","timestamp":"2026-06-16 17:24:10"}
{"level":"info","message":"GET /api/users 304 - - 126.003 ms","timestamp":"2026-06-16 17:24:10"}
{"level":"info","message":"GET /api/tasks 304 - - 88.904 ms","timestamp":"2026-06-16 17:24:10"}
{"level":"info","message":"GET /api/admin-status 304 - - 252.524 ms","timestamp":"2026-06-16 17:24:11"}
{"level":"info","message":"GET /api/tasks 304 - - 77.965 ms","timestamp":"2026-06-16 17:24:11"}
{"level":"info","message":"OPTIONS /api/telecaller-reports 200 0 - 0.115 ms","timestamp":"2026-06-16 17:24:14"}
{"level":"info","message":"OPTIONS /api/telecaller-reports/marketing-summary?startDate=2026-05-17&endDate=2026-06-16 200 0 - 0.044 ms","timestamp":"2026-06-16 17:24:14"}
{"level":"info","message":"OPTIONS /api/telecaller-reports 200 0 - 0.068 ms","timestamp":"2026-06-16 17:24:14"}
{"level":"info","message":"OPTIONS /api/telecaller-reports/marketing-summary?startDate=2026-05-17&endDate=2026-06-16 200 0 - 0.066 ms","timestamp":"2026-06-16 17:24:14"}
{"level":"info","message":"GET /api/telecaller-reports 200 604 - 46.874 ms","timestamp":"2026-06-16 17:24:14"}
{"level":"info","message":"GET /api/telecaller-reports/marketing-summary?startDate=2026-05-17&endDate=2026-06-16 200 200 - 46.073 ms","timestamp":"2026-06-16 17:24:14"}
{"level":"info","message":"GET /api/telecaller-reports 304 - - 49.641 ms","timestamp":"2026-06-16 17:24:14"}
{"level":"info","message":"GET /api/telecaller-reports/marketing-summary?startDate=2026-05-17&endDate=2026-06-16 304 - - 50.334 ms","timestamp":"2026-06-16 17:24:14"}
{"level":"info","message":"OPTIONS /api/application-appointments 200 0 - 0.057 ms","timestamp":"2026-06-16 17:24:16"}
{"level":"info","message":"OPTIONS /api/application-appointments 200 0 - 0.040 ms","timestamp":"2026-06-16 17:24:16"}
{"level":"info","message":"GET /api/application-appointments 200 767 - 88.846 ms","timestamp":"2026-06-16 17:24:16"}
{"level":"info","message":"GET /api/application-appointments 304 - - 81.984 ms","timestamp":"2026-06-16 17:24:16"}
{"level":"info","message":"OPTIONS /api/appointment-status 200 0 - 0.086 ms","timestamp":"2026-06-16 17:24:18"}
{"level":"info","message":"OPTIONS /api/appointment-status 200 0 - 0.088 ms","timestamp":"2026-06-16 17:24:18"}
{"level":"info","message":"GET /api/appointment-status 200 - - 49.498 ms","timestamp":"2026-06-16 17:24:18"}
{"level":"info","message":"GET /api/appointment-status 304 - - 47.191 ms","timestamp":"2026-06-16 17:24:18"}
{"level":"info","message":"OPTIONS /api/application-appointments 200 0 - 0.058 ms","timestamp":"2026-06-16 17:24:25"}
{"level":"info","message":"OPTIONS /api/application-appointments 200 0 - 0.045 ms","timestamp":"2026-06-16 17:24:25"}
{"level":"info","message":"GET /api/application-appointments 304 - - 82.520 ms","timestamp":"2026-06-16 17:24:25"}
{"level":"info","message":"GET /api/application-appointments 304 - - 65.761 ms","timestamp":"2026-06-16 17:24:25"}
{"level":"info","message":"OPTIONS /api/attendance/2026/6 200 0 - 0.201 ms","timestamp":"2026-06-16 17:24:40"}
{"level":"info","message":"GET /api/attendance/2026/6 304 - - 110.231 ms","timestamp":"2026-06-16 17:24:40"}
{"level":"info","message":"OPTIONS /api/attendance/2026/6 200 0 - 0.204 ms","timestamp":"2026-06-16 17:25:10"}
{"level":"info","message":"GET /api/attendance/2026/6 304 - - 104.923 ms","timestamp":"2026-06-16 17:25:10"}
{"level":"info","message":"GET /api/v1/metal-rates/current 200 - - 20.398 ms","timestamp":"2026-06-16 17:25:21"}
{"level":"info","message":"OPTIONS /api/attendance/2026/6 200 0 - 0.163 ms","timestamp":"2026-06-16 17:25:40"}
{"level":"info","message":"GET /api/attendance/2026/6 304 - - 110.784 ms","timestamp":"2026-06-16 17:25:40"}
{"level":"info","message":"OPTIONS /api/attendance/2026/6 200 0 - 0.489 ms","timestamp":"2026-06-16 17:26:10"}
{"level":"info","message":"GET /api/attendance/2026/6 304 - - 123.711 ms","timestamp":"2026-06-16 17:26:10"}
{"level":"info","message":"OPTIONS /api/attendance/2026/6 200 0 - 0.189 ms","timestamp":"2026-06-16 17:26:40"}
{"level":"info","message":"GET /api/attendance/2026/6 304 - - 121.422 ms","timestamp":"2026-06-16 17:26:40"}
{"level":"info","message":"OPTIONS /api/attendance/2026/6 200 0 - 0.109 ms","timestamp":"2026-06-16 17:27:10"}
{"level":"info","message":"GET /api/attendance/2026/6 304 - - 105.462 ms","timestamp":"2026-06-16 17:27:10"}
{"level":"info","message":"OPTIONS /api/attendance/2026/6 200 0 - 0.180 ms","timestamp":"2026-06-16 17:27:40"}
{"level":"info","message":"GET /api/attendance/2026/6 304 - - 123.520 ms","timestamp":"2026-06-16 17:27:40"}
{"level":"info","message":"OPTIONS /api/attendance/2026/6 200 0 - 0.415 ms","timestamp":"2026-06-16 17:28:10"}
{"level":"info","message":"GET /api/attendance/2026/6 304 - - 119.887 ms","timestamp":"2026-06-16 17:28:10"}
{"level":"info","message":"OPTIONS /api/appointment-status 200 0 - 0.066 ms","timestamp":"2026-06-16 17:28:11"}
{"level":"info","message":"OPTIONS /api/appointment-status 200 0 - 0.042 ms","timestamp":"2026-06-16 17:28:11"}
{"level":"info","message":"GET /api/appointment-status 304 - - 48.349 ms","timestamp":"2026-06-16 17:28:11"}
{"level":"info","message":"GET /api/appointment-status 304 - - 47.756 ms","timestamp":"2026-06-16 17:28:11"}
{"level":"info","message":"OPTIONS /api/attendance/2026/6 200 0 - 0.193 ms","timestamp":"2026-06-16 17:28:40"}
{"level":"info","message":"GET /api/attendance/2026/6 304 - - 122.230 ms","timestamp":"2026-06-16 17:28:40"}
{"level":"info","message":"OPTIONS /api/attendance/2026/6 200 0 - 0.181 ms","timestamp":"2026-06-16 17:29:10"}
{"level":"info","message":"GET /api/attendance/2026/6 304 - - 113.922 ms","timestamp":"2026-06-16 17:29:10"}
{"level":"info","message":"OPTIONS /api/application-appointments 200 0 - 0.057 ms","timestamp":"2026-06-16 17:29:11"}
{"level":"info","message":"OPTIONS /api/application-appointments 200 0 - 0.044 ms","timestamp":"2026-06-16 17:29:11"}
{"level":"info","message":"GET /api/application-appointments 304 - - 65.151 ms","timestamp":"2026-06-16 17:29:11"}
{"level":"info","message":"GET /api/application-appointments 304 - - 70.447 ms","timestamp":"2026-06-16 17:29:11"}
{"level":"info","message":"OPTIONS /api/attendance/2026/6 200 0 - 0.106 ms","timestamp":"2026-06-16 17:29:41"}
{"level":"info","message":"GET /api/attendance/2026/6 304 - - 108.155 ms","timestamp":"2026-06-16 17:29:41"}
{"level":"info","message":"OPTIONS /api/attendance/2026/6 200 0 - 0.056 ms","timestamp":"2026-06-16 17:30:11"}
{"level":"info","message":"GET /api/attendance/2026/6 304 - - 112.993 ms","timestamp":"2026-06-16 17:30:11"}
{"level":"info","message":"GET /api/v1/metal-rates/current 200 - - 7.003 ms","timestamp":"2026-06-16 17:30:21"}
{"level":"info","message":"OPTIONS /api/attendance/2026/6 200 0 - 0.058 ms","timestamp":"2026-06-16 17:30:41"}
{"level":"info","message":"GET /api/attendance/2026/6 304 - - 95.922 ms","timestamp":"2026-06-16 17:30:41"}
{"level":"info","message":"OPTIONS /api/attendance/2026/6 200 0 - 0.159 ms","timestamp":"2026-06-16 17:31:21"}
{"level":"info","message":"GET /api/attendance/2026/6 304 - - 95.425 ms","timestamp":"2026-06-16 17:31:21"}
{"level":"info","message":"OPTIONS /api/attendance/2026/6 200 0 - 0.140 ms","timestamp":"2026-06-16 17:32:18"}
{"level":"info","message":"GET /api/attendance/2026/6 304 - - 100.332 ms","timestamp":"2026-06-16 17:32:18"}
{"level":"info","message":"OPTIONS /api/calls/sip-config 200 0 - 0.087 ms","timestamp":"2026-06-16 17:32:20"}
{"level":"info","message":"OPTIONS /api/messages/unread-count 200 0 - 0.071 ms","timestamp":"2026-06-16 17:32:20"}
{"level":"info","message":"GET /api/calls/sip-config 304 - - 30.617 ms","timestamp":"2026-06-16 17:32:20"}
{"level":"info","message":"GET /api/messages/unread-count 304 - - 47.134 ms","timestamp":"2026-06-16 17:32:20"}
{"level":"info","message":"GET /api/calls/sip-config 304 - - 25.828 ms","timestamp":"2026-06-16 17:32:20"}
{"level":"info","message":"GET /api/messages/unread-count 304 - - 45.389 ms","timestamp":"2026-06-16 17:32:20"}
{"level":"info","message":"OPTIONS /api/telecaller-reports 200 0 - 0.117 ms","timestamp":"2026-06-16 17:32:20"}
{"level":"info","message":"OPTIONS /api/telecaller-reports/marketing-summary?startDate=2026-05-17&endDate=2026-06-16 200 0 - 0.079 ms","timestamp":"2026-06-16 17:32:20"}
{"level":"info","message":"OPTIONS /api/telecaller-reports/marketing-summary?startDate=2026-05-17&endDate=2026-06-16 200 0 - 0.087 ms","timestamp":"2026-06-16 17:32:20"}
{"level":"info","message":"GET /api/telecaller-reports 304 - - 58.913 ms","timestamp":"2026-06-16 17:32:20"}
{"level":"info","message":"GET /api/telecaller-reports/marketing-summary?startDate=2026-05-17&endDate=2026-06-16 304 - - 57.646 ms","timestamp":"2026-06-16 17:32:20"}
{"level":"info","message":"GET /api/telecaller-reports 304 - - 45.582 ms","timestamp":"2026-06-16 17:32:20"}
{"level":"info","message":"GET /api/telecaller-reports/marketing-summary?startDate=2026-05-17&endDate=2026-06-16 304 - - 52.529 ms","timestamp":"2026-06-16 17:32:20"}
{"level":"info","message":"GET /api/attendance/2026/6 304 - - 127.061 ms","timestamp":"2026-06-16 17:32:20"}
{"level":"info","message":"GET /api/attendance/2026/6 304 - - 97.707 ms","timestamp":"2026-06-16 17:32:20"}
{"level":"info","message":"OPTIONS /api/application-appointments 200 0 - 0.095 ms","timestamp":"2026-06-16 17:32:22"}
{"level":"info","message":"OPTIONS /api/application-appointments 200 0 - 0.043 ms","timestamp":"2026-06-16 17:32:22"}
{"level":"info","message":"GET /api/application-appointments 304 - - 65.720 ms","timestamp":"2026-06-16 17:32:22"}
{"level":"info","message":"GET /api/application-appointments 304 - - 65.425 ms","timestamp":"2026-06-16 17:32:22"}
{"level":"info","message":"OPTIONS /api/appointment-status 200 0 - 0.068 ms","timestamp":"2026-06-16 17:32:23"}
{"level":"info","message":"OPTIONS /api/appointment-status 200 0 - 0.034 ms","timestamp":"2026-06-16 17:32:23"}
{"level":"info","message":"GET /api/appointment-status 304 - - 48.035 ms","timestamp":"2026-06-16 17:32:24"}
{"level":"info","message":"GET /api/appointment-status 304 - - 47.000 ms","timestamp":"2026-06-16 17:32:24"}
{"level":"info","message":"OPTIONS /api/attendance/2026/6 200 0 - 0.103 ms","timestamp":"2026-06-16 17:32:51"}
{"level":"info","message":"GET /api/attendance/2026/6 304 - - 99.957 ms","timestamp":"2026-06-16 17:32:51"}
{"level":"info","message":"✅ Redis Clients (Pub/Sub) Connected and Ready","timestamp":"2026-06-16 17:33:21"}
{"level":"info","message":"🚀 Server running on http://localhost:5000","timestamp":"2026-06-16 17:33:21"}
{"level":"info","message":"📡 Socket.IO server ready for connections","timestamp":"2026-06-16 17:33:21"}
{"level":"info","message":"OPTIONS /api/attendance/2026/6 200 0 - 3.978 ms","timestamp":"2026-06-16 17:33:35"}
{"level":"info","message":"GET /api/attendance/2026/6 304 - - 127.347 ms","timestamp":"2026-06-16 17:33:35"}
{"level":"info","message":"OPTIONS /api/calls/sip-config 200 0 - 0.230 ms","timestamp":"2026-06-16 17:34:03"}
{"level":"info","message":"OPTIONS /api/messages/unread-count 200 0 - 0.152 ms","timestamp":"2026-06-16 17:34:03"}
{"level":"info","message":"OPTIONS /api/calls/sip-config 200 0 - 0.169 ms","timestamp":"2026-06-16 17:34:03"}
{"level":"info","message":"OPTIONS /api/messages/unread-count 200 0 - 0.143 ms","timestamp":"2026-06-16 17:34:03"}
{"level":"info","message":"GET /api/calls/sip-config 304 - - 27.825 ms","timestamp":"2026-06-16 17:34:03"}
{"level":"info","message":"GET /api/calls/sip-config 304 - - 25.543 ms","timestamp":"2026-06-16 17:34:03"}
{"level":"info","message":"GET /api/messages/unread-count 304 - - 62.979 ms","timestamp":"2026-06-16 17:34:03"}
{"level":"info","message":"GET /api/messages/unread-count 304 - - 48.695 ms","timestamp":"2026-06-16 17:34:03"}
{"level":"info","message":"OPTIONS /api/attendance/2026/6 200 0 - 0.145 ms","timestamp":"2026-06-16 17:34:03"}
{"level":"info","message":"OPTIONS /api/telecaller-reports 200 0 - 0.096 ms","timestamp":"2026-06-16 17:34:03"}
{"level":"info","message":"OPTIONS /api/telecaller-reports/marketing-summary?startDate=2026-05-17&endDate=2026-06-16 200 0 - 0.164 ms","timestamp":"2026-06-16 17:34:03"}
{"level":"info","message":"OPTIONS /api/attendance/2026/6 200 0 - 0.134 ms","timestamp":"2026-06-16 17:34:03"}
{"level":"info","message":"OPTIONS /api/telecaller-reports/marketing-summary?startDate=2026-05-17&endDate=2026-06-16 200 0 - 0.125 ms","timestamp":"2026-06-16 17:34:03"}
{"level":"info","message":"GET /api/telecaller-reports/marketing-summary?startDate=2026-05-17&endDate=2026-06-16 304 - - 49.983 ms","timestamp":"2026-06-16 17:34:04"}
{"level":"info","message":"GET /api/telecaller-reports 304 - - 67.536 ms","timestamp":"2026-06-16 17:34:04"}
{"level":"info","message":"GET /api/attendance/2026/6 304 - - 108.175 ms","timestamp":"2026-06-16 17:34:04"}
{"level":"info","message":"GET /api/telecaller-reports 304 - - 61.920 ms","timestamp":"2026-06-16 17:34:04"}
{"level":"info","message":"GET /api/telecaller-reports/marketing-summary?startDate=2026-05-17&endDate=2026-06-16 304 - - 79.353 ms","timestamp":"2026-06-16 17:34:04"}
{"level":"info","message":"GET /api/attendance/2026/6 304 - - 104.707 ms","timestamp":"2026-06-16 17:34:04"}
{"level":"info","message":"OPTIONS /api/appointment-status 200 0 - 0.149 ms","timestamp":"2026-06-16 17:34:05"}
{"level":"info","message":"OPTIONS /api/appointment-status 200 0 - 0.048 ms","timestamp":"2026-06-16 17:34:05"}
{"level":"info","message":"GET /api/appointment-status 304 - - 50.177 ms","timestamp":"2026-06-16 17:34:05"}
{"level":"info","message":"GET /api/appointment-status 304 - - 48.293 ms","timestamp":"2026-06-16 17:34:05"}
{"level":"info","message":"OPTIONS /api/application-appointments 200 0 - 0.059 ms","timestamp":"2026-06-16 17:34:09"}
{"level":"info","message":"OPTIONS /api/application-appointments 200 0 - 0.110 ms","timestamp":"2026-06-16 17:34:09"}
{"level":"info","message":"GET /api/application-appointments 304 - - 69.893 ms","timestamp":"2026-06-16 17:34:09"}
{"level":"info","message":"GET /api/application-appointments 304 - - 66.602 ms","timestamp":"2026-06-16 17:34:09"}
{"level":"info","message":"OPTIONS /api/attendance/2026/6 200 0 - 0.070 ms","timestamp":"2026-06-16 17:34:34"}
{"level":"info","message":"GET /api/attendance/2026/6 304 - - 110.816 ms","timestamp":"2026-06-16 17:34:34"}
{"level":"info","message":"OPTIONS /api/attendance/2026/6 200 0 - 0.089 ms","timestamp":"2026-06-16 17:35:04"}
{"level":"info","message":"GET /api/attendance/2026/6 304 - - 97.146 ms","timestamp":"2026-06-16 17:35:04"}
{"level":"info","message":"GET /api/v1/metal-rates/current 200 - - 6.152 ms","timestamp":"2026-06-16 17:35:21"}
{"level":"info","message":"OPTIONS /api/attendance/2026/6 200 0 - 0.062 ms","timestamp":"2026-06-16 17:35:34"}
{"level":"info","message":"GET /api/attendance/2026/6 304 - - 99.312 ms","timestamp":"2026-06-16 17:35:34"}
{"level":"info","message":"OPTIONS /api/attendance/2026/6 200 0 - 0.089 ms","timestamp":"2026-06-16 17:36:04"}
{"level":"info","message":"GET /api/attendance/2026/6 304 - - 101.314 ms","timestamp":"2026-06-16 17:36:04"}
{"level":"info","message":"OPTIONS /api/calls/sip-config 200 0 - 0.063 ms","timestamp":"2026-06-16 17:36:10"}
{"level":"info","message":"OPTIONS /api/messages/unread-count 200 0 - 0.061 ms","timestamp":"2026-06-16 17:36:10"}
{"level":"info","message":"OPTIONS /api/calls/sip-config 200 0 - 0.076 ms","timestamp":"2026-06-16 17:36:10"}
{"level":"info","message":"OPTIONS /api/messages/unread-count 200 0 - 0.073 ms","timestamp":"2026-06-16 17:36:10"}
{"level":"info","message":"GET /api/calls/sip-config 200 197 - 24.128 ms","timestamp":"2026-06-16 17:36:10"}
{"level":"info","message":"GET /api/calls/sip-config 200 197 - 31.893 ms","timestamp":"2026-06-16 17:36:10"}
{"level":"info","message":"GET /api/messages/unread-count 200 17 - 55.484 ms","timestamp":"2026-06-16 17:36:10"}
{"level":"info","message":"GET /api/messages/unread-count 200 17 - 53.967 ms","timestamp":"2026-06-16 17:36:10"}
{"level":"info","message":"OPTIONS /api/attendance/2026/6 200 0 - 0.094 ms","timestamp":"2026-06-16 17:36:11"}
{"level":"info","message":"OPTIONS /api/telecaller-reports 200 0 - 0.079 ms","timestamp":"2026-06-16 17:36:11"}
{"level":"info","message":"OPTIONS /api/telecaller-reports/marketing-summary?startDate=2026-05-17&endDate=2026-06-16 200 0 - 0.093 ms","timestamp":"2026-06-16 17:36:11"}
{"level":"info","message":"OPTIONS /api/attendance/2026/6 200 0 - 0.100 ms","timestamp":"2026-06-16 17:36:11"}
{"level":"info","message":"GET /api/telecaller-reports 304 - - 51.527 ms","timestamp":"2026-06-16 17:36:11"}
{"level":"info","message":"GET /api/telecaller-reports/marketing-summary?startDate=2026-05-17&endDate=2026-06-16 304 - - 50.893 ms","timestamp":"2026-06-16 17:36:11"}
{"level":"info","message":"GET /api/attendance/2026/6 304 - - 119.902 ms","timestamp":"2026-06-16 17:36:11"}
{"level":"info","message":"GET /api/telecaller-reports 304 - - 56.146 ms","timestamp":"2026-06-16 17:36:11"}
{"level":"info","message":"GET /api/telecaller-reports/marketing-summary?startDate=2026-05-17&endDate=2026-06-16 304 - - 57.696 ms","timestamp":"2026-06-16 17:36:11"}
{"level":"info","message":"GET /api/attendance/2026/6 304 - - 97.510 ms","timestamp":"2026-06-16 17:36:11"}
{"level":"info","message":"OPTIONS /api/calls/sip-config 200 0 - 0.090 ms","timestamp":"2026-06-16 17:36:12"}
{"level":"info","message":"OPTIONS /api/messages/unread-count 200 0 - 0.069 ms","timestamp":"2026-06-16 17:36:12"}
{"level":"info","message":"OPTIONS /api/calls/sip-config 200 0 - 0.062 ms","timestamp":"2026-06-16 17:36:12"}
{"level":"info","message":"OPTIONS /api/messages/unread-count 200 0 - 0.081 ms","timestamp":"2026-06-16 17:36:12"}
{"level":"info","message":"GET /api/calls/sip-config 200 197 - 27.125 ms","timestamp":"2026-06-16 17:36:12"}
{"level":"info","message":"GET /api/calls/sip-config 200 197 - 33.688 ms","timestamp":"2026-06-16 17:36:12"}
{"level":"info","message":"GET /api/messages/unread-count 200 17 - 60.724 ms","timestamp":"2026-06-16 17:36:12"}
{"level":"info","message":"GET /api/messages/unread-count 200 17 - 60.429 ms","timestamp":"2026-06-16 17:36:12"}
{"level":"info","message":"GET /api/telecaller-reports 304 - - 49.294 ms","timestamp":"2026-06-16 17:36:13"}
{"level":"info","message":"GET /api/telecaller-reports/marketing-summary?startDate=2026-05-17&endDate=2026-06-16 304 - - 48.702 ms","timestamp":"2026-06-16 17:36:13"}
{"level":"info","message":"GET /api/attendance/2026/6 304 - - 100.733 ms","timestamp":"2026-06-16 17:36:13"}
{"level":"info","message":"GET /api/telecaller-reports 304 - - 61.068 ms","timestamp":"2026-06-16 17:36:13"}
{"level":"info","message":"GET /api/telecaller-reports/marketing-summary?startDate=2026-05-17&endDate=2026-06-16 304 - - 59.601 ms","timestamp":"2026-06-16 17:36:13"}
{"level":"info","message":"GET /api/attendance/2026/6 304 - - 95.604 ms","timestamp":"2026-06-16 17:36:13"}
{"level":"info","message":"OPTIONS /api/appointment-status 200 0 - 0.064 ms","timestamp":"2026-06-16 17:36:13"}
{"level":"info","message":"OPTIONS /api/appointment-status 200 0 - 0.039 ms","timestamp":"2026-06-16 17:36:13"}
{"level":"info","message":"GET /api/appointment-status 304 - - 47.233 ms","timestamp":"2026-06-16 17:36:14"}
{"level":"info","message":"GET /api/appointment-status 304 - - 46.796 ms","timestamp":"2026-06-16 17:36:14"}
{"level":"info","message":"OPTIONS /api/application-appointments 200 0 - 0.063 ms","timestamp":"2026-06-16 17:36:38"}
{"level":"info","message":"OPTIONS /api/application-appointments 200 0 - 0.043 ms","timestamp":"2026-06-16 17:36:38"}
{"level":"info","message":"GET /api/application-appointments 304 - - 71.573 ms","timestamp":"2026-06-16 17:36:38"}
{"level":"info","message":"GET /api/application-appointments 304 - - 65.398 ms","timestamp":"2026-06-16 17:36:38"}
{"level":"info","message":"OPTIONS /api/attendance/2026/6 200 0 - 0.087 ms","timestamp":"2026-06-16 17:36:42"}
{"level":"info","message":"GET /api/attendance/2026/6 304 - - 104.266 ms","timestamp":"2026-06-16 17:36:43"}
{"level":"info","message":"OPTIONS /api/attendance/2026/6 200 0 - 0.170 ms","timestamp":"2026-06-16 17:37:13"}
{"level":"info","message":"GET /api/attendance/2026/6 304 - - 99.366 ms","timestamp":"2026-06-16 17:37:13"}
{"level":"info","message":"OPTIONS /api/attendance/2026/6 200 0 - 0.298 ms","timestamp":"2026-06-16 17:37:43"}
{"level":"info","message":"GET /api/attendance/2026/6 304 - - 115.731 ms","timestamp":"2026-06-16 17:37:43"}
