2026-01-24 16:05:15: Error fetching messages: CastError: Cast to ObjectId failed for value "unread-count" (type string) at path "_id" for model "User"
    at SchemaObjectId.cast (C:\Users\user\OneDrive\Desktop\CRM\backend\node_modules\mongoose\lib\schema\objectId.js:251:11)
    at SchemaType.applySetters (C:\Users\user\OneDrive\Desktop\CRM\backend\node_modules\mongoose\lib\schemaType.js:1258:12)
    at SchemaType.castForQuery (C:\Users\user\OneDrive\Desktop\CRM\backend\node_modules\mongoose\lib\schemaType.js:1676:17)
    at cast (C:\Users\user\OneDrive\Desktop\CRM\backend\node_modules\mongoose\lib\cast.js:390:32)
    at Query.cast (C:\Users\user\OneDrive\Desktop\CRM\backend\node_modules\mongoose\lib\query.js:5055:12)
    at Query._castConditions (C:\Users\user\OneDrive\Desktop\CRM\backend\node_modules\mongoose\lib\query.js:2351:10)
    at model.Query._findOne (C:\Users\user\OneDrive\Desktop\CRM\backend\node_modules\mongoose\lib\query.js:2674:8)
    at model.Query.exec (C:\Users\user\OneDrive\Desktop\CRM\backend\node_modules\mongoose\lib\query.js:4604:80)
    at process.processTicksAndRejections (node:internal/process/task_queues:105:5)
    at async C:\Users\user\OneDrive\Desktop\CRM\backend\routes\messages.js:38:24 {
  stringValue: '"unread-count"',
  messageFormat: undefined,
  kind: 'ObjectId',
  value: 'unread-count',
  path: '_id',
  reason: BSONError: input must be a 24 character hex string, 12 byte Uint8Array, or an integer
      at new ObjectId (C:\Users\user\OneDrive\Desktop\CRM\backend\node_modules\bson\lib\bson.cjs:2538:23)
      at castObjectId (C:\Users\user\OneDrive\Desktop\CRM\backend\node_modules\mongoose\lib\cast\objectid.js:25:12)
      at SchemaObjectId.cast (C:\Users\user\OneDrive\Desktop\CRM\backend\node_modules\mongoose\lib\schema\objectId.js:249:12)
      at SchemaType.applySetters (C:\Users\user\OneDrive\Desktop\CRM\backend\node_modules\mongoose\lib\schemaType.js:1258:12)
      at SchemaType.castForQuery (C:\Users\user\OneDrive\Desktop\CRM\backend\node_modules\mongoose\lib\schemaType.js:1676:17)
      at cast (C:\Users\user\OneDrive\Desktop\CRM\backend\node_modules\mongoose\lib\cast.js:390:32)
      at Query.cast (C:\Users\user\OneDrive\Desktop\CRM\backend\node_modules\mongoose\lib\query.js:5055:12)
      at Query._castConditions (C:\Users\user\OneDrive\Desktop\CRM\backend\node_modules\mongoose\lib\query.js:2351:10)
      at model.Query._findOne (C:\Users\user\OneDrive\Desktop\CRM\backend\node_modules\mongoose\lib\query.js:2674:8)
      at model.Query.exec (C:\Users\user\OneDrive\Desktop\CRM\backend\node_modules\mongoose\lib\query.js:4604:80)
      at process.processTicksAndRejections (node:internal/process/task_queues:105:5)
      at async C:\Users\user\OneDrive\Desktop\CRM\backend\routes\messages.js:38:24,
  valueType: 'string'
}
2026-01-24 16:05:15: Error fetching messages: CastError: Cast to ObjectId failed for value "unread-count" (type string) at path "_id" for model "User"
    at SchemaObjectId.cast (C:\Users\user\OneDrive\Desktop\CRM\backend\node_modules\mongoose\lib\schema\objectId.js:251:11)
    at SchemaType.applySetters (C:\Users\user\OneDrive\Desktop\CRM\backend\node_modules\mongoose\lib\schemaType.js:1258:12)
    at SchemaType.castForQuery (C:\Users\user\OneDrive\Desktop\CRM\backend\node_modules\mongoose\lib\schemaType.js:1676:17)
    at cast (C:\Users\user\OneDrive\Desktop\CRM\backend\node_modules\mongoose\lib\cast.js:390:32)
    at Query.cast (C:\Users\user\OneDrive\Desktop\CRM\backend\node_modules\mongoose\lib\query.js:5055:12)
    at Query._castConditions (C:\Users\user\OneDrive\Desktop\CRM\backend\node_modules\mongoose\lib\query.js:2351:10)
    at model.Query._findOne (C:\Users\user\OneDrive\Desktop\CRM\backend\node_modules\mongoose\lib\query.js:2674:8)
    at model.Query.exec (C:\Users\user\OneDrive\Desktop\CRM\backend\node_modules\mongoose\lib\query.js:4604:80)
    at process.processTicksAndRejections (node:internal/process/task_queues:105:5)
    at async C:\Users\user\OneDrive\Desktop\CRM\backend\routes\messages.js:38:24 {
  stringValue: '"unread-count"',
  messageFormat: undefined,
  kind: 'ObjectId',
  value: 'unread-count',
  path: '_id',
  reason: BSONError: input must be a 24 character hex string, 12 byte Uint8Array, or an integer
      at new ObjectId (C:\Users\user\OneDrive\Desktop\CRM\backend\node_modules\bson\lib\bson.cjs:2538:23)
      at castObjectId (C:\Users\user\OneDrive\Desktop\CRM\backend\node_modules\mongoose\lib\cast\objectid.js:25:12)
      at SchemaObjectId.cast (C:\Users\user\OneDrive\Desktop\CRM\backend\node_modules\mongoose\lib\schema\objectId.js:249:12)
      at SchemaType.applySetters (C:\Users\user\OneDrive\Desktop\CRM\backend\node_modules\mongoose\lib\schemaType.js:1258:12)
      at SchemaType.castForQuery (C:\Users\user\OneDrive\Desktop\CRM\backend\node_modules\mongoose\lib\schemaType.js:1676:17)
      at cast (C:\Users\user\OneDrive\Desktop\CRM\backend\node_modules\mongoose\lib\cast.js:390:32)
      at Query.cast (C:\Users\user\OneDrive\Desktop\CRM\backend\node_modules\mongoose\lib\query.js:5055:12)
      at Query._castConditions (C:\Users\user\OneDrive\Desktop\CRM\backend\node_modules\mongoose\lib\query.js:2351:10)
      at model.Query._findOne (C:\Users\user\OneDrive\Desktop\CRM\backend\node_modules\mongoose\lib\query.js:2674:8)
      at model.Query.exec (C:\Users\user\OneDrive\Desktop\CRM\backend\node_modules\mongoose\lib\query.js:4604:80)
      at process.processTicksAndRejections (node:internal/process/task_queues:105:5)
      at async C:\Users\user\OneDrive\Desktop\CRM\backend\routes\messages.js:38:24,
  valueType: 'string'
}
2026-01-24 16:44:38: Error fetching messages: CastError: Cast to ObjectId failed for value "unread-count" (type string) at path "_id" for model "User"
    at SchemaObjectId.cast (C:\Users\user\OneDrive\Desktop\CRM\backend\node_modules\mongoose\lib\schema\objectId.js:251:11)
    at SchemaType.applySetters (C:\Users\user\OneDrive\Desktop\CRM\backend\node_modules\mongoose\lib\schemaType.js:1258:12)
    at SchemaType.castForQuery (C:\Users\user\OneDrive\Desktop\CRM\backend\node_modules\mongoose\lib\schemaType.js:1676:17)
    at cast (C:\Users\user\OneDrive\Desktop\CRM\backend\node_modules\mongoose\lib\cast.js:390:32)
    at Query.cast (C:\Users\user\OneDrive\Desktop\CRM\backend\node_modules\mongoose\lib\query.js:5055:12)
    at Query._castConditions (C:\Users\user\OneDrive\Desktop\CRM\backend\node_modules\mongoose\lib\query.js:2351:10)
    at model.Query._findOne (C:\Users\user\OneDrive\Desktop\CRM\backend\node_modules\mongoose\lib\query.js:2674:8)
    at model.Query.exec (C:\Users\user\OneDrive\Desktop\CRM\backend\node_modules\mongoose\lib\query.js:4604:80)
    at process.processTicksAndRejections (node:internal/process/task_queues:105:5)
    at async C:\Users\user\OneDrive\Desktop\CRM\backend\routes\messages.js:38:24 {
  stringValue: '"unread-count"',
  messageFormat: undefined,
  kind: 'ObjectId',
  value: 'unread-count',
  path: '_id',
  reason: BSONError: input must be a 24 character hex string, 12 byte Uint8Array, or an integer
      at new ObjectId (C:\Users\user\OneDrive\Desktop\CRM\backend\node_modules\bson\lib\bson.cjs:2538:23)
      at castObjectId (C:\Users\user\OneDrive\Desktop\CRM\backend\node_modules\mongoose\lib\cast\objectid.js:25:12)
      at SchemaObjectId.cast (C:\Users\user\OneDrive\Desktop\CRM\backend\node_modules\mongoose\lib\schema\objectId.js:249:12)
      at SchemaType.applySetters (C:\Users\user\OneDrive\Desktop\CRM\backend\node_modules\mongoose\lib\schemaType.js:1258:12)
      at SchemaType.castForQuery (C:\Users\user\OneDrive\Desktop\CRM\backend\node_modules\mongoose\lib\schemaType.js:1676:17)
      at cast (C:\Users\user\OneDrive\Desktop\CRM\backend\node_modules\mongoose\lib\cast.js:390:32)
      at Query.cast (C:\Users\user\OneDrive\Desktop\CRM\backend\node_modules\mongoose\lib\query.js:5055:12)
      at Query._castConditions (C:\Users\user\OneDrive\Desktop\CRM\backend\node_modules\mongoose\lib\query.js:2351:10)
      at model.Query._findOne (C:\Users\user\OneDrive\Desktop\CRM\backend\node_modules\mongoose\lib\query.js:2674:8)
      at model.Query.exec (C:\Users\user\OneDrive\Desktop\CRM\backend\node_modules\mongoose\lib\query.js:4604:80)
      at process.processTicksAndRejections (node:internal/process/task_queues:105:5)
      at async C:\Users\user\OneDrive\Desktop\CRM\backend\routes\messages.js:38:24,
  valueType: 'string'
}
2026-01-24 16:44:38: Error fetching messages: CastError: Cast to ObjectId failed for value "unread-count" (type string) at path "_id" for model "User"
    at SchemaObjectId.cast (C:\Users\user\OneDrive\Desktop\CRM\backend\node_modules\mongoose\lib\schema\objectId.js:251:11)
    at SchemaType.applySetters (C:\Users\user\OneDrive\Desktop\CRM\backend\node_modules\mongoose\lib\schemaType.js:1258:12)
    at SchemaType.castForQuery (C:\Users\user\OneDrive\Desktop\CRM\backend\node_modules\mongoose\lib\schemaType.js:1676:17)
    at cast (C:\Users\user\OneDrive\Desktop\CRM\backend\node_modules\mongoose\lib\cast.js:390:32)
    at Query.cast (C:\Users\user\OneDrive\Desktop\CRM\backend\node_modules\mongoose\lib\query.js:5055:12)
    at Query._castConditions (C:\Users\user\OneDrive\Desktop\CRM\backend\node_modules\mongoose\lib\query.js:2351:10)
    at model.Query._findOne (C:\Users\user\OneDrive\Desktop\CRM\backend\node_modules\mongoose\lib\query.js:2674:8)
    at model.Query.exec (C:\Users\user\OneDrive\Desktop\CRM\backend\node_modules\mongoose\lib\query.js:4604:80)
    at process.processTicksAndRejections (node:internal/process/task_queues:105:5)
    at async C:\Users\user\OneDrive\Desktop\CRM\backend\routes\messages.js:38:24 {
  stringValue: '"unread-count"',
  messageFormat: undefined,
  kind: 'ObjectId',
  value: 'unread-count',
  path: '_id',
  reason: BSONError: input must be a 24 character hex string, 12 byte Uint8Array, or an integer
      at new ObjectId (C:\Users\user\OneDrive\Desktop\CRM\backend\node_modules\bson\lib\bson.cjs:2538:23)
      at castObjectId (C:\Users\user\OneDrive\Desktop\CRM\backend\node_modules\mongoose\lib\cast\objectid.js:25:12)
      at SchemaObjectId.cast (C:\Users\user\OneDrive\Desktop\CRM\backend\node_modules\mongoose\lib\schema\objectId.js:249:12)
      at SchemaType.applySetters (C:\Users\user\OneDrive\Desktop\CRM\backend\node_modules\mongoose\lib\schemaType.js:1258:12)
      at SchemaType.castForQuery (C:\Users\user\OneDrive\Desktop\CRM\backend\node_modules\mongoose\lib\schemaType.js:1676:17)
      at cast (C:\Users\user\OneDrive\Desktop\CRM\backend\node_modules\mongoose\lib\cast.js:390:32)
      at Query.cast (C:\Users\user\OneDrive\Desktop\CRM\backend\node_modules\mongoose\lib\query.js:5055:12)
      at Query._castConditions (C:\Users\user\OneDrive\Desktop\CRM\backend\node_modules\mongoose\lib\query.js:2351:10)
      at model.Query._findOne (C:\Users\user\OneDrive\Desktop\CRM\backend\node_modules\mongoose\lib\query.js:2674:8)
      at model.Query.exec (C:\Users\user\OneDrive\Desktop\CRM\backend\node_modules\mongoose\lib\query.js:4604:80)
      at process.processTicksAndRejections (node:internal/process/task_queues:105:5)
      at async C:\Users\user\OneDrive\Desktop\CRM\backend\routes\messages.js:38:24,
  valueType: 'string'
}
2026-01-24 16:48:51: Error fetching messages: CastError: Cast to ObjectId failed for value "unread-count" (type string) at path "_id" for model "User"
    at SchemaObjectId.cast (C:\Users\user\OneDrive\Desktop\CRM\backend\node_modules\mongoose\lib\schema\objectId.js:251:11)
    at SchemaType.applySetters (C:\Users\user\OneDrive\Desktop\CRM\backend\node_modules\mongoose\lib\schemaType.js:1258:12)
    at SchemaType.castForQuery (C:\Users\user\OneDrive\Desktop\CRM\backend\node_modules\mongoose\lib\schemaType.js:1676:17)
    at cast (C:\Users\user\OneDrive\Desktop\CRM\backend\node_modules\mongoose\lib\cast.js:390:32)
    at Query.cast (C:\Users\user\OneDrive\Desktop\CRM\backend\node_modules\mongoose\lib\query.js:5055:12)
    at Query._castConditions (C:\Users\user\OneDrive\Desktop\CRM\backend\node_modules\mongoose\lib\query.js:2351:10)
    at model.Query._findOne (C:\Users\user\OneDrive\Desktop\CRM\backend\node_modules\mongoose\lib\query.js:2674:8)
    at model.Query.exec (C:\Users\user\OneDrive\Desktop\CRM\backend\node_modules\mongoose\lib\query.js:4604:80)
    at process.processTicksAndRejections (node:internal/process/task_queues:105:5)
    at async C:\Users\user\OneDrive\Desktop\CRM\backend\routes\messages.js:38:24 {
  stringValue: '"unread-count"',
  messageFormat: undefined,
  kind: 'ObjectId',
  value: 'unread-count',
  path: '_id',
  reason: BSONError: input must be a 24 character hex string, 12 byte Uint8Array, or an integer
      at new ObjectId (C:\Users\user\OneDrive\Desktop\CRM\backend\node_modules\bson\lib\bson.cjs:2538:23)
      at castObjectId (C:\Users\user\OneDrive\Desktop\CRM\backend\node_modules\mongoose\lib\cast\objectid.js:25:12)
      at SchemaObjectId.cast (C:\Users\user\OneDrive\Desktop\CRM\backend\node_modules\mongoose\lib\schema\objectId.js:249:12)
      at SchemaType.applySetters (C:\Users\user\OneDrive\Desktop\CRM\backend\node_modules\mongoose\lib\schemaType.js:1258:12)
      at SchemaType.castForQuery (C:\Users\user\OneDrive\Desktop\CRM\backend\node_modules\mongoose\lib\schemaType.js:1676:17)
      at cast (C:\Users\user\OneDrive\Desktop\CRM\backend\node_modules\mongoose\lib\cast.js:390:32)
      at Query.cast (C:\Users\user\OneDrive\Desktop\CRM\backend\node_modules\mongoose\lib\query.js:5055:12)
      at Query._castConditions (C:\Users\user\OneDrive\Desktop\CRM\backend\node_modules\mongoose\lib\query.js:2351:10)
      at model.Query._findOne (C:\Users\user\OneDrive\Desktop\CRM\backend\node_modules\mongoose\lib\query.js:2674:8)
      at model.Query.exec (C:\Users\user\OneDrive\Desktop\CRM\backend\node_modules\mongoose\lib\query.js:4604:80)
      at process.processTicksAndRejections (node:internal/process/task_queues:105:5)
      at async C:\Users\user\OneDrive\Desktop\CRM\backend\routes\messages.js:38:24,
  valueType: 'string'
}
2026-01-24 16:48:51: Error fetching messages: CastError: Cast to ObjectId failed for value "unread-count" (type string) at path "_id" for model "User"
    at SchemaObjectId.cast (C:\Users\user\OneDrive\Desktop\CRM\backend\node_modules\mongoose\lib\schema\objectId.js:251:11)
    at SchemaType.applySetters (C:\Users\user\OneDrive\Desktop\CRM\backend\node_modules\mongoose\lib\schemaType.js:1258:12)
    at SchemaType.castForQuery (C:\Users\user\OneDrive\Desktop\CRM\backend\node_modules\mongoose\lib\schemaType.js:1676:17)
    at cast (C:\Users\user\OneDrive\Desktop\CRM\backend\node_modules\mongoose\lib\cast.js:390:32)
    at Query.cast (C:\Users\user\OneDrive\Desktop\CRM\backend\node_modules\mongoose\lib\query.js:5055:12)
    at Query._castConditions (C:\Users\user\OneDrive\Desktop\CRM\backend\node_modules\mongoose\lib\query.js:2351:10)
    at model.Query._findOne (C:\Users\user\OneDrive\Desktop\CRM\backend\node_modules\mongoose\lib\query.js:2674:8)
    at model.Query.exec (C:\Users\user\OneDrive\Desktop\CRM\backend\node_modules\mongoose\lib\query.js:4604:80)
    at process.processTicksAndRejections (node:internal/process/task_queues:105:5)
    at async C:\Users\user\OneDrive\Desktop\CRM\backend\routes\messages.js:38:24 {
  stringValue: '"unread-count"',
  messageFormat: undefined,
  kind: 'ObjectId',
  value: 'unread-count',
  path: '_id',
  reason: BSONError: input must be a 24 character hex string, 12 byte Uint8Array, or an integer
      at new ObjectId (C:\Users\user\OneDrive\Desktop\CRM\backend\node_modules\bson\lib\bson.cjs:2538:23)
      at castObjectId (C:\Users\user\OneDrive\Desktop\CRM\backend\node_modules\mongoose\lib\cast\objectid.js:25:12)
      at SchemaObjectId.cast (C:\Users\user\OneDrive\Desktop\CRM\backend\node_modules\mongoose\lib\schema\objectId.js:249:12)
      at SchemaType.applySetters (C:\Users\user\OneDrive\Desktop\CRM\backend\node_modules\mongoose\lib\schemaType.js:1258:12)
      at SchemaType.castForQuery (C:\Users\user\OneDrive\Desktop\CRM\backend\node_modules\mongoose\lib\schemaType.js:1676:17)
      at cast (C:\Users\user\OneDrive\Desktop\CRM\backend\node_modules\mongoose\lib\cast.js:390:32)
      at Query.cast (C:\Users\user\OneDrive\Desktop\CRM\backend\node_modules\mongoose\lib\query.js:5055:12)
      at Query._castConditions (C:\Users\user\OneDrive\Desktop\CRM\backend\node_modules\mongoose\lib\query.js:2351:10)
      at model.Query._findOne (C:\Users\user\OneDrive\Desktop\CRM\backend\node_modules\mongoose\lib\query.js:2674:8)
      at model.Query.exec (C:\Users\user\OneDrive\Desktop\CRM\backend\node_modules\mongoose\lib\query.js:4604:80)
      at process.processTicksAndRejections (node:internal/process/task_queues:105:5)
      at async C:\Users\user\OneDrive\Desktop\CRM\backend\routes\messages.js:38:24,
  valueType: 'string'
}
You have triggered an unhandledRejection, you may have forgotten to catch a Promise rejection:
Error: The client is closed
    at Class.sendCommand (C:\Users\user\OneDrive\Desktop\CRM\backend\node_modules\@redis\client\dist\lib\client\index.js:639:35)
    at RedisStore.sendCommand (C:\Users\user\OneDrive\Desktop\CRM\backend\middleware\rateLimiter.js:13:49)
    at RedisStore.sendCommand (C:\Users\user\OneDrive\Desktop\CRM\backend\node_modules\rate-limit-redis\dist\index.cjs:85:49)
    at RedisStore.loadIncrementScript (C:\Users\user\OneDrive\Desktop\CRM\backend\node_modules\rate-limit-redis\dist\index.cjs:102:31)
    at new RedisStore (C:\Users\user\OneDrive\Desktop\CRM\backend\node_modules\rate-limit-redis\dist\index.cjs:95:36)
    at createRateLimiter (C:\Users\user\OneDrive\Desktop\CRM\backend\middleware\rateLimiter.js:12:16)
    at Object.<anonymous> (C:\Users\user\OneDrive\Desktop\CRM\backend\middleware\rateLimiter.js:32:21)
    at Module._compile (node:internal/modules/cjs/loader:1730:14)
    at Object..js (node:internal/modules/cjs/loader:1895:10)
    at Module.load (node:internal/modules/cjs/loader:1465:32)
You have triggered an unhandledRejection, you may have forgotten to catch a Promise rejection:
Error: The client is closed
    at Class.sendCommand (C:\Users\user\OneDrive\Desktop\CRM\backend\node_modules\@redis\client\dist\lib\client\index.js:639:35)
    at RedisStore.sendCommand (C:\Users\user\OneDrive\Desktop\CRM\backend\middleware\rateLimiter.js:13:49)
    at RedisStore.sendCommand (C:\Users\user\OneDrive\Desktop\CRM\backend\node_modules\rate-limit-redis\dist\index.cjs:85:49)
    at RedisStore.loadGetScript (C:\Users\user\OneDrive\Desktop\CRM\backend\node_modules\rate-limit-redis\dist\index.cjs:116:31)
    at new RedisStore (C:\Users\user\OneDrive\Desktop\CRM\backend\node_modules\rate-limit-redis\dist\index.cjs:96:30)
    at createRateLimiter (C:\Users\user\OneDrive\Desktop\CRM\backend\middleware\rateLimiter.js:12:16)
    at Object.<anonymous> (C:\Users\user\OneDrive\Desktop\CRM\backend\middleware\rateLimiter.js:32:21)
    at Module._compile (node:internal/modules/cjs/loader:1730:14)
    at Object..js (node:internal/modules/cjs/loader:1895:10)
    at Module.load (node:internal/modules/cjs/loader:1465:32)
You have triggered an unhandledRejection, you may have forgotten to catch a Promise rejection:
Error: The client is closed
    at Class.sendCommand (C:\Users\user\OneDrive\Desktop\CRM\backend\node_modules\@redis\client\dist\lib\client\index.js:639:35)
    at RedisStore.sendCommand (C:\Users\user\OneDrive\Desktop\CRM\backend\middleware\rateLimiter.js:13:49)
    at RedisStore.sendCommand (C:\Users\user\OneDrive\Desktop\CRM\backend\node_modules\rate-limit-redis\dist\index.cjs:85:49)
    at RedisStore.loadIncrementScript (C:\Users\user\OneDrive\Desktop\CRM\backend\node_modules\rate-limit-redis\dist\index.cjs:102:31)
    at new RedisStore (C:\Users\user\OneDrive\Desktop\CRM\backend\node_modules\rate-limit-redis\dist\index.cjs:95:36)
    at createRateLimiter (C:\Users\user\OneDrive\Desktop\CRM\backend\middleware\rateLimiter.js:12:16)
    at Object.<anonymous> (C:\Users\user\OneDrive\Desktop\CRM\backend\middleware\rateLimiter.js:41:20)
    at Module._compile (node:internal/modules/cjs/loader:1730:14)
    at Object..js (node:internal/modules/cjs/loader:1895:10)
    at Module.load (node:internal/modules/cjs/loader:1465:32)
You have triggered an unhandledRejection, you may have forgotten to catch a Promise rejection:
Error: The client is closed
    at Class.sendCommand (C:\Users\user\OneDrive\Desktop\CRM\backend\node_modules\@redis\client\dist\lib\client\index.js:639:35)
    at RedisStore.sendCommand (C:\Users\user\OneDrive\Desktop\CRM\backend\middleware\rateLimiter.js:13:49)
    at RedisStore.sendCommand (C:\Users\user\OneDrive\Desktop\CRM\backend\node_modules\rate-limit-redis\dist\index.cjs:85:49)
    at RedisStore.loadGetScript (C:\Users\user\OneDrive\Desktop\CRM\backend\node_modules\rate-limit-redis\dist\index.cjs:116:31)
    at new RedisStore (C:\Users\user\OneDrive\Desktop\CRM\backend\node_modules\rate-limit-redis\dist\index.cjs:96:30)
    at createRateLimiter (C:\Users\user\OneDrive\Desktop\CRM\backend\middleware\rateLimiter.js:12:16)
    at Object.<anonymous> (C:\Users\user\OneDrive\Desktop\CRM\backend\middleware\rateLimiter.js:41:20)
    at Module._compile (node:internal/modules/cjs/loader:1730:14)
    at Object..js (node:internal/modules/cjs/loader:1895:10)
    at Module.load (node:internal/modules/cjs/loader:1465:32)
You have triggered an unhandledRejection, you may have forgotten to catch a Promise rejection:
Error: The client is closed
    at Class.sendCommand (C:\Users\user\OneDrive\Desktop\CRM\backend\node_modules\@redis\client\dist\lib\client\index.js:639:35)
    at RedisStore.sendCommand (C:\Users\user\OneDrive\Desktop\CRM\backend\middleware\rateLimiter.js:13:49)
    at RedisStore.sendCommand (C:\Users\user\OneDrive\Desktop\CRM\backend\node_modules\rate-limit-redis\dist\index.cjs:85:49)
    at RedisStore.loadIncrementScript (C:\Users\user\OneDrive\Desktop\CRM\backend\node_modules\rate-limit-redis\dist\index.cjs:102:31)
    at new RedisStore (C:\Users\user\OneDrive\Desktop\CRM\backend\node_modules\rate-limit-redis\dist\index.cjs:95:36)
    at createRateLimiter (C:\Users\user\OneDrive\Desktop\CRM\backend\middleware\rateLimiter.js:12:16)
    at Object.<anonymous> (C:\Users\user\OneDrive\Desktop\CRM\backend\middleware\rateLimiter.js:49:23)
    at Module._compile (node:internal/modules/cjs/loader:1730:14)
    at Object..js (node:internal/modules/cjs/loader:1895:10)
    at Module.load (node:internal/modules/cjs/loader:1465:32)
You have triggered an unhandledRejection, you may have forgotten to catch a Promise rejection:
Error: The client is closed
    at Class.sendCommand (C:\Users\user\OneDrive\Desktop\CRM\backend\node_modules\@redis\client\dist\lib\client\index.js:639:35)
    at RedisStore.sendCommand (C:\Users\user\OneDrive\Desktop\CRM\backend\middleware\rateLimiter.js:13:49)
    at RedisStore.sendCommand (C:\Users\user\OneDrive\Desktop\CRM\backend\node_modules\rate-limit-redis\dist\index.cjs:85:49)
    at RedisStore.loadGetScript (C:\Users\user\OneDrive\Desktop\CRM\backend\node_modules\rate-limit-redis\dist\index.cjs:116:31)
    at new RedisStore (C:\Users\user\OneDrive\Desktop\CRM\backend\node_modules\rate-limit-redis\dist\index.cjs:96:30)
    at createRateLimiter (C:\Users\user\OneDrive\Desktop\CRM\backend\middleware\rateLimiter.js:12:16)
    at Object.<anonymous> (C:\Users\user\OneDrive\Desktop\CRM\backend\middleware\rateLimiter.js:49:23)
    at Module._compile (node:internal/modules/cjs/loader:1730:14)
    at Object..js (node:internal/modules/cjs/loader:1895:10)
    at Module.load (node:internal/modules/cjs/loader:1465:32)
You have triggered an unhandledRejection, you may have forgotten to catch a Promise rejection:
Error: The client is closed
    at Class.sendCommand (C:\Users\user\OneDrive\Desktop\CRM\backend\node_modules\@redis\client\dist\lib\client\index.js:639:35)
    at RedisStore.sendCommand (C:\Users\user\OneDrive\Desktop\CRM\backend\middleware\rateLimiter.js:13:49)
    at RedisStore.sendCommand (C:\Users\user\OneDrive\Desktop\CRM\backend\node_modules\rate-limit-redis\dist\index.cjs:85:49)
    at RedisStore.loadIncrementScript (C:\Users\user\OneDrive\Desktop\CRM\backend\node_modules\rate-limit-redis\dist\index.cjs:102:31)
    at new RedisStore (C:\Users\user\OneDrive\Desktop\CRM\backend\node_modules\rate-limit-redis\dist\index.cjs:95:36)
    at createRateLimiter (C:\Users\user\OneDrive\Desktop\CRM\backend\middleware\rateLimiter.js:12:16)
    at Object.<anonymous> (C:\Users\user\OneDrive\Desktop\CRM\backend\middleware\rateLimiter.js:57:25)
    at Module._compile (node:internal/modules/cjs/loader:1730:14)
    at Object..js (node:internal/modules/cjs/loader:1895:10)
    at Module.load (node:internal/modules/cjs/loader:1465:32)
You have triggered an unhandledRejection, you may have forgotten to catch a Promise rejection:
Error: The client is closed
    at Class.sendCommand (C:\Users\user\OneDrive\Desktop\CRM\backend\node_modules\@redis\client\dist\lib\client\index.js:639:35)
    at RedisStore.sendCommand (C:\Users\user\OneDrive\Desktop\CRM\backend\middleware\rateLimiter.js:13:49)
    at RedisStore.sendCommand (C:\Users\user\OneDrive\Desktop\CRM\backend\node_modules\rate-limit-redis\dist\index.cjs:85:49)
    at RedisStore.loadGetScript (C:\Users\user\OneDrive\Desktop\CRM\backend\node_modules\rate-limit-redis\dist\index.cjs:116:31)
    at new RedisStore (C:\Users\user\OneDrive\Desktop\CRM\backend\node_modules\rate-limit-redis\dist\index.cjs:96:30)
    at createRateLimiter (C:\Users\user\OneDrive\Desktop\CRM\backend\middleware\rateLimiter.js:12:16)
    at Object.<anonymous> (C:\Users\user\OneDrive\Desktop\CRM\backend\middleware\rateLimiter.js:57:25)
    at Module._compile (node:internal/modules/cjs/loader:1730:14)
    at Object..js (node:internal/modules/cjs/loader:1895:10)
    at Module.load (node:internal/modules/cjs/loader:1465:32)
You have triggered an unhandledRejection, you may have forgotten to catch a Promise rejection:
Error: The client is closed
    at Class.sendCommand (C:\Users\user\OneDrive\Desktop\CRM\backend\node_modules\@redis\client\dist\lib\client\index.js:639:35)
    at RedisStore.sendCommand (C:\Users\user\OneDrive\Desktop\CRM\backend\middleware\rateLimiter.js:13:49)
    at RedisStore.sendCommand (C:\Users\user\OneDrive\Desktop\CRM\backend\node_modules\rate-limit-redis\dist\index.cjs:85:49)
    at RedisStore.loadIncrementScript (C:\Users\user\OneDrive\Desktop\CRM\backend\node_modules\rate-limit-redis\dist\index.cjs:102:31)
    at new RedisStore (C:\Users\user\OneDrive\Desktop\CRM\backend\node_modules\rate-limit-redis\dist\index.cjs:95:36)
    at createRateLimiter (C:\Users\user\OneDrive\Desktop\CRM\backend\middleware\rateLimiter.js:12:16)
    at Object.<anonymous> (C:\Users\user\OneDrive\Desktop\CRM\backend\middleware\rateLimiter.js:65:21)
    at Module._compile (node:internal/modules/cjs/loader:1730:14)
    at Object..js (node:internal/modules/cjs/loader:1895:10)
    at Module.load (node:internal/modules/cjs/loader:1465:32)
You have triggered an unhandledRejection, you may have forgotten to catch a Promise rejection:
Error: The client is closed
    at Class.sendCommand (C:\Users\user\OneDrive\Desktop\CRM\backend\node_modules\@redis\client\dist\lib\client\index.js:639:35)
    at RedisStore.sendCommand (C:\Users\user\OneDrive\Desktop\CRM\backend\middleware\rateLimiter.js:13:49)
    at RedisStore.sendCommand (C:\Users\user\OneDrive\Desktop\CRM\backend\node_modules\rate-limit-redis\dist\index.cjs:85:49)
    at RedisStore.loadGetScript (C:\Users\user\OneDrive\Desktop\CRM\backend\node_modules\rate-limit-redis\dist\index.cjs:116:31)
    at new RedisStore (C:\Users\user\OneDrive\Desktop\CRM\backend\node_modules\rate-limit-redis\dist\index.cjs:96:30)
    at createRateLimiter (C:\Users\user\OneDrive\Desktop\CRM\backend\middleware\rateLimiter.js:12:16)
    at Object.<anonymous> (C:\Users\user\OneDrive\Desktop\CRM\backend\middleware\rateLimiter.js:65:21)
    at Module._compile (node:internal/modules/cjs/loader:1730:14)
    at Object..js (node:internal/modules/cjs/loader:1895:10)
    at Module.load (node:internal/modules/cjs/loader:1465:32)
2026-01-28 12:46:27: (node:15708) MaxListenersExceededWarning: Possible EventEmitter memory leak detected. 11 error listeners added to [DailyRotateFile]. MaxListeners is 10. Use emitter.setMaxListeners() to increase limit
(Use `node --trace-warnings ...` to show where the warning was created)
2026-01-28 12:46:27: (node:15708) MaxListenersExceededWarning: Possible EventEmitter memory leak detected. 11 finish listeners added to [DailyRotateFile]. MaxListeners is 10. Use emitter.setMaxListeners() to increase limit
Error: bind EADDRINUSE null:5000
    at listenOnPrimaryHandle (node:net:2020:18)
    at shared (node:internal/cluster/child:157:3)
    at Worker.<anonymous> (node:internal/cluster/child:110:7)
    at process.onInternalMessage (node:internal/cluster/utils:49:5)
    at process.emit (node:events:530:35)
    at emit (node:internal/child_process:949:14)
    at process.processTicksAndRejections (node:internal/process/task_queues:91:21)
You have triggered an unhandledRejection, you may have forgotten to catch a Promise rejection:
Error: NOAUTH Authentication required
    at #decodeSimpleError (C:\Users\user\OneDrive\Desktop\CRM\backend\node_modules\@redis\client\dist\lib\RESP\decoder.js:457:13)
    at #decodeTypeValue (C:\Users\user\OneDrive\Desktop\CRM\backend\node_modules\@redis\client\dist\lib\RESP\decoder.js:104:91)
    at Decoder.write (C:\Users\user\OneDrive\Desktop\CRM\backend\node_modules\@redis\client\dist\lib\RESP\decoder.js:74:38)
    at RedisSocket.<anonymous> (C:\Users\user\OneDrive\Desktop\CRM\backend\node_modules\@redis\client\dist\lib\client\index.js:437:37)
    at RedisSocket.emit (node:events:518:28)
    at Socket.<anonymous> (C:\Users\user\OneDrive\Desktop\CRM\backend\node_modules\@redis\client\dist\lib\client\socket.js:235:38)
    at Socket.emit (node:events:518:28)
    at addChunk (node:internal/streams/readable:561:12)
    at readableAddChunkPushByteMode (node:internal/streams/readable:512:3)
    at Readable.push (node:internal/streams/readable:392:5)
    at TCP.onStreamRead (node:internal/stream_base_commons:189:23)
You have triggered an unhandledRejection, you may have forgotten to catch a Promise rejection:
Error: NOAUTH Authentication required
    at #decodeSimpleError (C:\Users\user\OneDrive\Desktop\CRM\backend\node_modules\@redis\client\dist\lib\RESP\decoder.js:457:13)
    at #decodeTypeValue (C:\Users\user\OneDrive\Desktop\CRM\backend\node_modules\@redis\client\dist\lib\RESP\decoder.js:104:91)
    at Decoder.write (C:\Users\user\OneDrive\Desktop\CRM\backend\node_modules\@redis\client\dist\lib\RESP\decoder.js:74:38)
    at RedisSocket.<anonymous> (C:\Users\user\OneDrive\Desktop\CRM\backend\node_modules\@redis\client\dist\lib\client\index.js:437:37)
    at RedisSocket.emit (node:events:518:28)
    at Socket.<anonymous> (C:\Users\user\OneDrive\Desktop\CRM\backend\node_modules\@redis\client\dist\lib\client\socket.js:235:38)
    at Socket.emit (node:events:518:28)
    at addChunk (node:internal/streams/readable:561:12)
    at readableAddChunkPushByteMode (node:internal/streams/readable:512:3)
    at Readable.push (node:internal/streams/readable:392:5)
    at TCP.onStreamRead (node:internal/stream_base_commons:189:23)
You have triggered an unhandledRejection, you may have forgotten to catch a Promise rejection:
Error: The client is closed
    at Class.sendCommand (C:\Users\user\OneDrive\Desktop\CRM\backend\node_modules\@redis\client\dist\lib\client\index.js:639:35)
    at RedisStore.sendCommand (C:\Users\user\OneDrive\Desktop\CRM\backend\middleware\rateLimiter.js:13:49)
    at RedisStore.sendCommand (C:\Users\user\OneDrive\Desktop\CRM\backend\node_modules\rate-limit-redis\dist\index.cjs:85:49)
    at RedisStore.loadIncrementScript (C:\Users\user\OneDrive\Desktop\CRM\backend\node_modules\rate-limit-redis\dist\index.cjs:102:31)
    at new RedisStore (C:\Users\user\OneDrive\Desktop\CRM\backend\node_modules\rate-limit-redis\dist\index.cjs:95:36)
    at createRateLimiter (C:\Users\user\OneDrive\Desktop\CRM\backend\middleware\rateLimiter.js:12:16)
    at Object.<anonymous> (C:\Users\user\OneDrive\Desktop\CRM\backend\middleware\rateLimiter.js:32:21)
    at Module._compile (node:internal/modules/cjs/loader:1730:14)
    at Object..js (node:internal/modules/cjs/loader:1895:10)
    at Module.load (node:internal/modules/cjs/loader:1465:32)
You have triggered an unhandledRejection, you may have forgotten to catch a Promise rejection:
Error: The client is closed
    at Class.sendCommand (C:\Users\user\OneDrive\Desktop\CRM\backend\node_modules\@redis\client\dist\lib\client\index.js:639:35)
    at RedisStore.sendCommand (C:\Users\user\OneDrive\Desktop\CRM\backend\middleware\rateLimiter.js:13:49)
    at RedisStore.sendCommand (C:\Users\user\OneDrive\Desktop\CRM\backend\node_modules\rate-limit-redis\dist\index.cjs:85:49)
    at RedisStore.loadGetScript (C:\Users\user\OneDrive\Desktop\CRM\backend\node_modules\rate-limit-redis\dist\index.cjs:116:31)
    at new RedisStore (C:\Users\user\OneDrive\Desktop\CRM\backend\node_modules\rate-limit-redis\dist\index.cjs:96:30)
    at createRateLimiter (C:\Users\user\OneDrive\Desktop\CRM\backend\middleware\rateLimiter.js:12:16)
    at Object.<anonymous> (C:\Users\user\OneDrive\Desktop\CRM\backend\middleware\rateLimiter.js:32:21)
    at Module._compile (node:internal/modules/cjs/loader:1730:14)
    at Object..js (node:internal/modules/cjs/loader:1895:10)
    at Module.load (node:internal/modules/cjs/loader:1465:32)
You have triggered an unhandledRejection, you may have forgotten to catch a Promise rejection:
Error: The client is closed
    at Class.sendCommand (C:\Users\user\OneDrive\Desktop\CRM\backend\node_modules\@redis\client\dist\lib\client\index.js:639:35)
    at RedisStore.sendCommand (C:\Users\user\OneDrive\Desktop\CRM\backend\middleware\rateLimiter.js:13:49)
    at RedisStore.sendCommand (C:\Users\user\OneDrive\Desktop\CRM\backend\node_modules\rate-limit-redis\dist\index.cjs:85:49)
    at RedisStore.loadIncrementScript (C:\Users\user\OneDrive\Desktop\CRM\backend\node_modules\rate-limit-redis\dist\index.cjs:102:31)
    at new RedisStore (C:\Users\user\OneDrive\Desktop\CRM\backend\node_modules\rate-limit-redis\dist\index.cjs:95:36)
    at createRateLimiter (C:\Users\user\OneDrive\Desktop\CRM\backend\middleware\rateLimiter.js:12:16)
    at Object.<anonymous> (C:\Users\user\OneDrive\Desktop\CRM\backend\middleware\rateLimiter.js:41:20)
    at Module._compile (node:internal/modules/cjs/loader:1730:14)
    at Object..js (node:internal/modules/cjs/loader:1895:10)
    at Module.load (node:internal/modules/cjs/loader:1465:32)
You have triggered an unhandledRejection, you may have forgotten to catch a Promise rejection:
Error: The client is closed
    at Class.sendCommand (C:\Users\user\OneDrive\Desktop\CRM\backend\node_modules\@redis\client\dist\lib\client\index.js:639:35)
    at RedisStore.sendCommand (C:\Users\user\OneDrive\Desktop\CRM\backend\middleware\rateLimiter.js:13:49)
    at RedisStore.sendCommand (C:\Users\user\OneDrive\Desktop\CRM\backend\node_modules\rate-limit-redis\dist\index.cjs:85:49)
    at RedisStore.loadGetScript (C:\Users\user\OneDrive\Desktop\CRM\backend\node_modules\rate-limit-redis\dist\index.cjs:116:31)
    at new RedisStore (C:\Users\user\OneDrive\Desktop\CRM\backend\node_modules\rate-limit-redis\dist\index.cjs:96:30)
    at createRateLimiter (C:\Users\user\OneDrive\Desktop\CRM\backend\middleware\rateLimiter.js:12:16)
    at Object.<anonymous> (C:\Users\user\OneDrive\Desktop\CRM\backend\middleware\rateLimiter.js:41:20)
    at Module._compile (node:internal/modules/cjs/loader:1730:14)
    at Object..js (node:internal/modules/cjs/loader:1895:10)
    at Module.load (node:internal/modules/cjs/loader:1465:32)
You have triggered an unhandledRejection, you may have forgotten to catch a Promise rejection:
Error: The client is closed
    at Class.sendCommand (C:\Users\user\OneDrive\Desktop\CRM\backend\node_modules\@redis\client\dist\lib\client\index.js:639:35)
    at RedisStore.sendCommand (C:\Users\user\OneDrive\Desktop\CRM\backend\middleware\rateLimiter.js:13:49)
    at RedisStore.sendCommand (C:\Users\user\OneDrive\Desktop\CRM\backend\node_modules\rate-limit-redis\dist\index.cjs:85:49)
    at RedisStore.loadIncrementScript (C:\Users\user\OneDrive\Desktop\CRM\backend\node_modules\rate-limit-redis\dist\index.cjs:102:31)
    at new RedisStore (C:\Users\user\OneDrive\Desktop\CRM\backend\node_modules\rate-limit-redis\dist\index.cjs:95:36)
    at createRateLimiter (C:\Users\user\OneDrive\Desktop\CRM\backend\middleware\rateLimiter.js:12:16)
    at Object.<anonymous> (C:\Users\user\OneDrive\Desktop\CRM\backend\middleware\rateLimiter.js:49:23)
    at Module._compile (node:internal/modules/cjs/loader:1730:14)
    at Object..js (node:internal/modules/cjs/loader:1895:10)
    at Module.load (node:internal/modules/cjs/loader:1465:32)
You have triggered an unhandledRejection, you may have forgotten to catch a Promise rejection:
Error: The client is closed
    at Class.sendCommand (C:\Users\user\OneDrive\Desktop\CRM\backend\node_modules\@redis\client\dist\lib\client\index.js:639:35)
    at RedisStore.sendCommand (C:\Users\user\OneDrive\Desktop\CRM\backend\middleware\rateLimiter.js:13:49)
    at RedisStore.sendCommand (C:\Users\user\OneDrive\Desktop\CRM\backend\node_modules\rate-limit-redis\dist\index.cjs:85:49)
    at RedisStore.loadGetScript (C:\Users\user\OneDrive\Desktop\CRM\backend\node_modules\rate-limit-redis\dist\index.cjs:116:31)
    at new RedisStore (C:\Users\user\OneDrive\Desktop\CRM\backend\node_modules\rate-limit-redis\dist\index.cjs:96:30)
    at createRateLimiter (C:\Users\user\OneDrive\Desktop\CRM\backend\middleware\rateLimiter.js:12:16)
    at Object.<anonymous> (C:\Users\user\OneDrive\Desktop\CRM\backend\middleware\rateLimiter.js:49:23)
    at Module._compile (node:internal/modules/cjs/loader:1730:14)
    at Object..js (node:internal/modules/cjs/loader:1895:10)
    at Module.load (node:internal/modules/cjs/loader:1465:32)
You have triggered an unhandledRejection, you may have forgotten to catch a Promise rejection:
Error: The client is closed
    at Class.sendCommand (C:\Users\user\OneDrive\Desktop\CRM\backend\node_modules\@redis\client\dist\lib\client\index.js:639:35)
    at RedisStore.sendCommand (C:\Users\user\OneDrive\Desktop\CRM\backend\middleware\rateLimiter.js:13:49)
    at RedisStore.sendCommand (C:\Users\user\OneDrive\Desktop\CRM\backend\node_modules\rate-limit-redis\dist\index.cjs:85:49)
    at RedisStore.loadIncrementScript (C:\Users\user\OneDrive\Desktop\CRM\backend\node_modules\rate-limit-redis\dist\index.cjs:102:31)
    at new RedisStore (C:\Users\user\OneDrive\Desktop\CRM\backend\node_modules\rate-limit-redis\dist\index.cjs:95:36)
    at createRateLimiter (C:\Users\user\OneDrive\Desktop\CRM\backend\middleware\rateLimiter.js:12:16)
    at Object.<anonymous> (C:\Users\user\OneDrive\Desktop\CRM\backend\middleware\rateLimiter.js:57:25)
    at Module._compile (node:internal/modules/cjs/loader:1730:14)
    at Object..js (node:internal/modules/cjs/loader:1895:10)
    at Module.load (node:internal/modules/cjs/loader:1465:32)
You have triggered an unhandledRejection, you may have forgotten to catch a Promise rejection:
Error: The client is closed
    at Class.sendCommand (C:\Users\user\OneDrive\Desktop\CRM\backend\node_modules\@redis\client\dist\lib\client\index.js:639:35)
    at RedisStore.sendCommand (C:\Users\user\OneDrive\Desktop\CRM\backend\middleware\rateLimiter.js:13:49)
    at RedisStore.sendCommand (C:\Users\user\OneDrive\Desktop\CRM\backend\node_modules\rate-limit-redis\dist\index.cjs:85:49)
    at RedisStore.loadGetScript (C:\Users\user\OneDrive\Desktop\CRM\backend\node_modules\rate-limit-redis\dist\index.cjs:116:31)
    at new RedisStore (C:\Users\user\OneDrive\Desktop\CRM\backend\node_modules\rate-limit-redis\dist\index.cjs:96:30)
    at createRateLimiter (C:\Users\user\OneDrive\Desktop\CRM\backend\middleware\rateLimiter.js:12:16)
    at Object.<anonymous> (C:\Users\user\OneDrive\Desktop\CRM\backend\middleware\rateLimiter.js:57:25)
    at Module._compile (node:internal/modules/cjs/loader:1730:14)
    at Object..js (node:internal/modules/cjs/loader:1895:10)
    at Module.load (node:internal/modules/cjs/loader:1465:32)
You have triggered an unhandledRejection, you may have forgotten to catch a Promise rejection:
Error: The client is closed
    at Class.sendCommand (C:\Users\user\OneDrive\Desktop\CRM\backend\node_modules\@redis\client\dist\lib\client\index.js:639:35)
    at RedisStore.sendCommand (C:\Users\user\OneDrive\Desktop\CRM\backend\middleware\rateLimiter.js:13:49)
    at RedisStore.sendCommand (C:\Users\user\OneDrive\Desktop\CRM\backend\node_modules\rate-limit-redis\dist\index.cjs:85:49)
    at RedisStore.loadIncrementScript (C:\Users\user\OneDrive\Desktop\CRM\backend\node_modules\rate-limit-redis\dist\index.cjs:102:31)
    at new RedisStore (C:\Users\user\OneDrive\Desktop\CRM\backend\node_modules\rate-limit-redis\dist\index.cjs:95:36)
    at createRateLimiter (C:\Users\user\OneDrive\Desktop\CRM\backend\middleware\rateLimiter.js:12:16)
    at Object.<anonymous> (C:\Users\user\OneDrive\Desktop\CRM\backend\middleware\rateLimiter.js:65:21)
    at Module._compile (node:internal/modules/cjs/loader:1730:14)
    at Object..js (node:internal/modules/cjs/loader:1895:10)
    at Module.load (node:internal/modules/cjs/loader:1465:32)
You have triggered an unhandledRejection, you may have forgotten to catch a Promise rejection:
Error: The client is closed
    at Class.sendCommand (C:\Users\user\OneDrive\Desktop\CRM\backend\node_modules\@redis\client\dist\lib\client\index.js:639:35)
    at RedisStore.sendCommand (C:\Users\user\OneDrive\Desktop\CRM\backend\middleware\rateLimiter.js:13:49)
    at RedisStore.sendCommand (C:\Users\user\OneDrive\Desktop\CRM\backend\node_modules\rate-limit-redis\dist\index.cjs:85:49)
    at RedisStore.loadGetScript (C:\Users\user\OneDrive\Desktop\CRM\backend\node_modules\rate-limit-redis\dist\index.cjs:116:31)
    at new RedisStore (C:\Users\user\OneDrive\Desktop\CRM\backend\node_modules\rate-limit-redis\dist\index.cjs:96:30)
    at createRateLimiter (C:\Users\user\OneDrive\Desktop\CRM\backend\middleware\rateLimiter.js:12:16)
    at Object.<anonymous> (C:\Users\user\OneDrive\Desktop\CRM\backend\middleware\rateLimiter.js:65:21)
    at Module._compile (node:internal/modules/cjs/loader:1730:14)
    at Object..js (node:internal/modules/cjs/loader:1895:10)
    at Module.load (node:internal/modules/cjs/loader:1465:32)
2026-01-28 12:46:38: (node:10628) MaxListenersExceededWarning: Possible EventEmitter memory leak detected. 11 error listeners added to [DailyRotateFile]. MaxListeners is 10. Use emitter.setMaxListeners() to increase limit
(Use `node --trace-warnings ...` to show where the warning was created)
2026-01-28 12:46:38: (node:10628) MaxListenersExceededWarning: Possible EventEmitter memory leak detected. 11 finish listeners added to [DailyRotateFile]. MaxListeners is 10. Use emitter.setMaxListeners() to increase limit
Error: bind EADDRINUSE null:5000
    at listenOnPrimaryHandle (node:net:2020:18)
    at shared (node:internal/cluster/child:157:3)
    at Worker.<anonymous> (node:internal/cluster/child:110:7)
    at process.onInternalMessage (node:internal/cluster/utils:49:5)
    at process.emit (node:events:530:35)
    at emit (node:internal/child_process:949:14)
    at process.processTicksAndRejections (node:internal/process/task_queues:91:21)
You have triggered an unhandledRejection, you may have forgotten to catch a Promise rejection:
Error: NOAUTH Authentication required
    at #decodeSimpleError (C:\Users\user\OneDrive\Desktop\CRM\backend\node_modules\@redis\client\dist\lib\RESP\decoder.js:457:13)
    at #decodeTypeValue (C:\Users\user\OneDrive\Desktop\CRM\backend\node_modules\@redis\client\dist\lib\RESP\decoder.js:104:91)
    at Decoder.write (C:\Users\user\OneDrive\Desktop\CRM\backend\node_modules\@redis\client\dist\lib\RESP\decoder.js:74:38)
    at RedisSocket.<anonymous> (C:\Users\user\OneDrive\Desktop\CRM\backend\node_modules\@redis\client\dist\lib\client\index.js:437:37)
    at RedisSocket.emit (node:events:518:28)
    at Socket.<anonymous> (C:\Users\user\OneDrive\Desktop\CRM\backend\node_modules\@redis\client\dist\lib\client\socket.js:235:38)
    at Socket.emit (node:events:518:28)
    at addChunk (node:internal/streams/readable:561:12)
    at readableAddChunkPushByteMode (node:internal/streams/readable:512:3)
    at Readable.push (node:internal/streams/readable:392:5)
    at TCP.onStreamRead (node:internal/stream_base_commons:189:23)
You have triggered an unhandledRejection, you may have forgotten to catch a Promise rejection:
Error: NOAUTH Authentication required
    at #decodeSimpleError (C:\Users\user\OneDrive\Desktop\CRM\backend\node_modules\@redis\client\dist\lib\RESP\decoder.js:457:13)
    at #decodeTypeValue (C:\Users\user\OneDrive\Desktop\CRM\backend\node_modules\@redis\client\dist\lib\RESP\decoder.js:104:91)
    at Decoder.write (C:\Users\user\OneDrive\Desktop\CRM\backend\node_modules\@redis\client\dist\lib\RESP\decoder.js:74:38)
    at RedisSocket.<anonymous> (C:\Users\user\OneDrive\Desktop\CRM\backend\node_modules\@redis\client\dist\lib\client\index.js:437:37)
    at RedisSocket.emit (node:events:518:28)
    at Socket.<anonymous> (C:\Users\user\OneDrive\Desktop\CRM\backend\node_modules\@redis\client\dist\lib\client\socket.js:235:38)
    at Socket.emit (node:events:518:28)
    at addChunk (node:internal/streams/readable:561:12)
    at readableAddChunkPushByteMode (node:internal/streams/readable:512:3)
    at Readable.push (node:internal/streams/readable:392:5)
    at TCP.onStreamRead (node:internal/stream_base_commons:189:23)
You have triggered an unhandledRejection, you may have forgotten to catch a Promise rejection:
Error: The client is closed
    at Class.sendCommand (C:\Users\user\OneDrive\Desktop\CRM\backend\node_modules\@redis\client\dist\lib\client\index.js:639:35)
    at RedisStore.sendCommand (C:\Users\user\OneDrive\Desktop\CRM\backend\middleware\rateLimiter.js:13:49)
    at RedisStore.sendCommand (C:\Users\user\OneDrive\Desktop\CRM\backend\node_modules\rate-limit-redis\dist\index.cjs:85:49)
    at RedisStore.loadIncrementScript (C:\Users\user\OneDrive\Desktop\CRM\backend\node_modules\rate-limit-redis\dist\index.cjs:102:31)
    at new RedisStore (C:\Users\user\OneDrive\Desktop\CRM\backend\node_modules\rate-limit-redis\dist\index.cjs:95:36)
    at createRateLimiter (C:\Users\user\OneDrive\Desktop\CRM\backend\middleware\rateLimiter.js:12:16)
    at Object.<anonymous> (C:\Users\user\OneDrive\Desktop\CRM\backend\middleware\rateLimiter.js:32:21)
    at Module._compile (node:internal/modules/cjs/loader:1730:14)
    at Object..js (node:internal/modules/cjs/loader:1895:10)
    at Module.load (node:internal/modules/cjs/loader:1465:32)
You have triggered an unhandledRejection, you may have forgotten to catch a Promise rejection:
Error: The client is closed
    at Class.sendCommand (C:\Users\user\OneDrive\Desktop\CRM\backend\node_modules\@redis\client\dist\lib\client\index.js:639:35)
    at RedisStore.sendCommand (C:\Users\user\OneDrive\Desktop\CRM\backend\middleware\rateLimiter.js:13:49)
    at RedisStore.sendCommand (C:\Users\user\OneDrive\Desktop\CRM\backend\node_modules\rate-limit-redis\dist\index.cjs:85:49)
    at RedisStore.loadGetScript (C:\Users\user\OneDrive\Desktop\CRM\backend\node_modules\rate-limit-redis\dist\index.cjs:116:31)
    at new RedisStore (C:\Users\user\OneDrive\Desktop\CRM\backend\node_modules\rate-limit-redis\dist\index.cjs:96:30)
    at createRateLimiter (C:\Users\user\OneDrive\Desktop\CRM\backend\middleware\rateLimiter.js:12:16)
    at Object.<anonymous> (C:\Users\user\OneDrive\Desktop\CRM\backend\middleware\rateLimiter.js:32:21)
    at Module._compile (node:internal/modules/cjs/loader:1730:14)
    at Object..js (node:internal/modules/cjs/loader:1895:10)
    at Module.load (node:internal/modules/cjs/loader:1465:32)
You have triggered an unhandledRejection, you may have forgotten to catch a Promise rejection:
Error: The client is closed
    at Class.sendCommand (C:\Users\user\OneDrive\Desktop\CRM\backend\node_modules\@redis\client\dist\lib\client\index.js:639:35)
    at RedisStore.sendCommand (C:\Users\user\OneDrive\Desktop\CRM\backend\middleware\rateLimiter.js:13:49)
    at RedisStore.sendCommand (C:\Users\user\OneDrive\Desktop\CRM\backend\node_modules\rate-limit-redis\dist\index.cjs:85:49)
    at RedisStore.loadIncrementScript (C:\Users\user\OneDrive\Desktop\CRM\backend\node_modules\rate-limit-redis\dist\index.cjs:102:31)
    at new RedisStore (C:\Users\user\OneDrive\Desktop\CRM\backend\node_modules\rate-limit-redis\dist\index.cjs:95:36)
    at createRateLimiter (C:\Users\user\OneDrive\Desktop\CRM\backend\middleware\rateLimiter.js:12:16)
    at Object.<anonymous> (C:\Users\user\OneDrive\Desktop\CRM\backend\middleware\rateLimiter.js:41:20)
    at Module._compile (node:internal/modules/cjs/loader:1730:14)
    at Object..js (node:internal/modules/cjs/loader:1895:10)
    at Module.load (node:internal/modules/cjs/loader:1465:32)
You have triggered an unhandledRejection, you may have forgotten to catch a Promise rejection:
Error: The client is closed
    at Class.sendCommand (C:\Users\user\OneDrive\Desktop\CRM\backend\node_modules\@redis\client\dist\lib\client\index.js:639:35)
    at RedisStore.sendCommand (C:\Users\user\OneDrive\Desktop\CRM\backend\middleware\rateLimiter.js:13:49)
    at RedisStore.sendCommand (C:\Users\user\OneDrive\Desktop\CRM\backend\node_modules\rate-limit-redis\dist\index.cjs:85:49)
    at RedisStore.loadGetScript (C:\Users\user\OneDrive\Desktop\CRM\backend\node_modules\rate-limit-redis\dist\index.cjs:116:31)
    at new RedisStore (C:\Users\user\OneDrive\Desktop\CRM\backend\node_modules\rate-limit-redis\dist\index.cjs:96:30)
    at createRateLimiter (C:\Users\user\OneDrive\Desktop\CRM\backend\middleware\rateLimiter.js:12:16)
    at Object.<anonymous> (C:\Users\user\OneDrive\Desktop\CRM\backend\middleware\rateLimiter.js:41:20)
    at Module._compile (node:internal/modules/cjs/loader:1730:14)
    at Object..js (node:internal/modules/cjs/loader:1895:10)
    at Module.load (node:internal/modules/cjs/loader:1465:32)
You have triggered an unhandledRejection, you may have forgotten to catch a Promise rejection:
Error: The client is closed
    at Class.sendCommand (C:\Users\user\OneDrive\Desktop\CRM\backend\node_modules\@redis\client\dist\lib\client\index.js:639:35)
    at RedisStore.sendCommand (C:\Users\user\OneDrive\Desktop\CRM\backend\middleware\rateLimiter.js:13:49)
    at RedisStore.sendCommand (C:\Users\user\OneDrive\Desktop\CRM\backend\node_modules\rate-limit-redis\dist\index.cjs:85:49)
    at RedisStore.loadIncrementScript (C:\Users\user\OneDrive\Desktop\CRM\backend\node_modules\rate-limit-redis\dist\index.cjs:102:31)
    at new RedisStore (C:\Users\user\OneDrive\Desktop\CRM\backend\node_modules\rate-limit-redis\dist\index.cjs:95:36)
    at createRateLimiter (C:\Users\user\OneDrive\Desktop\CRM\backend\middleware\rateLimiter.js:12:16)
    at Object.<anonymous> (C:\Users\user\OneDrive\Desktop\CRM\backend\middleware\rateLimiter.js:49:23)
    at Module._compile (node:internal/modules/cjs/loader:1730:14)
    at Object..js (node:internal/modules/cjs/loader:1895:10)
    at Module.load (node:internal/modules/cjs/loader:1465:32)
You have triggered an unhandledRejection, you may have forgotten to catch a Promise rejection:
Error: The client is closed
    at Class.sendCommand (C:\Users\user\OneDrive\Desktop\CRM\backend\node_modules\@redis\client\dist\lib\client\index.js:639:35)
    at RedisStore.sendCommand (C:\Users\user\OneDrive\Desktop\CRM\backend\middleware\rateLimiter.js:13:49)
    at RedisStore.sendCommand (C:\Users\user\OneDrive\Desktop\CRM\backend\node_modules\rate-limit-redis\dist\index.cjs:85:49)
    at RedisStore.loadGetScript (C:\Users\user\OneDrive\Desktop\CRM\backend\node_modules\rate-limit-redis\dist\index.cjs:116:31)
    at new RedisStore (C:\Users\user\OneDrive\Desktop\CRM\backend\node_modules\rate-limit-redis\dist\index.cjs:96:30)
    at createRateLimiter (C:\Users\user\OneDrive\Desktop\CRM\backend\middleware\rateLimiter.js:12:16)
    at Object.<anonymous> (C:\Users\user\OneDrive\Desktop\CRM\backend\middleware\rateLimiter.js:49:23)
    at Module._compile (node:internal/modules/cjs/loader:1730:14)
    at Object..js (node:internal/modules/cjs/loader:1895:10)
    at Module.load (node:internal/modules/cjs/loader:1465:32)
You have triggered an unhandledRejection, you may have forgotten to catch a Promise rejection:
Error: The client is closed
    at Class.sendCommand (C:\Users\user\OneDrive\Desktop\CRM\backend\node_modules\@redis\client\dist\lib\client\index.js:639:35)
    at RedisStore.sendCommand (C:\Users\user\OneDrive\Desktop\CRM\backend\middleware\rateLimiter.js:13:49)
    at RedisStore.sendCommand (C:\Users\user\OneDrive\Desktop\CRM\backend\node_modules\rate-limit-redis\dist\index.cjs:85:49)
    at RedisStore.loadIncrementScript (C:\Users\user\OneDrive\Desktop\CRM\backend\node_modules\rate-limit-redis\dist\index.cjs:102:31)
    at new RedisStore (C:\Users\user\OneDrive\Desktop\CRM\backend\node_modules\rate-limit-redis\dist\index.cjs:95:36)
    at createRateLimiter (C:\Users\user\OneDrive\Desktop\CRM\backend\middleware\rateLimiter.js:12:16)
    at Object.<anonymous> (C:\Users\user\OneDrive\Desktop\CRM\backend\middleware\rateLimiter.js:57:25)
    at Module._compile (node:internal/modules/cjs/loader:1730:14)
    at Object..js (node:internal/modules/cjs/loader:1895:10)
    at Module.load (node:internal/modules/cjs/loader:1465:32)
You have triggered an unhandledRejection, you may have forgotten to catch a Promise rejection:
Error: The client is closed
    at Class.sendCommand (C:\Users\user\OneDrive\Desktop\CRM\backend\node_modules\@redis\client\dist\lib\client\index.js:639:35)
    at RedisStore.sendCommand (C:\Users\user\OneDrive\Desktop\CRM\backend\middleware\rateLimiter.js:13:49)
    at RedisStore.sendCommand (C:\Users\user\OneDrive\Desktop\CRM\backend\node_modules\rate-limit-redis\dist\index.cjs:85:49)
    at RedisStore.loadGetScript (C:\Users\user\OneDrive\Desktop\CRM\backend\node_modules\rate-limit-redis\dist\index.cjs:116:31)
    at new RedisStore (C:\Users\user\OneDrive\Desktop\CRM\backend\node_modules\rate-limit-redis\dist\index.cjs:96:30)
    at createRateLimiter (C:\Users\user\OneDrive\Desktop\CRM\backend\middleware\rateLimiter.js:12:16)
    at Object.<anonymous> (C:\Users\user\OneDrive\Desktop\CRM\backend\middleware\rateLimiter.js:57:25)
    at Module._compile (node:internal/modules/cjs/loader:1730:14)
    at Object..js (node:internal/modules/cjs/loader:1895:10)
    at Module.load (node:internal/modules/cjs/loader:1465:32)
You have triggered an unhandledRejection, you may have forgotten to catch a Promise rejection:
Error: The client is closed
    at Class.sendCommand (C:\Users\user\OneDrive\Desktop\CRM\backend\node_modules\@redis\client\dist\lib\client\index.js:639:35)
    at RedisStore.sendCommand (C:\Users\user\OneDrive\Desktop\CRM\backend\middleware\rateLimiter.js:13:49)
    at RedisStore.sendCommand (C:\Users\user\OneDrive\Desktop\CRM\backend\node_modules\rate-limit-redis\dist\index.cjs:85:49)
    at RedisStore.loadIncrementScript (C:\Users\user\OneDrive\Desktop\CRM\backend\node_modules\rate-limit-redis\dist\index.cjs:102:31)
    at new RedisStore (C:\Users\user\OneDrive\Desktop\CRM\backend\node_modules\rate-limit-redis\dist\index.cjs:95:36)
    at createRateLimiter (C:\Users\user\OneDrive\Desktop\CRM\backend\middleware\rateLimiter.js:12:16)
    at Object.<anonymous> (C:\Users\user\OneDrive\Desktop\CRM\backend\middleware\rateLimiter.js:65:21)
    at Module._compile (node:internal/modules/cjs/loader:1730:14)
    at Object..js (node:internal/modules/cjs/loader:1895:10)
    at Module.load (node:internal/modules/cjs/loader:1465:32)
You have triggered an unhandledRejection, you may have forgotten to catch a Promise rejection:
Error: The client is closed
    at Class.sendCommand (C:\Users\user\OneDrive\Desktop\CRM\backend\node_modules\@redis\client\dist\lib\client\index.js:639:35)
    at RedisStore.sendCommand (C:\Users\user\OneDrive\Desktop\CRM\backend\middleware\rateLimiter.js:13:49)
    at RedisStore.sendCommand (C:\Users\user\OneDrive\Desktop\CRM\backend\node_modules\rate-limit-redis\dist\index.cjs:85:49)
    at RedisStore.loadGetScript (C:\Users\user\OneDrive\Desktop\CRM\backend\node_modules\rate-limit-redis\dist\index.cjs:116:31)
    at new RedisStore (C:\Users\user\OneDrive\Desktop\CRM\backend\node_modules\rate-limit-redis\dist\index.cjs:96:30)
    at createRateLimiter (C:\Users\user\OneDrive\Desktop\CRM\backend\middleware\rateLimiter.js:12:16)
    at Object.<anonymous> (C:\Users\user\OneDrive\Desktop\CRM\backend\middleware\rateLimiter.js:65:21)
    at Module._compile (node:internal/modules/cjs/loader:1730:14)
    at Object..js (node:internal/modules/cjs/loader:1895:10)
    at Module.load (node:internal/modules/cjs/loader:1465:32)
2026-01-28 12:46:49: (node:13392) MaxListenersExceededWarning: Possible EventEmitter memory leak detected. 11 error listeners added to [DailyRotateFile]. MaxListeners is 10. Use emitter.setMaxListeners() to increase limit
(Use `node --trace-warnings ...` to show where the warning was created)
2026-01-28 12:46:49: (node:13392) MaxListenersExceededWarning: Possible EventEmitter memory leak detected. 11 finish listeners added to [DailyRotateFile]. MaxListeners is 10. Use emitter.setMaxListeners() to increase limit
Error: bind EADDRINUSE null:5000
    at listenOnPrimaryHandle (node:net:2020:18)
    at shared (node:internal/cluster/child:157:3)
    at Worker.<anonymous> (node:internal/cluster/child:110:7)
    at process.onInternalMessage (node:internal/cluster/utils:49:5)
    at process.emit (node:events:530:35)
    at emit (node:internal/child_process:949:14)
    at process.processTicksAndRejections (node:internal/process/task_queues:91:21)
You have triggered an unhandledRejection, you may have forgotten to catch a Promise rejection:
Error: NOAUTH Authentication required
    at #decodeSimpleError (C:\Users\user\OneDrive\Desktop\CRM\backend\node_modules\@redis\client\dist\lib\RESP\decoder.js:457:13)
    at #decodeTypeValue (C:\Users\user\OneDrive\Desktop\CRM\backend\node_modules\@redis\client\dist\lib\RESP\decoder.js:104:91)
    at Decoder.write (C:\Users\user\OneDrive\Desktop\CRM\backend\node_modules\@redis\client\dist\lib\RESP\decoder.js:74:38)
    at RedisSocket.<anonymous> (C:\Users\user\OneDrive\Desktop\CRM\backend\node_modules\@redis\client\dist\lib\client\index.js:437:37)
    at RedisSocket.emit (node:events:518:28)
    at Socket.<anonymous> (C:\Users\user\OneDrive\Desktop\CRM\backend\node_modules\@redis\client\dist\lib\client\socket.js:235:38)
    at Socket.emit (node:events:518:28)
    at addChunk (node:internal/streams/readable:561:12)
    at readableAddChunkPushByteMode (node:internal/streams/readable:512:3)
    at Readable.push (node:internal/streams/readable:392:5)
    at TCP.onStreamRead (node:internal/stream_base_commons:189:23)
You have triggered an unhandledRejection, you may have forgotten to catch a Promise rejection:
Error: NOAUTH Authentication required
    at #decodeSimpleError (C:\Users\user\OneDrive\Desktop\CRM\backend\node_modules\@redis\client\dist\lib\RESP\decoder.js:457:13)
    at #decodeTypeValue (C:\Users\user\OneDrive\Desktop\CRM\backend\node_modules\@redis\client\dist\lib\RESP\decoder.js:104:91)
    at Decoder.write (C:\Users\user\OneDrive\Desktop\CRM\backend\node_modules\@redis\client\dist\lib\RESP\decoder.js:74:38)
    at RedisSocket.<anonymous> (C:\Users\user\OneDrive\Desktop\CRM\backend\node_modules\@redis\client\dist\lib\client\index.js:437:37)
    at RedisSocket.emit (node:events:518:28)
    at Socket.<anonymous> (C:\Users\user\OneDrive\Desktop\CRM\backend\node_modules\@redis\client\dist\lib\client\socket.js:235:38)
    at Socket.emit (node:events:518:28)
    at addChunk (node:internal/streams/readable:561:12)
    at readableAddChunkPushByteMode (node:internal/streams/readable:512:3)
    at Readable.push (node:internal/streams/readable:392:5)
    at TCP.onStreamRead (node:internal/stream_base_commons:189:23)
You have triggered an unhandledRejection, you may have forgotten to catch a Promise rejection:
Error: The client is closed
    at Class.sendCommand (C:\Users\user\OneDrive\Desktop\CRM\backend\node_modules\@redis\client\dist\lib\client\index.js:639:35)
    at RedisStore.sendCommand (C:\Users\user\OneDrive\Desktop\CRM\backend\middleware\rateLimiter.js:13:49)
    at RedisStore.sendCommand (C:\Users\user\OneDrive\Desktop\CRM\backend\node_modules\rate-limit-redis\dist\index.cjs:85:49)
    at RedisStore.loadIncrementScript (C:\Users\user\OneDrive\Desktop\CRM\backend\node_modules\rate-limit-redis\dist\index.cjs:102:31)
    at new RedisStore (C:\Users\user\OneDrive\Desktop\CRM\backend\node_modules\rate-limit-redis\dist\index.cjs:95:36)
    at createRateLimiter (C:\Users\user\OneDrive\Desktop\CRM\backend\middleware\rateLimiter.js:12:16)
    at Object.<anonymous> (C:\Users\user\OneDrive\Desktop\CRM\backend\middleware\rateLimiter.js:32:21)
    at Module._compile (node:internal/modules/cjs/loader:1730:14)
    at Object..js (node:internal/modules/cjs/loader:1895:10)
    at Module.load (node:internal/modules/cjs/loader:1465:32)
You have triggered an unhandledRejection, you may have forgotten to catch a Promise rejection:
Error: The client is closed
    at Class.sendCommand (C:\Users\user\OneDrive\Desktop\CRM\backend\node_modules\@redis\client\dist\lib\client\index.js:639:35)
    at RedisStore.sendCommand (C:\Users\user\OneDrive\Desktop\CRM\backend\middleware\rateLimiter.js:13:49)
    at RedisStore.sendCommand (C:\Users\user\OneDrive\Desktop\CRM\backend\node_modules\rate-limit-redis\dist\index.cjs:85:49)
    at RedisStore.loadGetScript (C:\Users\user\OneDrive\Desktop\CRM\backend\node_modules\rate-limit-redis\dist\index.cjs:116:31)
    at new RedisStore (C:\Users\user\OneDrive\Desktop\CRM\backend\node_modules\rate-limit-redis\dist\index.cjs:96:30)
    at createRateLimiter (C:\Users\user\OneDrive\Desktop\CRM\backend\middleware\rateLimiter.js:12:16)
    at Object.<anonymous> (C:\Users\user\OneDrive\Desktop\CRM\backend\middleware\rateLimiter.js:32:21)
    at Module._compile (node:internal/modules/cjs/loader:1730:14)
    at Object..js (node:internal/modules/cjs/loader:1895:10)
    at Module.load (node:internal/modules/cjs/loader:1465:32)
You have triggered an unhandledRejection, you may have forgotten to catch a Promise rejection:
Error: The client is closed
    at Class.sendCommand (C:\Users\user\OneDrive\Desktop\CRM\backend\node_modules\@redis\client\dist\lib\client\index.js:639:35)
    at RedisStore.sendCommand (C:\Users\user\OneDrive\Desktop\CRM\backend\middleware\rateLimiter.js:13:49)
    at RedisStore.sendCommand (C:\Users\user\OneDrive\Desktop\CRM\backend\node_modules\rate-limit-redis\dist\index.cjs:85:49)
    at RedisStore.loadIncrementScript (C:\Users\user\OneDrive\Desktop\CRM\backend\node_modules\rate-limit-redis\dist\index.cjs:102:31)
    at new RedisStore (C:\Users\user\OneDrive\Desktop\CRM\backend\node_modules\rate-limit-redis\dist\index.cjs:95:36)
    at createRateLimiter (C:\Users\user\OneDrive\Desktop\CRM\backend\middleware\rateLimiter.js:12:16)
    at Object.<anonymous> (C:\Users\user\OneDrive\Desktop\CRM\backend\middleware\rateLimiter.js:41:20)
    at Module._compile (node:internal/modules/cjs/loader:1730:14)
    at Object..js (node:internal/modules/cjs/loader:1895:10)
    at Module.load (node:internal/modules/cjs/loader:1465:32)
You have triggered an unhandledRejection, you may have forgotten to catch a Promise rejection:
Error: The client is closed
    at Class.sendCommand (C:\Users\user\OneDrive\Desktop\CRM\backend\node_modules\@redis\client\dist\lib\client\index.js:639:35)
    at RedisStore.sendCommand (C:\Users\user\OneDrive\Desktop\CRM\backend\middleware\rateLimiter.js:13:49)
    at RedisStore.sendCommand (C:\Users\user\OneDrive\Desktop\CRM\backend\node_modules\rate-limit-redis\dist\index.cjs:85:49)
    at RedisStore.loadGetScript (C:\Users\user\OneDrive\Desktop\CRM\backend\node_modules\rate-limit-redis\dist\index.cjs:116:31)
    at new RedisStore (C:\Users\user\OneDrive\Desktop\CRM\backend\node_modules\rate-limit-redis\dist\index.cjs:96:30)
    at createRateLimiter (C:\Users\user\OneDrive\Desktop\CRM\backend\middleware\rateLimiter.js:12:16)
    at Object.<anonymous> (C:\Users\user\OneDrive\Desktop\CRM\backend\middleware\rateLimiter.js:41:20)
    at Module._compile (node:internal/modules/cjs/loader:1730:14)
    at Object..js (node:internal/modules/cjs/loader:1895:10)
    at Module.load (node:internal/modules/cjs/loader:1465:32)
You have triggered an unhandledRejection, you may have forgotten to catch a Promise rejection:
Error: The client is closed
    at Class.sendCommand (C:\Users\user\OneDrive\Desktop\CRM\backend\node_modules\@redis\client\dist\lib\client\index.js:639:35)
    at RedisStore.sendCommand (C:\Users\user\OneDrive\Desktop\CRM\backend\middleware\rateLimiter.js:13:49)
    at RedisStore.sendCommand (C:\Users\user\OneDrive\Desktop\CRM\backend\node_modules\rate-limit-redis\dist\index.cjs:85:49)
    at RedisStore.loadIncrementScript (C:\Users\user\OneDrive\Desktop\CRM\backend\node_modules\rate-limit-redis\dist\index.cjs:102:31)
    at new RedisStore (C:\Users\user\OneDrive\Desktop\CRM\backend\node_modules\rate-limit-redis\dist\index.cjs:95:36)
    at createRateLimiter (C:\Users\user\OneDrive\Desktop\CRM\backend\middleware\rateLimiter.js:12:16)
    at Object.<anonymous> (C:\Users\user\OneDrive\Desktop\CRM\backend\middleware\rateLimiter.js:49:23)
    at Module._compile (node:internal/modules/cjs/loader:1730:14)
    at Object..js (node:internal/modules/cjs/loader:1895:10)
    at Module.load (node:internal/modules/cjs/loader:1465:32)
You have triggered an unhandledRejection, you may have forgotten to catch a Promise rejection:
Error: The client is closed
    at Class.sendCommand (C:\Users\user\OneDrive\Desktop\CRM\backend\node_modules\@redis\client\dist\lib\client\index.js:639:35)
    at RedisStore.sendCommand (C:\Users\user\OneDrive\Desktop\CRM\backend\middleware\rateLimiter.js:13:49)
    at RedisStore.sendCommand (C:\Users\user\OneDrive\Desktop\CRM\backend\node_modules\rate-limit-redis\dist\index.cjs:85:49)
    at RedisStore.loadGetScript (C:\Users\user\OneDrive\Desktop\CRM\backend\node_modules\rate-limit-redis\dist\index.cjs:116:31)
    at new RedisStore (C:\Users\user\OneDrive\Desktop\CRM\backend\node_modules\rate-limit-redis\dist\index.cjs:96:30)
    at createRateLimiter (C:\Users\user\OneDrive\Desktop\CRM\backend\middleware\rateLimiter.js:12:16)
    at Object.<anonymous> (C:\Users\user\OneDrive\Desktop\CRM\backend\middleware\rateLimiter.js:49:23)
    at Module._compile (node:internal/modules/cjs/loader:1730:14)
    at Object..js (node:internal/modules/cjs/loader:1895:10)
    at Module.load (node:internal/modules/cjs/loader:1465:32)
You have triggered an unhandledRejection, you may have forgotten to catch a Promise rejection:
Error: The client is closed
    at Class.sendCommand (C:\Users\user\OneDrive\Desktop\CRM\backend\node_modules\@redis\client\dist\lib\client\index.js:639:35)
    at RedisStore.sendCommand (C:\Users\user\OneDrive\Desktop\CRM\backend\middleware\rateLimiter.js:13:49)
    at RedisStore.sendCommand (C:\Users\user\OneDrive\Desktop\CRM\backend\node_modules\rate-limit-redis\dist\index.cjs:85:49)
    at RedisStore.loadIncrementScript (C:\Users\user\OneDrive\Desktop\CRM\backend\node_modules\rate-limit-redis\dist\index.cjs:102:31)
    at new RedisStore (C:\Users\user\OneDrive\Desktop\CRM\backend\node_modules\rate-limit-redis\dist\index.cjs:95:36)
    at createRateLimiter (C:\Users\user\OneDrive\Desktop\CRM\backend\middleware\rateLimiter.js:12:16)
    at Object.<anonymous> (C:\Users\user\OneDrive\Desktop\CRM\backend\middleware\rateLimiter.js:57:25)
    at Module._compile (node:internal/modules/cjs/loader:1730:14)
    at Object..js (node:internal/modules/cjs/loader:1895:10)
    at Module.load (node:internal/modules/cjs/loader:1465:32)
You have triggered an unhandledRejection, you may have forgotten to catch a Promise rejection:
Error: The client is closed
    at Class.sendCommand (C:\Users\user\OneDrive\Desktop\CRM\backend\node_modules\@redis\client\dist\lib\client\index.js:639:35)
    at RedisStore.sendCommand (C:\Users\user\OneDrive\Desktop\CRM\backend\middleware\rateLimiter.js:13:49)
    at RedisStore.sendCommand (C:\Users\user\OneDrive\Desktop\CRM\backend\node_modules\rate-limit-redis\dist\index.cjs:85:49)
    at RedisStore.loadGetScript (C:\Users\user\OneDrive\Desktop\CRM\backend\node_modules\rate-limit-redis\dist\index.cjs:116:31)
    at new RedisStore (C:\Users\user\OneDrive\Desktop\CRM\backend\node_modules\rate-limit-redis\dist\index.cjs:96:30)
    at createRateLimiter (C:\Users\user\OneDrive\Desktop\CRM\backend\middleware\rateLimiter.js:12:16)
    at Object.<anonymous> (C:\Users\user\OneDrive\Desktop\CRM\backend\middleware\rateLimiter.js:57:25)
    at Module._compile (node:internal/modules/cjs/loader:1730:14)
    at Object..js (node:internal/modules/cjs/loader:1895:10)
    at Module.load (node:internal/modules/cjs/loader:1465:32)
You have triggered an unhandledRejection, you may have forgotten to catch a Promise rejection:
Error: The client is closed
    at Class.sendCommand (C:\Users\user\OneDrive\Desktop\CRM\backend\node_modules\@redis\client\dist\lib\client\index.js:639:35)
    at RedisStore.sendCommand (C:\Users\user\OneDrive\Desktop\CRM\backend\middleware\rateLimiter.js:13:49)
    at RedisStore.sendCommand (C:\Users\user\OneDrive\Desktop\CRM\backend\node_modules\rate-limit-redis\dist\index.cjs:85:49)
    at RedisStore.loadIncrementScript (C:\Users\user\OneDrive\Desktop\CRM\backend\node_modules\rate-limit-redis\dist\index.cjs:102:31)
    at new RedisStore (C:\Users\user\OneDrive\Desktop\CRM\backend\node_modules\rate-limit-redis\dist\index.cjs:95:36)
    at createRateLimiter (C:\Users\user\OneDrive\Desktop\CRM\backend\middleware\rateLimiter.js:12:16)
    at Object.<anonymous> (C:\Users\user\OneDrive\Desktop\CRM\backend\middleware\rateLimiter.js:65:21)
    at Module._compile (node:internal/modules/cjs/loader:1730:14)
    at Object..js (node:internal/modules/cjs/loader:1895:10)
    at Module.load (node:internal/modules/cjs/loader:1465:32)
You have triggered an unhandledRejection, you may have forgotten to catch a Promise rejection:
Error: The client is closed
    at Class.sendCommand (C:\Users\user\OneDrive\Desktop\CRM\backend\node_modules\@redis\client\dist\lib\client\index.js:639:35)
    at RedisStore.sendCommand (C:\Users\user\OneDrive\Desktop\CRM\backend\middleware\rateLimiter.js:13:49)
    at RedisStore.sendCommand (C:\Users\user\OneDrive\Desktop\CRM\backend\node_modules\rate-limit-redis\dist\index.cjs:85:49)
    at RedisStore.loadGetScript (C:\Users\user\OneDrive\Desktop\CRM\backend\node_modules\rate-limit-redis\dist\index.cjs:116:31)
    at new RedisStore (C:\Users\user\OneDrive\Desktop\CRM\backend\node_modules\rate-limit-redis\dist\index.cjs:96:30)
    at createRateLimiter (C:\Users\user\OneDrive\Desktop\CRM\backend\middleware\rateLimiter.js:12:16)
    at Object.<anonymous> (C:\Users\user\OneDrive\Desktop\CRM\backend\middleware\rateLimiter.js:65:21)
    at Module._compile (node:internal/modules/cjs/loader:1730:14)
    at Object..js (node:internal/modules/cjs/loader:1895:10)
    at Module.load (node:internal/modules/cjs/loader:1465:32)
2026-01-28 12:47:00: (node:15084) MaxListenersExceededWarning: Possible EventEmitter memory leak detected. 11 error listeners added to [DailyRotateFile]. MaxListeners is 10. Use emitter.setMaxListeners() to increase limit
(Use `node --trace-warnings ...` to show where the warning was created)
2026-01-28 12:47:00: (node:15084) MaxListenersExceededWarning: Possible EventEmitter memory leak detected. 11 finish listeners added to [DailyRotateFile]. MaxListeners is 10. Use emitter.setMaxListeners() to increase limit
Error: bind EADDRINUSE null:5000
    at listenOnPrimaryHandle (node:net:2020:18)
    at shared (node:internal/cluster/child:157:3)
    at Worker.<anonymous> (node:internal/cluster/child:110:7)
    at process.onInternalMessage (node:internal/cluster/utils:49:5)
    at process.emit (node:events:530:35)
    at emit (node:internal/child_process:949:14)
    at process.processTicksAndRejections (node:internal/process/task_queues:91:21)
You have triggered an unhandledRejection, you may have forgotten to catch a Promise rejection:
Error: NOAUTH Authentication required
    at #decodeSimpleError (C:\Users\user\OneDrive\Desktop\CRM\backend\node_modules\@redis\client\dist\lib\RESP\decoder.js:457:13)
    at #decodeTypeValue (C:\Users\user\OneDrive\Desktop\CRM\backend\node_modules\@redis\client\dist\lib\RESP\decoder.js:104:91)
    at Decoder.write (C:\Users\user\OneDrive\Desktop\CRM\backend\node_modules\@redis\client\dist\lib\RESP\decoder.js:74:38)
    at RedisSocket.<anonymous> (C:\Users\user\OneDrive\Desktop\CRM\backend\node_modules\@redis\client\dist\lib\client\index.js:437:37)
    at RedisSocket.emit (node:events:518:28)
    at Socket.<anonymous> (C:\Users\user\OneDrive\Desktop\CRM\backend\node_modules\@redis\client\dist\lib\client\socket.js:235:38)
    at Socket.emit (node:events:518:28)
    at addChunk (node:internal/streams/readable:561:12)
    at readableAddChunkPushByteMode (node:internal/streams/readable:512:3)
    at Readable.push (node:internal/streams/readable:392:5)
    at TCP.onStreamRead (node:internal/stream_base_commons:189:23)
You have triggered an unhandledRejection, you may have forgotten to catch a Promise rejection:
Error: NOAUTH Authentication required
    at #decodeSimpleError (C:\Users\user\OneDrive\Desktop\CRM\backend\node_modules\@redis\client\dist\lib\RESP\decoder.js:457:13)
    at #decodeTypeValue (C:\Users\user\OneDrive\Desktop\CRM\backend\node_modules\@redis\client\dist\lib\RESP\decoder.js:104:91)
    at Decoder.write (C:\Users\user\OneDrive\Desktop\CRM\backend\node_modules\@redis\client\dist\lib\RESP\decoder.js:74:38)
    at RedisSocket.<anonymous> (C:\Users\user\OneDrive\Desktop\CRM\backend\node_modules\@redis\client\dist\lib\client\index.js:437:37)
    at RedisSocket.emit (node:events:518:28)
    at Socket.<anonymous> (C:\Users\user\OneDrive\Desktop\CRM\backend\node_modules\@redis\client\dist\lib\client\socket.js:235:38)
    at Socket.emit (node:events:518:28)
    at addChunk (node:internal/streams/readable:561:12)
    at readableAddChunkPushByteMode (node:internal/streams/readable:512:3)
    at Readable.push (node:internal/streams/readable:392:5)
    at TCP.onStreamRead (node:internal/stream_base_commons:189:23)
You have triggered an unhandledRejection, you may have forgotten to catch a Promise rejection:
Error: The client is closed
    at Class.sendCommand (C:\Users\user\OneDrive\Desktop\CRM\backend\node_modules\@redis\client\dist\lib\client\index.js:639:35)
    at RedisStore.sendCommand (C:\Users\user\OneDrive\Desktop\CRM\backend\middleware\rateLimiter.js:13:49)
    at RedisStore.sendCommand (C:\Users\user\OneDrive\Desktop\CRM\backend\node_modules\rate-limit-redis\dist\index.cjs:85:49)
    at RedisStore.loadIncrementScript (C:\Users\user\OneDrive\Desktop\CRM\backend\node_modules\rate-limit-redis\dist\index.cjs:102:31)
    at new RedisStore (C:\Users\user\OneDrive\Desktop\CRM\backend\node_modules\rate-limit-redis\dist\index.cjs:95:36)
    at createRateLimiter (C:\Users\user\OneDrive\Desktop\CRM\backend\middleware\rateLimiter.js:12:16)
    at Object.<anonymous> (C:\Users\user\OneDrive\Desktop\CRM\backend\middleware\rateLimiter.js:32:21)
    at Module._compile (node:internal/modules/cjs/loader:1730:14)
    at Object..js (node:internal/modules/cjs/loader:1895:10)
    at Module.load (node:internal/modules/cjs/loader:1465:32)
You have triggered an unhandledRejection, you may have forgotten to catch a Promise rejection:
Error: The client is closed
    at Class.sendCommand (C:\Users\user\OneDrive\Desktop\CRM\backend\node_modules\@redis\client\dist\lib\client\index.js:639:35)
    at RedisStore.sendCommand (C:\Users\user\OneDrive\Desktop\CRM\backend\middleware\rateLimiter.js:13:49)
    at RedisStore.sendCommand (C:\Users\user\OneDrive\Desktop\CRM\backend\node_modules\rate-limit-redis\dist\index.cjs:85:49)
    at RedisStore.loadGetScript (C:\Users\user\OneDrive\Desktop\CRM\backend\node_modules\rate-limit-redis\dist\index.cjs:116:31)
    at new RedisStore (C:\Users\user\OneDrive\Desktop\CRM\backend\node_modules\rate-limit-redis\dist\index.cjs:96:30)
    at createRateLimiter (C:\Users\user\OneDrive\Desktop\CRM\backend\middleware\rateLimiter.js:12:16)
    at Object.<anonymous> (C:\Users\user\OneDrive\Desktop\CRM\backend\middleware\rateLimiter.js:32:21)
    at Module._compile (node:internal/modules/cjs/loader:1730:14)
    at Object..js (node:internal/modules/cjs/loader:1895:10)
    at Module.load (node:internal/modules/cjs/loader:1465:32)
You have triggered an unhandledRejection, you may have forgotten to catch a Promise rejection:
Error: The client is closed
    at Class.sendCommand (C:\Users\user\OneDrive\Desktop\CRM\backend\node_modules\@redis\client\dist\lib\client\index.js:639:35)
    at RedisStore.sendCommand (C:\Users\user\OneDrive\Desktop\CRM\backend\middleware\rateLimiter.js:13:49)
    at RedisStore.sendCommand (C:\Users\user\OneDrive\Desktop\CRM\backend\node_modules\rate-limit-redis\dist\index.cjs:85:49)
    at RedisStore.loadIncrementScript (C:\Users\user\OneDrive\Desktop\CRM\backend\node_modules\rate-limit-redis\dist\index.cjs:102:31)
    at new RedisStore (C:\Users\user\OneDrive\Desktop\CRM\backend\node_modules\rate-limit-redis\dist\index.cjs:95:36)
    at createRateLimiter (C:\Users\user\OneDrive\Desktop\CRM\backend\middleware\rateLimiter.js:12:16)
    at Object.<anonymous> (C:\Users\user\OneDrive\Desktop\CRM\backend\middleware\rateLimiter.js:41:20)
    at Module._compile (node:internal/modules/cjs/loader:1730:14)
    at Object..js (node:internal/modules/cjs/loader:1895:10)
    at Module.load (node:internal/modules/cjs/loader:1465:32)
You have triggered an unhandledRejection, you may have forgotten to catch a Promise rejection:
Error: The client is closed
    at Class.sendCommand (C:\Users\user\OneDrive\Desktop\CRM\backend\node_modules\@redis\client\dist\lib\client\index.js:639:35)
    at RedisStore.sendCommand (C:\Users\user\OneDrive\Desktop\CRM\backend\middleware\rateLimiter.js:13:49)
    at RedisStore.sendCommand (C:\Users\user\OneDrive\Desktop\CRM\backend\node_modules\rate-limit-redis\dist\index.cjs:85:49)
    at RedisStore.loadGetScript (C:\Users\user\OneDrive\Desktop\CRM\backend\node_modules\rate-limit-redis\dist\index.cjs:116:31)
    at new RedisStore (C:\Users\user\OneDrive\Desktop\CRM\backend\node_modules\rate-limit-redis\dist\index.cjs:96:30)
    at createRateLimiter (C:\Users\user\OneDrive\Desktop\CRM\backend\middleware\rateLimiter.js:12:16)
    at Object.<anonymous> (C:\Users\user\OneDrive\Desktop\CRM\backend\middleware\rateLimiter.js:41:20)
    at Module._compile (node:internal/modules/cjs/loader:1730:14)
    at Object..js (node:internal/modules/cjs/loader:1895:10)
    at Module.load (node:internal/modules/cjs/loader:1465:32)
You have triggered an unhandledRejection, you may have forgotten to catch a Promise rejection:
Error: The client is closed
    at Class.sendCommand (C:\Users\user\OneDrive\Desktop\CRM\backend\node_modules\@redis\client\dist\lib\client\index.js:639:35)
    at RedisStore.sendCommand (C:\Users\user\OneDrive\Desktop\CRM\backend\middleware\rateLimiter.js:13:49)
    at RedisStore.sendCommand (C:\Users\user\OneDrive\Desktop\CRM\backend\node_modules\rate-limit-redis\dist\index.cjs:85:49)
    at RedisStore.loadIncrementScript (C:\Users\user\OneDrive\Desktop\CRM\backend\node_modules\rate-limit-redis\dist\index.cjs:102:31)
    at new RedisStore (C:\Users\user\OneDrive\Desktop\CRM\backend\node_modules\rate-limit-redis\dist\index.cjs:95:36)
    at createRateLimiter (C:\Users\user\OneDrive\Desktop\CRM\backend\middleware\rateLimiter.js:12:16)
    at Object.<anonymous> (C:\Users\user\OneDrive\Desktop\CRM\backend\middleware\rateLimiter.js:49:23)
    at Module._compile (node:internal/modules/cjs/loader:1730:14)
    at Object..js (node:internal/modules/cjs/loader:1895:10)
    at Module.load (node:internal/modules/cjs/loader:1465:32)
You have triggered an unhandledRejection, you may have forgotten to catch a Promise rejection:
Error: The client is closed
    at Class.sendCommand (C:\Users\user\OneDrive\Desktop\CRM\backend\node_modules\@redis\client\dist\lib\client\index.js:639:35)
    at RedisStore.sendCommand (C:\Users\user\OneDrive\Desktop\CRM\backend\middleware\rateLimiter.js:13:49)
    at RedisStore.sendCommand (C:\Users\user\OneDrive\Desktop\CRM\backend\node_modules\rate-limit-redis\dist\index.cjs:85:49)
    at RedisStore.loadGetScript (C:\Users\user\OneDrive\Desktop\CRM\backend\node_modules\rate-limit-redis\dist\index.cjs:116:31)
    at new RedisStore (C:\Users\user\OneDrive\Desktop\CRM\backend\node_modules\rate-limit-redis\dist\index.cjs:96:30)
    at createRateLimiter (C:\Users\user\OneDrive\Desktop\CRM\backend\middleware\rateLimiter.js:12:16)
    at Object.<anonymous> (C:\Users\user\OneDrive\Desktop\CRM\backend\middleware\rateLimiter.js:49:23)
    at Module._compile (node:internal/modules/cjs/loader:1730:14)
    at Object..js (node:internal/modules/cjs/loader:1895:10)
    at Module.load (node:internal/modules/cjs/loader:1465:32)
You have triggered an unhandledRejection, you may have forgotten to catch a Promise rejection:
Error: The client is closed
    at Class.sendCommand (C:\Users\user\OneDrive\Desktop\CRM\backend\node_modules\@redis\client\dist\lib\client\index.js:639:35)
    at RedisStore.sendCommand (C:\Users\user\OneDrive\Desktop\CRM\backend\middleware\rateLimiter.js:13:49)
    at RedisStore.sendCommand (C:\Users\user\OneDrive\Desktop\CRM\backend\node_modules\rate-limit-redis\dist\index.cjs:85:49)
    at RedisStore.loadIncrementScript (C:\Users\user\OneDrive\Desktop\CRM\backend\node_modules\rate-limit-redis\dist\index.cjs:102:31)
    at new RedisStore (C:\Users\user\OneDrive\Desktop\CRM\backend\node_modules\rate-limit-redis\dist\index.cjs:95:36)
    at createRateLimiter (C:\Users\user\OneDrive\Desktop\CRM\backend\middleware\rateLimiter.js:12:16)
    at Object.<anonymous> (C:\Users\user\OneDrive\Desktop\CRM\backend\middleware\rateLimiter.js:57:25)
    at Module._compile (node:internal/modules/cjs/loader:1730:14)
    at Object..js (node:internal/modules/cjs/loader:1895:10)
    at Module.load (node:internal/modules/cjs/loader:1465:32)
You have triggered an unhandledRejection, you may have forgotten to catch a Promise rejection:
Error: The client is closed
    at Class.sendCommand (C:\Users\user\OneDrive\Desktop\CRM\backend\node_modules\@redis\client\dist\lib\client\index.js:639:35)
    at RedisStore.sendCommand (C:\Users\user\OneDrive\Desktop\CRM\backend\middleware\rateLimiter.js:13:49)
    at RedisStore.sendCommand (C:\Users\user\OneDrive\Desktop\CRM\backend\node_modules\rate-limit-redis\dist\index.cjs:85:49)
    at RedisStore.loadGetScript (C:\Users\user\OneDrive\Desktop\CRM\backend\node_modules\rate-limit-redis\dist\index.cjs:116:31)
    at new RedisStore (C:\Users\user\OneDrive\Desktop\CRM\backend\node_modules\rate-limit-redis\dist\index.cjs:96:30)
    at createRateLimiter (C:\Users\user\OneDrive\Desktop\CRM\backend\middleware\rateLimiter.js:12:16)
    at Object.<anonymous> (C:\Users\user\OneDrive\Desktop\CRM\backend\middleware\rateLimiter.js:57:25)
    at Module._compile (node:internal/modules/cjs/loader:1730:14)
    at Object..js (node:internal/modules/cjs/loader:1895:10)
    at Module.load (node:internal/modules/cjs/loader:1465:32)
You have triggered an unhandledRejection, you may have forgotten to catch a Promise rejection:
Error: The client is closed
    at Class.sendCommand (C:\Users\user\OneDrive\Desktop\CRM\backend\node_modules\@redis\client\dist\lib\client\index.js:639:35)
    at RedisStore.sendCommand (C:\Users\user\OneDrive\Desktop\CRM\backend\middleware\rateLimiter.js:13:49)
    at RedisStore.sendCommand (C:\Users\user\OneDrive\Desktop\CRM\backend\node_modules\rate-limit-redis\dist\index.cjs:85:49)
    at RedisStore.loadIncrementScript (C:\Users\user\OneDrive\Desktop\CRM\backend\node_modules\rate-limit-redis\dist\index.cjs:102:31)
    at new RedisStore (C:\Users\user\OneDrive\Desktop\CRM\backend\node_modules\rate-limit-redis\dist\index.cjs:95:36)
    at createRateLimiter (C:\Users\user\OneDrive\Desktop\CRM\backend\middleware\rateLimiter.js:12:16)
    at Object.<anonymous> (C:\Users\user\OneDrive\Desktop\CRM\backend\middleware\rateLimiter.js:65:21)
    at Module._compile (node:internal/modules/cjs/loader:1730:14)
    at Object..js (node:internal/modules/cjs/loader:1895:10)
    at Module.load (node:internal/modules/cjs/loader:1465:32)
You have triggered an unhandledRejection, you may have forgotten to catch a Promise rejection:
Error: The client is closed
    at Class.sendCommand (C:\Users\user\OneDrive\Desktop\CRM\backend\node_modules\@redis\client\dist\lib\client\index.js:639:35)
    at RedisStore.sendCommand (C:\Users\user\OneDrive\Desktop\CRM\backend\middleware\rateLimiter.js:13:49)
    at RedisStore.sendCommand (C:\Users\user\OneDrive\Desktop\CRM\backend\node_modules\rate-limit-redis\dist\index.cjs:85:49)
    at RedisStore.loadGetScript (C:\Users\user\OneDrive\Desktop\CRM\backend\node_modules\rate-limit-redis\dist\index.cjs:116:31)
    at new RedisStore (C:\Users\user\OneDrive\Desktop\CRM\backend\node_modules\rate-limit-redis\dist\index.cjs:96:30)
    at createRateLimiter (C:\Users\user\OneDrive\Desktop\CRM\backend\middleware\rateLimiter.js:12:16)
    at Object.<anonymous> (C:\Users\user\OneDrive\Desktop\CRM\backend\middleware\rateLimiter.js:65:21)
    at Module._compile (node:internal/modules/cjs/loader:1730:14)
    at Object..js (node:internal/modules/cjs/loader:1895:10)
    at Module.load (node:internal/modules/cjs/loader:1465:32)
2026-01-28 12:47:12: (node:1780) MaxListenersExceededWarning: Possible EventEmitter memory leak detected. 11 error listeners added to [DailyRotateFile]. MaxListeners is 10. Use emitter.setMaxListeners() to increase limit
(Use `node --trace-warnings ...` to show where the warning was created)
2026-01-28 12:47:12: (node:1780) MaxListenersExceededWarning: Possible EventEmitter memory leak detected. 11 finish listeners added to [DailyRotateFile]. MaxListeners is 10. Use emitter.setMaxListeners() to increase limit
Error: bind EADDRINUSE null:5000
    at listenOnPrimaryHandle (node:net:2020:18)
    at shared (node:internal/cluster/child:157:3)
    at Worker.<anonymous> (node:internal/cluster/child:110:7)
    at process.onInternalMessage (node:internal/cluster/utils:49:5)
    at process.emit (node:events:530:35)
    at emit (node:internal/child_process:949:14)
    at process.processTicksAndRejections (node:internal/process/task_queues:91:21)
You have triggered an unhandledRejection, you may have forgotten to catch a Promise rejection:
Error: NOAUTH Authentication required
    at #decodeSimpleError (C:\Users\user\OneDrive\Desktop\CRM\backend\node_modules\@redis\client\dist\lib\RESP\decoder.js:457:13)
    at #decodeTypeValue (C:\Users\user\OneDrive\Desktop\CRM\backend\node_modules\@redis\client\dist\lib\RESP\decoder.js:104:91)
    at Decoder.write (C:\Users\user\OneDrive\Desktop\CRM\backend\node_modules\@redis\client\dist\lib\RESP\decoder.js:74:38)
    at RedisSocket.<anonymous> (C:\Users\user\OneDrive\Desktop\CRM\backend\node_modules\@redis\client\dist\lib\client\index.js:437:37)
    at RedisSocket.emit (node:events:518:28)
    at Socket.<anonymous> (C:\Users\user\OneDrive\Desktop\CRM\backend\node_modules\@redis\client\dist\lib\client\socket.js:235:38)
    at Socket.emit (node:events:518:28)
    at addChunk (node:internal/streams/readable:561:12)
    at readableAddChunkPushByteMode (node:internal/streams/readable:512:3)
    at Readable.push (node:internal/streams/readable:392:5)
    at TCP.onStreamRead (node:internal/stream_base_commons:189:23)
You have triggered an unhandledRejection, you may have forgotten to catch a Promise rejection:
Error: NOAUTH Authentication required
    at #decodeSimpleError (C:\Users\user\OneDrive\Desktop\CRM\backend\node_modules\@redis\client\dist\lib\RESP\decoder.js:457:13)
    at #decodeTypeValue (C:\Users\user\OneDrive\Desktop\CRM\backend\node_modules\@redis\client\dist\lib\RESP\decoder.js:104:91)
    at Decoder.write (C:\Users\user\OneDrive\Desktop\CRM\backend\node_modules\@redis\client\dist\lib\RESP\decoder.js:74:38)
    at RedisSocket.<anonymous> (C:\Users\user\OneDrive\Desktop\CRM\backend\node_modules\@redis\client\dist\lib\client\index.js:437:37)
    at RedisSocket.emit (node:events:518:28)
    at Socket.<anonymous> (C:\Users\user\OneDrive\Desktop\CRM\backend\node_modules\@redis\client\dist\lib\client\socket.js:235:38)
    at Socket.emit (node:events:518:28)
    at addChunk (node:internal/streams/readable:561:12)
    at readableAddChunkPushByteMode (node:internal/streams/readable:512:3)
    at Readable.push (node:internal/streams/readable:392:5)
    at TCP.onStreamRead (node:internal/stream_base_commons:189:23)
You have triggered an unhandledRejection, you may have forgotten to catch a Promise rejection:
Error: The client is closed
    at Class.sendCommand (C:\Users\user\OneDrive\Desktop\CRM\backend\node_modules\@redis\client\dist\lib\client\index.js:639:35)
    at RedisStore.sendCommand (C:\Users\user\OneDrive\Desktop\CRM\backend\middleware\rateLimiter.js:13:49)
    at RedisStore.sendCommand (C:\Users\user\OneDrive\Desktop\CRM\backend\node_modules\rate-limit-redis\dist\index.cjs:85:49)
    at RedisStore.loadIncrementScript (C:\Users\user\OneDrive\Desktop\CRM\backend\node_modules\rate-limit-redis\dist\index.cjs:102:31)
    at new RedisStore (C:\Users\user\OneDrive\Desktop\CRM\backend\node_modules\rate-limit-redis\dist\index.cjs:95:36)
    at createRateLimiter (C:\Users\user\OneDrive\Desktop\CRM\backend\middleware\rateLimiter.js:12:16)
    at Object.<anonymous> (C:\Users\user\OneDrive\Desktop\CRM\backend\middleware\rateLimiter.js:32:21)
    at Module._compile (node:internal/modules/cjs/loader:1730:14)
    at Object..js (node:internal/modules/cjs/loader:1895:10)
    at Module.load (node:internal/modules/cjs/loader:1465:32)
You have triggered an unhandledRejection, you may have forgotten to catch a Promise rejection:
Error: The client is closed
    at Class.sendCommand (C:\Users\user\OneDrive\Desktop\CRM\backend\node_modules\@redis\client\dist\lib\client\index.js:639:35)
    at RedisStore.sendCommand (C:\Users\user\OneDrive\Desktop\CRM\backend\middleware\rateLimiter.js:13:49)
    at RedisStore.sendCommand (C:\Users\user\OneDrive\Desktop\CRM\backend\node_modules\rate-limit-redis\dist\index.cjs:85:49)
    at RedisStore.loadGetScript (C:\Users\user\OneDrive\Desktop\CRM\backend\node_modules\rate-limit-redis\dist\index.cjs:116:31)
    at new RedisStore (C:\Users\user\OneDrive\Desktop\CRM\backend\node_modules\rate-limit-redis\dist\index.cjs:96:30)
    at createRateLimiter (C:\Users\user\OneDrive\Desktop\CRM\backend\middleware\rateLimiter.js:12:16)
    at Object.<anonymous> (C:\Users\user\OneDrive\Desktop\CRM\backend\middleware\rateLimiter.js:32:21)
    at Module._compile (node:internal/modules/cjs/loader:1730:14)
    at Object..js (node:internal/modules/cjs/loader:1895:10)
    at Module.load (node:internal/modules/cjs/loader:1465:32)
You have triggered an unhandledRejection, you may have forgotten to catch a Promise rejection:
Error: The client is closed
    at Class.sendCommand (C:\Users\user\OneDrive\Desktop\CRM\backend\node_modules\@redis\client\dist\lib\client\index.js:639:35)
    at RedisStore.sendCommand (C:\Users\user\OneDrive\Desktop\CRM\backend\middleware\rateLimiter.js:13:49)
    at RedisStore.sendCommand (C:\Users\user\OneDrive\Desktop\CRM\backend\node_modules\rate-limit-redis\dist\index.cjs:85:49)
    at RedisStore.loadIncrementScript (C:\Users\user\OneDrive\Desktop\CRM\backend\node_modules\rate-limit-redis\dist\index.cjs:102:31)
    at new RedisStore (C:\Users\user\OneDrive\Desktop\CRM\backend\node_modules\rate-limit-redis\dist\index.cjs:95:36)
    at createRateLimiter (C:\Users\user\OneDrive\Desktop\CRM\backend\middleware\rateLimiter.js:12:16)
    at Object.<anonymous> (C:\Users\user\OneDrive\Desktop\CRM\backend\middleware\rateLimiter.js:41:20)
    at Module._compile (node:internal/modules/cjs/loader:1730:14)
    at Object..js (node:internal/modules/cjs/loader:1895:10)
    at Module.load (node:internal/modules/cjs/loader:1465:32)
You have triggered an unhandledRejection, you may have forgotten to catch a Promise rejection:
Error: The client is closed
    at Class.sendCommand (C:\Users\user\OneDrive\Desktop\CRM\backend\node_modules\@redis\client\dist\lib\client\index.js:639:35)
    at RedisStore.sendCommand (C:\Users\user\OneDrive\Desktop\CRM\backend\middleware\rateLimiter.js:13:49)
    at RedisStore.sendCommand (C:\Users\user\OneDrive\Desktop\CRM\backend\node_modules\rate-limit-redis\dist\index.cjs:85:49)
    at RedisStore.loadGetScript (C:\Users\user\OneDrive\Desktop\CRM\backend\node_modules\rate-limit-redis\dist\index.cjs:116:31)
    at new RedisStore (C:\Users\user\OneDrive\Desktop\CRM\backend\node_modules\rate-limit-redis\dist\index.cjs:96:30)
    at createRateLimiter (C:\Users\user\OneDrive\Desktop\CRM\backend\middleware\rateLimiter.js:12:16)
    at Object.<anonymous> (C:\Users\user\OneDrive\Desktop\CRM\backend\middleware\rateLimiter.js:41:20)
    at Module._compile (node:internal/modules/cjs/loader:1730:14)
    at Object..js (node:internal/modules/cjs/loader:1895:10)
    at Module.load (node:internal/modules/cjs/loader:1465:32)
You have triggered an unhandledRejection, you may have forgotten to catch a Promise rejection:
Error: The client is closed
    at Class.sendCommand (C:\Users\user\OneDrive\Desktop\CRM\backend\node_modules\@redis\client\dist\lib\client\index.js:639:35)
    at RedisStore.sendCommand (C:\Users\user\OneDrive\Desktop\CRM\backend\middleware\rateLimiter.js:13:49)
    at RedisStore.sendCommand (C:\Users\user\OneDrive\Desktop\CRM\backend\node_modules\rate-limit-redis\dist\index.cjs:85:49)
    at RedisStore.loadIncrementScript (C:\Users\user\OneDrive\Desktop\CRM\backend\node_modules\rate-limit-redis\dist\index.cjs:102:31)
    at new RedisStore (C:\Users\user\OneDrive\Desktop\CRM\backend\node_modules\rate-limit-redis\dist\index.cjs:95:36)
    at createRateLimiter (C:\Users\user\OneDrive\Desktop\CRM\backend\middleware\rateLimiter.js:12:16)
    at Object.<anonymous> (C:\Users\user\OneDrive\Desktop\CRM\backend\middleware\rateLimiter.js:49:23)
    at Module._compile (node:internal/modules/cjs/loader:1730:14)
    at Object..js (node:internal/modules/cjs/loader:1895:10)
    at Module.load (node:internal/modules/cjs/loader:1465:32)
You have triggered an unhandledRejection, you may have forgotten to catch a Promise rejection:
Error: The client is closed
    at Class.sendCommand (C:\Users\user\OneDrive\Desktop\CRM\backend\node_modules\@redis\client\dist\lib\client\index.js:639:35)
    at RedisStore.sendCommand (C:\Users\user\OneDrive\Desktop\CRM\backend\middleware\rateLimiter.js:13:49)
    at RedisStore.sendCommand (C:\Users\user\OneDrive\Desktop\CRM\backend\node_modules\rate-limit-redis\dist\index.cjs:85:49)
    at RedisStore.loadGetScript (C:\Users\user\OneDrive\Desktop\CRM\backend\node_modules\rate-limit-redis\dist\index.cjs:116:31)
    at new RedisStore (C:\Users\user\OneDrive\Desktop\CRM\backend\node_modules\rate-limit-redis\dist\index.cjs:96:30)
    at createRateLimiter (C:\Users\user\OneDrive\Desktop\CRM\backend\middleware\rateLimiter.js:12:16)
    at Object.<anonymous> (C:\Users\user\OneDrive\Desktop\CRM\backend\middleware\rateLimiter.js:49:23)
    at Module._compile (node:internal/modules/cjs/loader:1730:14)
    at Object..js (node:internal/modules/cjs/loader:1895:10)
    at Module.load (node:internal/modules/cjs/loader:1465:32)
You have triggered an unhandledRejection, you may have forgotten to catch a Promise rejection:
Error: The client is closed
    at Class.sendCommand (C:\Users\user\OneDrive\Desktop\CRM\backend\node_modules\@redis\client\dist\lib\client\index.js:639:35)
    at RedisStore.sendCommand (C:\Users\user\OneDrive\Desktop\CRM\backend\middleware\rateLimiter.js:13:49)
    at RedisStore.sendCommand (C:\Users\user\OneDrive\Desktop\CRM\backend\node_modules\rate-limit-redis\dist\index.cjs:85:49)
    at RedisStore.loadIncrementScript (C:\Users\user\OneDrive\Desktop\CRM\backend\node_modules\rate-limit-redis\dist\index.cjs:102:31)
    at new RedisStore (C:\Users\user\OneDrive\Desktop\CRM\backend\node_modules\rate-limit-redis\dist\index.cjs:95:36)
    at createRateLimiter (C:\Users\user\OneDrive\Desktop\CRM\backend\middleware\rateLimiter.js:12:16)
    at Object.<anonymous> (C:\Users\user\OneDrive\Desktop\CRM\backend\middleware\rateLimiter.js:57:25)
    at Module._compile (node:internal/modules/cjs/loader:1730:14)
    at Object..js (node:internal/modules/cjs/loader:1895:10)
    at Module.load (node:internal/modules/cjs/loader:1465:32)
You have triggered an unhandledRejection, you may have forgotten to catch a Promise rejection:
Error: The client is closed
    at Class.sendCommand (C:\Users\user\OneDrive\Desktop\CRM\backend\node_modules\@redis\client\dist\lib\client\index.js:639:35)
    at RedisStore.sendCommand (C:\Users\user\OneDrive\Desktop\CRM\backend\middleware\rateLimiter.js:13:49)
    at RedisStore.sendCommand (C:\Users\user\OneDrive\Desktop\CRM\backend\node_modules\rate-limit-redis\dist\index.cjs:85:49)
    at RedisStore.loadGetScript (C:\Users\user\OneDrive\Desktop\CRM\backend\node_modules\rate-limit-redis\dist\index.cjs:116:31)
    at new RedisStore (C:\Users\user\OneDrive\Desktop\CRM\backend\node_modules\rate-limit-redis\dist\index.cjs:96:30)
    at createRateLimiter (C:\Users\user\OneDrive\Desktop\CRM\backend\middleware\rateLimiter.js:12:16)
    at Object.<anonymous> (C:\Users\user\OneDrive\Desktop\CRM\backend\middleware\rateLimiter.js:57:25)
    at Module._compile (node:internal/modules/cjs/loader:1730:14)
    at Object..js (node:internal/modules/cjs/loader:1895:10)
    at Module.load (node:internal/modules/cjs/loader:1465:32)
You have triggered an unhandledRejection, you may have forgotten to catch a Promise rejection:
Error: The client is closed
    at Class.sendCommand (C:\Users\user\OneDrive\Desktop\CRM\backend\node_modules\@redis\client\dist\lib\client\index.js:639:35)
    at RedisStore.sendCommand (C:\Users\user\OneDrive\Desktop\CRM\backend\middleware\rateLimiter.js:13:49)
    at RedisStore.sendCommand (C:\Users\user\OneDrive\Desktop\CRM\backend\node_modules\rate-limit-redis\dist\index.cjs:85:49)
    at RedisStore.loadIncrementScript (C:\Users\user\OneDrive\Desktop\CRM\backend\node_modules\rate-limit-redis\dist\index.cjs:102:31)
    at new RedisStore (C:\Users\user\OneDrive\Desktop\CRM\backend\node_modules\rate-limit-redis\dist\index.cjs:95:36)
    at createRateLimiter (C:\Users\user\OneDrive\Desktop\CRM\backend\middleware\rateLimiter.js:12:16)
    at Object.<anonymous> (C:\Users\user\OneDrive\Desktop\CRM\backend\middleware\rateLimiter.js:65:21)
    at Module._compile (node:internal/modules/cjs/loader:1730:14)
    at Object..js (node:internal/modules/cjs/loader:1895:10)
    at Module.load (node:internal/modules/cjs/loader:1465:32)
You have triggered an unhandledRejection, you may have forgotten to catch a Promise rejection:
Error: The client is closed
    at Class.sendCommand (C:\Users\user\OneDrive\Desktop\CRM\backend\node_modules\@redis\client\dist\lib\client\index.js:639:35)
    at RedisStore.sendCommand (C:\Users\user\OneDrive\Desktop\CRM\backend\middleware\rateLimiter.js:13:49)
    at RedisStore.sendCommand (C:\Users\user\OneDrive\Desktop\CRM\backend\node_modules\rate-limit-redis\dist\index.cjs:85:49)
    at RedisStore.loadGetScript (C:\Users\user\OneDrive\Desktop\CRM\backend\node_modules\rate-limit-redis\dist\index.cjs:116:31)
    at new RedisStore (C:\Users\user\OneDrive\Desktop\CRM\backend\node_modules\rate-limit-redis\dist\index.cjs:96:30)
    at createRateLimiter (C:\Users\user\OneDrive\Desktop\CRM\backend\middleware\rateLimiter.js:12:16)
    at Object.<anonymous> (C:\Users\user\OneDrive\Desktop\CRM\backend\middleware\rateLimiter.js:65:21)
    at Module._compile (node:internal/modules/cjs/loader:1730:14)
    at Object..js (node:internal/modules/cjs/loader:1895:10)
    at Module.load (node:internal/modules/cjs/loader:1465:32)
2026-01-28 12:47:27: (node:13772) MaxListenersExceededWarning: Possible EventEmitter memory leak detected. 11 error listeners added to [DailyRotateFile]. MaxListeners is 10. Use emitter.setMaxListeners() to increase limit
(Use `node --trace-warnings ...` to show where the warning was created)
2026-01-28 12:47:27: (node:13772) MaxListenersExceededWarning: Possible EventEmitter memory leak detected. 11 finish listeners added to [DailyRotateFile]. MaxListeners is 10. Use emitter.setMaxListeners() to increase limit
Error: bind EADDRINUSE null:5000
    at listenOnPrimaryHandle (node:net:2020:18)
    at shared (node:internal/cluster/child:157:3)
    at Worker.<anonymous> (node:internal/cluster/child:110:7)
    at process.onInternalMessage (node:internal/cluster/utils:49:5)
    at process.emit (node:events:530:35)
    at emit (node:internal/child_process:949:14)
    at process.processTicksAndRejections (node:internal/process/task_queues:91:21)
You have triggered an unhandledRejection, you may have forgotten to catch a Promise rejection:
Error: NOAUTH Authentication required
    at #decodeSimpleError (C:\Users\user\OneDrive\Desktop\CRM\backend\node_modules\@redis\client\dist\lib\RESP\decoder.js:457:13)
    at #decodeTypeValue (C:\Users\user\OneDrive\Desktop\CRM\backend\node_modules\@redis\client\dist\lib\RESP\decoder.js:104:91)
    at Decoder.write (C:\Users\user\OneDrive\Desktop\CRM\backend\node_modules\@redis\client\dist\lib\RESP\decoder.js:74:38)
    at RedisSocket.<anonymous> (C:\Users\user\OneDrive\Desktop\CRM\backend\node_modules\@redis\client\dist\lib\client\index.js:437:37)
    at RedisSocket.emit (node:events:518:28)
    at Socket.<anonymous> (C:\Users\user\OneDrive\Desktop\CRM\backend\node_modules\@redis\client\dist\lib\client\socket.js:235:38)
    at Socket.emit (node:events:518:28)
    at addChunk (node:internal/streams/readable:561:12)
    at readableAddChunkPushByteMode (node:internal/streams/readable:512:3)
    at Readable.push (node:internal/streams/readable:392:5)
    at TCP.onStreamRead (node:internal/stream_base_commons:189:23)
You have triggered an unhandledRejection, you may have forgotten to catch a Promise rejection:
Error: NOAUTH Authentication required
    at #decodeSimpleError (C:\Users\user\OneDrive\Desktop\CRM\backend\node_modules\@redis\client\dist\lib\RESP\decoder.js:457:13)
    at #decodeTypeValue (C:\Users\user\OneDrive\Desktop\CRM\backend\node_modules\@redis\client\dist\lib\RESP\decoder.js:104:91)
    at Decoder.write (C:\Users\user\OneDrive\Desktop\CRM\backend\node_modules\@redis\client\dist\lib\RESP\decoder.js:74:38)
    at RedisSocket.<anonymous> (C:\Users\user\OneDrive\Desktop\CRM\backend\node_modules\@redis\client\dist\lib\client\index.js:437:37)
    at RedisSocket.emit (node:events:518:28)
    at Socket.<anonymous> (C:\Users\user\OneDrive\Desktop\CRM\backend\node_modules\@redis\client\dist\lib\client\socket.js:235:38)
    at Socket.emit (node:events:518:28)
    at addChunk (node:internal/streams/readable:561:12)
    at readableAddChunkPushByteMode (node:internal/streams/readable:512:3)
    at Readable.push (node:internal/streams/readable:392:5)
    at TCP.onStreamRead (node:internal/stream_base_commons:189:23)
You have triggered an unhandledRejection, you may have forgotten to catch a Promise rejection:
Error: The client is closed
    at Class.sendCommand (C:\Users\user\OneDrive\Desktop\CRM\backend\node_modules\@redis\client\dist\lib\client\index.js:639:35)
    at RedisStore.sendCommand (C:\Users\user\OneDrive\Desktop\CRM\backend\middleware\rateLimiter.js:13:49)
    at RedisStore.sendCommand (C:\Users\user\OneDrive\Desktop\CRM\backend\node_modules\rate-limit-redis\dist\index.cjs:85:49)
    at RedisStore.loadIncrementScript (C:\Users\user\OneDrive\Desktop\CRM\backend\node_modules\rate-limit-redis\dist\index.cjs:102:31)
    at new RedisStore (C:\Users\user\OneDrive\Desktop\CRM\backend\node_modules\rate-limit-redis\dist\index.cjs:95:36)
    at createRateLimiter (C:\Users\user\OneDrive\Desktop\CRM\backend\middleware\rateLimiter.js:12:16)
    at Object.<anonymous> (C:\Users\user\OneDrive\Desktop\CRM\backend\middleware\rateLimiter.js:32:21)
    at Module._compile (node:internal/modules/cjs/loader:1730:14)
    at Object..js (node:internal/modules/cjs/loader:1895:10)
    at Module.load (node:internal/modules/cjs/loader:1465:32)
You have triggered an unhandledRejection, you may have forgotten to catch a Promise rejection:
Error: The client is closed
    at Class.sendCommand (C:\Users\user\OneDrive\Desktop\CRM\backend\node_modules\@redis\client\dist\lib\client\index.js:639:35)
    at RedisStore.sendCommand (C:\Users\user\OneDrive\Desktop\CRM\backend\middleware\rateLimiter.js:13:49)
    at RedisStore.sendCommand (C:\Users\user\OneDrive\Desktop\CRM\backend\node_modules\rate-limit-redis\dist\index.cjs:85:49)
    at RedisStore.loadGetScript (C:\Users\user\OneDrive\Desktop\CRM\backend\node_modules\rate-limit-redis\dist\index.cjs:116:31)
    at new RedisStore (C:\Users\user\OneDrive\Desktop\CRM\backend\node_modules\rate-limit-redis\dist\index.cjs:96:30)
    at createRateLimiter (C:\Users\user\OneDrive\Desktop\CRM\backend\middleware\rateLimiter.js:12:16)
    at Object.<anonymous> (C:\Users\user\OneDrive\Desktop\CRM\backend\middleware\rateLimiter.js:32:21)
    at Module._compile (node:internal/modules/cjs/loader:1730:14)
    at Object..js (node:internal/modules/cjs/loader:1895:10)
    at Module.load (node:internal/modules/cjs/loader:1465:32)
You have triggered an unhandledRejection, you may have forgotten to catch a Promise rejection:
Error: The client is closed
    at Class.sendCommand (C:\Users\user\OneDrive\Desktop\CRM\backend\node_modules\@redis\client\dist\lib\client\index.js:639:35)
    at RedisStore.sendCommand (C:\Users\user\OneDrive\Desktop\CRM\backend\middleware\rateLimiter.js:13:49)
    at RedisStore.sendCommand (C:\Users\user\OneDrive\Desktop\CRM\backend\node_modules\rate-limit-redis\dist\index.cjs:85:49)
    at RedisStore.loadIncrementScript (C:\Users\user\OneDrive\Desktop\CRM\backend\node_modules\rate-limit-redis\dist\index.cjs:102:31)
    at new RedisStore (C:\Users\user\OneDrive\Desktop\CRM\backend\node_modules\rate-limit-redis\dist\index.cjs:95:36)
    at createRateLimiter (C:\Users\user\OneDrive\Desktop\CRM\backend\middleware\rateLimiter.js:12:16)
    at Object.<anonymous> (C:\Users\user\OneDrive\Desktop\CRM\backend\middleware\rateLimiter.js:41:20)
    at Module._compile (node:internal/modules/cjs/loader:1730:14)
    at Object..js (node:internal/modules/cjs/loader:1895:10)
    at Module.load (node:internal/modules/cjs/loader:1465:32)
You have triggered an unhandledRejection, you may have forgotten to catch a Promise rejection:
Error: The client is closed
    at Class.sendCommand (C:\Users\user\OneDrive\Desktop\CRM\backend\node_modules\@redis\client\dist\lib\client\index.js:639:35)
    at RedisStore.sendCommand (C:\Users\user\OneDrive\Desktop\CRM\backend\middleware\rateLimiter.js:13:49)
    at RedisStore.sendCommand (C:\Users\user\OneDrive\Desktop\CRM\backend\node_modules\rate-limit-redis\dist\index.cjs:85:49)
    at RedisStore.loadGetScript (C:\Users\user\OneDrive\Desktop\CRM\backend\node_modules\rate-limit-redis\dist\index.cjs:116:31)
    at new RedisStore (C:\Users\user\OneDrive\Desktop\CRM\backend\node_modules\rate-limit-redis\dist\index.cjs:96:30)
    at createRateLimiter (C:\Users\user\OneDrive\Desktop\CRM\backend\middleware\rateLimiter.js:12:16)
    at Object.<anonymous> (C:\Users\user\OneDrive\Desktop\CRM\backend\middleware\rateLimiter.js:41:20)
    at Module._compile (node:internal/modules/cjs/loader:1730:14)
    at Object..js (node:internal/modules/cjs/loader:1895:10)
    at Module.load (node:internal/modules/cjs/loader:1465:32)
You have triggered an unhandledRejection, you may have forgotten to catch a Promise rejection:
Error: The client is closed
    at Class.sendCommand (C:\Users\user\OneDrive\Desktop\CRM\backend\node_modules\@redis\client\dist\lib\client\index.js:639:35)
    at RedisStore.sendCommand (C:\Users\user\OneDrive\Desktop\CRM\backend\middleware\rateLimiter.js:13:49)
    at RedisStore.sendCommand (C:\Users\user\OneDrive\Desktop\CRM\backend\node_modules\rate-limit-redis\dist\index.cjs:85:49)
    at RedisStore.loadIncrementScript (C:\Users\user\OneDrive\Desktop\CRM\backend\node_modules\rate-limit-redis\dist\index.cjs:102:31)
    at new RedisStore (C:\Users\user\OneDrive\Desktop\CRM\backend\node_modules\rate-limit-redis\dist\index.cjs:95:36)
    at createRateLimiter (C:\Users\user\OneDrive\Desktop\CRM\backend\middleware\rateLimiter.js:12:16)
    at Object.<anonymous> (C:\Users\user\OneDrive\Desktop\CRM\backend\middleware\rateLimiter.js:49:23)
    at Module._compile (node:internal/modules/cjs/loader:1730:14)
    at Object..js (node:internal/modules/cjs/loader:1895:10)
    at Module.load (node:internal/modules/cjs/loader:1465:32)
You have triggered an unhandledRejection, you may have forgotten to catch a Promise rejection:
Error: The client is closed
    at Class.sendCommand (C:\Users\user\OneDrive\Desktop\CRM\backend\node_modules\@redis\client\dist\lib\client\index.js:639:35)
    at RedisStore.sendCommand (C:\Users\user\OneDrive\Desktop\CRM\backend\middleware\rateLimiter.js:13:49)
    at RedisStore.sendCommand (C:\Users\user\OneDrive\Desktop\CRM\backend\node_modules\rate-limit-redis\dist\index.cjs:85:49)
    at RedisStore.loadGetScript (C:\Users\user\OneDrive\Desktop\CRM\backend\node_modules\rate-limit-redis\dist\index.cjs:116:31)
    at new RedisStore (C:\Users\user\OneDrive\Desktop\CRM\backend\node_modules\rate-limit-redis\dist\index.cjs:96:30)
    at createRateLimiter (C:\Users\user\OneDrive\Desktop\CRM\backend\middleware\rateLimiter.js:12:16)
    at Object.<anonymous> (C:\Users\user\OneDrive\Desktop\CRM\backend\middleware\rateLimiter.js:49:23)
    at Module._compile (node:internal/modules/cjs/loader:1730:14)
    at Object..js (node:internal/modules/cjs/loader:1895:10)
    at Module.load (node:internal/modules/cjs/loader:1465:32)
You have triggered an unhandledRejection, you may have forgotten to catch a Promise rejection:
Error: The client is closed
    at Class.sendCommand (C:\Users\user\OneDrive\Desktop\CRM\backend\node_modules\@redis\client\dist\lib\client\index.js:639:35)
    at RedisStore.sendCommand (C:\Users\user\OneDrive\Desktop\CRM\backend\middleware\rateLimiter.js:13:49)
    at RedisStore.sendCommand (C:\Users\user\OneDrive\Desktop\CRM\backend\node_modules\rate-limit-redis\dist\index.cjs:85:49)
    at RedisStore.loadIncrementScript (C:\Users\user\OneDrive\Desktop\CRM\backend\node_modules\rate-limit-redis\dist\index.cjs:102:31)
    at new RedisStore (C:\Users\user\OneDrive\Desktop\CRM\backend\node_modules\rate-limit-redis\dist\index.cjs:95:36)
    at createRateLimiter (C:\Users\user\OneDrive\Desktop\CRM\backend\middleware\rateLimiter.js:12:16)
    at Object.<anonymous> (C:\Users\user\OneDrive\Desktop\CRM\backend\middleware\rateLimiter.js:57:25)
    at Module._compile (node:internal/modules/cjs/loader:1730:14)
    at Object..js (node:internal/modules/cjs/loader:1895:10)
    at Module.load (node:internal/modules/cjs/loader:1465:32)
You have triggered an unhandledRejection, you may have forgotten to catch a Promise rejection:
Error: The client is closed
    at Class.sendCommand (C:\Users\user\OneDrive\Desktop\CRM\backend\node_modules\@redis\client\dist\lib\client\index.js:639:35)
    at RedisStore.sendCommand (C:\Users\user\OneDrive\Desktop\CRM\backend\middleware\rateLimiter.js:13:49)
    at RedisStore.sendCommand (C:\Users\user\OneDrive\Desktop\CRM\backend\node_modules\rate-limit-redis\dist\index.cjs:85:49)
    at RedisStore.loadGetScript (C:\Users\user\OneDrive\Desktop\CRM\backend\node_modules\rate-limit-redis\dist\index.cjs:116:31)
    at new RedisStore (C:\Users\user\OneDrive\Desktop\CRM\backend\node_modules\rate-limit-redis\dist\index.cjs:96:30)
    at createRateLimiter (C:\Users\user\OneDrive\Desktop\CRM\backend\middleware\rateLimiter.js:12:16)
    at Object.<anonymous> (C:\Users\user\OneDrive\Desktop\CRM\backend\middleware\rateLimiter.js:57:25)
    at Module._compile (node:internal/modules/cjs/loader:1730:14)
    at Object..js (node:internal/modules/cjs/loader:1895:10)
    at Module.load (node:internal/modules/cjs/loader:1465:32)
You have triggered an unhandledRejection, you may have forgotten to catch a Promise rejection:
Error: The client is closed
    at Class.sendCommand (C:\Users\user\OneDrive\Desktop\CRM\backend\node_modules\@redis\client\dist\lib\client\index.js:639:35)
    at RedisStore.sendCommand (C:\Users\user\OneDrive\Desktop\CRM\backend\middleware\rateLimiter.js:13:49)
    at RedisStore.sendCommand (C:\Users\user\OneDrive\Desktop\CRM\backend\node_modules\rate-limit-redis\dist\index.cjs:85:49)
    at RedisStore.loadIncrementScript (C:\Users\user\OneDrive\Desktop\CRM\backend\node_modules\rate-limit-redis\dist\index.cjs:102:31)
    at new RedisStore (C:\Users\user\OneDrive\Desktop\CRM\backend\node_modules\rate-limit-redis\dist\index.cjs:95:36)
    at createRateLimiter (C:\Users\user\OneDrive\Desktop\CRM\backend\middleware\rateLimiter.js:12:16)
    at Object.<anonymous> (C:\Users\user\OneDrive\Desktop\CRM\backend\middleware\rateLimiter.js:65:21)
    at Module._compile (node:internal/modules/cjs/loader:1730:14)
    at Object..js (node:internal/modules/cjs/loader:1895:10)
    at Module.load (node:internal/modules/cjs/loader:1465:32)
You have triggered an unhandledRejection, you may have forgotten to catch a Promise rejection:
Error: The client is closed
    at Class.sendCommand (C:\Users\user\OneDrive\Desktop\CRM\backend\node_modules\@redis\client\dist\lib\client\index.js:639:35)
    at RedisStore.sendCommand (C:\Users\user\OneDrive\Desktop\CRM\backend\middleware\rateLimiter.js:13:49)
    at RedisStore.sendCommand (C:\Users\user\OneDrive\Desktop\CRM\backend\node_modules\rate-limit-redis\dist\index.cjs:85:49)
    at RedisStore.loadGetScript (C:\Users\user\OneDrive\Desktop\CRM\backend\node_modules\rate-limit-redis\dist\index.cjs:116:31)
    at new RedisStore (C:\Users\user\OneDrive\Desktop\CRM\backend\node_modules\rate-limit-redis\dist\index.cjs:96:30)
    at createRateLimiter (C:\Users\user\OneDrive\Desktop\CRM\backend\middleware\rateLimiter.js:12:16)
    at Object.<anonymous> (C:\Users\user\OneDrive\Desktop\CRM\backend\middleware\rateLimiter.js:65:21)
    at Module._compile (node:internal/modules/cjs/loader:1730:14)
    at Object..js (node:internal/modules/cjs/loader:1895:10)
    at Module.load (node:internal/modules/cjs/loader:1465:32)
2026-01-28 12:47:39: (node:14576) MaxListenersExceededWarning: Possible EventEmitter memory leak detected. 11 error listeners added to [DailyRotateFile]. MaxListeners is 10. Use emitter.setMaxListeners() to increase limit
(Use `node --trace-warnings ...` to show where the warning was created)
2026-01-28 12:47:39: (node:14576) MaxListenersExceededWarning: Possible EventEmitter memory leak detected. 11 finish listeners added to [DailyRotateFile]. MaxListeners is 10. Use emitter.setMaxListeners() to increase limit
Error: bind EADDRINUSE null:5000
    at listenOnPrimaryHandle (node:net:2020:18)
    at shared (node:internal/cluster/child:157:3)
    at Worker.<anonymous> (node:internal/cluster/child:110:7)
    at process.onInternalMessage (node:internal/cluster/utils:49:5)
    at process.emit (node:events:530:35)
    at emit (node:internal/child_process:949:14)
    at process.processTicksAndRejections (node:internal/process/task_queues:91:21)
You have triggered an unhandledRejection, you may have forgotten to catch a Promise rejection:
Error: NOAUTH Authentication required
    at #decodeSimpleError (C:\Users\user\OneDrive\Desktop\CRM\backend\node_modules\@redis\client\dist\lib\RESP\decoder.js:457:13)
    at #decodeTypeValue (C:\Users\user\OneDrive\Desktop\CRM\backend\node_modules\@redis\client\dist\lib\RESP\decoder.js:104:91)
    at Decoder.write (C:\Users\user\OneDrive\Desktop\CRM\backend\node_modules\@redis\client\dist\lib\RESP\decoder.js:74:38)
    at RedisSocket.<anonymous> (C:\Users\user\OneDrive\Desktop\CRM\backend\node_modules\@redis\client\dist\lib\client\index.js:437:37)
    at RedisSocket.emit (node:events:518:28)
    at Socket.<anonymous> (C:\Users\user\OneDrive\Desktop\CRM\backend\node_modules\@redis\client\dist\lib\client\socket.js:235:38)
    at Socket.emit (node:events:518:28)
    at addChunk (node:internal/streams/readable:561:12)
    at readableAddChunkPushByteMode (node:internal/streams/readable:512:3)
    at Readable.push (node:internal/streams/readable:392:5)
    at TCP.onStreamRead (node:internal/stream_base_commons:189:23)
You have triggered an unhandledRejection, you may have forgotten to catch a Promise rejection:
Error: NOAUTH Authentication required
    at #decodeSimpleError (C:\Users\user\OneDrive\Desktop\CRM\backend\node_modules\@redis\client\dist\lib\RESP\decoder.js:457:13)
    at #decodeTypeValue (C:\Users\user\OneDrive\Desktop\CRM\backend\node_modules\@redis\client\dist\lib\RESP\decoder.js:104:91)
    at Decoder.write (C:\Users\user\OneDrive\Desktop\CRM\backend\node_modules\@redis\client\dist\lib\RESP\decoder.js:74:38)
    at RedisSocket.<anonymous> (C:\Users\user\OneDrive\Desktop\CRM\backend\node_modules\@redis\client\dist\lib\client\index.js:437:37)
    at RedisSocket.emit (node:events:518:28)
    at Socket.<anonymous> (C:\Users\user\OneDrive\Desktop\CRM\backend\node_modules\@redis\client\dist\lib\client\socket.js:235:38)
    at Socket.emit (node:events:518:28)
    at addChunk (node:internal/streams/readable:561:12)
    at readableAddChunkPushByteMode (node:internal/streams/readable:512:3)
    at Readable.push (node:internal/streams/readable:392:5)
    at TCP.onStreamRead (node:internal/stream_base_commons:189:23)
You have triggered an unhandledRejection, you may have forgotten to catch a Promise rejection:
Error: The client is closed
    at Class.sendCommand (C:\Users\user\OneDrive\Desktop\CRM\backend\node_modules\@redis\client\dist\lib\client\index.js:639:35)
    at RedisStore.sendCommand (C:\Users\user\OneDrive\Desktop\CRM\backend\middleware\rateLimiter.js:13:49)
    at RedisStore.sendCommand (C:\Users\user\OneDrive\Desktop\CRM\backend\node_modules\rate-limit-redis\dist\index.cjs:85:49)
    at RedisStore.loadIncrementScript (C:\Users\user\OneDrive\Desktop\CRM\backend\node_modules\rate-limit-redis\dist\index.cjs:102:31)
    at new RedisStore (C:\Users\user\OneDrive\Desktop\CRM\backend\node_modules\rate-limit-redis\dist\index.cjs:95:36)
    at createRateLimiter (C:\Users\user\OneDrive\Desktop\CRM\backend\middleware\rateLimiter.js:12:16)
    at Object.<anonymous> (C:\Users\user\OneDrive\Desktop\CRM\backend\middleware\rateLimiter.js:32:21)
    at Module._compile (node:internal/modules/cjs/loader:1730:14)
    at Object..js (node:internal/modules/cjs/loader:1895:10)
    at Module.load (node:internal/modules/cjs/loader:1465:32)
You have triggered an unhandledRejection, you may have forgotten to catch a Promise rejection:
Error: The client is closed
    at Class.sendCommand (C:\Users\user\OneDrive\Desktop\CRM\backend\node_modules\@redis\client\dist\lib\client\index.js:639:35)
    at RedisStore.sendCommand (C:\Users\user\OneDrive\Desktop\CRM\backend\middleware\rateLimiter.js:13:49)
    at RedisStore.sendCommand (C:\Users\user\OneDrive\Desktop\CRM\backend\node_modules\rate-limit-redis\dist\index.cjs:85:49)
    at RedisStore.loadGetScript (C:\Users\user\OneDrive\Desktop\CRM\backend\node_modules\rate-limit-redis\dist\index.cjs:116:31)
    at new RedisStore (C:\Users\user\OneDrive\Desktop\CRM\backend\node_modules\rate-limit-redis\dist\index.cjs:96:30)
    at createRateLimiter (C:\Users\user\OneDrive\Desktop\CRM\backend\middleware\rateLimiter.js:12:16)
    at Object.<anonymous> (C:\Users\user\OneDrive\Desktop\CRM\backend\middleware\rateLimiter.js:32:21)
    at Module._compile (node:internal/modules/cjs/loader:1730:14)
    at Object..js (node:internal/modules/cjs/loader:1895:10)
    at Module.load (node:internal/modules/cjs/loader:1465:32)
You have triggered an unhandledRejection, you may have forgotten to catch a Promise rejection:
Error: The client is closed
    at Class.sendCommand (C:\Users\user\OneDrive\Desktop\CRM\backend\node_modules\@redis\client\dist\lib\client\index.js:639:35)
    at RedisStore.sendCommand (C:\Users\user\OneDrive\Desktop\CRM\backend\middleware\rateLimiter.js:13:49)
    at RedisStore.sendCommand (C:\Users\user\OneDrive\Desktop\CRM\backend\node_modules\rate-limit-redis\dist\index.cjs:85:49)
    at RedisStore.loadIncrementScript (C:\Users\user\OneDrive\Desktop\CRM\backend\node_modules\rate-limit-redis\dist\index.cjs:102:31)
    at new RedisStore (C:\Users\user\OneDrive\Desktop\CRM\backend\node_modules\rate-limit-redis\dist\index.cjs:95:36)
    at createRateLimiter (C:\Users\user\OneDrive\Desktop\CRM\backend\middleware\rateLimiter.js:12:16)
    at Object.<anonymous> (C:\Users\user\OneDrive\Desktop\CRM\backend\middleware\rateLimiter.js:41:20)
    at Module._compile (node:internal/modules/cjs/loader:1730:14)
    at Object..js (node:internal/modules/cjs/loader:1895:10)
    at Module.load (node:internal/modules/cjs/loader:1465:32)
You have triggered an unhandledRejection, you may have forgotten to catch a Promise rejection:
Error: The client is closed
    at Class.sendCommand (C:\Users\user\OneDrive\Desktop\CRM\backend\node_modules\@redis\client\dist\lib\client\index.js:639:35)
    at RedisStore.sendCommand (C:\Users\user\OneDrive\Desktop\CRM\backend\middleware\rateLimiter.js:13:49)
    at RedisStore.sendCommand (C:\Users\user\OneDrive\Desktop\CRM\backend\node_modules\rate-limit-redis\dist\index.cjs:85:49)
    at RedisStore.loadGetScript (C:\Users\user\OneDrive\Desktop\CRM\backend\node_modules\rate-limit-redis\dist\index.cjs:116:31)
    at new RedisStore (C:\Users\user\OneDrive\Desktop\CRM\backend\node_modules\rate-limit-redis\dist\index.cjs:96:30)
    at createRateLimiter (C:\Users\user\OneDrive\Desktop\CRM\backend\middleware\rateLimiter.js:12:16)
    at Object.<anonymous> (C:\Users\user\OneDrive\Desktop\CRM\backend\middleware\rateLimiter.js:41:20)
    at Module._compile (node:internal/modules/cjs/loader:1730:14)
    at Object..js (node:internal/modules/cjs/loader:1895:10)
    at Module.load (node:internal/modules/cjs/loader:1465:32)
You have triggered an unhandledRejection, you may have forgotten to catch a Promise rejection:
Error: The client is closed
    at Class.sendCommand (C:\Users\user\OneDrive\Desktop\CRM\backend\node_modules\@redis\client\dist\lib\client\index.js:639:35)
    at RedisStore.sendCommand (C:\Users\user\OneDrive\Desktop\CRM\backend\middleware\rateLimiter.js:13:49)
    at RedisStore.sendCommand (C:\Users\user\OneDrive\Desktop\CRM\backend\node_modules\rate-limit-redis\dist\index.cjs:85:49)
    at RedisStore.loadIncrementScript (C:\Users\user\OneDrive\Desktop\CRM\backend\node_modules\rate-limit-redis\dist\index.cjs:102:31)
    at new RedisStore (C:\Users\user\OneDrive\Desktop\CRM\backend\node_modules\rate-limit-redis\dist\index.cjs:95:36)
    at createRateLimiter (C:\Users\user\OneDrive\Desktop\CRM\backend\middleware\rateLimiter.js:12:16)
    at Object.<anonymous> (C:\Users\user\OneDrive\Desktop\CRM\backend\middleware\rateLimiter.js:49:23)
    at Module._compile (node:internal/modules/cjs/loader:1730:14)
    at Object..js (node:internal/modules/cjs/loader:1895:10)
    at Module.load (node:internal/modules/cjs/loader:1465:32)
You have triggered an unhandledRejection, you may have forgotten to catch a Promise rejection:
Error: The client is closed
    at Class.sendCommand (C:\Users\user\OneDrive\Desktop\CRM\backend\node_modules\@redis\client\dist\lib\client\index.js:639:35)
    at RedisStore.sendCommand (C:\Users\user\OneDrive\Desktop\CRM\backend\middleware\rateLimiter.js:13:49)
    at RedisStore.sendCommand (C:\Users\user\OneDrive\Desktop\CRM\backend\node_modules\rate-limit-redis\dist\index.cjs:85:49)
    at RedisStore.loadGetScript (C:\Users\user\OneDrive\Desktop\CRM\backend\node_modules\rate-limit-redis\dist\index.cjs:116:31)
    at new RedisStore (C:\Users\user\OneDrive\Desktop\CRM\backend\node_modules\rate-limit-redis\dist\index.cjs:96:30)
    at createRateLimiter (C:\Users\user\OneDrive\Desktop\CRM\backend\middleware\rateLimiter.js:12:16)
    at Object.<anonymous> (C:\Users\user\OneDrive\Desktop\CRM\backend\middleware\rateLimiter.js:49:23)
    at Module._compile (node:internal/modules/cjs/loader:1730:14)
    at Object..js (node:internal/modules/cjs/loader:1895:10)
    at Module.load (node:internal/modules/cjs/loader:1465:32)
You have triggered an unhandledRejection, you may have forgotten to catch a Promise rejection:
Error: The client is closed
    at Class.sendCommand (C:\Users\user\OneDrive\Desktop\CRM\backend\node_modules\@redis\client\dist\lib\client\index.js:639:35)
    at RedisStore.sendCommand (C:\Users\user\OneDrive\Desktop\CRM\backend\middleware\rateLimiter.js:13:49)
    at RedisStore.sendCommand (C:\Users\user\OneDrive\Desktop\CRM\backend\node_modules\rate-limit-redis\dist\index.cjs:85:49)
    at RedisStore.loadIncrementScript (C:\Users\user\OneDrive\Desktop\CRM\backend\node_modules\rate-limit-redis\dist\index.cjs:102:31)
    at new RedisStore (C:\Users\user\OneDrive\Desktop\CRM\backend\node_modules\rate-limit-redis\dist\index.cjs:95:36)
    at createRateLimiter (C:\Users\user\OneDrive\Desktop\CRM\backend\middleware\rateLimiter.js:12:16)
    at Object.<anonymous> (C:\Users\user\OneDrive\Desktop\CRM\backend\middleware\rateLimiter.js:57:25)
    at Module._compile (node:internal/modules/cjs/loader:1730:14)
    at Object..js (node:internal/modules/cjs/loader:1895:10)
    at Module.load (node:internal/modules/cjs/loader:1465:32)
You have triggered an unhandledRejection, you may have forgotten to catch a Promise rejection:
Error: The client is closed
    at Class.sendCommand (C:\Users\user\OneDrive\Desktop\CRM\backend\node_modules\@redis\client\dist\lib\client\index.js:639:35)
    at RedisStore.sendCommand (C:\Users\user\OneDrive\Desktop\CRM\backend\middleware\rateLimiter.js:13:49)
    at RedisStore.sendCommand (C:\Users\user\OneDrive\Desktop\CRM\backend\node_modules\rate-limit-redis\dist\index.cjs:85:49)
    at RedisStore.loadGetScript (C:\Users\user\OneDrive\Desktop\CRM\backend\node_modules\rate-limit-redis\dist\index.cjs:116:31)
    at new RedisStore (C:\Users\user\OneDrive\Desktop\CRM\backend\node_modules\rate-limit-redis\dist\index.cjs:96:30)
    at createRateLimiter (C:\Users\user\OneDrive\Desktop\CRM\backend\middleware\rateLimiter.js:12:16)
    at Object.<anonymous> (C:\Users\user\OneDrive\Desktop\CRM\backend\middleware\rateLimiter.js:57:25)
    at Module._compile (node:internal/modules/cjs/loader:1730:14)
    at Object..js (node:internal/modules/cjs/loader:1895:10)
    at Module.load (node:internal/modules/cjs/loader:1465:32)
You have triggered an unhandledRejection, you may have forgotten to catch a Promise rejection:
Error: The client is closed
    at Class.sendCommand (C:\Users\user\OneDrive\Desktop\CRM\backend\node_modules\@redis\client\dist\lib\client\index.js:639:35)
    at RedisStore.sendCommand (C:\Users\user\OneDrive\Desktop\CRM\backend\middleware\rateLimiter.js:13:49)
    at RedisStore.sendCommand (C:\Users\user\OneDrive\Desktop\CRM\backend\node_modules\rate-limit-redis\dist\index.cjs:85:49)
    at RedisStore.loadIncrementScript (C:\Users\user\OneDrive\Desktop\CRM\backend\node_modules\rate-limit-redis\dist\index.cjs:102:31)
    at new RedisStore (C:\Users\user\OneDrive\Desktop\CRM\backend\node_modules\rate-limit-redis\dist\index.cjs:95:36)
    at createRateLimiter (C:\Users\user\OneDrive\Desktop\CRM\backend\middleware\rateLimiter.js:12:16)
    at Object.<anonymous> (C:\Users\user\OneDrive\Desktop\CRM\backend\middleware\rateLimiter.js:65:21)
    at Module._compile (node:internal/modules/cjs/loader:1730:14)
    at Object..js (node:internal/modules/cjs/loader:1895:10)
    at Module.load (node:internal/modules/cjs/loader:1465:32)
You have triggered an unhandledRejection, you may have forgotten to catch a Promise rejection:
Error: The client is closed
    at Class.sendCommand (C:\Users\user\OneDrive\Desktop\CRM\backend\node_modules\@redis\client\dist\lib\client\index.js:639:35)
    at RedisStore.sendCommand (C:\Users\user\OneDrive\Desktop\CRM\backend\middleware\rateLimiter.js:13:49)
    at RedisStore.sendCommand (C:\Users\user\OneDrive\Desktop\CRM\backend\node_modules\rate-limit-redis\dist\index.cjs:85:49)
    at RedisStore.loadGetScript (C:\Users\user\OneDrive\Desktop\CRM\backend\node_modules\rate-limit-redis\dist\index.cjs:116:31)
    at new RedisStore (C:\Users\user\OneDrive\Desktop\CRM\backend\node_modules\rate-limit-redis\dist\index.cjs:96:30)
    at createRateLimiter (C:\Users\user\OneDrive\Desktop\CRM\backend\middleware\rateLimiter.js:12:16)
    at Object.<anonymous> (C:\Users\user\OneDrive\Desktop\CRM\backend\middleware\rateLimiter.js:65:21)
    at Module._compile (node:internal/modules/cjs/loader:1730:14)
    at Object..js (node:internal/modules/cjs/loader:1895:10)
    at Module.load (node:internal/modules/cjs/loader:1465:32)
2026-01-28 12:47:49: (node:12832) MaxListenersExceededWarning: Possible EventEmitter memory leak detected. 11 error listeners added to [DailyRotateFile]. MaxListeners is 10. Use emitter.setMaxListeners() to increase limit
(Use `node --trace-warnings ...` to show where the warning was created)
2026-01-28 12:47:49: (node:12832) MaxListenersExceededWarning: Possible EventEmitter memory leak detected. 11 finish listeners added to [DailyRotateFile]. MaxListeners is 10. Use emitter.setMaxListeners() to increase limit
Error: bind EADDRINUSE null:5000
    at listenOnPrimaryHandle (node:net:2020:18)
    at shared (node:internal/cluster/child:157:3)
    at Worker.<anonymous> (node:internal/cluster/child:110:7)
    at process.onInternalMessage (node:internal/cluster/utils:49:5)
    at process.emit (node:events:530:35)
    at emit (node:internal/child_process:949:14)
    at process.processTicksAndRejections (node:internal/process/task_queues:91:21)
You have triggered an unhandledRejection, you may have forgotten to catch a Promise rejection:
Error: NOAUTH Authentication required
    at #decodeSimpleError (C:\Users\user\OneDrive\Desktop\CRM\backend\node_modules\@redis\client\dist\lib\RESP\decoder.js:457:13)
    at #decodeTypeValue (C:\Users\user\OneDrive\Desktop\CRM\backend\node_modules\@redis\client\dist\lib\RESP\decoder.js:104:91)
    at Decoder.write (C:\Users\user\OneDrive\Desktop\CRM\backend\node_modules\@redis\client\dist\lib\RESP\decoder.js:74:38)
    at RedisSocket.<anonymous> (C:\Users\user\OneDrive\Desktop\CRM\backend\node_modules\@redis\client\dist\lib\client\index.js:437:37)
    at RedisSocket.emit (node:events:518:28)
    at Socket.<anonymous> (C:\Users\user\OneDrive\Desktop\CRM\backend\node_modules\@redis\client\dist\lib\client\socket.js:235:38)
    at Socket.emit (node:events:518:28)
    at addChunk (node:internal/streams/readable:561:12)
    at readableAddChunkPushByteMode (node:internal/streams/readable:512:3)
    at Readable.push (node:internal/streams/readable:392:5)
    at TCP.onStreamRead (node:internal/stream_base_commons:189:23)
You have triggered an unhandledRejection, you may have forgotten to catch a Promise rejection:
Error: NOAUTH Authentication required
    at #decodeSimpleError (C:\Users\user\OneDrive\Desktop\CRM\backend\node_modules\@redis\client\dist\lib\RESP\decoder.js:457:13)
    at #decodeTypeValue (C:\Users\user\OneDrive\Desktop\CRM\backend\node_modules\@redis\client\dist\lib\RESP\decoder.js:104:91)
    at Decoder.write (C:\Users\user\OneDrive\Desktop\CRM\backend\node_modules\@redis\client\dist\lib\RESP\decoder.js:74:38)
    at RedisSocket.<anonymous> (C:\Users\user\OneDrive\Desktop\CRM\backend\node_modules\@redis\client\dist\lib\client\index.js:437:37)
    at RedisSocket.emit (node:events:518:28)
    at Socket.<anonymous> (C:\Users\user\OneDrive\Desktop\CRM\backend\node_modules\@redis\client\dist\lib\client\socket.js:235:38)
    at Socket.emit (node:events:518:28)
    at addChunk (node:internal/streams/readable:561:12)
    at readableAddChunkPushByteMode (node:internal/streams/readable:512:3)
    at Readable.push (node:internal/streams/readable:392:5)
    at TCP.onStreamRead (node:internal/stream_base_commons:189:23)
You have triggered an unhandledRejection, you may have forgotten to catch a Promise rejection:
Error: The client is closed
    at Class.sendCommand (C:\Users\user\OneDrive\Desktop\CRM\backend\node_modules\@redis\client\dist\lib\client\index.js:639:35)
    at RedisStore.sendCommand (C:\Users\user\OneDrive\Desktop\CRM\backend\middleware\rateLimiter.js:13:49)
    at RedisStore.sendCommand (C:\Users\user\OneDrive\Desktop\CRM\backend\node_modules\rate-limit-redis\dist\index.cjs:85:49)
    at RedisStore.loadIncrementScript (C:\Users\user\OneDrive\Desktop\CRM\backend\node_modules\rate-limit-redis\dist\index.cjs:102:31)
    at new RedisStore (C:\Users\user\OneDrive\Desktop\CRM\backend\node_modules\rate-limit-redis\dist\index.cjs:95:36)
    at createRateLimiter (C:\Users\user\OneDrive\Desktop\CRM\backend\middleware\rateLimiter.js:12:16)
    at Object.<anonymous> (C:\Users\user\OneDrive\Desktop\CRM\backend\middleware\rateLimiter.js:32:21)
    at Module._compile (node:internal/modules/cjs/loader:1730:14)
    at Object..js (node:internal/modules/cjs/loader:1895:10)
    at Module.load (node:internal/modules/cjs/loader:1465:32)
You have triggered an unhandledRejection, you may have forgotten to catch a Promise rejection:
Error: The client is closed
    at Class.sendCommand (C:\Users\user\OneDrive\Desktop\CRM\backend\node_modules\@redis\client\dist\lib\client\index.js:639:35)
    at RedisStore.sendCommand (C:\Users\user\OneDrive\Desktop\CRM\backend\middleware\rateLimiter.js:13:49)
    at RedisStore.sendCommand (C:\Users\user\OneDrive\Desktop\CRM\backend\node_modules\rate-limit-redis\dist\index.cjs:85:49)
    at RedisStore.loadGetScript (C:\Users\user\OneDrive\Desktop\CRM\backend\node_modules\rate-limit-redis\dist\index.cjs:116:31)
    at new RedisStore (C:\Users\user\OneDrive\Desktop\CRM\backend\node_modules\rate-limit-redis\dist\index.cjs:96:30)
    at createRateLimiter (C:\Users\user\OneDrive\Desktop\CRM\backend\middleware\rateLimiter.js:12:16)
    at Object.<anonymous> (C:\Users\user\OneDrive\Desktop\CRM\backend\middleware\rateLimiter.js:32:21)
    at Module._compile (node:internal/modules/cjs/loader:1730:14)
    at Object..js (node:internal/modules/cjs/loader:1895:10)
    at Module.load (node:internal/modules/cjs/loader:1465:32)
You have triggered an unhandledRejection, you may have forgotten to catch a Promise rejection:
Error: The client is closed
    at Class.sendCommand (C:\Users\user\OneDrive\Desktop\CRM\backend\node_modules\@redis\client\dist\lib\client\index.js:639:35)
    at RedisStore.sendCommand (C:\Users\user\OneDrive\Desktop\CRM\backend\middleware\rateLimiter.js:13:49)
    at RedisStore.sendCommand (C:\Users\user\OneDrive\Desktop\CRM\backend\node_modules\rate-limit-redis\dist\index.cjs:85:49)
    at RedisStore.loadIncrementScript (C:\Users\user\OneDrive\Desktop\CRM\backend\node_modules\rate-limit-redis\dist\index.cjs:102:31)
    at new RedisStore (C:\Users\user\OneDrive\Desktop\CRM\backend\node_modules\rate-limit-redis\dist\index.cjs:95:36)
    at createRateLimiter (C:\Users\user\OneDrive\Desktop\CRM\backend\middleware\rateLimiter.js:12:16)
    at Object.<anonymous> (C:\Users\user\OneDrive\Desktop\CRM\backend\middleware\rateLimiter.js:41:20)
    at Module._compile (node:internal/modules/cjs/loader:1730:14)
    at Object..js (node:internal/modules/cjs/loader:1895:10)
    at Module.load (node:internal/modules/cjs/loader:1465:32)
You have triggered an unhandledRejection, you may have forgotten to catch a Promise rejection:
Error: The client is closed
    at Class.sendCommand (C:\Users\user\OneDrive\Desktop\CRM\backend\node_modules\@redis\client\dist\lib\client\index.js:639:35)
    at RedisStore.sendCommand (C:\Users\user\OneDrive\Desktop\CRM\backend\middleware\rateLimiter.js:13:49)
    at RedisStore.sendCommand (C:\Users\user\OneDrive\Desktop\CRM\backend\node_modules\rate-limit-redis\dist\index.cjs:85:49)
    at RedisStore.loadGetScript (C:\Users\user\OneDrive\Desktop\CRM\backend\node_modules\rate-limit-redis\dist\index.cjs:116:31)
    at new RedisStore (C:\Users\user\OneDrive\Desktop\CRM\backend\node_modules\rate-limit-redis\dist\index.cjs:96:30)
    at createRateLimiter (C:\Users\user\OneDrive\Desktop\CRM\backend\middleware\rateLimiter.js:12:16)
    at Object.<anonymous> (C:\Users\user\OneDrive\Desktop\CRM\backend\middleware\rateLimiter.js:41:20)
    at Module._compile (node:internal/modules/cjs/loader:1730:14)
    at Object..js (node:internal/modules/cjs/loader:1895:10)
    at Module.load (node:internal/modules/cjs/loader:1465:32)
You have triggered an unhandledRejection, you may have forgotten to catch a Promise rejection:
Error: The client is closed
    at Class.sendCommand (C:\Users\user\OneDrive\Desktop\CRM\backend\node_modules\@redis\client\dist\lib\client\index.js:639:35)
    at RedisStore.sendCommand (C:\Users\user\OneDrive\Desktop\CRM\backend\middleware\rateLimiter.js:13:49)
    at RedisStore.sendCommand (C:\Users\user\OneDrive\Desktop\CRM\backend\node_modules\rate-limit-redis\dist\index.cjs:85:49)
    at RedisStore.loadIncrementScript (C:\Users\user\OneDrive\Desktop\CRM\backend\node_modules\rate-limit-redis\dist\index.cjs:102:31)
    at new RedisStore (C:\Users\user\OneDrive\Desktop\CRM\backend\node_modules\rate-limit-redis\dist\index.cjs:95:36)
    at createRateLimiter (C:\Users\user\OneDrive\Desktop\CRM\backend\middleware\rateLimiter.js:12:16)
    at Object.<anonymous> (C:\Users\user\OneDrive\Desktop\CRM\backend\middleware\rateLimiter.js:49:23)
    at Module._compile (node:internal/modules/cjs/loader:1730:14)
    at Object..js (node:internal/modules/cjs/loader:1895:10)
    at Module.load (node:internal/modules/cjs/loader:1465:32)
You have triggered an unhandledRejection, you may have forgotten to catch a Promise rejection:
Error: The client is closed
    at Class.sendCommand (C:\Users\user\OneDrive\Desktop\CRM\backend\node_modules\@redis\client\dist\lib\client\index.js:639:35)
    at RedisStore.sendCommand (C:\Users\user\OneDrive\Desktop\CRM\backend\middleware\rateLimiter.js:13:49)
    at RedisStore.sendCommand (C:\Users\user\OneDrive\Desktop\CRM\backend\node_modules\rate-limit-redis\dist\index.cjs:85:49)
    at RedisStore.loadGetScript (C:\Users\user\OneDrive\Desktop\CRM\backend\node_modules\rate-limit-redis\dist\index.cjs:116:31)
    at new RedisStore (C:\Users\user\OneDrive\Desktop\CRM\backend\node_modules\rate-limit-redis\dist\index.cjs:96:30)
    at createRateLimiter (C:\Users\user\OneDrive\Desktop\CRM\backend\middleware\rateLimiter.js:12:16)
    at Object.<anonymous> (C:\Users\user\OneDrive\Desktop\CRM\backend\middleware\rateLimiter.js:49:23)
    at Module._compile (node:internal/modules/cjs/loader:1730:14)
    at Object..js (node:internal/modules/cjs/loader:1895:10)
    at Module.load (node:internal/modules/cjs/loader:1465:32)
You have triggered an unhandledRejection, you may have forgotten to catch a Promise rejection:
Error: The client is closed
    at Class.sendCommand (C:\Users\user\OneDrive\Desktop\CRM\backend\node_modules\@redis\client\dist\lib\client\index.js:639:35)
    at RedisStore.sendCommand (C:\Users\user\OneDrive\Desktop\CRM\backend\middleware\rateLimiter.js:13:49)
    at RedisStore.sendCommand (C:\Users\user\OneDrive\Desktop\CRM\backend\node_modules\rate-limit-redis\dist\index.cjs:85:49)
    at RedisStore.loadIncrementScript (C:\Users\user\OneDrive\Desktop\CRM\backend\node_modules\rate-limit-redis\dist\index.cjs:102:31)
    at new RedisStore (C:\Users\user\OneDrive\Desktop\CRM\backend\node_modules\rate-limit-redis\dist\index.cjs:95:36)
    at createRateLimiter (C:\Users\user\OneDrive\Desktop\CRM\backend\middleware\rateLimiter.js:12:16)
    at Object.<anonymous> (C:\Users\user\OneDrive\Desktop\CRM\backend\middleware\rateLimiter.js:57:25)
    at Module._compile (node:internal/modules/cjs/loader:1730:14)
    at Object..js (node:internal/modules/cjs/loader:1895:10)
    at Module.load (node:internal/modules/cjs/loader:1465:32)
You have triggered an unhandledRejection, you may have forgotten to catch a Promise rejection:
Error: The client is closed
    at Class.sendCommand (C:\Users\user\OneDrive\Desktop\CRM\backend\node_modules\@redis\client\dist\lib\client\index.js:639:35)
    at RedisStore.sendCommand (C:\Users\user\OneDrive\Desktop\CRM\backend\middleware\rateLimiter.js:13:49)
    at RedisStore.sendCommand (C:\Users\user\OneDrive\Desktop\CRM\backend\node_modules\rate-limit-redis\dist\index.cjs:85:49)
    at RedisStore.loadGetScript (C:\Users\user\OneDrive\Desktop\CRM\backend\node_modules\rate-limit-redis\dist\index.cjs:116:31)
    at new RedisStore (C:\Users\user\OneDrive\Desktop\CRM\backend\node_modules\rate-limit-redis\dist\index.cjs:96:30)
    at createRateLimiter (C:\Users\user\OneDrive\Desktop\CRM\backend\middleware\rateLimiter.js:12:16)
    at Object.<anonymous> (C:\Users\user\OneDrive\Desktop\CRM\backend\middleware\rateLimiter.js:57:25)
    at Module._compile (node:internal/modules/cjs/loader:1730:14)
    at Object..js (node:internal/modules/cjs/loader:1895:10)
    at Module.load (node:internal/modules/cjs/loader:1465:32)
You have triggered an unhandledRejection, you may have forgotten to catch a Promise rejection:
Error: The client is closed
    at Class.sendCommand (C:\Users\user\OneDrive\Desktop\CRM\backend\node_modules\@redis\client\dist\lib\client\index.js:639:35)
    at RedisStore.sendCommand (C:\Users\user\OneDrive\Desktop\CRM\backend\middleware\rateLimiter.js:13:49)
    at RedisStore.sendCommand (C:\Users\user\OneDrive\Desktop\CRM\backend\node_modules\rate-limit-redis\dist\index.cjs:85:49)
    at RedisStore.loadIncrementScript (C:\Users\user\OneDrive\Desktop\CRM\backend\node_modules\rate-limit-redis\dist\index.cjs:102:31)
    at new RedisStore (C:\Users\user\OneDrive\Desktop\CRM\backend\node_modules\rate-limit-redis\dist\index.cjs:95:36)
    at createRateLimiter (C:\Users\user\OneDrive\Desktop\CRM\backend\middleware\rateLimiter.js:12:16)
    at Object.<anonymous> (C:\Users\user\OneDrive\Desktop\CRM\backend\middleware\rateLimiter.js:65:21)
    at Module._compile (node:internal/modules/cjs/loader:1730:14)
    at Object..js (node:internal/modules/cjs/loader:1895:10)
    at Module.load (node:internal/modules/cjs/loader:1465:32)
You have triggered an unhandledRejection, you may have forgotten to catch a Promise rejection:
Error: The client is closed
    at Class.sendCommand (C:\Users\user\OneDrive\Desktop\CRM\backend\node_modules\@redis\client\dist\lib\client\index.js:639:35)
    at RedisStore.sendCommand (C:\Users\user\OneDrive\Desktop\CRM\backend\middleware\rateLimiter.js:13:49)
    at RedisStore.sendCommand (C:\Users\user\OneDrive\Desktop\CRM\backend\node_modules\rate-limit-redis\dist\index.cjs:85:49)
    at RedisStore.loadGetScript (C:\Users\user\OneDrive\Desktop\CRM\backend\node_modules\rate-limit-redis\dist\index.cjs:116:31)
    at new RedisStore (C:\Users\user\OneDrive\Desktop\CRM\backend\node_modules\rate-limit-redis\dist\index.cjs:96:30)
    at createRateLimiter (C:\Users\user\OneDrive\Desktop\CRM\backend\middleware\rateLimiter.js:12:16)
    at Object.<anonymous> (C:\Users\user\OneDrive\Desktop\CRM\backend\middleware\rateLimiter.js:65:21)
    at Module._compile (node:internal/modules/cjs/loader:1730:14)
    at Object..js (node:internal/modules/cjs/loader:1895:10)
    at Module.load (node:internal/modules/cjs/loader:1465:32)
2026-01-28 12:48:00: (node:5372) MaxListenersExceededWarning: Possible EventEmitter memory leak detected. 11 error listeners added to [DailyRotateFile]. MaxListeners is 10. Use emitter.setMaxListeners() to increase limit
(Use `node --trace-warnings ...` to show where the warning was created)
2026-01-28 12:48:00: (node:5372) MaxListenersExceededWarning: Possible EventEmitter memory leak detected. 11 finish listeners added to [DailyRotateFile]. MaxListeners is 10. Use emitter.setMaxListeners() to increase limit
Error: bind EADDRINUSE null:5000
    at listenOnPrimaryHandle (node:net:2020:18)
    at shared (node:internal/cluster/child:157:3)
    at Worker.<anonymous> (node:internal/cluster/child:110:7)
    at process.onInternalMessage (node:internal/cluster/utils:49:5)
    at process.emit (node:events:530:35)
    at emit (node:internal/child_process:949:14)
    at process.processTicksAndRejections (node:internal/process/task_queues:91:21)
You have triggered an unhandledRejection, you may have forgotten to catch a Promise rejection:
Error: NOAUTH Authentication required
    at #decodeSimpleError (C:\Users\user\OneDrive\Desktop\CRM\backend\node_modules\@redis\client\dist\lib\RESP\decoder.js:457:13)
    at #decodeTypeValue (C:\Users\user\OneDrive\Desktop\CRM\backend\node_modules\@redis\client\dist\lib\RESP\decoder.js:104:91)
    at Decoder.write (C:\Users\user\OneDrive\Desktop\CRM\backend\node_modules\@redis\client\dist\lib\RESP\decoder.js:74:38)
    at RedisSocket.<anonymous> (C:\Users\user\OneDrive\Desktop\CRM\backend\node_modules\@redis\client\dist\lib\client\index.js:437:37)
    at RedisSocket.emit (node:events:518:28)
    at Socket.<anonymous> (C:\Users\user\OneDrive\Desktop\CRM\backend\node_modules\@redis\client\dist\lib\client\socket.js:235:38)
    at Socket.emit (node:events:518:28)
    at addChunk (node:internal/streams/readable:561:12)
    at readableAddChunkPushByteMode (node:internal/streams/readable:512:3)
    at Readable.push (node:internal/streams/readable:392:5)
    at TCP.onStreamRead (node:internal/stream_base_commons:189:23)
You have triggered an unhandledRejection, you may have forgotten to catch a Promise rejection:
Error: NOAUTH Authentication required
    at #decodeSimpleError (C:\Users\user\OneDrive\Desktop\CRM\backend\node_modules\@redis\client\dist\lib\RESP\decoder.js:457:13)
    at #decodeTypeValue (C:\Users\user\OneDrive\Desktop\CRM\backend\node_modules\@redis\client\dist\lib\RESP\decoder.js:104:91)
    at Decoder.write (C:\Users\user\OneDrive\Desktop\CRM\backend\node_modules\@redis\client\dist\lib\RESP\decoder.js:74:38)
    at RedisSocket.<anonymous> (C:\Users\user\OneDrive\Desktop\CRM\backend\node_modules\@redis\client\dist\lib\client\index.js:437:37)
    at RedisSocket.emit (node:events:518:28)
    at Socket.<anonymous> (C:\Users\user\OneDrive\Desktop\CRM\backend\node_modules\@redis\client\dist\lib\client\socket.js:235:38)
    at Socket.emit (node:events:518:28)
    at addChunk (node:internal/streams/readable:561:12)
    at readableAddChunkPushByteMode (node:internal/streams/readable:512:3)
    at Readable.push (node:internal/streams/readable:392:5)
    at TCP.onStreamRead (node:internal/stream_base_commons:189:23)
You have triggered an unhandledRejection, you may have forgotten to catch a Promise rejection:
Error: The client is closed
    at Class.sendCommand (C:\Users\user\OneDrive\Desktop\CRM\backend\node_modules\@redis\client\dist\lib\client\index.js:639:35)
    at RedisStore.sendCommand (C:\Users\user\OneDrive\Desktop\CRM\backend\middleware\rateLimiter.js:13:49)
    at RedisStore.sendCommand (C:\Users\user\OneDrive\Desktop\CRM\backend\node_modules\rate-limit-redis\dist\index.cjs:85:49)
    at RedisStore.loadIncrementScript (C:\Users\user\OneDrive\Desktop\CRM\backend\node_modules\rate-limit-redis\dist\index.cjs:102:31)
    at new RedisStore (C:\Users\user\OneDrive\Desktop\CRM\backend\node_modules\rate-limit-redis\dist\index.cjs:95:36)
    at createRateLimiter (C:\Users\user\OneDrive\Desktop\CRM\backend\middleware\rateLimiter.js:12:16)
    at Object.<anonymous> (C:\Users\user\OneDrive\Desktop\CRM\backend\middleware\rateLimiter.js:32:21)
    at Module._compile (node:internal/modules/cjs/loader:1730:14)
    at Object..js (node:internal/modules/cjs/loader:1895:10)
    at Module.load (node:internal/modules/cjs/loader:1465:32)
You have triggered an unhandledRejection, you may have forgotten to catch a Promise rejection:
Error: The client is closed
    at Class.sendCommand (C:\Users\user\OneDrive\Desktop\CRM\backend\node_modules\@redis\client\dist\lib\client\index.js:639:35)
    at RedisStore.sendCommand (C:\Users\user\OneDrive\Desktop\CRM\backend\middleware\rateLimiter.js:13:49)
    at RedisStore.sendCommand (C:\Users\user\OneDrive\Desktop\CRM\backend\node_modules\rate-limit-redis\dist\index.cjs:85:49)
    at RedisStore.loadGetScript (C:\Users\user\OneDrive\Desktop\CRM\backend\node_modules\rate-limit-redis\dist\index.cjs:116:31)
    at new RedisStore (C:\Users\user\OneDrive\Desktop\CRM\backend\node_modules\rate-limit-redis\dist\index.cjs:96:30)
    at createRateLimiter (C:\Users\user\OneDrive\Desktop\CRM\backend\middleware\rateLimiter.js:12:16)
    at Object.<anonymous> (C:\Users\user\OneDrive\Desktop\CRM\backend\middleware\rateLimiter.js:32:21)
    at Module._compile (node:internal/modules/cjs/loader:1730:14)
    at Object..js (node:internal/modules/cjs/loader:1895:10)
    at Module.load (node:internal/modules/cjs/loader:1465:32)
You have triggered an unhandledRejection, you may have forgotten to catch a Promise rejection:
Error: The client is closed
    at Class.sendCommand (C:\Users\user\OneDrive\Desktop\CRM\backend\node_modules\@redis\client\dist\lib\client\index.js:639:35)
    at RedisStore.sendCommand (C:\Users\user\OneDrive\Desktop\CRM\backend\middleware\rateLimiter.js:13:49)
    at RedisStore.sendCommand (C:\Users\user\OneDrive\Desktop\CRM\backend\node_modules\rate-limit-redis\dist\index.cjs:85:49)
    at RedisStore.loadIncrementScript (C:\Users\user\OneDrive\Desktop\CRM\backend\node_modules\rate-limit-redis\dist\index.cjs:102:31)
    at new RedisStore (C:\Users\user\OneDrive\Desktop\CRM\backend\node_modules\rate-limit-redis\dist\index.cjs:95:36)
    at createRateLimiter (C:\Users\user\OneDrive\Desktop\CRM\backend\middleware\rateLimiter.js:12:16)
    at Object.<anonymous> (C:\Users\user\OneDrive\Desktop\CRM\backend\middleware\rateLimiter.js:41:20)
    at Module._compile (node:internal/modules/cjs/loader:1730:14)
    at Object..js (node:internal/modules/cjs/loader:1895:10)
    at Module.load (node:internal/modules/cjs/loader:1465:32)
You have triggered an unhandledRejection, you may have forgotten to catch a Promise rejection:
Error: The client is closed
    at Class.sendCommand (C:\Users\user\OneDrive\Desktop\CRM\backend\node_modules\@redis\client\dist\lib\client\index.js:639:35)
    at RedisStore.sendCommand (C:\Users\user\OneDrive\Desktop\CRM\backend\middleware\rateLimiter.js:13:49)
    at RedisStore.sendCommand (C:\Users\user\OneDrive\Desktop\CRM\backend\node_modules\rate-limit-redis\dist\index.cjs:85:49)
    at RedisStore.loadGetScript (C:\Users\user\OneDrive\Desktop\CRM\backend\node_modules\rate-limit-redis\dist\index.cjs:116:31)
    at new RedisStore (C:\Users\user\OneDrive\Desktop\CRM\backend\node_modules\rate-limit-redis\dist\index.cjs:96:30)
    at createRateLimiter (C:\Users\user\OneDrive\Desktop\CRM\backend\middleware\rateLimiter.js:12:16)
    at Object.<anonymous> (C:\Users\user\OneDrive\Desktop\CRM\backend\middleware\rateLimiter.js:41:20)
    at Module._compile (node:internal/modules/cjs/loader:1730:14)
    at Object..js (node:internal/modules/cjs/loader:1895:10)
    at Module.load (node:internal/modules/cjs/loader:1465:32)
You have triggered an unhandledRejection, you may have forgotten to catch a Promise rejection:
Error: The client is closed
    at Class.sendCommand (C:\Users\user\OneDrive\Desktop\CRM\backend\node_modules\@redis\client\dist\lib\client\index.js:639:35)
    at RedisStore.sendCommand (C:\Users\user\OneDrive\Desktop\CRM\backend\middleware\rateLimiter.js:13:49)
    at RedisStore.sendCommand (C:\Users\user\OneDrive\Desktop\CRM\backend\node_modules\rate-limit-redis\dist\index.cjs:85:49)
    at RedisStore.loadIncrementScript (C:\Users\user\OneDrive\Desktop\CRM\backend\node_modules\rate-limit-redis\dist\index.cjs:102:31)
    at new RedisStore (C:\Users\user\OneDrive\Desktop\CRM\backend\node_modules\rate-limit-redis\dist\index.cjs:95:36)
    at createRateLimiter (C:\Users\user\OneDrive\Desktop\CRM\backend\middleware\rateLimiter.js:12:16)
    at Object.<anonymous> (C:\Users\user\OneDrive\Desktop\CRM\backend\middleware\rateLimiter.js:49:23)
    at Module._compile (node:internal/modules/cjs/loader:1730:14)
    at Object..js (node:internal/modules/cjs/loader:1895:10)
    at Module.load (node:internal/modules/cjs/loader:1465:32)
You have triggered an unhandledRejection, you may have forgotten to catch a Promise rejection:
Error: The client is closed
    at Class.sendCommand (C:\Users\user\OneDrive\Desktop\CRM\backend\node_modules\@redis\client\dist\lib\client\index.js:639:35)
    at RedisStore.sendCommand (C:\Users\user\OneDrive\Desktop\CRM\backend\middleware\rateLimiter.js:13:49)
    at RedisStore.sendCommand (C:\Users\user\OneDrive\Desktop\CRM\backend\node_modules\rate-limit-redis\dist\index.cjs:85:49)
    at RedisStore.loadGetScript (C:\Users\user\OneDrive\Desktop\CRM\backend\node_modules\rate-limit-redis\dist\index.cjs:116:31)
    at new RedisStore (C:\Users\user\OneDrive\Desktop\CRM\backend\node_modules\rate-limit-redis\dist\index.cjs:96:30)
    at createRateLimiter (C:\Users\user\OneDrive\Desktop\CRM\backend\middleware\rateLimiter.js:12:16)
    at Object.<anonymous> (C:\Users\user\OneDrive\Desktop\CRM\backend\middleware\rateLimiter.js:49:23)
    at Module._compile (node:internal/modules/cjs/loader:1730:14)
    at Object..js (node:internal/modules/cjs/loader:1895:10)
    at Module.load (node:internal/modules/cjs/loader:1465:32)
You have triggered an unhandledRejection, you may have forgotten to catch a Promise rejection:
Error: The client is closed
    at Class.sendCommand (C:\Users\user\OneDrive\Desktop\CRM\backend\node_modules\@redis\client\dist\lib\client\index.js:639:35)
    at RedisStore.sendCommand (C:\Users\user\OneDrive\Desktop\CRM\backend\middleware\rateLimiter.js:13:49)
    at RedisStore.sendCommand (C:\Users\user\OneDrive\Desktop\CRM\backend\node_modules\rate-limit-redis\dist\index.cjs:85:49)
    at RedisStore.loadIncrementScript (C:\Users\user\OneDrive\Desktop\CRM\backend\node_modules\rate-limit-redis\dist\index.cjs:102:31)
    at new RedisStore (C:\Users\user\OneDrive\Desktop\CRM\backend\node_modules\rate-limit-redis\dist\index.cjs:95:36)
    at createRateLimiter (C:\Users\user\OneDrive\Desktop\CRM\backend\middleware\rateLimiter.js:12:16)
    at Object.<anonymous> (C:\Users\user\OneDrive\Desktop\CRM\backend\middleware\rateLimiter.js:57:25)
    at Module._compile (node:internal/modules/cjs/loader:1730:14)
    at Object..js (node:internal/modules/cjs/loader:1895:10)
    at Module.load (node:internal/modules/cjs/loader:1465:32)
You have triggered an unhandledRejection, you may have forgotten to catch a Promise rejection:
Error: The client is closed
    at Class.sendCommand (C:\Users\user\OneDrive\Desktop\CRM\backend\node_modules\@redis\client\dist\lib\client\index.js:639:35)
    at RedisStore.sendCommand (C:\Users\user\OneDrive\Desktop\CRM\backend\middleware\rateLimiter.js:13:49)
    at RedisStore.sendCommand (C:\Users\user\OneDrive\Desktop\CRM\backend\node_modules\rate-limit-redis\dist\index.cjs:85:49)
    at RedisStore.loadGetScript (C:\Users\user\OneDrive\Desktop\CRM\backend\node_modules\rate-limit-redis\dist\index.cjs:116:31)
    at new RedisStore (C:\Users\user\OneDrive\Desktop\CRM\backend\node_modules\rate-limit-redis\dist\index.cjs:96:30)
    at createRateLimiter (C:\Users\user\OneDrive\Desktop\CRM\backend\middleware\rateLimiter.js:12:16)
    at Object.<anonymous> (C:\Users\user\OneDrive\Desktop\CRM\backend\middleware\rateLimiter.js:57:25)
    at Module._compile (node:internal/modules/cjs/loader:1730:14)
    at Object..js (node:internal/modules/cjs/loader:1895:10)
    at Module.load (node:internal/modules/cjs/loader:1465:32)
You have triggered an unhandledRejection, you may have forgotten to catch a Promise rejection:
Error: The client is closed
    at Class.sendCommand (C:\Users\user\OneDrive\Desktop\CRM\backend\node_modules\@redis\client\dist\lib\client\index.js:639:35)
    at RedisStore.sendCommand (C:\Users\user\OneDrive\Desktop\CRM\backend\middleware\rateLimiter.js:13:49)
    at RedisStore.sendCommand (C:\Users\user\OneDrive\Desktop\CRM\backend\node_modules\rate-limit-redis\dist\index.cjs:85:49)
    at RedisStore.loadIncrementScript (C:\Users\user\OneDrive\Desktop\CRM\backend\node_modules\rate-limit-redis\dist\index.cjs:102:31)
    at new RedisStore (C:\Users\user\OneDrive\Desktop\CRM\backend\node_modules\rate-limit-redis\dist\index.cjs:95:36)
    at createRateLimiter (C:\Users\user\OneDrive\Desktop\CRM\backend\middleware\rateLimiter.js:12:16)
    at Object.<anonymous> (C:\Users\user\OneDrive\Desktop\CRM\backend\middleware\rateLimiter.js:65:21)
    at Module._compile (node:internal/modules/cjs/loader:1730:14)
    at Object..js (node:internal/modules/cjs/loader:1895:10)
    at Module.load (node:internal/modules/cjs/loader:1465:32)
You have triggered an unhandledRejection, you may have forgotten to catch a Promise rejection:
Error: The client is closed
    at Class.sendCommand (C:\Users\user\OneDrive\Desktop\CRM\backend\node_modules\@redis\client\dist\lib\client\index.js:639:35)
    at RedisStore.sendCommand (C:\Users\user\OneDrive\Desktop\CRM\backend\middleware\rateLimiter.js:13:49)
    at RedisStore.sendCommand (C:\Users\user\OneDrive\Desktop\CRM\backend\node_modules\rate-limit-redis\dist\index.cjs:85:49)
    at RedisStore.loadGetScript (C:\Users\user\OneDrive\Desktop\CRM\backend\node_modules\rate-limit-redis\dist\index.cjs:116:31)
    at new RedisStore (C:\Users\user\OneDrive\Desktop\CRM\backend\node_modules\rate-limit-redis\dist\index.cjs:96:30)
    at createRateLimiter (C:\Users\user\OneDrive\Desktop\CRM\backend\middleware\rateLimiter.js:12:16)
    at Object.<anonymous> (C:\Users\user\OneDrive\Desktop\CRM\backend\middleware\rateLimiter.js:65:21)
    at Module._compile (node:internal/modules/cjs/loader:1730:14)
    at Object..js (node:internal/modules/cjs/loader:1895:10)
    at Module.load (node:internal/modules/cjs/loader:1465:32)
2026-01-28 12:48:11: (node:14744) MaxListenersExceededWarning: Possible EventEmitter memory leak detected. 11 error listeners added to [DailyRotateFile]. MaxListeners is 10. Use emitter.setMaxListeners() to increase limit
(Use `node --trace-warnings ...` to show where the warning was created)
2026-01-28 12:48:11: (node:14744) MaxListenersExceededWarning: Possible EventEmitter memory leak detected. 11 finish listeners added to [DailyRotateFile]. MaxListeners is 10. Use emitter.setMaxListeners() to increase limit
Error: bind EADDRINUSE null:5000
    at listenOnPrimaryHandle (node:net:2020:18)
    at shared (node:internal/cluster/child:157:3)
    at Worker.<anonymous> (node:internal/cluster/child:110:7)
    at process.onInternalMessage (node:internal/cluster/utils:49:5)
    at process.emit (node:events:530:35)
    at emit (node:internal/child_process:949:14)
    at process.processTicksAndRejections (node:internal/process/task_queues:91:21)
You have triggered an unhandledRejection, you may have forgotten to catch a Promise rejection:
Error: NOAUTH Authentication required
    at #decodeSimpleError (C:\Users\user\OneDrive\Desktop\CRM\backend\node_modules\@redis\client\dist\lib\RESP\decoder.js:457:13)
    at #decodeTypeValue (C:\Users\user\OneDrive\Desktop\CRM\backend\node_modules\@redis\client\dist\lib\RESP\decoder.js:104:91)
    at Decoder.write (C:\Users\user\OneDrive\Desktop\CRM\backend\node_modules\@redis\client\dist\lib\RESP\decoder.js:74:38)
    at RedisSocket.<anonymous> (C:\Users\user\OneDrive\Desktop\CRM\backend\node_modules\@redis\client\dist\lib\client\index.js:437:37)
    at RedisSocket.emit (node:events:518:28)
    at Socket.<anonymous> (C:\Users\user\OneDrive\Desktop\CRM\backend\node_modules\@redis\client\dist\lib\client\socket.js:235:38)
    at Socket.emit (node:events:518:28)
    at addChunk (node:internal/streams/readable:561:12)
    at readableAddChunkPushByteMode (node:internal/streams/readable:512:3)
    at Readable.push (node:internal/streams/readable:392:5)
    at TCP.onStreamRead (node:internal/stream_base_commons:189:23)
You have triggered an unhandledRejection, you may have forgotten to catch a Promise rejection:
Error: NOAUTH Authentication required
    at #decodeSimpleError (C:\Users\user\OneDrive\Desktop\CRM\backend\node_modules\@redis\client\dist\lib\RESP\decoder.js:457:13)
    at #decodeTypeValue (C:\Users\user\OneDrive\Desktop\CRM\backend\node_modules\@redis\client\dist\lib\RESP\decoder.js:104:91)
    at Decoder.write (C:\Users\user\OneDrive\Desktop\CRM\backend\node_modules\@redis\client\dist\lib\RESP\decoder.js:74:38)
    at RedisSocket.<anonymous> (C:\Users\user\OneDrive\Desktop\CRM\backend\node_modules\@redis\client\dist\lib\client\index.js:437:37)
    at RedisSocket.emit (node:events:518:28)
    at Socket.<anonymous> (C:\Users\user\OneDrive\Desktop\CRM\backend\node_modules\@redis\client\dist\lib\client\socket.js:235:38)
    at Socket.emit (node:events:518:28)
    at addChunk (node:internal/streams/readable:561:12)
    at readableAddChunkPushByteMode (node:internal/streams/readable:512:3)
    at Readable.push (node:internal/streams/readable:392:5)
    at TCP.onStreamRead (node:internal/stream_base_commons:189:23)
You have triggered an unhandledRejection, you may have forgotten to catch a Promise rejection:
Error: The client is closed
    at Class.sendCommand (C:\Users\user\OneDrive\Desktop\CRM\backend\node_modules\@redis\client\dist\lib\client\index.js:639:35)
    at RedisStore.sendCommand (C:\Users\user\OneDrive\Desktop\CRM\backend\middleware\rateLimiter.js:13:49)
    at RedisStore.sendCommand (C:\Users\user\OneDrive\Desktop\CRM\backend\node_modules\rate-limit-redis\dist\index.cjs:85:49)
    at RedisStore.loadIncrementScript (C:\Users\user\OneDrive\Desktop\CRM\backend\node_modules\rate-limit-redis\dist\index.cjs:102:31)
    at new RedisStore (C:\Users\user\OneDrive\Desktop\CRM\backend\node_modules\rate-limit-redis\dist\index.cjs:95:36)
    at createRateLimiter (C:\Users\user\OneDrive\Desktop\CRM\backend\middleware\rateLimiter.js:12:16)
    at Object.<anonymous> (C:\Users\user\OneDrive\Desktop\CRM\backend\middleware\rateLimiter.js:32:21)
    at Module._compile (node:internal/modules/cjs/loader:1730:14)
    at Object..js (node:internal/modules/cjs/loader:1895:10)
    at Module.load (node:internal/modules/cjs/loader:1465:32)
You have triggered an unhandledRejection, you may have forgotten to catch a Promise rejection:
Error: The client is closed
    at Class.sendCommand (C:\Users\user\OneDrive\Desktop\CRM\backend\node_modules\@redis\client\dist\lib\client\index.js:639:35)
    at RedisStore.sendCommand (C:\Users\user\OneDrive\Desktop\CRM\backend\middleware\rateLimiter.js:13:49)
    at RedisStore.sendCommand (C:\Users\user\OneDrive\Desktop\CRM\backend\node_modules\rate-limit-redis\dist\index.cjs:85:49)
    at RedisStore.loadGetScript (C:\Users\user\OneDrive\Desktop\CRM\backend\node_modules\rate-limit-redis\dist\index.cjs:116:31)
    at new RedisStore (C:\Users\user\OneDrive\Desktop\CRM\backend\node_modules\rate-limit-redis\dist\index.cjs:96:30)
    at createRateLimiter (C:\Users\user\OneDrive\Desktop\CRM\backend\middleware\rateLimiter.js:12:16)
    at Object.<anonymous> (C:\Users\user\OneDrive\Desktop\CRM\backend\middleware\rateLimiter.js:32:21)
    at Module._compile (node:internal/modules/cjs/loader:1730:14)
    at Object..js (node:internal/modules/cjs/loader:1895:10)
    at Module.load (node:internal/modules/cjs/loader:1465:32)
You have triggered an unhandledRejection, you may have forgotten to catch a Promise rejection:
Error: The client is closed
    at Class.sendCommand (C:\Users\user\OneDrive\Desktop\CRM\backend\node_modules\@redis\client\dist\lib\client\index.js:639:35)
    at RedisStore.sendCommand (C:\Users\user\OneDrive\Desktop\CRM\backend\middleware\rateLimiter.js:13:49)
    at RedisStore.sendCommand (C:\Users\user\OneDrive\Desktop\CRM\backend\node_modules\rate-limit-redis\dist\index.cjs:85:49)
    at RedisStore.loadIncrementScript (C:\Users\user\OneDrive\Desktop\CRM\backend\node_modules\rate-limit-redis\dist\index.cjs:102:31)
    at new RedisStore (C:\Users\user\OneDrive\Desktop\CRM\backend\node_modules\rate-limit-redis\dist\index.cjs:95:36)
    at createRateLimiter (C:\Users\user\OneDrive\Desktop\CRM\backend\middleware\rateLimiter.js:12:16)
    at Object.<anonymous> (C:\Users\user\OneDrive\Desktop\CRM\backend\middleware\rateLimiter.js:41:20)
    at Module._compile (node:internal/modules/cjs/loader:1730:14)
    at Object..js (node:internal/modules/cjs/loader:1895:10)
    at Module.load (node:internal/modules/cjs/loader:1465:32)
You have triggered an unhandledRejection, you may have forgotten to catch a Promise rejection:
Error: The client is closed
    at Class.sendCommand (C:\Users\user\OneDrive\Desktop\CRM\backend\node_modules\@redis\client\dist\lib\client\index.js:639:35)
    at RedisStore.sendCommand (C:\Users\user\OneDrive\Desktop\CRM\backend\middleware\rateLimiter.js:13:49)
    at RedisStore.sendCommand (C:\Users\user\OneDrive\Desktop\CRM\backend\node_modules\rate-limit-redis\dist\index.cjs:85:49)
    at RedisStore.loadGetScript (C:\Users\user\OneDrive\Desktop\CRM\backend\node_modules\rate-limit-redis\dist\index.cjs:116:31)
    at new RedisStore (C:\Users\user\OneDrive\Desktop\CRM\backend\node_modules\rate-limit-redis\dist\index.cjs:96:30)
    at createRateLimiter (C:\Users\user\OneDrive\Desktop\CRM\backend\middleware\rateLimiter.js:12:16)
    at Object.<anonymous> (C:\Users\user\OneDrive\Desktop\CRM\backend\middleware\rateLimiter.js:41:20)
    at Module._compile (node:internal/modules/cjs/loader:1730:14)
    at Object..js (node:internal/modules/cjs/loader:1895:10)
    at Module.load (node:internal/modules/cjs/loader:1465:32)
You have triggered an unhandledRejection, you may have forgotten to catch a Promise rejection:
Error: The client is closed
    at Class.sendCommand (C:\Users\user\OneDrive\Desktop\CRM\backend\node_modules\@redis\client\dist\lib\client\index.js:639:35)
    at RedisStore.sendCommand (C:\Users\user\OneDrive\Desktop\CRM\backend\middleware\rateLimiter.js:13:49)
    at RedisStore.sendCommand (C:\Users\user\OneDrive\Desktop\CRM\backend\node_modules\rate-limit-redis\dist\index.cjs:85:49)
    at RedisStore.loadIncrementScript (C:\Users\user\OneDrive\Desktop\CRM\backend\node_modules\rate-limit-redis\dist\index.cjs:102:31)
    at new RedisStore (C:\Users\user\OneDrive\Desktop\CRM\backend\node_modules\rate-limit-redis\dist\index.cjs:95:36)
    at createRateLimiter (C:\Users\user\OneDrive\Desktop\CRM\backend\middleware\rateLimiter.js:12:16)
    at Object.<anonymous> (C:\Users\user\OneDrive\Desktop\CRM\backend\middleware\rateLimiter.js:49:23)
    at Module._compile (node:internal/modules/cjs/loader:1730:14)
    at Object..js (node:internal/modules/cjs/loader:1895:10)
    at Module.load (node:internal/modules/cjs/loader:1465:32)
You have triggered an unhandledRejection, you may have forgotten to catch a Promise rejection:
Error: The client is closed
    at Class.sendCommand (C:\Users\user\OneDrive\Desktop\CRM\backend\node_modules\@redis\client\dist\lib\client\index.js:639:35)
    at RedisStore.sendCommand (C:\Users\user\OneDrive\Desktop\CRM\backend\middleware\rateLimiter.js:13:49)
    at RedisStore.sendCommand (C:\Users\user\OneDrive\Desktop\CRM\backend\node_modules\rate-limit-redis\dist\index.cjs:85:49)
    at RedisStore.loadGetScript (C:\Users\user\OneDrive\Desktop\CRM\backend\node_modules\rate-limit-redis\dist\index.cjs:116:31)
    at new RedisStore (C:\Users\user\OneDrive\Desktop\CRM\backend\node_modules\rate-limit-redis\dist\index.cjs:96:30)
    at createRateLimiter (C:\Users\user\OneDrive\Desktop\CRM\backend\middleware\rateLimiter.js:12:16)
    at Object.<anonymous> (C:\Users\user\OneDrive\Desktop\CRM\backend\middleware\rateLimiter.js:49:23)
    at Module._compile (node:internal/modules/cjs/loader:1730:14)
    at Object..js (node:internal/modules/cjs/loader:1895:10)
    at Module.load (node:internal/modules/cjs/loader:1465:32)
You have triggered an unhandledRejection, you may have forgotten to catch a Promise rejection:
Error: The client is closed
    at Class.sendCommand (C:\Users\user\OneDrive\Desktop\CRM\backend\node_modules\@redis\client\dist\lib\client\index.js:639:35)
    at RedisStore.sendCommand (C:\Users\user\OneDrive\Desktop\CRM\backend\middleware\rateLimiter.js:13:49)
    at RedisStore.sendCommand (C:\Users\user\OneDrive\Desktop\CRM\backend\node_modules\rate-limit-redis\dist\index.cjs:85:49)
    at RedisStore.loadIncrementScript (C:\Users\user\OneDrive\Desktop\CRM\backend\node_modules\rate-limit-redis\dist\index.cjs:102:31)
    at new RedisStore (C:\Users\user\OneDrive\Desktop\CRM\backend\node_modules\rate-limit-redis\dist\index.cjs:95:36)
    at createRateLimiter (C:\Users\user\OneDrive\Desktop\CRM\backend\middleware\rateLimiter.js:12:16)
    at Object.<anonymous> (C:\Users\user\OneDrive\Desktop\CRM\backend\middleware\rateLimiter.js:57:25)
    at Module._compile (node:internal/modules/cjs/loader:1730:14)
    at Object..js (node:internal/modules/cjs/loader:1895:10)
    at Module.load (node:internal/modules/cjs/loader:1465:32)
You have triggered an unhandledRejection, you may have forgotten to catch a Promise rejection:
Error: The client is closed
    at Class.sendCommand (C:\Users\user\OneDrive\Desktop\CRM\backend\node_modules\@redis\client\dist\lib\client\index.js:639:35)
    at RedisStore.sendCommand (C:\Users\user\OneDrive\Desktop\CRM\backend\middleware\rateLimiter.js:13:49)
    at RedisStore.sendCommand (C:\Users\user\OneDrive\Desktop\CRM\backend\node_modules\rate-limit-redis\dist\index.cjs:85:49)
    at RedisStore.loadGetScript (C:\Users\user\OneDrive\Desktop\CRM\backend\node_modules\rate-limit-redis\dist\index.cjs:116:31)
    at new RedisStore (C:\Users\user\OneDrive\Desktop\CRM\backend\node_modules\rate-limit-redis\dist\index.cjs:96:30)
    at createRateLimiter (C:\Users\user\OneDrive\Desktop\CRM\backend\middleware\rateLimiter.js:12:16)
    at Object.<anonymous> (C:\Users\user\OneDrive\Desktop\CRM\backend\middleware\rateLimiter.js:57:25)
    at Module._compile (node:internal/modules/cjs/loader:1730:14)
    at Object..js (node:internal/modules/cjs/loader:1895:10)
    at Module.load (node:internal/modules/cjs/loader:1465:32)
You have triggered an unhandledRejection, you may have forgotten to catch a Promise rejection:
Error: The client is closed
    at Class.sendCommand (C:\Users\user\OneDrive\Desktop\CRM\backend\node_modules\@redis\client\dist\lib\client\index.js:639:35)
    at RedisStore.sendCommand (C:\Users\user\OneDrive\Desktop\CRM\backend\middleware\rateLimiter.js:13:49)
    at RedisStore.sendCommand (C:\Users\user\OneDrive\Desktop\CRM\backend\node_modules\rate-limit-redis\dist\index.cjs:85:49)
    at RedisStore.loadIncrementScript (C:\Users\user\OneDrive\Desktop\CRM\backend\node_modules\rate-limit-redis\dist\index.cjs:102:31)
    at new RedisStore (C:\Users\user\OneDrive\Desktop\CRM\backend\node_modules\rate-limit-redis\dist\index.cjs:95:36)
    at createRateLimiter (C:\Users\user\OneDrive\Desktop\CRM\backend\middleware\rateLimiter.js:12:16)
    at Object.<anonymous> (C:\Users\user\OneDrive\Desktop\CRM\backend\middleware\rateLimiter.js:65:21)
    at Module._compile (node:internal/modules/cjs/loader:1730:14)
    at Object..js (node:internal/modules/cjs/loader:1895:10)
    at Module.load (node:internal/modules/cjs/loader:1465:32)
You have triggered an unhandledRejection, you may have forgotten to catch a Promise rejection:
Error: The client is closed
    at Class.sendCommand (C:\Users\user\OneDrive\Desktop\CRM\backend\node_modules\@redis\client\dist\lib\client\index.js:639:35)
    at RedisStore.sendCommand (C:\Users\user\OneDrive\Desktop\CRM\backend\middleware\rateLimiter.js:13:49)
    at RedisStore.sendCommand (C:\Users\user\OneDrive\Desktop\CRM\backend\node_modules\rate-limit-redis\dist\index.cjs:85:49)
    at RedisStore.loadGetScript (C:\Users\user\OneDrive\Desktop\CRM\backend\node_modules\rate-limit-redis\dist\index.cjs:116:31)
    at new RedisStore (C:\Users\user\OneDrive\Desktop\CRM\backend\node_modules\rate-limit-redis\dist\index.cjs:96:30)
    at createRateLimiter (C:\Users\user\OneDrive\Desktop\CRM\backend\middleware\rateLimiter.js:12:16)
    at Object.<anonymous> (C:\Users\user\OneDrive\Desktop\CRM\backend\middleware\rateLimiter.js:65:21)
    at Module._compile (node:internal/modules/cjs/loader:1730:14)
    at Object..js (node:internal/modules/cjs/loader:1895:10)
    at Module.load (node:internal/modules/cjs/loader:1465:32)
2026-01-28 12:48:23: (node:13296) MaxListenersExceededWarning: Possible EventEmitter memory leak detected. 11 error listeners added to [DailyRotateFile]. MaxListeners is 10. Use emitter.setMaxListeners() to increase limit
(Use `node --trace-warnings ...` to show where the warning was created)
2026-01-28 12:48:23: (node:13296) MaxListenersExceededWarning: Possible EventEmitter memory leak detected. 11 finish listeners added to [DailyRotateFile]. MaxListeners is 10. Use emitter.setMaxListeners() to increase limit
Error: bind EADDRINUSE null:5000
    at listenOnPrimaryHandle (node:net:2020:18)
    at shared (node:internal/cluster/child:157:3)
    at Worker.<anonymous> (node:internal/cluster/child:110:7)
    at process.onInternalMessage (node:internal/cluster/utils:49:5)
    at process.emit (node:events:530:35)
    at emit (node:internal/child_process:949:14)
    at process.processTicksAndRejections (node:internal/process/task_queues:91:21)
You have triggered an unhandledRejection, you may have forgotten to catch a Promise rejection:
Error: NOAUTH Authentication required
    at #decodeSimpleError (C:\Users\user\OneDrive\Desktop\CRM\backend\node_modules\@redis\client\dist\lib\RESP\decoder.js:457:13)
    at #decodeTypeValue (C:\Users\user\OneDrive\Desktop\CRM\backend\node_modules\@redis\client\dist\lib\RESP\decoder.js:104:91)
    at Decoder.write (C:\Users\user\OneDrive\Desktop\CRM\backend\node_modules\@redis\client\dist\lib\RESP\decoder.js:74:38)
    at RedisSocket.<anonymous> (C:\Users\user\OneDrive\Desktop\CRM\backend\node_modules\@redis\client\dist\lib\client\index.js:437:37)
    at RedisSocket.emit (node:events:518:28)
    at Socket.<anonymous> (C:\Users\user\OneDrive\Desktop\CRM\backend\node_modules\@redis\client\dist\lib\client\socket.js:235:38)
    at Socket.emit (node:events:518:28)
    at addChunk (node:internal/streams/readable:561:12)
    at readableAddChunkPushByteMode (node:internal/streams/readable:512:3)
    at Readable.push (node:internal/streams/readable:392:5)
    at TCP.onStreamRead (node:internal/stream_base_commons:189:23)
You have triggered an unhandledRejection, you may have forgotten to catch a Promise rejection:
Error: NOAUTH Authentication required
    at #decodeSimpleError (C:\Users\user\OneDrive\Desktop\CRM\backend\node_modules\@redis\client\dist\lib\RESP\decoder.js:457:13)
    at #decodeTypeValue (C:\Users\user\OneDrive\Desktop\CRM\backend\node_modules\@redis\client\dist\lib\RESP\decoder.js:104:91)
    at Decoder.write (C:\Users\user\OneDrive\Desktop\CRM\backend\node_modules\@redis\client\dist\lib\RESP\decoder.js:74:38)
    at RedisSocket.<anonymous> (C:\Users\user\OneDrive\Desktop\CRM\backend\node_modules\@redis\client\dist\lib\client\index.js:437:37)
    at RedisSocket.emit (node:events:518:28)
    at Socket.<anonymous> (C:\Users\user\OneDrive\Desktop\CRM\backend\node_modules\@redis\client\dist\lib\client\socket.js:235:38)
    at Socket.emit (node:events:518:28)
    at addChunk (node:internal/streams/readable:561:12)
    at readableAddChunkPushByteMode (node:internal/streams/readable:512:3)
    at Readable.push (node:internal/streams/readable:392:5)
    at TCP.onStreamRead (node:internal/stream_base_commons:189:23)
You have triggered an unhandledRejection, you may have forgotten to catch a Promise rejection:
Error: The client is closed
    at Class.sendCommand (C:\Users\user\OneDrive\Desktop\CRM\backend\node_modules\@redis\client\dist\lib\client\index.js:639:35)
    at RedisStore.sendCommand (C:\Users\user\OneDrive\Desktop\CRM\backend\middleware\rateLimiter.js:13:49)
    at RedisStore.sendCommand (C:\Users\user\OneDrive\Desktop\CRM\backend\node_modules\rate-limit-redis\dist\index.cjs:85:49)
    at RedisStore.loadIncrementScript (C:\Users\user\OneDrive\Desktop\CRM\backend\node_modules\rate-limit-redis\dist\index.cjs:102:31)
    at new RedisStore (C:\Users\user\OneDrive\Desktop\CRM\backend\node_modules\rate-limit-redis\dist\index.cjs:95:36)
    at createRateLimiter (C:\Users\user\OneDrive\Desktop\CRM\backend\middleware\rateLimiter.js:12:16)
    at Object.<anonymous> (C:\Users\user\OneDrive\Desktop\CRM\backend\middleware\rateLimiter.js:32:21)
    at Module._compile (node:internal/modules/cjs/loader:1730:14)
    at Object..js (node:internal/modules/cjs/loader:1895:10)
    at Module.load (node:internal/modules/cjs/loader:1465:32)
You have triggered an unhandledRejection, you may have forgotten to catch a Promise rejection:
Error: The client is closed
    at Class.sendCommand (C:\Users\user\OneDrive\Desktop\CRM\backend\node_modules\@redis\client\dist\lib\client\index.js:639:35)
    at RedisStore.sendCommand (C:\Users\user\OneDrive\Desktop\CRM\backend\middleware\rateLimiter.js:13:49)
    at RedisStore.sendCommand (C:\Users\user\OneDrive\Desktop\CRM\backend\node_modules\rate-limit-redis\dist\index.cjs:85:49)
    at RedisStore.loadGetScript (C:\Users\user\OneDrive\Desktop\CRM\backend\node_modules\rate-limit-redis\dist\index.cjs:116:31)
    at new RedisStore (C:\Users\user\OneDrive\Desktop\CRM\backend\node_modules\rate-limit-redis\dist\index.cjs:96:30)
    at createRateLimiter (C:\Users\user\OneDrive\Desktop\CRM\backend\middleware\rateLimiter.js:12:16)
    at Object.<anonymous> (C:\Users\user\OneDrive\Desktop\CRM\backend\middleware\rateLimiter.js:32:21)
    at Module._compile (node:internal/modules/cjs/loader:1730:14)
    at Object..js (node:internal/modules/cjs/loader:1895:10)
    at Module.load (node:internal/modules/cjs/loader:1465:32)
You have triggered an unhandledRejection, you may have forgotten to catch a Promise rejection:
Error: The client is closed
    at Class.sendCommand (C:\Users\user\OneDrive\Desktop\CRM\backend\node_modules\@redis\client\dist\lib\client\index.js:639:35)
    at RedisStore.sendCommand (C:\Users\user\OneDrive\Desktop\CRM\backend\middleware\rateLimiter.js:13:49)
    at RedisStore.sendCommand (C:\Users\user\OneDrive\Desktop\CRM\backend\node_modules\rate-limit-redis\dist\index.cjs:85:49)
    at RedisStore.loadIncrementScript (C:\Users\user\OneDrive\Desktop\CRM\backend\node_modules\rate-limit-redis\dist\index.cjs:102:31)
    at new RedisStore (C:\Users\user\OneDrive\Desktop\CRM\backend\node_modules\rate-limit-redis\dist\index.cjs:95:36)
    at createRateLimiter (C:\Users\user\OneDrive\Desktop\CRM\backend\middleware\rateLimiter.js:12:16)
    at Object.<anonymous> (C:\Users\user\OneDrive\Desktop\CRM\backend\middleware\rateLimiter.js:41:20)
    at Module._compile (node:internal/modules/cjs/loader:1730:14)
    at Object..js (node:internal/modules/cjs/loader:1895:10)
    at Module.load (node:internal/modules/cjs/loader:1465:32)
You have triggered an unhandledRejection, you may have forgotten to catch a Promise rejection:
Error: The client is closed
    at Class.sendCommand (C:\Users\user\OneDrive\Desktop\CRM\backend\node_modules\@redis\client\dist\lib\client\index.js:639:35)
    at RedisStore.sendCommand (C:\Users\user\OneDrive\Desktop\CRM\backend\middleware\rateLimiter.js:13:49)
    at RedisStore.sendCommand (C:\Users\user\OneDrive\Desktop\CRM\backend\node_modules\rate-limit-redis\dist\index.cjs:85:49)
    at RedisStore.loadGetScript (C:\Users\user\OneDrive\Desktop\CRM\backend\node_modules\rate-limit-redis\dist\index.cjs:116:31)
    at new RedisStore (C:\Users\user\OneDrive\Desktop\CRM\backend\node_modules\rate-limit-redis\dist\index.cjs:96:30)
    at createRateLimiter (C:\Users\user\OneDrive\Desktop\CRM\backend\middleware\rateLimiter.js:12:16)
    at Object.<anonymous> (C:\Users\user\OneDrive\Desktop\CRM\backend\middleware\rateLimiter.js:41:20)
    at Module._compile (node:internal/modules/cjs/loader:1730:14)
    at Object..js (node:internal/modules/cjs/loader:1895:10)
    at Module.load (node:internal/modules/cjs/loader:1465:32)
You have triggered an unhandledRejection, you may have forgotten to catch a Promise rejection:
Error: The client is closed
    at Class.sendCommand (C:\Users\user\OneDrive\Desktop\CRM\backend\node_modules\@redis\client\dist\lib\client\index.js:639:35)
    at RedisStore.sendCommand (C:\Users\user\OneDrive\Desktop\CRM\backend\middleware\rateLimiter.js:13:49)
    at RedisStore.sendCommand (C:\Users\user\OneDrive\Desktop\CRM\backend\node_modules\rate-limit-redis\dist\index.cjs:85:49)
    at RedisStore.loadIncrementScript (C:\Users\user\OneDrive\Desktop\CRM\backend\node_modules\rate-limit-redis\dist\index.cjs:102:31)
    at new RedisStore (C:\Users\user\OneDrive\Desktop\CRM\backend\node_modules\rate-limit-redis\dist\index.cjs:95:36)
    at createRateLimiter (C:\Users\user\OneDrive\Desktop\CRM\backend\middleware\rateLimiter.js:12:16)
    at Object.<anonymous> (C:\Users\user\OneDrive\Desktop\CRM\backend\middleware\rateLimiter.js:49:23)
    at Module._compile (node:internal/modules/cjs/loader:1730:14)
    at Object..js (node:internal/modules/cjs/loader:1895:10)
    at Module.load (node:internal/modules/cjs/loader:1465:32)
You have triggered an unhandledRejection, you may have forgotten to catch a Promise rejection:
Error: The client is closed
    at Class.sendCommand (C:\Users\user\OneDrive\Desktop\CRM\backend\node_modules\@redis\client\dist\lib\client\index.js:639:35)
    at RedisStore.sendCommand (C:\Users\user\OneDrive\Desktop\CRM\backend\middleware\rateLimiter.js:13:49)
    at RedisStore.sendCommand (C:\Users\user\OneDrive\Desktop\CRM\backend\node_modules\rate-limit-redis\dist\index.cjs:85:49)
    at RedisStore.loadGetScript (C:\Users\user\OneDrive\Desktop\CRM\backend\node_modules\rate-limit-redis\dist\index.cjs:116:31)
    at new RedisStore (C:\Users\user\OneDrive\Desktop\CRM\backend\node_modules\rate-limit-redis\dist\index.cjs:96:30)
    at createRateLimiter (C:\Users\user\OneDrive\Desktop\CRM\backend\middleware\rateLimiter.js:12:16)
    at Object.<anonymous> (C:\Users\user\OneDrive\Desktop\CRM\backend\middleware\rateLimiter.js:49:23)
    at Module._compile (node:internal/modules/cjs/loader:1730:14)
    at Object..js (node:internal/modules/cjs/loader:1895:10)
    at Module.load (node:internal/modules/cjs/loader:1465:32)
You have triggered an unhandledRejection, you may have forgotten to catch a Promise rejection:
Error: The client is closed
    at Class.sendCommand (C:\Users\user\OneDrive\Desktop\CRM\backend\node_modules\@redis\client\dist\lib\client\index.js:639:35)
    at RedisStore.sendCommand (C:\Users\user\OneDrive\Desktop\CRM\backend\middleware\rateLimiter.js:13:49)
    at RedisStore.sendCommand (C:\Users\user\OneDrive\Desktop\CRM\backend\node_modules\rate-limit-redis\dist\index.cjs:85:49)
    at RedisStore.loadIncrementScript (C:\Users\user\OneDrive\Desktop\CRM\backend\node_modules\rate-limit-redis\dist\index.cjs:102:31)
    at new RedisStore (C:\Users\user\OneDrive\Desktop\CRM\backend\node_modules\rate-limit-redis\dist\index.cjs:95:36)
    at createRateLimiter (C:\Users\user\OneDrive\Desktop\CRM\backend\middleware\rateLimiter.js:12:16)
    at Object.<anonymous> (C:\Users\user\OneDrive\Desktop\CRM\backend\middleware\rateLimiter.js:57:25)
    at Module._compile (node:internal/modules/cjs/loader:1730:14)
    at Object..js (node:internal/modules/cjs/loader:1895:10)
    at Module.load (node:internal/modules/cjs/loader:1465:32)
You have triggered an unhandledRejection, you may have forgotten to catch a Promise rejection:
Error: The client is closed
    at Class.sendCommand (C:\Users\user\OneDrive\Desktop\CRM\backend\node_modules\@redis\client\dist\lib\client\index.js:639:35)
    at RedisStore.sendCommand (C:\Users\user\OneDrive\Desktop\CRM\backend\middleware\rateLimiter.js:13:49)
    at RedisStore.sendCommand (C:\Users\user\OneDrive\Desktop\CRM\backend\node_modules\rate-limit-redis\dist\index.cjs:85:49)
    at RedisStore.loadGetScript (C:\Users\user\OneDrive\Desktop\CRM\backend\node_modules\rate-limit-redis\dist\index.cjs:116:31)
    at new RedisStore (C:\Users\user\OneDrive\Desktop\CRM\backend\node_modules\rate-limit-redis\dist\index.cjs:96:30)
    at createRateLimiter (C:\Users\user\OneDrive\Desktop\CRM\backend\middleware\rateLimiter.js:12:16)
    at Object.<anonymous> (C:\Users\user\OneDrive\Desktop\CRM\backend\middleware\rateLimiter.js:57:25)
    at Module._compile (node:internal/modules/cjs/loader:1730:14)
    at Object..js (node:internal/modules/cjs/loader:1895:10)
    at Module.load (node:internal/modules/cjs/loader:1465:32)
You have triggered an unhandledRejection, you may have forgotten to catch a Promise rejection:
Error: The client is closed
    at Class.sendCommand (C:\Users\user\OneDrive\Desktop\CRM\backend\node_modules\@redis\client\dist\lib\client\index.js:639:35)
    at RedisStore.sendCommand (C:\Users\user\OneDrive\Desktop\CRM\backend\middleware\rateLimiter.js:13:49)
    at RedisStore.sendCommand (C:\Users\user\OneDrive\Desktop\CRM\backend\node_modules\rate-limit-redis\dist\index.cjs:85:49)
    at RedisStore.loadIncrementScript (C:\Users\user\OneDrive\Desktop\CRM\backend\node_modules\rate-limit-redis\dist\index.cjs:102:31)
    at new RedisStore (C:\Users\user\OneDrive\Desktop\CRM\backend\node_modules\rate-limit-redis\dist\index.cjs:95:36)
    at createRateLimiter (C:\Users\user\OneDrive\Desktop\CRM\backend\middleware\rateLimiter.js:12:16)
    at Object.<anonymous> (C:\Users\user\OneDrive\Desktop\CRM\backend\middleware\rateLimiter.js:65:21)
    at Module._compile (node:internal/modules/cjs/loader:1730:14)
    at Object..js (node:internal/modules/cjs/loader:1895:10)
    at Module.load (node:internal/modules/cjs/loader:1465:32)
You have triggered an unhandledRejection, you may have forgotten to catch a Promise rejection:
Error: The client is closed
    at Class.sendCommand (C:\Users\user\OneDrive\Desktop\CRM\backend\node_modules\@redis\client\dist\lib\client\index.js:639:35)
    at RedisStore.sendCommand (C:\Users\user\OneDrive\Desktop\CRM\backend\middleware\rateLimiter.js:13:49)
    at RedisStore.sendCommand (C:\Users\user\OneDrive\Desktop\CRM\backend\node_modules\rate-limit-redis\dist\index.cjs:85:49)
    at RedisStore.loadGetScript (C:\Users\user\OneDrive\Desktop\CRM\backend\node_modules\rate-limit-redis\dist\index.cjs:116:31)
    at new RedisStore (C:\Users\user\OneDrive\Desktop\CRM\backend\node_modules\rate-limit-redis\dist\index.cjs:96:30)
    at createRateLimiter (C:\Users\user\OneDrive\Desktop\CRM\backend\middleware\rateLimiter.js:12:16)
    at Object.<anonymous> (C:\Users\user\OneDrive\Desktop\CRM\backend\middleware\rateLimiter.js:65:21)
    at Module._compile (node:internal/modules/cjs/loader:1730:14)
    at Object..js (node:internal/modules/cjs/loader:1895:10)
    at Module.load (node:internal/modules/cjs/loader:1465:32)
2026-01-28 12:48:35: (node:14956) MaxListenersExceededWarning: Possible EventEmitter memory leak detected. 11 error listeners added to [DailyRotateFile]. MaxListeners is 10. Use emitter.setMaxListeners() to increase limit
(Use `node --trace-warnings ...` to show where the warning was created)
2026-01-28 12:48:35: (node:14956) MaxListenersExceededWarning: Possible EventEmitter memory leak detected. 11 finish listeners added to [DailyRotateFile]. MaxListeners is 10. Use emitter.setMaxListeners() to increase limit
Error: bind EADDRINUSE null:5000
    at listenOnPrimaryHandle (node:net:2020:18)
    at shared (node:internal/cluster/child:157:3)
    at Worker.<anonymous> (node:internal/cluster/child:110:7)
    at process.onInternalMessage (node:internal/cluster/utils:49:5)
    at process.emit (node:events:530:35)
    at emit (node:internal/child_process:949:14)
    at process.processTicksAndRejections (node:internal/process/task_queues:91:21)
You have triggered an unhandledRejection, you may have forgotten to catch a Promise rejection:
Error: NOAUTH Authentication required
    at #decodeSimpleError (C:\Users\user\OneDrive\Desktop\CRM\backend\node_modules\@redis\client\dist\lib\RESP\decoder.js:457:13)
    at #decodeTypeValue (C:\Users\user\OneDrive\Desktop\CRM\backend\node_modules\@redis\client\dist\lib\RESP\decoder.js:104:91)
    at Decoder.write (C:\Users\user\OneDrive\Desktop\CRM\backend\node_modules\@redis\client\dist\lib\RESP\decoder.js:74:38)
    at RedisSocket.<anonymous> (C:\Users\user\OneDrive\Desktop\CRM\backend\node_modules\@redis\client\dist\lib\client\index.js:437:37)
    at RedisSocket.emit (node:events:518:28)
    at Socket.<anonymous> (C:\Users\user\OneDrive\Desktop\CRM\backend\node_modules\@redis\client\dist\lib\client\socket.js:235:38)
    at Socket.emit (node:events:518:28)
    at addChunk (node:internal/streams/readable:561:12)
    at readableAddChunkPushByteMode (node:internal/streams/readable:512:3)
    at Readable.push (node:internal/streams/readable:392:5)
    at TCP.onStreamRead (node:internal/stream_base_commons:189:23)
You have triggered an unhandledRejection, you may have forgotten to catch a Promise rejection:
Error: NOAUTH Authentication required
    at #decodeSimpleError (C:\Users\user\OneDrive\Desktop\CRM\backend\node_modules\@redis\client\dist\lib\RESP\decoder.js:457:13)
    at #decodeTypeValue (C:\Users\user\OneDrive\Desktop\CRM\backend\node_modules\@redis\client\dist\lib\RESP\decoder.js:104:91)
    at Decoder.write (C:\Users\user\OneDrive\Desktop\CRM\backend\node_modules\@redis\client\dist\lib\RESP\decoder.js:74:38)
    at RedisSocket.<anonymous> (C:\Users\user\OneDrive\Desktop\CRM\backend\node_modules\@redis\client\dist\lib\client\index.js:437:37)
    at RedisSocket.emit (node:events:518:28)
    at Socket.<anonymous> (C:\Users\user\OneDrive\Desktop\CRM\backend\node_modules\@redis\client\dist\lib\client\socket.js:235:38)
    at Socket.emit (node:events:518:28)
    at addChunk (node:internal/streams/readable:561:12)
    at readableAddChunkPushByteMode (node:internal/streams/readable:512:3)
    at Readable.push (node:internal/streams/readable:392:5)
    at TCP.onStreamRead (node:internal/stream_base_commons:189:23)
You have triggered an unhandledRejection, you may have forgotten to catch a Promise rejection:
Error: The client is closed
    at Class.sendCommand (C:\Users\user\OneDrive\Desktop\CRM\backend\node_modules\@redis\client\dist\lib\client\index.js:639:35)
    at RedisStore.sendCommand (C:\Users\user\OneDrive\Desktop\CRM\backend\middleware\rateLimiter.js:13:49)
    at RedisStore.sendCommand (C:\Users\user\OneDrive\Desktop\CRM\backend\node_modules\rate-limit-redis\dist\index.cjs:85:49)
    at RedisStore.loadIncrementScript (C:\Users\user\OneDrive\Desktop\CRM\backend\node_modules\rate-limit-redis\dist\index.cjs:102:31)
    at new RedisStore (C:\Users\user\OneDrive\Desktop\CRM\backend\node_modules\rate-limit-redis\dist\index.cjs:95:36)
    at createRateLimiter (C:\Users\user\OneDrive\Desktop\CRM\backend\middleware\rateLimiter.js:12:16)
    at Object.<anonymous> (C:\Users\user\OneDrive\Desktop\CRM\backend\middleware\rateLimiter.js:32:21)
    at Module._compile (node:internal/modules/cjs/loader:1730:14)
    at Object..js (node:internal/modules/cjs/loader:1895:10)
    at Module.load (node:internal/modules/cjs/loader:1465:32)
You have triggered an unhandledRejection, you may have forgotten to catch a Promise rejection:
Error: The client is closed
    at Class.sendCommand (C:\Users\user\OneDrive\Desktop\CRM\backend\node_modules\@redis\client\dist\lib\client\index.js:639:35)
    at RedisStore.sendCommand (C:\Users\user\OneDrive\Desktop\CRM\backend\middleware\rateLimiter.js:13:49)
    at RedisStore.sendCommand (C:\Users\user\OneDrive\Desktop\CRM\backend\node_modules\rate-limit-redis\dist\index.cjs:85:49)
    at RedisStore.loadGetScript (C:\Users\user\OneDrive\Desktop\CRM\backend\node_modules\rate-limit-redis\dist\index.cjs:116:31)
    at new RedisStore (C:\Users\user\OneDrive\Desktop\CRM\backend\node_modules\rate-limit-redis\dist\index.cjs:96:30)
    at createRateLimiter (C:\Users\user\OneDrive\Desktop\CRM\backend\middleware\rateLimiter.js:12:16)
    at Object.<anonymous> (C:\Users\user\OneDrive\Desktop\CRM\backend\middleware\rateLimiter.js:32:21)
    at Module._compile (node:internal/modules/cjs/loader:1730:14)
    at Object..js (node:internal/modules/cjs/loader:1895:10)
    at Module.load (node:internal/modules/cjs/loader:1465:32)
You have triggered an unhandledRejection, you may have forgotten to catch a Promise rejection:
Error: The client is closed
    at Class.sendCommand (C:\Users\user\OneDrive\Desktop\CRM\backend\node_modules\@redis\client\dist\lib\client\index.js:639:35)
    at RedisStore.sendCommand (C:\Users\user\OneDrive\Desktop\CRM\backend\middleware\rateLimiter.js:13:49)
    at RedisStore.sendCommand (C:\Users\user\OneDrive\Desktop\CRM\backend\node_modules\rate-limit-redis\dist\index.cjs:85:49)
    at RedisStore.loadIncrementScript (C:\Users\user\OneDrive\Desktop\CRM\backend\node_modules\rate-limit-redis\dist\index.cjs:102:31)
    at new RedisStore (C:\Users\user\OneDrive\Desktop\CRM\backend\node_modules\rate-limit-redis\dist\index.cjs:95:36)
    at createRateLimiter (C:\Users\user\OneDrive\Desktop\CRM\backend\middleware\rateLimiter.js:12:16)
    at Object.<anonymous> (C:\Users\user\OneDrive\Desktop\CRM\backend\middleware\rateLimiter.js:41:20)
    at Module._compile (node:internal/modules/cjs/loader:1730:14)
    at Object..js (node:internal/modules/cjs/loader:1895:10)
    at Module.load (node:internal/modules/cjs/loader:1465:32)
You have triggered an unhandledRejection, you may have forgotten to catch a Promise rejection:
Error: The client is closed
    at Class.sendCommand (C:\Users\user\OneDrive\Desktop\CRM\backend\node_modules\@redis\client\dist\lib\client\index.js:639:35)
    at RedisStore.sendCommand (C:\Users\user\OneDrive\Desktop\CRM\backend\middleware\rateLimiter.js:13:49)
    at RedisStore.sendCommand (C:\Users\user\OneDrive\Desktop\CRM\backend\node_modules\rate-limit-redis\dist\index.cjs:85:49)
    at RedisStore.loadGetScript (C:\Users\user\OneDrive\Desktop\CRM\backend\node_modules\rate-limit-redis\dist\index.cjs:116:31)
    at new RedisStore (C:\Users\user\OneDrive\Desktop\CRM\backend\node_modules\rate-limit-redis\dist\index.cjs:96:30)
    at createRateLimiter (C:\Users\user\OneDrive\Desktop\CRM\backend\middleware\rateLimiter.js:12:16)
    at Object.<anonymous> (C:\Users\user\OneDrive\Desktop\CRM\backend\middleware\rateLimiter.js:41:20)
    at Module._compile (node:internal/modules/cjs/loader:1730:14)
    at Object..js (node:internal/modules/cjs/loader:1895:10)
    at Module.load (node:internal/modules/cjs/loader:1465:32)
You have triggered an unhandledRejection, you may have forgotten to catch a Promise rejection:
Error: The client is closed
    at Class.sendCommand (C:\Users\user\OneDrive\Desktop\CRM\backend\node_modules\@redis\client\dist\lib\client\index.js:639:35)
    at RedisStore.sendCommand (C:\Users\user\OneDrive\Desktop\CRM\backend\middleware\rateLimiter.js:13:49)
    at RedisStore.sendCommand (C:\Users\user\OneDrive\Desktop\CRM\backend\node_modules\rate-limit-redis\dist\index.cjs:85:49)
    at RedisStore.loadIncrementScript (C:\Users\user\OneDrive\Desktop\CRM\backend\node_modules\rate-limit-redis\dist\index.cjs:102:31)
    at new RedisStore (C:\Users\user\OneDrive\Desktop\CRM\backend\node_modules\rate-limit-redis\dist\index.cjs:95:36)
    at createRateLimiter (C:\Users\user\OneDrive\Desktop\CRM\backend\middleware\rateLimiter.js:12:16)
    at Object.<anonymous> (C:\Users\user\OneDrive\Desktop\CRM\backend\middleware\rateLimiter.js:49:23)
    at Module._compile (node:internal/modules/cjs/loader:1730:14)
    at Object..js (node:internal/modules/cjs/loader:1895:10)
    at Module.load (node:internal/modules/cjs/loader:1465:32)
You have triggered an unhandledRejection, you may have forgotten to catch a Promise rejection:
Error: The client is closed
    at Class.sendCommand (C:\Users\user\OneDrive\Desktop\CRM\backend\node_modules\@redis\client\dist\lib\client\index.js:639:35)
    at RedisStore.sendCommand (C:\Users\user\OneDrive\Desktop\CRM\backend\middleware\rateLimiter.js:13:49)
    at RedisStore.sendCommand (C:\Users\user\OneDrive\Desktop\CRM\backend\node_modules\rate-limit-redis\dist\index.cjs:85:49)
    at RedisStore.loadGetScript (C:\Users\user\OneDrive\Desktop\CRM\backend\node_modules\rate-limit-redis\dist\index.cjs:116:31)
    at new RedisStore (C:\Users\user\OneDrive\Desktop\CRM\backend\node_modules\rate-limit-redis\dist\index.cjs:96:30)
    at createRateLimiter (C:\Users\user\OneDrive\Desktop\CRM\backend\middleware\rateLimiter.js:12:16)
    at Object.<anonymous> (C:\Users\user\OneDrive\Desktop\CRM\backend\middleware\rateLimiter.js:49:23)
    at Module._compile (node:internal/modules/cjs/loader:1730:14)
    at Object..js (node:internal/modules/cjs/loader:1895:10)
    at Module.load (node:internal/modules/cjs/loader:1465:32)
You have triggered an unhandledRejection, you may have forgotten to catch a Promise rejection:
Error: The client is closed
    at Class.sendCommand (C:\Users\user\OneDrive\Desktop\CRM\backend\node_modules\@redis\client\dist\lib\client\index.js:639:35)
    at RedisStore.sendCommand (C:\Users\user\OneDrive\Desktop\CRM\backend\middleware\rateLimiter.js:13:49)
    at RedisStore.sendCommand (C:\Users\user\OneDrive\Desktop\CRM\backend\node_modules\rate-limit-redis\dist\index.cjs:85:49)
    at RedisStore.loadIncrementScript (C:\Users\user\OneDrive\Desktop\CRM\backend\node_modules\rate-limit-redis\dist\index.cjs:102:31)
    at new RedisStore (C:\Users\user\OneDrive\Desktop\CRM\backend\node_modules\rate-limit-redis\dist\index.cjs:95:36)
    at createRateLimiter (C:\Users\user\OneDrive\Desktop\CRM\backend\middleware\rateLimiter.js:12:16)
    at Object.<anonymous> (C:\Users\user\OneDrive\Desktop\CRM\backend\middleware\rateLimiter.js:57:25)
    at Module._compile (node:internal/modules/cjs/loader:1730:14)
    at Object..js (node:internal/modules/cjs/loader:1895:10)
    at Module.load (node:internal/modules/cjs/loader:1465:32)
You have triggered an unhandledRejection, you may have forgotten to catch a Promise rejection:
Error: The client is closed
    at Class.sendCommand (C:\Users\user\OneDrive\Desktop\CRM\backend\node_modules\@redis\client\dist\lib\client\index.js:639:35)
    at RedisStore.sendCommand (C:\Users\user\OneDrive\Desktop\CRM\backend\middleware\rateLimiter.js:13:49)
    at RedisStore.sendCommand (C:\Users\user\OneDrive\Desktop\CRM\backend\node_modules\rate-limit-redis\dist\index.cjs:85:49)
    at RedisStore.loadGetScript (C:\Users\user\OneDrive\Desktop\CRM\backend\node_modules\rate-limit-redis\dist\index.cjs:116:31)
    at new RedisStore (C:\Users\user\OneDrive\Desktop\CRM\backend\node_modules\rate-limit-redis\dist\index.cjs:96:30)
    at createRateLimiter (C:\Users\user\OneDrive\Desktop\CRM\backend\middleware\rateLimiter.js:12:16)
    at Object.<anonymous> (C:\Users\user\OneDrive\Desktop\CRM\backend\middleware\rateLimiter.js:57:25)
    at Module._compile (node:internal/modules/cjs/loader:1730:14)
    at Object..js (node:internal/modules/cjs/loader:1895:10)
    at Module.load (node:internal/modules/cjs/loader:1465:32)
You have triggered an unhandledRejection, you may have forgotten to catch a Promise rejection:
Error: The client is closed
    at Class.sendCommand (C:\Users\user\OneDrive\Desktop\CRM\backend\node_modules\@redis\client\dist\lib\client\index.js:639:35)
    at RedisStore.sendCommand (C:\Users\user\OneDrive\Desktop\CRM\backend\middleware\rateLimiter.js:13:49)
    at RedisStore.sendCommand (C:\Users\user\OneDrive\Desktop\CRM\backend\node_modules\rate-limit-redis\dist\index.cjs:85:49)
    at RedisStore.loadIncrementScript (C:\Users\user\OneDrive\Desktop\CRM\backend\node_modules\rate-limit-redis\dist\index.cjs:102:31)
    at new RedisStore (C:\Users\user\OneDrive\Desktop\CRM\backend\node_modules\rate-limit-redis\dist\index.cjs:95:36)
    at createRateLimiter (C:\Users\user\OneDrive\Desktop\CRM\backend\middleware\rateLimiter.js:12:16)
    at Object.<anonymous> (C:\Users\user\OneDrive\Desktop\CRM\backend\middleware\rateLimiter.js:65:21)
    at Module._compile (node:internal/modules/cjs/loader:1730:14)
    at Object..js (node:internal/modules/cjs/loader:1895:10)
    at Module.load (node:internal/modules/cjs/loader:1465:32)
You have triggered an unhandledRejection, you may have forgotten to catch a Promise rejection:
Error: The client is closed
    at Class.sendCommand (C:\Users\user\OneDrive\Desktop\CRM\backend\node_modules\@redis\client\dist\lib\client\index.js:639:35)
    at RedisStore.sendCommand (C:\Users\user\OneDrive\Desktop\CRM\backend\middleware\rateLimiter.js:13:49)
    at RedisStore.sendCommand (C:\Users\user\OneDrive\Desktop\CRM\backend\node_modules\rate-limit-redis\dist\index.cjs:85:49)
    at RedisStore.loadGetScript (C:\Users\user\OneDrive\Desktop\CRM\backend\node_modules\rate-limit-redis\dist\index.cjs:116:31)
    at new RedisStore (C:\Users\user\OneDrive\Desktop\CRM\backend\node_modules\rate-limit-redis\dist\index.cjs:96:30)
    at createRateLimiter (C:\Users\user\OneDrive\Desktop\CRM\backend\middleware\rateLimiter.js:12:16)
    at Object.<anonymous> (C:\Users\user\OneDrive\Desktop\CRM\backend\middleware\rateLimiter.js:65:21)
    at Module._compile (node:internal/modules/cjs/loader:1730:14)
    at Object..js (node:internal/modules/cjs/loader:1895:10)
    at Module.load (node:internal/modules/cjs/loader:1465:32)
2026-01-28 12:48:45: (node:4252) MaxListenersExceededWarning: Possible EventEmitter memory leak detected. 11 error listeners added to [DailyRotateFile]. MaxListeners is 10. Use emitter.setMaxListeners() to increase limit
(Use `node --trace-warnings ...` to show where the warning was created)
2026-01-28 12:48:45: (node:4252) MaxListenersExceededWarning: Possible EventEmitter memory leak detected. 11 finish listeners added to [DailyRotateFile]. MaxListeners is 10. Use emitter.setMaxListeners() to increase limit
Error: bind EADDRINUSE null:5000
    at listenOnPrimaryHandle (node:net:2020:18)
    at shared (node:internal/cluster/child:157:3)
    at Worker.<anonymous> (node:internal/cluster/child:110:7)
    at process.onInternalMessage (node:internal/cluster/utils:49:5)
    at process.emit (node:events:530:35)
    at emit (node:internal/child_process:949:14)
    at process.processTicksAndRejections (node:internal/process/task_queues:91:21)
You have triggered an unhandledRejection, you may have forgotten to catch a Promise rejection:
Error: NOAUTH Authentication required
    at #decodeSimpleError (C:\Users\user\OneDrive\Desktop\CRM\backend\node_modules\@redis\client\dist\lib\RESP\decoder.js:457:13)
    at #decodeTypeValue (C:\Users\user\OneDrive\Desktop\CRM\backend\node_modules\@redis\client\dist\lib\RESP\decoder.js:104:91)
    at Decoder.write (C:\Users\user\OneDrive\Desktop\CRM\backend\node_modules\@redis\client\dist\lib\RESP\decoder.js:74:38)
    at RedisSocket.<anonymous> (C:\Users\user\OneDrive\Desktop\CRM\backend\node_modules\@redis\client\dist\lib\client\index.js:437:37)
    at RedisSocket.emit (node:events:518:28)
    at Socket.<anonymous> (C:\Users\user\OneDrive\Desktop\CRM\backend\node_modules\@redis\client\dist\lib\client\socket.js:235:38)
    at Socket.emit (node:events:518:28)
    at addChunk (node:internal/streams/readable:561:12)
    at readableAddChunkPushByteMode (node:internal/streams/readable:512:3)
    at Readable.push (node:internal/streams/readable:392:5)
    at TCP.onStreamRead (node:internal/stream_base_commons:189:23)
You have triggered an unhandledRejection, you may have forgotten to catch a Promise rejection:
Error: NOAUTH Authentication required
    at #decodeSimpleError (C:\Users\user\OneDrive\Desktop\CRM\backend\node_modules\@redis\client\dist\lib\RESP\decoder.js:457:13)
    at #decodeTypeValue (C:\Users\user\OneDrive\Desktop\CRM\backend\node_modules\@redis\client\dist\lib\RESP\decoder.js:104:91)
    at Decoder.write (C:\Users\user\OneDrive\Desktop\CRM\backend\node_modules\@redis\client\dist\lib\RESP\decoder.js:74:38)
    at RedisSocket.<anonymous> (C:\Users\user\OneDrive\Desktop\CRM\backend\node_modules\@redis\client\dist\lib\client\index.js:437:37)
    at RedisSocket.emit (node:events:518:28)
    at Socket.<anonymous> (C:\Users\user\OneDrive\Desktop\CRM\backend\node_modules\@redis\client\dist\lib\client\socket.js:235:38)
    at Socket.emit (node:events:518:28)
    at addChunk (node:internal/streams/readable:561:12)
    at readableAddChunkPushByteMode (node:internal/streams/readable:512:3)
    at Readable.push (node:internal/streams/readable:392:5)
    at TCP.onStreamRead (node:internal/stream_base_commons:189:23)
You have triggered an unhandledRejection, you may have forgotten to catch a Promise rejection:
Error: The client is closed
    at Class.sendCommand (C:\Users\user\OneDrive\Desktop\CRM\backend\node_modules\@redis\client\dist\lib\client\index.js:639:35)
    at RedisStore.sendCommand (C:\Users\user\OneDrive\Desktop\CRM\backend\middleware\rateLimiter.js:13:49)
    at RedisStore.sendCommand (C:\Users\user\OneDrive\Desktop\CRM\backend\node_modules\rate-limit-redis\dist\index.cjs:85:49)
    at RedisStore.loadIncrementScript (C:\Users\user\OneDrive\Desktop\CRM\backend\node_modules\rate-limit-redis\dist\index.cjs:102:31)
    at new RedisStore (C:\Users\user\OneDrive\Desktop\CRM\backend\node_modules\rate-limit-redis\dist\index.cjs:95:36)
    at createRateLimiter (C:\Users\user\OneDrive\Desktop\CRM\backend\middleware\rateLimiter.js:12:16)
    at Object.<anonymous> (C:\Users\user\OneDrive\Desktop\CRM\backend\middleware\rateLimiter.js:32:21)
    at Module._compile (node:internal/modules/cjs/loader:1730:14)
    at Object..js (node:internal/modules/cjs/loader:1895:10)
    at Module.load (node:internal/modules/cjs/loader:1465:32)
You have triggered an unhandledRejection, you may have forgotten to catch a Promise rejection:
Error: The client is closed
    at Class.sendCommand (C:\Users\user\OneDrive\Desktop\CRM\backend\node_modules\@redis\client\dist\lib\client\index.js:639:35)
    at RedisStore.sendCommand (C:\Users\user\OneDrive\Desktop\CRM\backend\middleware\rateLimiter.js:13:49)
    at RedisStore.sendCommand (C:\Users\user\OneDrive\Desktop\CRM\backend\node_modules\rate-limit-redis\dist\index.cjs:85:49)
    at RedisStore.loadGetScript (C:\Users\user\OneDrive\Desktop\CRM\backend\node_modules\rate-limit-redis\dist\index.cjs:116:31)
    at new RedisStore (C:\Users\user\OneDrive\Desktop\CRM\backend\node_modules\rate-limit-redis\dist\index.cjs:96:30)
    at createRateLimiter (C:\Users\user\OneDrive\Desktop\CRM\backend\middleware\rateLimiter.js:12:16)
    at Object.<anonymous> (C:\Users\user\OneDrive\Desktop\CRM\backend\middleware\rateLimiter.js:32:21)
    at Module._compile (node:internal/modules/cjs/loader:1730:14)
    at Object..js (node:internal/modules/cjs/loader:1895:10)
    at Module.load (node:internal/modules/cjs/loader:1465:32)
You have triggered an unhandledRejection, you may have forgotten to catch a Promise rejection:
Error: The client is closed
    at Class.sendCommand (C:\Users\user\OneDrive\Desktop\CRM\backend\node_modules\@redis\client\dist\lib\client\index.js:639:35)
    at RedisStore.sendCommand (C:\Users\user\OneDrive\Desktop\CRM\backend\middleware\rateLimiter.js:13:49)
    at RedisStore.sendCommand (C:\Users\user\OneDrive\Desktop\CRM\backend\node_modules\rate-limit-redis\dist\index.cjs:85:49)
    at RedisStore.loadIncrementScript (C:\Users\user\OneDrive\Desktop\CRM\backend\node_modules\rate-limit-redis\dist\index.cjs:102:31)
    at new RedisStore (C:\Users\user\OneDrive\Desktop\CRM\backend\node_modules\rate-limit-redis\dist\index.cjs:95:36)
    at createRateLimiter (C:\Users\user\OneDrive\Desktop\CRM\backend\middleware\rateLimiter.js:12:16)
    at Object.<anonymous> (C:\Users\user\OneDrive\Desktop\CRM\backend\middleware\rateLimiter.js:41:20)
    at Module._compile (node:internal/modules/cjs/loader:1730:14)
    at Object..js (node:internal/modules/cjs/loader:1895:10)
    at Module.load (node:internal/modules/cjs/loader:1465:32)
You have triggered an unhandledRejection, you may have forgotten to catch a Promise rejection:
Error: The client is closed
    at Class.sendCommand (C:\Users\user\OneDrive\Desktop\CRM\backend\node_modules\@redis\client\dist\lib\client\index.js:639:35)
    at RedisStore.sendCommand (C:\Users\user\OneDrive\Desktop\CRM\backend\middleware\rateLimiter.js:13:49)
    at RedisStore.sendCommand (C:\Users\user\OneDrive\Desktop\CRM\backend\node_modules\rate-limit-redis\dist\index.cjs:85:49)
    at RedisStore.loadGetScript (C:\Users\user\OneDrive\Desktop\CRM\backend\node_modules\rate-limit-redis\dist\index.cjs:116:31)
    at new RedisStore (C:\Users\user\OneDrive\Desktop\CRM\backend\node_modules\rate-limit-redis\dist\index.cjs:96:30)
    at createRateLimiter (C:\Users\user\OneDrive\Desktop\CRM\backend\middleware\rateLimiter.js:12:16)
    at Object.<anonymous> (C:\Users\user\OneDrive\Desktop\CRM\backend\middleware\rateLimiter.js:41:20)
    at Module._compile (node:internal/modules/cjs/loader:1730:14)
    at Object..js (node:internal/modules/cjs/loader:1895:10)
    at Module.load (node:internal/modules/cjs/loader:1465:32)
You have triggered an unhandledRejection, you may have forgotten to catch a Promise rejection:
Error: The client is closed
    at Class.sendCommand (C:\Users\user\OneDrive\Desktop\CRM\backend\node_modules\@redis\client\dist\lib\client\index.js:639:35)
    at RedisStore.sendCommand (C:\Users\user\OneDrive\Desktop\CRM\backend\middleware\rateLimiter.js:13:49)
    at RedisStore.sendCommand (C:\Users\user\OneDrive\Desktop\CRM\backend\node_modules\rate-limit-redis\dist\index.cjs:85:49)
    at RedisStore.loadIncrementScript (C:\Users\user\OneDrive\Desktop\CRM\backend\node_modules\rate-limit-redis\dist\index.cjs:102:31)
    at new RedisStore (C:\Users\user\OneDrive\Desktop\CRM\backend\node_modules\rate-limit-redis\dist\index.cjs:95:36)
    at createRateLimiter (C:\Users\user\OneDrive\Desktop\CRM\backend\middleware\rateLimiter.js:12:16)
    at Object.<anonymous> (C:\Users\user\OneDrive\Desktop\CRM\backend\middleware\rateLimiter.js:49:23)
    at Module._compile (node:internal/modules/cjs/loader:1730:14)
    at Object..js (node:internal/modules/cjs/loader:1895:10)
    at Module.load (node:internal/modules/cjs/loader:1465:32)
You have triggered an unhandledRejection, you may have forgotten to catch a Promise rejection:
Error: The client is closed
    at Class.sendCommand (C:\Users\user\OneDrive\Desktop\CRM\backend\node_modules\@redis\client\dist\lib\client\index.js:639:35)
    at RedisStore.sendCommand (C:\Users\user\OneDrive\Desktop\CRM\backend\middleware\rateLimiter.js:13:49)
    at RedisStore.sendCommand (C:\Users\user\OneDrive\Desktop\CRM\backend\node_modules\rate-limit-redis\dist\index.cjs:85:49)
    at RedisStore.loadGetScript (C:\Users\user\OneDrive\Desktop\CRM\backend\node_modules\rate-limit-redis\dist\index.cjs:116:31)
    at new RedisStore (C:\Users\user\OneDrive\Desktop\CRM\backend\node_modules\rate-limit-redis\dist\index.cjs:96:30)
    at createRateLimiter (C:\Users\user\OneDrive\Desktop\CRM\backend\middleware\rateLimiter.js:12:16)
    at Object.<anonymous> (C:\Users\user\OneDrive\Desktop\CRM\backend\middleware\rateLimiter.js:49:23)
    at Module._compile (node:internal/modules/cjs/loader:1730:14)
    at Object..js (node:internal/modules/cjs/loader:1895:10)
    at Module.load (node:internal/modules/cjs/loader:1465:32)
You have triggered an unhandledRejection, you may have forgotten to catch a Promise rejection:
Error: The client is closed
    at Class.sendCommand (C:\Users\user\OneDrive\Desktop\CRM\backend\node_modules\@redis\client\dist\lib\client\index.js:639:35)
    at RedisStore.sendCommand (C:\Users\user\OneDrive\Desktop\CRM\backend\middleware\rateLimiter.js:13:49)
    at RedisStore.sendCommand (C:\Users\user\OneDrive\Desktop\CRM\backend\node_modules\rate-limit-redis\dist\index.cjs:85:49)
    at RedisStore.loadIncrementScript (C:\Users\user\OneDrive\Desktop\CRM\backend\node_modules\rate-limit-redis\dist\index.cjs:102:31)
    at new RedisStore (C:\Users\user\OneDrive\Desktop\CRM\backend\node_modules\rate-limit-redis\dist\index.cjs:95:36)
    at createRateLimiter (C:\Users\user\OneDrive\Desktop\CRM\backend\middleware\rateLimiter.js:12:16)
    at Object.<anonymous> (C:\Users\user\OneDrive\Desktop\CRM\backend\middleware\rateLimiter.js:57:25)
    at Module._compile (node:internal/modules/cjs/loader:1730:14)
    at Object..js (node:internal/modules/cjs/loader:1895:10)
    at Module.load (node:internal/modules/cjs/loader:1465:32)
You have triggered an unhandledRejection, you may have forgotten to catch a Promise rejection:
Error: The client is closed
    at Class.sendCommand (C:\Users\user\OneDrive\Desktop\CRM\backend\node_modules\@redis\client\dist\lib\client\index.js:639:35)
    at RedisStore.sendCommand (C:\Users\user\OneDrive\Desktop\CRM\backend\middleware\rateLimiter.js:13:49)
    at RedisStore.sendCommand (C:\Users\user\OneDrive\Desktop\CRM\backend\node_modules\rate-limit-redis\dist\index.cjs:85:49)
    at RedisStore.loadGetScript (C:\Users\user\OneDrive\Desktop\CRM\backend\node_modules\rate-limit-redis\dist\index.cjs:116:31)
    at new RedisStore (C:\Users\user\OneDrive\Desktop\CRM\backend\node_modules\rate-limit-redis\dist\index.cjs:96:30)
    at createRateLimiter (C:\Users\user\OneDrive\Desktop\CRM\backend\middleware\rateLimiter.js:12:16)
    at Object.<anonymous> (C:\Users\user\OneDrive\Desktop\CRM\backend\middleware\rateLimiter.js:57:25)
    at Module._compile (node:internal/modules/cjs/loader:1730:14)
    at Object..js (node:internal/modules/cjs/loader:1895:10)
    at Module.load (node:internal/modules/cjs/loader:1465:32)
You have triggered an unhandledRejection, you may have forgotten to catch a Promise rejection:
Error: The client is closed
    at Class.sendCommand (C:\Users\user\OneDrive\Desktop\CRM\backend\node_modules\@redis\client\dist\lib\client\index.js:639:35)
    at RedisStore.sendCommand (C:\Users\user\OneDrive\Desktop\CRM\backend\middleware\rateLimiter.js:13:49)
    at RedisStore.sendCommand (C:\Users\user\OneDrive\Desktop\CRM\backend\node_modules\rate-limit-redis\dist\index.cjs:85:49)
    at RedisStore.loadIncrementScript (C:\Users\user\OneDrive\Desktop\CRM\backend\node_modules\rate-limit-redis\dist\index.cjs:102:31)
    at new RedisStore (C:\Users\user\OneDrive\Desktop\CRM\backend\node_modules\rate-limit-redis\dist\index.cjs:95:36)
    at createRateLimiter (C:\Users\user\OneDrive\Desktop\CRM\backend\middleware\rateLimiter.js:12:16)
    at Object.<anonymous> (C:\Users\user\OneDrive\Desktop\CRM\backend\middleware\rateLimiter.js:65:21)
    at Module._compile (node:internal/modules/cjs/loader:1730:14)
    at Object..js (node:internal/modules/cjs/loader:1895:10)
    at Module.load (node:internal/modules/cjs/loader:1465:32)
You have triggered an unhandledRejection, you may have forgotten to catch a Promise rejection:
Error: The client is closed
    at Class.sendCommand (C:\Users\user\OneDrive\Desktop\CRM\backend\node_modules\@redis\client\dist\lib\client\index.js:639:35)
    at RedisStore.sendCommand (C:\Users\user\OneDrive\Desktop\CRM\backend\middleware\rateLimiter.js:13:49)
    at RedisStore.sendCommand (C:\Users\user\OneDrive\Desktop\CRM\backend\node_modules\rate-limit-redis\dist\index.cjs:85:49)
    at RedisStore.loadGetScript (C:\Users\user\OneDrive\Desktop\CRM\backend\node_modules\rate-limit-redis\dist\index.cjs:116:31)
    at new RedisStore (C:\Users\user\OneDrive\Desktop\CRM\backend\node_modules\rate-limit-redis\dist\index.cjs:96:30)
    at createRateLimiter (C:\Users\user\OneDrive\Desktop\CRM\backend\middleware\rateLimiter.js:12:16)
    at Object.<anonymous> (C:\Users\user\OneDrive\Desktop\CRM\backend\middleware\rateLimiter.js:65:21)
    at Module._compile (node:internal/modules/cjs/loader:1730:14)
    at Object..js (node:internal/modules/cjs/loader:1895:10)
    at Module.load (node:internal/modules/cjs/loader:1465:32)
2026-01-28 12:48:55: (node:10912) MaxListenersExceededWarning: Possible EventEmitter memory leak detected. 11 error listeners added to [DailyRotateFile]. MaxListeners is 10. Use emitter.setMaxListeners() to increase limit
(Use `node --trace-warnings ...` to show where the warning was created)
2026-01-28 12:48:55: (node:10912) MaxListenersExceededWarning: Possible EventEmitter memory leak detected. 11 finish listeners added to [DailyRotateFile]. MaxListeners is 10. Use emitter.setMaxListeners() to increase limit
Error: bind EADDRINUSE null:5000
    at listenOnPrimaryHandle (node:net:2020:18)
    at shared (node:internal/cluster/child:157:3)
    at Worker.<anonymous> (node:internal/cluster/child:110:7)
    at process.onInternalMessage (node:internal/cluster/utils:49:5)
    at process.emit (node:events:530:35)
    at emit (node:internal/child_process:949:14)
    at process.processTicksAndRejections (node:internal/process/task_queues:91:21)
You have triggered an unhandledRejection, you may have forgotten to catch a Promise rejection:
Error: NOAUTH Authentication required
    at #decodeSimpleError (C:\Users\user\OneDrive\Desktop\CRM\backend\node_modules\@redis\client\dist\lib\RESP\decoder.js:457:13)
    at #decodeTypeValue (C:\Users\user\OneDrive\Desktop\CRM\backend\node_modules\@redis\client\dist\lib\RESP\decoder.js:104:91)
    at Decoder.write (C:\Users\user\OneDrive\Desktop\CRM\backend\node_modules\@redis\client\dist\lib\RESP\decoder.js:74:38)
    at RedisSocket.<anonymous> (C:\Users\user\OneDrive\Desktop\CRM\backend\node_modules\@redis\client\dist\lib\client\index.js:437:37)
    at RedisSocket.emit (node:events:518:28)
    at Socket.<anonymous> (C:\Users\user\OneDrive\Desktop\CRM\backend\node_modules\@redis\client\dist\lib\client\socket.js:235:38)
    at Socket.emit (node:events:518:28)
    at addChunk (node:internal/streams/readable:561:12)
    at readableAddChunkPushByteMode (node:internal/streams/readable:512:3)
    at Readable.push (node:internal/streams/readable:392:5)
    at TCP.onStreamRead (node:internal/stream_base_commons:189:23)
You have triggered an unhandledRejection, you may have forgotten to catch a Promise rejection:
Error: NOAUTH Authentication required
    at #decodeSimpleError (C:\Users\user\OneDrive\Desktop\CRM\backend\node_modules\@redis\client\dist\lib\RESP\decoder.js:457:13)
    at #decodeTypeValue (C:\Users\user\OneDrive\Desktop\CRM\backend\node_modules\@redis\client\dist\lib\RESP\decoder.js:104:91)
    at Decoder.write (C:\Users\user\OneDrive\Desktop\CRM\backend\node_modules\@redis\client\dist\lib\RESP\decoder.js:74:38)
    at RedisSocket.<anonymous> (C:\Users\user\OneDrive\Desktop\CRM\backend\node_modules\@redis\client\dist\lib\client\index.js:437:37)
    at RedisSocket.emit (node:events:518:28)
    at Socket.<anonymous> (C:\Users\user\OneDrive\Desktop\CRM\backend\node_modules\@redis\client\dist\lib\client\socket.js:235:38)
    at Socket.emit (node:events:518:28)
    at addChunk (node:internal/streams/readable:561:12)
    at readableAddChunkPushByteMode (node:internal/streams/readable:512:3)
    at Readable.push (node:internal/streams/readable:392:5)
    at TCP.onStreamRead (node:internal/stream_base_commons:189:23)
You have triggered an unhandledRejection, you may have forgotten to catch a Promise rejection:
Error: The client is closed
    at Class.sendCommand (C:\Users\user\OneDrive\Desktop\CRM\backend\node_modules\@redis\client\dist\lib\client\index.js:639:35)
    at RedisStore.sendCommand (C:\Users\user\OneDrive\Desktop\CRM\backend\middleware\rateLimiter.js:13:49)
    at RedisStore.sendCommand (C:\Users\user\OneDrive\Desktop\CRM\backend\node_modules\rate-limit-redis\dist\index.cjs:85:49)
    at RedisStore.loadIncrementScript (C:\Users\user\OneDrive\Desktop\CRM\backend\node_modules\rate-limit-redis\dist\index.cjs:102:31)
    at new RedisStore (C:\Users\user\OneDrive\Desktop\CRM\backend\node_modules\rate-limit-redis\dist\index.cjs:95:36)
    at createRateLimiter (C:\Users\user\OneDrive\Desktop\CRM\backend\middleware\rateLimiter.js:12:16)
    at Object.<anonymous> (C:\Users\user\OneDrive\Desktop\CRM\backend\middleware\rateLimiter.js:32:21)
    at Module._compile (node:internal/modules/cjs/loader:1730:14)
    at Object..js (node:internal/modules/cjs/loader:1895:10)
    at Module.load (node:internal/modules/cjs/loader:1465:32)
You have triggered an unhandledRejection, you may have forgotten to catch a Promise rejection:
Error: The client is closed
    at Class.sendCommand (C:\Users\user\OneDrive\Desktop\CRM\backend\node_modules\@redis\client\dist\lib\client\index.js:639:35)
    at RedisStore.sendCommand (C:\Users\user\OneDrive\Desktop\CRM\backend\middleware\rateLimiter.js:13:49)
    at RedisStore.sendCommand (C:\Users\user\OneDrive\Desktop\CRM\backend\node_modules\rate-limit-redis\dist\index.cjs:85:49)
    at RedisStore.loadGetScript (C:\Users\user\OneDrive\Desktop\CRM\backend\node_modules\rate-limit-redis\dist\index.cjs:116:31)
    at new RedisStore (C:\Users\user\OneDrive\Desktop\CRM\backend\node_modules\rate-limit-redis\dist\index.cjs:96:30)
    at createRateLimiter (C:\Users\user\OneDrive\Desktop\CRM\backend\middleware\rateLimiter.js:12:16)
    at Object.<anonymous> (C:\Users\user\OneDrive\Desktop\CRM\backend\middleware\rateLimiter.js:32:21)
    at Module._compile (node:internal/modules/cjs/loader:1730:14)
    at Object..js (node:internal/modules/cjs/loader:1895:10)
    at Module.load (node:internal/modules/cjs/loader:1465:32)
You have triggered an unhandledRejection, you may have forgotten to catch a Promise rejection:
Error: The client is closed
    at Class.sendCommand (C:\Users\user\OneDrive\Desktop\CRM\backend\node_modules\@redis\client\dist\lib\client\index.js:639:35)
    at RedisStore.sendCommand (C:\Users\user\OneDrive\Desktop\CRM\backend\middleware\rateLimiter.js:13:49)
    at RedisStore.sendCommand (C:\Users\user\OneDrive\Desktop\CRM\backend\node_modules\rate-limit-redis\dist\index.cjs:85:49)
    at RedisStore.loadIncrementScript (C:\Users\user\OneDrive\Desktop\CRM\backend\node_modules\rate-limit-redis\dist\index.cjs:102:31)
    at new RedisStore (C:\Users\user\OneDrive\Desktop\CRM\backend\node_modules\rate-limit-redis\dist\index.cjs:95:36)
    at createRateLimiter (C:\Users\user\OneDrive\Desktop\CRM\backend\middleware\rateLimiter.js:12:16)
    at Object.<anonymous> (C:\Users\user\OneDrive\Desktop\CRM\backend\middleware\rateLimiter.js:41:20)
    at Module._compile (node:internal/modules/cjs/loader:1730:14)
    at Object..js (node:internal/modules/cjs/loader:1895:10)
    at Module.load (node:internal/modules/cjs/loader:1465:32)
You have triggered an unhandledRejection, you may have forgotten to catch a Promise rejection:
Error: The client is closed
    at Class.sendCommand (C:\Users\user\OneDrive\Desktop\CRM\backend\node_modules\@redis\client\dist\lib\client\index.js:639:35)
    at RedisStore.sendCommand (C:\Users\user\OneDrive\Desktop\CRM\backend\middleware\rateLimiter.js:13:49)
    at RedisStore.sendCommand (C:\Users\user\OneDrive\Desktop\CRM\backend\node_modules\rate-limit-redis\dist\index.cjs:85:49)
    at RedisStore.loadGetScript (C:\Users\user\OneDrive\Desktop\CRM\backend\node_modules\rate-limit-redis\dist\index.cjs:116:31)
    at new RedisStore (C:\Users\user\OneDrive\Desktop\CRM\backend\node_modules\rate-limit-redis\dist\index.cjs:96:30)
    at createRateLimiter (C:\Users\user\OneDrive\Desktop\CRM\backend\middleware\rateLimiter.js:12:16)
    at Object.<anonymous> (C:\Users\user\OneDrive\Desktop\CRM\backend\middleware\rateLimiter.js:41:20)
    at Module._compile (node:internal/modules/cjs/loader:1730:14)
    at Object..js (node:internal/modules/cjs/loader:1895:10)
    at Module.load (node:internal/modules/cjs/loader:1465:32)
You have triggered an unhandledRejection, you may have forgotten to catch a Promise rejection:
Error: The client is closed
    at Class.sendCommand (C:\Users\user\OneDrive\Desktop\CRM\backend\node_modules\@redis\client\dist\lib\client\index.js:639:35)
    at RedisStore.sendCommand (C:\Users\user\OneDrive\Desktop\CRM\backend\middleware\rateLimiter.js:13:49)
    at RedisStore.sendCommand (C:\Users\user\OneDrive\Desktop\CRM\backend\node_modules\rate-limit-redis\dist\index.cjs:85:49)
    at RedisStore.loadIncrementScript (C:\Users\user\OneDrive\Desktop\CRM\backend\node_modules\rate-limit-redis\dist\index.cjs:102:31)
    at new RedisStore (C:\Users\user\OneDrive\Desktop\CRM\backend\node_modules\rate-limit-redis\dist\index.cjs:95:36)
    at createRateLimiter (C:\Users\user\OneDrive\Desktop\CRM\backend\middleware\rateLimiter.js:12:16)
    at Object.<anonymous> (C:\Users\user\OneDrive\Desktop\CRM\backend\middleware\rateLimiter.js:49:23)
    at Module._compile (node:internal/modules/cjs/loader:1730:14)
    at Object..js (node:internal/modules/cjs/loader:1895:10)
    at Module.load (node:internal/modules/cjs/loader:1465:32)
You have triggered an unhandledRejection, you may have forgotten to catch a Promise rejection:
Error: The client is closed
    at Class.sendCommand (C:\Users\user\OneDrive\Desktop\CRM\backend\node_modules\@redis\client\dist\lib\client\index.js:639:35)
    at RedisStore.sendCommand (C:\Users\user\OneDrive\Desktop\CRM\backend\middleware\rateLimiter.js:13:49)
    at RedisStore.sendCommand (C:\Users\user\OneDrive\Desktop\CRM\backend\node_modules\rate-limit-redis\dist\index.cjs:85:49)
    at RedisStore.loadGetScript (C:\Users\user\OneDrive\Desktop\CRM\backend\node_modules\rate-limit-redis\dist\index.cjs:116:31)
    at new RedisStore (C:\Users\user\OneDrive\Desktop\CRM\backend\node_modules\rate-limit-redis\dist\index.cjs:96:30)
    at createRateLimiter (C:\Users\user\OneDrive\Desktop\CRM\backend\middleware\rateLimiter.js:12:16)
    at Object.<anonymous> (C:\Users\user\OneDrive\Desktop\CRM\backend\middleware\rateLimiter.js:49:23)
    at Module._compile (node:internal/modules/cjs/loader:1730:14)
    at Object..js (node:internal/modules/cjs/loader:1895:10)
    at Module.load (node:internal/modules/cjs/loader:1465:32)
You have triggered an unhandledRejection, you may have forgotten to catch a Promise rejection:
Error: The client is closed
    at Class.sendCommand (C:\Users\user\OneDrive\Desktop\CRM\backend\node_modules\@redis\client\dist\lib\client\index.js:639:35)
    at RedisStore.sendCommand (C:\Users\user\OneDrive\Desktop\CRM\backend\middleware\rateLimiter.js:13:49)
    at RedisStore.sendCommand (C:\Users\user\OneDrive\Desktop\CRM\backend\node_modules\rate-limit-redis\dist\index.cjs:85:49)
    at RedisStore.loadIncrementScript (C:\Users\user\OneDrive\Desktop\CRM\backend\node_modules\rate-limit-redis\dist\index.cjs:102:31)
    at new RedisStore (C:\Users\user\OneDrive\Desktop\CRM\backend\node_modules\rate-limit-redis\dist\index.cjs:95:36)
    at createRateLimiter (C:\Users\user\OneDrive\Desktop\CRM\backend\middleware\rateLimiter.js:12:16)
    at Object.<anonymous> (C:\Users\user\OneDrive\Desktop\CRM\backend\middleware\rateLimiter.js:57:25)
    at Module._compile (node:internal/modules/cjs/loader:1730:14)
    at Object..js (node:internal/modules/cjs/loader:1895:10)
    at Module.load (node:internal/modules/cjs/loader:1465:32)
You have triggered an unhandledRejection, you may have forgotten to catch a Promise rejection:
Error: The client is closed
    at Class.sendCommand (C:\Users\user\OneDrive\Desktop\CRM\backend\node_modules\@redis\client\dist\lib\client\index.js:639:35)
    at RedisStore.sendCommand (C:\Users\user\OneDrive\Desktop\CRM\backend\middleware\rateLimiter.js:13:49)
    at RedisStore.sendCommand (C:\Users\user\OneDrive\Desktop\CRM\backend\node_modules\rate-limit-redis\dist\index.cjs:85:49)
    at RedisStore.loadGetScript (C:\Users\user\OneDrive\Desktop\CRM\backend\node_modules\rate-limit-redis\dist\index.cjs:116:31)
    at new RedisStore (C:\Users\user\OneDrive\Desktop\CRM\backend\node_modules\rate-limit-redis\dist\index.cjs:96:30)
    at createRateLimiter (C:\Users\user\OneDrive\Desktop\CRM\backend\middleware\rateLimiter.js:12:16)
    at Object.<anonymous> (C:\Users\user\OneDrive\Desktop\CRM\backend\middleware\rateLimiter.js:57:25)
    at Module._compile (node:internal/modules/cjs/loader:1730:14)
    at Object..js (node:internal/modules/cjs/loader:1895:10)
    at Module.load (node:internal/modules/cjs/loader:1465:32)
You have triggered an unhandledRejection, you may have forgotten to catch a Promise rejection:
Error: The client is closed
    at Class.sendCommand (C:\Users\user\OneDrive\Desktop\CRM\backend\node_modules\@redis\client\dist\lib\client\index.js:639:35)
    at RedisStore.sendCommand (C:\Users\user\OneDrive\Desktop\CRM\backend\middleware\rateLimiter.js:13:49)
    at RedisStore.sendCommand (C:\Users\user\OneDrive\Desktop\CRM\backend\node_modules\rate-limit-redis\dist\index.cjs:85:49)
    at RedisStore.loadIncrementScript (C:\Users\user\OneDrive\Desktop\CRM\backend\node_modules\rate-limit-redis\dist\index.cjs:102:31)
    at new RedisStore (C:\Users\user\OneDrive\Desktop\CRM\backend\node_modules\rate-limit-redis\dist\index.cjs:95:36)
    at createRateLimiter (C:\Users\user\OneDrive\Desktop\CRM\backend\middleware\rateLimiter.js:12:16)
    at Object.<anonymous> (C:\Users\user\OneDrive\Desktop\CRM\backend\middleware\rateLimiter.js:65:21)
    at Module._compile (node:internal/modules/cjs/loader:1730:14)
    at Object..js (node:internal/modules/cjs/loader:1895:10)
    at Module.load (node:internal/modules/cjs/loader:1465:32)
You have triggered an unhandledRejection, you may have forgotten to catch a Promise rejection:
Error: The client is closed
    at Class.sendCommand (C:\Users\user\OneDrive\Desktop\CRM\backend\node_modules\@redis\client\dist\lib\client\index.js:639:35)
    at RedisStore.sendCommand (C:\Users\user\OneDrive\Desktop\CRM\backend\middleware\rateLimiter.js:13:49)
    at RedisStore.sendCommand (C:\Users\user\OneDrive\Desktop\CRM\backend\node_modules\rate-limit-redis\dist\index.cjs:85:49)
    at RedisStore.loadGetScript (C:\Users\user\OneDrive\Desktop\CRM\backend\node_modules\rate-limit-redis\dist\index.cjs:116:31)
    at new RedisStore (C:\Users\user\OneDrive\Desktop\CRM\backend\node_modules\rate-limit-redis\dist\index.cjs:96:30)
    at createRateLimiter (C:\Users\user\OneDrive\Desktop\CRM\backend\middleware\rateLimiter.js:12:16)
    at Object.<anonymous> (C:\Users\user\OneDrive\Desktop\CRM\backend\middleware\rateLimiter.js:65:21)
    at Module._compile (node:internal/modules/cjs/loader:1730:14)
    at Object..js (node:internal/modules/cjs/loader:1895:10)
    at Module.load (node:internal/modules/cjs/loader:1465:32)
2026-01-28 12:49:05: (node:5656) MaxListenersExceededWarning: Possible EventEmitter memory leak detected. 11 error listeners added to [DailyRotateFile]. MaxListeners is 10. Use emitter.setMaxListeners() to increase limit
(Use `node --trace-warnings ...` to show where the warning was created)
2026-01-28 12:49:05: (node:5656) MaxListenersExceededWarning: Possible EventEmitter memory leak detected. 11 finish listeners added to [DailyRotateFile]. MaxListeners is 10. Use emitter.setMaxListeners() to increase limit
Error: bind EADDRINUSE null:5000
    at listenOnPrimaryHandle (node:net:2020:18)
    at shared (node:internal/cluster/child:157:3)
    at Worker.<anonymous> (node:internal/cluster/child:110:7)
    at process.onInternalMessage (node:internal/cluster/utils:49:5)
    at process.emit (node:events:530:35)
    at emit (node:internal/child_process:949:14)
    at process.processTicksAndRejections (node:internal/process/task_queues:91:21)
You have triggered an unhandledRejection, you may have forgotten to catch a Promise rejection:
Error: NOAUTH Authentication required
    at #decodeSimpleError (C:\Users\user\OneDrive\Desktop\CRM\backend\node_modules\@redis\client\dist\lib\RESP\decoder.js:457:13)
    at #decodeTypeValue (C:\Users\user\OneDrive\Desktop\CRM\backend\node_modules\@redis\client\dist\lib\RESP\decoder.js:104:91)
    at Decoder.write (C:\Users\user\OneDrive\Desktop\CRM\backend\node_modules\@redis\client\dist\lib\RESP\decoder.js:74:38)
    at RedisSocket.<anonymous> (C:\Users\user\OneDrive\Desktop\CRM\backend\node_modules\@redis\client\dist\lib\client\index.js:437:37)
    at RedisSocket.emit (node:events:518:28)
    at Socket.<anonymous> (C:\Users\user\OneDrive\Desktop\CRM\backend\node_modules\@redis\client\dist\lib\client\socket.js:235:38)
    at Socket.emit (node:events:518:28)
    at addChunk (node:internal/streams/readable:561:12)
    at readableAddChunkPushByteMode (node:internal/streams/readable:512:3)
    at Readable.push (node:internal/streams/readable:392:5)
    at TCP.onStreamRead (node:internal/stream_base_commons:189:23)
You have triggered an unhandledRejection, you may have forgotten to catch a Promise rejection:
Error: NOAUTH Authentication required
    at #decodeSimpleError (C:\Users\user\OneDrive\Desktop\CRM\backend\node_modules\@redis\client\dist\lib\RESP\decoder.js:457:13)
    at #decodeTypeValue (C:\Users\user\OneDrive\Desktop\CRM\backend\node_modules\@redis\client\dist\lib\RESP\decoder.js:104:91)
    at Decoder.write (C:\Users\user\OneDrive\Desktop\CRM\backend\node_modules\@redis\client\dist\lib\RESP\decoder.js:74:38)
    at RedisSocket.<anonymous> (C:\Users\user\OneDrive\Desktop\CRM\backend\node_modules\@redis\client\dist\lib\client\index.js:437:37)
    at RedisSocket.emit (node:events:518:28)
    at Socket.<anonymous> (C:\Users\user\OneDrive\Desktop\CRM\backend\node_modules\@redis\client\dist\lib\client\socket.js:235:38)
    at Socket.emit (node:events:518:28)
    at addChunk (node:internal/streams/readable:561:12)
    at readableAddChunkPushByteMode (node:internal/streams/readable:512:3)
    at Readable.push (node:internal/streams/readable:392:5)
    at TCP.onStreamRead (node:internal/stream_base_commons:189:23)
You have triggered an unhandledRejection, you may have forgotten to catch a Promise rejection:
Error: The client is closed
    at Class.sendCommand (C:\Users\user\OneDrive\Desktop\CRM\backend\node_modules\@redis\client\dist\lib\client\index.js:639:35)
    at RedisStore.sendCommand (C:\Users\user\OneDrive\Desktop\CRM\backend\middleware\rateLimiter.js:13:49)
    at RedisStore.sendCommand (C:\Users\user\OneDrive\Desktop\CRM\backend\node_modules\rate-limit-redis\dist\index.cjs:85:49)
    at RedisStore.loadIncrementScript (C:\Users\user\OneDrive\Desktop\CRM\backend\node_modules\rate-limit-redis\dist\index.cjs:102:31)
    at new RedisStore (C:\Users\user\OneDrive\Desktop\CRM\backend\node_modules\rate-limit-redis\dist\index.cjs:95:36)
    at createRateLimiter (C:\Users\user\OneDrive\Desktop\CRM\backend\middleware\rateLimiter.js:12:16)
    at Object.<anonymous> (C:\Users\user\OneDrive\Desktop\CRM\backend\middleware\rateLimiter.js:32:21)
    at Module._compile (node:internal/modules/cjs/loader:1730:14)
    at Object..js (node:internal/modules/cjs/loader:1895:10)
    at Module.load (node:internal/modules/cjs/loader:1465:32)
You have triggered an unhandledRejection, you may have forgotten to catch a Promise rejection:
Error: The client is closed
    at Class.sendCommand (C:\Users\user\OneDrive\Desktop\CRM\backend\node_modules\@redis\client\dist\lib\client\index.js:639:35)
    at RedisStore.sendCommand (C:\Users\user\OneDrive\Desktop\CRM\backend\middleware\rateLimiter.js:13:49)
    at RedisStore.sendCommand (C:\Users\user\OneDrive\Desktop\CRM\backend\node_modules\rate-limit-redis\dist\index.cjs:85:49)
    at RedisStore.loadGetScript (C:\Users\user\OneDrive\Desktop\CRM\backend\node_modules\rate-limit-redis\dist\index.cjs:116:31)
    at new RedisStore (C:\Users\user\OneDrive\Desktop\CRM\backend\node_modules\rate-limit-redis\dist\index.cjs:96:30)
    at createRateLimiter (C:\Users\user\OneDrive\Desktop\CRM\backend\middleware\rateLimiter.js:12:16)
    at Object.<anonymous> (C:\Users\user\OneDrive\Desktop\CRM\backend\middleware\rateLimiter.js:32:21)
    at Module._compile (node:internal/modules/cjs/loader:1730:14)
    at Object..js (node:internal/modules/cjs/loader:1895:10)
    at Module.load (node:internal/modules/cjs/loader:1465:32)
You have triggered an unhandledRejection, you may have forgotten to catch a Promise rejection:
Error: The client is closed
    at Class.sendCommand (C:\Users\user\OneDrive\Desktop\CRM\backend\node_modules\@redis\client\dist\lib\client\index.js:639:35)
    at RedisStore.sendCommand (C:\Users\user\OneDrive\Desktop\CRM\backend\middleware\rateLimiter.js:13:49)
    at RedisStore.sendCommand (C:\Users\user\OneDrive\Desktop\CRM\backend\node_modules\rate-limit-redis\dist\index.cjs:85:49)
    at RedisStore.loadIncrementScript (C:\Users\user\OneDrive\Desktop\CRM\backend\node_modules\rate-limit-redis\dist\index.cjs:102:31)
    at new RedisStore (C:\Users\user\OneDrive\Desktop\CRM\backend\node_modules\rate-limit-redis\dist\index.cjs:95:36)
    at createRateLimiter (C:\Users\user\OneDrive\Desktop\CRM\backend\middleware\rateLimiter.js:12:16)
    at Object.<anonymous> (C:\Users\user\OneDrive\Desktop\CRM\backend\middleware\rateLimiter.js:41:20)
    at Module._compile (node:internal/modules/cjs/loader:1730:14)
    at Object..js (node:internal/modules/cjs/loader:1895:10)
    at Module.load (node:internal/modules/cjs/loader:1465:32)
You have triggered an unhandledRejection, you may have forgotten to catch a Promise rejection:
Error: The client is closed
    at Class.sendCommand (C:\Users\user\OneDrive\Desktop\CRM\backend\node_modules\@redis\client\dist\lib\client\index.js:639:35)
    at RedisStore.sendCommand (C:\Users\user\OneDrive\Desktop\CRM\backend\middleware\rateLimiter.js:13:49)
    at RedisStore.sendCommand (C:\Users\user\OneDrive\Desktop\CRM\backend\node_modules\rate-limit-redis\dist\index.cjs:85:49)
    at RedisStore.loadGetScript (C:\Users\user\OneDrive\Desktop\CRM\backend\node_modules\rate-limit-redis\dist\index.cjs:116:31)
    at new RedisStore (C:\Users\user\OneDrive\Desktop\CRM\backend\node_modules\rate-limit-redis\dist\index.cjs:96:30)
    at createRateLimiter (C:\Users\user\OneDrive\Desktop\CRM\backend\middleware\rateLimiter.js:12:16)
    at Object.<anonymous> (C:\Users\user\OneDrive\Desktop\CRM\backend\middleware\rateLimiter.js:41:20)
    at Module._compile (node:internal/modules/cjs/loader:1730:14)
    at Object..js (node:internal/modules/cjs/loader:1895:10)
    at Module.load (node:internal/modules/cjs/loader:1465:32)
You have triggered an unhandledRejection, you may have forgotten to catch a Promise rejection:
Error: The client is closed
    at Class.sendCommand (C:\Users\user\OneDrive\Desktop\CRM\backend\node_modules\@redis\client\dist\lib\client\index.js:639:35)
    at RedisStore.sendCommand (C:\Users\user\OneDrive\Desktop\CRM\backend\middleware\rateLimiter.js:13:49)
    at RedisStore.sendCommand (C:\Users\user\OneDrive\Desktop\CRM\backend\node_modules\rate-limit-redis\dist\index.cjs:85:49)
    at RedisStore.loadIncrementScript (C:\Users\user\OneDrive\Desktop\CRM\backend\node_modules\rate-limit-redis\dist\index.cjs:102:31)
    at new RedisStore (C:\Users\user\OneDrive\Desktop\CRM\backend\node_modules\rate-limit-redis\dist\index.cjs:95:36)
    at createRateLimiter (C:\Users\user\OneDrive\Desktop\CRM\backend\middleware\rateLimiter.js:12:16)
    at Object.<anonymous> (C:\Users\user\OneDrive\Desktop\CRM\backend\middleware\rateLimiter.js:49:23)
    at Module._compile (node:internal/modules/cjs/loader:1730:14)
    at Object..js (node:internal/modules/cjs/loader:1895:10)
    at Module.load (node:internal/modules/cjs/loader:1465:32)
You have triggered an unhandledRejection, you may have forgotten to catch a Promise rejection:
Error: The client is closed
    at Class.sendCommand (C:\Users\user\OneDrive\Desktop\CRM\backend\node_modules\@redis\client\dist\lib\client\index.js:639:35)
    at RedisStore.sendCommand (C:\Users\user\OneDrive\Desktop\CRM\backend\middleware\rateLimiter.js:13:49)
    at RedisStore.sendCommand (C:\Users\user\OneDrive\Desktop\CRM\backend\node_modules\rate-limit-redis\dist\index.cjs:85:49)
    at RedisStore.loadGetScript (C:\Users\user\OneDrive\Desktop\CRM\backend\node_modules\rate-limit-redis\dist\index.cjs:116:31)
    at new RedisStore (C:\Users\user\OneDrive\Desktop\CRM\backend\node_modules\rate-limit-redis\dist\index.cjs:96:30)
    at createRateLimiter (C:\Users\user\OneDrive\Desktop\CRM\backend\middleware\rateLimiter.js:12:16)
    at Object.<anonymous> (C:\Users\user\OneDrive\Desktop\CRM\backend\middleware\rateLimiter.js:49:23)
    at Module._compile (node:internal/modules/cjs/loader:1730:14)
    at Object..js (node:internal/modules/cjs/loader:1895:10)
    at Module.load (node:internal/modules/cjs/loader:1465:32)
You have triggered an unhandledRejection, you may have forgotten to catch a Promise rejection:
Error: The client is closed
    at Class.sendCommand (C:\Users\user\OneDrive\Desktop\CRM\backend\node_modules\@redis\client\dist\lib\client\index.js:639:35)
    at RedisStore.sendCommand (C:\Users\user\OneDrive\Desktop\CRM\backend\middleware\rateLimiter.js:13:49)
    at RedisStore.sendCommand (C:\Users\user\OneDrive\Desktop\CRM\backend\node_modules\rate-limit-redis\dist\index.cjs:85:49)
    at RedisStore.loadIncrementScript (C:\Users\user\OneDrive\Desktop\CRM\backend\node_modules\rate-limit-redis\dist\index.cjs:102:31)
    at new RedisStore (C:\Users\user\OneDrive\Desktop\CRM\backend\node_modules\rate-limit-redis\dist\index.cjs:95:36)
    at createRateLimiter (C:\Users\user\OneDrive\Desktop\CRM\backend\middleware\rateLimiter.js:12:16)
    at Object.<anonymous> (C:\Users\user\OneDrive\Desktop\CRM\backend\middleware\rateLimiter.js:57:25)
    at Module._compile (node:internal/modules/cjs/loader:1730:14)
    at Object..js (node:internal/modules/cjs/loader:1895:10)
    at Module.load (node:internal/modules/cjs/loader:1465:32)
You have triggered an unhandledRejection, you may have forgotten to catch a Promise rejection:
Error: The client is closed
    at Class.sendCommand (C:\Users\user\OneDrive\Desktop\CRM\backend\node_modules\@redis\client\dist\lib\client\index.js:639:35)
    at RedisStore.sendCommand (C:\Users\user\OneDrive\Desktop\CRM\backend\middleware\rateLimiter.js:13:49)
    at RedisStore.sendCommand (C:\Users\user\OneDrive\Desktop\CRM\backend\node_modules\rate-limit-redis\dist\index.cjs:85:49)
    at RedisStore.loadGetScript (C:\Users\user\OneDrive\Desktop\CRM\backend\node_modules\rate-limit-redis\dist\index.cjs:116:31)
    at new RedisStore (C:\Users\user\OneDrive\Desktop\CRM\backend\node_modules\rate-limit-redis\dist\index.cjs:96:30)
    at createRateLimiter (C:\Users\user\OneDrive\Desktop\CRM\backend\middleware\rateLimiter.js:12:16)
    at Object.<anonymous> (C:\Users\user\OneDrive\Desktop\CRM\backend\middleware\rateLimiter.js:57:25)
    at Module._compile (node:internal/modules/cjs/loader:1730:14)
    at Object..js (node:internal/modules/cjs/loader:1895:10)
    at Module.load (node:internal/modules/cjs/loader:1465:32)
You have triggered an unhandledRejection, you may have forgotten to catch a Promise rejection:
Error: The client is closed
    at Class.sendCommand (C:\Users\user\OneDrive\Desktop\CRM\backend\node_modules\@redis\client\dist\lib\client\index.js:639:35)
    at RedisStore.sendCommand (C:\Users\user\OneDrive\Desktop\CRM\backend\middleware\rateLimiter.js:13:49)
    at RedisStore.sendCommand (C:\Users\user\OneDrive\Desktop\CRM\backend\node_modules\rate-limit-redis\dist\index.cjs:85:49)
    at RedisStore.loadIncrementScript (C:\Users\user\OneDrive\Desktop\CRM\backend\node_modules\rate-limit-redis\dist\index.cjs:102:31)
    at new RedisStore (C:\Users\user\OneDrive\Desktop\CRM\backend\node_modules\rate-limit-redis\dist\index.cjs:95:36)
    at createRateLimiter (C:\Users\user\OneDrive\Desktop\CRM\backend\middleware\rateLimiter.js:12:16)
    at Object.<anonymous> (C:\Users\user\OneDrive\Desktop\CRM\backend\middleware\rateLimiter.js:65:21)
    at Module._compile (node:internal/modules/cjs/loader:1730:14)
    at Object..js (node:internal/modules/cjs/loader:1895:10)
    at Module.load (node:internal/modules/cjs/loader:1465:32)
You have triggered an unhandledRejection, you may have forgotten to catch a Promise rejection:
Error: The client is closed
    at Class.sendCommand (C:\Users\user\OneDrive\Desktop\CRM\backend\node_modules\@redis\client\dist\lib\client\index.js:639:35)
    at RedisStore.sendCommand (C:\Users\user\OneDrive\Desktop\CRM\backend\middleware\rateLimiter.js:13:49)
    at RedisStore.sendCommand (C:\Users\user\OneDrive\Desktop\CRM\backend\node_modules\rate-limit-redis\dist\index.cjs:85:49)
    at RedisStore.loadGetScript (C:\Users\user\OneDrive\Desktop\CRM\backend\node_modules\rate-limit-redis\dist\index.cjs:116:31)
    at new RedisStore (C:\Users\user\OneDrive\Desktop\CRM\backend\node_modules\rate-limit-redis\dist\index.cjs:96:30)
    at createRateLimiter (C:\Users\user\OneDrive\Desktop\CRM\backend\middleware\rateLimiter.js:12:16)
    at Object.<anonymous> (C:\Users\user\OneDrive\Desktop\CRM\backend\middleware\rateLimiter.js:65:21)
    at Module._compile (node:internal/modules/cjs/loader:1730:14)
    at Object..js (node:internal/modules/cjs/loader:1895:10)
    at Module.load (node:internal/modules/cjs/loader:1465:32)
2026-01-28 12:49:15: (node:3104) MaxListenersExceededWarning: Possible EventEmitter memory leak detected. 11 error listeners added to [DailyRotateFile]. MaxListeners is 10. Use emitter.setMaxListeners() to increase limit
(Use `node --trace-warnings ...` to show where the warning was created)
2026-01-28 12:49:15: (node:3104) MaxListenersExceededWarning: Possible EventEmitter memory leak detected. 11 finish listeners added to [DailyRotateFile]. MaxListeners is 10. Use emitter.setMaxListeners() to increase limit
Error: bind EADDRINUSE null:5000
    at listenOnPrimaryHandle (node:net:2020:18)
    at shared (node:internal/cluster/child:157:3)
    at Worker.<anonymous> (node:internal/cluster/child:110:7)
    at process.onInternalMessage (node:internal/cluster/utils:49:5)
    at process.emit (node:events:530:35)
    at emit (node:internal/child_process:949:14)
    at process.processTicksAndRejections (node:internal/process/task_queues:91:21)
You have triggered an unhandledRejection, you may have forgotten to catch a Promise rejection:
Error: NOAUTH Authentication required
    at #decodeSimpleError (C:\Users\user\OneDrive\Desktop\CRM\backend\node_modules\@redis\client\dist\lib\RESP\decoder.js:457:13)
    at #decodeTypeValue (C:\Users\user\OneDrive\Desktop\CRM\backend\node_modules\@redis\client\dist\lib\RESP\decoder.js:104:91)
    at Decoder.write (C:\Users\user\OneDrive\Desktop\CRM\backend\node_modules\@redis\client\dist\lib\RESP\decoder.js:74:38)
    at RedisSocket.<anonymous> (C:\Users\user\OneDrive\Desktop\CRM\backend\node_modules\@redis\client\dist\lib\client\index.js:437:37)
    at RedisSocket.emit (node:events:518:28)
    at Socket.<anonymous> (C:\Users\user\OneDrive\Desktop\CRM\backend\node_modules\@redis\client\dist\lib\client\socket.js:235:38)
    at Socket.emit (node:events:518:28)
    at addChunk (node:internal/streams/readable:561:12)
    at readableAddChunkPushByteMode (node:internal/streams/readable:512:3)
    at Readable.push (node:internal/streams/readable:392:5)
    at TCP.onStreamRead (node:internal/stream_base_commons:189:23)
You have triggered an unhandledRejection, you may have forgotten to catch a Promise rejection:
Error: NOAUTH Authentication required
    at #decodeSimpleError (C:\Users\user\OneDrive\Desktop\CRM\backend\node_modules\@redis\client\dist\lib\RESP\decoder.js:457:13)
    at #decodeTypeValue (C:\Users\user\OneDrive\Desktop\CRM\backend\node_modules\@redis\client\dist\lib\RESP\decoder.js:104:91)
    at Decoder.write (C:\Users\user\OneDrive\Desktop\CRM\backend\node_modules\@redis\client\dist\lib\RESP\decoder.js:74:38)
    at RedisSocket.<anonymous> (C:\Users\user\OneDrive\Desktop\CRM\backend\node_modules\@redis\client\dist\lib\client\index.js:437:37)
    at RedisSocket.emit (node:events:518:28)
    at Socket.<anonymous> (C:\Users\user\OneDrive\Desktop\CRM\backend\node_modules\@redis\client\dist\lib\client\socket.js:235:38)
    at Socket.emit (node:events:518:28)
    at addChunk (node:internal/streams/readable:561:12)
    at readableAddChunkPushByteMode (node:internal/streams/readable:512:3)
    at Readable.push (node:internal/streams/readable:392:5)
    at TCP.onStreamRead (node:internal/stream_base_commons:189:23)
You have triggered an unhandledRejection, you may have forgotten to catch a Promise rejection:
Error: The client is closed
    at Class.sendCommand (C:\Users\user\OneDrive\Desktop\CRM\backend\node_modules\@redis\client\dist\lib\client\index.js:639:35)
    at RedisStore.sendCommand (C:\Users\user\OneDrive\Desktop\CRM\backend\middleware\rateLimiter.js:13:49)
    at RedisStore.sendCommand (C:\Users\user\OneDrive\Desktop\CRM\backend\node_modules\rate-limit-redis\dist\index.cjs:85:49)
    at RedisStore.loadIncrementScript (C:\Users\user\OneDrive\Desktop\CRM\backend\node_modules\rate-limit-redis\dist\index.cjs:102:31)
    at new RedisStore (C:\Users\user\OneDrive\Desktop\CRM\backend\node_modules\rate-limit-redis\dist\index.cjs:95:36)
    at createRateLimiter (C:\Users\user\OneDrive\Desktop\CRM\backend\middleware\rateLimiter.js:12:16)
    at Object.<anonymous> (C:\Users\user\OneDrive\Desktop\CRM\backend\middleware\rateLimiter.js:32:21)
    at Module._compile (node:internal/modules/cjs/loader:1730:14)
    at Object..js (node:internal/modules/cjs/loader:1895:10)
    at Module.load (node:internal/modules/cjs/loader:1465:32)
You have triggered an unhandledRejection, you may have forgotten to catch a Promise rejection:
Error: The client is closed
    at Class.sendCommand (C:\Users\user\OneDrive\Desktop\CRM\backend\node_modules\@redis\client\dist\lib\client\index.js:639:35)
    at RedisStore.sendCommand (C:\Users\user\OneDrive\Desktop\CRM\backend\middleware\rateLimiter.js:13:49)
    at RedisStore.sendCommand (C:\Users\user\OneDrive\Desktop\CRM\backend\node_modules\rate-limit-redis\dist\index.cjs:85:49)
    at RedisStore.loadGetScript (C:\Users\user\OneDrive\Desktop\CRM\backend\node_modules\rate-limit-redis\dist\index.cjs:116:31)
    at new RedisStore (C:\Users\user\OneDrive\Desktop\CRM\backend\node_modules\rate-limit-redis\dist\index.cjs:96:30)
    at createRateLimiter (C:\Users\user\OneDrive\Desktop\CRM\backend\middleware\rateLimiter.js:12:16)
    at Object.<anonymous> (C:\Users\user\OneDrive\Desktop\CRM\backend\middleware\rateLimiter.js:32:21)
    at Module._compile (node:internal/modules/cjs/loader:1730:14)
    at Object..js (node:internal/modules/cjs/loader:1895:10)
    at Module.load (node:internal/modules/cjs/loader:1465:32)
You have triggered an unhandledRejection, you may have forgotten to catch a Promise rejection:
Error: The client is closed
    at Class.sendCommand (C:\Users\user\OneDrive\Desktop\CRM\backend\node_modules\@redis\client\dist\lib\client\index.js:639:35)
    at RedisStore.sendCommand (C:\Users\user\OneDrive\Desktop\CRM\backend\middleware\rateLimiter.js:13:49)
    at RedisStore.sendCommand (C:\Users\user\OneDrive\Desktop\CRM\backend\node_modules\rate-limit-redis\dist\index.cjs:85:49)
    at RedisStore.loadIncrementScript (C:\Users\user\OneDrive\Desktop\CRM\backend\node_modules\rate-limit-redis\dist\index.cjs:102:31)
    at new RedisStore (C:\Users\user\OneDrive\Desktop\CRM\backend\node_modules\rate-limit-redis\dist\index.cjs:95:36)
    at createRateLimiter (C:\Users\user\OneDrive\Desktop\CRM\backend\middleware\rateLimiter.js:12:16)
    at Object.<anonymous> (C:\Users\user\OneDrive\Desktop\CRM\backend\middleware\rateLimiter.js:41:20)
    at Module._compile (node:internal/modules/cjs/loader:1730:14)
    at Object..js (node:internal/modules/cjs/loader:1895:10)
    at Module.load (node:internal/modules/cjs/loader:1465:32)
You have triggered an unhandledRejection, you may have forgotten to catch a Promise rejection:
Error: The client is closed
    at Class.sendCommand (C:\Users\user\OneDrive\Desktop\CRM\backend\node_modules\@redis\client\dist\lib\client\index.js:639:35)
    at RedisStore.sendCommand (C:\Users\user\OneDrive\Desktop\CRM\backend\middleware\rateLimiter.js:13:49)
    at RedisStore.sendCommand (C:\Users\user\OneDrive\Desktop\CRM\backend\node_modules\rate-limit-redis\dist\index.cjs:85:49)
    at RedisStore.loadGetScript (C:\Users\user\OneDrive\Desktop\CRM\backend\node_modules\rate-limit-redis\dist\index.cjs:116:31)
    at new RedisStore (C:\Users\user\OneDrive\Desktop\CRM\backend\node_modules\rate-limit-redis\dist\index.cjs:96:30)
    at createRateLimiter (C:\Users\user\OneDrive\Desktop\CRM\backend\middleware\rateLimiter.js:12:16)
    at Object.<anonymous> (C:\Users\user\OneDrive\Desktop\CRM\backend\middleware\rateLimiter.js:41:20)
    at Module._compile (node:internal/modules/cjs/loader:1730:14)
    at Object..js (node:internal/modules/cjs/loader:1895:10)
    at Module.load (node:internal/modules/cjs/loader:1465:32)
You have triggered an unhandledRejection, you may have forgotten to catch a Promise rejection:
Error: The client is closed
    at Class.sendCommand (C:\Users\user\OneDrive\Desktop\CRM\backend\node_modules\@redis\client\dist\lib\client\index.js:639:35)
    at RedisStore.sendCommand (C:\Users\user\OneDrive\Desktop\CRM\backend\middleware\rateLimiter.js:13:49)
    at RedisStore.sendCommand (C:\Users\user\OneDrive\Desktop\CRM\backend\node_modules\rate-limit-redis\dist\index.cjs:85:49)
    at RedisStore.loadIncrementScript (C:\Users\user\OneDrive\Desktop\CRM\backend\node_modules\rate-limit-redis\dist\index.cjs:102:31)
    at new RedisStore (C:\Users\user\OneDrive\Desktop\CRM\backend\node_modules\rate-limit-redis\dist\index.cjs:95:36)
    at createRateLimiter (C:\Users\user\OneDrive\Desktop\CRM\backend\middleware\rateLimiter.js:12:16)
    at Object.<anonymous> (C:\Users\user\OneDrive\Desktop\CRM\backend\middleware\rateLimiter.js:49:23)
    at Module._compile (node:internal/modules/cjs/loader:1730:14)
    at Object..js (node:internal/modules/cjs/loader:1895:10)
    at Module.load (node:internal/modules/cjs/loader:1465:32)
You have triggered an unhandledRejection, you may have forgotten to catch a Promise rejection:
Error: The client is closed
    at Class.sendCommand (C:\Users\user\OneDrive\Desktop\CRM\backend\node_modules\@redis\client\dist\lib\client\index.js:639:35)
    at RedisStore.sendCommand (C:\Users\user\OneDrive\Desktop\CRM\backend\middleware\rateLimiter.js:13:49)
    at RedisStore.sendCommand (C:\Users\user\OneDrive\Desktop\CRM\backend\node_modules\rate-limit-redis\dist\index.cjs:85:49)
    at RedisStore.loadGetScript (C:\Users\user\OneDrive\Desktop\CRM\backend\node_modules\rate-limit-redis\dist\index.cjs:116:31)
    at new RedisStore (C:\Users\user\OneDrive\Desktop\CRM\backend\node_modules\rate-limit-redis\dist\index.cjs:96:30)
    at createRateLimiter (C:\Users\user\OneDrive\Desktop\CRM\backend\middleware\rateLimiter.js:12:16)
    at Object.<anonymous> (C:\Users\user\OneDrive\Desktop\CRM\backend\middleware\rateLimiter.js:49:23)
    at Module._compile (node:internal/modules/cjs/loader:1730:14)
    at Object..js (node:internal/modules/cjs/loader:1895:10)
    at Module.load (node:internal/modules/cjs/loader:1465:32)
You have triggered an unhandledRejection, you may have forgotten to catch a Promise rejection:
Error: The client is closed
    at Class.sendCommand (C:\Users\user\OneDrive\Desktop\CRM\backend\node_modules\@redis\client\dist\lib\client\index.js:639:35)
    at RedisStore.sendCommand (C:\Users\user\OneDrive\Desktop\CRM\backend\middleware\rateLimiter.js:13:49)
    at RedisStore.sendCommand (C:\Users\user\OneDrive\Desktop\CRM\backend\node_modules\rate-limit-redis\dist\index.cjs:85:49)
    at RedisStore.loadIncrementScript (C:\Users\user\OneDrive\Desktop\CRM\backend\node_modules\rate-limit-redis\dist\index.cjs:102:31)
    at new RedisStore (C:\Users\user\OneDrive\Desktop\CRM\backend\node_modules\rate-limit-redis\dist\index.cjs:95:36)
    at createRateLimiter (C:\Users\user\OneDrive\Desktop\CRM\backend\middleware\rateLimiter.js:12:16)
    at Object.<anonymous> (C:\Users\user\OneDrive\Desktop\CRM\backend\middleware\rateLimiter.js:57:25)
    at Module._compile (node:internal/modules/cjs/loader:1730:14)
    at Object..js (node:internal/modules/cjs/loader:1895:10)
    at Module.load (node:internal/modules/cjs/loader:1465:32)
You have triggered an unhandledRejection, you may have forgotten to catch a Promise rejection:
Error: The client is closed
    at Class.sendCommand (C:\Users\user\OneDrive\Desktop\CRM\backend\node_modules\@redis\client\dist\lib\client\index.js:639:35)
    at RedisStore.sendCommand (C:\Users\user\OneDrive\Desktop\CRM\backend\middleware\rateLimiter.js:13:49)
    at RedisStore.sendCommand (C:\Users\user\OneDrive\Desktop\CRM\backend\node_modules\rate-limit-redis\dist\index.cjs:85:49)
    at RedisStore.loadGetScript (C:\Users\user\OneDrive\Desktop\CRM\backend\node_modules\rate-limit-redis\dist\index.cjs:116:31)
    at new RedisStore (C:\Users\user\OneDrive\Desktop\CRM\backend\node_modules\rate-limit-redis\dist\index.cjs:96:30)
    at createRateLimiter (C:\Users\user\OneDrive\Desktop\CRM\backend\middleware\rateLimiter.js:12:16)
    at Object.<anonymous> (C:\Users\user\OneDrive\Desktop\CRM\backend\middleware\rateLimiter.js:57:25)
    at Module._compile (node:internal/modules/cjs/loader:1730:14)
    at Object..js (node:internal/modules/cjs/loader:1895:10)
    at Module.load (node:internal/modules/cjs/loader:1465:32)
You have triggered an unhandledRejection, you may have forgotten to catch a Promise rejection:
Error: The client is closed
    at Class.sendCommand (C:\Users\user\OneDrive\Desktop\CRM\backend\node_modules\@redis\client\dist\lib\client\index.js:639:35)
    at RedisStore.sendCommand (C:\Users\user\OneDrive\Desktop\CRM\backend\middleware\rateLimiter.js:13:49)
    at RedisStore.sendCommand (C:\Users\user\OneDrive\Desktop\CRM\backend\node_modules\rate-limit-redis\dist\index.cjs:85:49)
    at RedisStore.loadIncrementScript (C:\Users\user\OneDrive\Desktop\CRM\backend\node_modules\rate-limit-redis\dist\index.cjs:102:31)
    at new RedisStore (C:\Users\user\OneDrive\Desktop\CRM\backend\node_modules\rate-limit-redis\dist\index.cjs:95:36)
    at createRateLimiter (C:\Users\user\OneDrive\Desktop\CRM\backend\middleware\rateLimiter.js:12:16)
    at Object.<anonymous> (C:\Users\user\OneDrive\Desktop\CRM\backend\middleware\rateLimiter.js:65:21)
    at Module._compile (node:internal/modules/cjs/loader:1730:14)
    at Object..js (node:internal/modules/cjs/loader:1895:10)
    at Module.load (node:internal/modules/cjs/loader:1465:32)
You have triggered an unhandledRejection, you may have forgotten to catch a Promise rejection:
Error: The client is closed
    at Class.sendCommand (C:\Users\user\OneDrive\Desktop\CRM\backend\node_modules\@redis\client\dist\lib\client\index.js:639:35)
    at RedisStore.sendCommand (C:\Users\user\OneDrive\Desktop\CRM\backend\middleware\rateLimiter.js:13:49)
    at RedisStore.sendCommand (C:\Users\user\OneDrive\Desktop\CRM\backend\node_modules\rate-limit-redis\dist\index.cjs:85:49)
    at RedisStore.loadGetScript (C:\Users\user\OneDrive\Desktop\CRM\backend\node_modules\rate-limit-redis\dist\index.cjs:116:31)
    at new RedisStore (C:\Users\user\OneDrive\Desktop\CRM\backend\node_modules\rate-limit-redis\dist\index.cjs:96:30)
    at createRateLimiter (C:\Users\user\OneDrive\Desktop\CRM\backend\middleware\rateLimiter.js:12:16)
    at Object.<anonymous> (C:\Users\user\OneDrive\Desktop\CRM\backend\middleware\rateLimiter.js:65:21)
    at Module._compile (node:internal/modules/cjs/loader:1730:14)
    at Object..js (node:internal/modules/cjs/loader:1895:10)
    at Module.load (node:internal/modules/cjs/loader:1465:32)
2026-01-28 12:49:25: (node:5956) MaxListenersExceededWarning: Possible EventEmitter memory leak detected. 11 error listeners added to [DailyRotateFile]. MaxListeners is 10. Use emitter.setMaxListeners() to increase limit
(Use `node --trace-warnings ...` to show where the warning was created)
2026-01-28 12:49:25: (node:5956) MaxListenersExceededWarning: Possible EventEmitter memory leak detected. 11 finish listeners added to [DailyRotateFile]. MaxListeners is 10. Use emitter.setMaxListeners() to increase limit
Error: bind EADDRINUSE null:5000
    at listenOnPrimaryHandle (node:net:2020:18)
    at shared (node:internal/cluster/child:157:3)
    at Worker.<anonymous> (node:internal/cluster/child:110:7)
    at process.onInternalMessage (node:internal/cluster/utils:49:5)
    at process.emit (node:events:530:35)
    at emit (node:internal/child_process:949:14)
    at process.processTicksAndRejections (node:internal/process/task_queues:91:21)
You have triggered an unhandledRejection, you may have forgotten to catch a Promise rejection:
Error: NOAUTH Authentication required
    at #decodeSimpleError (C:\Users\user\OneDrive\Desktop\CRM\backend\node_modules\@redis\client\dist\lib\RESP\decoder.js:457:13)
    at #decodeTypeValue (C:\Users\user\OneDrive\Desktop\CRM\backend\node_modules\@redis\client\dist\lib\RESP\decoder.js:104:91)
    at Decoder.write (C:\Users\user\OneDrive\Desktop\CRM\backend\node_modules\@redis\client\dist\lib\RESP\decoder.js:74:38)
    at RedisSocket.<anonymous> (C:\Users\user\OneDrive\Desktop\CRM\backend\node_modules\@redis\client\dist\lib\client\index.js:437:37)
    at RedisSocket.emit (node:events:518:28)
    at Socket.<anonymous> (C:\Users\user\OneDrive\Desktop\CRM\backend\node_modules\@redis\client\dist\lib\client\socket.js:235:38)
    at Socket.emit (node:events:518:28)
    at addChunk (node:internal/streams/readable:561:12)
    at readableAddChunkPushByteMode (node:internal/streams/readable:512:3)
    at Readable.push (node:internal/streams/readable:392:5)
    at TCP.onStreamRead (node:internal/stream_base_commons:189:23)
You have triggered an unhandledRejection, you may have forgotten to catch a Promise rejection:
Error: NOAUTH Authentication required
    at #decodeSimpleError (C:\Users\user\OneDrive\Desktop\CRM\backend\node_modules\@redis\client\dist\lib\RESP\decoder.js:457:13)
    at #decodeTypeValue (C:\Users\user\OneDrive\Desktop\CRM\backend\node_modules\@redis\client\dist\lib\RESP\decoder.js:104:91)
    at Decoder.write (C:\Users\user\OneDrive\Desktop\CRM\backend\node_modules\@redis\client\dist\lib\RESP\decoder.js:74:38)
    at RedisSocket.<anonymous> (C:\Users\user\OneDrive\Desktop\CRM\backend\node_modules\@redis\client\dist\lib\client\index.js:437:37)
    at RedisSocket.emit (node:events:518:28)
    at Socket.<anonymous> (C:\Users\user\OneDrive\Desktop\CRM\backend\node_modules\@redis\client\dist\lib\client\socket.js:235:38)
    at Socket.emit (node:events:518:28)
    at addChunk (node:internal/streams/readable:561:12)
    at readableAddChunkPushByteMode (node:internal/streams/readable:512:3)
    at Readable.push (node:internal/streams/readable:392:5)
    at TCP.onStreamRead (node:internal/stream_base_commons:189:23)
You have triggered an unhandledRejection, you may have forgotten to catch a Promise rejection:
Error: The client is closed
    at Class.sendCommand (C:\Users\user\OneDrive\Desktop\CRM\backend\node_modules\@redis\client\dist\lib\client\index.js:639:35)
    at RedisStore.sendCommand (C:\Users\user\OneDrive\Desktop\CRM\backend\middleware\rateLimiter.js:13:49)
    at RedisStore.sendCommand (C:\Users\user\OneDrive\Desktop\CRM\backend\node_modules\rate-limit-redis\dist\index.cjs:85:49)
    at RedisStore.loadIncrementScript (C:\Users\user\OneDrive\Desktop\CRM\backend\node_modules\rate-limit-redis\dist\index.cjs:102:31)
    at new RedisStore (C:\Users\user\OneDrive\Desktop\CRM\backend\node_modules\rate-limit-redis\dist\index.cjs:95:36)
    at createRateLimiter (C:\Users\user\OneDrive\Desktop\CRM\backend\middleware\rateLimiter.js:12:16)
    at Object.<anonymous> (C:\Users\user\OneDrive\Desktop\CRM\backend\middleware\rateLimiter.js:32:21)
    at Module._compile (node:internal/modules/cjs/loader:1730:14)
    at Object..js (node:internal/modules/cjs/loader:1895:10)
    at Module.load (node:internal/modules/cjs/loader:1465:32)
You have triggered an unhandledRejection, you may have forgotten to catch a Promise rejection:
Error: The client is closed
    at Class.sendCommand (C:\Users\user\OneDrive\Desktop\CRM\backend\node_modules\@redis\client\dist\lib\client\index.js:639:35)
    at RedisStore.sendCommand (C:\Users\user\OneDrive\Desktop\CRM\backend\middleware\rateLimiter.js:13:49)
    at RedisStore.sendCommand (C:\Users\user\OneDrive\Desktop\CRM\backend\node_modules\rate-limit-redis\dist\index.cjs:85:49)
    at RedisStore.loadGetScript (C:\Users\user\OneDrive\Desktop\CRM\backend\node_modules\rate-limit-redis\dist\index.cjs:116:31)
    at new RedisStore (C:\Users\user\OneDrive\Desktop\CRM\backend\node_modules\rate-limit-redis\dist\index.cjs:96:30)
    at createRateLimiter (C:\Users\user\OneDrive\Desktop\CRM\backend\middleware\rateLimiter.js:12:16)
    at Object.<anonymous> (C:\Users\user\OneDrive\Desktop\CRM\backend\middleware\rateLimiter.js:32:21)
    at Module._compile (node:internal/modules/cjs/loader:1730:14)
    at Object..js (node:internal/modules/cjs/loader:1895:10)
    at Module.load (node:internal/modules/cjs/loader:1465:32)
You have triggered an unhandledRejection, you may have forgotten to catch a Promise rejection:
Error: The client is closed
    at Class.sendCommand (C:\Users\user\OneDrive\Desktop\CRM\backend\node_modules\@redis\client\dist\lib\client\index.js:639:35)
    at RedisStore.sendCommand (C:\Users\user\OneDrive\Desktop\CRM\backend\middleware\rateLimiter.js:13:49)
    at RedisStore.sendCommand (C:\Users\user\OneDrive\Desktop\CRM\backend\node_modules\rate-limit-redis\dist\index.cjs:85:49)
    at RedisStore.loadIncrementScript (C:\Users\user\OneDrive\Desktop\CRM\backend\node_modules\rate-limit-redis\dist\index.cjs:102:31)
    at new RedisStore (C:\Users\user\OneDrive\Desktop\CRM\backend\node_modules\rate-limit-redis\dist\index.cjs:95:36)
    at createRateLimiter (C:\Users\user\OneDrive\Desktop\CRM\backend\middleware\rateLimiter.js:12:16)
    at Object.<anonymous> (C:\Users\user\OneDrive\Desktop\CRM\backend\middleware\rateLimiter.js:41:20)
    at Module._compile (node:internal/modules/cjs/loader:1730:14)
    at Object..js (node:internal/modules/cjs/loader:1895:10)
    at Module.load (node:internal/modules/cjs/loader:1465:32)
You have triggered an unhandledRejection, you may have forgotten to catch a Promise rejection:
Error: The client is closed
    at Class.sendCommand (C:\Users\user\OneDrive\Desktop\CRM\backend\node_modules\@redis\client\dist\lib\client\index.js:639:35)
    at RedisStore.sendCommand (C:\Users\user\OneDrive\Desktop\CRM\backend\middleware\rateLimiter.js:13:49)
    at RedisStore.sendCommand (C:\Users\user\OneDrive\Desktop\CRM\backend\node_modules\rate-limit-redis\dist\index.cjs:85:49)
    at RedisStore.loadGetScript (C:\Users\user\OneDrive\Desktop\CRM\backend\node_modules\rate-limit-redis\dist\index.cjs:116:31)
    at new RedisStore (C:\Users\user\OneDrive\Desktop\CRM\backend\node_modules\rate-limit-redis\dist\index.cjs:96:30)
    at createRateLimiter (C:\Users\user\OneDrive\Desktop\CRM\backend\middleware\rateLimiter.js:12:16)
    at Object.<anonymous> (C:\Users\user\OneDrive\Desktop\CRM\backend\middleware\rateLimiter.js:41:20)
    at Module._compile (node:internal/modules/cjs/loader:1730:14)
    at Object..js (node:internal/modules/cjs/loader:1895:10)
    at Module.load (node:internal/modules/cjs/loader:1465:32)
You have triggered an unhandledRejection, you may have forgotten to catch a Promise rejection:
Error: The client is closed
    at Class.sendCommand (C:\Users\user\OneDrive\Desktop\CRM\backend\node_modules\@redis\client\dist\lib\client\index.js:639:35)
    at RedisStore.sendCommand (C:\Users\user\OneDrive\Desktop\CRM\backend\middleware\rateLimiter.js:13:49)
    at RedisStore.sendCommand (C:\Users\user\OneDrive\Desktop\CRM\backend\node_modules\rate-limit-redis\dist\index.cjs:85:49)
    at RedisStore.loadIncrementScript (C:\Users\user\OneDrive\Desktop\CRM\backend\node_modules\rate-limit-redis\dist\index.cjs:102:31)
    at new RedisStore (C:\Users\user\OneDrive\Desktop\CRM\backend\node_modules\rate-limit-redis\dist\index.cjs:95:36)
    at createRateLimiter (C:\Users\user\OneDrive\Desktop\CRM\backend\middleware\rateLimiter.js:12:16)
    at Object.<anonymous> (C:\Users\user\OneDrive\Desktop\CRM\backend\middleware\rateLimiter.js:49:23)
    at Module._compile (node:internal/modules/cjs/loader:1730:14)
    at Object..js (node:internal/modules/cjs/loader:1895:10)
    at Module.load (node:internal/modules/cjs/loader:1465:32)
You have triggered an unhandledRejection, you may have forgotten to catch a Promise rejection:
Error: The client is closed
    at Class.sendCommand (C:\Users\user\OneDrive\Desktop\CRM\backend\node_modules\@redis\client\dist\lib\client\index.js:639:35)
    at RedisStore.sendCommand (C:\Users\user\OneDrive\Desktop\CRM\backend\middleware\rateLimiter.js:13:49)
    at RedisStore.sendCommand (C:\Users\user\OneDrive\Desktop\CRM\backend\node_modules\rate-limit-redis\dist\index.cjs:85:49)
    at RedisStore.loadGetScript (C:\Users\user\OneDrive\Desktop\CRM\backend\node_modules\rate-limit-redis\dist\index.cjs:116:31)
    at new RedisStore (C:\Users\user\OneDrive\Desktop\CRM\backend\node_modules\rate-limit-redis\dist\index.cjs:96:30)
    at createRateLimiter (C:\Users\user\OneDrive\Desktop\CRM\backend\middleware\rateLimiter.js:12:16)
    at Object.<anonymous> (C:\Users\user\OneDrive\Desktop\CRM\backend\middleware\rateLimiter.js:49:23)
    at Module._compile (node:internal/modules/cjs/loader:1730:14)
    at Object..js (node:internal/modules/cjs/loader:1895:10)
    at Module.load (node:internal/modules/cjs/loader:1465:32)
You have triggered an unhandledRejection, you may have forgotten to catch a Promise rejection:
Error: The client is closed
    at Class.sendCommand (C:\Users\user\OneDrive\Desktop\CRM\backend\node_modules\@redis\client\dist\lib\client\index.js:639:35)
    at RedisStore.sendCommand (C:\Users\user\OneDrive\Desktop\CRM\backend\middleware\rateLimiter.js:13:49)
    at RedisStore.sendCommand (C:\Users\user\OneDrive\Desktop\CRM\backend\node_modules\rate-limit-redis\dist\index.cjs:85:49)
    at RedisStore.loadIncrementScript (C:\Users\user\OneDrive\Desktop\CRM\backend\node_modules\rate-limit-redis\dist\index.cjs:102:31)
    at new RedisStore (C:\Users\user\OneDrive\Desktop\CRM\backend\node_modules\rate-limit-redis\dist\index.cjs:95:36)
    at createRateLimiter (C:\Users\user\OneDrive\Desktop\CRM\backend\middleware\rateLimiter.js:12:16)
    at Object.<anonymous> (C:\Users\user\OneDrive\Desktop\CRM\backend\middleware\rateLimiter.js:57:25)
    at Module._compile (node:internal/modules/cjs/loader:1730:14)
    at Object..js (node:internal/modules/cjs/loader:1895:10)
    at Module.load (node:internal/modules/cjs/loader:1465:32)
You have triggered an unhandledRejection, you may have forgotten to catch a Promise rejection:
Error: The client is closed
    at Class.sendCommand (C:\Users\user\OneDrive\Desktop\CRM\backend\node_modules\@redis\client\dist\lib\client\index.js:639:35)
    at RedisStore.sendCommand (C:\Users\user\OneDrive\Desktop\CRM\backend\middleware\rateLimiter.js:13:49)
    at RedisStore.sendCommand (C:\Users\user\OneDrive\Desktop\CRM\backend\node_modules\rate-limit-redis\dist\index.cjs:85:49)
    at RedisStore.loadGetScript (C:\Users\user\OneDrive\Desktop\CRM\backend\node_modules\rate-limit-redis\dist\index.cjs:116:31)
    at new RedisStore (C:\Users\user\OneDrive\Desktop\CRM\backend\node_modules\rate-limit-redis\dist\index.cjs:96:30)
    at createRateLimiter (C:\Users\user\OneDrive\Desktop\CRM\backend\middleware\rateLimiter.js:12:16)
    at Object.<anonymous> (C:\Users\user\OneDrive\Desktop\CRM\backend\middleware\rateLimiter.js:57:25)
    at Module._compile (node:internal/modules/cjs/loader:1730:14)
    at Object..js (node:internal/modules/cjs/loader:1895:10)
    at Module.load (node:internal/modules/cjs/loader:1465:32)
You have triggered an unhandledRejection, you may have forgotten to catch a Promise rejection:
Error: The client is closed
    at Class.sendCommand (C:\Users\user\OneDrive\Desktop\CRM\backend\node_modules\@redis\client\dist\lib\client\index.js:639:35)
    at RedisStore.sendCommand (C:\Users\user\OneDrive\Desktop\CRM\backend\middleware\rateLimiter.js:13:49)
    at RedisStore.sendCommand (C:\Users\user\OneDrive\Desktop\CRM\backend\node_modules\rate-limit-redis\dist\index.cjs:85:49)
    at RedisStore.loadIncrementScript (C:\Users\user\OneDrive\Desktop\CRM\backend\node_modules\rate-limit-redis\dist\index.cjs:102:31)
    at new RedisStore (C:\Users\user\OneDrive\Desktop\CRM\backend\node_modules\rate-limit-redis\dist\index.cjs:95:36)
    at createRateLimiter (C:\Users\user\OneDrive\Desktop\CRM\backend\middleware\rateLimiter.js:12:16)
    at Object.<anonymous> (C:\Users\user\OneDrive\Desktop\CRM\backend\middleware\rateLimiter.js:65:21)
    at Module._compile (node:internal/modules/cjs/loader:1730:14)
    at Object..js (node:internal/modules/cjs/loader:1895:10)
    at Module.load (node:internal/modules/cjs/loader:1465:32)
You have triggered an unhandledRejection, you may have forgotten to catch a Promise rejection:
Error: The client is closed
    at Class.sendCommand (C:\Users\user\OneDrive\Desktop\CRM\backend\node_modules\@redis\client\dist\lib\client\index.js:639:35)
    at RedisStore.sendCommand (C:\Users\user\OneDrive\Desktop\CRM\backend\middleware\rateLimiter.js:13:49)
    at RedisStore.sendCommand (C:\Users\user\OneDrive\Desktop\CRM\backend\node_modules\rate-limit-redis\dist\index.cjs:85:49)
    at RedisStore.loadGetScript (C:\Users\user\OneDrive\Desktop\CRM\backend\node_modules\rate-limit-redis\dist\index.cjs:116:31)
    at new RedisStore (C:\Users\user\OneDrive\Desktop\CRM\backend\node_modules\rate-limit-redis\dist\index.cjs:96:30)
    at createRateLimiter (C:\Users\user\OneDrive\Desktop\CRM\backend\middleware\rateLimiter.js:12:16)
    at Object.<anonymous> (C:\Users\user\OneDrive\Desktop\CRM\backend\middleware\rateLimiter.js:65:21)
    at Module._compile (node:internal/modules/cjs/loader:1730:14)
    at Object..js (node:internal/modules/cjs/loader:1895:10)
    at Module.load (node:internal/modules/cjs/loader:1465:32)
2026-01-28 12:49:35: (node:12888) MaxListenersExceededWarning: Possible EventEmitter memory leak detected. 11 error listeners added to [DailyRotateFile]. MaxListeners is 10. Use emitter.setMaxListeners() to increase limit
(Use `node --trace-warnings ...` to show where the warning was created)
2026-01-28 12:49:35: (node:12888) MaxListenersExceededWarning: Possible EventEmitter memory leak detected. 11 finish listeners added to [DailyRotateFile]. MaxListeners is 10. Use emitter.setMaxListeners() to increase limit
Error: bind EADDRINUSE null:5000
    at listenOnPrimaryHandle (node:net:2020:18)
    at shared (node:internal/cluster/child:157:3)
    at Worker.<anonymous> (node:internal/cluster/child:110:7)
    at process.onInternalMessage (node:internal/cluster/utils:49:5)
    at process.emit (node:events:530:35)
    at emit (node:internal/child_process:949:14)
    at process.processTicksAndRejections (node:internal/process/task_queues:91:21)
You have triggered an unhandledRejection, you may have forgotten to catch a Promise rejection:
Error: NOAUTH Authentication required
    at #decodeSimpleError (C:\Users\user\OneDrive\Desktop\CRM\backend\node_modules\@redis\client\dist\lib\RESP\decoder.js:457:13)
    at #decodeTypeValue (C:\Users\user\OneDrive\Desktop\CRM\backend\node_modules\@redis\client\dist\lib\RESP\decoder.js:104:91)
    at Decoder.write (C:\Users\user\OneDrive\Desktop\CRM\backend\node_modules\@redis\client\dist\lib\RESP\decoder.js:74:38)
    at RedisSocket.<anonymous> (C:\Users\user\OneDrive\Desktop\CRM\backend\node_modules\@redis\client\dist\lib\client\index.js:437:37)
    at RedisSocket.emit (node:events:518:28)
    at Socket.<anonymous> (C:\Users\user\OneDrive\Desktop\CRM\backend\node_modules\@redis\client\dist\lib\client\socket.js:235:38)
    at Socket.emit (node:events:518:28)
    at addChunk (node:internal/streams/readable:561:12)
    at readableAddChunkPushByteMode (node:internal/streams/readable:512:3)
    at Readable.push (node:internal/streams/readable:392:5)
    at TCP.onStreamRead (node:internal/stream_base_commons:189:23)
You have triggered an unhandledRejection, you may have forgotten to catch a Promise rejection:
Error: NOAUTH Authentication required
    at #decodeSimpleError (C:\Users\user\OneDrive\Desktop\CRM\backend\node_modules\@redis\client\dist\lib\RESP\decoder.js:457:13)
    at #decodeTypeValue (C:\Users\user\OneDrive\Desktop\CRM\backend\node_modules\@redis\client\dist\lib\RESP\decoder.js:104:91)
    at Decoder.write (C:\Users\user\OneDrive\Desktop\CRM\backend\node_modules\@redis\client\dist\lib\RESP\decoder.js:74:38)
    at RedisSocket.<anonymous> (C:\Users\user\OneDrive\Desktop\CRM\backend\node_modules\@redis\client\dist\lib\client\index.js:437:37)
    at RedisSocket.emit (node:events:518:28)
    at Socket.<anonymous> (C:\Users\user\OneDrive\Desktop\CRM\backend\node_modules\@redis\client\dist\lib\client\socket.js:235:38)
    at Socket.emit (node:events:518:28)
    at addChunk (node:internal/streams/readable:561:12)
    at readableAddChunkPushByteMode (node:internal/streams/readable:512:3)
    at Readable.push (node:internal/streams/readable:392:5)
    at TCP.onStreamRead (node:internal/stream_base_commons:189:23)
You have triggered an unhandledRejection, you may have forgotten to catch a Promise rejection:
Error: The client is closed
    at Class.sendCommand (C:\Users\user\OneDrive\Desktop\CRM\backend\node_modules\@redis\client\dist\lib\client\index.js:639:35)
    at RedisStore.sendCommand (C:\Users\user\OneDrive\Desktop\CRM\backend\middleware\rateLimiter.js:13:49)
    at RedisStore.sendCommand (C:\Users\user\OneDrive\Desktop\CRM\backend\node_modules\rate-limit-redis\dist\index.cjs:85:49)
    at RedisStore.loadIncrementScript (C:\Users\user\OneDrive\Desktop\CRM\backend\node_modules\rate-limit-redis\dist\index.cjs:102:31)
    at new RedisStore (C:\Users\user\OneDrive\Desktop\CRM\backend\node_modules\rate-limit-redis\dist\index.cjs:95:36)
    at createRateLimiter (C:\Users\user\OneDrive\Desktop\CRM\backend\middleware\rateLimiter.js:12:16)
    at Object.<anonymous> (C:\Users\user\OneDrive\Desktop\CRM\backend\middleware\rateLimiter.js:32:21)
    at Module._compile (node:internal/modules/cjs/loader:1730:14)
    at Object..js (node:internal/modules/cjs/loader:1895:10)
    at Module.load (node:internal/modules/cjs/loader:1465:32)
You have triggered an unhandledRejection, you may have forgotten to catch a Promise rejection:
Error: The client is closed
    at Class.sendCommand (C:\Users\user\OneDrive\Desktop\CRM\backend\node_modules\@redis\client\dist\lib\client\index.js:639:35)
    at RedisStore.sendCommand (C:\Users\user\OneDrive\Desktop\CRM\backend\middleware\rateLimiter.js:13:49)
    at RedisStore.sendCommand (C:\Users\user\OneDrive\Desktop\CRM\backend\node_modules\rate-limit-redis\dist\index.cjs:85:49)
    at RedisStore.loadGetScript (C:\Users\user\OneDrive\Desktop\CRM\backend\node_modules\rate-limit-redis\dist\index.cjs:116:31)
    at new RedisStore (C:\Users\user\OneDrive\Desktop\CRM\backend\node_modules\rate-limit-redis\dist\index.cjs:96:30)
    at createRateLimiter (C:\Users\user\OneDrive\Desktop\CRM\backend\middleware\rateLimiter.js:12:16)
    at Object.<anonymous> (C:\Users\user\OneDrive\Desktop\CRM\backend\middleware\rateLimiter.js:32:21)
    at Module._compile (node:internal/modules/cjs/loader:1730:14)
    at Object..js (node:internal/modules/cjs/loader:1895:10)
    at Module.load (node:internal/modules/cjs/loader:1465:32)
You have triggered an unhandledRejection, you may have forgotten to catch a Promise rejection:
Error: The client is closed
    at Class.sendCommand (C:\Users\user\OneDrive\Desktop\CRM\backend\node_modules\@redis\client\dist\lib\client\index.js:639:35)
    at RedisStore.sendCommand (C:\Users\user\OneDrive\Desktop\CRM\backend\middleware\rateLimiter.js:13:49)
    at RedisStore.sendCommand (C:\Users\user\OneDrive\Desktop\CRM\backend\node_modules\rate-limit-redis\dist\index.cjs:85:49)
    at RedisStore.loadIncrementScript (C:\Users\user\OneDrive\Desktop\CRM\backend\node_modules\rate-limit-redis\dist\index.cjs:102:31)
    at new RedisStore (C:\Users\user\OneDrive\Desktop\CRM\backend\node_modules\rate-limit-redis\dist\index.cjs:95:36)
    at createRateLimiter (C:\Users\user\OneDrive\Desktop\CRM\backend\middleware\rateLimiter.js:12:16)
    at Object.<anonymous> (C:\Users\user\OneDrive\Desktop\CRM\backend\middleware\rateLimiter.js:41:20)
    at Module._compile (node:internal/modules/cjs/loader:1730:14)
    at Object..js (node:internal/modules/cjs/loader:1895:10)
    at Module.load (node:internal/modules/cjs/loader:1465:32)
You have triggered an unhandledRejection, you may have forgotten to catch a Promise rejection:
Error: The client is closed
    at Class.sendCommand (C:\Users\user\OneDrive\Desktop\CRM\backend\node_modules\@redis\client\dist\lib\client\index.js:639:35)
    at RedisStore.sendCommand (C:\Users\user\OneDrive\Desktop\CRM\backend\middleware\rateLimiter.js:13:49)
    at RedisStore.sendCommand (C:\Users\user\OneDrive\Desktop\CRM\backend\node_modules\rate-limit-redis\dist\index.cjs:85:49)
    at RedisStore.loadGetScript (C:\Users\user\OneDrive\Desktop\CRM\backend\node_modules\rate-limit-redis\dist\index.cjs:116:31)
    at new RedisStore (C:\Users\user\OneDrive\Desktop\CRM\backend\node_modules\rate-limit-redis\dist\index.cjs:96:30)
    at createRateLimiter (C:\Users\user\OneDrive\Desktop\CRM\backend\middleware\rateLimiter.js:12:16)
    at Object.<anonymous> (C:\Users\user\OneDrive\Desktop\CRM\backend\middleware\rateLimiter.js:41:20)
    at Module._compile (node:internal/modules/cjs/loader:1730:14)
    at Object..js (node:internal/modules/cjs/loader:1895:10)
    at Module.load (node:internal/modules/cjs/loader:1465:32)
You have triggered an unhandledRejection, you may have forgotten to catch a Promise rejection:
Error: The client is closed
    at Class.sendCommand (C:\Users\user\OneDrive\Desktop\CRM\backend\node_modules\@redis\client\dist\lib\client\index.js:639:35)
    at RedisStore.sendCommand (C:\Users\user\OneDrive\Desktop\CRM\backend\middleware\rateLimiter.js:13:49)
    at RedisStore.sendCommand (C:\Users\user\OneDrive\Desktop\CRM\backend\node_modules\rate-limit-redis\dist\index.cjs:85:49)
    at RedisStore.loadIncrementScript (C:\Users\user\OneDrive\Desktop\CRM\backend\node_modules\rate-limit-redis\dist\index.cjs:102:31)
    at new RedisStore (C:\Users\user\OneDrive\Desktop\CRM\backend\node_modules\rate-limit-redis\dist\index.cjs:95:36)
    at createRateLimiter (C:\Users\user\OneDrive\Desktop\CRM\backend\middleware\rateLimiter.js:12:16)
    at Object.<anonymous> (C:\Users\user\OneDrive\Desktop\CRM\backend\middleware\rateLimiter.js:49:23)
    at Module._compile (node:internal/modules/cjs/loader:1730:14)
    at Object..js (node:internal/modules/cjs/loader:1895:10)
    at Module.load (node:internal/modules/cjs/loader:1465:32)
You have triggered an unhandledRejection, you may have forgotten to catch a Promise rejection:
Error: The client is closed
    at Class.sendCommand (C:\Users\user\OneDrive\Desktop\CRM\backend\node_modules\@redis\client\dist\lib\client\index.js:639:35)
    at RedisStore.sendCommand (C:\Users\user\OneDrive\Desktop\CRM\backend\middleware\rateLimiter.js:13:49)
    at RedisStore.sendCommand (C:\Users\user\OneDrive\Desktop\CRM\backend\node_modules\rate-limit-redis\dist\index.cjs:85:49)
    at RedisStore.loadGetScript (C:\Users\user\OneDrive\Desktop\CRM\backend\node_modules\rate-limit-redis\dist\index.cjs:116:31)
    at new RedisStore (C:\Users\user\OneDrive\Desktop\CRM\backend\node_modules\rate-limit-redis\dist\index.cjs:96:30)
    at createRateLimiter (C:\Users\user\OneDrive\Desktop\CRM\backend\middleware\rateLimiter.js:12:16)
    at Object.<anonymous> (C:\Users\user\OneDrive\Desktop\CRM\backend\middleware\rateLimiter.js:49:23)
    at Module._compile (node:internal/modules/cjs/loader:1730:14)
    at Object..js (node:internal/modules/cjs/loader:1895:10)
    at Module.load (node:internal/modules/cjs/loader:1465:32)
You have triggered an unhandledRejection, you may have forgotten to catch a Promise rejection:
Error: The client is closed
    at Class.sendCommand (C:\Users\user\OneDrive\Desktop\CRM\backend\node_modules\@redis\client\dist\lib\client\index.js:639:35)
    at RedisStore.sendCommand (C:\Users\user\OneDrive\Desktop\CRM\backend\middleware\rateLimiter.js:13:49)
    at RedisStore.sendCommand (C:\Users\user\OneDrive\Desktop\CRM\backend\node_modules\rate-limit-redis\dist\index.cjs:85:49)
    at RedisStore.loadIncrementScript (C:\Users\user\OneDrive\Desktop\CRM\backend\node_modules\rate-limit-redis\dist\index.cjs:102:31)
    at new RedisStore (C:\Users\user\OneDrive\Desktop\CRM\backend\node_modules\rate-limit-redis\dist\index.cjs:95:36)
    at createRateLimiter (C:\Users\user\OneDrive\Desktop\CRM\backend\middleware\rateLimiter.js:12:16)
    at Object.<anonymous> (C:\Users\user\OneDrive\Desktop\CRM\backend\middleware\rateLimiter.js:57:25)
    at Module._compile (node:internal/modules/cjs/loader:1730:14)
    at Object..js (node:internal/modules/cjs/loader:1895:10)
    at Module.load (node:internal/modules/cjs/loader:1465:32)
You have triggered an unhandledRejection, you may have forgotten to catch a Promise rejection:
Error: The client is closed
    at Class.sendCommand (C:\Users\user\OneDrive\Desktop\CRM\backend\node_modules\@redis\client\dist\lib\client\index.js:639:35)
    at RedisStore.sendCommand (C:\Users\user\OneDrive\Desktop\CRM\backend\middleware\rateLimiter.js:13:49)
    at RedisStore.sendCommand (C:\Users\user\OneDrive\Desktop\CRM\backend\node_modules\rate-limit-redis\dist\index.cjs:85:49)
    at RedisStore.loadGetScript (C:\Users\user\OneDrive\Desktop\CRM\backend\node_modules\rate-limit-redis\dist\index.cjs:116:31)
    at new RedisStore (C:\Users\user\OneDrive\Desktop\CRM\backend\node_modules\rate-limit-redis\dist\index.cjs:96:30)
    at createRateLimiter (C:\Users\user\OneDrive\Desktop\CRM\backend\middleware\rateLimiter.js:12:16)
    at Object.<anonymous> (C:\Users\user\OneDrive\Desktop\CRM\backend\middleware\rateLimiter.js:57:25)
    at Module._compile (node:internal/modules/cjs/loader:1730:14)
    at Object..js (node:internal/modules/cjs/loader:1895:10)
    at Module.load (node:internal/modules/cjs/loader:1465:32)
You have triggered an unhandledRejection, you may have forgotten to catch a Promise rejection:
Error: The client is closed
    at Class.sendCommand (C:\Users\user\OneDrive\Desktop\CRM\backend\node_modules\@redis\client\dist\lib\client\index.js:639:35)
    at RedisStore.sendCommand (C:\Users\user\OneDrive\Desktop\CRM\backend\middleware\rateLimiter.js:13:49)
    at RedisStore.sendCommand (C:\Users\user\OneDrive\Desktop\CRM\backend\node_modules\rate-limit-redis\dist\index.cjs:85:49)
    at RedisStore.loadIncrementScript (C:\Users\user\OneDrive\Desktop\CRM\backend\node_modules\rate-limit-redis\dist\index.cjs:102:31)
    at new RedisStore (C:\Users\user\OneDrive\Desktop\CRM\backend\node_modules\rate-limit-redis\dist\index.cjs:95:36)
    at createRateLimiter (C:\Users\user\OneDrive\Desktop\CRM\backend\middleware\rateLimiter.js:12:16)
    at Object.<anonymous> (C:\Users\user\OneDrive\Desktop\CRM\backend\middleware\rateLimiter.js:65:21)
    at Module._compile (node:internal/modules/cjs/loader:1730:14)
    at Object..js (node:internal/modules/cjs/loader:1895:10)
    at Module.load (node:internal/modules/cjs/loader:1465:32)
You have triggered an unhandledRejection, you may have forgotten to catch a Promise rejection:
Error: The client is closed
    at Class.sendCommand (C:\Users\user\OneDrive\Desktop\CRM\backend\node_modules\@redis\client\dist\lib\client\index.js:639:35)
    at RedisStore.sendCommand (C:\Users\user\OneDrive\Desktop\CRM\backend\middleware\rateLimiter.js:13:49)
    at RedisStore.sendCommand (C:\Users\user\OneDrive\Desktop\CRM\backend\node_modules\rate-limit-redis\dist\index.cjs:85:49)
    at RedisStore.loadGetScript (C:\Users\user\OneDrive\Desktop\CRM\backend\node_modules\rate-limit-redis\dist\index.cjs:116:31)
    at new RedisStore (C:\Users\user\OneDrive\Desktop\CRM\backend\node_modules\rate-limit-redis\dist\index.cjs:96:30)
    at createRateLimiter (C:\Users\user\OneDrive\Desktop\CRM\backend\middleware\rateLimiter.js:12:16)
    at Object.<anonymous> (C:\Users\user\OneDrive\Desktop\CRM\backend\middleware\rateLimiter.js:65:21)
    at Module._compile (node:internal/modules/cjs/loader:1730:14)
    at Object..js (node:internal/modules/cjs/loader:1895:10)
    at Module.load (node:internal/modules/cjs/loader:1465:32)
2026-01-28 12:49:45: (node:10152) MaxListenersExceededWarning: Possible EventEmitter memory leak detected. 11 error listeners added to [DailyRotateFile]. MaxListeners is 10. Use emitter.setMaxListeners() to increase limit
(Use `node --trace-warnings ...` to show where the warning was created)
2026-01-28 12:49:45: (node:10152) MaxListenersExceededWarning: Possible EventEmitter memory leak detected. 11 finish listeners added to [DailyRotateFile]. MaxListeners is 10. Use emitter.setMaxListeners() to increase limit
Error: bind EADDRINUSE null:5000
    at listenOnPrimaryHandle (node:net:2020:18)
    at shared (node:internal/cluster/child:157:3)
    at Worker.<anonymous> (node:internal/cluster/child:110:7)
    at process.onInternalMessage (node:internal/cluster/utils:49:5)
    at process.emit (node:events:530:35)
    at emit (node:internal/child_process:949:14)
    at process.processTicksAndRejections (node:internal/process/task_queues:91:21)
You have triggered an unhandledRejection, you may have forgotten to catch a Promise rejection:
Error: NOAUTH Authentication required
    at #decodeSimpleError (C:\Users\user\OneDrive\Desktop\CRM\backend\node_modules\@redis\client\dist\lib\RESP\decoder.js:457:13)
    at #decodeTypeValue (C:\Users\user\OneDrive\Desktop\CRM\backend\node_modules\@redis\client\dist\lib\RESP\decoder.js:104:91)
    at Decoder.write (C:\Users\user\OneDrive\Desktop\CRM\backend\node_modules\@redis\client\dist\lib\RESP\decoder.js:74:38)
    at RedisSocket.<anonymous> (C:\Users\user\OneDrive\Desktop\CRM\backend\node_modules\@redis\client\dist\lib\client\index.js:437:37)
    at RedisSocket.emit (node:events:518:28)
    at Socket.<anonymous> (C:\Users\user\OneDrive\Desktop\CRM\backend\node_modules\@redis\client\dist\lib\client\socket.js:235:38)
    at Socket.emit (node:events:518:28)
    at addChunk (node:internal/streams/readable:561:12)
    at readableAddChunkPushByteMode (node:internal/streams/readable:512:3)
    at Readable.push (node:internal/streams/readable:392:5)
    at TCP.onStreamRead (node:internal/stream_base_commons:189:23)
You have triggered an unhandledRejection, you may have forgotten to catch a Promise rejection:
Error: NOAUTH Authentication required
    at #decodeSimpleError (C:\Users\user\OneDrive\Desktop\CRM\backend\node_modules\@redis\client\dist\lib\RESP\decoder.js:457:13)
    at #decodeTypeValue (C:\Users\user\OneDrive\Desktop\CRM\backend\node_modules\@redis\client\dist\lib\RESP\decoder.js:104:91)
    at Decoder.write (C:\Users\user\OneDrive\Desktop\CRM\backend\node_modules\@redis\client\dist\lib\RESP\decoder.js:74:38)
    at RedisSocket.<anonymous> (C:\Users\user\OneDrive\Desktop\CRM\backend\node_modules\@redis\client\dist\lib\client\index.js:437:37)
    at RedisSocket.emit (node:events:518:28)
    at Socket.<anonymous> (C:\Users\user\OneDrive\Desktop\CRM\backend\node_modules\@redis\client\dist\lib\client\socket.js:235:38)
    at Socket.emit (node:events:518:28)
    at addChunk (node:internal/streams/readable:561:12)
    at readableAddChunkPushByteMode (node:internal/streams/readable:512:3)
    at Readable.push (node:internal/streams/readable:392:5)
    at TCP.onStreamRead (node:internal/stream_base_commons:189:23)
You have triggered an unhandledRejection, you may have forgotten to catch a Promise rejection:
Error: The client is closed
    at Class.sendCommand (C:\Users\user\OneDrive\Desktop\CRM\backend\node_modules\@redis\client\dist\lib\client\index.js:639:35)
    at RedisStore.sendCommand (C:\Users\user\OneDrive\Desktop\CRM\backend\middleware\rateLimiter.js:13:49)
    at RedisStore.sendCommand (C:\Users\user\OneDrive\Desktop\CRM\backend\node_modules\rate-limit-redis\dist\index.cjs:85:49)
    at RedisStore.loadIncrementScript (C:\Users\user\OneDrive\Desktop\CRM\backend\node_modules\rate-limit-redis\dist\index.cjs:102:31)
    at new RedisStore (C:\Users\user\OneDrive\Desktop\CRM\backend\node_modules\rate-limit-redis\dist\index.cjs:95:36)
    at createRateLimiter (C:\Users\user\OneDrive\Desktop\CRM\backend\middleware\rateLimiter.js:12:16)
    at Object.<anonymous> (C:\Users\user\OneDrive\Desktop\CRM\backend\middleware\rateLimiter.js:32:21)
    at Module._compile (node:internal/modules/cjs/loader:1730:14)
    at Object..js (node:internal/modules/cjs/loader:1895:10)
    at Module.load (node:internal/modules/cjs/loader:1465:32)
You have triggered an unhandledRejection, you may have forgotten to catch a Promise rejection:
Error: The client is closed
    at Class.sendCommand (C:\Users\user\OneDrive\Desktop\CRM\backend\node_modules\@redis\client\dist\lib\client\index.js:639:35)
    at RedisStore.sendCommand (C:\Users\user\OneDrive\Desktop\CRM\backend\middleware\rateLimiter.js:13:49)
    at RedisStore.sendCommand (C:\Users\user\OneDrive\Desktop\CRM\backend\node_modules\rate-limit-redis\dist\index.cjs:85:49)
    at RedisStore.loadGetScript (C:\Users\user\OneDrive\Desktop\CRM\backend\node_modules\rate-limit-redis\dist\index.cjs:116:31)
    at new RedisStore (C:\Users\user\OneDrive\Desktop\CRM\backend\node_modules\rate-limit-redis\dist\index.cjs:96:30)
    at createRateLimiter (C:\Users\user\OneDrive\Desktop\CRM\backend\middleware\rateLimiter.js:12:16)
    at Object.<anonymous> (C:\Users\user\OneDrive\Desktop\CRM\backend\middleware\rateLimiter.js:32:21)
    at Module._compile (node:internal/modules/cjs/loader:1730:14)
    at Object..js (node:internal/modules/cjs/loader:1895:10)
    at Module.load (node:internal/modules/cjs/loader:1465:32)
You have triggered an unhandledRejection, you may have forgotten to catch a Promise rejection:
Error: The client is closed
    at Class.sendCommand (C:\Users\user\OneDrive\Desktop\CRM\backend\node_modules\@redis\client\dist\lib\client\index.js:639:35)
    at RedisStore.sendCommand (C:\Users\user\OneDrive\Desktop\CRM\backend\middleware\rateLimiter.js:13:49)
    at RedisStore.sendCommand (C:\Users\user\OneDrive\Desktop\CRM\backend\node_modules\rate-limit-redis\dist\index.cjs:85:49)
    at RedisStore.loadIncrementScript (C:\Users\user\OneDrive\Desktop\CRM\backend\node_modules\rate-limit-redis\dist\index.cjs:102:31)
    at new RedisStore (C:\Users\user\OneDrive\Desktop\CRM\backend\node_modules\rate-limit-redis\dist\index.cjs:95:36)
    at createRateLimiter (C:\Users\user\OneDrive\Desktop\CRM\backend\middleware\rateLimiter.js:12:16)
    at Object.<anonymous> (C:\Users\user\OneDrive\Desktop\CRM\backend\middleware\rateLimiter.js:41:20)
    at Module._compile (node:internal/modules/cjs/loader:1730:14)
    at Object..js (node:internal/modules/cjs/loader:1895:10)
    at Module.load (node:internal/modules/cjs/loader:1465:32)
You have triggered an unhandledRejection, you may have forgotten to catch a Promise rejection:
Error: The client is closed
    at Class.sendCommand (C:\Users\user\OneDrive\Desktop\CRM\backend\node_modules\@redis\client\dist\lib\client\index.js:639:35)
    at RedisStore.sendCommand (C:\Users\user\OneDrive\Desktop\CRM\backend\middleware\rateLimiter.js:13:49)
    at RedisStore.sendCommand (C:\Users\user\OneDrive\Desktop\CRM\backend\node_modules\rate-limit-redis\dist\index.cjs:85:49)
    at RedisStore.loadGetScript (C:\Users\user\OneDrive\Desktop\CRM\backend\node_modules\rate-limit-redis\dist\index.cjs:116:31)
    at new RedisStore (C:\Users\user\OneDrive\Desktop\CRM\backend\node_modules\rate-limit-redis\dist\index.cjs:96:30)
    at createRateLimiter (C:\Users\user\OneDrive\Desktop\CRM\backend\middleware\rateLimiter.js:12:16)
    at Object.<anonymous> (C:\Users\user\OneDrive\Desktop\CRM\backend\middleware\rateLimiter.js:41:20)
    at Module._compile (node:internal/modules/cjs/loader:1730:14)
    at Object..js (node:internal/modules/cjs/loader:1895:10)
    at Module.load (node:internal/modules/cjs/loader:1465:32)
You have triggered an unhandledRejection, you may have forgotten to catch a Promise rejection:
Error: The client is closed
    at Class.sendCommand (C:\Users\user\OneDrive\Desktop\CRM\backend\node_modules\@redis\client\dist\lib\client\index.js:639:35)
    at RedisStore.sendCommand (C:\Users\user\OneDrive\Desktop\CRM\backend\middleware\rateLimiter.js:13:49)
    at RedisStore.sendCommand (C:\Users\user\OneDrive\Desktop\CRM\backend\node_modules\rate-limit-redis\dist\index.cjs:85:49)
    at RedisStore.loadIncrementScript (C:\Users\user\OneDrive\Desktop\CRM\backend\node_modules\rate-limit-redis\dist\index.cjs:102:31)
    at new RedisStore (C:\Users\user\OneDrive\Desktop\CRM\backend\node_modules\rate-limit-redis\dist\index.cjs:95:36)
    at createRateLimiter (C:\Users\user\OneDrive\Desktop\CRM\backend\middleware\rateLimiter.js:12:16)
    at Object.<anonymous> (C:\Users\user\OneDrive\Desktop\CRM\backend\middleware\rateLimiter.js:49:23)
    at Module._compile (node:internal/modules/cjs/loader:1730:14)
    at Object..js (node:internal/modules/cjs/loader:1895:10)
    at Module.load (node:internal/modules/cjs/loader:1465:32)
You have triggered an unhandledRejection, you may have forgotten to catch a Promise rejection:
Error: The client is closed
    at Class.sendCommand (C:\Users\user\OneDrive\Desktop\CRM\backend\node_modules\@redis\client\dist\lib\client\index.js:639:35)
    at RedisStore.sendCommand (C:\Users\user\OneDrive\Desktop\CRM\backend\middleware\rateLimiter.js:13:49)
    at RedisStore.sendCommand (C:\Users\user\OneDrive\Desktop\CRM\backend\node_modules\rate-limit-redis\dist\index.cjs:85:49)
    at RedisStore.loadGetScript (C:\Users\user\OneDrive\Desktop\CRM\backend\node_modules\rate-limit-redis\dist\index.cjs:116:31)
    at new RedisStore (C:\Users\user\OneDrive\Desktop\CRM\backend\node_modules\rate-limit-redis\dist\index.cjs:96:30)
    at createRateLimiter (C:\Users\user\OneDrive\Desktop\CRM\backend\middleware\rateLimiter.js:12:16)
    at Object.<anonymous> (C:\Users\user\OneDrive\Desktop\CRM\backend\middleware\rateLimiter.js:49:23)
    at Module._compile (node:internal/modules/cjs/loader:1730:14)
    at Object..js (node:internal/modules/cjs/loader:1895:10)
    at Module.load (node:internal/modules/cjs/loader:1465:32)
You have triggered an unhandledRejection, you may have forgotten to catch a Promise rejection:
Error: The client is closed
    at Class.sendCommand (C:\Users\user\OneDrive\Desktop\CRM\backend\node_modules\@redis\client\dist\lib\client\index.js:639:35)
    at RedisStore.sendCommand (C:\Users\user\OneDrive\Desktop\CRM\backend\middleware\rateLimiter.js:13:49)
    at RedisStore.sendCommand (C:\Users\user\OneDrive\Desktop\CRM\backend\node_modules\rate-limit-redis\dist\index.cjs:85:49)
    at RedisStore.loadIncrementScript (C:\Users\user\OneDrive\Desktop\CRM\backend\node_modules\rate-limit-redis\dist\index.cjs:102:31)
    at new RedisStore (C:\Users\user\OneDrive\Desktop\CRM\backend\node_modules\rate-limit-redis\dist\index.cjs:95:36)
    at createRateLimiter (C:\Users\user\OneDrive\Desktop\CRM\backend\middleware\rateLimiter.js:12:16)
    at Object.<anonymous> (C:\Users\user\OneDrive\Desktop\CRM\backend\middleware\rateLimiter.js:57:25)
    at Module._compile (node:internal/modules/cjs/loader:1730:14)
    at Object..js (node:internal/modules/cjs/loader:1895:10)
    at Module.load (node:internal/modules/cjs/loader:1465:32)
You have triggered an unhandledRejection, you may have forgotten to catch a Promise rejection:
Error: The client is closed
    at Class.sendCommand (C:\Users\user\OneDrive\Desktop\CRM\backend\node_modules\@redis\client\dist\lib\client\index.js:639:35)
    at RedisStore.sendCommand (C:\Users\user\OneDrive\Desktop\CRM\backend\middleware\rateLimiter.js:13:49)
    at RedisStore.sendCommand (C:\Users\user\OneDrive\Desktop\CRM\backend\node_modules\rate-limit-redis\dist\index.cjs:85:49)
    at RedisStore.loadGetScript (C:\Users\user\OneDrive\Desktop\CRM\backend\node_modules\rate-limit-redis\dist\index.cjs:116:31)
    at new RedisStore (C:\Users\user\OneDrive\Desktop\CRM\backend\node_modules\rate-limit-redis\dist\index.cjs:96:30)
    at createRateLimiter (C:\Users\user\OneDrive\Desktop\CRM\backend\middleware\rateLimiter.js:12:16)
    at Object.<anonymous> (C:\Users\user\OneDrive\Desktop\CRM\backend\middleware\rateLimiter.js:57:25)
    at Module._compile (node:internal/modules/cjs/loader:1730:14)
    at Object..js (node:internal/modules/cjs/loader:1895:10)
    at Module.load (node:internal/modules/cjs/loader:1465:32)
You have triggered an unhandledRejection, you may have forgotten to catch a Promise rejection:
Error: The client is closed
    at Class.sendCommand (C:\Users\user\OneDrive\Desktop\CRM\backend\node_modules\@redis\client\dist\lib\client\index.js:639:35)
    at RedisStore.sendCommand (C:\Users\user\OneDrive\Desktop\CRM\backend\middleware\rateLimiter.js:13:49)
    at RedisStore.sendCommand (C:\Users\user\OneDrive\Desktop\CRM\backend\node_modules\rate-limit-redis\dist\index.cjs:85:49)
    at RedisStore.loadIncrementScript (C:\Users\user\OneDrive\Desktop\CRM\backend\node_modules\rate-limit-redis\dist\index.cjs:102:31)
    at new RedisStore (C:\Users\user\OneDrive\Desktop\CRM\backend\node_modules\rate-limit-redis\dist\index.cjs:95:36)
    at createRateLimiter (C:\Users\user\OneDrive\Desktop\CRM\backend\middleware\rateLimiter.js:12:16)
    at Object.<anonymous> (C:\Users\user\OneDrive\Desktop\CRM\backend\middleware\rateLimiter.js:65:21)
    at Module._compile (node:internal/modules/cjs/loader:1730:14)
    at Object..js (node:internal/modules/cjs/loader:1895:10)
    at Module.load (node:internal/modules/cjs/loader:1465:32)
You have triggered an unhandledRejection, you may have forgotten to catch a Promise rejection:
Error: The client is closed
    at Class.sendCommand (C:\Users\user\OneDrive\Desktop\CRM\backend\node_modules\@redis\client\dist\lib\client\index.js:639:35)
    at RedisStore.sendCommand (C:\Users\user\OneDrive\Desktop\CRM\backend\middleware\rateLimiter.js:13:49)
    at RedisStore.sendCommand (C:\Users\user\OneDrive\Desktop\CRM\backend\node_modules\rate-limit-redis\dist\index.cjs:85:49)
    at RedisStore.loadGetScript (C:\Users\user\OneDrive\Desktop\CRM\backend\node_modules\rate-limit-redis\dist\index.cjs:116:31)
    at new RedisStore (C:\Users\user\OneDrive\Desktop\CRM\backend\node_modules\rate-limit-redis\dist\index.cjs:96:30)
    at createRateLimiter (C:\Users\user\OneDrive\Desktop\CRM\backend\middleware\rateLimiter.js:12:16)
    at Object.<anonymous> (C:\Users\user\OneDrive\Desktop\CRM\backend\middleware\rateLimiter.js:65:21)
    at Module._compile (node:internal/modules/cjs/loader:1730:14)
    at Object..js (node:internal/modules/cjs/loader:1895:10)
    at Module.load (node:internal/modules/cjs/loader:1465:32)
2026-01-28 12:49:54: (node:2992) MaxListenersExceededWarning: Possible EventEmitter memory leak detected. 11 error listeners added to [DailyRotateFile]. MaxListeners is 10. Use emitter.setMaxListeners() to increase limit
(Use `node --trace-warnings ...` to show where the warning was created)
2026-01-28 12:49:54: (node:2992) MaxListenersExceededWarning: Possible EventEmitter memory leak detected. 11 finish listeners added to [DailyRotateFile]. MaxListeners is 10. Use emitter.setMaxListeners() to increase limit
Error: bind EADDRINUSE null:5000
    at listenOnPrimaryHandle (node:net:2020:18)
    at shared (node:internal/cluster/child:157:3)
    at Worker.<anonymous> (node:internal/cluster/child:110:7)
    at process.onInternalMessage (node:internal/cluster/utils:49:5)
    at process.emit (node:events:530:35)
    at emit (node:internal/child_process:949:14)
    at process.processTicksAndRejections (node:internal/process/task_queues:91:21)
You have triggered an unhandledRejection, you may have forgotten to catch a Promise rejection:
Error: NOAUTH Authentication required
    at #decodeSimpleError (C:\Users\user\OneDrive\Desktop\CRM\backend\node_modules\@redis\client\dist\lib\RESP\decoder.js:457:13)
    at #decodeTypeValue (C:\Users\user\OneDrive\Desktop\CRM\backend\node_modules\@redis\client\dist\lib\RESP\decoder.js:104:91)
    at Decoder.write (C:\Users\user\OneDrive\Desktop\CRM\backend\node_modules\@redis\client\dist\lib\RESP\decoder.js:74:38)
    at RedisSocket.<anonymous> (C:\Users\user\OneDrive\Desktop\CRM\backend\node_modules\@redis\client\dist\lib\client\index.js:437:37)
    at RedisSocket.emit (node:events:518:28)
    at Socket.<anonymous> (C:\Users\user\OneDrive\Desktop\CRM\backend\node_modules\@redis\client\dist\lib\client\socket.js:235:38)
    at Socket.emit (node:events:518:28)
    at addChunk (node:internal/streams/readable:561:12)
    at readableAddChunkPushByteMode (node:internal/streams/readable:512:3)
    at Readable.push (node:internal/streams/readable:392:5)
    at TCP.onStreamRead (node:internal/stream_base_commons:189:23)
You have triggered an unhandledRejection, you may have forgotten to catch a Promise rejection:
Error: NOAUTH Authentication required
    at #decodeSimpleError (C:\Users\user\OneDrive\Desktop\CRM\backend\node_modules\@redis\client\dist\lib\RESP\decoder.js:457:13)
    at #decodeTypeValue (C:\Users\user\OneDrive\Desktop\CRM\backend\node_modules\@redis\client\dist\lib\RESP\decoder.js:104:91)
    at Decoder.write (C:\Users\user\OneDrive\Desktop\CRM\backend\node_modules\@redis\client\dist\lib\RESP\decoder.js:74:38)
    at RedisSocket.<anonymous> (C:\Users\user\OneDrive\Desktop\CRM\backend\node_modules\@redis\client\dist\lib\client\index.js:437:37)
    at RedisSocket.emit (node:events:518:28)
    at Socket.<anonymous> (C:\Users\user\OneDrive\Desktop\CRM\backend\node_modules\@redis\client\dist\lib\client\socket.js:235:38)
    at Socket.emit (node:events:518:28)
    at addChunk (node:internal/streams/readable:561:12)
    at readableAddChunkPushByteMode (node:internal/streams/readable:512:3)
    at Readable.push (node:internal/streams/readable:392:5)
    at TCP.onStreamRead (node:internal/stream_base_commons:189:23)
You have triggered an unhandledRejection, you may have forgotten to catch a Promise rejection:
Error: The client is closed
    at Class.sendCommand (C:\Users\user\OneDrive\Desktop\CRM\backend\node_modules\@redis\client\dist\lib\client\index.js:639:35)
    at RedisStore.sendCommand (C:\Users\user\OneDrive\Desktop\CRM\backend\middleware\rateLimiter.js:13:49)
    at RedisStore.sendCommand (C:\Users\user\OneDrive\Desktop\CRM\backend\node_modules\rate-limit-redis\dist\index.cjs:85:49)
    at RedisStore.loadIncrementScript (C:\Users\user\OneDrive\Desktop\CRM\backend\node_modules\rate-limit-redis\dist\index.cjs:102:31)
    at new RedisStore (C:\Users\user\OneDrive\Desktop\CRM\backend\node_modules\rate-limit-redis\dist\index.cjs:95:36)
    at createRateLimiter (C:\Users\user\OneDrive\Desktop\CRM\backend\middleware\rateLimiter.js:12:16)
    at Object.<anonymous> (C:\Users\user\OneDrive\Desktop\CRM\backend\middleware\rateLimiter.js:32:21)
    at Module._compile (node:internal/modules/cjs/loader:1730:14)
    at Object..js (node:internal/modules/cjs/loader:1895:10)
    at Module.load (node:internal/modules/cjs/loader:1465:32)
You have triggered an unhandledRejection, you may have forgotten to catch a Promise rejection:
Error: The client is closed
    at Class.sendCommand (C:\Users\user\OneDrive\Desktop\CRM\backend\node_modules\@redis\client\dist\lib\client\index.js:639:35)
    at RedisStore.sendCommand (C:\Users\user\OneDrive\Desktop\CRM\backend\middleware\rateLimiter.js:13:49)
    at RedisStore.sendCommand (C:\Users\user\OneDrive\Desktop\CRM\backend\node_modules\rate-limit-redis\dist\index.cjs:85:49)
    at RedisStore.loadGetScript (C:\Users\user\OneDrive\Desktop\CRM\backend\node_modules\rate-limit-redis\dist\index.cjs:116:31)
    at new RedisStore (C:\Users\user\OneDrive\Desktop\CRM\backend\node_modules\rate-limit-redis\dist\index.cjs:96:30)
    at createRateLimiter (C:\Users\user\OneDrive\Desktop\CRM\backend\middleware\rateLimiter.js:12:16)
    at Object.<anonymous> (C:\Users\user\OneDrive\Desktop\CRM\backend\middleware\rateLimiter.js:32:21)
    at Module._compile (node:internal/modules/cjs/loader:1730:14)
    at Object..js (node:internal/modules/cjs/loader:1895:10)
    at Module.load (node:internal/modules/cjs/loader:1465:32)
You have triggered an unhandledRejection, you may have forgotten to catch a Promise rejection:
Error: The client is closed
    at Class.sendCommand (C:\Users\user\OneDrive\Desktop\CRM\backend\node_modules\@redis\client\dist\lib\client\index.js:639:35)
    at RedisStore.sendCommand (C:\Users\user\OneDrive\Desktop\CRM\backend\middleware\rateLimiter.js:13:49)
    at RedisStore.sendCommand (C:\Users\user\OneDrive\Desktop\CRM\backend\node_modules\rate-limit-redis\dist\index.cjs:85:49)
    at RedisStore.loadIncrementScript (C:\Users\user\OneDrive\Desktop\CRM\backend\node_modules\rate-limit-redis\dist\index.cjs:102:31)
    at new RedisStore (C:\Users\user\OneDrive\Desktop\CRM\backend\node_modules\rate-limit-redis\dist\index.cjs:95:36)
    at createRateLimiter (C:\Users\user\OneDrive\Desktop\CRM\backend\middleware\rateLimiter.js:12:16)
    at Object.<anonymous> (C:\Users\user\OneDrive\Desktop\CRM\backend\middleware\rateLimiter.js:41:20)
    at Module._compile (node:internal/modules/cjs/loader:1730:14)
    at Object..js (node:internal/modules/cjs/loader:1895:10)
    at Module.load (node:internal/modules/cjs/loader:1465:32)
You have triggered an unhandledRejection, you may have forgotten to catch a Promise rejection:
Error: The client is closed
    at Class.sendCommand (C:\Users\user\OneDrive\Desktop\CRM\backend\node_modules\@redis\client\dist\lib\client\index.js:639:35)
    at RedisStore.sendCommand (C:\Users\user\OneDrive\Desktop\CRM\backend\middleware\rateLimiter.js:13:49)
    at RedisStore.sendCommand (C:\Users\user\OneDrive\Desktop\CRM\backend\node_modules\rate-limit-redis\dist\index.cjs:85:49)
    at RedisStore.loadGetScript (C:\Users\user\OneDrive\Desktop\CRM\backend\node_modules\rate-limit-redis\dist\index.cjs:116:31)
    at new RedisStore (C:\Users\user\OneDrive\Desktop\CRM\backend\node_modules\rate-limit-redis\dist\index.cjs:96:30)
    at createRateLimiter (C:\Users\user\OneDrive\Desktop\CRM\backend\middleware\rateLimiter.js:12:16)
    at Object.<anonymous> (C:\Users\user\OneDrive\Desktop\CRM\backend\middleware\rateLimiter.js:41:20)
    at Module._compile (node:internal/modules/cjs/loader:1730:14)
    at Object..js (node:internal/modules/cjs/loader:1895:10)
    at Module.load (node:internal/modules/cjs/loader:1465:32)
You have triggered an unhandledRejection, you may have forgotten to catch a Promise rejection:
Error: The client is closed
    at Class.sendCommand (C:\Users\user\OneDrive\Desktop\CRM\backend\node_modules\@redis\client\dist\lib\client\index.js:639:35)
    at RedisStore.sendCommand (C:\Users\user\OneDrive\Desktop\CRM\backend\middleware\rateLimiter.js:13:49)
    at RedisStore.sendCommand (C:\Users\user\OneDrive\Desktop\CRM\backend\node_modules\rate-limit-redis\dist\index.cjs:85:49)
    at RedisStore.loadIncrementScript (C:\Users\user\OneDrive\Desktop\CRM\backend\node_modules\rate-limit-redis\dist\index.cjs:102:31)
    at new RedisStore (C:\Users\user\OneDrive\Desktop\CRM\backend\node_modules\rate-limit-redis\dist\index.cjs:95:36)
    at createRateLimiter (C:\Users\user\OneDrive\Desktop\CRM\backend\middleware\rateLimiter.js:12:16)
    at Object.<anonymous> (C:\Users\user\OneDrive\Desktop\CRM\backend\middleware\rateLimiter.js:49:23)
    at Module._compile (node:internal/modules/cjs/loader:1730:14)
    at Object..js (node:internal/modules/cjs/loader:1895:10)
    at Module.load (node:internal/modules/cjs/loader:1465:32)
You have triggered an unhandledRejection, you may have forgotten to catch a Promise rejection:
Error: The client is closed
    at Class.sendCommand (C:\Users\user\OneDrive\Desktop\CRM\backend\node_modules\@redis\client\dist\lib\client\index.js:639:35)
    at RedisStore.sendCommand (C:\Users\user\OneDrive\Desktop\CRM\backend\middleware\rateLimiter.js:13:49)
    at RedisStore.sendCommand (C:\Users\user\OneDrive\Desktop\CRM\backend\node_modules\rate-limit-redis\dist\index.cjs:85:49)
    at RedisStore.loadGetScript (C:\Users\user\OneDrive\Desktop\CRM\backend\node_modules\rate-limit-redis\dist\index.cjs:116:31)
    at new RedisStore (C:\Users\user\OneDrive\Desktop\CRM\backend\node_modules\rate-limit-redis\dist\index.cjs:96:30)
    at createRateLimiter (C:\Users\user\OneDrive\Desktop\CRM\backend\middleware\rateLimiter.js:12:16)
    at Object.<anonymous> (C:\Users\user\OneDrive\Desktop\CRM\backend\middleware\rateLimiter.js:49:23)
    at Module._compile (node:internal/modules/cjs/loader:1730:14)
    at Object..js (node:internal/modules/cjs/loader:1895:10)
    at Module.load (node:internal/modules/cjs/loader:1465:32)
You have triggered an unhandledRejection, you may have forgotten to catch a Promise rejection:
Error: The client is closed
    at Class.sendCommand (C:\Users\user\OneDrive\Desktop\CRM\backend\node_modules\@redis\client\dist\lib\client\index.js:639:35)
    at RedisStore.sendCommand (C:\Users\user\OneDrive\Desktop\CRM\backend\middleware\rateLimiter.js:13:49)
    at RedisStore.sendCommand (C:\Users\user\OneDrive\Desktop\CRM\backend\node_modules\rate-limit-redis\dist\index.cjs:85:49)
    at RedisStore.loadIncrementScript (C:\Users\user\OneDrive\Desktop\CRM\backend\node_modules\rate-limit-redis\dist\index.cjs:102:31)
    at new RedisStore (C:\Users\user\OneDrive\Desktop\CRM\backend\node_modules\rate-limit-redis\dist\index.cjs:95:36)
    at createRateLimiter (C:\Users\user\OneDrive\Desktop\CRM\backend\middleware\rateLimiter.js:12:16)
    at Object.<anonymous> (C:\Users\user\OneDrive\Desktop\CRM\backend\middleware\rateLimiter.js:57:25)
    at Module._compile (node:internal/modules/cjs/loader:1730:14)
    at Object..js (node:internal/modules/cjs/loader:1895:10)
    at Module.load (node:internal/modules/cjs/loader:1465:32)
You have triggered an unhandledRejection, you may have forgotten to catch a Promise rejection:
Error: The client is closed
    at Class.sendCommand (C:\Users\user\OneDrive\Desktop\CRM\backend\node_modules\@redis\client\dist\lib\client\index.js:639:35)
    at RedisStore.sendCommand (C:\Users\user\OneDrive\Desktop\CRM\backend\middleware\rateLimiter.js:13:49)
    at RedisStore.sendCommand (C:\Users\user\OneDrive\Desktop\CRM\backend\node_modules\rate-limit-redis\dist\index.cjs:85:49)
    at RedisStore.loadGetScript (C:\Users\user\OneDrive\Desktop\CRM\backend\node_modules\rate-limit-redis\dist\index.cjs:116:31)
    at new RedisStore (C:\Users\user\OneDrive\Desktop\CRM\backend\node_modules\rate-limit-redis\dist\index.cjs:96:30)
    at createRateLimiter (C:\Users\user\OneDrive\Desktop\CRM\backend\middleware\rateLimiter.js:12:16)
    at Object.<anonymous> (C:\Users\user\OneDrive\Desktop\CRM\backend\middleware\rateLimiter.js:57:25)
    at Module._compile (node:internal/modules/cjs/loader:1730:14)
    at Object..js (node:internal/modules/cjs/loader:1895:10)
    at Module.load (node:internal/modules/cjs/loader:1465:32)
You have triggered an unhandledRejection, you may have forgotten to catch a Promise rejection:
Error: The client is closed
    at Class.sendCommand (C:\Users\user\OneDrive\Desktop\CRM\backend\node_modules\@redis\client\dist\lib\client\index.js:639:35)
    at RedisStore.sendCommand (C:\Users\user\OneDrive\Desktop\CRM\backend\middleware\rateLimiter.js:13:49)
    at RedisStore.sendCommand (C:\Users\user\OneDrive\Desktop\CRM\backend\node_modules\rate-limit-redis\dist\index.cjs:85:49)
    at RedisStore.loadIncrementScript (C:\Users\user\OneDrive\Desktop\CRM\backend\node_modules\rate-limit-redis\dist\index.cjs:102:31)
    at new RedisStore (C:\Users\user\OneDrive\Desktop\CRM\backend\node_modules\rate-limit-redis\dist\index.cjs:95:36)
    at createRateLimiter (C:\Users\user\OneDrive\Desktop\CRM\backend\middleware\rateLimiter.js:12:16)
    at Object.<anonymous> (C:\Users\user\OneDrive\Desktop\CRM\backend\middleware\rateLimiter.js:65:21)
    at Module._compile (node:internal/modules/cjs/loader:1730:14)
    at Object..js (node:internal/modules/cjs/loader:1895:10)
    at Module.load (node:internal/modules/cjs/loader:1465:32)
You have triggered an unhandledRejection, you may have forgotten to catch a Promise rejection:
Error: The client is closed
    at Class.sendCommand (C:\Users\user\OneDrive\Desktop\CRM\backend\node_modules\@redis\client\dist\lib\client\index.js:639:35)
    at RedisStore.sendCommand (C:\Users\user\OneDrive\Desktop\CRM\backend\middleware\rateLimiter.js:13:49)
    at RedisStore.sendCommand (C:\Users\user\OneDrive\Desktop\CRM\backend\node_modules\rate-limit-redis\dist\index.cjs:85:49)
    at RedisStore.loadGetScript (C:\Users\user\OneDrive\Desktop\CRM\backend\node_modules\rate-limit-redis\dist\index.cjs:116:31)
    at new RedisStore (C:\Users\user\OneDrive\Desktop\CRM\backend\node_modules\rate-limit-redis\dist\index.cjs:96:30)
    at createRateLimiter (C:\Users\user\OneDrive\Desktop\CRM\backend\middleware\rateLimiter.js:12:16)
    at Object.<anonymous> (C:\Users\user\OneDrive\Desktop\CRM\backend\middleware\rateLimiter.js:65:21)
    at Module._compile (node:internal/modules/cjs/loader:1730:14)
    at Object..js (node:internal/modules/cjs/loader:1895:10)
    at Module.load (node:internal/modules/cjs/loader:1465:32)
2026-01-28 12:50:04: (node:13448) MaxListenersExceededWarning: Possible EventEmitter memory leak detected. 11 error listeners added to [DailyRotateFile]. MaxListeners is 10. Use emitter.setMaxListeners() to increase limit
(Use `node --trace-warnings ...` to show where the warning was created)
2026-01-28 12:50:04: (node:13448) MaxListenersExceededWarning: Possible EventEmitter memory leak detected. 11 finish listeners added to [DailyRotateFile]. MaxListeners is 10. Use emitter.setMaxListeners() to increase limit
Error: bind EADDRINUSE null:5000
    at listenOnPrimaryHandle (node:net:2020:18)
    at shared (node:internal/cluster/child:157:3)
    at Worker.<anonymous> (node:internal/cluster/child:110:7)
    at process.onInternalMessage (node:internal/cluster/utils:49:5)
    at process.emit (node:events:530:35)
    at emit (node:internal/child_process:949:14)
    at process.processTicksAndRejections (node:internal/process/task_queues:91:21)
You have triggered an unhandledRejection, you may have forgotten to catch a Promise rejection:
Error: NOAUTH Authentication required
    at #decodeSimpleError (C:\Users\user\OneDrive\Desktop\CRM\backend\node_modules\@redis\client\dist\lib\RESP\decoder.js:457:13)
    at #decodeTypeValue (C:\Users\user\OneDrive\Desktop\CRM\backend\node_modules\@redis\client\dist\lib\RESP\decoder.js:104:91)
    at Decoder.write (C:\Users\user\OneDrive\Desktop\CRM\backend\node_modules\@redis\client\dist\lib\RESP\decoder.js:74:38)
    at RedisSocket.<anonymous> (C:\Users\user\OneDrive\Desktop\CRM\backend\node_modules\@redis\client\dist\lib\client\index.js:437:37)
    at RedisSocket.emit (node:events:518:28)
    at Socket.<anonymous> (C:\Users\user\OneDrive\Desktop\CRM\backend\node_modules\@redis\client\dist\lib\client\socket.js:235:38)
    at Socket.emit (node:events:518:28)
    at addChunk (node:internal/streams/readable:561:12)
    at readableAddChunkPushByteMode (node:internal/streams/readable:512:3)
    at Readable.push (node:internal/streams/readable:392:5)
    at TCP.onStreamRead (node:internal/stream_base_commons:189:23)
You have triggered an unhandledRejection, you may have forgotten to catch a Promise rejection:
Error: NOAUTH Authentication required
    at #decodeSimpleError (C:\Users\user\OneDrive\Desktop\CRM\backend\node_modules\@redis\client\dist\lib\RESP\decoder.js:457:13)
    at #decodeTypeValue (C:\Users\user\OneDrive\Desktop\CRM\backend\node_modules\@redis\client\dist\lib\RESP\decoder.js:104:91)
    at Decoder.write (C:\Users\user\OneDrive\Desktop\CRM\backend\node_modules\@redis\client\dist\lib\RESP\decoder.js:74:38)
    at RedisSocket.<anonymous> (C:\Users\user\OneDrive\Desktop\CRM\backend\node_modules\@redis\client\dist\lib\client\index.js:437:37)
    at RedisSocket.emit (node:events:518:28)
    at Socket.<anonymous> (C:\Users\user\OneDrive\Desktop\CRM\backend\node_modules\@redis\client\dist\lib\client\socket.js:235:38)
    at Socket.emit (node:events:518:28)
    at addChunk (node:internal/streams/readable:561:12)
    at readableAddChunkPushByteMode (node:internal/streams/readable:512:3)
    at Readable.push (node:internal/streams/readable:392:5)
    at TCP.onStreamRead (node:internal/stream_base_commons:189:23)
You have triggered an unhandledRejection, you may have forgotten to catch a Promise rejection:
Error: The client is closed
    at Class.sendCommand (C:\Users\user\OneDrive\Desktop\CRM\backend\node_modules\@redis\client\dist\lib\client\index.js:639:35)
    at RedisStore.sendCommand (C:\Users\user\OneDrive\Desktop\CRM\backend\middleware\rateLimiter.js:13:49)
    at RedisStore.sendCommand (C:\Users\user\OneDrive\Desktop\CRM\backend\node_modules\rate-limit-redis\dist\index.cjs:85:49)
    at RedisStore.loadIncrementScript (C:\Users\user\OneDrive\Desktop\CRM\backend\node_modules\rate-limit-redis\dist\index.cjs:102:31)
    at new RedisStore (C:\Users\user\OneDrive\Desktop\CRM\backend\node_modules\rate-limit-redis\dist\index.cjs:95:36)
    at createRateLimiter (C:\Users\user\OneDrive\Desktop\CRM\backend\middleware\rateLimiter.js:12:16)
    at Object.<anonymous> (C:\Users\user\OneDrive\Desktop\CRM\backend\middleware\rateLimiter.js:32:21)
    at Module._compile (node:internal/modules/cjs/loader:1730:14)
    at Object..js (node:internal/modules/cjs/loader:1895:10)
    at Module.load (node:internal/modules/cjs/loader:1465:32)
You have triggered an unhandledRejection, you may have forgotten to catch a Promise rejection:
Error: The client is closed
    at Class.sendCommand (C:\Users\user\OneDrive\Desktop\CRM\backend\node_modules\@redis\client\dist\lib\client\index.js:639:35)
    at RedisStore.sendCommand (C:\Users\user\OneDrive\Desktop\CRM\backend\middleware\rateLimiter.js:13:49)
    at RedisStore.sendCommand (C:\Users\user\OneDrive\Desktop\CRM\backend\node_modules\rate-limit-redis\dist\index.cjs:85:49)
    at RedisStore.loadGetScript (C:\Users\user\OneDrive\Desktop\CRM\backend\node_modules\rate-limit-redis\dist\index.cjs:116:31)
    at new RedisStore (C:\Users\user\OneDrive\Desktop\CRM\backend\node_modules\rate-limit-redis\dist\index.cjs:96:30)
    at createRateLimiter (C:\Users\user\OneDrive\Desktop\CRM\backend\middleware\rateLimiter.js:12:16)
    at Object.<anonymous> (C:\Users\user\OneDrive\Desktop\CRM\backend\middleware\rateLimiter.js:32:21)
    at Module._compile (node:internal/modules/cjs/loader:1730:14)
    at Object..js (node:internal/modules/cjs/loader:1895:10)
    at Module.load (node:internal/modules/cjs/loader:1465:32)
You have triggered an unhandledRejection, you may have forgotten to catch a Promise rejection:
Error: The client is closed
    at Class.sendCommand (C:\Users\user\OneDrive\Desktop\CRM\backend\node_modules\@redis\client\dist\lib\client\index.js:639:35)
    at RedisStore.sendCommand (C:\Users\user\OneDrive\Desktop\CRM\backend\middleware\rateLimiter.js:13:49)
    at RedisStore.sendCommand (C:\Users\user\OneDrive\Desktop\CRM\backend\node_modules\rate-limit-redis\dist\index.cjs:85:49)
    at RedisStore.loadIncrementScript (C:\Users\user\OneDrive\Desktop\CRM\backend\node_modules\rate-limit-redis\dist\index.cjs:102:31)
    at new RedisStore (C:\Users\user\OneDrive\Desktop\CRM\backend\node_modules\rate-limit-redis\dist\index.cjs:95:36)
    at createRateLimiter (C:\Users\user\OneDrive\Desktop\CRM\backend\middleware\rateLimiter.js:12:16)
    at Object.<anonymous> (C:\Users\user\OneDrive\Desktop\CRM\backend\middleware\rateLimiter.js:41:20)
    at Module._compile (node:internal/modules/cjs/loader:1730:14)
    at Object..js (node:internal/modules/cjs/loader:1895:10)
    at Module.load (node:internal/modules/cjs/loader:1465:32)
You have triggered an unhandledRejection, you may have forgotten to catch a Promise rejection:
Error: The client is closed
    at Class.sendCommand (C:\Users\user\OneDrive\Desktop\CRM\backend\node_modules\@redis\client\dist\lib\client\index.js:639:35)
    at RedisStore.sendCommand (C:\Users\user\OneDrive\Desktop\CRM\backend\middleware\rateLimiter.js:13:49)
    at RedisStore.sendCommand (C:\Users\user\OneDrive\Desktop\CRM\backend\node_modules\rate-limit-redis\dist\index.cjs:85:49)
    at RedisStore.loadGetScript (C:\Users\user\OneDrive\Desktop\CRM\backend\node_modules\rate-limit-redis\dist\index.cjs:116:31)
    at new RedisStore (C:\Users\user\OneDrive\Desktop\CRM\backend\node_modules\rate-limit-redis\dist\index.cjs:96:30)
    at createRateLimiter (C:\Users\user\OneDrive\Desktop\CRM\backend\middleware\rateLimiter.js:12:16)
    at Object.<anonymous> (C:\Users\user\OneDrive\Desktop\CRM\backend\middleware\rateLimiter.js:41:20)
    at Module._compile (node:internal/modules/cjs/loader:1730:14)
    at Object..js (node:internal/modules/cjs/loader:1895:10)
    at Module.load (node:internal/modules/cjs/loader:1465:32)
You have triggered an unhandledRejection, you may have forgotten to catch a Promise rejection:
Error: The client is closed
    at Class.sendCommand (C:\Users\user\OneDrive\Desktop\CRM\backend\node_modules\@redis\client\dist\lib\client\index.js:639:35)
    at RedisStore.sendCommand (C:\Users\user\OneDrive\Desktop\CRM\backend\middleware\rateLimiter.js:13:49)
    at RedisStore.sendCommand (C:\Users\user\OneDrive\Desktop\CRM\backend\node_modules\rate-limit-redis\dist\index.cjs:85:49)
    at RedisStore.loadIncrementScript (C:\Users\user\OneDrive\Desktop\CRM\backend\node_modules\rate-limit-redis\dist\index.cjs:102:31)
    at new RedisStore (C:\Users\user\OneDrive\Desktop\CRM\backend\node_modules\rate-limit-redis\dist\index.cjs:95:36)
    at createRateLimiter (C:\Users\user\OneDrive\Desktop\CRM\backend\middleware\rateLimiter.js:12:16)
    at Object.<anonymous> (C:\Users\user\OneDrive\Desktop\CRM\backend\middleware\rateLimiter.js:49:23)
    at Module._compile (node:internal/modules/cjs/loader:1730:14)
    at Object..js (node:internal/modules/cjs/loader:1895:10)
    at Module.load (node:internal/modules/cjs/loader:1465:32)
You have triggered an unhandledRejection, you may have forgotten to catch a Promise rejection:
Error: The client is closed
    at Class.sendCommand (C:\Users\user\OneDrive\Desktop\CRM\backend\node_modules\@redis\client\dist\lib\client\index.js:639:35)
    at RedisStore.sendCommand (C:\Users\user\OneDrive\Desktop\CRM\backend\middleware\rateLimiter.js:13:49)
    at RedisStore.sendCommand (C:\Users\user\OneDrive\Desktop\CRM\backend\node_modules\rate-limit-redis\dist\index.cjs:85:49)
    at RedisStore.loadGetScript (C:\Users\user\OneDrive\Desktop\CRM\backend\node_modules\rate-limit-redis\dist\index.cjs:116:31)
    at new RedisStore (C:\Users\user\OneDrive\Desktop\CRM\backend\node_modules\rate-limit-redis\dist\index.cjs:96:30)
    at createRateLimiter (C:\Users\user\OneDrive\Desktop\CRM\backend\middleware\rateLimiter.js:12:16)
    at Object.<anonymous> (C:\Users\user\OneDrive\Desktop\CRM\backend\middleware\rateLimiter.js:49:23)
    at Module._compile (node:internal/modules/cjs/loader:1730:14)
    at Object..js (node:internal/modules/cjs/loader:1895:10)
    at Module.load (node:internal/modules/cjs/loader:1465:32)
You have triggered an unhandledRejection, you may have forgotten to catch a Promise rejection:
Error: The client is closed
    at Class.sendCommand (C:\Users\user\OneDrive\Desktop\CRM\backend\node_modules\@redis\client\dist\lib\client\index.js:639:35)
    at RedisStore.sendCommand (C:\Users\user\OneDrive\Desktop\CRM\backend\middleware\rateLimiter.js:13:49)
    at RedisStore.sendCommand (C:\Users\user\OneDrive\Desktop\CRM\backend\node_modules\rate-limit-redis\dist\index.cjs:85:49)
    at RedisStore.loadIncrementScript (C:\Users\user\OneDrive\Desktop\CRM\backend\node_modules\rate-limit-redis\dist\index.cjs:102:31)
    at new RedisStore (C:\Users\user\OneDrive\Desktop\CRM\backend\node_modules\rate-limit-redis\dist\index.cjs:95:36)
    at createRateLimiter (C:\Users\user\OneDrive\Desktop\CRM\backend\middleware\rateLimiter.js:12:16)
    at Object.<anonymous> (C:\Users\user\OneDrive\Desktop\CRM\backend\middleware\rateLimiter.js:57:25)
    at Module._compile (node:internal/modules/cjs/loader:1730:14)
    at Object..js (node:internal/modules/cjs/loader:1895:10)
    at Module.load (node:internal/modules/cjs/loader:1465:32)
You have triggered an unhandledRejection, you may have forgotten to catch a Promise rejection:
Error: The client is closed
    at Class.sendCommand (C:\Users\user\OneDrive\Desktop\CRM\backend\node_modules\@redis\client\dist\lib\client\index.js:639:35)
    at RedisStore.sendCommand (C:\Users\user\OneDrive\Desktop\CRM\backend\middleware\rateLimiter.js:13:49)
    at RedisStore.sendCommand (C:\Users\user\OneDrive\Desktop\CRM\backend\node_modules\rate-limit-redis\dist\index.cjs:85:49)
    at RedisStore.loadGetScript (C:\Users\user\OneDrive\Desktop\CRM\backend\node_modules\rate-limit-redis\dist\index.cjs:116:31)
    at new RedisStore (C:\Users\user\OneDrive\Desktop\CRM\backend\node_modules\rate-limit-redis\dist\index.cjs:96:30)
    at createRateLimiter (C:\Users\user\OneDrive\Desktop\CRM\backend\middleware\rateLimiter.js:12:16)
    at Object.<anonymous> (C:\Users\user\OneDrive\Desktop\CRM\backend\middleware\rateLimiter.js:57:25)
    at Module._compile (node:internal/modules/cjs/loader:1730:14)
    at Object..js (node:internal/modules/cjs/loader:1895:10)
    at Module.load (node:internal/modules/cjs/loader:1465:32)
You have triggered an unhandledRejection, you may have forgotten to catch a Promise rejection:
Error: The client is closed
    at Class.sendCommand (C:\Users\user\OneDrive\Desktop\CRM\backend\node_modules\@redis\client\dist\lib\client\index.js:639:35)
    at RedisStore.sendCommand (C:\Users\user\OneDrive\Desktop\CRM\backend\middleware\rateLimiter.js:13:49)
    at RedisStore.sendCommand (C:\Users\user\OneDrive\Desktop\CRM\backend\node_modules\rate-limit-redis\dist\index.cjs:85:49)
    at RedisStore.loadIncrementScript (C:\Users\user\OneDrive\Desktop\CRM\backend\node_modules\rate-limit-redis\dist\index.cjs:102:31)
    at new RedisStore (C:\Users\user\OneDrive\Desktop\CRM\backend\node_modules\rate-limit-redis\dist\index.cjs:95:36)
    at createRateLimiter (C:\Users\user\OneDrive\Desktop\CRM\backend\middleware\rateLimiter.js:12:16)
    at Object.<anonymous> (C:\Users\user\OneDrive\Desktop\CRM\backend\middleware\rateLimiter.js:65:21)
    at Module._compile (node:internal/modules/cjs/loader:1730:14)
    at Object..js (node:internal/modules/cjs/loader:1895:10)
    at Module.load (node:internal/modules/cjs/loader:1465:32)
You have triggered an unhandledRejection, you may have forgotten to catch a Promise rejection:
Error: The client is closed
    at Class.sendCommand (C:\Users\user\OneDrive\Desktop\CRM\backend\node_modules\@redis\client\dist\lib\client\index.js:639:35)
    at RedisStore.sendCommand (C:\Users\user\OneDrive\Desktop\CRM\backend\middleware\rateLimiter.js:13:49)
    at RedisStore.sendCommand (C:\Users\user\OneDrive\Desktop\CRM\backend\node_modules\rate-limit-redis\dist\index.cjs:85:49)
    at RedisStore.loadGetScript (C:\Users\user\OneDrive\Desktop\CRM\backend\node_modules\rate-limit-redis\dist\index.cjs:116:31)
    at new RedisStore (C:\Users\user\OneDrive\Desktop\CRM\backend\node_modules\rate-limit-redis\dist\index.cjs:96:30)
    at createRateLimiter (C:\Users\user\OneDrive\Desktop\CRM\backend\middleware\rateLimiter.js:12:16)
    at Object.<anonymous> (C:\Users\user\OneDrive\Desktop\CRM\backend\middleware\rateLimiter.js:65:21)
    at Module._compile (node:internal/modules/cjs/loader:1730:14)
    at Object..js (node:internal/modules/cjs/loader:1895:10)
    at Module.load (node:internal/modules/cjs/loader:1465:32)
2026-01-28 12:50:16: (node:14428) MaxListenersExceededWarning: Possible EventEmitter memory leak detected. 11 error listeners added to [DailyRotateFile]. MaxListeners is 10. Use emitter.setMaxListeners() to increase limit
(Use `node --trace-warnings ...` to show where the warning was created)
2026-01-28 12:50:16: (node:14428) MaxListenersExceededWarning: Possible EventEmitter memory leak detected. 11 finish listeners added to [DailyRotateFile]. MaxListeners is 10. Use emitter.setMaxListeners() to increase limit
Error: bind EADDRINUSE null:5000
    at listenOnPrimaryHandle (node:net:2020:18)
    at shared (node:internal/cluster/child:157:3)
    at Worker.<anonymous> (node:internal/cluster/child:110:7)
    at process.onInternalMessage (node:internal/cluster/utils:49:5)
    at process.emit (node:events:530:35)
    at emit (node:internal/child_process:949:14)
    at process.processTicksAndRejections (node:internal/process/task_queues:91:21)
You have triggered an unhandledRejection, you may have forgotten to catch a Promise rejection:
Error: NOAUTH Authentication required
    at #decodeSimpleError (C:\Users\user\OneDrive\Desktop\CRM\backend\node_modules\@redis\client\dist\lib\RESP\decoder.js:457:13)
    at #decodeTypeValue (C:\Users\user\OneDrive\Desktop\CRM\backend\node_modules\@redis\client\dist\lib\RESP\decoder.js:104:91)
    at Decoder.write (C:\Users\user\OneDrive\Desktop\CRM\backend\node_modules\@redis\client\dist\lib\RESP\decoder.js:74:38)
    at RedisSocket.<anonymous> (C:\Users\user\OneDrive\Desktop\CRM\backend\node_modules\@redis\client\dist\lib\client\index.js:437:37)
    at RedisSocket.emit (node:events:518:28)
    at Socket.<anonymous> (C:\Users\user\OneDrive\Desktop\CRM\backend\node_modules\@redis\client\dist\lib\client\socket.js:235:38)
    at Socket.emit (node:events:518:28)
    at addChunk (node:internal/streams/readable:561:12)
    at readableAddChunkPushByteMode (node:internal/streams/readable:512:3)
    at Readable.push (node:internal/streams/readable:392:5)
    at TCP.onStreamRead (node:internal/stream_base_commons:189:23)
You have triggered an unhandledRejection, you may have forgotten to catch a Promise rejection:
Error: NOAUTH Authentication required
    at #decodeSimpleError (C:\Users\user\OneDrive\Desktop\CRM\backend\node_modules\@redis\client\dist\lib\RESP\decoder.js:457:13)
    at #decodeTypeValue (C:\Users\user\OneDrive\Desktop\CRM\backend\node_modules\@redis\client\dist\lib\RESP\decoder.js:104:91)
    at Decoder.write (C:\Users\user\OneDrive\Desktop\CRM\backend\node_modules\@redis\client\dist\lib\RESP\decoder.js:74:38)
    at RedisSocket.<anonymous> (C:\Users\user\OneDrive\Desktop\CRM\backend\node_modules\@redis\client\dist\lib\client\index.js:437:37)
    at RedisSocket.emit (node:events:518:28)
    at Socket.<anonymous> (C:\Users\user\OneDrive\Desktop\CRM\backend\node_modules\@redis\client\dist\lib\client\socket.js:235:38)
    at Socket.emit (node:events:518:28)
    at addChunk (node:internal/streams/readable:561:12)
    at readableAddChunkPushByteMode (node:internal/streams/readable:512:3)
    at Readable.push (node:internal/streams/readable:392:5)
    at TCP.onStreamRead (node:internal/stream_base_commons:189:23)
You have triggered an unhandledRejection, you may have forgotten to catch a Promise rejection:
Error: The client is closed
    at Class.sendCommand (C:\Users\user\OneDrive\Desktop\CRM\backend\node_modules\@redis\client\dist\lib\client\index.js:639:35)
    at RedisStore.sendCommand (C:\Users\user\OneDrive\Desktop\CRM\backend\middleware\rateLimiter.js:13:49)
    at RedisStore.sendCommand (C:\Users\user\OneDrive\Desktop\CRM\backend\node_modules\rate-limit-redis\dist\index.cjs:85:49)
    at RedisStore.loadIncrementScript (C:\Users\user\OneDrive\Desktop\CRM\backend\node_modules\rate-limit-redis\dist\index.cjs:102:31)
    at new RedisStore (C:\Users\user\OneDrive\Desktop\CRM\backend\node_modules\rate-limit-redis\dist\index.cjs:95:36)
    at createRateLimiter (C:\Users\user\OneDrive\Desktop\CRM\backend\middleware\rateLimiter.js:12:16)
    at Object.<anonymous> (C:\Users\user\OneDrive\Desktop\CRM\backend\middleware\rateLimiter.js:32:21)
    at Module._compile (node:internal/modules/cjs/loader:1730:14)
    at Object..js (node:internal/modules/cjs/loader:1895:10)
    at Module.load (node:internal/modules/cjs/loader:1465:32)
You have triggered an unhandledRejection, you may have forgotten to catch a Promise rejection:
Error: The client is closed
    at Class.sendCommand (C:\Users\user\OneDrive\Desktop\CRM\backend\node_modules\@redis\client\dist\lib\client\index.js:639:35)
    at RedisStore.sendCommand (C:\Users\user\OneDrive\Desktop\CRM\backend\middleware\rateLimiter.js:13:49)
    at RedisStore.sendCommand (C:\Users\user\OneDrive\Desktop\CRM\backend\node_modules\rate-limit-redis\dist\index.cjs:85:49)
    at RedisStore.loadGetScript (C:\Users\user\OneDrive\Desktop\CRM\backend\node_modules\rate-limit-redis\dist\index.cjs:116:31)
    at new RedisStore (C:\Users\user\OneDrive\Desktop\CRM\backend\node_modules\rate-limit-redis\dist\index.cjs:96:30)
    at createRateLimiter (C:\Users\user\OneDrive\Desktop\CRM\backend\middleware\rateLimiter.js:12:16)
    at Object.<anonymous> (C:\Users\user\OneDrive\Desktop\CRM\backend\middleware\rateLimiter.js:32:21)
    at Module._compile (node:internal/modules/cjs/loader:1730:14)
    at Object..js (node:internal/modules/cjs/loader:1895:10)
    at Module.load (node:internal/modules/cjs/loader:1465:32)
You have triggered an unhandledRejection, you may have forgotten to catch a Promise rejection:
Error: The client is closed
    at Class.sendCommand (C:\Users\user\OneDrive\Desktop\CRM\backend\node_modules\@redis\client\dist\lib\client\index.js:639:35)
    at RedisStore.sendCommand (C:\Users\user\OneDrive\Desktop\CRM\backend\middleware\rateLimiter.js:13:49)
    at RedisStore.sendCommand (C:\Users\user\OneDrive\Desktop\CRM\backend\node_modules\rate-limit-redis\dist\index.cjs:85:49)
    at RedisStore.loadIncrementScript (C:\Users\user\OneDrive\Desktop\CRM\backend\node_modules\rate-limit-redis\dist\index.cjs:102:31)
    at new RedisStore (C:\Users\user\OneDrive\Desktop\CRM\backend\node_modules\rate-limit-redis\dist\index.cjs:95:36)
    at createRateLimiter (C:\Users\user\OneDrive\Desktop\CRM\backend\middleware\rateLimiter.js:12:16)
    at Object.<anonymous> (C:\Users\user\OneDrive\Desktop\CRM\backend\middleware\rateLimiter.js:41:20)
    at Module._compile (node:internal/modules/cjs/loader:1730:14)
    at Object..js (node:internal/modules/cjs/loader:1895:10)
    at Module.load (node:internal/modules/cjs/loader:1465:32)
You have triggered an unhandledRejection, you may have forgotten to catch a Promise rejection:
Error: The client is closed
    at Class.sendCommand (C:\Users\user\OneDrive\Desktop\CRM\backend\node_modules\@redis\client\dist\lib\client\index.js:639:35)
    at RedisStore.sendCommand (C:\Users\user\OneDrive\Desktop\CRM\backend\middleware\rateLimiter.js:13:49)
    at RedisStore.sendCommand (C:\Users\user\OneDrive\Desktop\CRM\backend\node_modules\rate-limit-redis\dist\index.cjs:85:49)
    at RedisStore.loadGetScript (C:\Users\user\OneDrive\Desktop\CRM\backend\node_modules\rate-limit-redis\dist\index.cjs:116:31)
    at new RedisStore (C:\Users\user\OneDrive\Desktop\CRM\backend\node_modules\rate-limit-redis\dist\index.cjs:96:30)
    at createRateLimiter (C:\Users\user\OneDrive\Desktop\CRM\backend\middleware\rateLimiter.js:12:16)
    at Object.<anonymous> (C:\Users\user\OneDrive\Desktop\CRM\backend\middleware\rateLimiter.js:41:20)
    at Module._compile (node:internal/modules/cjs/loader:1730:14)
    at Object..js (node:internal/modules/cjs/loader:1895:10)
    at Module.load (node:internal/modules/cjs/loader:1465:32)
You have triggered an unhandledRejection, you may have forgotten to catch a Promise rejection:
Error: The client is closed
    at Class.sendCommand (C:\Users\user\OneDrive\Desktop\CRM\backend\node_modules\@redis\client\dist\lib\client\index.js:639:35)
    at RedisStore.sendCommand (C:\Users\user\OneDrive\Desktop\CRM\backend\middleware\rateLimiter.js:13:49)
    at RedisStore.sendCommand (C:\Users\user\OneDrive\Desktop\CRM\backend\node_modules\rate-limit-redis\dist\index.cjs:85:49)
    at RedisStore.loadIncrementScript (C:\Users\user\OneDrive\Desktop\CRM\backend\node_modules\rate-limit-redis\dist\index.cjs:102:31)
    at new RedisStore (C:\Users\user\OneDrive\Desktop\CRM\backend\node_modules\rate-limit-redis\dist\index.cjs:95:36)
    at createRateLimiter (C:\Users\user\OneDrive\Desktop\CRM\backend\middleware\rateLimiter.js:12:16)
    at Object.<anonymous> (C:\Users\user\OneDrive\Desktop\CRM\backend\middleware\rateLimiter.js:49:23)
    at Module._compile (node:internal/modules/cjs/loader:1730:14)
    at Object..js (node:internal/modules/cjs/loader:1895:10)
    at Module.load (node:internal/modules/cjs/loader:1465:32)
You have triggered an unhandledRejection, you may have forgotten to catch a Promise rejection:
Error: The client is closed
    at Class.sendCommand (C:\Users\user\OneDrive\Desktop\CRM\backend\node_modules\@redis\client\dist\lib\client\index.js:639:35)
    at RedisStore.sendCommand (C:\Users\user\OneDrive\Desktop\CRM\backend\middleware\rateLimiter.js:13:49)
    at RedisStore.sendCommand (C:\Users\user\OneDrive\Desktop\CRM\backend\node_modules\rate-limit-redis\dist\index.cjs:85:49)
    at RedisStore.loadGetScript (C:\Users\user\OneDrive\Desktop\CRM\backend\node_modules\rate-limit-redis\dist\index.cjs:116:31)
    at new RedisStore (C:\Users\user\OneDrive\Desktop\CRM\backend\node_modules\rate-limit-redis\dist\index.cjs:96:30)
    at createRateLimiter (C:\Users\user\OneDrive\Desktop\CRM\backend\middleware\rateLimiter.js:12:16)
    at Object.<anonymous> (C:\Users\user\OneDrive\Desktop\CRM\backend\middleware\rateLimiter.js:49:23)
    at Module._compile (node:internal/modules/cjs/loader:1730:14)
    at Object..js (node:internal/modules/cjs/loader:1895:10)
    at Module.load (node:internal/modules/cjs/loader:1465:32)
You have triggered an unhandledRejection, you may have forgotten to catch a Promise rejection:
Error: The client is closed
    at Class.sendCommand (C:\Users\user\OneDrive\Desktop\CRM\backend\node_modules\@redis\client\dist\lib\client\index.js:639:35)
    at RedisStore.sendCommand (C:\Users\user\OneDrive\Desktop\CRM\backend\middleware\rateLimiter.js:13:49)
    at RedisStore.sendCommand (C:\Users\user\OneDrive\Desktop\CRM\backend\node_modules\rate-limit-redis\dist\index.cjs:85:49)
    at RedisStore.loadIncrementScript (C:\Users\user\OneDrive\Desktop\CRM\backend\node_modules\rate-limit-redis\dist\index.cjs:102:31)
    at new RedisStore (C:\Users\user\OneDrive\Desktop\CRM\backend\node_modules\rate-limit-redis\dist\index.cjs:95:36)
    at createRateLimiter (C:\Users\user\OneDrive\Desktop\CRM\backend\middleware\rateLimiter.js:12:16)
    at Object.<anonymous> (C:\Users\user\OneDrive\Desktop\CRM\backend\middleware\rateLimiter.js:57:25)
    at Module._compile (node:internal/modules/cjs/loader:1730:14)
    at Object..js (node:internal/modules/cjs/loader:1895:10)
    at Module.load (node:internal/modules/cjs/loader:1465:32)
You have triggered an unhandledRejection, you may have forgotten to catch a Promise rejection:
Error: The client is closed
    at Class.sendCommand (C:\Users\user\OneDrive\Desktop\CRM\backend\node_modules\@redis\client\dist\lib\client\index.js:639:35)
    at RedisStore.sendCommand (C:\Users\user\OneDrive\Desktop\CRM\backend\middleware\rateLimiter.js:13:49)
    at RedisStore.sendCommand (C:\Users\user\OneDrive\Desktop\CRM\backend\node_modules\rate-limit-redis\dist\index.cjs:85:49)
    at RedisStore.loadGetScript (C:\Users\user\OneDrive\Desktop\CRM\backend\node_modules\rate-limit-redis\dist\index.cjs:116:31)
    at new RedisStore (C:\Users\user\OneDrive\Desktop\CRM\backend\node_modules\rate-limit-redis\dist\index.cjs:96:30)
    at createRateLimiter (C:\Users\user\OneDrive\Desktop\CRM\backend\middleware\rateLimiter.js:12:16)
    at Object.<anonymous> (C:\Users\user\OneDrive\Desktop\CRM\backend\middleware\rateLimiter.js:57:25)
    at Module._compile (node:internal/modules/cjs/loader:1730:14)
    at Object..js (node:internal/modules/cjs/loader:1895:10)
    at Module.load (node:internal/modules/cjs/loader:1465:32)
You have triggered an unhandledRejection, you may have forgotten to catch a Promise rejection:
Error: The client is closed
    at Class.sendCommand (C:\Users\user\OneDrive\Desktop\CRM\backend\node_modules\@redis\client\dist\lib\client\index.js:639:35)
    at RedisStore.sendCommand (C:\Users\user\OneDrive\Desktop\CRM\backend\middleware\rateLimiter.js:13:49)
    at RedisStore.sendCommand (C:\Users\user\OneDrive\Desktop\CRM\backend\node_modules\rate-limit-redis\dist\index.cjs:85:49)
    at RedisStore.loadIncrementScript (C:\Users\user\OneDrive\Desktop\CRM\backend\node_modules\rate-limit-redis\dist\index.cjs:102:31)
    at new RedisStore (C:\Users\user\OneDrive\Desktop\CRM\backend\node_modules\rate-limit-redis\dist\index.cjs:95:36)
    at createRateLimiter (C:\Users\user\OneDrive\Desktop\CRM\backend\middleware\rateLimiter.js:12:16)
    at Object.<anonymous> (C:\Users\user\OneDrive\Desktop\CRM\backend\middleware\rateLimiter.js:65:21)
    at Module._compile (node:internal/modules/cjs/loader:1730:14)
    at Object..js (node:internal/modules/cjs/loader:1895:10)
    at Module.load (node:internal/modules/cjs/loader:1465:32)
You have triggered an unhandledRejection, you may have forgotten to catch a Promise rejection:
Error: The client is closed
    at Class.sendCommand (C:\Users\user\OneDrive\Desktop\CRM\backend\node_modules\@redis\client\dist\lib\client\index.js:639:35)
    at RedisStore.sendCommand (C:\Users\user\OneDrive\Desktop\CRM\backend\middleware\rateLimiter.js:13:49)
    at RedisStore.sendCommand (C:\Users\user\OneDrive\Desktop\CRM\backend\node_modules\rate-limit-redis\dist\index.cjs:85:49)
    at RedisStore.loadGetScript (C:\Users\user\OneDrive\Desktop\CRM\backend\node_modules\rate-limit-redis\dist\index.cjs:116:31)
    at new RedisStore (C:\Users\user\OneDrive\Desktop\CRM\backend\node_modules\rate-limit-redis\dist\index.cjs:96:30)
    at createRateLimiter (C:\Users\user\OneDrive\Desktop\CRM\backend\middleware\rateLimiter.js:12:16)
    at Object.<anonymous> (C:\Users\user\OneDrive\Desktop\CRM\backend\middleware\rateLimiter.js:65:21)
    at Module._compile (node:internal/modules/cjs/loader:1730:14)
    at Object..js (node:internal/modules/cjs/loader:1895:10)
    at Module.load (node:internal/modules/cjs/loader:1465:32)
2026-01-28 12:50:25: (node:16372) MaxListenersExceededWarning: Possible EventEmitter memory leak detected. 11 error listeners added to [DailyRotateFile]. MaxListeners is 10. Use emitter.setMaxListeners() to increase limit
(Use `node --trace-warnings ...` to show where the warning was created)
2026-01-28 12:50:25: (node:16372) MaxListenersExceededWarning: Possible EventEmitter memory leak detected. 11 finish listeners added to [DailyRotateFile]. MaxListeners is 10. Use emitter.setMaxListeners() to increase limit
Error: bind EADDRINUSE null:5000
    at listenOnPrimaryHandle (node:net:2020:18)
    at shared (node:internal/cluster/child:157:3)
    at Worker.<anonymous> (node:internal/cluster/child:110:7)
    at process.onInternalMessage (node:internal/cluster/utils:49:5)
    at process.emit (node:events:530:35)
    at emit (node:internal/child_process:949:14)
    at process.processTicksAndRejections (node:internal/process/task_queues:91:21)
You have triggered an unhandledRejection, you may have forgotten to catch a Promise rejection:
Error: NOAUTH Authentication required
    at #decodeSimpleError (C:\Users\user\OneDrive\Desktop\CRM\backend\node_modules\@redis\client\dist\lib\RESP\decoder.js:457:13)
    at #decodeTypeValue (C:\Users\user\OneDrive\Desktop\CRM\backend\node_modules\@redis\client\dist\lib\RESP\decoder.js:104:91)
    at Decoder.write (C:\Users\user\OneDrive\Desktop\CRM\backend\node_modules\@redis\client\dist\lib\RESP\decoder.js:74:38)
    at RedisSocket.<anonymous> (C:\Users\user\OneDrive\Desktop\CRM\backend\node_modules\@redis\client\dist\lib\client\index.js:437:37)
    at RedisSocket.emit (node:events:518:28)
    at Socket.<anonymous> (C:\Users\user\OneDrive\Desktop\CRM\backend\node_modules\@redis\client\dist\lib\client\socket.js:235:38)
    at Socket.emit (node:events:518:28)
    at addChunk (node:internal/streams/readable:561:12)
    at readableAddChunkPushByteMode (node:internal/streams/readable:512:3)
    at Readable.push (node:internal/streams/readable:392:5)
    at TCP.onStreamRead (node:internal/stream_base_commons:189:23)
You have triggered an unhandledRejection, you may have forgotten to catch a Promise rejection:
Error: NOAUTH Authentication required
    at #decodeSimpleError (C:\Users\user\OneDrive\Desktop\CRM\backend\node_modules\@redis\client\dist\lib\RESP\decoder.js:457:13)
    at #decodeTypeValue (C:\Users\user\OneDrive\Desktop\CRM\backend\node_modules\@redis\client\dist\lib\RESP\decoder.js:104:91)
    at Decoder.write (C:\Users\user\OneDrive\Desktop\CRM\backend\node_modules\@redis\client\dist\lib\RESP\decoder.js:74:38)
    at RedisSocket.<anonymous> (C:\Users\user\OneDrive\Desktop\CRM\backend\node_modules\@redis\client\dist\lib\client\index.js:437:37)
    at RedisSocket.emit (node:events:518:28)
    at Socket.<anonymous> (C:\Users\user\OneDrive\Desktop\CRM\backend\node_modules\@redis\client\dist\lib\client\socket.js:235:38)
    at Socket.emit (node:events:518:28)
    at addChunk (node:internal/streams/readable:561:12)
    at readableAddChunkPushByteMode (node:internal/streams/readable:512:3)
    at Readable.push (node:internal/streams/readable:392:5)
    at TCP.onStreamRead (node:internal/stream_base_commons:189:23)
You have triggered an unhandledRejection, you may have forgotten to catch a Promise rejection:
Error: The client is closed
    at Class.sendCommand (C:\Users\user\OneDrive\Desktop\CRM\backend\node_modules\@redis\client\dist\lib\client\index.js:639:35)
    at RedisStore.sendCommand (C:\Users\user\OneDrive\Desktop\CRM\backend\middleware\rateLimiter.js:13:49)
    at RedisStore.sendCommand (C:\Users\user\OneDrive\Desktop\CRM\backend\node_modules\rate-limit-redis\dist\index.cjs:85:49)
    at RedisStore.loadIncrementScript (C:\Users\user\OneDrive\Desktop\CRM\backend\node_modules\rate-limit-redis\dist\index.cjs:102:31)
    at new RedisStore (C:\Users\user\OneDrive\Desktop\CRM\backend\node_modules\rate-limit-redis\dist\index.cjs:95:36)
    at createRateLimiter (C:\Users\user\OneDrive\Desktop\CRM\backend\middleware\rateLimiter.js:12:16)
    at Object.<anonymous> (C:\Users\user\OneDrive\Desktop\CRM\backend\middleware\rateLimiter.js:32:21)
    at Module._compile (node:internal/modules/cjs/loader:1730:14)
    at Object..js (node:internal/modules/cjs/loader:1895:10)
    at Module.load (node:internal/modules/cjs/loader:1465:32)
You have triggered an unhandledRejection, you may have forgotten to catch a Promise rejection:
Error: The client is closed
    at Class.sendCommand (C:\Users\user\OneDrive\Desktop\CRM\backend\node_modules\@redis\client\dist\lib\client\index.js:639:35)
    at RedisStore.sendCommand (C:\Users\user\OneDrive\Desktop\CRM\backend\middleware\rateLimiter.js:13:49)
    at RedisStore.sendCommand (C:\Users\user\OneDrive\Desktop\CRM\backend\node_modules\rate-limit-redis\dist\index.cjs:85:49)
    at RedisStore.loadGetScript (C:\Users\user\OneDrive\Desktop\CRM\backend\node_modules\rate-limit-redis\dist\index.cjs:116:31)
    at new RedisStore (C:\Users\user\OneDrive\Desktop\CRM\backend\node_modules\rate-limit-redis\dist\index.cjs:96:30)
    at createRateLimiter (C:\Users\user\OneDrive\Desktop\CRM\backend\middleware\rateLimiter.js:12:16)
    at Object.<anonymous> (C:\Users\user\OneDrive\Desktop\CRM\backend\middleware\rateLimiter.js:32:21)
    at Module._compile (node:internal/modules/cjs/loader:1730:14)
    at Object..js (node:internal/modules/cjs/loader:1895:10)
    at Module.load (node:internal/modules/cjs/loader:1465:32)
You have triggered an unhandledRejection, you may have forgotten to catch a Promise rejection:
Error: The client is closed
    at Class.sendCommand (C:\Users\user\OneDrive\Desktop\CRM\backend\node_modules\@redis\client\dist\lib\client\index.js:639:35)
    at RedisStore.sendCommand (C:\Users\user\OneDrive\Desktop\CRM\backend\middleware\rateLimiter.js:13:49)
    at RedisStore.sendCommand (C:\Users\user\OneDrive\Desktop\CRM\backend\node_modules\rate-limit-redis\dist\index.cjs:85:49)
    at RedisStore.loadIncrementScript (C:\Users\user\OneDrive\Desktop\CRM\backend\node_modules\rate-limit-redis\dist\index.cjs:102:31)
    at new RedisStore (C:\Users\user\OneDrive\Desktop\CRM\backend\node_modules\rate-limit-redis\dist\index.cjs:95:36)
    at createRateLimiter (C:\Users\user\OneDrive\Desktop\CRM\backend\middleware\rateLimiter.js:12:16)
    at Object.<anonymous> (C:\Users\user\OneDrive\Desktop\CRM\backend\middleware\rateLimiter.js:41:20)
    at Module._compile (node:internal/modules/cjs/loader:1730:14)
    at Object..js (node:internal/modules/cjs/loader:1895:10)
    at Module.load (node:internal/modules/cjs/loader:1465:32)
You have triggered an unhandledRejection, you may have forgotten to catch a Promise rejection:
Error: The client is closed
    at Class.sendCommand (C:\Users\user\OneDrive\Desktop\CRM\backend\node_modules\@redis\client\dist\lib\client\index.js:639:35)
    at RedisStore.sendCommand (C:\Users\user\OneDrive\Desktop\CRM\backend\middleware\rateLimiter.js:13:49)
    at RedisStore.sendCommand (C:\Users\user\OneDrive\Desktop\CRM\backend\node_modules\rate-limit-redis\dist\index.cjs:85:49)
    at RedisStore.loadGetScript (C:\Users\user\OneDrive\Desktop\CRM\backend\node_modules\rate-limit-redis\dist\index.cjs:116:31)
    at new RedisStore (C:\Users\user\OneDrive\Desktop\CRM\backend\node_modules\rate-limit-redis\dist\index.cjs:96:30)
    at createRateLimiter (C:\Users\user\OneDrive\Desktop\CRM\backend\middleware\rateLimiter.js:12:16)
    at Object.<anonymous> (C:\Users\user\OneDrive\Desktop\CRM\backend\middleware\rateLimiter.js:41:20)
    at Module._compile (node:internal/modules/cjs/loader:1730:14)
    at Object..js (node:internal/modules/cjs/loader:1895:10)
    at Module.load (node:internal/modules/cjs/loader:1465:32)
You have triggered an unhandledRejection, you may have forgotten to catch a Promise rejection:
Error: The client is closed
    at Class.sendCommand (C:\Users\user\OneDrive\Desktop\CRM\backend\node_modules\@redis\client\dist\lib\client\index.js:639:35)
    at RedisStore.sendCommand (C:\Users\user\OneDrive\Desktop\CRM\backend\middleware\rateLimiter.js:13:49)
    at RedisStore.sendCommand (C:\Users\user\OneDrive\Desktop\CRM\backend\node_modules\rate-limit-redis\dist\index.cjs:85:49)
    at RedisStore.loadIncrementScript (C:\Users\user\OneDrive\Desktop\CRM\backend\node_modules\rate-limit-redis\dist\index.cjs:102:31)
    at new RedisStore (C:\Users\user\OneDrive\Desktop\CRM\backend\node_modules\rate-limit-redis\dist\index.cjs:95:36)
    at createRateLimiter (C:\Users\user\OneDrive\Desktop\CRM\backend\middleware\rateLimiter.js:12:16)
    at Object.<anonymous> (C:\Users\user\OneDrive\Desktop\CRM\backend\middleware\rateLimiter.js:49:23)
    at Module._compile (node:internal/modules/cjs/loader:1730:14)
    at Object..js (node:internal/modules/cjs/loader:1895:10)
    at Module.load (node:internal/modules/cjs/loader:1465:32)
You have triggered an unhandledRejection, you may have forgotten to catch a Promise rejection:
Error: The client is closed
    at Class.sendCommand (C:\Users\user\OneDrive\Desktop\CRM\backend\node_modules\@redis\client\dist\lib\client\index.js:639:35)
    at RedisStore.sendCommand (C:\Users\user\OneDrive\Desktop\CRM\backend\middleware\rateLimiter.js:13:49)
    at RedisStore.sendCommand (C:\Users\user\OneDrive\Desktop\CRM\backend\node_modules\rate-limit-redis\dist\index.cjs:85:49)
    at RedisStore.loadGetScript (C:\Users\user\OneDrive\Desktop\CRM\backend\node_modules\rate-limit-redis\dist\index.cjs:116:31)
    at new RedisStore (C:\Users\user\OneDrive\Desktop\CRM\backend\node_modules\rate-limit-redis\dist\index.cjs:96:30)
    at createRateLimiter (C:\Users\user\OneDrive\Desktop\CRM\backend\middleware\rateLimiter.js:12:16)
    at Object.<anonymous> (C:\Users\user\OneDrive\Desktop\CRM\backend\middleware\rateLimiter.js:49:23)
    at Module._compile (node:internal/modules/cjs/loader:1730:14)
    at Object..js (node:internal/modules/cjs/loader:1895:10)
    at Module.load (node:internal/modules/cjs/loader:1465:32)
You have triggered an unhandledRejection, you may have forgotten to catch a Promise rejection:
Error: The client is closed
    at Class.sendCommand (C:\Users\user\OneDrive\Desktop\CRM\backend\node_modules\@redis\client\dist\lib\client\index.js:639:35)
    at RedisStore.sendCommand (C:\Users\user\OneDrive\Desktop\CRM\backend\middleware\rateLimiter.js:13:49)
    at RedisStore.sendCommand (C:\Users\user\OneDrive\Desktop\CRM\backend\node_modules\rate-limit-redis\dist\index.cjs:85:49)
    at RedisStore.loadIncrementScript (C:\Users\user\OneDrive\Desktop\CRM\backend\node_modules\rate-limit-redis\dist\index.cjs:102:31)
    at new RedisStore (C:\Users\user\OneDrive\Desktop\CRM\backend\node_modules\rate-limit-redis\dist\index.cjs:95:36)
    at createRateLimiter (C:\Users\user\OneDrive\Desktop\CRM\backend\middleware\rateLimiter.js:12:16)
    at Object.<anonymous> (C:\Users\user\OneDrive\Desktop\CRM\backend\middleware\rateLimiter.js:57:25)
    at Module._compile (node:internal/modules/cjs/loader:1730:14)
    at Object..js (node:internal/modules/cjs/loader:1895:10)
    at Module.load (node:internal/modules/cjs/loader:1465:32)
You have triggered an unhandledRejection, you may have forgotten to catch a Promise rejection:
Error: The client is closed
    at Class.sendCommand (C:\Users\user\OneDrive\Desktop\CRM\backend\node_modules\@redis\client\dist\lib\client\index.js:639:35)
    at RedisStore.sendCommand (C:\Users\user\OneDrive\Desktop\CRM\backend\middleware\rateLimiter.js:13:49)
    at RedisStore.sendCommand (C:\Users\user\OneDrive\Desktop\CRM\backend\node_modules\rate-limit-redis\dist\index.cjs:85:49)
    at RedisStore.loadGetScript (C:\Users\user\OneDrive\Desktop\CRM\backend\node_modules\rate-limit-redis\dist\index.cjs:116:31)
    at new RedisStore (C:\Users\user\OneDrive\Desktop\CRM\backend\node_modules\rate-limit-redis\dist\index.cjs:96:30)
    at createRateLimiter (C:\Users\user\OneDrive\Desktop\CRM\backend\middleware\rateLimiter.js:12:16)
    at Object.<anonymous> (C:\Users\user\OneDrive\Desktop\CRM\backend\middleware\rateLimiter.js:57:25)
    at Module._compile (node:internal/modules/cjs/loader:1730:14)
    at Object..js (node:internal/modules/cjs/loader:1895:10)
    at Module.load (node:internal/modules/cjs/loader:1465:32)
You have triggered an unhandledRejection, you may have forgotten to catch a Promise rejection:
Error: The client is closed
    at Class.sendCommand (C:\Users\user\OneDrive\Desktop\CRM\backend\node_modules\@redis\client\dist\lib\client\index.js:639:35)
    at RedisStore.sendCommand (C:\Users\user\OneDrive\Desktop\CRM\backend\middleware\rateLimiter.js:13:49)
    at RedisStore.sendCommand (C:\Users\user\OneDrive\Desktop\CRM\backend\node_modules\rate-limit-redis\dist\index.cjs:85:49)
    at RedisStore.loadIncrementScript (C:\Users\user\OneDrive\Desktop\CRM\backend\node_modules\rate-limit-redis\dist\index.cjs:102:31)
    at new RedisStore (C:\Users\user\OneDrive\Desktop\CRM\backend\node_modules\rate-limit-redis\dist\index.cjs:95:36)
    at createRateLimiter (C:\Users\user\OneDrive\Desktop\CRM\backend\middleware\rateLimiter.js:12:16)
    at Object.<anonymous> (C:\Users\user\OneDrive\Desktop\CRM\backend\middleware\rateLimiter.js:65:21)
    at Module._compile (node:internal/modules/cjs/loader:1730:14)
    at Object..js (node:internal/modules/cjs/loader:1895:10)
    at Module.load (node:internal/modules/cjs/loader:1465:32)
You have triggered an unhandledRejection, you may have forgotten to catch a Promise rejection:
Error: The client is closed
    at Class.sendCommand (C:\Users\user\OneDrive\Desktop\CRM\backend\node_modules\@redis\client\dist\lib\client\index.js:639:35)
    at RedisStore.sendCommand (C:\Users\user\OneDrive\Desktop\CRM\backend\middleware\rateLimiter.js:13:49)
    at RedisStore.sendCommand (C:\Users\user\OneDrive\Desktop\CRM\backend\node_modules\rate-limit-redis\dist\index.cjs:85:49)
    at RedisStore.loadGetScript (C:\Users\user\OneDrive\Desktop\CRM\backend\node_modules\rate-limit-redis\dist\index.cjs:116:31)
    at new RedisStore (C:\Users\user\OneDrive\Desktop\CRM\backend\node_modules\rate-limit-redis\dist\index.cjs:96:30)
    at createRateLimiter (C:\Users\user\OneDrive\Desktop\CRM\backend\middleware\rateLimiter.js:12:16)
    at Object.<anonymous> (C:\Users\user\OneDrive\Desktop\CRM\backend\middleware\rateLimiter.js:65:21)
    at Module._compile (node:internal/modules/cjs/loader:1730:14)
    at Object..js (node:internal/modules/cjs/loader:1895:10)
    at Module.load (node:internal/modules/cjs/loader:1465:32)
2026-01-28 12:50:35: (node:13692) MaxListenersExceededWarning: Possible EventEmitter memory leak detected. 11 error listeners added to [DailyRotateFile]. MaxListeners is 10. Use emitter.setMaxListeners() to increase limit
(Use `node --trace-warnings ...` to show where the warning was created)
2026-01-28 12:50:35: (node:13692) MaxListenersExceededWarning: Possible EventEmitter memory leak detected. 11 finish listeners added to [DailyRotateFile]. MaxListeners is 10. Use emitter.setMaxListeners() to increase limit
Error: bind EADDRINUSE null:5000
    at listenOnPrimaryHandle (node:net:2020:18)
    at shared (node:internal/cluster/child:157:3)
    at Worker.<anonymous> (node:internal/cluster/child:110:7)
    at process.onInternalMessage (node:internal/cluster/utils:49:5)
    at process.emit (node:events:530:35)
    at emit (node:internal/child_process:949:14)
    at process.processTicksAndRejections (node:internal/process/task_queues:91:21)
You have triggered an unhandledRejection, you may have forgotten to catch a Promise rejection:
Error: NOAUTH Authentication required
    at #decodeSimpleError (C:\Users\user\OneDrive\Desktop\CRM\backend\node_modules\@redis\client\dist\lib\RESP\decoder.js:457:13)
    at #decodeTypeValue (C:\Users\user\OneDrive\Desktop\CRM\backend\node_modules\@redis\client\dist\lib\RESP\decoder.js:104:91)
    at Decoder.write (C:\Users\user\OneDrive\Desktop\CRM\backend\node_modules\@redis\client\dist\lib\RESP\decoder.js:74:38)
    at RedisSocket.<anonymous> (C:\Users\user\OneDrive\Desktop\CRM\backend\node_modules\@redis\client\dist\lib\client\index.js:437:37)
    at RedisSocket.emit (node:events:518:28)
    at Socket.<anonymous> (C:\Users\user\OneDrive\Desktop\CRM\backend\node_modules\@redis\client\dist\lib\client\socket.js:235:38)
    at Socket.emit (node:events:518:28)
    at addChunk (node:internal/streams/readable:561:12)
    at readableAddChunkPushByteMode (node:internal/streams/readable:512:3)
    at Readable.push (node:internal/streams/readable:392:5)
    at TCP.onStreamRead (node:internal/stream_base_commons:189:23)
You have triggered an unhandledRejection, you may have forgotten to catch a Promise rejection:
Error: NOAUTH Authentication required
    at #decodeSimpleError (C:\Users\user\OneDrive\Desktop\CRM\backend\node_modules\@redis\client\dist\lib\RESP\decoder.js:457:13)
    at #decodeTypeValue (C:\Users\user\OneDrive\Desktop\CRM\backend\node_modules\@redis\client\dist\lib\RESP\decoder.js:104:91)
    at Decoder.write (C:\Users\user\OneDrive\Desktop\CRM\backend\node_modules\@redis\client\dist\lib\RESP\decoder.js:74:38)
    at RedisSocket.<anonymous> (C:\Users\user\OneDrive\Desktop\CRM\backend\node_modules\@redis\client\dist\lib\client\index.js:437:37)
    at RedisSocket.emit (node:events:518:28)
    at Socket.<anonymous> (C:\Users\user\OneDrive\Desktop\CRM\backend\node_modules\@redis\client\dist\lib\client\socket.js:235:38)
    at Socket.emit (node:events:518:28)
    at addChunk (node:internal/streams/readable:561:12)
    at readableAddChunkPushByteMode (node:internal/streams/readable:512:3)
    at Readable.push (node:internal/streams/readable:392:5)
    at TCP.onStreamRead (node:internal/stream_base_commons:189:23)
You have triggered an unhandledRejection, you may have forgotten to catch a Promise rejection:
Error: The client is closed
    at Class.sendCommand (C:\Users\user\OneDrive\Desktop\CRM\backend\node_modules\@redis\client\dist\lib\client\index.js:639:35)
    at RedisStore.sendCommand (C:\Users\user\OneDrive\Desktop\CRM\backend\middleware\rateLimiter.js:13:49)
    at RedisStore.sendCommand (C:\Users\user\OneDrive\Desktop\CRM\backend\node_modules\rate-limit-redis\dist\index.cjs:85:49)
    at RedisStore.loadIncrementScript (C:\Users\user\OneDrive\Desktop\CRM\backend\node_modules\rate-limit-redis\dist\index.cjs:102:31)
    at new RedisStore (C:\Users\user\OneDrive\Desktop\CRM\backend\node_modules\rate-limit-redis\dist\index.cjs:95:36)
    at createRateLimiter (C:\Users\user\OneDrive\Desktop\CRM\backend\middleware\rateLimiter.js:12:16)
    at Object.<anonymous> (C:\Users\user\OneDrive\Desktop\CRM\backend\middleware\rateLimiter.js:32:21)
    at Module._compile (node:internal/modules/cjs/loader:1730:14)
    at Object..js (node:internal/modules/cjs/loader:1895:10)
    at Module.load (node:internal/modules/cjs/loader:1465:32)
You have triggered an unhandledRejection, you may have forgotten to catch a Promise rejection:
Error: The client is closed
    at Class.sendCommand (C:\Users\user\OneDrive\Desktop\CRM\backend\node_modules\@redis\client\dist\lib\client\index.js:639:35)
    at RedisStore.sendCommand (C:\Users\user\OneDrive\Desktop\CRM\backend\middleware\rateLimiter.js:13:49)
    at RedisStore.sendCommand (C:\Users\user\OneDrive\Desktop\CRM\backend\node_modules\rate-limit-redis\dist\index.cjs:85:49)
    at RedisStore.loadGetScript (C:\Users\user\OneDrive\Desktop\CRM\backend\node_modules\rate-limit-redis\dist\index.cjs:116:31)
    at new RedisStore (C:\Users\user\OneDrive\Desktop\CRM\backend\node_modules\rate-limit-redis\dist\index.cjs:96:30)
    at createRateLimiter (C:\Users\user\OneDrive\Desktop\CRM\backend\middleware\rateLimiter.js:12:16)
    at Object.<anonymous> (C:\Users\user\OneDrive\Desktop\CRM\backend\middleware\rateLimiter.js:32:21)
    at Module._compile (node:internal/modules/cjs/loader:1730:14)
    at Object..js (node:internal/modules/cjs/loader:1895:10)
    at Module.load (node:internal/modules/cjs/loader:1465:32)
You have triggered an unhandledRejection, you may have forgotten to catch a Promise rejection:
Error: The client is closed
    at Class.sendCommand (C:\Users\user\OneDrive\Desktop\CRM\backend\node_modules\@redis\client\dist\lib\client\index.js:639:35)
    at RedisStore.sendCommand (C:\Users\user\OneDrive\Desktop\CRM\backend\middleware\rateLimiter.js:13:49)
    at RedisStore.sendCommand (C:\Users\user\OneDrive\Desktop\CRM\backend\node_modules\rate-limit-redis\dist\index.cjs:85:49)
    at RedisStore.loadIncrementScript (C:\Users\user\OneDrive\Desktop\CRM\backend\node_modules\rate-limit-redis\dist\index.cjs:102:31)
    at new RedisStore (C:\Users\user\OneDrive\Desktop\CRM\backend\node_modules\rate-limit-redis\dist\index.cjs:95:36)
    at createRateLimiter (C:\Users\user\OneDrive\Desktop\CRM\backend\middleware\rateLimiter.js:12:16)
    at Object.<anonymous> (C:\Users\user\OneDrive\Desktop\CRM\backend\middleware\rateLimiter.js:41:20)
    at Module._compile (node:internal/modules/cjs/loader:1730:14)
    at Object..js (node:internal/modules/cjs/loader:1895:10)
    at Module.load (node:internal/modules/cjs/loader:1465:32)
You have triggered an unhandledRejection, you may have forgotten to catch a Promise rejection:
Error: The client is closed
    at Class.sendCommand (C:\Users\user\OneDrive\Desktop\CRM\backend\node_modules\@redis\client\dist\lib\client\index.js:639:35)
    at RedisStore.sendCommand (C:\Users\user\OneDrive\Desktop\CRM\backend\middleware\rateLimiter.js:13:49)
    at RedisStore.sendCommand (C:\Users\user\OneDrive\Desktop\CRM\backend\node_modules\rate-limit-redis\dist\index.cjs:85:49)
    at RedisStore.loadGetScript (C:\Users\user\OneDrive\Desktop\CRM\backend\node_modules\rate-limit-redis\dist\index.cjs:116:31)
    at new RedisStore (C:\Users\user\OneDrive\Desktop\CRM\backend\node_modules\rate-limit-redis\dist\index.cjs:96:30)
    at createRateLimiter (C:\Users\user\OneDrive\Desktop\CRM\backend\middleware\rateLimiter.js:12:16)
    at Object.<anonymous> (C:\Users\user\OneDrive\Desktop\CRM\backend\middleware\rateLimiter.js:41:20)
    at Module._compile (node:internal/modules/cjs/loader:1730:14)
    at Object..js (node:internal/modules/cjs/loader:1895:10)
    at Module.load (node:internal/modules/cjs/loader:1465:32)
You have triggered an unhandledRejection, you may have forgotten to catch a Promise rejection:
Error: The client is closed
    at Class.sendCommand (C:\Users\user\OneDrive\Desktop\CRM\backend\node_modules\@redis\client\dist\lib\client\index.js:639:35)
    at RedisStore.sendCommand (C:\Users\user\OneDrive\Desktop\CRM\backend\middleware\rateLimiter.js:13:49)
    at RedisStore.sendCommand (C:\Users\user\OneDrive\Desktop\CRM\backend\node_modules\rate-limit-redis\dist\index.cjs:85:49)
    at RedisStore.loadIncrementScript (C:\Users\user\OneDrive\Desktop\CRM\backend\node_modules\rate-limit-redis\dist\index.cjs:102:31)
    at new RedisStore (C:\Users\user\OneDrive\Desktop\CRM\backend\node_modules\rate-limit-redis\dist\index.cjs:95:36)
    at createRateLimiter (C:\Users\user\OneDrive\Desktop\CRM\backend\middleware\rateLimiter.js:12:16)
    at Object.<anonymous> (C:\Users\user\OneDrive\Desktop\CRM\backend\middleware\rateLimiter.js:49:23)
    at Module._compile (node:internal/modules/cjs/loader:1730:14)
    at Object..js (node:internal/modules/cjs/loader:1895:10)
    at Module.load (node:internal/modules/cjs/loader:1465:32)
You have triggered an unhandledRejection, you may have forgotten to catch a Promise rejection:
Error: The client is closed
    at Class.sendCommand (C:\Users\user\OneDrive\Desktop\CRM\backend\node_modules\@redis\client\dist\lib\client\index.js:639:35)
    at RedisStore.sendCommand (C:\Users\user\OneDrive\Desktop\CRM\backend\middleware\rateLimiter.js:13:49)
    at RedisStore.sendCommand (C:\Users\user\OneDrive\Desktop\CRM\backend\node_modules\rate-limit-redis\dist\index.cjs:85:49)
    at RedisStore.loadGetScript (C:\Users\user\OneDrive\Desktop\CRM\backend\node_modules\rate-limit-redis\dist\index.cjs:116:31)
    at new RedisStore (C:\Users\user\OneDrive\Desktop\CRM\backend\node_modules\rate-limit-redis\dist\index.cjs:96:30)
    at createRateLimiter (C:\Users\user\OneDrive\Desktop\CRM\backend\middleware\rateLimiter.js:12:16)
    at Object.<anonymous> (C:\Users\user\OneDrive\Desktop\CRM\backend\middleware\rateLimiter.js:49:23)
    at Module._compile (node:internal/modules/cjs/loader:1730:14)
    at Object..js (node:internal/modules/cjs/loader:1895:10)
    at Module.load (node:internal/modules/cjs/loader:1465:32)
You have triggered an unhandledRejection, you may have forgotten to catch a Promise rejection:
Error: The client is closed
    at Class.sendCommand (C:\Users\user\OneDrive\Desktop\CRM\backend\node_modules\@redis\client\dist\lib\client\index.js:639:35)
    at RedisStore.sendCommand (C:\Users\user\OneDrive\Desktop\CRM\backend\middleware\rateLimiter.js:13:49)
    at RedisStore.sendCommand (C:\Users\user\OneDrive\Desktop\CRM\backend\node_modules\rate-limit-redis\dist\index.cjs:85:49)
    at RedisStore.loadIncrementScript (C:\Users\user\OneDrive\Desktop\CRM\backend\node_modules\rate-limit-redis\dist\index.cjs:102:31)
    at new RedisStore (C:\Users\user\OneDrive\Desktop\CRM\backend\node_modules\rate-limit-redis\dist\index.cjs:95:36)
    at createRateLimiter (C:\Users\user\OneDrive\Desktop\CRM\backend\middleware\rateLimiter.js:12:16)
    at Object.<anonymous> (C:\Users\user\OneDrive\Desktop\CRM\backend\middleware\rateLimiter.js:57:25)
    at Module._compile (node:internal/modules/cjs/loader:1730:14)
    at Object..js (node:internal/modules/cjs/loader:1895:10)
    at Module.load (node:internal/modules/cjs/loader:1465:32)
You have triggered an unhandledRejection, you may have forgotten to catch a Promise rejection:
Error: The client is closed
    at Class.sendCommand (C:\Users\user\OneDrive\Desktop\CRM\backend\node_modules\@redis\client\dist\lib\client\index.js:639:35)
    at RedisStore.sendCommand (C:\Users\user\OneDrive\Desktop\CRM\backend\middleware\rateLimiter.js:13:49)
    at RedisStore.sendCommand (C:\Users\user\OneDrive\Desktop\CRM\backend\node_modules\rate-limit-redis\dist\index.cjs:85:49)
    at RedisStore.loadGetScript (C:\Users\user\OneDrive\Desktop\CRM\backend\node_modules\rate-limit-redis\dist\index.cjs:116:31)
    at new RedisStore (C:\Users\user\OneDrive\Desktop\CRM\backend\node_modules\rate-limit-redis\dist\index.cjs:96:30)
    at createRateLimiter (C:\Users\user\OneDrive\Desktop\CRM\backend\middleware\rateLimiter.js:12:16)
    at Object.<anonymous> (C:\Users\user\OneDrive\Desktop\CRM\backend\middleware\rateLimiter.js:57:25)
    at Module._compile (node:internal/modules/cjs/loader:1730:14)
    at Object..js (node:internal/modules/cjs/loader:1895:10)
    at Module.load (node:internal/modules/cjs/loader:1465:32)
You have triggered an unhandledRejection, you may have forgotten to catch a Promise rejection:
Error: The client is closed
    at Class.sendCommand (C:\Users\user\OneDrive\Desktop\CRM\backend\node_modules\@redis\client\dist\lib\client\index.js:639:35)
    at RedisStore.sendCommand (C:\Users\user\OneDrive\Desktop\CRM\backend\middleware\rateLimiter.js:13:49)
    at RedisStore.sendCommand (C:\Users\user\OneDrive\Desktop\CRM\backend\node_modules\rate-limit-redis\dist\index.cjs:85:49)
    at RedisStore.loadIncrementScript (C:\Users\user\OneDrive\Desktop\CRM\backend\node_modules\rate-limit-redis\dist\index.cjs:102:31)
    at new RedisStore (C:\Users\user\OneDrive\Desktop\CRM\backend\node_modules\rate-limit-redis\dist\index.cjs:95:36)
    at createRateLimiter (C:\Users\user\OneDrive\Desktop\CRM\backend\middleware\rateLimiter.js:12:16)
    at Object.<anonymous> (C:\Users\user\OneDrive\Desktop\CRM\backend\middleware\rateLimiter.js:65:21)
    at Module._compile (node:internal/modules/cjs/loader:1730:14)
    at Object..js (node:internal/modules/cjs/loader:1895:10)
    at Module.load (node:internal/modules/cjs/loader:1465:32)
You have triggered an unhandledRejection, you may have forgotten to catch a Promise rejection:
Error: The client is closed
    at Class.sendCommand (C:\Users\user\OneDrive\Desktop\CRM\backend\node_modules\@redis\client\dist\lib\client\index.js:639:35)
    at RedisStore.sendCommand (C:\Users\user\OneDrive\Desktop\CRM\backend\middleware\rateLimiter.js:13:49)
    at RedisStore.sendCommand (C:\Users\user\OneDrive\Desktop\CRM\backend\node_modules\rate-limit-redis\dist\index.cjs:85:49)
    at RedisStore.loadGetScript (C:\Users\user\OneDrive\Desktop\CRM\backend\node_modules\rate-limit-redis\dist\index.cjs:116:31)
    at new RedisStore (C:\Users\user\OneDrive\Desktop\CRM\backend\node_modules\rate-limit-redis\dist\index.cjs:96:30)
    at createRateLimiter (C:\Users\user\OneDrive\Desktop\CRM\backend\middleware\rateLimiter.js:12:16)
    at Object.<anonymous> (C:\Users\user\OneDrive\Desktop\CRM\backend\middleware\rateLimiter.js:65:21)
    at Module._compile (node:internal/modules/cjs/loader:1730:14)
    at Object..js (node:internal/modules/cjs/loader:1895:10)
    at Module.load (node:internal/modules/cjs/loader:1465:32)
2026-01-28 12:50:45: (node:15568) MaxListenersExceededWarning: Possible EventEmitter memory leak detected. 11 error listeners added to [DailyRotateFile]. MaxListeners is 10. Use emitter.setMaxListeners() to increase limit
(Use `node --trace-warnings ...` to show where the warning was created)
2026-01-28 12:50:45: (node:15568) MaxListenersExceededWarning: Possible EventEmitter memory leak detected. 11 finish listeners added to [DailyRotateFile]. MaxListeners is 10. Use emitter.setMaxListeners() to increase limit
Error: bind EADDRINUSE null:5000
    at listenOnPrimaryHandle (node:net:2020:18)
    at shared (node:internal/cluster/child:157:3)
    at Worker.<anonymous> (node:internal/cluster/child:110:7)
    at process.onInternalMessage (node:internal/cluster/utils:49:5)
    at process.emit (node:events:530:35)
    at emit (node:internal/child_process:949:14)
    at process.processTicksAndRejections (node:internal/process/task_queues:91:21)
You have triggered an unhandledRejection, you may have forgotten to catch a Promise rejection:
Error: NOAUTH Authentication required
    at #decodeSimpleError (C:\Users\user\OneDrive\Desktop\CRM\backend\node_modules\@redis\client\dist\lib\RESP\decoder.js:457:13)
    at #decodeTypeValue (C:\Users\user\OneDrive\Desktop\CRM\backend\node_modules\@redis\client\dist\lib\RESP\decoder.js:104:91)
    at Decoder.write (C:\Users\user\OneDrive\Desktop\CRM\backend\node_modules\@redis\client\dist\lib\RESP\decoder.js:74:38)
    at RedisSocket.<anonymous> (C:\Users\user\OneDrive\Desktop\CRM\backend\node_modules\@redis\client\dist\lib\client\index.js:437:37)
    at RedisSocket.emit (node:events:518:28)
    at Socket.<anonymous> (C:\Users\user\OneDrive\Desktop\CRM\backend\node_modules\@redis\client\dist\lib\client\socket.js:235:38)
    at Socket.emit (node:events:518:28)
    at addChunk (node:internal/streams/readable:561:12)
    at readableAddChunkPushByteMode (node:internal/streams/readable:512:3)
    at Readable.push (node:internal/streams/readable:392:5)
    at TCP.onStreamRead (node:internal/stream_base_commons:189:23)
You have triggered an unhandledRejection, you may have forgotten to catch a Promise rejection:
Error: NOAUTH Authentication required
    at #decodeSimpleError (C:\Users\user\OneDrive\Desktop\CRM\backend\node_modules\@redis\client\dist\lib\RESP\decoder.js:457:13)
    at #decodeTypeValue (C:\Users\user\OneDrive\Desktop\CRM\backend\node_modules\@redis\client\dist\lib\RESP\decoder.js:104:91)
    at Decoder.write (C:\Users\user\OneDrive\Desktop\CRM\backend\node_modules\@redis\client\dist\lib\RESP\decoder.js:74:38)
    at RedisSocket.<anonymous> (C:\Users\user\OneDrive\Desktop\CRM\backend\node_modules\@redis\client\dist\lib\client\index.js:437:37)
    at RedisSocket.emit (node:events:518:28)
    at Socket.<anonymous> (C:\Users\user\OneDrive\Desktop\CRM\backend\node_modules\@redis\client\dist\lib\client\socket.js:235:38)
    at Socket.emit (node:events:518:28)
    at addChunk (node:internal/streams/readable:561:12)
    at readableAddChunkPushByteMode (node:internal/streams/readable:512:3)
    at Readable.push (node:internal/streams/readable:392:5)
    at TCP.onStreamRead (node:internal/stream_base_commons:189:23)
You have triggered an unhandledRejection, you may have forgotten to catch a Promise rejection:
Error: The client is closed
    at Class.sendCommand (C:\Users\user\OneDrive\Desktop\CRM\backend\node_modules\@redis\client\dist\lib\client\index.js:639:35)
    at RedisStore.sendCommand (C:\Users\user\OneDrive\Desktop\CRM\backend\middleware\rateLimiter.js:13:49)
    at RedisStore.sendCommand (C:\Users\user\OneDrive\Desktop\CRM\backend\node_modules\rate-limit-redis\dist\index.cjs:85:49)
    at RedisStore.loadIncrementScript (C:\Users\user\OneDrive\Desktop\CRM\backend\node_modules\rate-limit-redis\dist\index.cjs:102:31)
    at new RedisStore (C:\Users\user\OneDrive\Desktop\CRM\backend\node_modules\rate-limit-redis\dist\index.cjs:95:36)
    at createRateLimiter (C:\Users\user\OneDrive\Desktop\CRM\backend\middleware\rateLimiter.js:12:16)
    at Object.<anonymous> (C:\Users\user\OneDrive\Desktop\CRM\backend\middleware\rateLimiter.js:32:21)
    at Module._compile (node:internal/modules/cjs/loader:1730:14)
    at Object..js (node:internal/modules/cjs/loader:1895:10)
    at Module.load (node:internal/modules/cjs/loader:1465:32)
You have triggered an unhandledRejection, you may have forgotten to catch a Promise rejection:
Error: The client is closed
    at Class.sendCommand (C:\Users\user\OneDrive\Desktop\CRM\backend\node_modules\@redis\client\dist\lib\client\index.js:639:35)
    at RedisStore.sendCommand (C:\Users\user\OneDrive\Desktop\CRM\backend\middleware\rateLimiter.js:13:49)
    at RedisStore.sendCommand (C:\Users\user\OneDrive\Desktop\CRM\backend\node_modules\rate-limit-redis\dist\index.cjs:85:49)
    at RedisStore.loadGetScript (C:\Users\user\OneDrive\Desktop\CRM\backend\node_modules\rate-limit-redis\dist\index.cjs:116:31)
    at new RedisStore (C:\Users\user\OneDrive\Desktop\CRM\backend\node_modules\rate-limit-redis\dist\index.cjs:96:30)
    at createRateLimiter (C:\Users\user\OneDrive\Desktop\CRM\backend\middleware\rateLimiter.js:12:16)
    at Object.<anonymous> (C:\Users\user\OneDrive\Desktop\CRM\backend\middleware\rateLimiter.js:32:21)
    at Module._compile (node:internal/modules/cjs/loader:1730:14)
    at Object..js (node:internal/modules/cjs/loader:1895:10)
    at Module.load (node:internal/modules/cjs/loader:1465:32)
You have triggered an unhandledRejection, you may have forgotten to catch a Promise rejection:
Error: The client is closed
    at Class.sendCommand (C:\Users\user\OneDrive\Desktop\CRM\backend\node_modules\@redis\client\dist\lib\client\index.js:639:35)
    at RedisStore.sendCommand (C:\Users\user\OneDrive\Desktop\CRM\backend\middleware\rateLimiter.js:13:49)
    at RedisStore.sendCommand (C:\Users\user\OneDrive\Desktop\CRM\backend\node_modules\rate-limit-redis\dist\index.cjs:85:49)
    at RedisStore.loadIncrementScript (C:\Users\user\OneDrive\Desktop\CRM\backend\node_modules\rate-limit-redis\dist\index.cjs:102:31)
    at new RedisStore (C:\Users\user\OneDrive\Desktop\CRM\backend\node_modules\rate-limit-redis\dist\index.cjs:95:36)
    at createRateLimiter (C:\Users\user\OneDrive\Desktop\CRM\backend\middleware\rateLimiter.js:12:16)
    at Object.<anonymous> (C:\Users\user\OneDrive\Desktop\CRM\backend\middleware\rateLimiter.js:41:20)
    at Module._compile (node:internal/modules/cjs/loader:1730:14)
    at Object..js (node:internal/modules/cjs/loader:1895:10)
    at Module.load (node:internal/modules/cjs/loader:1465:32)
You have triggered an unhandledRejection, you may have forgotten to catch a Promise rejection:
Error: The client is closed
    at Class.sendCommand (C:\Users\user\OneDrive\Desktop\CRM\backend\node_modules\@redis\client\dist\lib\client\index.js:639:35)
    at RedisStore.sendCommand (C:\Users\user\OneDrive\Desktop\CRM\backend\middleware\rateLimiter.js:13:49)
    at RedisStore.sendCommand (C:\Users\user\OneDrive\Desktop\CRM\backend\node_modules\rate-limit-redis\dist\index.cjs:85:49)
    at RedisStore.loadGetScript (C:\Users\user\OneDrive\Desktop\CRM\backend\node_modules\rate-limit-redis\dist\index.cjs:116:31)
    at new RedisStore (C:\Users\user\OneDrive\Desktop\CRM\backend\node_modules\rate-limit-redis\dist\index.cjs:96:30)
    at createRateLimiter (C:\Users\user\OneDrive\Desktop\CRM\backend\middleware\rateLimiter.js:12:16)
    at Object.<anonymous> (C:\Users\user\OneDrive\Desktop\CRM\backend\middleware\rateLimiter.js:41:20)
    at Module._compile (node:internal/modules/cjs/loader:1730:14)
    at Object..js (node:internal/modules/cjs/loader:1895:10)
    at Module.load (node:internal/modules/cjs/loader:1465:32)
You have triggered an unhandledRejection, you may have forgotten to catch a Promise rejection:
Error: The client is closed
    at Class.sendCommand (C:\Users\user\OneDrive\Desktop\CRM\backend\node_modules\@redis\client\dist\lib\client\index.js:639:35)
    at RedisStore.sendCommand (C:\Users\user\OneDrive\Desktop\CRM\backend\middleware\rateLimiter.js:13:49)
    at RedisStore.sendCommand (C:\Users\user\OneDrive\Desktop\CRM\backend\node_modules\rate-limit-redis\dist\index.cjs:85:49)
    at RedisStore.loadIncrementScript (C:\Users\user\OneDrive\Desktop\CRM\backend\node_modules\rate-limit-redis\dist\index.cjs:102:31)
    at new RedisStore (C:\Users\user\OneDrive\Desktop\CRM\backend\node_modules\rate-limit-redis\dist\index.cjs:95:36)
    at createRateLimiter (C:\Users\user\OneDrive\Desktop\CRM\backend\middleware\rateLimiter.js:12:16)
    at Object.<anonymous> (C:\Users\user\OneDrive\Desktop\CRM\backend\middleware\rateLimiter.js:49:23)
    at Module._compile (node:internal/modules/cjs/loader:1730:14)
    at Object..js (node:internal/modules/cjs/loader:1895:10)
    at Module.load (node:internal/modules/cjs/loader:1465:32)
You have triggered an unhandledRejection, you may have forgotten to catch a Promise rejection:
Error: The client is closed
    at Class.sendCommand (C:\Users\user\OneDrive\Desktop\CRM\backend\node_modules\@redis\client\dist\lib\client\index.js:639:35)
    at RedisStore.sendCommand (C:\Users\user\OneDrive\Desktop\CRM\backend\middleware\rateLimiter.js:13:49)
    at RedisStore.sendCommand (C:\Users\user\OneDrive\Desktop\CRM\backend\node_modules\rate-limit-redis\dist\index.cjs:85:49)
    at RedisStore.loadGetScript (C:\Users\user\OneDrive\Desktop\CRM\backend\node_modules\rate-limit-redis\dist\index.cjs:116:31)
    at new RedisStore (C:\Users\user\OneDrive\Desktop\CRM\backend\node_modules\rate-limit-redis\dist\index.cjs:96:30)
    at createRateLimiter (C:\Users\user\OneDrive\Desktop\CRM\backend\middleware\rateLimiter.js:12:16)
    at Object.<anonymous> (C:\Users\user\OneDrive\Desktop\CRM\backend\middleware\rateLimiter.js:49:23)
    at Module._compile (node:internal/modules/cjs/loader:1730:14)
    at Object..js (node:internal/modules/cjs/loader:1895:10)
    at Module.load (node:internal/modules/cjs/loader:1465:32)
You have triggered an unhandledRejection, you may have forgotten to catch a Promise rejection:
Error: The client is closed
    at Class.sendCommand (C:\Users\user\OneDrive\Desktop\CRM\backend\node_modules\@redis\client\dist\lib\client\index.js:639:35)
    at RedisStore.sendCommand (C:\Users\user\OneDrive\Desktop\CRM\backend\middleware\rateLimiter.js:13:49)
    at RedisStore.sendCommand (C:\Users\user\OneDrive\Desktop\CRM\backend\node_modules\rate-limit-redis\dist\index.cjs:85:49)
    at RedisStore.loadIncrementScript (C:\Users\user\OneDrive\Desktop\CRM\backend\node_modules\rate-limit-redis\dist\index.cjs:102:31)
    at new RedisStore (C:\Users\user\OneDrive\Desktop\CRM\backend\node_modules\rate-limit-redis\dist\index.cjs:95:36)
    at createRateLimiter (C:\Users\user\OneDrive\Desktop\CRM\backend\middleware\rateLimiter.js:12:16)
    at Object.<anonymous> (C:\Users\user\OneDrive\Desktop\CRM\backend\middleware\rateLimiter.js:57:25)
    at Module._compile (node:internal/modules/cjs/loader:1730:14)
    at Object..js (node:internal/modules/cjs/loader:1895:10)
    at Module.load (node:internal/modules/cjs/loader:1465:32)
You have triggered an unhandledRejection, you may have forgotten to catch a Promise rejection:
Error: The client is closed
    at Class.sendCommand (C:\Users\user\OneDrive\Desktop\CRM\backend\node_modules\@redis\client\dist\lib\client\index.js:639:35)
    at RedisStore.sendCommand (C:\Users\user\OneDrive\Desktop\CRM\backend\middleware\rateLimiter.js:13:49)
    at RedisStore.sendCommand (C:\Users\user\OneDrive\Desktop\CRM\backend\node_modules\rate-limit-redis\dist\index.cjs:85:49)
    at RedisStore.loadGetScript (C:\Users\user\OneDrive\Desktop\CRM\backend\node_modules\rate-limit-redis\dist\index.cjs:116:31)
    at new RedisStore (C:\Users\user\OneDrive\Desktop\CRM\backend\node_modules\rate-limit-redis\dist\index.cjs:96:30)
    at createRateLimiter (C:\Users\user\OneDrive\Desktop\CRM\backend\middleware\rateLimiter.js:12:16)
    at Object.<anonymous> (C:\Users\user\OneDrive\Desktop\CRM\backend\middleware\rateLimiter.js:57:25)
    at Module._compile (node:internal/modules/cjs/loader:1730:14)
    at Object..js (node:internal/modules/cjs/loader:1895:10)
    at Module.load (node:internal/modules/cjs/loader:1465:32)
You have triggered an unhandledRejection, you may have forgotten to catch a Promise rejection:
Error: The client is closed
    at Class.sendCommand (C:\Users\user\OneDrive\Desktop\CRM\backend\node_modules\@redis\client\dist\lib\client\index.js:639:35)
    at RedisStore.sendCommand (C:\Users\user\OneDrive\Desktop\CRM\backend\middleware\rateLimiter.js:13:49)
    at RedisStore.sendCommand (C:\Users\user\OneDrive\Desktop\CRM\backend\node_modules\rate-limit-redis\dist\index.cjs:85:49)
    at RedisStore.loadIncrementScript (C:\Users\user\OneDrive\Desktop\CRM\backend\node_modules\rate-limit-redis\dist\index.cjs:102:31)
    at new RedisStore (C:\Users\user\OneDrive\Desktop\CRM\backend\node_modules\rate-limit-redis\dist\index.cjs:95:36)
    at createRateLimiter (C:\Users\user\OneDrive\Desktop\CRM\backend\middleware\rateLimiter.js:12:16)
    at Object.<anonymous> (C:\Users\user\OneDrive\Desktop\CRM\backend\middleware\rateLimiter.js:65:21)
    at Module._compile (node:internal/modules/cjs/loader:1730:14)
    at Object..js (node:internal/modules/cjs/loader:1895:10)
    at Module.load (node:internal/modules/cjs/loader:1465:32)
You have triggered an unhandledRejection, you may have forgotten to catch a Promise rejection:
Error: The client is closed
    at Class.sendCommand (C:\Users\user\OneDrive\Desktop\CRM\backend\node_modules\@redis\client\dist\lib\client\index.js:639:35)
    at RedisStore.sendCommand (C:\Users\user\OneDrive\Desktop\CRM\backend\middleware\rateLimiter.js:13:49)
    at RedisStore.sendCommand (C:\Users\user\OneDrive\Desktop\CRM\backend\node_modules\rate-limit-redis\dist\index.cjs:85:49)
    at RedisStore.loadGetScript (C:\Users\user\OneDrive\Desktop\CRM\backend\node_modules\rate-limit-redis\dist\index.cjs:116:31)
    at new RedisStore (C:\Users\user\OneDrive\Desktop\CRM\backend\node_modules\rate-limit-redis\dist\index.cjs:96:30)
    at createRateLimiter (C:\Users\user\OneDrive\Desktop\CRM\backend\middleware\rateLimiter.js:12:16)
    at Object.<anonymous> (C:\Users\user\OneDrive\Desktop\CRM\backend\middleware\rateLimiter.js:65:21)
    at Module._compile (node:internal/modules/cjs/loader:1730:14)
    at Object..js (node:internal/modules/cjs/loader:1895:10)
    at Module.load (node:internal/modules/cjs/loader:1465:32)
2026-01-28 12:50:56: (node:13164) MaxListenersExceededWarning: Possible EventEmitter memory leak detected. 11 error listeners added to [DailyRotateFile]. MaxListeners is 10. Use emitter.setMaxListeners() to increase limit
(Use `node --trace-warnings ...` to show where the warning was created)
2026-01-28 12:50:56: (node:13164) MaxListenersExceededWarning: Possible EventEmitter memory leak detected. 11 finish listeners added to [DailyRotateFile]. MaxListeners is 10. Use emitter.setMaxListeners() to increase limit
Error: bind EADDRINUSE null:5000
    at listenOnPrimaryHandle (node:net:2020:18)
    at shared (node:internal/cluster/child:157:3)
    at Worker.<anonymous> (node:internal/cluster/child:110:7)
    at process.onInternalMessage (node:internal/cluster/utils:49:5)
    at process.emit (node:events:530:35)
    at emit (node:internal/child_process:949:14)
    at process.processTicksAndRejections (node:internal/process/task_queues:91:21)
You have triggered an unhandledRejection, you may have forgotten to catch a Promise rejection:
Error: NOAUTH Authentication required
    at #decodeSimpleError (C:\Users\user\OneDrive\Desktop\CRM\backend\node_modules\@redis\client\dist\lib\RESP\decoder.js:457:13)
    at #decodeTypeValue (C:\Users\user\OneDrive\Desktop\CRM\backend\node_modules\@redis\client\dist\lib\RESP\decoder.js:104:91)
    at Decoder.write (C:\Users\user\OneDrive\Desktop\CRM\backend\node_modules\@redis\client\dist\lib\RESP\decoder.js:74:38)
    at RedisSocket.<anonymous> (C:\Users\user\OneDrive\Desktop\CRM\backend\node_modules\@redis\client\dist\lib\client\index.js:437:37)
    at RedisSocket.emit (node:events:518:28)
    at Socket.<anonymous> (C:\Users\user\OneDrive\Desktop\CRM\backend\node_modules\@redis\client\dist\lib\client\socket.js:235:38)
    at Socket.emit (node:events:518:28)
    at addChunk (node:internal/streams/readable:561:12)
    at readableAddChunkPushByteMode (node:internal/streams/readable:512:3)
    at Readable.push (node:internal/streams/readable:392:5)
    at TCP.onStreamRead (node:internal/stream_base_commons:189:23)
You have triggered an unhandledRejection, you may have forgotten to catch a Promise rejection:
Error: NOAUTH Authentication required
    at #decodeSimpleError (C:\Users\user\OneDrive\Desktop\CRM\backend\node_modules\@redis\client\dist\lib\RESP\decoder.js:457:13)
    at #decodeTypeValue (C:\Users\user\OneDrive\Desktop\CRM\backend\node_modules\@redis\client\dist\lib\RESP\decoder.js:104:91)
    at Decoder.write (C:\Users\user\OneDrive\Desktop\CRM\backend\node_modules\@redis\client\dist\lib\RESP\decoder.js:74:38)
    at RedisSocket.<anonymous> (C:\Users\user\OneDrive\Desktop\CRM\backend\node_modules\@redis\client\dist\lib\client\index.js:437:37)
    at RedisSocket.emit (node:events:518:28)
    at Socket.<anonymous> (C:\Users\user\OneDrive\Desktop\CRM\backend\node_modules\@redis\client\dist\lib\client\socket.js:235:38)
    at Socket.emit (node:events:518:28)
    at addChunk (node:internal/streams/readable:561:12)
    at readableAddChunkPushByteMode (node:internal/streams/readable:512:3)
    at Readable.push (node:internal/streams/readable:392:5)
    at TCP.onStreamRead (node:internal/stream_base_commons:189:23)
2026-01-29 11:58:24: 🔌 Mongoose disconnected
2026-01-29 12:01:16: 🔌 Mongoose disconnected
2026-01-29 12:01:36: 🔌 Mongoose disconnected
2026-01-29 16:30:22: 🔌 Mongoose disconnected
TypeError: Invalid URL
    at new URL (node:internal/url:818:25)
    at RedisClient.parseURL (C:\Users\user\OneDrive\Desktop\CRM\backend\node_modules\@redis\client\dist\lib\client\index.js:103:76)
    at RedisClient.parseOptions (C:\Users\user\OneDrive\Desktop\CRM\backend\node_modules\@redis\client\dist\lib\client\index.js:90:31)
    at #initiateOptions (C:\Users\user\OneDrive\Desktop\CRM\backend\node_modules\@redis\client\dist\lib\client\index.js:279:38)
    at new RedisClient (C:\Users\user\OneDrive\Desktop\CRM\backend\node_modules\@redis\client\dist\lib\client\index.js:199:46)
    at new Class (C:\Users\user\OneDrive\Desktop\CRM\backend\node_modules\@redis\client\dist\lib\commander.js:9:45)
    at C:\Users\user\OneDrive\Desktop\CRM\backend\node_modules\@redis\client\dist\lib\client\index.js:82:34
    at create (C:\Users\user\OneDrive\Desktop\CRM\backend\node_modules\@redis\client\dist\lib\client\index.js:86:35)
    at createClient (C:\Users\user\OneDrive\Desktop\CRM\backend\node_modules\redis\dist\index.js:38:38)
    at Object.<anonymous> (C:\Users\user\OneDrive\Desktop\CRM\backend\services\redis.js:20:19)
TypeError: Invalid URL
    at new URL (node:internal/url:818:25)
    at RedisClient.parseURL (C:\Users\user\OneDrive\Desktop\CRM\backend\node_modules\@redis\client\dist\lib\client\index.js:103:76)
    at RedisClient.parseOptions (C:\Users\user\OneDrive\Desktop\CRM\backend\node_modules\@redis\client\dist\lib\client\index.js:90:31)
    at #initiateOptions (C:\Users\user\OneDrive\Desktop\CRM\backend\node_modules\@redis\client\dist\lib\client\index.js:279:38)
    at new RedisClient (C:\Users\user\OneDrive\Desktop\CRM\backend\node_modules\@redis\client\dist\lib\client\index.js:199:46)
    at new Class (C:\Users\user\OneDrive\Desktop\CRM\backend\node_modules\@redis\client\dist\lib\commander.js:9:45)
    at C:\Users\user\OneDrive\Desktop\CRM\backend\node_modules\@redis\client\dist\lib\client\index.js:82:34
    at create (C:\Users\user\OneDrive\Desktop\CRM\backend\node_modules\@redis\client\dist\lib\client\index.js:86:35)
    at createClient (C:\Users\user\OneDrive\Desktop\CRM\backend\node_modules\redis\dist\index.js:38:38)
    at Object.<anonymous> (C:\Users\user\OneDrive\Desktop\CRM\backend\services\redis.js:20:19)
TypeError: Invalid URL
    at new URL (node:internal/url:818:25)
    at RedisClient.parseURL (C:\Users\user\OneDrive\Desktop\CRM\backend\node_modules\@redis\client\dist\lib\client\index.js:103:76)
    at RedisClient.parseOptions (C:\Users\user\OneDrive\Desktop\CRM\backend\node_modules\@redis\client\dist\lib\client\index.js:90:31)
    at #initiateOptions (C:\Users\user\OneDrive\Desktop\CRM\backend\node_modules\@redis\client\dist\lib\client\index.js:279:38)
    at new RedisClient (C:\Users\user\OneDrive\Desktop\CRM\backend\node_modules\@redis\client\dist\lib\client\index.js:199:46)
    at new Class (C:\Users\user\OneDrive\Desktop\CRM\backend\node_modules\@redis\client\dist\lib\commander.js:9:45)
    at C:\Users\user\OneDrive\Desktop\CRM\backend\node_modules\@redis\client\dist\lib\client\index.js:82:34
    at create (C:\Users\user\OneDrive\Desktop\CRM\backend\node_modules\@redis\client\dist\lib\client\index.js:86:35)
    at createClient (C:\Users\user\OneDrive\Desktop\CRM\backend\node_modules\redis\dist\index.js:38:38)
    at Object.<anonymous> (C:\Users\user\OneDrive\Desktop\CRM\backend\services\redis.js:20:19)
TypeError: Invalid URL
    at new URL (node:internal/url:818:25)
    at RedisClient.parseURL (C:\Users\user\OneDrive\Desktop\CRM\backend\node_modules\@redis\client\dist\lib\client\index.js:103:76)
    at RedisClient.parseOptions (C:\Users\user\OneDrive\Desktop\CRM\backend\node_modules\@redis\client\dist\lib\client\index.js:90:31)
    at #initiateOptions (C:\Users\user\OneDrive\Desktop\CRM\backend\node_modules\@redis\client\dist\lib\client\index.js:279:38)
    at new RedisClient (C:\Users\user\OneDrive\Desktop\CRM\backend\node_modules\@redis\client\dist\lib\client\index.js:199:46)
    at new Class (C:\Users\user\OneDrive\Desktop\CRM\backend\node_modules\@redis\client\dist\lib\commander.js:9:45)
    at C:\Users\user\OneDrive\Desktop\CRM\backend\node_modules\@redis\client\dist\lib\client\index.js:82:34
    at create (C:\Users\user\OneDrive\Desktop\CRM\backend\node_modules\@redis\client\dist\lib\client\index.js:86:35)
    at createClient (C:\Users\user\OneDrive\Desktop\CRM\backend\node_modules\redis\dist\index.js:38:38)
    at Object.<anonymous> (C:\Users\user\OneDrive\Desktop\CRM\backend\services\redis.js:20:19)
TypeError: Invalid URL
    at new URL (node:internal/url:818:25)
    at RedisClient.parseURL (C:\Users\user\OneDrive\Desktop\CRM\backend\node_modules\@redis\client\dist\lib\client\index.js:103:76)
    at RedisClient.parseOptions (C:\Users\user\OneDrive\Desktop\CRM\backend\node_modules\@redis\client\dist\lib\client\index.js:90:31)
    at #initiateOptions (C:\Users\user\OneDrive\Desktop\CRM\backend\node_modules\@redis\client\dist\lib\client\index.js:279:38)
    at new RedisClient (C:\Users\user\OneDrive\Desktop\CRM\backend\node_modules\@redis\client\dist\lib\client\index.js:199:46)
    at new Class (C:\Users\user\OneDrive\Desktop\CRM\backend\node_modules\@redis\client\dist\lib\commander.js:9:45)
    at C:\Users\user\OneDrive\Desktop\CRM\backend\node_modules\@redis\client\dist\lib\client\index.js:82:34
    at create (C:\Users\user\OneDrive\Desktop\CRM\backend\node_modules\@redis\client\dist\lib\client\index.js:86:35)
    at createClient (C:\Users\user\OneDrive\Desktop\CRM\backend\node_modules\redis\dist\index.js:38:38)
    at Object.<anonymous> (C:\Users\user\OneDrive\Desktop\CRM\backend\services\redis.js:20:19)
TypeError: Invalid URL
    at new URL (node:internal/url:818:25)
    at RedisClient.parseURL (C:\Users\user\OneDrive\Desktop\CRM\backend\node_modules\@redis\client\dist\lib\client\index.js:103:76)
    at RedisClient.parseOptions (C:\Users\user\OneDrive\Desktop\CRM\backend\node_modules\@redis\client\dist\lib\client\index.js:90:31)
    at #initiateOptions (C:\Users\user\OneDrive\Desktop\CRM\backend\node_modules\@redis\client\dist\lib\client\index.js:279:38)
    at new RedisClient (C:\Users\user\OneDrive\Desktop\CRM\backend\node_modules\@redis\client\dist\lib\client\index.js:199:46)
    at new Class (C:\Users\user\OneDrive\Desktop\CRM\backend\node_modules\@redis\client\dist\lib\commander.js:9:45)
    at C:\Users\user\OneDrive\Desktop\CRM\backend\node_modules\@redis\client\dist\lib\client\index.js:82:34
    at create (C:\Users\user\OneDrive\Desktop\CRM\backend\node_modules\@redis\client\dist\lib\client\index.js:86:35)
    at createClient (C:\Users\user\OneDrive\Desktop\CRM\backend\node_modules\redis\dist\index.js:38:38)
    at Object.<anonymous> (C:\Users\user\OneDrive\Desktop\CRM\backend\services\redis.js:20:19)
TypeError: Invalid URL
    at new URL (node:internal/url:818:25)
    at RedisClient.parseURL (C:\Users\user\OneDrive\Desktop\CRM\backend\node_modules\@redis\client\dist\lib\client\index.js:103:76)
    at RedisClient.parseOptions (C:\Users\user\OneDrive\Desktop\CRM\backend\node_modules\@redis\client\dist\lib\client\index.js:90:31)
    at #initiateOptions (C:\Users\user\OneDrive\Desktop\CRM\backend\node_modules\@redis\client\dist\lib\client\index.js:279:38)
    at new RedisClient (C:\Users\user\OneDrive\Desktop\CRM\backend\node_modules\@redis\client\dist\lib\client\index.js:199:46)
    at new Class (C:\Users\user\OneDrive\Desktop\CRM\backend\node_modules\@redis\client\dist\lib\commander.js:9:45)
    at C:\Users\user\OneDrive\Desktop\CRM\backend\node_modules\@redis\client\dist\lib\client\index.js:82:34
    at create (C:\Users\user\OneDrive\Desktop\CRM\backend\node_modules\@redis\client\dist\lib\client\index.js:86:35)
    at createClient (C:\Users\user\OneDrive\Desktop\CRM\backend\node_modules\redis\dist\index.js:38:38)
    at Object.<anonymous> (C:\Users\user\OneDrive\Desktop\CRM\backend\services\redis.js:20:19)
TypeError: Invalid URL
    at new URL (node:internal/url:818:25)
    at RedisClient.parseURL (C:\Users\user\OneDrive\Desktop\CRM\backend\node_modules\@redis\client\dist\lib\client\index.js:103:76)
    at RedisClient.parseOptions (C:\Users\user\OneDrive\Desktop\CRM\backend\node_modules\@redis\client\dist\lib\client\index.js:90:31)
    at #initiateOptions (C:\Users\user\OneDrive\Desktop\CRM\backend\node_modules\@redis\client\dist\lib\client\index.js:279:38)
    at new RedisClient (C:\Users\user\OneDrive\Desktop\CRM\backend\node_modules\@redis\client\dist\lib\client\index.js:199:46)
    at new Class (C:\Users\user\OneDrive\Desktop\CRM\backend\node_modules\@redis\client\dist\lib\commander.js:9:45)
    at C:\Users\user\OneDrive\Desktop\CRM\backend\node_modules\@redis\client\dist\lib\client\index.js:82:34
    at create (C:\Users\user\OneDrive\Desktop\CRM\backend\node_modules\@redis\client\dist\lib\client\index.js:86:35)
    at createClient (C:\Users\user\OneDrive\Desktop\CRM\backend\node_modules\redis\dist\index.js:38:38)
    at Object.<anonymous> (C:\Users\user\OneDrive\Desktop\CRM\backend\services\redis.js:20:19)
TypeError: Invalid URL
    at new URL (node:internal/url:818:25)
    at RedisClient.parseURL (C:\Users\user\OneDrive\Desktop\CRM\backend\node_modules\@redis\client\dist\lib\client\index.js:103:76)
    at RedisClient.parseOptions (C:\Users\user\OneDrive\Desktop\CRM\backend\node_modules\@redis\client\dist\lib\client\index.js:90:31)
    at #initiateOptions (C:\Users\user\OneDrive\Desktop\CRM\backend\node_modules\@redis\client\dist\lib\client\index.js:279:38)
    at new RedisClient (C:\Users\user\OneDrive\Desktop\CRM\backend\node_modules\@redis\client\dist\lib\client\index.js:199:46)
    at new Class (C:\Users\user\OneDrive\Desktop\CRM\backend\node_modules\@redis\client\dist\lib\commander.js:9:45)
    at C:\Users\user\OneDrive\Desktop\CRM\backend\node_modules\@redis\client\dist\lib\client\index.js:82:34
    at create (C:\Users\user\OneDrive\Desktop\CRM\backend\node_modules\@redis\client\dist\lib\client\index.js:86:35)
    at createClient (C:\Users\user\OneDrive\Desktop\CRM\backend\node_modules\redis\dist\index.js:38:38)
    at Object.<anonymous> (C:\Users\user\OneDrive\Desktop\CRM\backend\services\redis.js:20:19)
TypeError: Invalid URL
    at new URL (node:internal/url:818:25)
    at RedisClient.parseURL (C:\Users\user\OneDrive\Desktop\CRM\backend\node_modules\@redis\client\dist\lib\client\index.js:103:76)
    at RedisClient.parseOptions (C:\Users\user\OneDrive\Desktop\CRM\backend\node_modules\@redis\client\dist\lib\client\index.js:90:31)
    at #initiateOptions (C:\Users\user\OneDrive\Desktop\CRM\backend\node_modules\@redis\client\dist\lib\client\index.js:279:38)
    at new RedisClient (C:\Users\user\OneDrive\Desktop\CRM\backend\node_modules\@redis\client\dist\lib\client\index.js:199:46)
    at new Class (C:\Users\user\OneDrive\Desktop\CRM\backend\node_modules\@redis\client\dist\lib\commander.js:9:45)
    at C:\Users\user\OneDrive\Desktop\CRM\backend\node_modules\@redis\client\dist\lib\client\index.js:82:34
    at create (C:\Users\user\OneDrive\Desktop\CRM\backend\node_modules\@redis\client\dist\lib\client\index.js:86:35)
    at createClient (C:\Users\user\OneDrive\Desktop\CRM\backend\node_modules\redis\dist\index.js:38:38)
    at Object.<anonymous> (C:\Users\user\OneDrive\Desktop\CRM\backend\services\redis.js:20:19)
TypeError: Invalid URL
    at new URL (node:internal/url:818:25)
    at RedisClient.parseURL (C:\Users\user\OneDrive\Desktop\CRM\backend\node_modules\@redis\client\dist\lib\client\index.js:103:76)
    at RedisClient.parseOptions (C:\Users\user\OneDrive\Desktop\CRM\backend\node_modules\@redis\client\dist\lib\client\index.js:90:31)
    at #initiateOptions (C:\Users\user\OneDrive\Desktop\CRM\backend\node_modules\@redis\client\dist\lib\client\index.js:279:38)
    at new RedisClient (C:\Users\user\OneDrive\Desktop\CRM\backend\node_modules\@redis\client\dist\lib\client\index.js:199:46)
    at new Class (C:\Users\user\OneDrive\Desktop\CRM\backend\node_modules\@redis\client\dist\lib\commander.js:9:45)
    at C:\Users\user\OneDrive\Desktop\CRM\backend\node_modules\@redis\client\dist\lib\client\index.js:82:34
    at create (C:\Users\user\OneDrive\Desktop\CRM\backend\node_modules\@redis\client\dist\lib\client\index.js:86:35)
    at createClient (C:\Users\user\OneDrive\Desktop\CRM\backend\node_modules\redis\dist\index.js:38:38)
    at Object.<anonymous> (C:\Users\user\OneDrive\Desktop\CRM\backend\services\redis.js:20:19)
TypeError: Invalid URL
    at new URL (node:internal/url:818:25)
    at RedisClient.parseURL (C:\Users\user\OneDrive\Desktop\CRM\backend\node_modules\@redis\client\dist\lib\client\index.js:103:76)
    at RedisClient.parseOptions (C:\Users\user\OneDrive\Desktop\CRM\backend\node_modules\@redis\client\dist\lib\client\index.js:90:31)
    at #initiateOptions (C:\Users\user\OneDrive\Desktop\CRM\backend\node_modules\@redis\client\dist\lib\client\index.js:279:38)
    at new RedisClient (C:\Users\user\OneDrive\Desktop\CRM\backend\node_modules\@redis\client\dist\lib\client\index.js:199:46)
    at new Class (C:\Users\user\OneDrive\Desktop\CRM\backend\node_modules\@redis\client\dist\lib\commander.js:9:45)
    at C:\Users\user\OneDrive\Desktop\CRM\backend\node_modules\@redis\client\dist\lib\client\index.js:82:34
    at create (C:\Users\user\OneDrive\Desktop\CRM\backend\node_modules\@redis\client\dist\lib\client\index.js:86:35)
    at createClient (C:\Users\user\OneDrive\Desktop\CRM\backend\node_modules\redis\dist\index.js:38:38)
    at Object.<anonymous> (C:\Users\user\OneDrive\Desktop\CRM\backend\services\redis.js:20:19)
TypeError: Invalid URL
    at new URL (node:internal/url:818:25)
    at RedisClient.parseURL (C:\Users\user\OneDrive\Desktop\CRM\backend\node_modules\@redis\client\dist\lib\client\index.js:103:76)
    at RedisClient.parseOptions (C:\Users\user\OneDrive\Desktop\CRM\backend\node_modules\@redis\client\dist\lib\client\index.js:90:31)
    at #initiateOptions (C:\Users\user\OneDrive\Desktop\CRM\backend\node_modules\@redis\client\dist\lib\client\index.js:279:38)
    at new RedisClient (C:\Users\user\OneDrive\Desktop\CRM\backend\node_modules\@redis\client\dist\lib\client\index.js:199:46)
    at new Class (C:\Users\user\OneDrive\Desktop\CRM\backend\node_modules\@redis\client\dist\lib\commander.js:9:45)
    at C:\Users\user\OneDrive\Desktop\CRM\backend\node_modules\@redis\client\dist\lib\client\index.js:82:34
    at create (C:\Users\user\OneDrive\Desktop\CRM\backend\node_modules\@redis\client\dist\lib\client\index.js:86:35)
    at createClient (C:\Users\user\OneDrive\Desktop\CRM\backend\node_modules\redis\dist\index.js:38:38)
    at Object.<anonymous> (C:\Users\user\OneDrive\Desktop\CRM\backend\services\redis.js:20:19)
TypeError: CloudinaryStorage is not a constructor
    at Object.<anonymous> (C:\Users\user\OneDrive\Desktop\CRM\backend\services\cloudinary.js:13:21)
    at Module._compile (node:internal/modules/cjs/loader:1730:14)
    at Object..js (node:internal/modules/cjs/loader:1895:10)
    at Module.load (node:internal/modules/cjs/loader:1465:32)
    at Function._load (node:internal/modules/cjs/loader:1282:12)
    at TracingChannel.traceSync (node:diagnostics_channel:322:14)
    at wrapModuleLoad (node:internal/modules/cjs/loader:235:24)
    at Module.<anonymous> (node:internal/modules/cjs/loader:1487:12)
    at Hook._require.Module.require (C:\Users\user\OneDrive\Desktop\CRM\backend\node_modules\require-in-the-middle\index.js:101:39)
    at require (node:internal/modules/helpers:135:16)
    at Object.<anonymous> (C:\Users\user\OneDrive\Desktop\CRM\backend\routes\leads.js:7:25)
    at Module._compile (node:internal/modules/cjs/loader:1730:14)
    at Object..js (node:internal/modules/cjs/loader:1895:10)
    at Module.load (node:internal/modules/cjs/loader:1465:32)
    at Function._load (node:internal/modules/cjs/loader:1282:12)
    at TracingChannel.traceSync (node:diagnostics_channel:322:14)
TypeError: CloudinaryStorage is not a constructor
    at Object.<anonymous> (C:\Users\user\OneDrive\Desktop\CRM\backend\services\cloudinary.js:13:21)
    at Module._compile (node:internal/modules/cjs/loader:1730:14)
    at Object..js (node:internal/modules/cjs/loader:1895:10)
    at Module.load (node:internal/modules/cjs/loader:1465:32)
    at Function._load (node:internal/modules/cjs/loader:1282:12)
    at TracingChannel.traceSync (node:diagnostics_channel:322:14)
    at wrapModuleLoad (node:internal/modules/cjs/loader:235:24)
    at Module.<anonymous> (node:internal/modules/cjs/loader:1487:12)
    at Hook._require.Module.require (C:\Users\user\OneDrive\Desktop\CRM\backend\node_modules\require-in-the-middle\index.js:101:39)
    at require (node:internal/modules/helpers:135:16)
    at Object.<anonymous> (C:\Users\user\OneDrive\Desktop\CRM\backend\routes\leads.js:7:25)
    at Module._compile (node:internal/modules/cjs/loader:1730:14)
    at Object..js (node:internal/modules/cjs/loader:1895:10)
    at Module.load (node:internal/modules/cjs/loader:1465:32)
    at Function._load (node:internal/modules/cjs/loader:1282:12)
    at TracingChannel.traceSync (node:diagnostics_channel:322:14)
TypeError: CloudinaryStorage is not a constructor
    at Object.<anonymous> (C:\Users\user\OneDrive\Desktop\CRM\backend\services\cloudinary.js:13:21)
    at Module._compile (node:internal/modules/cjs/loader:1730:14)
    at Object..js (node:internal/modules/cjs/loader:1895:10)
    at Module.load (node:internal/modules/cjs/loader:1465:32)
    at Function._load (node:internal/modules/cjs/loader:1282:12)
    at TracingChannel.traceSync (node:diagnostics_channel:322:14)
    at wrapModuleLoad (node:internal/modules/cjs/loader:235:24)
    at Module.<anonymous> (node:internal/modules/cjs/loader:1487:12)
    at Hook._require.Module.require (C:\Users\user\OneDrive\Desktop\CRM\backend\node_modules\require-in-the-middle\index.js:101:39)
    at require (node:internal/modules/helpers:135:16)
    at Object.<anonymous> (C:\Users\user\OneDrive\Desktop\CRM\backend\routes\leads.js:7:25)
    at Module._compile (node:internal/modules/cjs/loader:1730:14)
    at Object..js (node:internal/modules/cjs/loader:1895:10)
    at Module.load (node:internal/modules/cjs/loader:1465:32)
    at Function._load (node:internal/modules/cjs/loader:1282:12)
    at TracingChannel.traceSync (node:diagnostics_channel:322:14)
TypeError: CloudinaryStorage is not a constructor
    at Object.<anonymous> (C:\Users\user\OneDrive\Desktop\CRM\backend\services\cloudinary.js:13:21)
    at Module._compile (node:internal/modules/cjs/loader:1730:14)
    at Object..js (node:internal/modules/cjs/loader:1895:10)
    at Module.load (node:internal/modules/cjs/loader:1465:32)
    at Function._load (node:internal/modules/cjs/loader:1282:12)
    at TracingChannel.traceSync (node:diagnostics_channel:322:14)
    at wrapModuleLoad (node:internal/modules/cjs/loader:235:24)
    at Module.<anonymous> (node:internal/modules/cjs/loader:1487:12)
    at Hook._require.Module.require (C:\Users\user\OneDrive\Desktop\CRM\backend\node_modules\require-in-the-middle\index.js:101:39)
    at require (node:internal/modules/helpers:135:16)
    at Object.<anonymous> (C:\Users\user\OneDrive\Desktop\CRM\backend\routes\leads.js:7:25)
    at Module._compile (node:internal/modules/cjs/loader:1730:14)
    at Object..js (node:internal/modules/cjs/loader:1895:10)
    at Module.load (node:internal/modules/cjs/loader:1465:32)
    at Function._load (node:internal/modules/cjs/loader:1282:12)
    at TracingChannel.traceSync (node:diagnostics_channel:322:14)
TypeError: CloudinaryStorage is not a constructor
    at Object.<anonymous> (C:\Users\user\OneDrive\Desktop\CRM\backend\services\cloudinary.js:13:21)
    at Module._compile (node:internal/modules/cjs/loader:1730:14)
    at Object..js (node:internal/modules/cjs/loader:1895:10)
    at Module.load (node:internal/modules/cjs/loader:1465:32)
    at Function._load (node:internal/modules/cjs/loader:1282:12)
    at TracingChannel.traceSync (node:diagnostics_channel:322:14)
    at wrapModuleLoad (node:internal/modules/cjs/loader:235:24)
    at Module.<anonymous> (node:internal/modules/cjs/loader:1487:12)
    at Hook._require.Module.require (C:\Users\user\OneDrive\Desktop\CRM\backend\node_modules\require-in-the-middle\index.js:101:39)
    at require (node:internal/modules/helpers:135:16)
    at Object.<anonymous> (C:\Users\user\OneDrive\Desktop\CRM\backend\routes\leads.js:7:25)
    at Module._compile (node:internal/modules/cjs/loader:1730:14)
    at Object..js (node:internal/modules/cjs/loader:1895:10)
    at Module.load (node:internal/modules/cjs/loader:1465:32)
    at Function._load (node:internal/modules/cjs/loader:1282:12)
    at TracingChannel.traceSync (node:diagnostics_channel:322:14)
TypeError: CloudinaryStorage is not a constructor
    at Object.<anonymous> (C:\Users\user\OneDrive\Desktop\CRM\backend\services\cloudinary.js:13:21)
    at Module._compile (node:internal/modules/cjs/loader:1730:14)
    at Object..js (node:internal/modules/cjs/loader:1895:10)
    at Module.load (node:internal/modules/cjs/loader:1465:32)
    at Function._load (node:internal/modules/cjs/loader:1282:12)
    at TracingChannel.traceSync (node:diagnostics_channel:322:14)
    at wrapModuleLoad (node:internal/modules/cjs/loader:235:24)
    at Module.<anonymous> (node:internal/modules/cjs/loader:1487:12)
    at Hook._require.Module.require (C:\Users\user\OneDrive\Desktop\CRM\backend\node_modules\require-in-the-middle\index.js:101:39)
    at require (node:internal/modules/helpers:135:16)
    at Object.<anonymous> (C:\Users\user\OneDrive\Desktop\CRM\backend\routes\leads.js:7:25)
    at Module._compile (node:internal/modules/cjs/loader:1730:14)
    at Object..js (node:internal/modules/cjs/loader:1895:10)
    at Module.load (node:internal/modules/cjs/loader:1465:32)
    at Function._load (node:internal/modules/cjs/loader:1282:12)
    at TracingChannel.traceSync (node:diagnostics_channel:322:14)
TypeError: CloudinaryStorage is not a constructor
    at Object.<anonymous> (C:\Users\user\OneDrive\Desktop\CRM\backend\services\cloudinary.js:13:21)
    at Module._compile (node:internal/modules/cjs/loader:1730:14)
    at Object..js (node:internal/modules/cjs/loader:1895:10)
    at Module.load (node:internal/modules/cjs/loader:1465:32)
    at Function._load (node:internal/modules/cjs/loader:1282:12)
    at TracingChannel.traceSync (node:diagnostics_channel:322:14)
    at wrapModuleLoad (node:internal/modules/cjs/loader:235:24)
    at Module.<anonymous> (node:internal/modules/cjs/loader:1487:12)
    at Hook._require.Module.require (C:\Users\user\OneDrive\Desktop\CRM\backend\node_modules\require-in-the-middle\index.js:101:39)
    at require (node:internal/modules/helpers:135:16)
    at Object.<anonymous> (C:\Users\user\OneDrive\Desktop\CRM\backend\routes\leads.js:7:25)
    at Module._compile (node:internal/modules/cjs/loader:1730:14)
    at Object..js (node:internal/modules/cjs/loader:1895:10)
    at Module.load (node:internal/modules/cjs/loader:1465:32)
    at Function._load (node:internal/modules/cjs/loader:1282:12)
    at TracingChannel.traceSync (node:diagnostics_channel:322:14)
TypeError: CloudinaryStorage is not a constructor
    at Object.<anonymous> (C:\Users\user\OneDrive\Desktop\CRM\backend\services\cloudinary.js:13:21)
    at Module._compile (node:internal/modules/cjs/loader:1730:14)
    at Object..js (node:internal/modules/cjs/loader:1895:10)
    at Module.load (node:internal/modules/cjs/loader:1465:32)
    at Function._load (node:internal/modules/cjs/loader:1282:12)
    at TracingChannel.traceSync (node:diagnostics_channel:322:14)
    at wrapModuleLoad (node:internal/modules/cjs/loader:235:24)
    at Module.<anonymous> (node:internal/modules/cjs/loader:1487:12)
    at Hook._require.Module.require (C:\Users\user\OneDrive\Desktop\CRM\backend\node_modules\require-in-the-middle\index.js:101:39)
    at require (node:internal/modules/helpers:135:16)
    at Object.<anonymous> (C:\Users\user\OneDrive\Desktop\CRM\backend\routes\leads.js:7:25)
    at Module._compile (node:internal/modules/cjs/loader:1730:14)
    at Object..js (node:internal/modules/cjs/loader:1895:10)
    at Module.load (node:internal/modules/cjs/loader:1465:32)
    at Function._load (node:internal/modules/cjs/loader:1282:12)
    at TracingChannel.traceSync (node:diagnostics_channel:322:14)
TypeError: CloudinaryStorage is not a constructor
    at Object.<anonymous> (C:\Users\user\OneDrive\Desktop\CRM\backend\services\cloudinary.js:13:21)
    at Module._compile (node:internal/modules/cjs/loader:1730:14)
    at Object..js (node:internal/modules/cjs/loader:1895:10)
    at Module.load (node:internal/modules/cjs/loader:1465:32)
    at Function._load (node:internal/modules/cjs/loader:1282:12)
    at TracingChannel.traceSync (node:diagnostics_channel:322:14)
    at wrapModuleLoad (node:internal/modules/cjs/loader:235:24)
    at Module.<anonymous> (node:internal/modules/cjs/loader:1487:12)
    at Hook._require.Module.require (C:\Users\user\OneDrive\Desktop\CRM\backend\node_modules\require-in-the-middle\index.js:101:39)
    at require (node:internal/modules/helpers:135:16)
    at Object.<anonymous> (C:\Users\user\OneDrive\Desktop\CRM\backend\routes\leads.js:7:25)
    at Module._compile (node:internal/modules/cjs/loader:1730:14)
    at Object..js (node:internal/modules/cjs/loader:1895:10)
    at Module.load (node:internal/modules/cjs/loader:1465:32)
    at Function._load (node:internal/modules/cjs/loader:1282:12)
    at TracingChannel.traceSync (node:diagnostics_channel:322:14)
TypeError: CloudinaryStorage is not a constructor
    at Object.<anonymous> (C:\Users\user\OneDrive\Desktop\CRM\backend\services\cloudinary.js:13:21)
    at Module._compile (node:internal/modules/cjs/loader:1730:14)
    at Object..js (node:internal/modules/cjs/loader:1895:10)
    at Module.load (node:internal/modules/cjs/loader:1465:32)
    at Function._load (node:internal/modules/cjs/loader:1282:12)
    at TracingChannel.traceSync (node:diagnostics_channel:322:14)
    at wrapModuleLoad (node:internal/modules/cjs/loader:235:24)
    at Module.<anonymous> (node:internal/modules/cjs/loader:1487:12)
    at Hook._require.Module.require (C:\Users\user\OneDrive\Desktop\CRM\backend\node_modules\require-in-the-middle\index.js:101:39)
    at require (node:internal/modules/helpers:135:16)
    at Object.<anonymous> (C:\Users\user\OneDrive\Desktop\CRM\backend\routes\leads.js:7:25)
    at Module._compile (node:internal/modules/cjs/loader:1730:14)
    at Object..js (node:internal/modules/cjs/loader:1895:10)
    at Module.load (node:internal/modules/cjs/loader:1465:32)
    at Function._load (node:internal/modules/cjs/loader:1282:12)
    at TracingChannel.traceSync (node:diagnostics_channel:322:14)
TypeError: CloudinaryStorage is not a constructor
    at Object.<anonymous> (C:\Users\user\OneDrive\Desktop\CRM\backend\services\cloudinary.js:13:21)
    at Module._compile (node:internal/modules/cjs/loader:1730:14)
    at Object..js (node:internal/modules/cjs/loader:1895:10)
    at Module.load (node:internal/modules/cjs/loader:1465:32)
    at Function._load (node:internal/modules/cjs/loader:1282:12)
    at TracingChannel.traceSync (node:diagnostics_channel:322:14)
    at wrapModuleLoad (node:internal/modules/cjs/loader:235:24)
    at Module.<anonymous> (node:internal/modules/cjs/loader:1487:12)
    at Hook._require.Module.require (C:\Users\user\OneDrive\Desktop\CRM\backend\node_modules\require-in-the-middle\index.js:101:39)
    at require (node:internal/modules/helpers:135:16)
    at Object.<anonymous> (C:\Users\user\OneDrive\Desktop\CRM\backend\routes\leads.js:7:25)
    at Module._compile (node:internal/modules/cjs/loader:1730:14)
    at Object..js (node:internal/modules/cjs/loader:1895:10)
    at Module.load (node:internal/modules/cjs/loader:1465:32)
    at Function._load (node:internal/modules/cjs/loader:1282:12)
    at TracingChannel.traceSync (node:diagnostics_channel:322:14)
TypeError: CloudinaryStorage is not a constructor
    at Object.<anonymous> (C:\Users\user\OneDrive\Desktop\CRM\backend\services\cloudinary.js:13:21)
    at Module._compile (node:internal/modules/cjs/loader:1730:14)
    at Object..js (node:internal/modules/cjs/loader:1895:10)
    at Module.load (node:internal/modules/cjs/loader:1465:32)
    at Function._load (node:internal/modules/cjs/loader:1282:12)
    at TracingChannel.traceSync (node:diagnostics_channel:322:14)
    at wrapModuleLoad (node:internal/modules/cjs/loader:235:24)
    at Module.<anonymous> (node:internal/modules/cjs/loader:1487:12)
    at Hook._require.Module.require (C:\Users\user\OneDrive\Desktop\CRM\backend\node_modules\require-in-the-middle\index.js:101:39)
    at require (node:internal/modules/helpers:135:16)
    at Object.<anonymous> (C:\Users\user\OneDrive\Desktop\CRM\backend\routes\leads.js:7:25)
    at Module._compile (node:internal/modules/cjs/loader:1730:14)
    at Object..js (node:internal/modules/cjs/loader:1895:10)
    at Module.load (node:internal/modules/cjs/loader:1465:32)
    at Function._load (node:internal/modules/cjs/loader:1282:12)
    at TracingChannel.traceSync (node:diagnostics_channel:322:14)
TypeError: CloudinaryStorage is not a constructor
    at Object.<anonymous> (C:\Users\user\OneDrive\Desktop\CRM\backend\services\cloudinary.js:13:21)
    at Module._compile (node:internal/modules/cjs/loader:1730:14)
    at Object..js (node:internal/modules/cjs/loader:1895:10)
    at Module.load (node:internal/modules/cjs/loader:1465:32)
    at Function._load (node:internal/modules/cjs/loader:1282:12)
    at TracingChannel.traceSync (node:diagnostics_channel:322:14)
    at wrapModuleLoad (node:internal/modules/cjs/loader:235:24)
    at Module.<anonymous> (node:internal/modules/cjs/loader:1487:12)
    at Hook._require.Module.require (C:\Users\user\OneDrive\Desktop\CRM\backend\node_modules\require-in-the-middle\index.js:101:39)
    at require (node:internal/modules/helpers:135:16)
    at Object.<anonymous> (C:\Users\user\OneDrive\Desktop\CRM\backend\routes\leads.js:7:25)
    at Module._compile (node:internal/modules/cjs/loader:1730:14)
    at Object..js (node:internal/modules/cjs/loader:1895:10)
    at Module.load (node:internal/modules/cjs/loader:1465:32)
    at Function._load (node:internal/modules/cjs/loader:1282:12)
    at TracingChannel.traceSync (node:diagnostics_channel:322:14)
TypeError: CloudinaryStorage is not a constructor
    at Object.<anonymous> (C:\Users\user\OneDrive\Desktop\CRM\backend\services\cloudinary.js:13:21)
    at Module._compile (node:internal/modules/cjs/loader:1730:14)
    at Object..js (node:internal/modules/cjs/loader:1895:10)
    at Module.load (node:internal/modules/cjs/loader:1465:32)
    at Function._load (node:internal/modules/cjs/loader:1282:12)
    at TracingChannel.traceSync (node:diagnostics_channel:322:14)
    at wrapModuleLoad (node:internal/modules/cjs/loader:235:24)
    at Module.<anonymous> (node:internal/modules/cjs/loader:1487:12)
    at Hook._require.Module.require (C:\Users\user\OneDrive\Desktop\CRM\backend\node_modules\require-in-the-middle\index.js:101:39)
    at require (node:internal/modules/helpers:135:16)
    at Object.<anonymous> (C:\Users\user\OneDrive\Desktop\CRM\backend\routes\leads.js:7:25)
    at Module._compile (node:internal/modules/cjs/loader:1730:14)
    at Object..js (node:internal/modules/cjs/loader:1895:10)
    at Module.load (node:internal/modules/cjs/loader:1465:32)
    at Function._load (node:internal/modules/cjs/loader:1282:12)
    at TracingChannel.traceSync (node:diagnostics_channel:322:14)
TypeError: CloudinaryStorage is not a constructor
    at Object.<anonymous> (C:\Users\user\OneDrive\Desktop\CRM\backend\services\cloudinary.js:13:21)
    at Module._compile (node:internal/modules/cjs/loader:1730:14)
    at Object..js (node:internal/modules/cjs/loader:1895:10)
    at Module.load (node:internal/modules/cjs/loader:1465:32)
    at Function._load (node:internal/modules/cjs/loader:1282:12)
    at TracingChannel.traceSync (node:diagnostics_channel:322:14)
    at wrapModuleLoad (node:internal/modules/cjs/loader:235:24)
    at Module.<anonymous> (node:internal/modules/cjs/loader:1487:12)
    at Hook._require.Module.require (C:\Users\user\OneDrive\Desktop\CRM\backend\node_modules\require-in-the-middle\index.js:101:39)
    at require (node:internal/modules/helpers:135:16)
    at Object.<anonymous> (C:\Users\user\OneDrive\Desktop\CRM\backend\routes\leads.js:7:25)
    at Module._compile (node:internal/modules/cjs/loader:1730:14)
    at Object..js (node:internal/modules/cjs/loader:1895:10)
    at Module.load (node:internal/modules/cjs/loader:1465:32)
    at Function._load (node:internal/modules/cjs/loader:1282:12)
    at TracingChannel.traceSync (node:diagnostics_channel:322:14)
TypeError: CloudinaryStorage is not a constructor
    at Object.<anonymous> (C:\Users\user\OneDrive\Desktop\CRM\backend\services\cloudinary.js:13:21)
    at Module._compile (node:internal/modules/cjs/loader:1730:14)
    at Object..js (node:internal/modules/cjs/loader:1895:10)
    at Module.load (node:internal/modules/cjs/loader:1465:32)
    at Function._load (node:internal/modules/cjs/loader:1282:12)
    at TracingChannel.traceSync (node:diagnostics_channel:322:14)
    at wrapModuleLoad (node:internal/modules/cjs/loader:235:24)
    at Module.<anonymous> (node:internal/modules/cjs/loader:1487:12)
    at Hook._require.Module.require (C:\Users\user\OneDrive\Desktop\CRM\backend\node_modules\require-in-the-middle\index.js:101:39)
    at require (node:internal/modules/helpers:135:16)
    at Object.<anonymous> (C:\Users\user\OneDrive\Desktop\CRM\backend\routes\leads.js:7:25)
    at Module._compile (node:internal/modules/cjs/loader:1730:14)
    at Object..js (node:internal/modules/cjs/loader:1895:10)
    at Module.load (node:internal/modules/cjs/loader:1465:32)
    at Function._load (node:internal/modules/cjs/loader:1282:12)
    at TracingChannel.traceSync (node:diagnostics_channel:322:14)
TypeError: CloudinaryStorage is not a constructor
    at Object.<anonymous> (C:\Users\user\OneDrive\Desktop\CRM\backend\services\cloudinary.js:13:21)
    at Module._compile (node:internal/modules/cjs/loader:1730:14)
    at Object..js (node:internal/modules/cjs/loader:1895:10)
    at Module.load (node:internal/modules/cjs/loader:1465:32)
    at Function._load (node:internal/modules/cjs/loader:1282:12)
    at TracingChannel.traceSync (node:diagnostics_channel:322:14)
    at wrapModuleLoad (node:internal/modules/cjs/loader:235:24)
    at Module.<anonymous> (node:internal/modules/cjs/loader:1487:12)
    at Hook._require.Module.require (C:\Users\user\OneDrive\Desktop\CRM\backend\node_modules\require-in-the-middle\index.js:101:39)
    at require (node:internal/modules/helpers:135:16)
    at Object.<anonymous> (C:\Users\user\OneDrive\Desktop\CRM\backend\routes\leads.js:7:25)
    at Module._compile (node:internal/modules/cjs/loader:1730:14)
    at Object..js (node:internal/modules/cjs/loader:1895:10)
    at Module.load (node:internal/modules/cjs/loader:1465:32)
    at Function._load (node:internal/modules/cjs/loader:1282:12)
    at TracingChannel.traceSync (node:diagnostics_channel:322:14)
TypeError: CloudinaryStorage is not a constructor
    at Object.<anonymous> (C:\Users\user\OneDrive\Desktop\CRM\backend\services\cloudinary.js:13:21)
    at Module._compile (node:internal/modules/cjs/loader:1730:14)
    at Object..js (node:internal/modules/cjs/loader:1895:10)
    at Module.load (node:internal/modules/cjs/loader:1465:32)
    at Function._load (node:internal/modules/cjs/loader:1282:12)
    at TracingChannel.traceSync (node:diagnostics_channel:322:14)
    at wrapModuleLoad (node:internal/modules/cjs/loader:235:24)
    at Module.<anonymous> (node:internal/modules/cjs/loader:1487:12)
    at Hook._require.Module.require (C:\Users\user\OneDrive\Desktop\CRM\backend\node_modules\require-in-the-middle\index.js:101:39)
    at require (node:internal/modules/helpers:135:16)
    at Object.<anonymous> (C:\Users\user\OneDrive\Desktop\CRM\backend\routes\leads.js:7:25)
    at Module._compile (node:internal/modules/cjs/loader:1730:14)
    at Object..js (node:internal/modules/cjs/loader:1895:10)
    at Module.load (node:internal/modules/cjs/loader:1465:32)
    at Function._load (node:internal/modules/cjs/loader:1282:12)
    at TracingChannel.traceSync (node:diagnostics_channel:322:14)
TypeError: CloudinaryStorage is not a constructor
    at Object.<anonymous> (C:\Users\user\OneDrive\Desktop\CRM\backend\services\cloudinary.js:13:21)
    at Module._compile (node:internal/modules/cjs/loader:1730:14)
    at Object..js (node:internal/modules/cjs/loader:1895:10)
    at Module.load (node:internal/modules/cjs/loader:1465:32)
    at Function._load (node:internal/modules/cjs/loader:1282:12)
    at TracingChannel.traceSync (node:diagnostics_channel:322:14)
    at wrapModuleLoad (node:internal/modules/cjs/loader:235:24)
    at Module.<anonymous> (node:internal/modules/cjs/loader:1487:12)
    at Hook._require.Module.require (C:\Users\user\OneDrive\Desktop\CRM\backend\node_modules\require-in-the-middle\index.js:101:39)
    at require (node:internal/modules/helpers:135:16)
    at Object.<anonymous> (C:\Users\user\OneDrive\Desktop\CRM\backend\routes\leads.js:7:25)
    at Module._compile (node:internal/modules/cjs/loader:1730:14)
    at Object..js (node:internal/modules/cjs/loader:1895:10)
    at Module.load (node:internal/modules/cjs/loader:1465:32)
    at Function._load (node:internal/modules/cjs/loader:1282:12)
    at TracingChannel.traceSync (node:diagnostics_channel:322:14)
TypeError: CloudinaryStorage is not a constructor
    at Object.<anonymous> (C:\Users\user\OneDrive\Desktop\CRM\backend\services\cloudinary.js:13:21)
    at Module._compile (node:internal/modules/cjs/loader:1730:14)
    at Object..js (node:internal/modules/cjs/loader:1895:10)
    at Module.load (node:internal/modules/cjs/loader:1465:32)
    at Function._load (node:internal/modules/cjs/loader:1282:12)
    at TracingChannel.traceSync (node:diagnostics_channel:322:14)
    at wrapModuleLoad (node:internal/modules/cjs/loader:235:24)
    at Module.<anonymous> (node:internal/modules/cjs/loader:1487:12)
    at Hook._require.Module.require (C:\Users\user\OneDrive\Desktop\CRM\backend\node_modules\require-in-the-middle\index.js:101:39)
    at require (node:internal/modules/helpers:135:16)
    at Object.<anonymous> (C:\Users\user\OneDrive\Desktop\CRM\backend\routes\leads.js:7:25)
    at Module._compile (node:internal/modules/cjs/loader:1730:14)
    at Object..js (node:internal/modules/cjs/loader:1895:10)
    at Module.load (node:internal/modules/cjs/loader:1465:32)
    at Function._load (node:internal/modules/cjs/loader:1282:12)
    at TracingChannel.traceSync (node:diagnostics_channel:322:14)
TypeError: CloudinaryStorage is not a constructor
    at Object.<anonymous> (C:\Users\user\OneDrive\Desktop\CRM\backend\services\cloudinary.js:13:21)
    at Module._compile (node:internal/modules/cjs/loader:1730:14)
    at Object..js (node:internal/modules/cjs/loader:1895:10)
    at Module.load (node:internal/modules/cjs/loader:1465:32)
    at Function._load (node:internal/modules/cjs/loader:1282:12)
    at TracingChannel.traceSync (node:diagnostics_channel:322:14)
    at wrapModuleLoad (node:internal/modules/cjs/loader:235:24)
    at Module.<anonymous> (node:internal/modules/cjs/loader:1487:12)
    at Hook._require.Module.require (C:\Users\user\OneDrive\Desktop\CRM\backend\node_modules\require-in-the-middle\index.js:101:39)
    at require (node:internal/modules/helpers:135:16)
    at Object.<anonymous> (C:\Users\user\OneDrive\Desktop\CRM\backend\routes\leads.js:7:25)
    at Module._compile (node:internal/modules/cjs/loader:1730:14)
    at Object..js (node:internal/modules/cjs/loader:1895:10)
    at Module.load (node:internal/modules/cjs/loader:1465:32)
    at Function._load (node:internal/modules/cjs/loader:1282:12)
    at TracingChannel.traceSync (node:diagnostics_channel:322:14)
TypeError: CloudinaryStorage is not a constructor
    at Object.<anonymous> (C:\Users\user\OneDrive\Desktop\CRM\backend\services\cloudinary.js:13:21)
    at Module._compile (node:internal/modules/cjs/loader:1730:14)
    at Object..js (node:internal/modules/cjs/loader:1895:10)
    at Module.load (node:internal/modules/cjs/loader:1465:32)
    at Function._load (node:internal/modules/cjs/loader:1282:12)
    at TracingChannel.traceSync (node:diagnostics_channel:322:14)
    at wrapModuleLoad (node:internal/modules/cjs/loader:235:24)
    at Module.<anonymous> (node:internal/modules/cjs/loader:1487:12)
    at Hook._require.Module.require (C:\Users\user\OneDrive\Desktop\CRM\backend\node_modules\require-in-the-middle\index.js:101:39)
    at require (node:internal/modules/helpers:135:16)
    at Object.<anonymous> (C:\Users\user\OneDrive\Desktop\CRM\backend\routes\leads.js:7:25)
    at Module._compile (node:internal/modules/cjs/loader:1730:14)
    at Object..js (node:internal/modules/cjs/loader:1895:10)
    at Module.load (node:internal/modules/cjs/loader:1465:32)
    at Function._load (node:internal/modules/cjs/loader:1282:12)
    at TracingChannel.traceSync (node:diagnostics_channel:322:14)
TypeError: CloudinaryStorage is not a constructor
    at Object.<anonymous> (C:\Users\user\OneDrive\Desktop\CRM\backend\services\cloudinary.js:13:21)
    at Module._compile (node:internal/modules/cjs/loader:1730:14)
    at Object..js (node:internal/modules/cjs/loader:1895:10)
    at Module.load (node:internal/modules/cjs/loader:1465:32)
    at Function._load (node:internal/modules/cjs/loader:1282:12)
    at TracingChannel.traceSync (node:diagnostics_channel:322:14)
    at wrapModuleLoad (node:internal/modules/cjs/loader:235:24)
    at Module.<anonymous> (node:internal/modules/cjs/loader:1487:12)
    at Hook._require.Module.require (C:\Users\user\OneDrive\Desktop\CRM\backend\node_modules\require-in-the-middle\index.js:101:39)
    at require (node:internal/modules/helpers:135:16)
    at Object.<anonymous> (C:\Users\user\OneDrive\Desktop\CRM\backend\routes\leads.js:7:25)
    at Module._compile (node:internal/modules/cjs/loader:1730:14)
    at Object..js (node:internal/modules/cjs/loader:1895:10)
    at Module.load (node:internal/modules/cjs/loader:1465:32)
    at Function._load (node:internal/modules/cjs/loader:1282:12)
    at TracingChannel.traceSync (node:diagnostics_channel:322:14)
TypeError: CloudinaryStorage is not a constructor
    at Object.<anonymous> (C:\Users\user\OneDrive\Desktop\CRM\backend\services\cloudinary.js:13:21)
    at Module._compile (node:internal/modules/cjs/loader:1730:14)
    at Object..js (node:internal/modules/cjs/loader:1895:10)
    at Module.load (node:internal/modules/cjs/loader:1465:32)
    at Function._load (node:internal/modules/cjs/loader:1282:12)
    at TracingChannel.traceSync (node:diagnostics_channel:322:14)
    at wrapModuleLoad (node:internal/modules/cjs/loader:235:24)
    at Module.<anonymous> (node:internal/modules/cjs/loader:1487:12)
    at Hook._require.Module.require (C:\Users\user\OneDrive\Desktop\CRM\backend\node_modules\require-in-the-middle\index.js:101:39)
    at require (node:internal/modules/helpers:135:16)
    at Object.<anonymous> (C:\Users\user\OneDrive\Desktop\CRM\backend\routes\leads.js:7:25)
    at Module._compile (node:internal/modules/cjs/loader:1730:14)
    at Object..js (node:internal/modules/cjs/loader:1895:10)
    at Module.load (node:internal/modules/cjs/loader:1465:32)
    at Function._load (node:internal/modules/cjs/loader:1282:12)
    at TracingChannel.traceSync (node:diagnostics_channel:322:14)
TypeError: CloudinaryStorage is not a constructor
    at Object.<anonymous> (C:\Users\user\OneDrive\Desktop\CRM\backend\services\cloudinary.js:13:21)
    at Module._compile (node:internal/modules/cjs/loader:1730:14)
    at Object..js (node:internal/modules/cjs/loader:1895:10)
    at Module.load (node:internal/modules/cjs/loader:1465:32)
    at Function._load (node:internal/modules/cjs/loader:1282:12)
    at TracingChannel.traceSync (node:diagnostics_channel:322:14)
    at wrapModuleLoad (node:internal/modules/cjs/loader:235:24)
    at Module.<anonymous> (node:internal/modules/cjs/loader:1487:12)
    at Hook._require.Module.require (C:\Users\user\OneDrive\Desktop\CRM\backend\node_modules\require-in-the-middle\index.js:101:39)
    at require (node:internal/modules/helpers:135:16)
    at Object.<anonymous> (C:\Users\user\OneDrive\Desktop\CRM\backend\routes\leads.js:7:25)
    at Module._compile (node:internal/modules/cjs/loader:1730:14)
    at Object..js (node:internal/modules/cjs/loader:1895:10)
    at Module.load (node:internal/modules/cjs/loader:1465:32)
    at Function._load (node:internal/modules/cjs/loader:1282:12)
    at TracingChannel.traceSync (node:diagnostics_channel:322:14)
TypeError: CloudinaryStorage is not a constructor
    at Object.<anonymous> (C:\Users\user\OneDrive\Desktop\CRM\backend\services\cloudinary.js:13:21)
    at Module._compile (node:internal/modules/cjs/loader:1730:14)
    at Object..js (node:internal/modules/cjs/loader:1895:10)
    at Module.load (node:internal/modules/cjs/loader:1465:32)
    at Function._load (node:internal/modules/cjs/loader:1282:12)
    at TracingChannel.traceSync (node:diagnostics_channel:322:14)
    at wrapModuleLoad (node:internal/modules/cjs/loader:235:24)
    at Module.<anonymous> (node:internal/modules/cjs/loader:1487:12)
    at Hook._require.Module.require (C:\Users\user\OneDrive\Desktop\CRM\backend\node_modules\require-in-the-middle\index.js:101:39)
    at require (node:internal/modules/helpers:135:16)
    at Object.<anonymous> (C:\Users\user\OneDrive\Desktop\CRM\backend\routes\leads.js:7:25)
    at Module._compile (node:internal/modules/cjs/loader:1730:14)
    at Object..js (node:internal/modules/cjs/loader:1895:10)
    at Module.load (node:internal/modules/cjs/loader:1465:32)
    at Function._load (node:internal/modules/cjs/loader:1282:12)
    at TracingChannel.traceSync (node:diagnostics_channel:322:14)
TypeError: CloudinaryStorage is not a constructor
    at Object.<anonymous> (C:\Users\user\OneDrive\Desktop\CRM\backend\services\cloudinary.js:13:21)
    at Module._compile (node:internal/modules/cjs/loader:1730:14)
    at Object..js (node:internal/modules/cjs/loader:1895:10)
    at Module.load (node:internal/modules/cjs/loader:1465:32)
    at Function._load (node:internal/modules/cjs/loader:1282:12)
    at TracingChannel.traceSync (node:diagnostics_channel:322:14)
    at wrapModuleLoad (node:internal/modules/cjs/loader:235:24)
    at Module.<anonymous> (node:internal/modules/cjs/loader:1487:12)
    at Hook._require.Module.require (C:\Users\user\OneDrive\Desktop\CRM\backend\node_modules\require-in-the-middle\index.js:101:39)
    at require (node:internal/modules/helpers:135:16)
    at Object.<anonymous> (C:\Users\user\OneDrive\Desktop\CRM\backend\routes\leads.js:7:25)
    at Module._compile (node:internal/modules/cjs/loader:1730:14)
    at Object..js (node:internal/modules/cjs/loader:1895:10)
    at Module.load (node:internal/modules/cjs/loader:1465:32)
    at Function._load (node:internal/modules/cjs/loader:1282:12)
    at TracingChannel.traceSync (node:diagnostics_channel:322:14)
TypeError: CloudinaryStorage is not a constructor
    at Object.<anonymous> (C:\Users\user\OneDrive\Desktop\CRM\backend\services\cloudinary.js:13:21)
    at Module._compile (node:internal/modules/cjs/loader:1730:14)
    at Object..js (node:internal/modules/cjs/loader:1895:10)
    at Module.load (node:internal/modules/cjs/loader:1465:32)
    at Function._load (node:internal/modules/cjs/loader:1282:12)
    at TracingChannel.traceSync (node:diagnostics_channel:322:14)
    at wrapModuleLoad (node:internal/modules/cjs/loader:235:24)
    at Module.<anonymous> (node:internal/modules/cjs/loader:1487:12)
    at Hook._require.Module.require (C:\Users\user\OneDrive\Desktop\CRM\backend\node_modules\require-in-the-middle\index.js:101:39)
    at require (node:internal/modules/helpers:135:16)
    at Object.<anonymous> (C:\Users\user\OneDrive\Desktop\CRM\backend\routes\leads.js:7:25)
    at Module._compile (node:internal/modules/cjs/loader:1730:14)
    at Object..js (node:internal/modules/cjs/loader:1895:10)
    at Module.load (node:internal/modules/cjs/loader:1465:32)
    at Function._load (node:internal/modules/cjs/loader:1282:12)
    at TracingChannel.traceSync (node:diagnostics_channel:322:14)
TypeError: CloudinaryStorage is not a constructor
    at Object.<anonymous> (C:\Users\user\OneDrive\Desktop\CRM\backend\services\cloudinary.js:13:21)
    at Module._compile (node:internal/modules/cjs/loader:1730:14)
    at Object..js (node:internal/modules/cjs/loader:1895:10)
    at Module.load (node:internal/modules/cjs/loader:1465:32)
    at Function._load (node:internal/modules/cjs/loader:1282:12)
    at TracingChannel.traceSync (node:diagnostics_channel:322:14)
    at wrapModuleLoad (node:internal/modules/cjs/loader:235:24)
    at Module.<anonymous> (node:internal/modules/cjs/loader:1487:12)
    at Hook._require.Module.require (C:\Users\user\OneDrive\Desktop\CRM\backend\node_modules\require-in-the-middle\index.js:101:39)
    at require (node:internal/modules/helpers:135:16)
    at Object.<anonymous> (C:\Users\user\OneDrive\Desktop\CRM\backend\routes\leads.js:7:25)
    at Module._compile (node:internal/modules/cjs/loader:1730:14)
    at Object..js (node:internal/modules/cjs/loader:1895:10)
    at Module.load (node:internal/modules/cjs/loader:1465:32)
    at Function._load (node:internal/modules/cjs/loader:1282:12)
    at TracingChannel.traceSync (node:diagnostics_channel:322:14)
TypeError: CloudinaryStorage is not a constructor
    at Object.<anonymous> (C:\Users\user\OneDrive\Desktop\CRM\backend\services\cloudinary.js:13:21)
    at Module._compile (node:internal/modules/cjs/loader:1730:14)
    at Object..js (node:internal/modules/cjs/loader:1895:10)
    at Module.load (node:internal/modules/cjs/loader:1465:32)
    at Function._load (node:internal/modules/cjs/loader:1282:12)
    at TracingChannel.traceSync (node:diagnostics_channel:322:14)
    at wrapModuleLoad (node:internal/modules/cjs/loader:235:24)
    at Module.<anonymous> (node:internal/modules/cjs/loader:1487:12)
    at Hook._require.Module.require (C:\Users\user\OneDrive\Desktop\CRM\backend\node_modules\require-in-the-middle\index.js:101:39)
    at require (node:internal/modules/helpers:135:16)
    at Object.<anonymous> (C:\Users\user\OneDrive\Desktop\CRM\backend\routes\leads.js:7:25)
    at Module._compile (node:internal/modules/cjs/loader:1730:14)
    at Object..js (node:internal/modules/cjs/loader:1895:10)
    at Module.load (node:internal/modules/cjs/loader:1465:32)
    at Function._load (node:internal/modules/cjs/loader:1282:12)
    at TracingChannel.traceSync (node:diagnostics_channel:322:14)
TypeError: CloudinaryStorage is not a constructor
    at Object.<anonymous> (C:\Users\user\OneDrive\Desktop\CRM\backend\services\cloudinary.js:13:21)
    at Module._compile (node:internal/modules/cjs/loader:1730:14)
    at Object..js (node:internal/modules/cjs/loader:1895:10)
    at Module.load (node:internal/modules/cjs/loader:1465:32)
    at Function._load (node:internal/modules/cjs/loader:1282:12)
    at TracingChannel.traceSync (node:diagnostics_channel:322:14)
    at wrapModuleLoad (node:internal/modules/cjs/loader:235:24)
    at Module.<anonymous> (node:internal/modules/cjs/loader:1487:12)
    at Hook._require.Module.require (C:\Users\user\OneDrive\Desktop\CRM\backend\node_modules\require-in-the-middle\index.js:101:39)
    at require (node:internal/modules/helpers:135:16)
    at Object.<anonymous> (C:\Users\user\OneDrive\Desktop\CRM\backend\routes\leads.js:7:25)
    at Module._compile (node:internal/modules/cjs/loader:1730:14)
    at Object..js (node:internal/modules/cjs/loader:1895:10)
    at Module.load (node:internal/modules/cjs/loader:1465:32)
    at Function._load (node:internal/modules/cjs/loader:1282:12)
    at TracingChannel.traceSync (node:diagnostics_channel:322:14)
TypeError: CloudinaryStorage is not a constructor
    at Object.<anonymous> (C:\Users\user\OneDrive\Desktop\CRM\backend\services\cloudinary.js:13:21)
    at Module._compile (node:internal/modules/cjs/loader:1730:14)
    at Object..js (node:internal/modules/cjs/loader:1895:10)
    at Module.load (node:internal/modules/cjs/loader:1465:32)
    at Function._load (node:internal/modules/cjs/loader:1282:12)
    at TracingChannel.traceSync (node:diagnostics_channel:322:14)
    at wrapModuleLoad (node:internal/modules/cjs/loader:235:24)
    at Module.<anonymous> (node:internal/modules/cjs/loader:1487:12)
    at Hook._require.Module.require (C:\Users\user\OneDrive\Desktop\CRM\backend\node_modules\require-in-the-middle\index.js:101:39)
    at require (node:internal/modules/helpers:135:16)
    at Object.<anonymous> (C:\Users\user\OneDrive\Desktop\CRM\backend\routes\leads.js:7:25)
    at Module._compile (node:internal/modules/cjs/loader:1730:14)
    at Object..js (node:internal/modules/cjs/loader:1895:10)
    at Module.load (node:internal/modules/cjs/loader:1465:32)
    at Function._load (node:internal/modules/cjs/loader:1282:12)
    at TracingChannel.traceSync (node:diagnostics_channel:322:14)
TypeError: CloudinaryStorage is not a constructor
    at Object.<anonymous> (C:\Users\user\OneDrive\Desktop\CRM\backend\services\cloudinary.js:13:21)
    at Module._compile (node:internal/modules/cjs/loader:1730:14)
    at Object..js (node:internal/modules/cjs/loader:1895:10)
    at Module.load (node:internal/modules/cjs/loader:1465:32)
    at Function._load (node:internal/modules/cjs/loader:1282:12)
    at TracingChannel.traceSync (node:diagnostics_channel:322:14)
    at wrapModuleLoad (node:internal/modules/cjs/loader:235:24)
    at Module.<anonymous> (node:internal/modules/cjs/loader:1487:12)
    at Hook._require.Module.require (C:\Users\user\OneDrive\Desktop\CRM\backend\node_modules\require-in-the-middle\index.js:101:39)
    at require (node:internal/modules/helpers:135:16)
    at Object.<anonymous> (C:\Users\user\OneDrive\Desktop\CRM\backend\routes\leads.js:7:25)
    at Module._compile (node:internal/modules/cjs/loader:1730:14)
    at Object..js (node:internal/modules/cjs/loader:1895:10)
    at Module.load (node:internal/modules/cjs/loader:1465:32)
    at Function._load (node:internal/modules/cjs/loader:1282:12)
    at TracingChannel.traceSync (node:diagnostics_channel:322:14)
TypeError: CloudinaryStorage is not a constructor
    at Object.<anonymous> (C:\Users\user\OneDrive\Desktop\CRM\backend\services\cloudinary.js:13:21)
    at Module._compile (node:internal/modules/cjs/loader:1730:14)
    at Object..js (node:internal/modules/cjs/loader:1895:10)
    at Module.load (node:internal/modules/cjs/loader:1465:32)
    at Function._load (node:internal/modules/cjs/loader:1282:12)
    at TracingChannel.traceSync (node:diagnostics_channel:322:14)
    at wrapModuleLoad (node:internal/modules/cjs/loader:235:24)
    at Module.<anonymous> (node:internal/modules/cjs/loader:1487:12)
    at Hook._require.Module.require (C:\Users\user\OneDrive\Desktop\CRM\backend\node_modules\require-in-the-middle\index.js:101:39)
    at require (node:internal/modules/helpers:135:16)
    at Object.<anonymous> (C:\Users\user\OneDrive\Desktop\CRM\backend\routes\leads.js:7:25)
    at Module._compile (node:internal/modules/cjs/loader:1730:14)
    at Object..js (node:internal/modules/cjs/loader:1895:10)
    at Module.load (node:internal/modules/cjs/loader:1465:32)
    at Function._load (node:internal/modules/cjs/loader:1282:12)
    at TracingChannel.traceSync (node:diagnostics_channel:322:14)
TypeError: CloudinaryStorage is not a constructor
    at Object.<anonymous> (C:\Users\user\OneDrive\Desktop\CRM\backend\services\cloudinary.js:13:21)
    at Module._compile (node:internal/modules/cjs/loader:1730:14)
    at Object..js (node:internal/modules/cjs/loader:1895:10)
    at Module.load (node:internal/modules/cjs/loader:1465:32)
    at Function._load (node:internal/modules/cjs/loader:1282:12)
    at TracingChannel.traceSync (node:diagnostics_channel:322:14)
    at wrapModuleLoad (node:internal/modules/cjs/loader:235:24)
    at Module.<anonymous> (node:internal/modules/cjs/loader:1487:12)
    at Hook._require.Module.require (C:\Users\user\OneDrive\Desktop\CRM\backend\node_modules\require-in-the-middle\index.js:101:39)
    at require (node:internal/modules/helpers:135:16)
    at Object.<anonymous> (C:\Users\user\OneDrive\Desktop\CRM\backend\routes\leads.js:7:25)
    at Module._compile (node:internal/modules/cjs/loader:1730:14)
    at Object..js (node:internal/modules/cjs/loader:1895:10)
    at Module.load (node:internal/modules/cjs/loader:1465:32)
    at Function._load (node:internal/modules/cjs/loader:1282:12)
    at TracingChannel.traceSync (node:diagnostics_channel:322:14)
TypeError: CloudinaryStorage is not a constructor
    at Object.<anonymous> (C:\Users\user\OneDrive\Desktop\CRM\backend\services\cloudinary.js:13:21)
    at Module._compile (node:internal/modules/cjs/loader:1730:14)
    at Object..js (node:internal/modules/cjs/loader:1895:10)
    at Module.load (node:internal/modules/cjs/loader:1465:32)
    at Function._load (node:internal/modules/cjs/loader:1282:12)
    at TracingChannel.traceSync (node:diagnostics_channel:322:14)
    at wrapModuleLoad (node:internal/modules/cjs/loader:235:24)
    at Module.<anonymous> (node:internal/modules/cjs/loader:1487:12)
    at Hook._require.Module.require (C:\Users\user\OneDrive\Desktop\CRM\backend\node_modules\require-in-the-middle\index.js:101:39)
    at require (node:internal/modules/helpers:135:16)
    at Object.<anonymous> (C:\Users\user\OneDrive\Desktop\CRM\backend\routes\leads.js:7:25)
    at Module._compile (node:internal/modules/cjs/loader:1730:14)
    at Object..js (node:internal/modules/cjs/loader:1895:10)
    at Module.load (node:internal/modules/cjs/loader:1465:32)
    at Function._load (node:internal/modules/cjs/loader:1282:12)
    at TracingChannel.traceSync (node:diagnostics_channel:322:14)
TypeError: CloudinaryStorage is not a constructor
    at Object.<anonymous> (C:\Users\user\OneDrive\Desktop\CRM\backend\services\cloudinary.js:13:21)
    at Module._compile (node:internal/modules/cjs/loader:1730:14)
    at Object..js (node:internal/modules/cjs/loader:1895:10)
    at Module.load (node:internal/modules/cjs/loader:1465:32)
    at Function._load (node:internal/modules/cjs/loader:1282:12)
    at TracingChannel.traceSync (node:diagnostics_channel:322:14)
    at wrapModuleLoad (node:internal/modules/cjs/loader:235:24)
    at Module.<anonymous> (node:internal/modules/cjs/loader:1487:12)
    at Hook._require.Module.require (C:\Users\user\OneDrive\Desktop\CRM\backend\node_modules\require-in-the-middle\index.js:101:39)
    at require (node:internal/modules/helpers:135:16)
    at Object.<anonymous> (C:\Users\user\OneDrive\Desktop\CRM\backend\routes\leads.js:7:25)
    at Module._compile (node:internal/modules/cjs/loader:1730:14)
    at Object..js (node:internal/modules/cjs/loader:1895:10)
    at Module.load (node:internal/modules/cjs/loader:1465:32)
    at Function._load (node:internal/modules/cjs/loader:1282:12)
    at TracingChannel.traceSync (node:diagnostics_channel:322:14)
TypeError: CloudinaryStorage is not a constructor
    at Object.<anonymous> (C:\Users\user\OneDrive\Desktop\CRM\backend\services\cloudinary.js:13:21)
    at Module._compile (node:internal/modules/cjs/loader:1730:14)
    at Object..js (node:internal/modules/cjs/loader:1895:10)
    at Module.load (node:internal/modules/cjs/loader:1465:32)
    at Function._load (node:internal/modules/cjs/loader:1282:12)
    at TracingChannel.traceSync (node:diagnostics_channel:322:14)
    at wrapModuleLoad (node:internal/modules/cjs/loader:235:24)
    at Module.<anonymous> (node:internal/modules/cjs/loader:1487:12)
    at Hook._require.Module.require (C:\Users\user\OneDrive\Desktop\CRM\backend\node_modules\require-in-the-middle\index.js:101:39)
    at require (node:internal/modules/helpers:135:16)
    at Object.<anonymous> (C:\Users\user\OneDrive\Desktop\CRM\backend\routes\leads.js:7:25)
    at Module._compile (node:internal/modules/cjs/loader:1730:14)
    at Object..js (node:internal/modules/cjs/loader:1895:10)
    at Module.load (node:internal/modules/cjs/loader:1465:32)
    at Function._load (node:internal/modules/cjs/loader:1282:12)
    at TracingChannel.traceSync (node:diagnostics_channel:322:14)
TypeError: CloudinaryStorage is not a constructor
    at Object.<anonymous> (C:\Users\user\OneDrive\Desktop\CRM\backend\services\cloudinary.js:13:21)
    at Module._compile (node:internal/modules/cjs/loader:1730:14)
    at Object..js (node:internal/modules/cjs/loader:1895:10)
    at Module.load (node:internal/modules/cjs/loader:1465:32)
    at Function._load (node:internal/modules/cjs/loader:1282:12)
    at TracingChannel.traceSync (node:diagnostics_channel:322:14)
    at wrapModuleLoad (node:internal/modules/cjs/loader:235:24)
    at Module.<anonymous> (node:internal/modules/cjs/loader:1487:12)
    at Hook._require.Module.require (C:\Users\user\OneDrive\Desktop\CRM\backend\node_modules\require-in-the-middle\index.js:101:39)
    at require (node:internal/modules/helpers:135:16)
    at Object.<anonymous> (C:\Users\user\OneDrive\Desktop\CRM\backend\routes\leads.js:7:25)
    at Module._compile (node:internal/modules/cjs/loader:1730:14)
    at Object..js (node:internal/modules/cjs/loader:1895:10)
    at Module.load (node:internal/modules/cjs/loader:1465:32)
    at Function._load (node:internal/modules/cjs/loader:1282:12)
    at TracingChannel.traceSync (node:diagnostics_channel:322:14)
TypeError: CloudinaryStorage is not a constructor
    at Object.<anonymous> (C:\Users\user\OneDrive\Desktop\CRM\backend\services\cloudinary.js:13:21)
    at Module._compile (node:internal/modules/cjs/loader:1730:14)
    at Object..js (node:internal/modules/cjs/loader:1895:10)
    at Module.load (node:internal/modules/cjs/loader:1465:32)
    at Function._load (node:internal/modules/cjs/loader:1282:12)
    at TracingChannel.traceSync (node:diagnostics_channel:322:14)
    at wrapModuleLoad (node:internal/modules/cjs/loader:235:24)
    at Module.<anonymous> (node:internal/modules/cjs/loader:1487:12)
    at Hook._require.Module.require (C:\Users\user\OneDrive\Desktop\CRM\backend\node_modules\require-in-the-middle\index.js:101:39)
    at require (node:internal/modules/helpers:135:16)
    at Object.<anonymous> (C:\Users\user\OneDrive\Desktop\CRM\backend\routes\leads.js:7:25)
    at Module._compile (node:internal/modules/cjs/loader:1730:14)
    at Object..js (node:internal/modules/cjs/loader:1895:10)
    at Module.load (node:internal/modules/cjs/loader:1465:32)
    at Function._load (node:internal/modules/cjs/loader:1282:12)
    at TracingChannel.traceSync (node:diagnostics_channel:322:14)
TypeError: CloudinaryStorage is not a constructor
    at Object.<anonymous> (C:\Users\user\OneDrive\Desktop\CRM\backend\services\cloudinary.js:13:21)
    at Module._compile (node:internal/modules/cjs/loader:1730:14)
    at Object..js (node:internal/modules/cjs/loader:1895:10)
    at Module.load (node:internal/modules/cjs/loader:1465:32)
    at Function._load (node:internal/modules/cjs/loader:1282:12)
    at TracingChannel.traceSync (node:diagnostics_channel:322:14)
    at wrapModuleLoad (node:internal/modules/cjs/loader:235:24)
    at Module.<anonymous> (node:internal/modules/cjs/loader:1487:12)
    at Hook._require.Module.require (C:\Users\user\OneDrive\Desktop\CRM\backend\node_modules\require-in-the-middle\index.js:101:39)
    at require (node:internal/modules/helpers:135:16)
    at Object.<anonymous> (C:\Users\user\OneDrive\Desktop\CRM\backend\routes\leads.js:7:25)
    at Module._compile (node:internal/modules/cjs/loader:1730:14)
    at Object..js (node:internal/modules/cjs/loader:1895:10)
    at Module.load (node:internal/modules/cjs/loader:1465:32)
    at Function._load (node:internal/modules/cjs/loader:1282:12)
    at TracingChannel.traceSync (node:diagnostics_channel:322:14)
TypeError: CloudinaryStorage is not a constructor
    at Object.<anonymous> (C:\Users\user\OneDrive\Desktop\CRM\backend\services\cloudinary.js:13:21)
    at Module._compile (node:internal/modules/cjs/loader:1730:14)
    at Object..js (node:internal/modules/cjs/loader:1895:10)
    at Module.load (node:internal/modules/cjs/loader:1465:32)
    at Function._load (node:internal/modules/cjs/loader:1282:12)
    at TracingChannel.traceSync (node:diagnostics_channel:322:14)
    at wrapModuleLoad (node:internal/modules/cjs/loader:235:24)
    at Module.<anonymous> (node:internal/modules/cjs/loader:1487:12)
    at Hook._require.Module.require (C:\Users\user\OneDrive\Desktop\CRM\backend\node_modules\require-in-the-middle\index.js:101:39)
    at require (node:internal/modules/helpers:135:16)
    at Object.<anonymous> (C:\Users\user\OneDrive\Desktop\CRM\backend\routes\leads.js:7:25)
    at Module._compile (node:internal/modules/cjs/loader:1730:14)
    at Object..js (node:internal/modules/cjs/loader:1895:10)
    at Module.load (node:internal/modules/cjs/loader:1465:32)
    at Function._load (node:internal/modules/cjs/loader:1282:12)
    at TracingChannel.traceSync (node:diagnostics_channel:322:14)
TypeError: CloudinaryStorage is not a constructor
    at Object.<anonymous> (C:\Users\user\OneDrive\Desktop\CRM\backend\services\cloudinary.js:13:21)
    at Module._compile (node:internal/modules/cjs/loader:1730:14)
    at Object..js (node:internal/modules/cjs/loader:1895:10)
    at Module.load (node:internal/modules/cjs/loader:1465:32)
    at Function._load (node:internal/modules/cjs/loader:1282:12)
    at TracingChannel.traceSync (node:diagnostics_channel:322:14)
    at wrapModuleLoad (node:internal/modules/cjs/loader:235:24)
    at Module.<anonymous> (node:internal/modules/cjs/loader:1487:12)
    at Hook._require.Module.require (C:\Users\user\OneDrive\Desktop\CRM\backend\node_modules\require-in-the-middle\index.js:101:39)
    at require (node:internal/modules/helpers:135:16)
    at Object.<anonymous> (C:\Users\user\OneDrive\Desktop\CRM\backend\routes\leads.js:7:25)
    at Module._compile (node:internal/modules/cjs/loader:1730:14)
    at Object..js (node:internal/modules/cjs/loader:1895:10)
    at Module.load (node:internal/modules/cjs/loader:1465:32)
    at Function._load (node:internal/modules/cjs/loader:1282:12)
    at TracingChannel.traceSync (node:diagnostics_channel:322:14)
TypeError: CloudinaryStorage is not a constructor
    at Object.<anonymous> (C:\Users\user\OneDrive\Desktop\CRM\backend\services\cloudinary.js:13:21)
    at Module._compile (node:internal/modules/cjs/loader:1730:14)
    at Object..js (node:internal/modules/cjs/loader:1895:10)
    at Module.load (node:internal/modules/cjs/loader:1465:32)
    at Function._load (node:internal/modules/cjs/loader:1282:12)
    at TracingChannel.traceSync (node:diagnostics_channel:322:14)
    at wrapModuleLoad (node:internal/modules/cjs/loader:235:24)
    at Module.<anonymous> (node:internal/modules/cjs/loader:1487:12)
    at Hook._require.Module.require (C:\Users\user\OneDrive\Desktop\CRM\backend\node_modules\require-in-the-middle\index.js:101:39)
    at require (node:internal/modules/helpers:135:16)
    at Object.<anonymous> (C:\Users\user\OneDrive\Desktop\CRM\backend\routes\leads.js:7:25)
    at Module._compile (node:internal/modules/cjs/loader:1730:14)
    at Object..js (node:internal/modules/cjs/loader:1895:10)
    at Module.load (node:internal/modules/cjs/loader:1465:32)
    at Function._load (node:internal/modules/cjs/loader:1282:12)
    at TracingChannel.traceSync (node:diagnostics_channel:322:14)
TypeError: CloudinaryStorage is not a constructor
    at Object.<anonymous> (C:\Users\user\OneDrive\Desktop\CRM\backend\services\cloudinary.js:13:21)
    at Module._compile (node:internal/modules/cjs/loader:1730:14)
    at Object..js (node:internal/modules/cjs/loader:1895:10)
    at Module.load (node:internal/modules/cjs/loader:1465:32)
    at Function._load (node:internal/modules/cjs/loader:1282:12)
    at TracingChannel.traceSync (node:diagnostics_channel:322:14)
    at wrapModuleLoad (node:internal/modules/cjs/loader:235:24)
    at Module.<anonymous> (node:internal/modules/cjs/loader:1487:12)
    at Hook._require.Module.require (C:\Users\user\OneDrive\Desktop\CRM\backend\node_modules\require-in-the-middle\index.js:101:39)
    at require (node:internal/modules/helpers:135:16)
    at Object.<anonymous> (C:\Users\user\OneDrive\Desktop\CRM\backend\routes\leads.js:7:25)
    at Module._compile (node:internal/modules/cjs/loader:1730:14)
    at Object..js (node:internal/modules/cjs/loader:1895:10)
    at Module.load (node:internal/modules/cjs/loader:1465:32)
    at Function._load (node:internal/modules/cjs/loader:1282:12)
    at TracingChannel.traceSync (node:diagnostics_channel:322:14)
TypeError: CloudinaryStorage is not a constructor
    at Object.<anonymous> (C:\Users\user\OneDrive\Desktop\CRM\backend\services\cloudinary.js:13:21)
    at Module._compile (node:internal/modules/cjs/loader:1730:14)
    at Object..js (node:internal/modules/cjs/loader:1895:10)
    at Module.load (node:internal/modules/cjs/loader:1465:32)
    at Function._load (node:internal/modules/cjs/loader:1282:12)
    at TracingChannel.traceSync (node:diagnostics_channel:322:14)
    at wrapModuleLoad (node:internal/modules/cjs/loader:235:24)
    at Module.<anonymous> (node:internal/modules/cjs/loader:1487:12)
    at Hook._require.Module.require (C:\Users\user\OneDrive\Desktop\CRM\backend\node_modules\require-in-the-middle\index.js:101:39)
    at require (node:internal/modules/helpers:135:16)
    at Object.<anonymous> (C:\Users\user\OneDrive\Desktop\CRM\backend\routes\leads.js:7:25)
    at Module._compile (node:internal/modules/cjs/loader:1730:14)
    at Object..js (node:internal/modules/cjs/loader:1895:10)
    at Module.load (node:internal/modules/cjs/loader:1465:32)
    at Function._load (node:internal/modules/cjs/loader:1282:12)
    at TracingChannel.traceSync (node:diagnostics_channel:322:14)
TypeError: CloudinaryStorage is not a constructor
    at Object.<anonymous> (C:\Users\user\OneDrive\Desktop\CRM\backend\services\cloudinary.js:13:21)
    at Module._compile (node:internal/modules/cjs/loader:1730:14)
    at Object..js (node:internal/modules/cjs/loader:1895:10)
    at Module.load (node:internal/modules/cjs/loader:1465:32)
    at Function._load (node:internal/modules/cjs/loader:1282:12)
    at TracingChannel.traceSync (node:diagnostics_channel:322:14)
    at wrapModuleLoad (node:internal/modules/cjs/loader:235:24)
    at Module.<anonymous> (node:internal/modules/cjs/loader:1487:12)
    at Hook._require.Module.require (C:\Users\user\OneDrive\Desktop\CRM\backend\node_modules\require-in-the-middle\index.js:101:39)
    at require (node:internal/modules/helpers:135:16)
    at Object.<anonymous> (C:\Users\user\OneDrive\Desktop\CRM\backend\routes\leads.js:7:25)
    at Module._compile (node:internal/modules/cjs/loader:1730:14)
    at Object..js (node:internal/modules/cjs/loader:1895:10)
    at Module.load (node:internal/modules/cjs/loader:1465:32)
    at Function._load (node:internal/modules/cjs/loader:1282:12)
    at TracingChannel.traceSync (node:diagnostics_channel:322:14)
TypeError: CloudinaryStorage is not a constructor
    at Object.<anonymous> (C:\Users\user\OneDrive\Desktop\CRM\backend\services\cloudinary.js:13:21)
    at Module._compile (node:internal/modules/cjs/loader:1730:14)
    at Object..js (node:internal/modules/cjs/loader:1895:10)
    at Module.load (node:internal/modules/cjs/loader:1465:32)
    at Function._load (node:internal/modules/cjs/loader:1282:12)
    at TracingChannel.traceSync (node:diagnostics_channel:322:14)
    at wrapModuleLoad (node:internal/modules/cjs/loader:235:24)
    at Module.<anonymous> (node:internal/modules/cjs/loader:1487:12)
    at Hook._require.Module.require (C:\Users\user\OneDrive\Desktop\CRM\backend\node_modules\require-in-the-middle\index.js:101:39)
    at require (node:internal/modules/helpers:135:16)
    at Object.<anonymous> (C:\Users\user\OneDrive\Desktop\CRM\backend\routes\leads.js:7:25)
    at Module._compile (node:internal/modules/cjs/loader:1730:14)
    at Object..js (node:internal/modules/cjs/loader:1895:10)
    at Module.load (node:internal/modules/cjs/loader:1465:32)
    at Function._load (node:internal/modules/cjs/loader:1282:12)
    at TracingChannel.traceSync (node:diagnostics_channel:322:14)
TypeError: CloudinaryStorage is not a constructor
    at Object.<anonymous> (C:\Users\user\OneDrive\Desktop\CRM\backend\services\cloudinary.js:13:21)
    at Module._compile (node:internal/modules/cjs/loader:1730:14)
    at Object..js (node:internal/modules/cjs/loader:1895:10)
    at Module.load (node:internal/modules/cjs/loader:1465:32)
    at Function._load (node:internal/modules/cjs/loader:1282:12)
    at TracingChannel.traceSync (node:diagnostics_channel:322:14)
    at wrapModuleLoad (node:internal/modules/cjs/loader:235:24)
    at Module.<anonymous> (node:internal/modules/cjs/loader:1487:12)
    at Hook._require.Module.require (C:\Users\user\OneDrive\Desktop\CRM\backend\node_modules\require-in-the-middle\index.js:101:39)
    at require (node:internal/modules/helpers:135:16)
    at Object.<anonymous> (C:\Users\user\OneDrive\Desktop\CRM\backend\routes\leads.js:7:25)
    at Module._compile (node:internal/modules/cjs/loader:1730:14)
    at Object..js (node:internal/modules/cjs/loader:1895:10)
    at Module.load (node:internal/modules/cjs/loader:1465:32)
    at Function._load (node:internal/modules/cjs/loader:1282:12)
    at TracingChannel.traceSync (node:diagnostics_channel:322:14)
TypeError: CloudinaryStorage is not a constructor
    at Object.<anonymous> (C:\Users\user\OneDrive\Desktop\CRM\backend\services\cloudinary.js:13:21)
    at Module._compile (node:internal/modules/cjs/loader:1730:14)
    at Object..js (node:internal/modules/cjs/loader:1895:10)
    at Module.load (node:internal/modules/cjs/loader:1465:32)
    at Function._load (node:internal/modules/cjs/loader:1282:12)
    at TracingChannel.traceSync (node:diagnostics_channel:322:14)
    at wrapModuleLoad (node:internal/modules/cjs/loader:235:24)
    at Module.<anonymous> (node:internal/modules/cjs/loader:1487:12)
    at Hook._require.Module.require (C:\Users\user\OneDrive\Desktop\CRM\backend\node_modules\require-in-the-middle\index.js:101:39)
    at require (node:internal/modules/helpers:135:16)
    at Object.<anonymous> (C:\Users\user\OneDrive\Desktop\CRM\backend\routes\leads.js:7:25)
    at Module._compile (node:internal/modules/cjs/loader:1730:14)
    at Object..js (node:internal/modules/cjs/loader:1895:10)
    at Module.load (node:internal/modules/cjs/loader:1465:32)
    at Function._load (node:internal/modules/cjs/loader:1282:12)
    at TracingChannel.traceSync (node:diagnostics_channel:322:14)
TypeError: CloudinaryStorage is not a constructor
    at Object.<anonymous> (C:\Users\user\OneDrive\Desktop\CRM\backend\services\cloudinary.js:13:21)
    at Module._compile (node:internal/modules/cjs/loader:1730:14)
    at Object..js (node:internal/modules/cjs/loader:1895:10)
    at Module.load (node:internal/modules/cjs/loader:1465:32)
    at Function._load (node:internal/modules/cjs/loader:1282:12)
    at TracingChannel.traceSync (node:diagnostics_channel:322:14)
    at wrapModuleLoad (node:internal/modules/cjs/loader:235:24)
    at Module.<anonymous> (node:internal/modules/cjs/loader:1487:12)
    at Hook._require.Module.require (C:\Users\user\OneDrive\Desktop\CRM\backend\node_modules\require-in-the-middle\index.js:101:39)
    at require (node:internal/modules/helpers:135:16)
    at Object.<anonymous> (C:\Users\user\OneDrive\Desktop\CRM\backend\routes\leads.js:7:25)
    at Module._compile (node:internal/modules/cjs/loader:1730:14)
    at Object..js (node:internal/modules/cjs/loader:1895:10)
    at Module.load (node:internal/modules/cjs/loader:1465:32)
    at Function._load (node:internal/modules/cjs/loader:1282:12)
    at TracingChannel.traceSync (node:diagnostics_channel:322:14)
TypeError: CloudinaryStorage is not a constructor
    at Object.<anonymous> (C:\Users\user\OneDrive\Desktop\CRM\backend\services\cloudinary.js:13:21)
    at Module._compile (node:internal/modules/cjs/loader:1730:14)
    at Object..js (node:internal/modules/cjs/loader:1895:10)
    at Module.load (node:internal/modules/cjs/loader:1465:32)
    at Function._load (node:internal/modules/cjs/loader:1282:12)
    at TracingChannel.traceSync (node:diagnostics_channel:322:14)
    at wrapModuleLoad (node:internal/modules/cjs/loader:235:24)
    at Module.<anonymous> (node:internal/modules/cjs/loader:1487:12)
    at Hook._require.Module.require (C:\Users\user\OneDrive\Desktop\CRM\backend\node_modules\require-in-the-middle\index.js:101:39)
    at require (node:internal/modules/helpers:135:16)
    at Object.<anonymous> (C:\Users\user\OneDrive\Desktop\CRM\backend\routes\leads.js:7:25)
    at Module._compile (node:internal/modules/cjs/loader:1730:14)
    at Object..js (node:internal/modules/cjs/loader:1895:10)
    at Module.load (node:internal/modules/cjs/loader:1465:32)
    at Function._load (node:internal/modules/cjs/loader:1282:12)
    at TracingChannel.traceSync (node:diagnostics_channel:322:14)
TypeError: CloudinaryStorage is not a constructor
    at Object.<anonymous> (C:\Users\user\OneDrive\Desktop\CRM\backend\services\cloudinary.js:13:21)
    at Module._compile (node:internal/modules/cjs/loader:1730:14)
    at Object..js (node:internal/modules/cjs/loader:1895:10)
    at Module.load (node:internal/modules/cjs/loader:1465:32)
    at Function._load (node:internal/modules/cjs/loader:1282:12)
    at TracingChannel.traceSync (node:diagnostics_channel:322:14)
    at wrapModuleLoad (node:internal/modules/cjs/loader:235:24)
    at Module.<anonymous> (node:internal/modules/cjs/loader:1487:12)
    at Hook._require.Module.require (C:\Users\user\OneDrive\Desktop\CRM\backend\node_modules\require-in-the-middle\index.js:101:39)
    at require (node:internal/modules/helpers:135:16)
    at Object.<anonymous> (C:\Users\user\OneDrive\Desktop\CRM\backend\routes\leads.js:7:25)
    at Module._compile (node:internal/modules/cjs/loader:1730:14)
    at Object..js (node:internal/modules/cjs/loader:1895:10)
    at Module.load (node:internal/modules/cjs/loader:1465:32)
    at Function._load (node:internal/modules/cjs/loader:1282:12)
    at TracingChannel.traceSync (node:diagnostics_channel:322:14)
TypeError: CloudinaryStorage is not a constructor
    at Object.<anonymous> (C:\Users\user\OneDrive\Desktop\CRM\backend\services\cloudinary.js:13:21)
    at Module._compile (node:internal/modules/cjs/loader:1730:14)
    at Object..js (node:internal/modules/cjs/loader:1895:10)
    at Module.load (node:internal/modules/cjs/loader:1465:32)
    at Function._load (node:internal/modules/cjs/loader:1282:12)
    at TracingChannel.traceSync (node:diagnostics_channel:322:14)
    at wrapModuleLoad (node:internal/modules/cjs/loader:235:24)
    at Module.<anonymous> (node:internal/modules/cjs/loader:1487:12)
    at Hook._require.Module.require (C:\Users\user\OneDrive\Desktop\CRM\backend\node_modules\require-in-the-middle\index.js:101:39)
    at require (node:internal/modules/helpers:135:16)
    at Object.<anonymous> (C:\Users\user\OneDrive\Desktop\CRM\backend\routes\leads.js:7:25)
    at Module._compile (node:internal/modules/cjs/loader:1730:14)
    at Object..js (node:internal/modules/cjs/loader:1895:10)
    at Module.load (node:internal/modules/cjs/loader:1465:32)
    at Function._load (node:internal/modules/cjs/loader:1282:12)
    at TracingChannel.traceSync (node:diagnostics_channel:322:14)
TypeError: CloudinaryStorage is not a constructor
    at Object.<anonymous> (C:\Users\user\OneDrive\Desktop\CRM\backend\services\cloudinary.js:13:21)
    at Module._compile (node:internal/modules/cjs/loader:1730:14)
    at Object..js (node:internal/modules/cjs/loader:1895:10)
    at Module.load (node:internal/modules/cjs/loader:1465:32)
    at Function._load (node:internal/modules/cjs/loader:1282:12)
    at TracingChannel.traceSync (node:diagnostics_channel:322:14)
    at wrapModuleLoad (node:internal/modules/cjs/loader:235:24)
    at Module.<anonymous> (node:internal/modules/cjs/loader:1487:12)
    at Hook._require.Module.require (C:\Users\user\OneDrive\Desktop\CRM\backend\node_modules\require-in-the-middle\index.js:101:39)
    at require (node:internal/modules/helpers:135:16)
    at Object.<anonymous> (C:\Users\user\OneDrive\Desktop\CRM\backend\routes\leads.js:7:25)
    at Module._compile (node:internal/modules/cjs/loader:1730:14)
    at Object..js (node:internal/modules/cjs/loader:1895:10)
    at Module.load (node:internal/modules/cjs/loader:1465:32)
    at Function._load (node:internal/modules/cjs/loader:1282:12)
    at TracingChannel.traceSync (node:diagnostics_channel:322:14)
TypeError: CloudinaryStorage is not a constructor
    at Object.<anonymous> (C:\Users\user\OneDrive\Desktop\CRM\backend\services\cloudinary.js:13:21)
    at Module._compile (node:internal/modules/cjs/loader:1730:14)
    at Object..js (node:internal/modules/cjs/loader:1895:10)
    at Module.load (node:internal/modules/cjs/loader:1465:32)
    at Function._load (node:internal/modules/cjs/loader:1282:12)
    at TracingChannel.traceSync (node:diagnostics_channel:322:14)
    at wrapModuleLoad (node:internal/modules/cjs/loader:235:24)
    at Module.<anonymous> (node:internal/modules/cjs/loader:1487:12)
    at Hook._require.Module.require (C:\Users\user\OneDrive\Desktop\CRM\backend\node_modules\require-in-the-middle\index.js:101:39)
    at require (node:internal/modules/helpers:135:16)
    at Object.<anonymous> (C:\Users\user\OneDrive\Desktop\CRM\backend\routes\leads.js:7:25)
    at Module._compile (node:internal/modules/cjs/loader:1730:14)
    at Object..js (node:internal/modules/cjs/loader:1895:10)
    at Module.load (node:internal/modules/cjs/loader:1465:32)
    at Function._load (node:internal/modules/cjs/loader:1282:12)
    at TracingChannel.traceSync (node:diagnostics_channel:322:14)
TypeError: CloudinaryStorage is not a constructor
    at Object.<anonymous> (C:\Users\user\OneDrive\Desktop\CRM\backend\services\cloudinary.js:13:21)
    at Module._compile (node:internal/modules/cjs/loader:1730:14)
    at Object..js (node:internal/modules/cjs/loader:1895:10)
    at Module.load (node:internal/modules/cjs/loader:1465:32)
    at Function._load (node:internal/modules/cjs/loader:1282:12)
    at TracingChannel.traceSync (node:diagnostics_channel:322:14)
    at wrapModuleLoad (node:internal/modules/cjs/loader:235:24)
    at Module.<anonymous> (node:internal/modules/cjs/loader:1487:12)
    at Hook._require.Module.require (C:\Users\user\OneDrive\Desktop\CRM\backend\node_modules\require-in-the-middle\index.js:101:39)
    at require (node:internal/modules/helpers:135:16)
    at Object.<anonymous> (C:\Users\user\OneDrive\Desktop\CRM\backend\routes\leads.js:7:25)
    at Module._compile (node:internal/modules/cjs/loader:1730:14)
    at Object..js (node:internal/modules/cjs/loader:1895:10)
    at Module.load (node:internal/modules/cjs/loader:1465:32)
    at Function._load (node:internal/modules/cjs/loader:1282:12)
    at TracingChannel.traceSync (node:diagnostics_channel:322:14)
TypeError: CloudinaryStorage is not a constructor
    at Object.<anonymous> (C:\Users\user\OneDrive\Desktop\CRM\backend\services\cloudinary.js:13:21)
    at Module._compile (node:internal/modules/cjs/loader:1730:14)
    at Object..js (node:internal/modules/cjs/loader:1895:10)
    at Module.load (node:internal/modules/cjs/loader:1465:32)
    at Function._load (node:internal/modules/cjs/loader:1282:12)
    at TracingChannel.traceSync (node:diagnostics_channel:322:14)
    at wrapModuleLoad (node:internal/modules/cjs/loader:235:24)
    at Module.<anonymous> (node:internal/modules/cjs/loader:1487:12)
    at Hook._require.Module.require (C:\Users\user\OneDrive\Desktop\CRM\backend\node_modules\require-in-the-middle\index.js:101:39)
    at require (node:internal/modules/helpers:135:16)
    at Object.<anonymous> (C:\Users\user\OneDrive\Desktop\CRM\backend\routes\leads.js:7:25)
    at Module._compile (node:internal/modules/cjs/loader:1730:14)
    at Object..js (node:internal/modules/cjs/loader:1895:10)
    at Module.load (node:internal/modules/cjs/loader:1465:32)
    at Function._load (node:internal/modules/cjs/loader:1282:12)
    at TracingChannel.traceSync (node:diagnostics_channel:322:14)
TypeError: CloudinaryStorage is not a constructor
    at Object.<anonymous> (C:\Users\user\OneDrive\Desktop\CRM\backend\services\cloudinary.js:13:21)
    at Module._compile (node:internal/modules/cjs/loader:1730:14)
    at Object..js (node:internal/modules/cjs/loader:1895:10)
    at Module.load (node:internal/modules/cjs/loader:1465:32)
    at Function._load (node:internal/modules/cjs/loader:1282:12)
    at TracingChannel.traceSync (node:diagnostics_channel:322:14)
    at wrapModuleLoad (node:internal/modules/cjs/loader:235:24)
    at Module.<anonymous> (node:internal/modules/cjs/loader:1487:12)
    at Hook._require.Module.require (C:\Users\user\OneDrive\Desktop\CRM\backend\node_modules\require-in-the-middle\index.js:101:39)
    at require (node:internal/modules/helpers:135:16)
    at Object.<anonymous> (C:\Users\user\OneDrive\Desktop\CRM\backend\routes\leads.js:7:25)
    at Module._compile (node:internal/modules/cjs/loader:1730:14)
    at Object..js (node:internal/modules/cjs/loader:1895:10)
    at Module.load (node:internal/modules/cjs/loader:1465:32)
    at Function._load (node:internal/modules/cjs/loader:1282:12)
    at TracingChannel.traceSync (node:diagnostics_channel:322:14)
TypeError: CloudinaryStorage is not a constructor
    at Object.<anonymous> (C:\Users\user\OneDrive\Desktop\CRM\backend\services\cloudinary.js:13:21)
    at Module._compile (node:internal/modules/cjs/loader:1730:14)
    at Object..js (node:internal/modules/cjs/loader:1895:10)
    at Module.load (node:internal/modules/cjs/loader:1465:32)
    at Function._load (node:internal/modules/cjs/loader:1282:12)
    at TracingChannel.traceSync (node:diagnostics_channel:322:14)
    at wrapModuleLoad (node:internal/modules/cjs/loader:235:24)
    at Module.<anonymous> (node:internal/modules/cjs/loader:1487:12)
    at Hook._require.Module.require (C:\Users\user\OneDrive\Desktop\CRM\backend\node_modules\require-in-the-middle\index.js:101:39)
    at require (node:internal/modules/helpers:135:16)
    at Object.<anonymous> (C:\Users\user\OneDrive\Desktop\CRM\backend\routes\leads.js:7:25)
    at Module._compile (node:internal/modules/cjs/loader:1730:14)
    at Object..js (node:internal/modules/cjs/loader:1895:10)
    at Module.load (node:internal/modules/cjs/loader:1465:32)
    at Function._load (node:internal/modules/cjs/loader:1282:12)
    at TracingChannel.traceSync (node:diagnostics_channel:322:14)
TypeError: CloudinaryStorage is not a constructor
    at Object.<anonymous> (C:\Users\user\OneDrive\Desktop\CRM\backend\services\cloudinary.js:13:21)
    at Module._compile (node:internal/modules/cjs/loader:1730:14)
    at Object..js (node:internal/modules/cjs/loader:1895:10)
    at Module.load (node:internal/modules/cjs/loader:1465:32)
    at Function._load (node:internal/modules/cjs/loader:1282:12)
    at TracingChannel.traceSync (node:diagnostics_channel:322:14)
    at wrapModuleLoad (node:internal/modules/cjs/loader:235:24)
    at Module.<anonymous> (node:internal/modules/cjs/loader:1487:12)
    at Hook._require.Module.require (C:\Users\user\OneDrive\Desktop\CRM\backend\node_modules\require-in-the-middle\index.js:101:39)
    at require (node:internal/modules/helpers:135:16)
    at Object.<anonymous> (C:\Users\user\OneDrive\Desktop\CRM\backend\routes\leads.js:7:25)
    at Module._compile (node:internal/modules/cjs/loader:1730:14)
    at Object..js (node:internal/modules/cjs/loader:1895:10)
    at Module.load (node:internal/modules/cjs/loader:1465:32)
    at Function._load (node:internal/modules/cjs/loader:1282:12)
    at TracingChannel.traceSync (node:diagnostics_channel:322:14)
TypeError: CloudinaryStorage is not a constructor
    at Object.<anonymous> (C:\Users\user\OneDrive\Desktop\CRM\backend\services\cloudinary.js:13:21)
    at Module._compile (node:internal/modules/cjs/loader:1730:14)
    at Object..js (node:internal/modules/cjs/loader:1895:10)
    at Module.load (node:internal/modules/cjs/loader:1465:32)
    at Function._load (node:internal/modules/cjs/loader:1282:12)
    at TracingChannel.traceSync (node:diagnostics_channel:322:14)
    at wrapModuleLoad (node:internal/modules/cjs/loader:235:24)
    at Module.<anonymous> (node:internal/modules/cjs/loader:1487:12)
    at Hook._require.Module.require (C:\Users\user\OneDrive\Desktop\CRM\backend\node_modules\require-in-the-middle\index.js:101:39)
    at require (node:internal/modules/helpers:135:16)
    at Object.<anonymous> (C:\Users\user\OneDrive\Desktop\CRM\backend\routes\leads.js:7:25)
    at Module._compile (node:internal/modules/cjs/loader:1730:14)
    at Object..js (node:internal/modules/cjs/loader:1895:10)
    at Module.load (node:internal/modules/cjs/loader:1465:32)
    at Function._load (node:internal/modules/cjs/loader:1282:12)
    at TracingChannel.traceSync (node:diagnostics_channel:322:14)
TypeError: CloudinaryStorage is not a constructor
    at Object.<anonymous> (C:\Users\user\OneDrive\Desktop\CRM\backend\services\cloudinary.js:13:21)
    at Module._compile (node:internal/modules/cjs/loader:1730:14)
    at Object..js (node:internal/modules/cjs/loader:1895:10)
    at Module.load (node:internal/modules/cjs/loader:1465:32)
    at Function._load (node:internal/modules/cjs/loader:1282:12)
    at TracingChannel.traceSync (node:diagnostics_channel:322:14)
    at wrapModuleLoad (node:internal/modules/cjs/loader:235:24)
    at Module.<anonymous> (node:internal/modules/cjs/loader:1487:12)
    at Hook._require.Module.require (C:\Users\user\OneDrive\Desktop\CRM\backend\node_modules\require-in-the-middle\index.js:101:39)
    at require (node:internal/modules/helpers:135:16)
    at Object.<anonymous> (C:\Users\user\OneDrive\Desktop\CRM\backend\routes\leads.js:7:25)
    at Module._compile (node:internal/modules/cjs/loader:1730:14)
    at Object..js (node:internal/modules/cjs/loader:1895:10)
    at Module.load (node:internal/modules/cjs/loader:1465:32)
    at Function._load (node:internal/modules/cjs/loader:1282:12)
    at TracingChannel.traceSync (node:diagnostics_channel:322:14)
TypeError: CloudinaryStorage is not a constructor
    at Object.<anonymous> (C:\Users\user\OneDrive\Desktop\CRM\backend\services\cloudinary.js:13:21)
    at Module._compile (node:internal/modules/cjs/loader:1730:14)
    at Object..js (node:internal/modules/cjs/loader:1895:10)
    at Module.load (node:internal/modules/cjs/loader:1465:32)
    at Function._load (node:internal/modules/cjs/loader:1282:12)
    at TracingChannel.traceSync (node:diagnostics_channel:322:14)
    at wrapModuleLoad (node:internal/modules/cjs/loader:235:24)
    at Module.<anonymous> (node:internal/modules/cjs/loader:1487:12)
    at Hook._require.Module.require (C:\Users\user\OneDrive\Desktop\CRM\backend\node_modules\require-in-the-middle\index.js:101:39)
    at require (node:internal/modules/helpers:135:16)
    at Object.<anonymous> (C:\Users\user\OneDrive\Desktop\CRM\backend\routes\leads.js:7:25)
    at Module._compile (node:internal/modules/cjs/loader:1730:14)
    at Object..js (node:internal/modules/cjs/loader:1895:10)
    at Module.load (node:internal/modules/cjs/loader:1465:32)
    at Function._load (node:internal/modules/cjs/loader:1282:12)
    at TracingChannel.traceSync (node:diagnostics_channel:322:14)
TypeError: CloudinaryStorage is not a constructor
    at Object.<anonymous> (C:\Users\user\OneDrive\Desktop\CRM\backend\services\cloudinary.js:13:21)
    at Module._compile (node:internal/modules/cjs/loader:1730:14)
    at Object..js (node:internal/modules/cjs/loader:1895:10)
    at Module.load (node:internal/modules/cjs/loader:1465:32)
    at Function._load (node:internal/modules/cjs/loader:1282:12)
    at TracingChannel.traceSync (node:diagnostics_channel:322:14)
    at wrapModuleLoad (node:internal/modules/cjs/loader:235:24)
    at Module.<anonymous> (node:internal/modules/cjs/loader:1487:12)
    at Hook._require.Module.require (C:\Users\user\OneDrive\Desktop\CRM\backend\node_modules\require-in-the-middle\index.js:101:39)
    at require (node:internal/modules/helpers:135:16)
    at Object.<anonymous> (C:\Users\user\OneDrive\Desktop\CRM\backend\routes\leads.js:7:25)
    at Module._compile (node:internal/modules/cjs/loader:1730:14)
    at Object..js (node:internal/modules/cjs/loader:1895:10)
    at Module.load (node:internal/modules/cjs/loader:1465:32)
    at Function._load (node:internal/modules/cjs/loader:1282:12)
    at TracingChannel.traceSync (node:diagnostics_channel:322:14)
TypeError: CloudinaryStorage is not a constructor
    at Object.<anonymous> (C:\Users\user\OneDrive\Desktop\CRM\backend\services\cloudinary.js:13:21)
    at Module._compile (node:internal/modules/cjs/loader:1730:14)
    at Object..js (node:internal/modules/cjs/loader:1895:10)
    at Module.load (node:internal/modules/cjs/loader:1465:32)
    at Function._load (node:internal/modules/cjs/loader:1282:12)
    at TracingChannel.traceSync (node:diagnostics_channel:322:14)
    at wrapModuleLoad (node:internal/modules/cjs/loader:235:24)
    at Module.<anonymous> (node:internal/modules/cjs/loader:1487:12)
    at Hook._require.Module.require (C:\Users\user\OneDrive\Desktop\CRM\backend\node_modules\require-in-the-middle\index.js:101:39)
    at require (node:internal/modules/helpers:135:16)
    at Object.<anonymous> (C:\Users\user\OneDrive\Desktop\CRM\backend\routes\leads.js:7:25)
    at Module._compile (node:internal/modules/cjs/loader:1730:14)
    at Object..js (node:internal/modules/cjs/loader:1895:10)
    at Module.load (node:internal/modules/cjs/loader:1465:32)
    at Function._load (node:internal/modules/cjs/loader:1282:12)
    at TracingChannel.traceSync (node:diagnostics_channel:322:14)
TypeError: CloudinaryStorage is not a constructor
    at Object.<anonymous> (C:\Users\user\OneDrive\Desktop\CRM\backend\services\cloudinary.js:13:21)
    at Module._compile (node:internal/modules/cjs/loader:1730:14)
    at Object..js (node:internal/modules/cjs/loader:1895:10)
    at Module.load (node:internal/modules/cjs/loader:1465:32)
    at Function._load (node:internal/modules/cjs/loader:1282:12)
    at TracingChannel.traceSync (node:diagnostics_channel:322:14)
    at wrapModuleLoad (node:internal/modules/cjs/loader:235:24)
    at Module.<anonymous> (node:internal/modules/cjs/loader:1487:12)
    at Hook._require.Module.require (C:\Users\user\OneDrive\Desktop\CRM\backend\node_modules\require-in-the-middle\index.js:101:39)
    at require (node:internal/modules/helpers:135:16)
    at Object.<anonymous> (C:\Users\user\OneDrive\Desktop\CRM\backend\routes\leads.js:7:25)
    at Module._compile (node:internal/modules/cjs/loader:1730:14)
    at Object..js (node:internal/modules/cjs/loader:1895:10)
    at Module.load (node:internal/modules/cjs/loader:1465:32)
    at Function._load (node:internal/modules/cjs/loader:1282:12)
    at TracingChannel.traceSync (node:diagnostics_channel:322:14)
TypeError: CloudinaryStorage is not a constructor
    at Object.<anonymous> (C:\Users\user\OneDrive\Desktop\CRM\backend\services\cloudinary.js:13:21)
    at Module._compile (node:internal/modules/cjs/loader:1730:14)
    at Object..js (node:internal/modules/cjs/loader:1895:10)
    at Module.load (node:internal/modules/cjs/loader:1465:32)
    at Function._load (node:internal/modules/cjs/loader:1282:12)
    at TracingChannel.traceSync (node:diagnostics_channel:322:14)
    at wrapModuleLoad (node:internal/modules/cjs/loader:235:24)
    at Module.<anonymous> (node:internal/modules/cjs/loader:1487:12)
    at Hook._require.Module.require (C:\Users\user\OneDrive\Desktop\CRM\backend\node_modules\require-in-the-middle\index.js:101:39)
    at require (node:internal/modules/helpers:135:16)
    at Object.<anonymous> (C:\Users\user\OneDrive\Desktop\CRM\backend\routes\leads.js:7:25)
    at Module._compile (node:internal/modules/cjs/loader:1730:14)
    at Object..js (node:internal/modules/cjs/loader:1895:10)
    at Module.load (node:internal/modules/cjs/loader:1465:32)
    at Function._load (node:internal/modules/cjs/loader:1282:12)
    at TracingChannel.traceSync (node:diagnostics_channel:322:14)
TypeError: CloudinaryStorage is not a constructor
    at Object.<anonymous> (C:\Users\user\OneDrive\Desktop\CRM\backend\services\cloudinary.js:13:21)
    at Module._compile (node:internal/modules/cjs/loader:1730:14)
    at Object..js (node:internal/modules/cjs/loader:1895:10)
    at Module.load (node:internal/modules/cjs/loader:1465:32)
    at Function._load (node:internal/modules/cjs/loader:1282:12)
    at TracingChannel.traceSync (node:diagnostics_channel:322:14)
    at wrapModuleLoad (node:internal/modules/cjs/loader:235:24)
    at Module.<anonymous> (node:internal/modules/cjs/loader:1487:12)
    at Hook._require.Module.require (C:\Users\user\OneDrive\Desktop\CRM\backend\node_modules\require-in-the-middle\index.js:101:39)
    at require (node:internal/modules/helpers:135:16)
    at Object.<anonymous> (C:\Users\user\OneDrive\Desktop\CRM\backend\routes\leads.js:7:25)
    at Module._compile (node:internal/modules/cjs/loader:1730:14)
    at Object..js (node:internal/modules/cjs/loader:1895:10)
    at Module.load (node:internal/modules/cjs/loader:1465:32)
    at Function._load (node:internal/modules/cjs/loader:1282:12)
    at TracingChannel.traceSync (node:diagnostics_channel:322:14)
TypeError: CloudinaryStorage is not a constructor
    at Object.<anonymous> (C:\Users\user\OneDrive\Desktop\CRM\backend\services\cloudinary.js:13:21)
    at Module._compile (node:internal/modules/cjs/loader:1730:14)
    at Object..js (node:internal/modules/cjs/loader:1895:10)
    at Module.load (node:internal/modules/cjs/loader:1465:32)
    at Function._load (node:internal/modules/cjs/loader:1282:12)
    at TracingChannel.traceSync (node:diagnostics_channel:322:14)
    at wrapModuleLoad (node:internal/modules/cjs/loader:235:24)
    at Module.<anonymous> (node:internal/modules/cjs/loader:1487:12)
    at Hook._require.Module.require (C:\Users\user\OneDrive\Desktop\CRM\backend\node_modules\require-in-the-middle\index.js:101:39)
    at require (node:internal/modules/helpers:135:16)
    at Object.<anonymous> (C:\Users\user\OneDrive\Desktop\CRM\backend\routes\leads.js:7:25)
    at Module._compile (node:internal/modules/cjs/loader:1730:14)
    at Object..js (node:internal/modules/cjs/loader:1895:10)
    at Module.load (node:internal/modules/cjs/loader:1465:32)
    at Function._load (node:internal/modules/cjs/loader:1282:12)
    at TracingChannel.traceSync (node:diagnostics_channel:322:14)
TypeError: CloudinaryStorage is not a constructor
    at Object.<anonymous> (C:\Users\user\OneDrive\Desktop\CRM\backend\services\cloudinary.js:13:21)
    at Module._compile (node:internal/modules/cjs/loader:1730:14)
    at Object..js (node:internal/modules/cjs/loader:1895:10)
    at Module.load (node:internal/modules/cjs/loader:1465:32)
    at Function._load (node:internal/modules/cjs/loader:1282:12)
    at TracingChannel.traceSync (node:diagnostics_channel:322:14)
    at wrapModuleLoad (node:internal/modules/cjs/loader:235:24)
    at Module.<anonymous> (node:internal/modules/cjs/loader:1487:12)
    at Hook._require.Module.require (C:\Users\user\OneDrive\Desktop\CRM\backend\node_modules\require-in-the-middle\index.js:101:39)
    at require (node:internal/modules/helpers:135:16)
    at Object.<anonymous> (C:\Users\user\OneDrive\Desktop\CRM\backend\routes\leads.js:7:25)
    at Module._compile (node:internal/modules/cjs/loader:1730:14)
    at Object..js (node:internal/modules/cjs/loader:1895:10)
    at Module.load (node:internal/modules/cjs/loader:1465:32)
    at Function._load (node:internal/modules/cjs/loader:1282:12)
    at TracingChannel.traceSync (node:diagnostics_channel:322:14)
TypeError: CloudinaryStorage is not a constructor
    at Object.<anonymous> (C:\Users\user\OneDrive\Desktop\CRM\backend\services\cloudinary.js:13:21)
    at Module._compile (node:internal/modules/cjs/loader:1730:14)
    at Object..js (node:internal/modules/cjs/loader:1895:10)
    at Module.load (node:internal/modules/cjs/loader:1465:32)
    at Function._load (node:internal/modules/cjs/loader:1282:12)
    at TracingChannel.traceSync (node:diagnostics_channel:322:14)
    at wrapModuleLoad (node:internal/modules/cjs/loader:235:24)
    at Module.<anonymous> (node:internal/modules/cjs/loader:1487:12)
    at Hook._require.Module.require (C:\Users\user\OneDrive\Desktop\CRM\backend\node_modules\require-in-the-middle\index.js:101:39)
    at require (node:internal/modules/helpers:135:16)
    at Object.<anonymous> (C:\Users\user\OneDrive\Desktop\CRM\backend\routes\leads.js:7:25)
    at Module._compile (node:internal/modules/cjs/loader:1730:14)
    at Object..js (node:internal/modules/cjs/loader:1895:10)
    at Module.load (node:internal/modules/cjs/loader:1465:32)
    at Function._load (node:internal/modules/cjs/loader:1282:12)
    at TracingChannel.traceSync (node:diagnostics_channel:322:14)
TypeError: CloudinaryStorage is not a constructor
    at Object.<anonymous> (C:\Users\user\OneDrive\Desktop\CRM\backend\services\cloudinary.js:13:21)
    at Module._compile (node:internal/modules/cjs/loader:1730:14)
    at Object..js (node:internal/modules/cjs/loader:1895:10)
    at Module.load (node:internal/modules/cjs/loader:1465:32)
    at Function._load (node:internal/modules/cjs/loader:1282:12)
    at TracingChannel.traceSync (node:diagnostics_channel:322:14)
    at wrapModuleLoad (node:internal/modules/cjs/loader:235:24)
    at Module.<anonymous> (node:internal/modules/cjs/loader:1487:12)
    at Hook._require.Module.require (C:\Users\user\OneDrive\Desktop\CRM\backend\node_modules\require-in-the-middle\index.js:101:39)
    at require (node:internal/modules/helpers:135:16)
    at Object.<anonymous> (C:\Users\user\OneDrive\Desktop\CRM\backend\routes\leads.js:7:25)
    at Module._compile (node:internal/modules/cjs/loader:1730:14)
    at Object..js (node:internal/modules/cjs/loader:1895:10)
    at Module.load (node:internal/modules/cjs/loader:1465:32)
    at Function._load (node:internal/modules/cjs/loader:1282:12)
    at TracingChannel.traceSync (node:diagnostics_channel:322:14)
TypeError: CloudinaryStorage is not a constructor
    at Object.<anonymous> (C:\Users\user\OneDrive\Desktop\CRM\backend\services\cloudinary.js:13:21)
    at Module._compile (node:internal/modules/cjs/loader:1730:14)
    at Object..js (node:internal/modules/cjs/loader:1895:10)
    at Module.load (node:internal/modules/cjs/loader:1465:32)
    at Function._load (node:internal/modules/cjs/loader:1282:12)
    at TracingChannel.traceSync (node:diagnostics_channel:322:14)
    at wrapModuleLoad (node:internal/modules/cjs/loader:235:24)
    at Module.<anonymous> (node:internal/modules/cjs/loader:1487:12)
    at Hook._require.Module.require (C:\Users\user\OneDrive\Desktop\CRM\backend\node_modules\require-in-the-middle\index.js:101:39)
    at require (node:internal/modules/helpers:135:16)
    at Object.<anonymous> (C:\Users\user\OneDrive\Desktop\CRM\backend\routes\leads.js:7:25)
    at Module._compile (node:internal/modules/cjs/loader:1730:14)
    at Object..js (node:internal/modules/cjs/loader:1895:10)
    at Module.load (node:internal/modules/cjs/loader:1465:32)
    at Function._load (node:internal/modules/cjs/loader:1282:12)
    at TracingChannel.traceSync (node:diagnostics_channel:322:14)
TypeError: CloudinaryStorage is not a constructor
    at Object.<anonymous> (C:\Users\user\OneDrive\Desktop\CRM\backend\services\cloudinary.js:13:21)
    at Module._compile (node:internal/modules/cjs/loader:1730:14)
    at Object..js (node:internal/modules/cjs/loader:1895:10)
    at Module.load (node:internal/modules/cjs/loader:1465:32)
    at Function._load (node:internal/modules/cjs/loader:1282:12)
    at TracingChannel.traceSync (node:diagnostics_channel:322:14)
    at wrapModuleLoad (node:internal/modules/cjs/loader:235:24)
    at Module.<anonymous> (node:internal/modules/cjs/loader:1487:12)
    at Hook._require.Module.require (C:\Users\user\OneDrive\Desktop\CRM\backend\node_modules\require-in-the-middle\index.js:101:39)
    at require (node:internal/modules/helpers:135:16)
    at Object.<anonymous> (C:\Users\user\OneDrive\Desktop\CRM\backend\routes\leads.js:7:25)
    at Module._compile (node:internal/modules/cjs/loader:1730:14)
    at Object..js (node:internal/modules/cjs/loader:1895:10)
    at Module.load (node:internal/modules/cjs/loader:1465:32)
    at Function._load (node:internal/modules/cjs/loader:1282:12)
    at TracingChannel.traceSync (node:diagnostics_channel:322:14)
TypeError: CloudinaryStorage is not a constructor
    at Object.<anonymous> (C:\Users\user\OneDrive\Desktop\CRM\backend\services\cloudinary.js:13:21)
    at Module._compile (node:internal/modules/cjs/loader:1730:14)
    at Object..js (node:internal/modules/cjs/loader:1895:10)
    at Module.load (node:internal/modules/cjs/loader:1465:32)
    at Function._load (node:internal/modules/cjs/loader:1282:12)
    at TracingChannel.traceSync (node:diagnostics_channel:322:14)
    at wrapModuleLoad (node:internal/modules/cjs/loader:235:24)
    at Module.<anonymous> (node:internal/modules/cjs/loader:1487:12)
    at Hook._require.Module.require (C:\Users\user\OneDrive\Desktop\CRM\backend\node_modules\require-in-the-middle\index.js:101:39)
    at require (node:internal/modules/helpers:135:16)
    at Object.<anonymous> (C:\Users\user\OneDrive\Desktop\CRM\backend\routes\leads.js:7:25)
    at Module._compile (node:internal/modules/cjs/loader:1730:14)
    at Object..js (node:internal/modules/cjs/loader:1895:10)
    at Module.load (node:internal/modules/cjs/loader:1465:32)
    at Function._load (node:internal/modules/cjs/loader:1282:12)
    at TracingChannel.traceSync (node:diagnostics_channel:322:14)
TypeError: CloudinaryStorage is not a constructor
    at Object.<anonymous> (C:\Users\user\OneDrive\Desktop\CRM\backend\services\cloudinary.js:13:21)
    at Module._compile (node:internal/modules/cjs/loader:1730:14)
    at Object..js (node:internal/modules/cjs/loader:1895:10)
    at Module.load (node:internal/modules/cjs/loader:1465:32)
    at Function._load (node:internal/modules/cjs/loader:1282:12)
    at TracingChannel.traceSync (node:diagnostics_channel:322:14)
    at wrapModuleLoad (node:internal/modules/cjs/loader:235:24)
    at Module.<anonymous> (node:internal/modules/cjs/loader:1487:12)
    at Hook._require.Module.require (C:\Users\user\OneDrive\Desktop\CRM\backend\node_modules\require-in-the-middle\index.js:101:39)
    at require (node:internal/modules/helpers:135:16)
    at Object.<anonymous> (C:\Users\user\OneDrive\Desktop\CRM\backend\routes\leads.js:7:25)
    at Module._compile (node:internal/modules/cjs/loader:1730:14)
    at Object..js (node:internal/modules/cjs/loader:1895:10)
    at Module.load (node:internal/modules/cjs/loader:1465:32)
    at Function._load (node:internal/modules/cjs/loader:1282:12)
    at TracingChannel.traceSync (node:diagnostics_channel:322:14)
TypeError: CloudinaryStorage is not a constructor
    at Object.<anonymous> (C:\Users\user\OneDrive\Desktop\CRM\backend\services\cloudinary.js:13:21)
    at Module._compile (node:internal/modules/cjs/loader:1730:14)
    at Object..js (node:internal/modules/cjs/loader:1895:10)
    at Module.load (node:internal/modules/cjs/loader:1465:32)
    at Function._load (node:internal/modules/cjs/loader:1282:12)
    at TracingChannel.traceSync (node:diagnostics_channel:322:14)
    at wrapModuleLoad (node:internal/modules/cjs/loader:235:24)
    at Module.<anonymous> (node:internal/modules/cjs/loader:1487:12)
    at Hook._require.Module.require (C:\Users\user\OneDrive\Desktop\CRM\backend\node_modules\require-in-the-middle\index.js:101:39)
    at require (node:internal/modules/helpers:135:16)
    at Object.<anonymous> (C:\Users\user\OneDrive\Desktop\CRM\backend\routes\leads.js:7:25)
    at Module._compile (node:internal/modules/cjs/loader:1730:14)
    at Object..js (node:internal/modules/cjs/loader:1895:10)
    at Module.load (node:internal/modules/cjs/loader:1465:32)
    at Function._load (node:internal/modules/cjs/loader:1282:12)
    at TracingChannel.traceSync (node:diagnostics_channel:322:14)
TypeError: CloudinaryStorage is not a constructor
    at Object.<anonymous> (C:\Users\user\OneDrive\Desktop\CRM\backend\services\cloudinary.js:13:21)
    at Module._compile (node:internal/modules/cjs/loader:1730:14)
    at Object..js (node:internal/modules/cjs/loader:1895:10)
    at Module.load (node:internal/modules/cjs/loader:1465:32)
    at Function._load (node:internal/modules/cjs/loader:1282:12)
    at TracingChannel.traceSync (node:diagnostics_channel:322:14)
    at wrapModuleLoad (node:internal/modules/cjs/loader:235:24)
    at Module.<anonymous> (node:internal/modules/cjs/loader:1487:12)
    at Hook._require.Module.require (C:\Users\user\OneDrive\Desktop\CRM\backend\node_modules\require-in-the-middle\index.js:101:39)
    at require (node:internal/modules/helpers:135:16)
    at Object.<anonymous> (C:\Users\user\OneDrive\Desktop\CRM\backend\routes\leads.js:7:25)
    at Module._compile (node:internal/modules/cjs/loader:1730:14)
    at Object..js (node:internal/modules/cjs/loader:1895:10)
    at Module.load (node:internal/modules/cjs/loader:1465:32)
    at Function._load (node:internal/modules/cjs/loader:1282:12)
    at TracingChannel.traceSync (node:diagnostics_channel:322:14)
TypeError: CloudinaryStorage is not a constructor
    at Object.<anonymous> (C:\Users\user\OneDrive\Desktop\CRM\backend\services\cloudinary.js:13:21)
    at Module._compile (node:internal/modules/cjs/loader:1730:14)
    at Object..js (node:internal/modules/cjs/loader:1895:10)
    at Module.load (node:internal/modules/cjs/loader:1465:32)
    at Function._load (node:internal/modules/cjs/loader:1282:12)
    at TracingChannel.traceSync (node:diagnostics_channel:322:14)
    at wrapModuleLoad (node:internal/modules/cjs/loader:235:24)
    at Module.<anonymous> (node:internal/modules/cjs/loader:1487:12)
    at Hook._require.Module.require (C:\Users\user\OneDrive\Desktop\CRM\backend\node_modules\require-in-the-middle\index.js:101:39)
    at require (node:internal/modules/helpers:135:16)
    at Object.<anonymous> (C:\Users\user\OneDrive\Desktop\CRM\backend\routes\leads.js:7:25)
    at Module._compile (node:internal/modules/cjs/loader:1730:14)
    at Object..js (node:internal/modules/cjs/loader:1895:10)
    at Module.load (node:internal/modules/cjs/loader:1465:32)
    at Function._load (node:internal/modules/cjs/loader:1282:12)
    at TracingChannel.traceSync (node:diagnostics_channel:322:14)
TypeError: CloudinaryStorage is not a constructor
    at Object.<anonymous> (C:\Users\user\OneDrive\Desktop\CRM\backend\services\cloudinary.js:13:21)
    at Module._compile (node:internal/modules/cjs/loader:1730:14)
    at Object..js (node:internal/modules/cjs/loader:1895:10)
    at Module.load (node:internal/modules/cjs/loader:1465:32)
    at Function._load (node:internal/modules/cjs/loader:1282:12)
    at TracingChannel.traceSync (node:diagnostics_channel:322:14)
    at wrapModuleLoad (node:internal/modules/cjs/loader:235:24)
    at Module.<anonymous> (node:internal/modules/cjs/loader:1487:12)
    at Hook._require.Module.require (C:\Users\user\OneDrive\Desktop\CRM\backend\node_modules\require-in-the-middle\index.js:101:39)
    at require (node:internal/modules/helpers:135:16)
    at Object.<anonymous> (C:\Users\user\OneDrive\Desktop\CRM\backend\routes\leads.js:7:25)
    at Module._compile (node:internal/modules/cjs/loader:1730:14)
    at Object..js (node:internal/modules/cjs/loader:1895:10)
    at Module.load (node:internal/modules/cjs/loader:1465:32)
    at Function._load (node:internal/modules/cjs/loader:1282:12)
    at TracingChannel.traceSync (node:diagnostics_channel:322:14)
TypeError: CloudinaryStorage is not a constructor
    at Object.<anonymous> (C:\Users\user\OneDrive\Desktop\CRM\backend\services\cloudinary.js:13:21)
    at Module._compile (node:internal/modules/cjs/loader:1730:14)
    at Object..js (node:internal/modules/cjs/loader:1895:10)
    at Module.load (node:internal/modules/cjs/loader:1465:32)
    at Function._load (node:internal/modules/cjs/loader:1282:12)
    at TracingChannel.traceSync (node:diagnostics_channel:322:14)
    at wrapModuleLoad (node:internal/modules/cjs/loader:235:24)
    at Module.<anonymous> (node:internal/modules/cjs/loader:1487:12)
    at Hook._require.Module.require (C:\Users\user\OneDrive\Desktop\CRM\backend\node_modules\require-in-the-middle\index.js:101:39)
    at require (node:internal/modules/helpers:135:16)
    at Object.<anonymous> (C:\Users\user\OneDrive\Desktop\CRM\backend\routes\leads.js:7:25)
    at Module._compile (node:internal/modules/cjs/loader:1730:14)
    at Object..js (node:internal/modules/cjs/loader:1895:10)
    at Module.load (node:internal/modules/cjs/loader:1465:32)
    at Function._load (node:internal/modules/cjs/loader:1282:12)
    at TracingChannel.traceSync (node:diagnostics_channel:322:14)
TypeError: CloudinaryStorage is not a constructor
    at Object.<anonymous> (C:\Users\user\OneDrive\Desktop\CRM\backend\services\cloudinary.js:13:21)
    at Module._compile (node:internal/modules/cjs/loader:1730:14)
    at Object..js (node:internal/modules/cjs/loader:1895:10)
    at Module.load (node:internal/modules/cjs/loader:1465:32)
    at Function._load (node:internal/modules/cjs/loader:1282:12)
    at TracingChannel.traceSync (node:diagnostics_channel:322:14)
    at wrapModuleLoad (node:internal/modules/cjs/loader:235:24)
    at Module.<anonymous> (node:internal/modules/cjs/loader:1487:12)
    at Hook._require.Module.require (C:\Users\user\OneDrive\Desktop\CRM\backend\node_modules\require-in-the-middle\index.js:101:39)
    at require (node:internal/modules/helpers:135:16)
    at Object.<anonymous> (C:\Users\user\OneDrive\Desktop\CRM\backend\routes\leads.js:7:25)
    at Module._compile (node:internal/modules/cjs/loader:1730:14)
    at Object..js (node:internal/modules/cjs/loader:1895:10)
    at Module.load (node:internal/modules/cjs/loader:1465:32)
    at Function._load (node:internal/modules/cjs/loader:1282:12)
    at TracingChannel.traceSync (node:diagnostics_channel:322:14)
TypeError: CloudinaryStorage is not a constructor
    at Object.<anonymous> (C:\Users\user\OneDrive\Desktop\CRM\backend\services\cloudinary.js:13:21)
    at Module._compile (node:internal/modules/cjs/loader:1730:14)
    at Object..js (node:internal/modules/cjs/loader:1895:10)
    at Module.load (node:internal/modules/cjs/loader:1465:32)
    at Function._load (node:internal/modules/cjs/loader:1282:12)
    at TracingChannel.traceSync (node:diagnostics_channel:322:14)
    at wrapModuleLoad (node:internal/modules/cjs/loader:235:24)
    at Module.<anonymous> (node:internal/modules/cjs/loader:1487:12)
    at Hook._require.Module.require (C:\Users\user\OneDrive\Desktop\CRM\backend\node_modules\require-in-the-middle\index.js:101:39)
    at require (node:internal/modules/helpers:135:16)
    at Object.<anonymous> (C:\Users\user\OneDrive\Desktop\CRM\backend\routes\leads.js:7:25)
    at Module._compile (node:internal/modules/cjs/loader:1730:14)
    at Object..js (node:internal/modules/cjs/loader:1895:10)
    at Module.load (node:internal/modules/cjs/loader:1465:32)
    at Function._load (node:internal/modules/cjs/loader:1282:12)
    at TracingChannel.traceSync (node:diagnostics_channel:322:14)
TypeError: CloudinaryStorage is not a constructor
    at Object.<anonymous> (C:\Users\user\OneDrive\Desktop\CRM\backend\services\cloudinary.js:13:21)
    at Module._compile (node:internal/modules/cjs/loader:1730:14)
    at Object..js (node:internal/modules/cjs/loader:1895:10)
    at Module.load (node:internal/modules/cjs/loader:1465:32)
    at Function._load (node:internal/modules/cjs/loader:1282:12)
    at TracingChannel.traceSync (node:diagnostics_channel:322:14)
    at wrapModuleLoad (node:internal/modules/cjs/loader:235:24)
    at Module.<anonymous> (node:internal/modules/cjs/loader:1487:12)
    at Hook._require.Module.require (C:\Users\user\OneDrive\Desktop\CRM\backend\node_modules\require-in-the-middle\index.js:101:39)
    at require (node:internal/modules/helpers:135:16)
    at Object.<anonymous> (C:\Users\user\OneDrive\Desktop\CRM\backend\routes\leads.js:7:25)
    at Module._compile (node:internal/modules/cjs/loader:1730:14)
    at Object..js (node:internal/modules/cjs/loader:1895:10)
    at Module.load (node:internal/modules/cjs/loader:1465:32)
    at Function._load (node:internal/modules/cjs/loader:1282:12)
    at TracingChannel.traceSync (node:diagnostics_channel:322:14)
TypeError: CloudinaryStorage is not a constructor
    at Object.<anonymous> (C:\Users\user\OneDrive\Desktop\CRM\backend\services\cloudinary.js:13:21)
    at Module._compile (node:internal/modules/cjs/loader:1730:14)
    at Object..js (node:internal/modules/cjs/loader:1895:10)
    at Module.load (node:internal/modules/cjs/loader:1465:32)
    at Function._load (node:internal/modules/cjs/loader:1282:12)
    at TracingChannel.traceSync (node:diagnostics_channel:322:14)
    at wrapModuleLoad (node:internal/modules/cjs/loader:235:24)
    at Module.<anonymous> (node:internal/modules/cjs/loader:1487:12)
    at Hook._require.Module.require (C:\Users\user\OneDrive\Desktop\CRM\backend\node_modules\require-in-the-middle\index.js:101:39)
    at require (node:internal/modules/helpers:135:16)
    at Object.<anonymous> (C:\Users\user\OneDrive\Desktop\CRM\backend\routes\leads.js:7:25)
    at Module._compile (node:internal/modules/cjs/loader:1730:14)
    at Object..js (node:internal/modules/cjs/loader:1895:10)
    at Module.load (node:internal/modules/cjs/loader:1465:32)
    at Function._load (node:internal/modules/cjs/loader:1282:12)
    at TracingChannel.traceSync (node:diagnostics_channel:322:14)
TypeError: CloudinaryStorage is not a constructor
    at Object.<anonymous> (C:\Users\user\OneDrive\Desktop\CRM\backend\services\cloudinary.js:13:21)
    at Module._compile (node:internal/modules/cjs/loader:1730:14)
    at Object..js (node:internal/modules/cjs/loader:1895:10)
    at Module.load (node:internal/modules/cjs/loader:1465:32)
    at Function._load (node:internal/modules/cjs/loader:1282:12)
    at TracingChannel.traceSync (node:diagnostics_channel:322:14)
    at wrapModuleLoad (node:internal/modules/cjs/loader:235:24)
    at Module.<anonymous> (node:internal/modules/cjs/loader:1487:12)
    at Hook._require.Module.require (C:\Users\user\OneDrive\Desktop\CRM\backend\node_modules\require-in-the-middle\index.js:101:39)
    at require (node:internal/modules/helpers:135:16)
    at Object.<anonymous> (C:\Users\user\OneDrive\Desktop\CRM\backend\routes\leads.js:7:25)
    at Module._compile (node:internal/modules/cjs/loader:1730:14)
    at Object..js (node:internal/modules/cjs/loader:1895:10)
    at Module.load (node:internal/modules/cjs/loader:1465:32)
    at Function._load (node:internal/modules/cjs/loader:1282:12)
    at TracingChannel.traceSync (node:diagnostics_channel:322:14)
TypeError: CloudinaryStorage is not a constructor
    at Object.<anonymous> (C:\Users\user\OneDrive\Desktop\CRM\backend\services\cloudinary.js:13:21)
    at Module._compile (node:internal/modules/cjs/loader:1730:14)
    at Object..js (node:internal/modules/cjs/loader:1895:10)
    at Module.load (node:internal/modules/cjs/loader:1465:32)
    at Function._load (node:internal/modules/cjs/loader:1282:12)
    at TracingChannel.traceSync (node:diagnostics_channel:322:14)
    at wrapModuleLoad (node:internal/modules/cjs/loader:235:24)
    at Module.<anonymous> (node:internal/modules/cjs/loader:1487:12)
    at Hook._require.Module.require (C:\Users\user\OneDrive\Desktop\CRM\backend\node_modules\require-in-the-middle\index.js:101:39)
    at require (node:internal/modules/helpers:135:16)
    at Object.<anonymous> (C:\Users\user\OneDrive\Desktop\CRM\backend\routes\leads.js:7:25)
    at Module._compile (node:internal/modules/cjs/loader:1730:14)
    at Object..js (node:internal/modules/cjs/loader:1895:10)
    at Module.load (node:internal/modules/cjs/loader:1465:32)
    at Function._load (node:internal/modules/cjs/loader:1282:12)
    at TracingChannel.traceSync (node:diagnostics_channel:322:14)
TypeError: CloudinaryStorage is not a constructor
    at Object.<anonymous> (C:\Users\user\OneDrive\Desktop\CRM\backend\services\cloudinary.js:13:21)
    at Module._compile (node:internal/modules/cjs/loader:1730:14)
    at Object..js (node:internal/modules/cjs/loader:1895:10)
    at Module.load (node:internal/modules/cjs/loader:1465:32)
    at Function._load (node:internal/modules/cjs/loader:1282:12)
    at TracingChannel.traceSync (node:diagnostics_channel:322:14)
    at wrapModuleLoad (node:internal/modules/cjs/loader:235:24)
    at Module.<anonymous> (node:internal/modules/cjs/loader:1487:12)
    at Hook._require.Module.require (C:\Users\user\OneDrive\Desktop\CRM\backend\node_modules\require-in-the-middle\index.js:101:39)
    at require (node:internal/modules/helpers:135:16)
    at Object.<anonymous> (C:\Users\user\OneDrive\Desktop\CRM\backend\routes\leads.js:7:25)
    at Module._compile (node:internal/modules/cjs/loader:1730:14)
    at Object..js (node:internal/modules/cjs/loader:1895:10)
    at Module.load (node:internal/modules/cjs/loader:1465:32)
    at Function._load (node:internal/modules/cjs/loader:1282:12)
    at TracingChannel.traceSync (node:diagnostics_channel:322:14)
TypeError: CloudinaryStorage is not a constructor
    at Object.<anonymous> (C:\Users\user\OneDrive\Desktop\CRM\backend\services\cloudinary.js:13:21)
    at Module._compile (node:internal/modules/cjs/loader:1730:14)
    at Object..js (node:internal/modules/cjs/loader:1895:10)
    at Module.load (node:internal/modules/cjs/loader:1465:32)
    at Function._load (node:internal/modules/cjs/loader:1282:12)
    at TracingChannel.traceSync (node:diagnostics_channel:322:14)
    at wrapModuleLoad (node:internal/modules/cjs/loader:235:24)
    at Module.<anonymous> (node:internal/modules/cjs/loader:1487:12)
    at Hook._require.Module.require (C:\Users\user\OneDrive\Desktop\CRM\backend\node_modules\require-in-the-middle\index.js:101:39)
    at require (node:internal/modules/helpers:135:16)
    at Object.<anonymous> (C:\Users\user\OneDrive\Desktop\CRM\backend\routes\leads.js:7:25)
    at Module._compile (node:internal/modules/cjs/loader:1730:14)
    at Object..js (node:internal/modules/cjs/loader:1895:10)
    at Module.load (node:internal/modules/cjs/loader:1465:32)
    at Function._load (node:internal/modules/cjs/loader:1282:12)
    at TracingChannel.traceSync (node:diagnostics_channel:322:14)
TypeError: CloudinaryStorage is not a constructor
    at Object.<anonymous> (C:\Users\user\OneDrive\Desktop\CRM\backend\services\cloudinary.js:13:21)
    at Module._compile (node:internal/modules/cjs/loader:1730:14)
    at Object..js (node:internal/modules/cjs/loader:1895:10)
    at Module.load (node:internal/modules/cjs/loader:1465:32)
    at Function._load (node:internal/modules/cjs/loader:1282:12)
    at TracingChannel.traceSync (node:diagnostics_channel:322:14)
    at wrapModuleLoad (node:internal/modules/cjs/loader:235:24)
    at Module.<anonymous> (node:internal/modules/cjs/loader:1487:12)
    at Hook._require.Module.require (C:\Users\user\OneDrive\Desktop\CRM\backend\node_modules\require-in-the-middle\index.js:101:39)
    at require (node:internal/modules/helpers:135:16)
    at Object.<anonymous> (C:\Users\user\OneDrive\Desktop\CRM\backend\routes\leads.js:7:25)
    at Module._compile (node:internal/modules/cjs/loader:1730:14)
    at Object..js (node:internal/modules/cjs/loader:1895:10)
    at Module.load (node:internal/modules/cjs/loader:1465:32)
    at Function._load (node:internal/modules/cjs/loader:1282:12)
    at TracingChannel.traceSync (node:diagnostics_channel:322:14)
TypeError: CloudinaryStorage is not a constructor
    at Object.<anonymous> (C:\Users\user\OneDrive\Desktop\CRM\backend\services\cloudinary.js:13:21)
    at Module._compile (node:internal/modules/cjs/loader:1730:14)
    at Object..js (node:internal/modules/cjs/loader:1895:10)
    at Module.load (node:internal/modules/cjs/loader:1465:32)
    at Function._load (node:internal/modules/cjs/loader:1282:12)
    at TracingChannel.traceSync (node:diagnostics_channel:322:14)
    at wrapModuleLoad (node:internal/modules/cjs/loader:235:24)
    at Module.<anonymous> (node:internal/modules/cjs/loader:1487:12)
    at Hook._require.Module.require (C:\Users\user\OneDrive\Desktop\CRM\backend\node_modules\require-in-the-middle\index.js:101:39)
    at require (node:internal/modules/helpers:135:16)
    at Object.<anonymous> (C:\Users\user\OneDrive\Desktop\CRM\backend\routes\leads.js:7:25)
    at Module._compile (node:internal/modules/cjs/loader:1730:14)
    at Object..js (node:internal/modules/cjs/loader:1895:10)
    at Module.load (node:internal/modules/cjs/loader:1465:32)
    at Function._load (node:internal/modules/cjs/loader:1282:12)
    at TracingChannel.traceSync (node:diagnostics_channel:322:14)
TypeError: CloudinaryStorage is not a constructor
    at Object.<anonymous> (C:\Users\user\OneDrive\Desktop\CRM\backend\services\cloudinary.js:13:21)
    at Module._compile (node:internal/modules/cjs/loader:1730:14)
    at Object..js (node:internal/modules/cjs/loader:1895:10)
    at Module.load (node:internal/modules/cjs/loader:1465:32)
    at Function._load (node:internal/modules/cjs/loader:1282:12)
    at TracingChannel.traceSync (node:diagnostics_channel:322:14)
    at wrapModuleLoad (node:internal/modules/cjs/loader:235:24)
    at Module.<anonymous> (node:internal/modules/cjs/loader:1487:12)
    at Hook._require.Module.require (C:\Users\user\OneDrive\Desktop\CRM\backend\node_modules\require-in-the-middle\index.js:101:39)
    at require (node:internal/modules/helpers:135:16)
    at Object.<anonymous> (C:\Users\user\OneDrive\Desktop\CRM\backend\routes\leads.js:7:25)
    at Module._compile (node:internal/modules/cjs/loader:1730:14)
    at Object..js (node:internal/modules/cjs/loader:1895:10)
    at Module.load (node:internal/modules/cjs/loader:1465:32)
    at Function._load (node:internal/modules/cjs/loader:1282:12)
    at TracingChannel.traceSync (node:diagnostics_channel:322:14)
TypeError: CloudinaryStorage is not a constructor
    at Object.<anonymous> (C:\Users\user\OneDrive\Desktop\CRM\backend\services\cloudinary.js:13:21)
    at Module._compile (node:internal/modules/cjs/loader:1730:14)
    at Object..js (node:internal/modules/cjs/loader:1895:10)
    at Module.load (node:internal/modules/cjs/loader:1465:32)
    at Function._load (node:internal/modules/cjs/loader:1282:12)
    at TracingChannel.traceSync (node:diagnostics_channel:322:14)
    at wrapModuleLoad (node:internal/modules/cjs/loader:235:24)
    at Module.<anonymous> (node:internal/modules/cjs/loader:1487:12)
    at Hook._require.Module.require (C:\Users\user\OneDrive\Desktop\CRM\backend\node_modules\require-in-the-middle\index.js:101:39)
    at require (node:internal/modules/helpers:135:16)
    at Object.<anonymous> (C:\Users\user\OneDrive\Desktop\CRM\backend\routes\leads.js:7:25)
    at Module._compile (node:internal/modules/cjs/loader:1730:14)
    at Object..js (node:internal/modules/cjs/loader:1895:10)
    at Module.load (node:internal/modules/cjs/loader:1465:32)
    at Function._load (node:internal/modules/cjs/loader:1282:12)
    at TracingChannel.traceSync (node:diagnostics_channel:322:14)
TypeError: CloudinaryStorage is not a constructor
    at Object.<anonymous> (C:\Users\user\OneDrive\Desktop\CRM\backend\services\cloudinary.js:13:21)
    at Module._compile (node:internal/modules/cjs/loader:1730:14)
    at Object..js (node:internal/modules/cjs/loader:1895:10)
    at Module.load (node:internal/modules/cjs/loader:1465:32)
    at Function._load (node:internal/modules/cjs/loader:1282:12)
    at TracingChannel.traceSync (node:diagnostics_channel:322:14)
    at wrapModuleLoad (node:internal/modules/cjs/loader:235:24)
    at Module.<anonymous> (node:internal/modules/cjs/loader:1487:12)
    at Hook._require.Module.require (C:\Users\user\OneDrive\Desktop\CRM\backend\node_modules\require-in-the-middle\index.js:101:39)
    at require (node:internal/modules/helpers:135:16)
    at Object.<anonymous> (C:\Users\user\OneDrive\Desktop\CRM\backend\routes\leads.js:7:25)
    at Module._compile (node:internal/modules/cjs/loader:1730:14)
    at Object..js (node:internal/modules/cjs/loader:1895:10)
    at Module.load (node:internal/modules/cjs/loader:1465:32)
    at Function._load (node:internal/modules/cjs/loader:1282:12)
    at TracingChannel.traceSync (node:diagnostics_channel:322:14)
TypeError: CloudinaryStorage is not a constructor
    at Object.<anonymous> (C:\Users\user\OneDrive\Desktop\CRM\backend\services\cloudinary.js:13:21)
    at Module._compile (node:internal/modules/cjs/loader:1730:14)
    at Object..js (node:internal/modules/cjs/loader:1895:10)
    at Module.load (node:internal/modules/cjs/loader:1465:32)
    at Function._load (node:internal/modules/cjs/loader:1282:12)
    at TracingChannel.traceSync (node:diagnostics_channel:322:14)
    at wrapModuleLoad (node:internal/modules/cjs/loader:235:24)
    at Module.<anonymous> (node:internal/modules/cjs/loader:1487:12)
    at Hook._require.Module.require (C:\Users\user\OneDrive\Desktop\CRM\backend\node_modules\require-in-the-middle\index.js:101:39)
    at require (node:internal/modules/helpers:135:16)
    at Object.<anonymous> (C:\Users\user\OneDrive\Desktop\CRM\backend\routes\leads.js:7:25)
    at Module._compile (node:internal/modules/cjs/loader:1730:14)
    at Object..js (node:internal/modules/cjs/loader:1895:10)
    at Module.load (node:internal/modules/cjs/loader:1465:32)
    at Function._load (node:internal/modules/cjs/loader:1282:12)
    at TracingChannel.traceSync (node:diagnostics_channel:322:14)
TypeError: CloudinaryStorage is not a constructor
    at Object.<anonymous> (C:\Users\user\OneDrive\Desktop\CRM\backend\services\cloudinary.js:13:21)
    at Module._compile (node:internal/modules/cjs/loader:1730:14)
    at Object..js (node:internal/modules/cjs/loader:1895:10)
    at Module.load (node:internal/modules/cjs/loader:1465:32)
    at Function._load (node:internal/modules/cjs/loader:1282:12)
    at TracingChannel.traceSync (node:diagnostics_channel:322:14)
    at wrapModuleLoad (node:internal/modules/cjs/loader:235:24)
    at Module.<anonymous> (node:internal/modules/cjs/loader:1487:12)
    at Hook._require.Module.require (C:\Users\user\OneDrive\Desktop\CRM\backend\node_modules\require-in-the-middle\index.js:101:39)
    at require (node:internal/modules/helpers:135:16)
    at Object.<anonymous> (C:\Users\user\OneDrive\Desktop\CRM\backend\routes\leads.js:7:25)
    at Module._compile (node:internal/modules/cjs/loader:1730:14)
    at Object..js (node:internal/modules/cjs/loader:1895:10)
    at Module.load (node:internal/modules/cjs/loader:1465:32)
    at Function._load (node:internal/modules/cjs/loader:1282:12)
    at TracingChannel.traceSync (node:diagnostics_channel:322:14)
TypeError: CloudinaryStorage is not a constructor
    at Object.<anonymous> (C:\Users\user\OneDrive\Desktop\CRM\backend\services\cloudinary.js:13:21)
    at Module._compile (node:internal/modules/cjs/loader:1730:14)
    at Object..js (node:internal/modules/cjs/loader:1895:10)
    at Module.load (node:internal/modules/cjs/loader:1465:32)
    at Function._load (node:internal/modules/cjs/loader:1282:12)
    at TracingChannel.traceSync (node:diagnostics_channel:322:14)
    at wrapModuleLoad (node:internal/modules/cjs/loader:235:24)
    at Module.<anonymous> (node:internal/modules/cjs/loader:1487:12)
    at Hook._require.Module.require (C:\Users\user\OneDrive\Desktop\CRM\backend\node_modules\require-in-the-middle\index.js:101:39)
    at require (node:internal/modules/helpers:135:16)
    at Object.<anonymous> (C:\Users\user\OneDrive\Desktop\CRM\backend\routes\leads.js:7:25)
    at Module._compile (node:internal/modules/cjs/loader:1730:14)
    at Object..js (node:internal/modules/cjs/loader:1895:10)
    at Module.load (node:internal/modules/cjs/loader:1465:32)
    at Function._load (node:internal/modules/cjs/loader:1282:12)
    at TracingChannel.traceSync (node:diagnostics_channel:322:14)
TypeError: CloudinaryStorage is not a constructor
    at Object.<anonymous> (C:\Users\user\OneDrive\Desktop\CRM\backend\services\cloudinary.js:13:21)
    at Module._compile (node:internal/modules/cjs/loader:1730:14)
    at Object..js (node:internal/modules/cjs/loader:1895:10)
    at Module.load (node:internal/modules/cjs/loader:1465:32)
    at Function._load (node:internal/modules/cjs/loader:1282:12)
    at TracingChannel.traceSync (node:diagnostics_channel:322:14)
    at wrapModuleLoad (node:internal/modules/cjs/loader:235:24)
    at Module.<anonymous> (node:internal/modules/cjs/loader:1487:12)
    at Hook._require.Module.require (C:\Users\user\OneDrive\Desktop\CRM\backend\node_modules\require-in-the-middle\index.js:101:39)
    at require (node:internal/modules/helpers:135:16)
    at Object.<anonymous> (C:\Users\user\OneDrive\Desktop\CRM\backend\routes\leads.js:7:25)
    at Module._compile (node:internal/modules/cjs/loader:1730:14)
    at Object..js (node:internal/modules/cjs/loader:1895:10)
    at Module.load (node:internal/modules/cjs/loader:1465:32)
    at Function._load (node:internal/modules/cjs/loader:1282:12)
    at TracingChannel.traceSync (node:diagnostics_channel:322:14)
TypeError: CloudinaryStorage is not a constructor
    at Object.<anonymous> (C:\Users\user\OneDrive\Desktop\CRM\backend\services\cloudinary.js:13:21)
    at Module._compile (node:internal/modules/cjs/loader:1730:14)
    at Object..js (node:internal/modules/cjs/loader:1895:10)
    at Module.load (node:internal/modules/cjs/loader:1465:32)
    at Function._load (node:internal/modules/cjs/loader:1282:12)
    at TracingChannel.traceSync (node:diagnostics_channel:322:14)
    at wrapModuleLoad (node:internal/modules/cjs/loader:235:24)
    at Module.<anonymous> (node:internal/modules/cjs/loader:1487:12)
    at Hook._require.Module.require (C:\Users\user\OneDrive\Desktop\CRM\backend\node_modules\require-in-the-middle\index.js:101:39)
    at require (node:internal/modules/helpers:135:16)
    at Object.<anonymous> (C:\Users\user\OneDrive\Desktop\CRM\backend\routes\leads.js:7:25)
    at Module._compile (node:internal/modules/cjs/loader:1730:14)
    at Object..js (node:internal/modules/cjs/loader:1895:10)
    at Module.load (node:internal/modules/cjs/loader:1465:32)
    at Function._load (node:internal/modules/cjs/loader:1282:12)
    at TracingChannel.traceSync (node:diagnostics_channel:322:14)
TypeError: CloudinaryStorage is not a constructor
    at Object.<anonymous> (C:\Users\user\OneDrive\Desktop\CRM\backend\services\cloudinary.js:13:21)
    at Module._compile (node:internal/modules/cjs/loader:1730:14)
    at Object..js (node:internal/modules/cjs/loader:1895:10)
    at Module.load (node:internal/modules/cjs/loader:1465:32)
    at Function._load (node:internal/modules/cjs/loader:1282:12)
    at TracingChannel.traceSync (node:diagnostics_channel:322:14)
    at wrapModuleLoad (node:internal/modules/cjs/loader:235:24)
    at Module.<anonymous> (node:internal/modules/cjs/loader:1487:12)
    at Hook._require.Module.require (C:\Users\user\OneDrive\Desktop\CRM\backend\node_modules\require-in-the-middle\index.js:101:39)
    at require (node:internal/modules/helpers:135:16)
    at Object.<anonymous> (C:\Users\user\OneDrive\Desktop\CRM\backend\routes\leads.js:7:25)
    at Module._compile (node:internal/modules/cjs/loader:1730:14)
    at Object..js (node:internal/modules/cjs/loader:1895:10)
    at Module.load (node:internal/modules/cjs/loader:1465:32)
    at Function._load (node:internal/modules/cjs/loader:1282:12)
    at TracingChannel.traceSync (node:diagnostics_channel:322:14)
TypeError: CloudinaryStorage is not a constructor
    at Object.<anonymous> (C:\Users\user\OneDrive\Desktop\CRM\backend\services\cloudinary.js:13:21)
    at Module._compile (node:internal/modules/cjs/loader:1730:14)
    at Object..js (node:internal/modules/cjs/loader:1895:10)
    at Module.load (node:internal/modules/cjs/loader:1465:32)
    at Function._load (node:internal/modules/cjs/loader:1282:12)
    at TracingChannel.traceSync (node:diagnostics_channel:322:14)
    at wrapModuleLoad (node:internal/modules/cjs/loader:235:24)
    at Module.<anonymous> (node:internal/modules/cjs/loader:1487:12)
    at Hook._require.Module.require (C:\Users\user\OneDrive\Desktop\CRM\backend\node_modules\require-in-the-middle\index.js:101:39)
    at require (node:internal/modules/helpers:135:16)
    at Object.<anonymous> (C:\Users\user\OneDrive\Desktop\CRM\backend\routes\leads.js:7:25)
    at Module._compile (node:internal/modules/cjs/loader:1730:14)
    at Object..js (node:internal/modules/cjs/loader:1895:10)
    at Module.load (node:internal/modules/cjs/loader:1465:32)
    at Function._load (node:internal/modules/cjs/loader:1282:12)
    at TracingChannel.traceSync (node:diagnostics_channel:322:14)
TypeError: CloudinaryStorage is not a constructor
    at Object.<anonymous> (C:\Users\user\OneDrive\Desktop\CRM\backend\services\cloudinary.js:13:21)
    at Module._compile (node:internal/modules/cjs/loader:1730:14)
    at Object..js (node:internal/modules/cjs/loader:1895:10)
    at Module.load (node:internal/modules/cjs/loader:1465:32)
    at Function._load (node:internal/modules/cjs/loader:1282:12)
    at TracingChannel.traceSync (node:diagnostics_channel:322:14)
    at wrapModuleLoad (node:internal/modules/cjs/loader:235:24)
    at Module.<anonymous> (node:internal/modules/cjs/loader:1487:12)
    at Hook._require.Module.require (C:\Users\user\OneDrive\Desktop\CRM\backend\node_modules\require-in-the-middle\index.js:101:39)
    at require (node:internal/modules/helpers:135:16)
    at Object.<anonymous> (C:\Users\user\OneDrive\Desktop\CRM\backend\routes\leads.js:7:25)
    at Module._compile (node:internal/modules/cjs/loader:1730:14)
    at Object..js (node:internal/modules/cjs/loader:1895:10)
    at Module.load (node:internal/modules/cjs/loader:1465:32)
    at Function._load (node:internal/modules/cjs/loader:1282:12)
    at TracingChannel.traceSync (node:diagnostics_channel:322:14)
TypeError: CloudinaryStorage is not a constructor
    at Object.<anonymous> (C:\Users\user\OneDrive\Desktop\CRM\backend\services\cloudinary.js:13:21)
    at Module._compile (node:internal/modules/cjs/loader:1730:14)
    at Object..js (node:internal/modules/cjs/loader:1895:10)
    at Module.load (node:internal/modules/cjs/loader:1465:32)
    at Function._load (node:internal/modules/cjs/loader:1282:12)
    at TracingChannel.traceSync (node:diagnostics_channel:322:14)
    at wrapModuleLoad (node:internal/modules/cjs/loader:235:24)
    at Module.<anonymous> (node:internal/modules/cjs/loader:1487:12)
    at Hook._require.Module.require (C:\Users\user\OneDrive\Desktop\CRM\backend\node_modules\require-in-the-middle\index.js:101:39)
    at require (node:internal/modules/helpers:135:16)
    at Object.<anonymous> (C:\Users\user\OneDrive\Desktop\CRM\backend\routes\leads.js:7:25)
    at Module._compile (node:internal/modules/cjs/loader:1730:14)
    at Object..js (node:internal/modules/cjs/loader:1895:10)
    at Module.load (node:internal/modules/cjs/loader:1465:32)
    at Function._load (node:internal/modules/cjs/loader:1282:12)
    at TracingChannel.traceSync (node:diagnostics_channel:322:14)
TypeError: CloudinaryStorage is not a constructor
    at Object.<anonymous> (C:\Users\user\OneDrive\Desktop\CRM\backend\services\cloudinary.js:13:21)
    at Module._compile (node:internal/modules/cjs/loader:1730:14)
    at Object..js (node:internal/modules/cjs/loader:1895:10)
    at Module.load (node:internal/modules/cjs/loader:1465:32)
    at Function._load (node:internal/modules/cjs/loader:1282:12)
    at TracingChannel.traceSync (node:diagnostics_channel:322:14)
    at wrapModuleLoad (node:internal/modules/cjs/loader:235:24)
    at Module.<anonymous> (node:internal/modules/cjs/loader:1487:12)
    at Hook._require.Module.require (C:\Users\user\OneDrive\Desktop\CRM\backend\node_modules\require-in-the-middle\index.js:101:39)
    at require (node:internal/modules/helpers:135:16)
    at Object.<anonymous> (C:\Users\user\OneDrive\Desktop\CRM\backend\routes\leads.js:7:25)
    at Module._compile (node:internal/modules/cjs/loader:1730:14)
    at Object..js (node:internal/modules/cjs/loader:1895:10)
    at Module.load (node:internal/modules/cjs/loader:1465:32)
    at Function._load (node:internal/modules/cjs/loader:1282:12)
    at TracingChannel.traceSync (node:diagnostics_channel:322:14)
TypeError: CloudinaryStorage is not a constructor
    at Object.<anonymous> (C:\Users\user\OneDrive\Desktop\CRM\backend\services\cloudinary.js:13:21)
    at Module._compile (node:internal/modules/cjs/loader:1730:14)
    at Object..js (node:internal/modules/cjs/loader:1895:10)
    at Module.load (node:internal/modules/cjs/loader:1465:32)
    at Function._load (node:internal/modules/cjs/loader:1282:12)
    at TracingChannel.traceSync (node:diagnostics_channel:322:14)
    at wrapModuleLoad (node:internal/modules/cjs/loader:235:24)
    at Module.<anonymous> (node:internal/modules/cjs/loader:1487:12)
    at Hook._require.Module.require (C:\Users\user\OneDrive\Desktop\CRM\backend\node_modules\require-in-the-middle\index.js:101:39)
    at require (node:internal/modules/helpers:135:16)
    at Object.<anonymous> (C:\Users\user\OneDrive\Desktop\CRM\backend\routes\leads.js:7:25)
    at Module._compile (node:internal/modules/cjs/loader:1730:14)
    at Object..js (node:internal/modules/cjs/loader:1895:10)
    at Module.load (node:internal/modules/cjs/loader:1465:32)
    at Function._load (node:internal/modules/cjs/loader:1282:12)
    at TracingChannel.traceSync (node:diagnostics_channel:322:14)
TypeError: CloudinaryStorage is not a constructor
    at Object.<anonymous> (C:\Users\user\OneDrive\Desktop\CRM\backend\services\cloudinary.js:13:21)
    at Module._compile (node:internal/modules/cjs/loader:1730:14)
    at Object..js (node:internal/modules/cjs/loader:1895:10)
    at Module.load (node:internal/modules/cjs/loader:1465:32)
    at Function._load (node:internal/modules/cjs/loader:1282:12)
    at TracingChannel.traceSync (node:diagnostics_channel:322:14)
    at wrapModuleLoad (node:internal/modules/cjs/loader:235:24)
    at Module.<anonymous> (node:internal/modules/cjs/loader:1487:12)
    at Hook._require.Module.require (C:\Users\user\OneDrive\Desktop\CRM\backend\node_modules\require-in-the-middle\index.js:101:39)
    at require (node:internal/modules/helpers:135:16)
    at Object.<anonymous> (C:\Users\user\OneDrive\Desktop\CRM\backend\routes\leads.js:7:25)
    at Module._compile (node:internal/modules/cjs/loader:1730:14)
    at Object..js (node:internal/modules/cjs/loader:1895:10)
    at Module.load (node:internal/modules/cjs/loader:1465:32)
    at Function._load (node:internal/modules/cjs/loader:1282:12)
    at TracingChannel.traceSync (node:diagnostics_channel:322:14)
TypeError: CloudinaryStorage is not a constructor
    at Object.<anonymous> (C:\Users\user\OneDrive\Desktop\CRM\backend\services\cloudinary.js:13:21)
    at Module._compile (node:internal/modules/cjs/loader:1730:14)
    at Object..js (node:internal/modules/cjs/loader:1895:10)
    at Module.load (node:internal/modules/cjs/loader:1465:32)
    at Function._load (node:internal/modules/cjs/loader:1282:12)
    at TracingChannel.traceSync (node:diagnostics_channel:322:14)
    at wrapModuleLoad (node:internal/modules/cjs/loader:235:24)
    at Module.<anonymous> (node:internal/modules/cjs/loader:1487:12)
    at Hook._require.Module.require (C:\Users\user\OneDrive\Desktop\CRM\backend\node_modules\require-in-the-middle\index.js:101:39)
    at require (node:internal/modules/helpers:135:16)
    at Object.<anonymous> (C:\Users\user\OneDrive\Desktop\CRM\backend\routes\leads.js:7:25)
    at Module._compile (node:internal/modules/cjs/loader:1730:14)
    at Object..js (node:internal/modules/cjs/loader:1895:10)
    at Module.load (node:internal/modules/cjs/loader:1465:32)
    at Function._load (node:internal/modules/cjs/loader:1282:12)
    at TracingChannel.traceSync (node:diagnostics_channel:322:14)
TypeError: CloudinaryStorage is not a constructor
    at Object.<anonymous> (C:\Users\user\OneDrive\Desktop\CRM\backend\services\cloudinary.js:13:21)
    at Module._compile (node:internal/modules/cjs/loader:1730:14)
    at Object..js (node:internal/modules/cjs/loader:1895:10)
    at Module.load (node:internal/modules/cjs/loader:1465:32)
    at Function._load (node:internal/modules/cjs/loader:1282:12)
    at TracingChannel.traceSync (node:diagnostics_channel:322:14)
    at wrapModuleLoad (node:internal/modules/cjs/loader:235:24)
    at Module.<anonymous> (node:internal/modules/cjs/loader:1487:12)
    at Hook._require.Module.require (C:\Users\user\OneDrive\Desktop\CRM\backend\node_modules\require-in-the-middle\index.js:101:39)
    at require (node:internal/modules/helpers:135:16)
    at Object.<anonymous> (C:\Users\user\OneDrive\Desktop\CRM\backend\routes\leads.js:7:25)
    at Module._compile (node:internal/modules/cjs/loader:1730:14)
    at Object..js (node:internal/modules/cjs/loader:1895:10)
    at Module.load (node:internal/modules/cjs/loader:1465:32)
    at Function._load (node:internal/modules/cjs/loader:1282:12)
    at TracingChannel.traceSync (node:diagnostics_channel:322:14)
TypeError: CloudinaryStorage is not a constructor
    at Object.<anonymous> (C:\Users\user\OneDrive\Desktop\CRM\backend\services\cloudinary.js:13:21)
    at Module._compile (node:internal/modules/cjs/loader:1730:14)
    at Object..js (node:internal/modules/cjs/loader:1895:10)
    at Module.load (node:internal/modules/cjs/loader:1465:32)
    at Function._load (node:internal/modules/cjs/loader:1282:12)
    at TracingChannel.traceSync (node:diagnostics_channel:322:14)
    at wrapModuleLoad (node:internal/modules/cjs/loader:235:24)
    at Module.<anonymous> (node:internal/modules/cjs/loader:1487:12)
    at Hook._require.Module.require (C:\Users\user\OneDrive\Desktop\CRM\backend\node_modules\require-in-the-middle\index.js:101:39)
    at require (node:internal/modules/helpers:135:16)
    at Object.<anonymous> (C:\Users\user\OneDrive\Desktop\CRM\backend\routes\leads.js:7:25)
    at Module._compile (node:internal/modules/cjs/loader:1730:14)
    at Object..js (node:internal/modules/cjs/loader:1895:10)
    at Module.load (node:internal/modules/cjs/loader:1465:32)
    at Function._load (node:internal/modules/cjs/loader:1282:12)
    at TracingChannel.traceSync (node:diagnostics_channel:322:14)
TypeError: CloudinaryStorage is not a constructor
    at Object.<anonymous> (C:\Users\user\OneDrive\Desktop\CRM\backend\services\cloudinary.js:13:21)
    at Module._compile (node:internal/modules/cjs/loader:1730:14)
    at Object..js (node:internal/modules/cjs/loader:1895:10)
    at Module.load (node:internal/modules/cjs/loader:1465:32)
    at Function._load (node:internal/modules/cjs/loader:1282:12)
    at TracingChannel.traceSync (node:diagnostics_channel:322:14)
    at wrapModuleLoad (node:internal/modules/cjs/loader:235:24)
    at Module.<anonymous> (node:internal/modules/cjs/loader:1487:12)
    at Hook._require.Module.require (C:\Users\user\OneDrive\Desktop\CRM\backend\node_modules\require-in-the-middle\index.js:101:39)
    at require (node:internal/modules/helpers:135:16)
    at Object.<anonymous> (C:\Users\user\OneDrive\Desktop\CRM\backend\routes\leads.js:7:25)
    at Module._compile (node:internal/modules/cjs/loader:1730:14)
    at Object..js (node:internal/modules/cjs/loader:1895:10)
    at Module.load (node:internal/modules/cjs/loader:1465:32)
    at Function._load (node:internal/modules/cjs/loader:1282:12)
    at TracingChannel.traceSync (node:diagnostics_channel:322:14)
TypeError: CloudinaryStorage is not a constructor
    at Object.<anonymous> (C:\Users\user\OneDrive\Desktop\CRM\backend\services\cloudinary.js:13:21)
    at Module._compile (node:internal/modules/cjs/loader:1730:14)
    at Object..js (node:internal/modules/cjs/loader:1895:10)
    at Module.load (node:internal/modules/cjs/loader:1465:32)
    at Function._load (node:internal/modules/cjs/loader:1282:12)
    at TracingChannel.traceSync (node:diagnostics_channel:322:14)
    at wrapModuleLoad (node:internal/modules/cjs/loader:235:24)
    at Module.<anonymous> (node:internal/modules/cjs/loader:1487:12)
    at Hook._require.Module.require (C:\Users\user\OneDrive\Desktop\CRM\backend\node_modules\require-in-the-middle\index.js:101:39)
    at require (node:internal/modules/helpers:135:16)
    at Object.<anonymous> (C:\Users\user\OneDrive\Desktop\CRM\backend\routes\leads.js:7:25)
    at Module._compile (node:internal/modules/cjs/loader:1730:14)
    at Object..js (node:internal/modules/cjs/loader:1895:10)
    at Module.load (node:internal/modules/cjs/loader:1465:32)
    at Function._load (node:internal/modules/cjs/loader:1282:12)
    at TracingChannel.traceSync (node:diagnostics_channel:322:14)
TypeError: CloudinaryStorage is not a constructor
    at Object.<anonymous> (C:\Users\user\OneDrive\Desktop\CRM\backend\services\cloudinary.js:13:21)
    at Module._compile (node:internal/modules/cjs/loader:1730:14)
    at Object..js (node:internal/modules/cjs/loader:1895:10)
    at Module.load (node:internal/modules/cjs/loader:1465:32)
    at Function._load (node:internal/modules/cjs/loader:1282:12)
    at TracingChannel.traceSync (node:diagnostics_channel:322:14)
    at wrapModuleLoad (node:internal/modules/cjs/loader:235:24)
    at Module.<anonymous> (node:internal/modules/cjs/loader:1487:12)
    at Hook._require.Module.require (C:\Users\user\OneDrive\Desktop\CRM\backend\node_modules\require-in-the-middle\index.js:101:39)
    at require (node:internal/modules/helpers:135:16)
    at Object.<anonymous> (C:\Users\user\OneDrive\Desktop\CRM\backend\routes\leads.js:7:25)
    at Module._compile (node:internal/modules/cjs/loader:1730:14)
    at Object..js (node:internal/modules/cjs/loader:1895:10)
    at Module.load (node:internal/modules/cjs/loader:1465:32)
    at Function._load (node:internal/modules/cjs/loader:1282:12)
    at TracingChannel.traceSync (node:diagnostics_channel:322:14)
TypeError: CloudinaryStorage is not a constructor
    at Object.<anonymous> (C:\Users\user\OneDrive\Desktop\CRM\backend\services\cloudinary.js:13:21)
    at Module._compile (node:internal/modules/cjs/loader:1730:14)
    at Object..js (node:internal/modules/cjs/loader:1895:10)
    at Module.load (node:internal/modules/cjs/loader:1465:32)
    at Function._load (node:internal/modules/cjs/loader:1282:12)
    at TracingChannel.traceSync (node:diagnostics_channel:322:14)
    at wrapModuleLoad (node:internal/modules/cjs/loader:235:24)
    at Module.<anonymous> (node:internal/modules/cjs/loader:1487:12)
    at Hook._require.Module.require (C:\Users\user\OneDrive\Desktop\CRM\backend\node_modules\require-in-the-middle\index.js:101:39)
    at require (node:internal/modules/helpers:135:16)
    at Object.<anonymous> (C:\Users\user\OneDrive\Desktop\CRM\backend\routes\leads.js:7:25)
    at Module._compile (node:internal/modules/cjs/loader:1730:14)
    at Object..js (node:internal/modules/cjs/loader:1895:10)
    at Module.load (node:internal/modules/cjs/loader:1465:32)
    at Function._load (node:internal/modules/cjs/loader:1282:12)
    at TracingChannel.traceSync (node:diagnostics_channel:322:14)
TypeError: CloudinaryStorage is not a constructor
    at Object.<anonymous> (C:\Users\user\OneDrive\Desktop\CRM\backend\services\cloudinary.js:13:21)
    at Module._compile (node:internal/modules/cjs/loader:1730:14)
    at Object..js (node:internal/modules/cjs/loader:1895:10)
    at Module.load (node:internal/modules/cjs/loader:1465:32)
    at Function._load (node:internal/modules/cjs/loader:1282:12)
    at TracingChannel.traceSync (node:diagnostics_channel:322:14)
    at wrapModuleLoad (node:internal/modules/cjs/loader:235:24)
    at Module.<anonymous> (node:internal/modules/cjs/loader:1487:12)
    at Hook._require.Module.require (C:\Users\user\OneDrive\Desktop\CRM\backend\node_modules\require-in-the-middle\index.js:101:39)
    at require (node:internal/modules/helpers:135:16)
    at Object.<anonymous> (C:\Users\user\OneDrive\Desktop\CRM\backend\routes\leads.js:7:25)
    at Module._compile (node:internal/modules/cjs/loader:1730:14)
    at Object..js (node:internal/modules/cjs/loader:1895:10)
    at Module.load (node:internal/modules/cjs/loader:1465:32)
    at Function._load (node:internal/modules/cjs/loader:1282:12)
    at TracingChannel.traceSync (node:diagnostics_channel:322:14)
TypeError: CloudinaryStorage is not a constructor
    at Object.<anonymous> (C:\Users\user\OneDrive\Desktop\CRM\backend\services\cloudinary.js:13:21)
    at Module._compile (node:internal/modules/cjs/loader:1730:14)
    at Object..js (node:internal/modules/cjs/loader:1895:10)
    at Module.load (node:internal/modules/cjs/loader:1465:32)
    at Function._load (node:internal/modules/cjs/loader:1282:12)
    at TracingChannel.traceSync (node:diagnostics_channel:322:14)
    at wrapModuleLoad (node:internal/modules/cjs/loader:235:24)
    at Module.<anonymous> (node:internal/modules/cjs/loader:1487:12)
    at Hook._require.Module.require (C:\Users\user\OneDrive\Desktop\CRM\backend\node_modules\require-in-the-middle\index.js:101:39)
    at require (node:internal/modules/helpers:135:16)
    at Object.<anonymous> (C:\Users\user\OneDrive\Desktop\CRM\backend\routes\leads.js:7:25)
    at Module._compile (node:internal/modules/cjs/loader:1730:14)
    at Object..js (node:internal/modules/cjs/loader:1895:10)
    at Module.load (node:internal/modules/cjs/loader:1465:32)
    at Function._load (node:internal/modules/cjs/loader:1282:12)
    at TracingChannel.traceSync (node:diagnostics_channel:322:14)
TypeError: CloudinaryStorage is not a constructor
    at Object.<anonymous> (C:\Users\user\OneDrive\Desktop\CRM\backend\services\cloudinary.js:13:21)
    at Module._compile (node:internal/modules/cjs/loader:1730:14)
    at Object..js (node:internal/modules/cjs/loader:1895:10)
    at Module.load (node:internal/modules/cjs/loader:1465:32)
    at Function._load (node:internal/modules/cjs/loader:1282:12)
    at TracingChannel.traceSync (node:diagnostics_channel:322:14)
    at wrapModuleLoad (node:internal/modules/cjs/loader:235:24)
    at Module.<anonymous> (node:internal/modules/cjs/loader:1487:12)
    at Hook._require.Module.require (C:\Users\user\OneDrive\Desktop\CRM\backend\node_modules\require-in-the-middle\index.js:101:39)
    at require (node:internal/modules/helpers:135:16)
    at Object.<anonymous> (C:\Users\user\OneDrive\Desktop\CRM\backend\routes\leads.js:7:25)
    at Module._compile (node:internal/modules/cjs/loader:1730:14)
    at Object..js (node:internal/modules/cjs/loader:1895:10)
    at Module.load (node:internal/modules/cjs/loader:1465:32)
    at Function._load (node:internal/modules/cjs/loader:1282:12)
    at TracingChannel.traceSync (node:diagnostics_channel:322:14)
TypeError: CloudinaryStorage is not a constructor
    at Object.<anonymous> (C:\Users\user\OneDrive\Desktop\CRM\backend\services\cloudinary.js:13:21)
    at Module._compile (node:internal/modules/cjs/loader:1730:14)
    at Object..js (node:internal/modules/cjs/loader:1895:10)
    at Module.load (node:internal/modules/cjs/loader:1465:32)
    at Function._load (node:internal/modules/cjs/loader:1282:12)
    at TracingChannel.traceSync (node:diagnostics_channel:322:14)
    at wrapModuleLoad (node:internal/modules/cjs/loader:235:24)
    at Module.<anonymous> (node:internal/modules/cjs/loader:1487:12)
    at Hook._require.Module.require (C:\Users\user\OneDrive\Desktop\CRM\backend\node_modules\require-in-the-middle\index.js:101:39)
    at require (node:internal/modules/helpers:135:16)
    at Object.<anonymous> (C:\Users\user\OneDrive\Desktop\CRM\backend\routes\leads.js:7:25)
    at Module._compile (node:internal/modules/cjs/loader:1730:14)
    at Object..js (node:internal/modules/cjs/loader:1895:10)
    at Module.load (node:internal/modules/cjs/loader:1465:32)
    at Function._load (node:internal/modules/cjs/loader:1282:12)
    at TracingChannel.traceSync (node:diagnostics_channel:322:14)
TypeError: CloudinaryStorage is not a constructor
    at Object.<anonymous> (C:\Users\user\OneDrive\Desktop\CRM\backend\services\cloudinary.js:13:21)
    at Module._compile (node:internal/modules/cjs/loader:1730:14)
    at Object..js (node:internal/modules/cjs/loader:1895:10)
    at Module.load (node:internal/modules/cjs/loader:1465:32)
    at Function._load (node:internal/modules/cjs/loader:1282:12)
    at TracingChannel.traceSync (node:diagnostics_channel:322:14)
    at wrapModuleLoad (node:internal/modules/cjs/loader:235:24)
    at Module.<anonymous> (node:internal/modules/cjs/loader:1487:12)
    at Hook._require.Module.require (C:\Users\user\OneDrive\Desktop\CRM\backend\node_modules\require-in-the-middle\index.js:101:39)
    at require (node:internal/modules/helpers:135:16)
    at Object.<anonymous> (C:\Users\user\OneDrive\Desktop\CRM\backend\routes\leads.js:7:25)
    at Module._compile (node:internal/modules/cjs/loader:1730:14)
    at Object..js (node:internal/modules/cjs/loader:1895:10)
    at Module.load (node:internal/modules/cjs/loader:1465:32)
    at Function._load (node:internal/modules/cjs/loader:1282:12)
    at TracingChannel.traceSync (node:diagnostics_channel:322:14)
TypeError: CloudinaryStorage is not a constructor
    at Object.<anonymous> (C:\Users\user\OneDrive\Desktop\CRM\backend\services\cloudinary.js:13:21)
    at Module._compile (node:internal/modules/cjs/loader:1730:14)
    at Object..js (node:internal/modules/cjs/loader:1895:10)
    at Module.load (node:internal/modules/cjs/loader:1465:32)
    at Function._load (node:internal/modules/cjs/loader:1282:12)
    at TracingChannel.traceSync (node:diagnostics_channel:322:14)
    at wrapModuleLoad (node:internal/modules/cjs/loader:235:24)
    at Module.<anonymous> (node:internal/modules/cjs/loader:1487:12)
    at Hook._require.Module.require (C:\Users\user\OneDrive\Desktop\CRM\backend\node_modules\require-in-the-middle\index.js:101:39)
    at require (node:internal/modules/helpers:135:16)
    at Object.<anonymous> (C:\Users\user\OneDrive\Desktop\CRM\backend\routes\leads.js:7:25)
    at Module._compile (node:internal/modules/cjs/loader:1730:14)
    at Object..js (node:internal/modules/cjs/loader:1895:10)
    at Module.load (node:internal/modules/cjs/loader:1465:32)
    at Function._load (node:internal/modules/cjs/loader:1282:12)
    at TracingChannel.traceSync (node:diagnostics_channel:322:14)
TypeError: CloudinaryStorage is not a constructor
    at Object.<anonymous> (C:\Users\user\OneDrive\Desktop\CRM\backend\services\cloudinary.js:13:21)
    at Module._compile (node:internal/modules/cjs/loader:1730:14)
    at Object..js (node:internal/modules/cjs/loader:1895:10)
    at Module.load (node:internal/modules/cjs/loader:1465:32)
    at Function._load (node:internal/modules/cjs/loader:1282:12)
    at TracingChannel.traceSync (node:diagnostics_channel:322:14)
    at wrapModuleLoad (node:internal/modules/cjs/loader:235:24)
    at Module.<anonymous> (node:internal/modules/cjs/loader:1487:12)
    at Hook._require.Module.require (C:\Users\user\OneDrive\Desktop\CRM\backend\node_modules\require-in-the-middle\index.js:101:39)
    at require (node:internal/modules/helpers:135:16)
    at Object.<anonymous> (C:\Users\user\OneDrive\Desktop\CRM\backend\routes\leads.js:7:25)
    at Module._compile (node:internal/modules/cjs/loader:1730:14)
    at Object..js (node:internal/modules/cjs/loader:1895:10)
    at Module.load (node:internal/modules/cjs/loader:1465:32)
    at Function._load (node:internal/modules/cjs/loader:1282:12)
    at TracingChannel.traceSync (node:diagnostics_channel:322:14)
TypeError: CloudinaryStorage is not a constructor
    at Object.<anonymous> (C:\Users\user\OneDrive\Desktop\CRM\backend\services\cloudinary.js:13:21)
    at Module._compile (node:internal/modules/cjs/loader:1730:14)
    at Object..js (node:internal/modules/cjs/loader:1895:10)
    at Module.load (node:internal/modules/cjs/loader:1465:32)
    at Function._load (node:internal/modules/cjs/loader:1282:12)
    at TracingChannel.traceSync (node:diagnostics_channel:322:14)
    at wrapModuleLoad (node:internal/modules/cjs/loader:235:24)
    at Module.<anonymous> (node:internal/modules/cjs/loader:1487:12)
    at Hook._require.Module.require (C:\Users\user\OneDrive\Desktop\CRM\backend\node_modules\require-in-the-middle\index.js:101:39)
    at require (node:internal/modules/helpers:135:16)
    at Object.<anonymous> (C:\Users\user\OneDrive\Desktop\CRM\backend\routes\leads.js:7:25)
    at Module._compile (node:internal/modules/cjs/loader:1730:14)
    at Object..js (node:internal/modules/cjs/loader:1895:10)
    at Module.load (node:internal/modules/cjs/loader:1465:32)
    at Function._load (node:internal/modules/cjs/loader:1282:12)
    at TracingChannel.traceSync (node:diagnostics_channel:322:14)
TypeError: CloudinaryStorage is not a constructor
    at Object.<anonymous> (C:\Users\user\OneDrive\Desktop\CRM\backend\services\cloudinary.js:13:21)
    at Module._compile (node:internal/modules/cjs/loader:1730:14)
    at Object..js (node:internal/modules/cjs/loader:1895:10)
    at Module.load (node:internal/modules/cjs/loader:1465:32)
    at Function._load (node:internal/modules/cjs/loader:1282:12)
    at TracingChannel.traceSync (node:diagnostics_channel:322:14)
    at wrapModuleLoad (node:internal/modules/cjs/loader:235:24)
    at Module.<anonymous> (node:internal/modules/cjs/loader:1487:12)
    at Hook._require.Module.require (C:\Users\user\OneDrive\Desktop\CRM\backend\node_modules\require-in-the-middle\index.js:101:39)
    at require (node:internal/modules/helpers:135:16)
    at Object.<anonymous> (C:\Users\user\OneDrive\Desktop\CRM\backend\routes\leads.js:7:25)
    at Module._compile (node:internal/modules/cjs/loader:1730:14)
    at Object..js (node:internal/modules/cjs/loader:1895:10)
    at Module.load (node:internal/modules/cjs/loader:1465:32)
    at Function._load (node:internal/modules/cjs/loader:1282:12)
    at TracingChannel.traceSync (node:diagnostics_channel:322:14)
2026-01-31 15:02:24: ⚠️ Redis not available. Rate limiter "rl:auth:" using memory store (not distributed)
2026-01-31 15:02:24: ⚠️ Redis not available. Rate limiter "rl:api:" using memory store (not distributed)
2026-01-31 15:02:24: ⚠️ Redis not available. Rate limiter "rl:upload:" using memory store (not distributed)
2026-01-31 15:02:24: ⚠️ Redis not available. Rate limiter "rl:moderate:" using memory store (not distributed)
2026-01-31 15:02:24: ⚠️ Redis not available. Rate limiter "rl:read:" using memory store (not distributed)
2026-01-31 15:02:53: Auth middleware: Invalid token
2026-01-31 15:02:53: Auth middleware: Invalid token
2026-01-31 15:59:59: 🔌 Mongoose disconnected
2026-01-31 16:00:13: ⚠️ Redis not available. Rate limiter "rl:auth:" using memory store (not distributed)
2026-01-31 16:00:13: ⚠️ Redis not available. Rate limiter "rl:api:" using memory store (not distributed)
2026-01-31 16:00:13: ⚠️ Redis not available. Rate limiter "rl:upload:" using memory store (not distributed)
2026-01-31 16:00:13: ⚠️ Redis not available. Rate limiter "rl:moderate:" using memory store (not distributed)
2026-01-31 16:00:13: ⚠️ Redis not available. Rate limiter "rl:read:" using memory store (not distributed)
2026-02-04 09:58:24: ⚠️ Redis not available. Rate limiter "rl:auth:" using memory store (not distributed)
2026-02-04 09:58:24: ⚠️ Redis not available. Rate limiter "rl:api:" using memory store (not distributed)
2026-02-04 09:58:24: ⚠️ Redis not available. Rate limiter "rl:upload:" using memory store (not distributed)
2026-02-04 09:58:24: ⚠️ Redis not available. Rate limiter "rl:moderate:" using memory store (not distributed)
2026-02-04 09:58:24: ⚠️ Redis not available. Rate limiter "rl:read:" using memory store (not distributed)
2026-02-04 09:58:25: 🔌 Mongoose disconnected
2026-02-04 09:58:27: ⚠️ Redis not available. Rate limiter "rl:auth:" using memory store (not distributed)
2026-02-04 09:58:27: ⚠️ Redis not available. Rate limiter "rl:api:" using memory store (not distributed)
2026-02-04 09:58:27: ⚠️ Redis not available. Rate limiter "rl:upload:" using memory store (not distributed)
2026-02-04 09:58:27: ⚠️ Redis not available. Rate limiter "rl:moderate:" using memory store (not distributed)
2026-02-04 09:58:27: ⚠️ Redis not available. Rate limiter "rl:read:" using memory store (not distributed)
2026-02-04 09:58:28: 🔌 Mongoose disconnected
2026-02-04 09:58:30: ⚠️ Redis not available. Rate limiter "rl:auth:" using memory store (not distributed)
2026-02-04 09:58:30: ⚠️ Redis not available. Rate limiter "rl:api:" using memory store (not distributed)
2026-02-04 09:58:30: ⚠️ Redis not available. Rate limiter "rl:upload:" using memory store (not distributed)
2026-02-04 09:58:30: ⚠️ Redis not available. Rate limiter "rl:moderate:" using memory store (not distributed)
2026-02-04 09:58:30: ⚠️ Redis not available. Rate limiter "rl:read:" using memory store (not distributed)
2026-02-04 09:58:31: 🔌 Mongoose disconnected
2026-02-04 09:58:33: ⚠️ Redis not available. Rate limiter "rl:auth:" using memory store (not distributed)
2026-02-04 09:58:33: ⚠️ Redis not available. Rate limiter "rl:api:" using memory store (not distributed)
2026-02-04 09:58:33: ⚠️ Redis not available. Rate limiter "rl:upload:" using memory store (not distributed)
2026-02-04 09:58:33: ⚠️ Redis not available. Rate limiter "rl:moderate:" using memory store (not distributed)
2026-02-04 09:58:33: ⚠️ Redis not available. Rate limiter "rl:read:" using memory store (not distributed)
2026-02-04 09:58:34: 🔌 Mongoose disconnected
2026-02-04 09:58:36: ⚠️ Redis not available. Rate limiter "rl:auth:" using memory store (not distributed)
2026-02-04 09:58:36: ⚠️ Redis not available. Rate limiter "rl:api:" using memory store (not distributed)
2026-02-04 09:58:36: ⚠️ Redis not available. Rate limiter "rl:upload:" using memory store (not distributed)
2026-02-04 09:58:36: ⚠️ Redis not available. Rate limiter "rl:moderate:" using memory store (not distributed)
2026-02-04 09:58:36: ⚠️ Redis not available. Rate limiter "rl:read:" using memory store (not distributed)
2026-02-04 09:58:37: 🔌 Mongoose disconnected
2026-02-04 09:58:39: ⚠️ Redis not available. Rate limiter "rl:auth:" using memory store (not distributed)
2026-02-04 09:58:39: ⚠️ Redis not available. Rate limiter "rl:api:" using memory store (not distributed)
2026-02-04 09:58:39: ⚠️ Redis not available. Rate limiter "rl:upload:" using memory store (not distributed)
2026-02-04 09:58:39: ⚠️ Redis not available. Rate limiter "rl:moderate:" using memory store (not distributed)
2026-02-04 09:58:39: ⚠️ Redis not available. Rate limiter "rl:read:" using memory store (not distributed)
2026-02-04 09:58:40: 🔌 Mongoose disconnected
2026-02-04 09:58:42: ⚠️ Redis not available. Rate limiter "rl:auth:" using memory store (not distributed)
2026-02-04 09:58:42: ⚠️ Redis not available. Rate limiter "rl:api:" using memory store (not distributed)
2026-02-04 09:58:42: ⚠️ Redis not available. Rate limiter "rl:upload:" using memory store (not distributed)
2026-02-04 09:58:42: ⚠️ Redis not available. Rate limiter "rl:moderate:" using memory store (not distributed)
2026-02-04 09:58:42: ⚠️ Redis not available. Rate limiter "rl:read:" using memory store (not distributed)
2026-02-04 09:58:43: 🔌 Mongoose disconnected
2026-02-04 09:58:45: ⚠️ Redis not available. Rate limiter "rl:auth:" using memory store (not distributed)
2026-02-04 09:58:45: ⚠️ Redis not available. Rate limiter "rl:api:" using memory store (not distributed)
2026-02-04 09:58:45: ⚠️ Redis not available. Rate limiter "rl:upload:" using memory store (not distributed)
2026-02-04 09:58:45: ⚠️ Redis not available. Rate limiter "rl:moderate:" using memory store (not distributed)
2026-02-04 09:58:45: ⚠️ Redis not available. Rate limiter "rl:read:" using memory store (not distributed)
2026-02-04 09:58:46: 🔌 Mongoose disconnected
2026-02-04 09:58:51: ⚠️ Redis not available. Rate limiter "rl:auth:" using memory store (not distributed)
2026-02-04 09:58:51: ⚠️ Redis not available. Rate limiter "rl:api:" using memory store (not distributed)
2026-02-04 09:58:51: ⚠️ Redis not available. Rate limiter "rl:upload:" using memory store (not distributed)
2026-02-04 09:58:51: ⚠️ Redis not available. Rate limiter "rl:moderate:" using memory store (not distributed)
2026-02-04 09:58:51: ⚠️ Redis not available. Rate limiter "rl:read:" using memory store (not distributed)
2026-02-04 09:58:52: 🔌 Mongoose disconnected
2026-02-04 09:58:54: ⚠️ Redis not available. Rate limiter "rl:auth:" using memory store (not distributed)
2026-02-04 09:58:54: ⚠️ Redis not available. Rate limiter "rl:api:" using memory store (not distributed)
2026-02-04 09:58:54: ⚠️ Redis not available. Rate limiter "rl:upload:" using memory store (not distributed)
2026-02-04 09:58:54: ⚠️ Redis not available. Rate limiter "rl:moderate:" using memory store (not distributed)
2026-02-04 09:58:54: ⚠️ Redis not available. Rate limiter "rl:read:" using memory store (not distributed)
2026-02-04 09:58:55: 🔌 Mongoose disconnected
2026-02-04 09:58:58: ⚠️ Redis not available. Rate limiter "rl:auth:" using memory store (not distributed)
2026-02-04 09:58:58: ⚠️ Redis not available. Rate limiter "rl:api:" using memory store (not distributed)
2026-02-04 09:58:58: ⚠️ Redis not available. Rate limiter "rl:upload:" using memory store (not distributed)
2026-02-04 09:58:58: ⚠️ Redis not available. Rate limiter "rl:moderate:" using memory store (not distributed)
2026-02-04 09:58:58: ⚠️ Redis not available. Rate limiter "rl:read:" using memory store (not distributed)
2026-02-04 09:58:59: 🔌 Mongoose disconnected
2026-02-04 09:59:01: ⚠️ Redis not available. Rate limiter "rl:auth:" using memory store (not distributed)
2026-02-04 09:59:01: ⚠️ Redis not available. Rate limiter "rl:api:" using memory store (not distributed)
2026-02-04 09:59:01: ⚠️ Redis not available. Rate limiter "rl:upload:" using memory store (not distributed)
2026-02-04 09:59:01: ⚠️ Redis not available. Rate limiter "rl:moderate:" using memory store (not distributed)
2026-02-04 09:59:01: ⚠️ Redis not available. Rate limiter "rl:read:" using memory store (not distributed)
2026-02-04 09:59:02: 🔌 Mongoose disconnected
2026-02-04 09:59:04: ⚠️ Redis not available. Rate limiter "rl:auth:" using memory store (not distributed)
2026-02-04 09:59:04: ⚠️ Redis not available. Rate limiter "rl:api:" using memory store (not distributed)
2026-02-04 09:59:04: ⚠️ Redis not available. Rate limiter "rl:upload:" using memory store (not distributed)
2026-02-04 09:59:04: ⚠️ Redis not available. Rate limiter "rl:moderate:" using memory store (not distributed)
2026-02-04 09:59:04: ⚠️ Redis not available. Rate limiter "rl:read:" using memory store (not distributed)
2026-02-04 09:59:05: 🔌 Mongoose disconnected
2026-02-04 09:59:07: ⚠️ Redis not available. Rate limiter "rl:auth:" using memory store (not distributed)
2026-02-04 09:59:07: ⚠️ Redis not available. Rate limiter "rl:api:" using memory store (not distributed)
2026-02-04 09:59:07: ⚠️ Redis not available. Rate limiter "rl:upload:" using memory store (not distributed)
2026-02-04 09:59:07: ⚠️ Redis not available. Rate limiter "rl:moderate:" using memory store (not distributed)
2026-02-04 09:59:07: ⚠️ Redis not available. Rate limiter "rl:read:" using memory store (not distributed)
2026-02-04 09:59:08: 🔌 Mongoose disconnected
2026-02-04 09:59:10: ⚠️ Redis not available. Rate limiter "rl:auth:" using memory store (not distributed)
2026-02-04 09:59:10: ⚠️ Redis not available. Rate limiter "rl:api:" using memory store (not distributed)
2026-02-04 09:59:10: ⚠️ Redis not available. Rate limiter "rl:upload:" using memory store (not distributed)
2026-02-04 09:59:10: ⚠️ Redis not available. Rate limiter "rl:moderate:" using memory store (not distributed)
2026-02-04 09:59:10: ⚠️ Redis not available. Rate limiter "rl:read:" using memory store (not distributed)
2026-02-04 09:59:11: 🔌 Mongoose disconnected
2026-02-04 09:59:13: ⚠️ Redis not available. Rate limiter "rl:auth:" using memory store (not distributed)
2026-02-04 09:59:13: ⚠️ Redis not available. Rate limiter "rl:api:" using memory store (not distributed)
2026-02-04 09:59:13: ⚠️ Redis not available. Rate limiter "rl:upload:" using memory store (not distributed)
2026-02-04 09:59:13: ⚠️ Redis not available. Rate limiter "rl:moderate:" using memory store (not distributed)
2026-02-04 09:59:13: ⚠️ Redis not available. Rate limiter "rl:read:" using memory store (not distributed)
2026-02-04 09:59:14: 🔌 Mongoose disconnected
2026-02-04 09:59:16: ⚠️ Redis not available. Rate limiter "rl:auth:" using memory store (not distributed)
2026-02-04 09:59:16: ⚠️ Redis not available. Rate limiter "rl:api:" using memory store (not distributed)
2026-02-04 09:59:16: ⚠️ Redis not available. Rate limiter "rl:upload:" using memory store (not distributed)
2026-02-04 09:59:16: ⚠️ Redis not available. Rate limiter "rl:moderate:" using memory store (not distributed)
2026-02-04 09:59:16: ⚠️ Redis not available. Rate limiter "rl:read:" using memory store (not distributed)
2026-02-04 09:59:17: 🔌 Mongoose disconnected
2026-02-04 09:59:19: ⚠️ Redis not available. Rate limiter "rl:auth:" using memory store (not distributed)
2026-02-04 09:59:19: ⚠️ Redis not available. Rate limiter "rl:api:" using memory store (not distributed)
2026-02-04 09:59:19: ⚠️ Redis not available. Rate limiter "rl:upload:" using memory store (not distributed)
2026-02-04 09:59:19: ⚠️ Redis not available. Rate limiter "rl:moderate:" using memory store (not distributed)
2026-02-04 09:59:19: ⚠️ Redis not available. Rate limiter "rl:read:" using memory store (not distributed)
2026-02-04 09:59:19: 🔌 Mongoose disconnected
2026-02-04 09:59:22: ⚠️ Redis not available. Rate limiter "rl:auth:" using memory store (not distributed)
2026-02-04 09:59:22: ⚠️ Redis not available. Rate limiter "rl:api:" using memory store (not distributed)
2026-02-04 09:59:22: ⚠️ Redis not available. Rate limiter "rl:upload:" using memory store (not distributed)
2026-02-04 09:59:22: ⚠️ Redis not available. Rate limiter "rl:moderate:" using memory store (not distributed)
2026-02-04 09:59:22: ⚠️ Redis not available. Rate limiter "rl:read:" using memory store (not distributed)
2026-02-04 09:59:22: 🔌 Mongoose disconnected
2026-02-04 09:59:24: ⚠️ Redis not available. Rate limiter "rl:auth:" using memory store (not distributed)
2026-02-04 09:59:24: ⚠️ Redis not available. Rate limiter "rl:api:" using memory store (not distributed)
2026-02-04 09:59:24: ⚠️ Redis not available. Rate limiter "rl:upload:" using memory store (not distributed)
2026-02-04 09:59:24: ⚠️ Redis not available. Rate limiter "rl:moderate:" using memory store (not distributed)
2026-02-04 09:59:24: ⚠️ Redis not available. Rate limiter "rl:read:" using memory store (not distributed)
2026-02-04 09:59:28: ⚠️ Redis not available. Rate limiter "rl:auth:" using memory store (not distributed)
2026-02-04 09:59:28: ⚠️ Redis not available. Rate limiter "rl:api:" using memory store (not distributed)
2026-02-04 09:59:28: ⚠️ Redis not available. Rate limiter "rl:upload:" using memory store (not distributed)
2026-02-04 09:59:28: ⚠️ Redis not available. Rate limiter "rl:moderate:" using memory store (not distributed)
2026-02-04 09:59:28: ⚠️ Redis not available. Rate limiter "rl:read:" using memory store (not distributed)
2026-02-04 09:59:29: 🔌 Mongoose disconnected
2026-02-04 09:59:31: ⚠️ Redis not available. Rate limiter "rl:auth:" using memory store (not distributed)
2026-02-04 09:59:31: ⚠️ Redis not available. Rate limiter "rl:api:" using memory store (not distributed)
2026-02-04 09:59:31: ⚠️ Redis not available. Rate limiter "rl:upload:" using memory store (not distributed)
2026-02-04 09:59:31: ⚠️ Redis not available. Rate limiter "rl:moderate:" using memory store (not distributed)
2026-02-04 09:59:31: ⚠️ Redis not available. Rate limiter "rl:read:" using memory store (not distributed)
2026-02-04 09:59:32: 🔌 Mongoose disconnected
2026-02-04 09:59:33: ⚠️ Redis not available. Rate limiter "rl:auth:" using memory store (not distributed)
2026-02-04 09:59:33: ⚠️ Redis not available. Rate limiter "rl:api:" using memory store (not distributed)
2026-02-04 09:59:33: ⚠️ Redis not available. Rate limiter "rl:upload:" using memory store (not distributed)
2026-02-04 09:59:34: ⚠️ Redis not available. Rate limiter "rl:moderate:" using memory store (not distributed)
2026-02-04 09:59:34: ⚠️ Redis not available. Rate limiter "rl:read:" using memory store (not distributed)
2026-02-04 09:59:34: 🔌 Mongoose disconnected
2026-02-04 09:59:36: ⚠️ Redis not available. Rate limiter "rl:auth:" using memory store (not distributed)
2026-02-04 09:59:36: ⚠️ Redis not available. Rate limiter "rl:api:" using memory store (not distributed)
2026-02-04 09:59:36: ⚠️ Redis not available. Rate limiter "rl:upload:" using memory store (not distributed)
2026-02-04 09:59:36: ⚠️ Redis not available. Rate limiter "rl:moderate:" using memory store (not distributed)
2026-02-04 09:59:36: ⚠️ Redis not available. Rate limiter "rl:read:" using memory store (not distributed)
2026-02-04 09:59:37: 🔌 Mongoose disconnected
2026-02-04 09:59:40: ⚠️ Redis not available. Rate limiter "rl:auth:" using memory store (not distributed)
2026-02-04 09:59:40: ⚠️ Redis not available. Rate limiter "rl:api:" using memory store (not distributed)
2026-02-04 09:59:40: ⚠️ Redis not available. Rate limiter "rl:upload:" using memory store (not distributed)
2026-02-04 09:59:40: ⚠️ Redis not available. Rate limiter "rl:moderate:" using memory store (not distributed)
2026-02-04 09:59:40: ⚠️ Redis not available. Rate limiter "rl:read:" using memory store (not distributed)
2026-02-04 09:59:40: 🔌 Mongoose disconnected
2026-02-04 09:59:42: ⚠️ Redis not available. Rate limiter "rl:auth:" using memory store (not distributed)
2026-02-04 09:59:42: ⚠️ Redis not available. Rate limiter "rl:api:" using memory store (not distributed)
2026-02-04 09:59:42: ⚠️ Redis not available. Rate limiter "rl:upload:" using memory store (not distributed)
2026-02-04 09:59:42: ⚠️ Redis not available. Rate limiter "rl:moderate:" using memory store (not distributed)
2026-02-04 09:59:42: ⚠️ Redis not available. Rate limiter "rl:read:" using memory store (not distributed)
2026-02-04 09:59:43: 🔌 Mongoose disconnected
2026-02-04 09:59:45: ⚠️ Redis not available. Rate limiter "rl:auth:" using memory store (not distributed)
2026-02-04 09:59:45: ⚠️ Redis not available. Rate limiter "rl:api:" using memory store (not distributed)
2026-02-04 09:59:45: ⚠️ Redis not available. Rate limiter "rl:upload:" using memory store (not distributed)
2026-02-04 09:59:45: ⚠️ Redis not available. Rate limiter "rl:moderate:" using memory store (not distributed)
2026-02-04 09:59:45: ⚠️ Redis not available. Rate limiter "rl:read:" using memory store (not distributed)
2026-02-04 09:59:46: 🔌 Mongoose disconnected
2026-02-04 09:59:48: ⚠️ Redis not available. Rate limiter "rl:auth:" using memory store (not distributed)
2026-02-04 09:59:48: ⚠️ Redis not available. Rate limiter "rl:api:" using memory store (not distributed)
2026-02-04 09:59:48: ⚠️ Redis not available. Rate limiter "rl:upload:" using memory store (not distributed)
2026-02-04 09:59:48: ⚠️ Redis not available. Rate limiter "rl:moderate:" using memory store (not distributed)
2026-02-04 09:59:48: ⚠️ Redis not available. Rate limiter "rl:read:" using memory store (not distributed)
2026-02-04 09:59:49: 🔌 Mongoose disconnected
2026-02-04 09:59:51: ⚠️ Redis not available. Rate limiter "rl:auth:" using memory store (not distributed)
2026-02-04 09:59:51: ⚠️ Redis not available. Rate limiter "rl:api:" using memory store (not distributed)
2026-02-04 09:59:51: ⚠️ Redis not available. Rate limiter "rl:upload:" using memory store (not distributed)
2026-02-04 09:59:51: ⚠️ Redis not available. Rate limiter "rl:moderate:" using memory store (not distributed)
2026-02-04 09:59:51: ⚠️ Redis not available. Rate limiter "rl:read:" using memory store (not distributed)
2026-02-04 09:59:52: 🔌 Mongoose disconnected
2026-02-04 09:59:54: ⚠️ Redis not available. Rate limiter "rl:auth:" using memory store (not distributed)
2026-02-04 09:59:54: ⚠️ Redis not available. Rate limiter "rl:api:" using memory store (not distributed)
2026-02-04 09:59:54: ⚠️ Redis not available. Rate limiter "rl:upload:" using memory store (not distributed)
2026-02-04 09:59:54: ⚠️ Redis not available. Rate limiter "rl:moderate:" using memory store (not distributed)
2026-02-04 09:59:54: ⚠️ Redis not available. Rate limiter "rl:read:" using memory store (not distributed)
2026-02-04 09:59:55: 🔌 Mongoose disconnected
2026-02-04 09:59:57: ⚠️ Redis not available. Rate limiter "rl:auth:" using memory store (not distributed)
2026-02-04 09:59:57: ⚠️ Redis not available. Rate limiter "rl:api:" using memory store (not distributed)
2026-02-04 09:59:57: ⚠️ Redis not available. Rate limiter "rl:upload:" using memory store (not distributed)
2026-02-04 09:59:57: ⚠️ Redis not available. Rate limiter "rl:moderate:" using memory store (not distributed)
2026-02-04 09:59:57: ⚠️ Redis not available. Rate limiter "rl:read:" using memory store (not distributed)
2026-02-04 09:59:58: 🔌 Mongoose disconnected
2026-02-04 10:00:00: ⚠️ Redis not available. Rate limiter "rl:auth:" using memory store (not distributed)
2026-02-04 10:00:00: ⚠️ Redis not available. Rate limiter "rl:api:" using memory store (not distributed)
2026-02-04 10:00:00: ⚠️ Redis not available. Rate limiter "rl:upload:" using memory store (not distributed)
2026-02-04 10:00:00: ⚠️ Redis not available. Rate limiter "rl:moderate:" using memory store (not distributed)
2026-02-04 10:00:00: ⚠️ Redis not available. Rate limiter "rl:read:" using memory store (not distributed)
2026-02-04 10:00:01: 🔌 Mongoose disconnected
2026-02-04 10:00:03: ⚠️ Redis not available. Rate limiter "rl:auth:" using memory store (not distributed)
2026-02-04 10:00:03: ⚠️ Redis not available. Rate limiter "rl:api:" using memory store (not distributed)
2026-02-04 10:00:03: ⚠️ Redis not available. Rate limiter "rl:upload:" using memory store (not distributed)
2026-02-04 10:00:03: ⚠️ Redis not available. Rate limiter "rl:moderate:" using memory store (not distributed)
2026-02-04 10:00:03: ⚠️ Redis not available. Rate limiter "rl:read:" using memory store (not distributed)
2026-02-04 10:00:04: 🔌 Mongoose disconnected
2026-02-04 10:00:06: ⚠️ Redis not available. Rate limiter "rl:auth:" using memory store (not distributed)
2026-02-04 10:00:06: ⚠️ Redis not available. Rate limiter "rl:api:" using memory store (not distributed)
2026-02-04 10:00:06: ⚠️ Redis not available. Rate limiter "rl:upload:" using memory store (not distributed)
2026-02-04 10:00:06: ⚠️ Redis not available. Rate limiter "rl:moderate:" using memory store (not distributed)
2026-02-04 10:00:06: ⚠️ Redis not available. Rate limiter "rl:read:" using memory store (not distributed)
2026-02-04 10:00:07: 🔌 Mongoose disconnected
2026-02-04 10:00:10: ⚠️ Redis not available. Rate limiter "rl:auth:" using memory store (not distributed)
2026-02-04 10:00:10: ⚠️ Redis not available. Rate limiter "rl:api:" using memory store (not distributed)
2026-02-04 10:00:10: ⚠️ Redis not available. Rate limiter "rl:upload:" using memory store (not distributed)
2026-02-04 10:00:10: ⚠️ Redis not available. Rate limiter "rl:moderate:" using memory store (not distributed)
2026-02-04 10:00:10: ⚠️ Redis not available. Rate limiter "rl:read:" using memory store (not distributed)
2026-02-04 10:00:10: 🔌 Mongoose disconnected
2026-02-04 10:00:12: ⚠️ Redis not available. Rate limiter "rl:auth:" using memory store (not distributed)
2026-02-04 10:00:12: ⚠️ Redis not available. Rate limiter "rl:api:" using memory store (not distributed)
2026-02-04 10:00:12: ⚠️ Redis not available. Rate limiter "rl:upload:" using memory store (not distributed)
2026-02-04 10:00:12: ⚠️ Redis not available. Rate limiter "rl:moderate:" using memory store (not distributed)
2026-02-04 10:00:12: ⚠️ Redis not available. Rate limiter "rl:read:" using memory store (not distributed)
2026-02-04 10:00:13: 🔌 Mongoose disconnected
2026-02-04 10:00:16: ⚠️ Redis not available. Rate limiter "rl:auth:" using memory store (not distributed)
2026-02-04 10:00:16: ⚠️ Redis not available. Rate limiter "rl:api:" using memory store (not distributed)
2026-02-04 10:00:16: ⚠️ Redis not available. Rate limiter "rl:upload:" using memory store (not distributed)
2026-02-04 10:00:16: ⚠️ Redis not available. Rate limiter "rl:moderate:" using memory store (not distributed)
2026-02-04 10:00:16: ⚠️ Redis not available. Rate limiter "rl:read:" using memory store (not distributed)
2026-02-04 10:00:16: 🔌 Mongoose disconnected
2026-02-04 10:00:18: ⚠️ Redis not available. Rate limiter "rl:auth:" using memory store (not distributed)
2026-02-04 10:00:18: ⚠️ Redis not available. Rate limiter "rl:api:" using memory store (not distributed)
2026-02-04 10:00:18: ⚠️ Redis not available. Rate limiter "rl:upload:" using memory store (not distributed)
2026-02-04 10:00:18: ⚠️ Redis not available. Rate limiter "rl:moderate:" using memory store (not distributed)
2026-02-04 10:00:18: ⚠️ Redis not available. Rate limiter "rl:read:" using memory store (not distributed)
2026-02-04 10:00:19: 🔌 Mongoose disconnected
2026-02-04 10:00:22: ⚠️ Redis not available. Rate limiter "rl:auth:" using memory store (not distributed)
2026-02-04 10:00:22: ⚠️ Redis not available. Rate limiter "rl:api:" using memory store (not distributed)
2026-02-04 10:00:22: ⚠️ Redis not available. Rate limiter "rl:upload:" using memory store (not distributed)
2026-02-04 10:00:22: ⚠️ Redis not available. Rate limiter "rl:moderate:" using memory store (not distributed)
2026-02-04 10:00:22: ⚠️ Redis not available. Rate limiter "rl:read:" using memory store (not distributed)
2026-02-04 10:00:22: 🔌 Mongoose disconnected
2026-02-04 10:00:24: ⚠️ Redis not available. Rate limiter "rl:auth:" using memory store (not distributed)
2026-02-04 10:00:24: ⚠️ Redis not available. Rate limiter "rl:api:" using memory store (not distributed)
2026-02-04 10:00:24: ⚠️ Redis not available. Rate limiter "rl:upload:" using memory store (not distributed)
2026-02-04 10:00:24: ⚠️ Redis not available. Rate limiter "rl:moderate:" using memory store (not distributed)
2026-02-04 10:00:24: ⚠️ Redis not available. Rate limiter "rl:read:" using memory store (not distributed)
2026-02-04 10:00:25: 🔌 Mongoose disconnected
2026-02-04 10:00:27: ⚠️ Redis not available. Rate limiter "rl:auth:" using memory store (not distributed)
2026-02-04 10:00:27: ⚠️ Redis not available. Rate limiter "rl:api:" using memory store (not distributed)
2026-02-04 10:00:27: ⚠️ Redis not available. Rate limiter "rl:upload:" using memory store (not distributed)
2026-02-04 10:00:27: ⚠️ Redis not available. Rate limiter "rl:moderate:" using memory store (not distributed)
2026-02-04 10:00:27: ⚠️ Redis not available. Rate limiter "rl:read:" using memory store (not distributed)
2026-02-04 10:00:28: 🔌 Mongoose disconnected
2026-02-04 10:00:30: ⚠️ Redis not available. Rate limiter "rl:auth:" using memory store (not distributed)
2026-02-04 10:00:30: ⚠️ Redis not available. Rate limiter "rl:api:" using memory store (not distributed)
2026-02-04 10:00:30: ⚠️ Redis not available. Rate limiter "rl:upload:" using memory store (not distributed)
2026-02-04 10:00:30: ⚠️ Redis not available. Rate limiter "rl:moderate:" using memory store (not distributed)
2026-02-04 10:00:30: ⚠️ Redis not available. Rate limiter "rl:read:" using memory store (not distributed)
2026-02-04 10:00:32: 🔌 Mongoose disconnected
2026-02-04 10:00:34: ⚠️ Redis not available. Rate limiter "rl:auth:" using memory store (not distributed)
2026-02-04 10:00:34: ⚠️ Redis not available. Rate limiter "rl:api:" using memory store (not distributed)
2026-02-04 10:00:34: ⚠️ Redis not available. Rate limiter "rl:upload:" using memory store (not distributed)
2026-02-04 10:00:34: ⚠️ Redis not available. Rate limiter "rl:moderate:" using memory store (not distributed)
2026-02-04 10:00:34: ⚠️ Redis not available. Rate limiter "rl:read:" using memory store (not distributed)
2026-02-04 10:00:35: 🔌 Mongoose disconnected
2026-02-04 10:00:37: ⚠️ Redis not available. Rate limiter "rl:auth:" using memory store (not distributed)
2026-02-04 10:00:37: ⚠️ Redis not available. Rate limiter "rl:api:" using memory store (not distributed)
2026-02-04 10:00:37: ⚠️ Redis not available. Rate limiter "rl:upload:" using memory store (not distributed)
2026-02-04 10:00:37: ⚠️ Redis not available. Rate limiter "rl:moderate:" using memory store (not distributed)
2026-02-04 10:00:37: ⚠️ Redis not available. Rate limiter "rl:read:" using memory store (not distributed)
2026-02-04 10:00:38: 🔌 Mongoose disconnected
2026-02-04 10:00:40: ⚠️ Redis not available. Rate limiter "rl:auth:" using memory store (not distributed)
2026-02-04 10:00:40: ⚠️ Redis not available. Rate limiter "rl:api:" using memory store (not distributed)
2026-02-04 10:00:40: ⚠️ Redis not available. Rate limiter "rl:upload:" using memory store (not distributed)
2026-02-04 10:00:40: ⚠️ Redis not available. Rate limiter "rl:moderate:" using memory store (not distributed)
2026-02-04 10:00:40: ⚠️ Redis not available. Rate limiter "rl:read:" using memory store (not distributed)
2026-02-04 10:00:41: 🔌 Mongoose disconnected
2026-02-04 10:00:43: ⚠️ Redis not available. Rate limiter "rl:auth:" using memory store (not distributed)
2026-02-04 10:00:43: ⚠️ Redis not available. Rate limiter "rl:api:" using memory store (not distributed)
2026-02-04 10:00:43: ⚠️ Redis not available. Rate limiter "rl:upload:" using memory store (not distributed)
2026-02-04 10:00:43: ⚠️ Redis not available. Rate limiter "rl:moderate:" using memory store (not distributed)
2026-02-04 10:00:43: ⚠️ Redis not available. Rate limiter "rl:read:" using memory store (not distributed)
2026-02-04 10:00:45: 🔌 Mongoose disconnected
2026-02-04 10:00:47: ⚠️ Redis not available. Rate limiter "rl:auth:" using memory store (not distributed)
2026-02-04 10:00:47: ⚠️ Redis not available. Rate limiter "rl:api:" using memory store (not distributed)
2026-02-04 10:00:47: ⚠️ Redis not available. Rate limiter "rl:upload:" using memory store (not distributed)
2026-02-04 10:00:47: ⚠️ Redis not available. Rate limiter "rl:moderate:" using memory store (not distributed)
2026-02-04 10:00:47: ⚠️ Redis not available. Rate limiter "rl:read:" using memory store (not distributed)
2026-02-04 10:00:48: 🔌 Mongoose disconnected
2026-02-04 10:00:50: ⚠️ Redis not available. Rate limiter "rl:auth:" using memory store (not distributed)
2026-02-04 10:00:50: ⚠️ Redis not available. Rate limiter "rl:api:" using memory store (not distributed)
2026-02-04 10:00:50: ⚠️ Redis not available. Rate limiter "rl:upload:" using memory store (not distributed)
2026-02-04 10:00:50: ⚠️ Redis not available. Rate limiter "rl:moderate:" using memory store (not distributed)
2026-02-04 10:00:50: ⚠️ Redis not available. Rate limiter "rl:read:" using memory store (not distributed)
2026-02-04 10:00:53: ⚠️ Redis not available. Rate limiter "rl:auth:" using memory store (not distributed)
2026-02-04 10:00:53: ⚠️ Redis not available. Rate limiter "rl:api:" using memory store (not distributed)
2026-02-04 10:00:53: ⚠️ Redis not available. Rate limiter "rl:upload:" using memory store (not distributed)
2026-02-04 10:00:53: ⚠️ Redis not available. Rate limiter "rl:moderate:" using memory store (not distributed)
2026-02-04 10:00:53: ⚠️ Redis not available. Rate limiter "rl:read:" using memory store (not distributed)
2026-02-04 10:00:57: ⚠️ Redis not available. Rate limiter "rl:auth:" using memory store (not distributed)
2026-02-04 10:00:57: ⚠️ Redis not available. Rate limiter "rl:api:" using memory store (not distributed)
2026-02-04 10:00:57: ⚠️ Redis not available. Rate limiter "rl:upload:" using memory store (not distributed)
2026-02-04 10:00:57: ⚠️ Redis not available. Rate limiter "rl:moderate:" using memory store (not distributed)
2026-02-04 10:00:57: ⚠️ Redis not available. Rate limiter "rl:read:" using memory store (not distributed)
2026-02-04 10:00:58: 🔌 Mongoose disconnected
2026-02-04 10:01:02: ⚠️ Redis not available. Rate limiter "rl:auth:" using memory store (not distributed)
2026-02-04 10:01:02: ⚠️ Redis not available. Rate limiter "rl:api:" using memory store (not distributed)
2026-02-04 10:01:02: ⚠️ Redis not available. Rate limiter "rl:upload:" using memory store (not distributed)
2026-02-04 10:01:02: ⚠️ Redis not available. Rate limiter "rl:moderate:" using memory store (not distributed)
2026-02-04 10:01:02: ⚠️ Redis not available. Rate limiter "rl:read:" using memory store (not distributed)
2026-02-04 10:01:03: 🔌 Mongoose disconnected
2026-02-04 10:01:06: ⚠️ Redis not available. Rate limiter "rl:auth:" using memory store (not distributed)
2026-02-04 10:01:06: ⚠️ Redis not available. Rate limiter "rl:api:" using memory store (not distributed)
2026-02-04 10:01:06: ⚠️ Redis not available. Rate limiter "rl:upload:" using memory store (not distributed)
2026-02-04 10:01:06: ⚠️ Redis not available. Rate limiter "rl:moderate:" using memory store (not distributed)
2026-02-04 10:01:06: ⚠️ Redis not available. Rate limiter "rl:read:" using memory store (not distributed)
2026-02-04 10:01:07: 🔌 Mongoose disconnected
2026-02-04 10:01:09: ⚠️ Redis not available. Rate limiter "rl:auth:" using memory store (not distributed)
2026-02-04 10:01:09: ⚠️ Redis not available. Rate limiter "rl:api:" using memory store (not distributed)
2026-02-04 10:01:09: ⚠️ Redis not available. Rate limiter "rl:upload:" using memory store (not distributed)
2026-02-04 10:01:09: ⚠️ Redis not available. Rate limiter "rl:moderate:" using memory store (not distributed)
2026-02-04 10:01:09: ⚠️ Redis not available. Rate limiter "rl:read:" using memory store (not distributed)
2026-02-04 10:01:10: 🔌 Mongoose disconnected
2026-02-04 10:01:12: ⚠️ Redis not available. Rate limiter "rl:auth:" using memory store (not distributed)
2026-02-04 10:01:12: ⚠️ Redis not available. Rate limiter "rl:api:" using memory store (not distributed)
2026-02-04 10:01:12: ⚠️ Redis not available. Rate limiter "rl:upload:" using memory store (not distributed)
2026-02-04 10:01:12: ⚠️ Redis not available. Rate limiter "rl:moderate:" using memory store (not distributed)
2026-02-04 10:01:12: ⚠️ Redis not available. Rate limiter "rl:read:" using memory store (not distributed)
2026-02-04 10:01:13: 🔌 Mongoose disconnected
2026-02-04 10:01:15: ⚠️ Redis not available. Rate limiter "rl:auth:" using memory store (not distributed)
2026-02-04 10:01:15: ⚠️ Redis not available. Rate limiter "rl:api:" using memory store (not distributed)
2026-02-04 10:01:15: ⚠️ Redis not available. Rate limiter "rl:upload:" using memory store (not distributed)
2026-02-04 10:01:15: ⚠️ Redis not available. Rate limiter "rl:moderate:" using memory store (not distributed)
2026-02-04 10:01:15: ⚠️ Redis not available. Rate limiter "rl:read:" using memory store (not distributed)
2026-02-04 10:01:16: 🔌 Mongoose disconnected
2026-02-04 10:01:18: ⚠️ Redis not available. Rate limiter "rl:auth:" using memory store (not distributed)
2026-02-04 10:01:18: ⚠️ Redis not available. Rate limiter "rl:api:" using memory store (not distributed)
2026-02-04 10:01:18: ⚠️ Redis not available. Rate limiter "rl:upload:" using memory store (not distributed)
2026-02-04 10:01:18: ⚠️ Redis not available. Rate limiter "rl:moderate:" using memory store (not distributed)
2026-02-04 10:01:18: ⚠️ Redis not available. Rate limiter "rl:read:" using memory store (not distributed)
2026-02-04 10:01:20: 🔌 Mongoose disconnected
2026-02-04 10:01:22: ⚠️ Redis not available. Rate limiter "rl:auth:" using memory store (not distributed)
2026-02-04 10:01:22: ⚠️ Redis not available. Rate limiter "rl:api:" using memory store (not distributed)
2026-02-04 10:01:22: ⚠️ Redis not available. Rate limiter "rl:upload:" using memory store (not distributed)
2026-02-04 10:01:22: ⚠️ Redis not available. Rate limiter "rl:moderate:" using memory store (not distributed)
2026-02-04 10:01:22: ⚠️ Redis not available. Rate limiter "rl:read:" using memory store (not distributed)
2026-02-04 10:01:23: 🔌 Mongoose disconnected
2026-02-04 10:01:25: ⚠️ Redis not available. Rate limiter "rl:auth:" using memory store (not distributed)
2026-02-04 10:01:25: ⚠️ Redis not available. Rate limiter "rl:api:" using memory store (not distributed)
2026-02-04 10:01:25: ⚠️ Redis not available. Rate limiter "rl:upload:" using memory store (not distributed)
2026-02-04 10:01:25: ⚠️ Redis not available. Rate limiter "rl:moderate:" using memory store (not distributed)
2026-02-04 10:01:25: ⚠️ Redis not available. Rate limiter "rl:read:" using memory store (not distributed)
2026-02-04 10:01:26: 🔌 Mongoose disconnected
2026-02-04 10:01:28: ⚠️ Redis not available. Rate limiter "rl:auth:" using memory store (not distributed)
2026-02-04 10:01:28: ⚠️ Redis not available. Rate limiter "rl:api:" using memory store (not distributed)
2026-02-04 10:01:28: ⚠️ Redis not available. Rate limiter "rl:upload:" using memory store (not distributed)
2026-02-04 10:01:28: ⚠️ Redis not available. Rate limiter "rl:moderate:" using memory store (not distributed)
2026-02-04 10:01:28: ⚠️ Redis not available. Rate limiter "rl:read:" using memory store (not distributed)
2026-02-04 10:01:29: 🔌 Mongoose disconnected
2026-02-04 10:01:32: ⚠️ Redis not available. Rate limiter "rl:auth:" using memory store (not distributed)
2026-02-04 10:01:32: ⚠️ Redis not available. Rate limiter "rl:api:" using memory store (not distributed)
2026-02-04 10:01:32: ⚠️ Redis not available. Rate limiter "rl:upload:" using memory store (not distributed)
2026-02-04 10:01:32: ⚠️ Redis not available. Rate limiter "rl:moderate:" using memory store (not distributed)
2026-02-04 10:01:32: ⚠️ Redis not available. Rate limiter "rl:read:" using memory store (not distributed)
2026-02-04 10:01:32: 🔌 Mongoose disconnected
2026-02-04 10:01:35: ⚠️ Redis not available. Rate limiter "rl:auth:" using memory store (not distributed)
2026-02-04 10:01:35: ⚠️ Redis not available. Rate limiter "rl:api:" using memory store (not distributed)
2026-02-04 10:01:35: ⚠️ Redis not available. Rate limiter "rl:upload:" using memory store (not distributed)
2026-02-04 10:01:35: ⚠️ Redis not available. Rate limiter "rl:moderate:" using memory store (not distributed)
2026-02-04 10:01:35: ⚠️ Redis not available. Rate limiter "rl:read:" using memory store (not distributed)
2026-02-04 10:01:35: 🔌 Mongoose disconnected
2026-02-04 10:03:10: ⚠️ Redis not available. Rate limiter "rl:auth:" using memory store (not distributed)
2026-02-04 10:03:10: ⚠️ Redis not available. Rate limiter "rl:api:" using memory store (not distributed)
2026-02-04 10:03:10: ⚠️ Redis not available. Rate limiter "rl:upload:" using memory store (not distributed)
2026-02-04 10:03:10: ⚠️ Redis not available. Rate limiter "rl:moderate:" using memory store (not distributed)
2026-02-04 10:03:10: ⚠️ Redis not available. Rate limiter "rl:read:" using memory store (not distributed)
