2026-01-24 16:01:51: 🔌 Socket.IO instance set successfully
2026-01-24 16:01:51: 🔌 Socket.IO instance set successfully
2026-01-24 16:01:51: ℹ️ Huawei E173 Modem Service is disabled via ENABLE_MODEM flag
2026-01-24 16:01:51: Starting Auto-Logout Job...
2026-01-24 16:01:52: ℹ️ Huawei E173 Modem Service is disabled via ENABLE_MODEM flag
2026-01-24 16:01:52: Starting Auto-Logout Job...
2026-01-24 16:01:52: 🔌 Socket.IO instance set successfully
2026-01-24 16:01:52: 2026-01-24 16:01:52 [32minfo[39m: 🚀 Server running on http://localhost:5000
2026-01-24 16:01:52: 2026-01-24 16:01:52 [32minfo[39m: 📡 Socket.IO server ready for connections
2026-01-24 16:01:52: 2026-01-24 16:01:52 [32minfo[39m: 🚀 Server running on http://localhost:5000
2026-01-24 16:01:52: 2026-01-24 16:01:52 [32minfo[39m: 📡 Socket.IO server ready for connections
2026-01-24 16:01:52: ℹ️ Huawei E173 Modem Service is disabled via ENABLE_MODEM flag
2026-01-24 16:01:52: Starting Auto-Logout Job...
2026-01-24 16:01:52: 2026-01-24 16:01:52 [32minfo[39m: 🚀 Server running on http://localhost:5000
2026-01-24 16:01:52: 2026-01-24 16:01:52 [32minfo[39m: 📡 Socket.IO server ready for connections
2026-01-24 16:01:52: 🔌 Socket.IO instance set successfully
2026-01-24 16:01:52: 📡 Mongoose connected to Atlas cluster
2026-01-24 16:01:52: ✅ MongoDB Atlas connected successfully!
2026-01-24 16:01:52: 📡 Mongoose connected to Atlas cluster
2026-01-24 16:01:52: ✅ Query model connected successfully
2026-01-24 16:01:52: ✅ MongoDB Atlas connected successfully!
2026-01-24 16:01:52: ℹ️ Huawei E173 Modem Service is disabled via ENABLE_MODEM flag
2026-01-24 16:01:52: Starting Auto-Logout Job...
2026-01-24 16:01:52: ✅ Query model connected successfully
2026-01-24 16:01:52: 2026-01-24 16:01:52 [32minfo[39m: 🚀 Server running on http://localhost:5000
2026-01-24 16:01:52: 2026-01-24 16:01:52 [32minfo[39m: 📡 Socket.IO server ready for connections
2026-01-24 16:01:52: 📡 Mongoose connected to Atlas cluster
2026-01-24 16:01:52: ✅ MongoDB Atlas connected successfully!
2026-01-24 16:01:53: ✅ Query model connected successfully
2026-01-24 16:01:53: 📡 Mongoose connected to Atlas cluster
2026-01-24 16:01:53: ✅ MongoDB Atlas connected successfully!
2026-01-24 16:01:53: ✅ Query model connected successfully
2026-01-24 16:05:15: 🔌 New socket connection: fWuoWdu3njAZK9XsAAAB
2026-01-24 16:05:15: 🔗 Socket fWuoWdu3njAZK9XsAAAB joined room user_68fcc5bfb85c2281711925bb (auto-join on connection)
2026-01-24 16:05:15: 🔗 Recorded user connection: 68fcc5bfb85c2281711925bb with socket fWuoWdu3njAZK9XsAAAB
2026-01-24 16:05:15: 🚪 Socket fWuoWdu3njAZK9XsAAAB joined user room user_68fcc5bfb85c2281711925bb
2026-01-24 16:05:15: 🚪 Socket fWuoWdu3njAZK9XsAAAB joined user room user_68fcc5bfb85c2281711925bb
2026-01-24 16:05:15: 🚪 Socket fWuoWdu3njAZK9XsAAAB joined user room user_68fcc5bfb85c2281711925bb
2026-01-24 16:05:15: 🚪 Socket fWuoWdu3njAZK9XsAAAB joined user room user_68fcc5bfb85c2281711925bb
2026-01-24 16:05:15: 🚪 Socket fWuoWdu3njAZK9XsAAAB joined user room user_68fcc5bfb85c2281711925bb
2026-01-24 16:05:15: 2026-01-24 16:05:15 [32minfo[39m: GET /api/messages/unread-count 500 24 - 168.535 ms
2026-01-24 16:05:15: 2026-01-24 16:05:15 [32minfo[39m: GET /api/messages/unread-count 500 24 - 40.753 ms
2026-01-24 16:05:15: 2026-01-24 16:05:15 [32minfo[39m: GET /api/leads 200 330568 - 180.244 ms
2026-01-24 16:05:15: 2026-01-24 16:05:15 [32minfo[39m: GET /api/attendance/2026/1 200 64079 - 201.988 ms
2026-01-24 16:05:15: 2026-01-24 16:05:15 [32minfo[39m: GET /api/leads 304 - - 110.988 ms
2026-01-24 16:05:15: 2026-01-24 16:05:15 [32minfo[39m: GET /api/attendance/2026/1 304 - - 168.339 ms
2026-01-24 16:05:18: 2026-01-24 16:05:18 [32minfo[39m: GET /api/appointments/revenue/reports 304 - - 76.340 ms
2026-01-24 16:05:18: 2026-01-24 16:05:18 [32minfo[39m: GET /api/tasks 304 - - 197.803 ms
2026-01-24 16:05:18: 2026-01-24 16:05:18 [32minfo[39m: GET /api/appointments/revenue 304 - - 267.055 ms
2026-01-24 16:05:18: 2026-01-24 16:05:18 [32minfo[39m: GET /api/attendance/range?start=2025-12-31T18:30:00.000Z&end=2026-01-31T18:29:59.999Z 200 70380 - 413.092 ms
2026-01-24 16:05:19: 2026-01-24 16:05:19 [32minfo[39m: GET /api/users/all 200 146456 - 620.845 ms
2026-01-24 16:05:19: 2026-01-24 16:05:19 [32minfo[39m: GET /api/appointments/stats?month=1&year=2026 304 - - 577.691 ms
2026-01-24 16:05:19: [DEBUG] Date range: Sat Jan 24 2026 00:00:00 GMT+0530 (India Standard Time) to Sat Jan 24 2026 23:59:59 GMT+0530 (India Standard Time)
2026-01-24 16:05:19: 2026-01-24 16:05:19 [32minfo[39m: GET /api/appointments/stats?month=12&year=2025 304 - - 87.796 ms
2026-01-24 16:05:19: [DEBUG] Appointment stats found: 0 []
2026-01-24 16:05:19: 2026-01-24 16:05:19 [32minfo[39m: GET /api/users 200 146671 - 259.288 ms
2026-01-24 16:05:19: 2026-01-24 16:05:19 [32minfo[39m: GET /api/appointments 200 56764 - 793.468 ms
2026-01-24 16:05:19: 2026-01-24 16:05:19 [32minfo[39m: GET /api/admin-status 304 - - 288.872 ms
2026-01-24 16:05:19: 2026-01-24 16:05:19 [32minfo[39m: GET /api/tasks 304 - - 231.752 ms
2026-01-24 16:05:19: 2026-01-24 16:05:19 [32minfo[39m: GET /api/appointments/revenue/reports 304 - - 89.180 ms
2026-01-24 16:05:19: 2026-01-24 16:05:19 [32minfo[39m: GET /api/appointments/stats?month=1&year=2026 304 - - 64.636 ms
2026-01-24 16:05:19: 2026-01-24 16:05:19 [32minfo[39m: GET /api/appointments/revenue 304 - - 127.017 ms
2026-01-24 16:05:19: 2026-01-24 16:05:19 [32minfo[39m: GET /api/appointments/stats?month=12&year=2025 304 - - 71.942 ms
2026-01-24 16:05:19: 2026-01-24 16:05:19 [32minfo[39m: GET /api/users/all 304 - - 172.154 ms
2026-01-24 16:05:19: 2026-01-24 16:05:19 [32minfo[39m: GET /api/admin-status 304 - - 62.308 ms
2026-01-24 16:05:19: 2026-01-24 16:05:19 [32minfo[39m: GET /api/attendance/range?start=2025-12-31T18:30:00.000Z&end=2026-01-31T18:29:59.999Z 304 - - 216.164 ms
2026-01-24 16:05:19: 2026-01-24 16:05:19 [32minfo[39m: GET /api/tasks 304 - - 156.892 ms
2026-01-24 16:05:19: 2026-01-24 16:05:19 [32minfo[39m: GET /api/appointments 304 - - 314.475 ms
2026-01-24 16:05:19: [DEBUG] Date range: Sat Jan 24 2026 00:00:00 GMT+0530 (India Standard Time) to Sat Jan 24 2026 23:59:59 GMT+0530 (India Standard Time)
2026-01-24 16:05:19: [DEBUG] Appointment stats found: 0 []
2026-01-24 16:05:19: 2026-01-24 16:05:19 [32minfo[39m: GET /api/users 304 - - 314.728 ms
2026-01-24 16:05:19: 2026-01-24 16:05:19 [32minfo[39m: GET /api/tasks 304 - - 115.968 ms
2026-01-24 16:05:22: 2026-01-24 16:05:22 [32minfo[39m: GET /api/leads 304 - - 193.738 ms
2026-01-24 16:05:22: 2026-01-24 16:05:22 [32minfo[39m: GET /api/leads 304 - - 110.246 ms
2026-01-24 16:05:24: 2026-01-24 16:05:24 [32minfo[39m: GET /api/users/me 200 13176 - 69.394 ms
2026-01-24 16:05:24: 2026-01-24 16:05:24 [32minfo[39m: GET /api/tasks 304 - - 96.923 ms
2026-01-24 16:05:24: [DEBUG] Date range: Sat Jan 24 2026 00:00:00 GMT+0530 (India Standard Time) to Sat Jan 24 2026 23:59:59 GMT+0530 (India Standard Time)
2026-01-24 16:05:24: 2026-01-24 16:05:24 [32minfo[39m: GET /api/users/me 304 - - 68.344 ms
2026-01-24 16:05:24: [DEBUG] Appointment stats found: 0 []
2026-01-24 16:05:24: 2026-01-24 16:05:24 [32minfo[39m: GET /api/users 304 - - 168.976 ms
2026-01-24 16:05:24: 2026-01-24 16:05:24 [32minfo[39m: GET /api/tasks 304 - - 115.455 ms
2026-01-24 16:05:24: [DEBUG] Date range: Sat Jan 24 2026 00:00:00 GMT+0530 (India Standard Time) to Sat Jan 24 2026 23:59:59 GMT+0530 (India Standard Time)
2026-01-24 16:05:24: [DEBUG] Appointment stats found: 0 []
2026-01-24 16:05:24: 2026-01-24 16:05:24 [32minfo[39m: GET /api/users 304 - - 118.059 ms
2026-01-24 16:05:24: 2026-01-24 16:05:24 [32minfo[39m: GET /api/queries 304 - - 104.534 ms
2026-01-24 16:05:24: 2026-01-24 16:05:24 [32minfo[39m: GET /api/reports 200 141986 - 241.934 ms
2026-01-24 16:05:24: 2026-01-24 16:05:24 [32minfo[39m: GET /api/queries 304 - - 205.548 ms
2026-01-24 16:05:25: 2026-01-24 16:05:25 [32minfo[39m: GET /api/reports 304 - - 229.812 ms
2026-01-24 16:05:27: [DEBUG] Date range: Sat Jan 24 2026 00:00:00 GMT+0530 (India Standard Time) to Sat Jan 24 2026 23:59:59 GMT+0530 (India Standard Time)
2026-01-24 16:05:27: [DEBUG] Appointment stats found: 0 []
2026-01-24 16:05:27: 2026-01-24 16:05:27 [32minfo[39m: GET /api/users 304 - - 167.729 ms
2026-01-24 16:05:27: 2026-01-24 16:05:27 [32minfo[39m: GET /api/appointments/telecaller 304 - - 183.050 ms
2026-01-24 16:05:27: [DEBUG] Date range: Sat Jan 24 2026 00:00:00 GMT+0530 (India Standard Time) to Sat Jan 24 2026 23:59:59 GMT+0530 (India Standard Time)
2026-01-24 16:05:27: [DEBUG] Appointment stats found: 0 []
2026-01-24 16:05:27: 2026-01-24 16:05:27 [32minfo[39m: GET /api/users 304 - - 140.174 ms
2026-01-24 16:05:27: 2026-01-24 16:05:27 [32minfo[39m: GET /api/appointments/telecaller 304 - - 193.564 ms
2026-01-24 16:05:28: 2026-01-24 16:05:28 [32minfo[39m: OPTIONS /api/appointments/revenue/report 200 0 - 1.090 ms
2026-01-24 16:05:28: 2026-01-24 16:05:28 [32minfo[39m: OPTIONS /api/appointments/revenue/report 200 0 - 0.524 ms
2026-01-24 16:05:28: Revenue report generation requested: { month: 12, year: 2025 }
2026-01-24 16:05:28: Revenue report generation requested: { month: 12, year: 2025 }
2026-01-24 16:05:28: [DEBUG] Date range: Sat Jan 24 2026 00:00:00 GMT+0530 (India Standard Time) to Sat Jan 24 2026 23:59:59 GMT+0530 (India Standard Time)
2026-01-24 16:05:28: Revenue report generated successfully: { month: 12, year: 2025 }
2026-01-24 16:05:28: 2026-01-24 16:05:28 [32minfo[39m: POST /api/appointments/revenue/report 200 313 - 213.855 ms
2026-01-24 16:05:28: [DEBUG] Appointment stats found: 0 []
2026-01-24 16:05:28: 2026-01-24 16:05:28 [32minfo[39m: GET /api/users 304 - - 218.382 ms
2026-01-24 16:05:28: Revenue report generated successfully: { month: 12, year: 2025 }
2026-01-24 16:05:28: 2026-01-24 16:05:28 [32minfo[39m: POST /api/appointments/revenue/report 200 313 - 222.822 ms
2026-01-24 16:05:28: 2026-01-24 16:05:28 [32minfo[39m: GET /api/appointments/all 200 58763 - 279.095 ms
2026-01-24 16:05:29: [DEBUG] Date range: Sat Jan 24 2026 00:00:00 GMT+0530 (India Standard Time) to Sat Jan 24 2026 23:59:59 GMT+0530 (India Standard Time)
2026-01-24 16:05:29: [DEBUG] Appointment stats found: 0 []
2026-01-24 16:05:29: 2026-01-24 16:05:29 [32minfo[39m: GET /api/users 304 - - 124.913 ms
2026-01-24 16:05:29: 2026-01-24 16:05:29 [32minfo[39m: GET /api/appointments/all 304 - - 238.773 ms
2026-01-24 16:05:29: 🔊 Activating Huawei E173 audio for call to Current Call
2026-01-24 16:05:29: 2026-01-24 16:05:29 [32minfo[39m: GET /api/calls/huawei-audio-status 304 - - 31.121 ms
2026-01-24 16:05:29: 2026-01-24 16:05:29 [32minfo[39m: GET /api/calls/huawei-audio-status 304 - - 29.402 ms
2026-01-24 16:05:30: 🔊 Activating Huawei E173 audio for call to Current Call
2026-01-24 16:05:30: [DEBUG] Date range: Sat Jan 24 2026 00:00:00 GMT+0530 (India Standard Time) to Sat Jan 24 2026 23:59:59 GMT+0530 (India Standard Time)
2026-01-24 16:05:30: [DEBUG] Appointment stats found: 0 []
2026-01-24 16:05:30: 2026-01-24 16:05:30 [32minfo[39m: GET /api/users 304 - - 189.112 ms
2026-01-24 16:05:30: 🔌 New socket connection: oPzHJhOt8LYgdqHmAAAC
2026-01-24 16:05:30: [DEBUG] Date range: Sat Jan 24 2026 00:00:00 GMT+0530 (India Standard Time) to Sat Jan 24 2026 23:59:59 GMT+0530 (India Standard Time)
2026-01-24 16:05:30: ⚠️ Socket oPzHJhOt8LYgdqHmAAAC connected without userId
2026-01-24 16:05:30: 2026-01-24 16:05:30 [32minfo[39m: GET /api/tasks 304 - - 317.996 ms
2026-01-24 16:05:30: [DEBUG] Appointment stats found: 0 []
2026-01-24 16:05:30: 2026-01-24 16:05:30 [32minfo[39m: GET /api/users 304 - - 161.658 ms
2026-01-24 16:05:30: 2026-01-24 16:05:30 [32minfo[39m: GET /api/tasks 304 - - 244.416 ms
2026-01-24 16:05:30: 🔌 Socket oPzHJhOt8LYgdqHmAAAC disconnected. Reason: client namespace disconnect
2026-01-24 16:05:32: 🔍 Audio devices found: 
Name             DeviceID                                     
----             --------                                     
USB Audio Device USB\VID_046D&PID_0A38&MI_00\7&12B26085&0&0000



2026-01-24 16:05:32: 📱 Huawei E173 audio device found!
2026-01-24 16:05:32: 🔍 Audio devices found: 
Name             DeviceID                                     
----             --------                                     
USB Audio Device USB\VID_046D&PID_0A38&MI_00\7&12B26085&0&0000



2026-01-24 16:05:32: 📱 Huawei E173 audio device found!
2026-01-24 16:05:32: 2026-01-24 16:05:32 [32minfo[39m: GET /api/attendance/range?start=2025-12-31T18:30:00.000Z&end=2026-01-31T18:29:59.999Z 304 - - 205.413 ms
2026-01-24 16:05:32: 2026-01-24 16:05:32 [32minfo[39m: GET /api/attendance/range?start=2025-12-31T18:30:00.000Z&end=2026-01-31T18:29:59.999Z 304 - - 213.741 ms
2026-01-24 16:05:33: 🎧 USB headset device found!
2026-01-24 16:05:33: 🎧 USB headset device found!
2026-01-24 16:05:34: ⚠️ Stereo Mix not available
2026-01-24 16:05:34: ⚠️ Stereo Mix not available
2026-01-24 16:05:34: 🔊 Communication device set to maximum volume
2026-01-24 16:05:35: 🔊 Communication device set to maximum volume
2026-01-24 16:05:35: 📊 All audio devices: 
Name                         DeviceID                                                                     StatusInfo
----                         --------                                                                     ----------
High Definition Audio Device HDAUDIO\FUNC_01&VEN_10EC&DEV_0662&SUBSYS_00000000&REV_1003\4&3AD7007D&0&0001          3
High Definition Audio Device HDAUDIO\FUNC_01&VEN_8086&DEV_2805&SUBSYS_80860101&REV_1000\4&3AD7007D&0&0301          3
USB Audio Device             USB\VID_046D&PID_0A38&MI_00\7&12B26085&0&0000                                         3



2026-01-24 16:05:35: 📊 All audio devices: 
Name                         DeviceID                                                                     StatusInfo
----                         --------                                                                     ----------
High Definition Audio Device HDAUDIO\FUNC_01&VEN_10EC&DEV_0662&SUBSYS_00000000&REV_1003\4&3AD7007D&0&0001          3
High Definition Audio Device HDAUDIO\FUNC_01&VEN_8086&DEV_2805&SUBSYS_80860101&REV_1000\4&3AD7007D&0&0301          3
USB Audio Device             USB\VID_046D&PID_0A38&MI_00\7&12B26085&0&0000                                         3



2026-01-24 16:05:35: 🔊 Volume Mixer opened - Check for Huawei/USB Audio Device
2026-01-24 16:05:35: 🔊 Huawei E173 audio routing activated!
2026-01-24 16:05:35: 📢 IMPORTANT: User must check Volume Mixer for 'USB Audio Device' and UNMUTE it
2026-01-24 16:05:35: 2026-01-24 16:05:35 [32minfo[39m: POST /api/calls/setup-huawei-audio 200 560 - 6070.128 ms
2026-01-24 16:05:38: 🔊 Volume Mixer opened - Check for Huawei/USB Audio Device
2026-01-24 16:05:38: 🔊 Huawei E173 audio routing activated!
2026-01-24 16:05:38: 📢 IMPORTANT: User must check Volume Mixer for 'USB Audio Device' and UNMUTE it
2026-01-24 16:05:38: 2026-01-24 16:05:38 [32minfo[39m: POST /api/calls/setup-huawei-audio 200 560 - 8088.969 ms
2026-01-24 16:05:45: 2026-01-24 16:05:45 [32minfo[39m: GET /api/attendance/2026/1 304 - - 133.564 ms
2026-01-24 16:05:53: 2026-01-24 16:05:53 [32minfo[39m: OPTIONS /api/attendance/manual 200 0 - 0.862 ms
2026-01-24 16:05:53: 2026-01-24 16:05:53 [32minfo[39m: POST /api/attendance/manual 200 345 - 113.038 ms
2026-01-24 16:05:53: 2026-01-24 16:05:53 [32minfo[39m: GET /api/attendance/range?start=2025-12-31T18:30:00.000Z&end=2026-01-31T18:29:59.999Z 200 70381 - 142.518 ms
2026-01-24 16:05:53: 2026-01-24 16:05:53 [32minfo[39m: GET /api/attendance/range?start=2025-12-31T18:30:00.000Z&end=2026-01-31T18:29:59.999Z 304 - - 132.016 ms
2026-01-24 16:06:15: 🔗 Recorded user connection: 68fcc5bfb85c2281711925bb with socket fWuoWdu3njAZK9XsAAAB
2026-01-24 16:06:16: 2026-01-24 16:06:16 [32minfo[39m: GET /api/attendance/2026/1 200 64080 - 128.079 ms
2026-01-24 16:06:46: 2026-01-24 16:06:46 [32minfo[39m: GET /api/attendance/2026/1 304 - - 134.377 ms
2026-01-24 16:06:52: ⏰ Session timeout check triggered at 24/1/2026, 4:06:52 pm
2026-01-24 16:06:52: ⏰ Session timeout check triggered at 24/1/2026, 4:06:51 pm
2026-01-24 16:06:52: ⏰ Session timeout check triggered at 24/1/2026, 4:06:52 pm
2026-01-24 16:06:52: ⏰ Session timeout check triggered at 24/1/2026, 4:06:52 pm
2026-01-24 16:07:15: 🔗 Recorded user connection: 68fcc5bfb85c2281711925bb with socket fWuoWdu3njAZK9XsAAAB
2026-01-24 16:07:16: 2026-01-24 16:07:16 [32minfo[39m: GET /api/attendance/2026/1 304 - - 122.078 ms
2026-01-24 16:07:46: 2026-01-24 16:07:46 [32minfo[39m: GET /api/attendance/2026/1 304 - - 123.137 ms
2026-01-24 16:08:15: 🔗 Recorded user connection: 68fcc5bfb85c2281711925bb with socket fWuoWdu3njAZK9XsAAAB
2026-01-24 16:08:16: 2026-01-24 16:08:16 [32minfo[39m: GET /api/attendance/2026/1 304 - - 135.178 ms
2026-01-24 16:09:13: 2026-01-24 16:09:13 [32minfo[39m: GET /api/attendance/2026/1 304 - - 123.506 ms
2026-01-24 16:09:15: 🔗 Recorded user connection: 68fcc5bfb85c2281711925bb with socket fWuoWdu3njAZK9XsAAAB
2026-01-24 16:10:13: 2026-01-24 16:10:13 [32minfo[39m: GET /api/attendance/2026/1 304 - - 155.605 ms
2026-01-24 16:10:15: 🔗 Recorded user connection: 68fcc5bfb85c2281711925bb with socket fWuoWdu3njAZK9XsAAAB
2026-01-24 16:11:13: 2026-01-24 16:11:13 [32minfo[39m: GET /api/attendance/2026/1 304 - - 139.759 ms
2026-01-24 16:11:15: 🔗 Recorded user connection: 68fcc5bfb85c2281711925bb with socket fWuoWdu3njAZK9XsAAAB
2026-01-24 16:11:51: ⏰ Session timeout check triggered at 24/1/2026, 4:11:51 pm
2026-01-24 16:11:52: ⏰ Session timeout check triggered at 24/1/2026, 4:11:52 pm
2026-01-24 16:11:52: ⏰ Session timeout check triggered at 24/1/2026, 4:11:52 pm
2026-01-24 16:11:52: ⏰ Session timeout check triggered at 24/1/2026, 4:11:52 pm
2026-01-24 16:12:13: 2026-01-24 16:12:13 [32minfo[39m: GET /api/attendance/2026/1 304 - - 145.556 ms
2026-01-24 16:13:13: 🔗 Recorded user connection: 68fcc5bfb85c2281711925bb with socket fWuoWdu3njAZK9XsAAAB
2026-01-24 16:13:13: 2026-01-24 16:13:13 [32minfo[39m: GET /api/attendance/2026/1 304 - - 137.115 ms
2026-01-24 16:14:13: 2026-01-24 16:14:13 [32minfo[39m: GET /api/attendance/2026/1 304 - - 130.956 ms
2026-01-24 16:15:13: 🔗 Recorded user connection: 68fcc5bfb85c2281711925bb with socket fWuoWdu3njAZK9XsAAAB
2026-01-24 16:15:13: 2026-01-24 16:15:13 [32minfo[39m: GET /api/attendance/2026/1 304 - - 166.496 ms
2026-01-24 16:16:13: 2026-01-24 16:16:13 [32minfo[39m: GET /api/attendance/2026/1 304 - - 137.859 ms
2026-01-24 16:16:52: ⏰ Session timeout check triggered at 24/1/2026, 4:16:52 pm
2026-01-24 16:16:52: ⏰ Session timeout check triggered at 24/1/2026, 4:16:52 pm
2026-01-24 16:16:52: ⏰ Session timeout check triggered at 24/1/2026, 4:16:52 pm
2026-01-24 16:16:52: ⏰ Session timeout check triggered at 24/1/2026, 4:16:52 pm
2026-01-24 16:17:13: 🔗 Recorded user connection: 68fcc5bfb85c2281711925bb with socket fWuoWdu3njAZK9XsAAAB
2026-01-24 16:17:13: 2026-01-24 16:17:13 [32minfo[39m: GET /api/attendance/2026/1 304 - - 131.493 ms
2026-01-24 16:18:13: 2026-01-24 16:18:13 [32minfo[39m: GET /api/attendance/2026/1 304 - - 158.775 ms
2026-01-24 16:19:13: 🔗 Recorded user connection: 68fcc5bfb85c2281711925bb with socket fWuoWdu3njAZK9XsAAAB
2026-01-24 16:19:13: 2026-01-24 16:19:13 [32minfo[39m: GET /api/attendance/2026/1 304 - - 157.358 ms
2026-01-24 16:20:13: 2026-01-24 16:20:13 [32minfo[39m: GET /api/attendance/2026/1 304 - - 205.005 ms
2026-01-24 16:21:14: 🔗 Recorded user connection: 68fcc5bfb85c2281711925bb with socket fWuoWdu3njAZK9XsAAAB
2026-01-24 16:21:14: 2026-01-24 16:21:14 [32minfo[39m: GET /api/attendance/2026/1 304 - - 186.776 ms
2026-01-24 16:21:52: ⏰ Session timeout check triggered at 24/1/2026, 4:21:52 pm
2026-01-24 16:21:52: ⏰ Session timeout check triggered at 24/1/2026, 4:21:52 pm
2026-01-24 16:21:52: ⏰ Session timeout check triggered at 24/1/2026, 4:21:52 pm
2026-01-24 16:21:52: ⏰ Session timeout check triggered at 24/1/2026, 4:21:52 pm
2026-01-24 16:22:13: 2026-01-24 16:22:13 [32minfo[39m: GET /api/attendance/2026/1 304 - - 162.842 ms
2026-01-24 16:23:13: 🔗 Recorded user connection: 68fcc5bfb85c2281711925bb with socket fWuoWdu3njAZK9XsAAAB
2026-01-24 16:23:13: 2026-01-24 16:23:13 [32minfo[39m: GET /api/attendance/2026/1 304 - - 131.885 ms
2026-01-24 16:23:24: 🔌 Socket fWuoWdu3njAZK9XsAAAB disconnected. Reason: transport close
2026-01-24 16:23:24: 🚫 Recorded user disconnection: 68fcc5bfb85c2281711925bb
2026-01-24 16:23:24: 👤 User undefined (68fcc5bfb85c2281711925bb) disconnected
2026-01-24 16:26:52: ⏰ Session timeout check triggered at 24/1/2026, 4:26:52 pm
2026-01-24 16:26:52: ⏰ Session timeout check triggered at 24/1/2026, 4:26:52 pm
2026-01-24 16:26:52: ⏰ Session timeout check triggered at 24/1/2026, 4:26:52 pm
2026-01-24 16:26:52: ⏰ Session timeout check triggered at 24/1/2026, 4:26:52 pm
2026-01-24 16:31:52: ⏰ Session timeout check triggered at 24/1/2026, 4:31:52 pm
2026-01-24 16:31:52: ⏰ Session timeout check triggered at 24/1/2026, 4:31:52 pm
2026-01-24 16:31:52: ⏰ Session timeout check triggered at 24/1/2026, 4:31:52 pm
2026-01-24 16:31:52: ⏰ Session timeout check triggered at 24/1/2026, 4:31:52 pm
2026-01-24 16:36:52: ⏰ Session timeout check triggered at 24/1/2026, 4:36:52 pm
2026-01-24 16:36:52: ⏰ Session timeout check triggered at 24/1/2026, 4:36:52 pm
2026-01-24 16:36:52: ⏰ Session timeout check triggered at 24/1/2026, 4:36:52 pm
2026-01-24 16:36:52: ⏰ Session timeout check triggered at 24/1/2026, 4:36:52 pm
2026-01-24 16:41:52: ⏰ Session timeout check triggered at 24/1/2026, 4:41:52 pm
2026-01-24 16:41:52: ⏰ Session timeout check triggered at 24/1/2026, 4:41:52 pm
2026-01-24 16:41:52: ⏰ Session timeout check triggered at 24/1/2026, 4:41:52 pm
2026-01-24 16:41:52: ⏰ Session timeout check triggered at 24/1/2026, 4:41:52 pm
2026-01-24 16:44:38: 🔌 New socket connection: -LRncgLWtQfkfFFQAAAD
2026-01-24 16:44:38: 🔗 Socket -LRncgLWtQfkfFFQAAAD joined room user_68fcc5bfb85c2281711925bb (auto-join on connection)
2026-01-24 16:44:38: 🔗 Recorded user connection: 68fcc5bfb85c2281711925bb with socket -LRncgLWtQfkfFFQAAAD
2026-01-24 16:44:38: 🚪 Socket -LRncgLWtQfkfFFQAAAD joined user room user_68fcc5bfb85c2281711925bb
2026-01-24 16:44:38: 🚪 Socket -LRncgLWtQfkfFFQAAAD joined user room user_68fcc5bfb85c2281711925bb
2026-01-24 16:44:38: 🚪 Socket -LRncgLWtQfkfFFQAAAD joined user room user_68fcc5bfb85c2281711925bb
2026-01-24 16:44:38: 🚪 Socket -LRncgLWtQfkfFFQAAAD joined user room user_68fcc5bfb85c2281711925bb
2026-01-24 16:44:38: 2026-01-24 16:44:38 [32minfo[39m: GET /api/messages/unread-count 500 24 - 64.350 ms
2026-01-24 16:44:38: 2026-01-24 16:44:38 [32minfo[39m: GET /api/messages/unread-count 500 24 - 32.914 ms
2026-01-24 16:44:38: 🚪 Socket -LRncgLWtQfkfFFQAAAD joined user room user_68fcc5bfb85c2281711925bb
2026-01-24 16:44:39: 2026-01-24 16:44:39 [32minfo[39m: GET /api/attendance/2026/1 304 - - 327.696 ms
2026-01-24 16:44:39: 2026-01-24 16:44:39 [32minfo[39m: GET /api/attendance/range?start=2025-12-31T18:30:00.000Z&end=2026-01-31T18:29:59.999Z 304 - - 339.702 ms
2026-01-24 16:44:39: [DEBUG] Date range: Sat Jan 24 2026 00:00:00 GMT+0530 (India Standard Time) to Sat Jan 24 2026 23:59:59 GMT+0530 (India Standard Time)
2026-01-24 16:44:39: [DEBUG] Appointment stats found: 0 []
2026-01-24 16:44:39: 2026-01-24 16:44:39 [32minfo[39m: GET /api/users 200 146671 - 405.375 ms
2026-01-24 16:44:39: 2026-01-24 16:44:39 [32minfo[39m: GET /api/attendance/2026/1 304 - - 205.489 ms
2026-01-24 16:44:39: 2026-01-24 16:44:39 [32minfo[39m: GET /api/attendance/range?start=2025-12-31T18:30:00.000Z&end=2026-01-31T18:29:59.999Z 304 - - 207.334 ms
2026-01-24 16:44:39: [DEBUG] Date range: Sat Jan 24 2026 00:00:00 GMT+0530 (India Standard Time) to Sat Jan 24 2026 23:59:59 GMT+0530 (India Standard Time)
2026-01-24 16:44:39: [DEBUG] Appointment stats found: 0 []
2026-01-24 16:44:39: 2026-01-24 16:44:39 [32minfo[39m: GET /api/users 304 - - 193.713 ms
2026-01-24 16:45:09: 2026-01-24 16:45:09 [32minfo[39m: GET /api/attendance/2026/1 200 64080 - 179.329 ms
2026-01-24 16:45:39: 🔗 Recorded user connection: 68fcc5bfb85c2281711925bb with socket -LRncgLWtQfkfFFQAAAD
2026-01-24 16:45:39: 2026-01-24 16:45:39 [32minfo[39m: GET /api/attendance/2026/1 200 64080 - 181.058 ms
2026-01-24 16:46:09: 2026-01-24 16:46:09 [32minfo[39m: GET /api/attendance/2026/1 200 64080 - 196.786 ms
2026-01-24 16:46:39: 🔗 Recorded user connection: 68fcc5bfb85c2281711925bb with socket -LRncgLWtQfkfFFQAAAD
2026-01-24 16:46:39: 2026-01-24 16:46:39 [32minfo[39m: GET /api/attendance/2026/1 200 64080 - 194.712 ms
2026-01-24 16:46:52: ⏰ Session timeout check triggered at 24/1/2026, 4:46:52 pm
2026-01-24 16:46:52: ⏰ Session timeout check triggered at 24/1/2026, 4:46:52 pm
2026-01-24 16:46:52: ⏰ Session timeout check triggered at 24/1/2026, 4:46:52 pm
2026-01-24 16:46:52: ⏰ Session timeout check triggered at 24/1/2026, 4:46:52 pm
2026-01-24 16:47:10: 2026-01-24 16:47:10 [32minfo[39m: GET /api/attendance/2026/1 200 64080 - 191.697 ms
2026-01-24 16:47:39: 🔗 Recorded user connection: 68fcc5bfb85c2281711925bb with socket -LRncgLWtQfkfFFQAAAD
2026-01-24 16:47:39: 2026-01-24 16:47:39 [32minfo[39m: GET /api/attendance/2026/1 200 64080 - 153.264 ms
2026-01-24 16:48:13: 2026-01-24 16:48:13 [32minfo[39m: GET /api/attendance/2026/1 200 64080 - 161.061 ms
2026-01-24 16:48:38: 🔗 Recorded user connection: 68fcc5bfb85c2281711925bb with socket -LRncgLWtQfkfFFQAAAD
2026-01-24 16:48:38: 2026-01-24 16:48:38 [32minfo[39m: GET /api/attendance/2026/1 200 64080 - 178.644 ms
2026-01-24 16:48:49: 🔌 Socket -LRncgLWtQfkfFFQAAAD disconnected. Reason: transport close
2026-01-24 16:48:49: 🚫 Recorded user disconnection: 68fcc5bfb85c2281711925bb
2026-01-24 16:48:49: 👤 User undefined (68fcc5bfb85c2281711925bb) disconnected
2026-01-24 16:48:51: 🔌 New socket connection: rUDJw1PVzDthLKCAAAAF
2026-01-24 16:48:51: 🔗 Socket rUDJw1PVzDthLKCAAAAF joined room user_68fcc5bfb85c2281711925bb (auto-join on connection)
2026-01-24 16:48:51: 🔗 Recorded user connection: 68fcc5bfb85c2281711925bb with socket rUDJw1PVzDthLKCAAAAF
2026-01-24 16:48:51: 2026-01-24 16:48:51 [32minfo[39m: GET /api/messages/unread-count 500 24 - 47.929 ms
2026-01-24 16:48:51: 🚪 Socket rUDJw1PVzDthLKCAAAAF joined user room user_68fcc5bfb85c2281711925bb
2026-01-24 16:48:51: 🚪 Socket rUDJw1PVzDthLKCAAAAF joined user room user_68fcc5bfb85c2281711925bb
2026-01-24 16:48:51: 🚪 Socket rUDJw1PVzDthLKCAAAAF joined user room user_68fcc5bfb85c2281711925bb
2026-01-24 16:48:51: 🚪 Socket rUDJw1PVzDthLKCAAAAF joined user room user_68fcc5bfb85c2281711925bb
2026-01-24 16:48:51: 2026-01-24 16:48:51 [32minfo[39m: GET /api/messages/unread-count 500 24 - 43.629 ms
2026-01-24 16:48:51: 🚪 Socket rUDJw1PVzDthLKCAAAAF joined user room user_68fcc5bfb85c2281711925bb
2026-01-24 16:48:51: 2026-01-24 16:48:51 [32minfo[39m: GET /api/attendance/2026/1 304 - - 216.459 ms
2026-01-24 16:48:51: [DEBUG] Date range: Sat Jan 24 2026 00:00:00 GMT+0530 (India Standard Time) to Sat Jan 24 2026 23:59:59 GMT+0530 (India Standard Time)
2026-01-24 16:48:51: [DEBUG] Appointment stats found: 0 []
2026-01-24 16:48:51: 2026-01-24 16:48:51 [32minfo[39m: GET /api/users 200 146671 - 240.089 ms
2026-01-24 16:48:51: 2026-01-24 16:48:51 [32minfo[39m: GET /api/attendance/2026/1 304 - - 217.927 ms
2026-01-24 16:48:52: [DEBUG] Date range: Sat Jan 24 2026 00:00:00 GMT+0530 (India Standard Time) to Sat Jan 24 2026 23:59:59 GMT+0530 (India Standard Time)
2026-01-24 16:48:52: [DEBUG] Appointment stats found: 0 []
2026-01-24 16:48:52: 2026-01-24 16:48:52 [32minfo[39m: GET /api/users 304 - - 174.279 ms
2026-01-24 16:48:52: 2026-01-24 16:48:52 [32minfo[39m: GET /api/attendance/range?start=2025-12-31T18:30:00.000Z&end=2026-01-31T18:29:59.999Z 304 - - 523.478 ms
2026-01-24 16:48:52: 2026-01-24 16:48:52 [32minfo[39m: GET /api/attendance/range?start=2025-12-31T18:30:00.000Z&end=2026-01-31T18:29:59.999Z 304 - - 361.054 ms
2026-01-24 16:49:22: 2026-01-24 16:49:22 [32minfo[39m: GET /api/attendance/2026/1 200 64080 - 384.726 ms
2026-01-24 16:49:51: 🔗 Recorded user connection: 68fcc5bfb85c2281711925bb with socket rUDJw1PVzDthLKCAAAAF
2026-01-24 16:49:54: 2026-01-24 16:49:54 [32minfo[39m: GET /api/attendance/2026/1 200 64080 - 1419.833 ms
2026-01-24 16:50:18: 🔌 Socket.IO instance set successfully
2026-01-24 16:50:18: 🔌 Socket.IO instance set successfully
2026-01-24 16:50:18: 🔌 Socket.IO instance set successfully
2026-01-24 16:50:18: 🔌 Socket.IO instance set successfully
2026-01-24 16:50:18: ℹ️ Huawei E173 Modem Service is disabled via ENABLE_MODEM flag
2026-01-24 16:50:18: Starting Auto-Logout Job...
2026-01-24 16:50:18: ℹ️ Huawei E173 Modem Service is disabled via ENABLE_MODEM flag
2026-01-24 16:50:18: Starting Auto-Logout Job...
2026-01-24 16:50:19: ℹ️ Huawei E173 Modem Service is disabled via ENABLE_MODEM flag
2026-01-24 16:50:19: Starting Auto-Logout Job...
2026-01-24 16:50:19: ℹ️ Huawei E173 Modem Service is disabled via ENABLE_MODEM flag
2026-01-24 16:50:19: Starting Auto-Logout Job...
2026-01-24 16:50:19: 2026-01-24 16:50:19 [32minfo[39m: 🚀 Server running on http://localhost:5000
2026-01-24 16:50:19: 2026-01-24 16:50:19 [32minfo[39m: 📡 Socket.IO server ready for connections
2026-01-24 16:50:19: 2026-01-24 16:50:19 [32minfo[39m: 🚀 Server running on http://localhost:5000
2026-01-24 16:50:19: 2026-01-24 16:50:19 [32minfo[39m: 📡 Socket.IO server ready for connections
2026-01-24 16:50:19: 2026-01-24 16:50:19 [32minfo[39m: 🚀 Server running on http://localhost:5000
2026-01-24 16:50:19: 2026-01-24 16:50:19 [32minfo[39m: 🚀 Server running on http://localhost:5000
2026-01-24 16:50:19: 2026-01-24 16:50:19 [32minfo[39m: 📡 Socket.IO server ready for connections
2026-01-24 16:50:19: 2026-01-24 16:50:19 [32minfo[39m: 📡 Socket.IO server ready for connections
2026-01-24 16:50:19: 📡 Mongoose connected to Atlas cluster
2026-01-24 16:50:19: 📡 Mongoose connected to Atlas cluster
2026-01-24 16:50:19: 📡 Mongoose connected to Atlas cluster
2026-01-24 16:50:19: 📡 Mongoose connected to Atlas cluster
2026-01-24 16:50:19: ✅ MongoDB Atlas connected successfully!
2026-01-24 16:50:19: ✅ MongoDB Atlas connected successfully!
2026-01-24 16:50:19: ✅ MongoDB Atlas connected successfully!
2026-01-24 16:50:19: ✅ MongoDB Atlas connected successfully!
2026-01-24 16:50:19: ✅ Query model connected successfully
2026-01-24 16:50:19: ✅ Query model connected successfully
2026-01-24 16:50:19: ✅ Query model connected successfully
2026-01-24 16:50:19: ✅ Query model connected successfully
2026-01-24 16:50:20: 🔌 New socket connection: I9PbhbkhAc0GjSDGAAAB
2026-01-24 16:50:20: 🔗 Socket I9PbhbkhAc0GjSDGAAAB joined room user_68fcc5bfb85c2281711925bb (auto-join on connection)
2026-01-24 16:50:20: 🔗 Recorded user connection: 68fcc5bfb85c2281711925bb with socket I9PbhbkhAc0GjSDGAAAB
2026-01-24 16:50:22: 2026-01-24 16:50:22 [32minfo[39m: GET /api/attendance/2026/1 200 64080 - 295.718 ms
2026-01-24 16:50:51: 🔗 Recorded user connection: 68fcc5bfb85c2281711925bb with socket I9PbhbkhAc0GjSDGAAAB
2026-01-24 16:50:52: 2026-01-24 16:50:52 [32minfo[39m: GET /api/attendance/2026/1 200 64080 - 185.459 ms
2026-01-24 16:51:22: 2026-01-24 16:51:22 [32minfo[39m: GET /api/attendance/2026/1 200 64080 - 256.188 ms
2026-01-24 16:51:51: 🔗 Recorded user connection: 68fcc5bfb85c2281711925bb with socket I9PbhbkhAc0GjSDGAAAB
2026-01-24 16:51:52: 2026-01-24 16:51:52 [32minfo[39m: GET /api/attendance/2026/1 200 64080 - 230.679 ms
2026-01-24 16:52:51: 🔗 Recorded user connection: 68fcc5bfb85c2281711925bb with socket I9PbhbkhAc0GjSDGAAAB
2026-01-24 16:53:14: 2026-01-24 16:53:14 [32minfo[39m: GET /api/attendance/2026/1 200 64080 - 248.546 ms
2026-01-24 16:53:35: 🔌 Socket.IO instance set successfully
2026-01-24 16:53:36: ℹ️ Huawei E173 Modem Service is disabled via ENABLE_MODEM flag
2026-01-24 16:53:36: Starting Auto-Logout Job...
2026-01-24 16:53:36: 2026-01-24 16:53:36 [32minfo[39m: 🚀 Server running on http://localhost:5000
2026-01-24 16:53:36: 2026-01-24 16:53:36 [32minfo[39m: 📡 Socket.IO server ready for connections
2026-01-24 16:53:36: 🔌 New socket connection: 6jkO5Zy5_XrHL2-yAAAB
2026-01-24 16:53:36: 🔗 Socket 6jkO5Zy5_XrHL2-yAAAB joined room user_68fcc5bfb85c2281711925bb (auto-join on connection)
2026-01-24 16:53:36: 🔗 Recorded user connection: 68fcc5bfb85c2281711925bb with socket 6jkO5Zy5_XrHL2-yAAAB
2026-01-24 16:53:36: 📡 Mongoose connected to Atlas cluster
2026-01-24 16:53:36: ✅ MongoDB Atlas connected successfully!
2026-01-24 16:53:37: ✅ Query model connected successfully
2026-01-24 16:53:51: 🔗 Recorded user connection: 68fcc5bfb85c2281711925bb with socket 6jkO5Zy5_XrHL2-yAAAB
2026-01-24 16:54:38: 🔌 Socket.IO instance set successfully
2026-01-24 16:54:38: ℹ️ Huawei E173 Modem Service is disabled via ENABLE_MODEM flag
2026-01-24 16:54:38: Starting Auto-Logout Job...
2026-01-24 16:54:38: 2026-01-24 16:54:38 [32minfo[39m: 🚀 Server running on http://localhost:5000
2026-01-24 16:54:38: 2026-01-24 16:54:38 [32minfo[39m: 📡 Socket.IO server ready for connections
2026-01-24 16:54:38: 🔌 New socket connection: 3RLWI9_JU-ntlHLNAAAB
2026-01-24 16:54:38: 🔗 Socket 3RLWI9_JU-ntlHLNAAAB joined room user_68fcc5bfb85c2281711925bb (auto-join on connection)
2026-01-24 16:54:38: 🔗 Recorded user connection: 68fcc5bfb85c2281711925bb with socket 3RLWI9_JU-ntlHLNAAAB
2026-01-24 16:54:38: 🚪 Socket 3RLWI9_JU-ntlHLNAAAB joined user room user_68fcc5bfb85c2281711925bb
2026-01-24 16:54:39: 📡 Mongoose connected to Atlas cluster
2026-01-24 16:54:39: ✅ MongoDB Atlas connected successfully!
2026-01-24 16:54:39: ✅ Query model connected successfully
2026-01-24 16:54:39: 🚪 Socket 3RLWI9_JU-ntlHLNAAAB joined user room user_68fcc5bfb85c2281711925bb
2026-01-24 16:54:39: 🚪 Socket 3RLWI9_JU-ntlHLNAAAB joined user room user_68fcc5bfb85c2281711925bb
2026-01-24 16:54:39: 🚪 Socket 3RLWI9_JU-ntlHLNAAAB joined user room user_68fcc5bfb85c2281711925bb
2026-01-24 16:54:39: 🚪 Socket 3RLWI9_JU-ntlHLNAAAB joined user room user_68fcc5bfb85c2281711925bb
2026-01-24 16:54:48: [DEBUG] Date range: Sat Jan 24 2026 00:00:00 GMT+0530 (India Standard Time) to Sat Jan 24 2026 23:59:59 GMT+0530 (India Standard Time)
2026-01-24 16:54:48: [DEBUG] Appointment stats found: 0 []
2026-01-24 16:54:49: 2026-01-24 16:54:49 [32minfo[39m: GET /api/users 200 146671 - 401.109 ms
2026-01-24 16:54:49: 2026-01-24 16:54:49 [32minfo[39m: GET /api/attendance/2026/1 200 64080 - 569.958 ms
2026-01-24 16:54:49: 2026-01-24 16:54:49 [32minfo[39m: GET /api/attendance/range?start=2025-12-31T18:30:00.000Z&end=2026-01-31T18:29:59.999Z 200 70381 - 545.080 ms
2026-01-24 16:54:49: 2026-01-24 16:54:49 [32minfo[39m: GET /api/attendance/2026/1 200 64080 - 571.497 ms
2026-01-24 16:54:49: [DEBUG] Date range: Sat Jan 24 2026 00:00:00 GMT+0530 (India Standard Time) to Sat Jan 24 2026 23:59:59 GMT+0530 (India Standard Time)
2026-01-24 16:54:49: [DEBUG] Appointment stats found: 0 []
2026-01-24 16:54:49: 2026-01-24 16:54:49 [32minfo[39m: GET /api/users 200 146671 - 623.909 ms
2026-01-24 16:54:49: 2026-01-24 16:54:49 [32minfo[39m: GET /api/attendance/range?start=2025-12-31T18:30:00.000Z&end=2026-01-31T18:29:59.999Z 200 70381 - 384.215 ms
2026-01-24 16:55:12: 2026-01-24 16:55:12 [32minfo[39m: GET /api/attendance/2026/1 200 64080 - 181.324 ms
2026-01-24 16:55:24: 🔗 Recorded user connection: 68fcc5bfb85c2281711925bb with socket 3RLWI9_JU-ntlHLNAAAB
2026-01-24 16:55:42: 2026-01-24 16:55:42 [32minfo[39m: GET /api/attendance/2026/1 200 64080 - 175.323 ms
2026-01-24 16:56:12: 2026-01-24 16:56:12 [32minfo[39m: GET /api/attendance/2026/1 200 64080 - 183.060 ms
2026-01-24 16:56:15: 🔌 Socket 3RLWI9_JU-ntlHLNAAAB disconnected. Reason: transport close
2026-01-24 16:56:15: 🚫 Recorded user disconnection: 68fcc5bfb85c2281711925bb
2026-01-24 16:56:15: 👤 User undefined (68fcc5bfb85c2281711925bb) disconnected
2026-01-24 16:56:17: 🔌 New socket connection: C3MvlegLN-IJzAdDAAAD
2026-01-24 16:56:17: 🔗 Socket C3MvlegLN-IJzAdDAAAD joined room user_68fcc5bfb85c2281711925bb (auto-join on connection)
2026-01-24 16:56:17: 🔗 Recorded user connection: 68fcc5bfb85c2281711925bb with socket C3MvlegLN-IJzAdDAAAD
2026-01-24 16:56:17: 🚪 Socket C3MvlegLN-IJzAdDAAAD joined user room user_68fcc5bfb85c2281711925bb
2026-01-24 16:56:17: 🚪 Socket C3MvlegLN-IJzAdDAAAD joined user room user_68fcc5bfb85c2281711925bb
2026-01-24 16:56:17: 🚪 Socket C3MvlegLN-IJzAdDAAAD joined user room user_68fcc5bfb85c2281711925bb
2026-01-24 16:56:17: 🚪 Socket C3MvlegLN-IJzAdDAAAD joined user room user_68fcc5bfb85c2281711925bb
2026-01-24 16:56:17: 🚪 Socket C3MvlegLN-IJzAdDAAAD joined user room user_68fcc5bfb85c2281711925bb
2026-01-24 16:56:17: 🔍 [DEBUG] Unread count endpoint hit
2026-01-24 16:56:17: 🔍 [DEBUG] req.user exists: true
2026-01-24 16:56:17: 🔍 [DEBUG] req.user.id: 68fcc5bfb85c2281711925bb
2026-01-24 16:56:17: 🔍 [DEBUG] req.user._id: new ObjectId('68fcc5bfb85c2281711925bb')
2026-01-24 16:56:17: 🔍 [DEBUG] Extracted user ID: 68fcc5bfb85c2281711925bb
2026-01-24 16:56:17: 📬 Fetching unread count for user: 68fcc5bfb85c2281711925bb
2026-01-24 16:56:17: 🔍 [DEBUG] About to query database...
2026-01-24 16:56:17: 📬 Unread count result: 4
2026-01-24 16:56:17: 2026-01-24 16:56:17 [32minfo[39m: GET /api/messages/unread-count 200 17 - 99.765 ms
2026-01-24 16:56:17: 🔍 [DEBUG] Unread count endpoint hit
2026-01-24 16:56:17: 🔍 [DEBUG] req.user exists: true
2026-01-24 16:56:17: 🔍 [DEBUG] req.user.id: 68fcc5bfb85c2281711925bb
2026-01-24 16:56:17: 🔍 [DEBUG] req.user._id: new ObjectId('68fcc5bfb85c2281711925bb')
2026-01-24 16:56:17: 🔍 [DEBUG] Extracted user ID: 68fcc5bfb85c2281711925bb
2026-01-24 16:56:17: 📬 Fetching unread count for user: 68fcc5bfb85c2281711925bb
2026-01-24 16:56:17: 🔍 [DEBUG] About to query database...
2026-01-24 16:56:17: 📬 Unread count result: 4
2026-01-24 16:56:17: 2026-01-24 16:56:17 [32minfo[39m: GET /api/messages/unread-count 200 17 - 94.472 ms
2026-01-24 16:56:17: 🔌 Socket C3MvlegLN-IJzAdDAAAD disconnected. Reason: transport close
2026-01-24 16:56:17: 🚫 Recorded user disconnection: 68fcc5bfb85c2281711925bb
2026-01-24 16:56:17: 👤 User undefined (68fcc5bfb85c2281711925bb) disconnected
2026-01-24 16:56:19: 🔌 New socket connection: 7XTWz0lr0puNKDsxAAAF
2026-01-24 16:56:19: 🔗 Socket 7XTWz0lr0puNKDsxAAAF joined room user_68fcc5bfb85c2281711925bb (auto-join on connection)
2026-01-24 16:56:19: 🔗 Recorded user connection: 68fcc5bfb85c2281711925bb with socket 7XTWz0lr0puNKDsxAAAF
2026-01-24 16:56:19: 🚪 Socket 7XTWz0lr0puNKDsxAAAF joined user room user_68fcc5bfb85c2281711925bb
2026-01-24 16:56:19: 🚪 Socket 7XTWz0lr0puNKDsxAAAF joined user room user_68fcc5bfb85c2281711925bb
2026-01-24 16:56:19: 🚪 Socket 7XTWz0lr0puNKDsxAAAF joined user room user_68fcc5bfb85c2281711925bb
2026-01-24 16:56:19: 🚪 Socket 7XTWz0lr0puNKDsxAAAF joined user room user_68fcc5bfb85c2281711925bb
2026-01-24 16:56:19: 🔍 [DEBUG] Unread count endpoint hit
2026-01-24 16:56:19: 🔍 [DEBUG] req.user exists: true
2026-01-24 16:56:19: 🔍 [DEBUG] req.user.id: 68fcc5bfb85c2281711925bb
2026-01-24 16:56:19: 🔍 [DEBUG] req.user._id: new ObjectId('68fcc5bfb85c2281711925bb')
2026-01-24 16:56:19: 🔍 [DEBUG] Extracted user ID: 68fcc5bfb85c2281711925bb
2026-01-24 16:56:19: 📬 Fetching unread count for user: 68fcc5bfb85c2281711925bb
2026-01-24 16:56:19: 🔍 [DEBUG] About to query database...
2026-01-24 16:56:19: 🔍 [DEBUG] Unread count endpoint hit
2026-01-24 16:56:19: 🔍 [DEBUG] req.user exists: true
2026-01-24 16:56:19: 🔍 [DEBUG] req.user.id: 68fcc5bfb85c2281711925bb
2026-01-24 16:56:19: 🔍 [DEBUG] req.user._id: new ObjectId('68fcc5bfb85c2281711925bb')
2026-01-24 16:56:19: 🔍 [DEBUG] Extracted user ID: 68fcc5bfb85c2281711925bb
2026-01-24 16:56:19: 📬 Fetching unread count for user: 68fcc5bfb85c2281711925bb
2026-01-24 16:56:19: 🔍 [DEBUG] About to query database...
2026-01-24 16:56:19: 📬 Unread count result: 4
2026-01-24 16:56:19: 2026-01-24 16:56:19 [32minfo[39m: GET /api/messages/unread-count 200 17 - 101.293 ms
2026-01-24 16:56:19: 📬 Unread count result: 4
2026-01-24 16:56:19: 2026-01-24 16:56:19 [32minfo[39m: GET /api/messages/unread-count 200 17 - 90.499 ms
2026-01-24 16:56:19: 🚪 Socket 7XTWz0lr0puNKDsxAAAF joined user room user_68fcc5bfb85c2281711925bb
2026-01-24 16:56:20: 2026-01-24 16:56:20 [32minfo[39m: GET /api/attendance/2026/1 200 64080 - 570.081 ms
2026-01-24 16:56:20: 2026-01-24 16:56:20 [32minfo[39m: GET /api/attendance/range?start=2025-12-31T18:30:00.000Z&end=2026-01-31T18:29:59.999Z 200 70381 - 579.540 ms
2026-01-24 16:56:20: [DEBUG] Date range: Sat Jan 24 2026 00:00:00 GMT+0530 (India Standard Time) to Sat Jan 24 2026 23:59:59 GMT+0530 (India Standard Time)
2026-01-24 16:56:20: [DEBUG] Appointment stats found: 0 []
2026-01-24 16:56:20: 2026-01-24 16:56:20 [32minfo[39m: GET /api/users 200 146671 - 623.561 ms
2026-01-24 16:56:20: 2026-01-24 16:56:20 [32minfo[39m: GET /api/attendance/2026/1 200 64080 - 674.103 ms
2026-01-24 16:56:20: [DEBUG] Date range: Sat Jan 24 2026 00:00:00 GMT+0530 (India Standard Time) to Sat Jan 24 2026 23:59:59 GMT+0530 (India Standard Time)
2026-01-24 16:56:20: [DEBUG] Appointment stats found: 0 []
2026-01-24 16:56:20: 2026-01-24 16:56:20 [32minfo[39m: GET /api/users 200 146671 - 744.294 ms
2026-01-24 16:56:20: 2026-01-24 16:56:20 [32minfo[39m: GET /api/attendance/range?start=2025-12-31T18:30:00.000Z&end=2026-01-31T18:29:59.999Z 200 70381 - 740.273 ms
2026-01-24 16:56:22: 🔌 Socket 7XTWz0lr0puNKDsxAAAF disconnected. Reason: transport close
2026-01-24 16:56:22: 🚫 Recorded user disconnection: 68fcc5bfb85c2281711925bb
2026-01-24 16:56:22: 👤 User undefined (68fcc5bfb85c2281711925bb) disconnected
2026-01-24 16:56:23: 🔌 New socket connection: MRkx94muK4rtqX0kAAAH
2026-01-24 16:56:23: 🔗 Socket MRkx94muK4rtqX0kAAAH joined room user_68fcc5bfb85c2281711925bb (auto-join on connection)
2026-01-24 16:56:23: 🔗 Recorded user connection: 68fcc5bfb85c2281711925bb with socket MRkx94muK4rtqX0kAAAH
2026-01-24 16:56:24: 🚪 Socket MRkx94muK4rtqX0kAAAH joined user room user_68fcc5bfb85c2281711925bb
2026-01-24 16:56:24: 🚪 Socket MRkx94muK4rtqX0kAAAH joined user room user_68fcc5bfb85c2281711925bb
2026-01-24 16:56:24: 🚪 Socket MRkx94muK4rtqX0kAAAH joined user room user_68fcc5bfb85c2281711925bb
2026-01-24 16:56:24: 🚪 Socket MRkx94muK4rtqX0kAAAH joined user room user_68fcc5bfb85c2281711925bb
2026-01-24 16:56:24: 🚪 Socket MRkx94muK4rtqX0kAAAH joined user room user_68fcc5bfb85c2281711925bb
2026-01-24 16:56:24: 🔍 [DEBUG] Unread count endpoint hit
2026-01-24 16:56:24: 🔍 [DEBUG] req.user exists: true
2026-01-24 16:56:24: 🔍 [DEBUG] req.user.id: 68fcc5bfb85c2281711925bb
2026-01-24 16:56:24: 🔍 [DEBUG] req.user._id: new ObjectId('68fcc5bfb85c2281711925bb')
2026-01-24 16:56:24: 🔍 [DEBUG] Extracted user ID: 68fcc5bfb85c2281711925bb
2026-01-24 16:56:24: 📬 Fetching unread count for user: 68fcc5bfb85c2281711925bb
2026-01-24 16:56:24: 🔍 [DEBUG] About to query database...
2026-01-24 16:56:24: 🔍 [DEBUG] Unread count endpoint hit
2026-01-24 16:56:24: 🔍 [DEBUG] req.user exists: true
2026-01-24 16:56:24: 🔍 [DEBUG] req.user.id: 68fcc5bfb85c2281711925bb
2026-01-24 16:56:24: 🔍 [DEBUG] req.user._id: new ObjectId('68fcc5bfb85c2281711925bb')
2026-01-24 16:56:24: 🔍 [DEBUG] Extracted user ID: 68fcc5bfb85c2281711925bb
2026-01-24 16:56:24: 📬 Fetching unread count for user: 68fcc5bfb85c2281711925bb
2026-01-24 16:56:24: 🔍 [DEBUG] About to query database...
2026-01-24 16:56:24: 📬 Unread count result: 4
2026-01-24 16:56:24: 2026-01-24 16:56:24 [32minfo[39m: GET /api/messages/unread-count 200 17 - 92.453 ms
2026-01-24 16:56:24: 📬 Unread count result: 4
2026-01-24 16:56:24: 2026-01-24 16:56:24 [32minfo[39m: GET /api/messages/unread-count 200 17 - 88.475 ms
2026-01-24 16:56:25: 2026-01-24 16:56:25 [32minfo[39m: GET /api/attendance/2026/1 200 64080 - 356.545 ms
2026-01-24 16:56:25: 2026-01-24 16:56:25 [32minfo[39m: GET /api/attendance/range?start=2025-12-31T18:30:00.000Z&end=2026-01-31T18:29:59.999Z 200 70381 - 380.785 ms
2026-01-24 16:56:25: 2026-01-24 16:56:25 [32minfo[39m: GET /api/attendance/2026/1 200 64080 - 421.504 ms
2026-01-24 16:56:25: 2026-01-24 16:56:25 [32minfo[39m: GET /api/attendance/range?start=2025-12-31T18:30:00.000Z&end=2026-01-31T18:29:59.999Z 200 70381 - 455.440 ms
2026-01-24 16:56:25: [DEBUG] Date range: Sat Jan 24 2026 00:00:00 GMT+0530 (India Standard Time) to Sat Jan 24 2026 23:59:59 GMT+0530 (India Standard Time)
2026-01-24 16:56:25: [DEBUG] Appointment stats found: 0 []
2026-01-24 16:56:25: 2026-01-24 16:56:25 [32minfo[39m: GET /api/users 200 146671 - 550.064 ms
2026-01-24 16:56:25: [DEBUG] Date range: Sat Jan 24 2026 00:00:00 GMT+0530 (India Standard Time) to Sat Jan 24 2026 23:59:59 GMT+0530 (India Standard Time)
2026-01-24 16:56:25: [DEBUG] Appointment stats found: 0 []
2026-01-24 16:56:25: 2026-01-24 16:56:25 [32minfo[39m: GET /api/users 200 146671 - 617.404 ms
2026-01-24 16:56:27: 🔌 Socket MRkx94muK4rtqX0kAAAH disconnected. Reason: transport close
2026-01-24 16:56:27: 🚫 Recorded user disconnection: 68fcc5bfb85c2281711925bb
2026-01-24 16:56:27: 👤 User undefined (68fcc5bfb85c2281711925bb) disconnected
2026-01-24 16:56:29: 🔌 New socket connection: 1cXIeVoVrAOZcEyMAAAJ
2026-01-24 16:56:29: 🔗 Socket 1cXIeVoVrAOZcEyMAAAJ joined room user_68fcc5bfb85c2281711925bb (auto-join on connection)
2026-01-24 16:56:29: 🔗 Recorded user connection: 68fcc5bfb85c2281711925bb with socket 1cXIeVoVrAOZcEyMAAAJ
2026-01-24 16:56:29: 🚪 Socket 1cXIeVoVrAOZcEyMAAAJ joined user room user_68fcc5bfb85c2281711925bb
2026-01-24 16:56:29: 🚪 Socket 1cXIeVoVrAOZcEyMAAAJ joined user room user_68fcc5bfb85c2281711925bb
2026-01-24 16:56:29: 🚪 Socket 1cXIeVoVrAOZcEyMAAAJ joined user room user_68fcc5bfb85c2281711925bb
2026-01-24 16:56:29: 🚪 Socket 1cXIeVoVrAOZcEyMAAAJ joined user room user_68fcc5bfb85c2281711925bb
2026-01-24 16:56:29: 🔍 [DEBUG] Unread count endpoint hit
2026-01-24 16:56:29: 🔍 [DEBUG] req.user exists: true
2026-01-24 16:56:29: 🔍 [DEBUG] req.user.id: 68fcc5bfb85c2281711925bb
2026-01-24 16:56:29: 🔍 [DEBUG] req.user._id: new ObjectId('68fcc5bfb85c2281711925bb')
2026-01-24 16:56:29: 🔍 [DEBUG] Extracted user ID: 68fcc5bfb85c2281711925bb
2026-01-24 16:56:29: 📬 Fetching unread count for user: 68fcc5bfb85c2281711925bb
2026-01-24 16:56:29: 🔍 [DEBUG] About to query database...
2026-01-24 16:56:29: 🔍 [DEBUG] Unread count endpoint hit
2026-01-24 16:56:29: 🔍 [DEBUG] req.user exists: true
2026-01-24 16:56:29: 🔍 [DEBUG] req.user.id: 68fcc5bfb85c2281711925bb
2026-01-24 16:56:29: 🔍 [DEBUG] req.user._id: new ObjectId('68fcc5bfb85c2281711925bb')
2026-01-24 16:56:29: 🔍 [DEBUG] Extracted user ID: 68fcc5bfb85c2281711925bb
2026-01-24 16:56:29: 📬 Fetching unread count for user: 68fcc5bfb85c2281711925bb
2026-01-24 16:56:29: 🔍 [DEBUG] About to query database...
2026-01-24 16:56:29: 📬 Unread count result: 4
2026-01-24 16:56:29: 2026-01-24 16:56:29 [32minfo[39m: GET /api/messages/unread-count 200 17 - 91.970 ms
2026-01-24 16:56:29: 📬 Unread count result: 4
2026-01-24 16:56:29: 2026-01-24 16:56:29 [32minfo[39m: GET /api/messages/unread-count 200 17 - 102.394 ms
2026-01-24 16:56:29: 🚪 Socket 1cXIeVoVrAOZcEyMAAAJ joined user room user_68fcc5bfb85c2281711925bb
2026-01-24 16:56:29: 🔌 Socket 1cXIeVoVrAOZcEyMAAAJ disconnected. Reason: transport close
2026-01-24 16:56:29: 🚫 Recorded user disconnection: 68fcc5bfb85c2281711925bb
2026-01-24 16:56:29: 👤 User undefined (68fcc5bfb85c2281711925bb) disconnected
2026-01-24 16:56:32: 🔍 [DEBUG] Unread count endpoint hit
2026-01-24 16:56:32: 🔍 [DEBUG] req.user exists: true
2026-01-24 16:56:32: 🔍 [DEBUG] req.user.id: 68fcc5bfb85c2281711925bb
2026-01-24 16:56:32: 🔍 [DEBUG] req.user._id: new ObjectId('68fcc5bfb85c2281711925bb')
2026-01-24 16:56:32: 🔍 [DEBUG] Extracted user ID: 68fcc5bfb85c2281711925bb
2026-01-24 16:56:32: 📬 Fetching unread count for user: 68fcc5bfb85c2281711925bb
2026-01-24 16:56:32: 🔍 [DEBUG] About to query database...
2026-01-24 16:56:32: 🔍 [DEBUG] Unread count endpoint hit
2026-01-24 16:56:32: 🔍 [DEBUG] req.user exists: true
2026-01-24 16:56:32: 🔍 [DEBUG] req.user.id: 68fcc5bfb85c2281711925bb
2026-01-24 16:56:32: 🔍 [DEBUG] req.user._id: new ObjectId('68fcc5bfb85c2281711925bb')
2026-01-24 16:56:32: 🔍 [DEBUG] Extracted user ID: 68fcc5bfb85c2281711925bb
2026-01-24 16:56:32: 📬 Fetching unread count for user: 68fcc5bfb85c2281711925bb
2026-01-24 16:56:32: 🔍 [DEBUG] About to query database...
2026-01-24 16:56:32: 📬 Unread count result: 4
2026-01-24 16:56:32: 2026-01-24 16:56:32 [32minfo[39m: GET /api/messages/unread-count 200 17 - 99.176 ms
2026-01-24 16:56:32: 📬 Unread count result: 4
2026-01-24 16:56:32: 2026-01-24 16:56:32 [32minfo[39m: GET /api/messages/unread-count 200 17 - 101.676 ms
2026-01-24 16:56:32: 🔌 New socket connection: 2i3MMFeM-cxIbUk2AAAL
2026-01-24 16:56:32: 🔗 Socket 2i3MMFeM-cxIbUk2AAAL joined room user_68fcc5bfb85c2281711925bb (auto-join on connection)
2026-01-24 16:56:32: 🔗 Recorded user connection: 68fcc5bfb85c2281711925bb with socket 2i3MMFeM-cxIbUk2AAAL
2026-01-24 16:56:32: 🚪 Socket 2i3MMFeM-cxIbUk2AAAL joined user room user_68fcc5bfb85c2281711925bb
2026-01-24 16:56:32: 🚪 Socket 2i3MMFeM-cxIbUk2AAAL joined user room user_68fcc5bfb85c2281711925bb
2026-01-24 16:56:32: 🚪 Socket 2i3MMFeM-cxIbUk2AAAL joined user room user_68fcc5bfb85c2281711925bb
2026-01-24 16:56:32: 🚪 Socket 2i3MMFeM-cxIbUk2AAAL joined user room user_68fcc5bfb85c2281711925bb
2026-01-24 16:56:32: 🚪 Socket 2i3MMFeM-cxIbUk2AAAL joined user room user_68fcc5bfb85c2281711925bb
2026-01-24 16:56:34: 2026-01-24 16:56:34 [32minfo[39m: GET /api/attendance/2026/1 200 64080 - 178.820 ms
2026-01-24 16:56:34: [DEBUG] Date range: Sat Jan 24 2026 00:00:00 GMT+0530 (India Standard Time) to Sat Jan 24 2026 23:59:59 GMT+0530 (India Standard Time)
2026-01-24 16:56:34: [DEBUG] Appointment stats found: 0 []
2026-01-24 16:56:34: 2026-01-24 16:56:34 [32minfo[39m: GET /api/users 200 146671 - 234.763 ms
2026-01-24 16:56:34: 2026-01-24 16:56:34 [32minfo[39m: GET /api/attendance/range?start=2025-12-31T18:30:00.000Z&end=2026-01-31T18:29:59.999Z 200 70381 - 345.622 ms
2026-01-24 16:56:34: 2026-01-24 16:56:34 [32minfo[39m: GET /api/attendance/2026/1 200 64080 - 357.459 ms
2026-01-24 16:56:34: [DEBUG] Date range: Sat Jan 24 2026 00:00:00 GMT+0530 (India Standard Time) to Sat Jan 24 2026 23:59:59 GMT+0530 (India Standard Time)
2026-01-24 16:56:34: [DEBUG] Appointment stats found: 0 []
2026-01-24 16:56:34: 2026-01-24 16:56:34 [32minfo[39m: GET /api/users 200 146671 - 368.791 ms
2026-01-24 16:56:34: 2026-01-24 16:56:34 [32minfo[39m: GET /api/attendance/range?start=2025-12-31T18:30:00.000Z&end=2026-01-31T18:29:59.999Z 200 70381 - 378.928 ms
2026-01-24 16:57:04: 2026-01-24 16:57:04 [32minfo[39m: GET /api/attendance/2026/1 200 64080 - 209.840 ms
2026-01-24 16:57:32: 🔗 Recorded user connection: 68fcc5bfb85c2281711925bb with socket 2i3MMFeM-cxIbUk2AAAL
2026-01-24 16:57:34: 2026-01-24 16:57:34 [32minfo[39m: GET /api/attendance/2026/1 304 - - 182.853 ms
2026-01-24 16:58:04: 2026-01-24 16:58:04 [32minfo[39m: GET /api/attendance/2026/1 304 - - 164.353 ms
2026-01-24 16:58:32: 🔗 Recorded user connection: 68fcc5bfb85c2281711925bb with socket 2i3MMFeM-cxIbUk2AAAL
2026-01-24 16:58:34: 2026-01-24 16:58:34 [32minfo[39m: GET /api/attendance/2026/1 304 - - 158.115 ms
2026-01-24 16:59:04: 2026-01-24 16:59:04 [32minfo[39m: GET /api/attendance/2026/1 304 - - 215.491 ms
2026-01-24 16:59:32: 🔗 Recorded user connection: 68fcc5bfb85c2281711925bb with socket 2i3MMFeM-cxIbUk2AAAL
2026-01-24 16:59:34: 2026-01-24 16:59:34 [32minfo[39m: GET /api/attendance/2026/1 304 - - 131.699 ms
2026-01-24 16:59:38: ⏰ Session timeout check triggered at 24/1/2026, 4:59:38 pm
2026-01-24 17:00:13: 2026-01-24 17:00:13 [32minfo[39m: GET /api/attendance/2026/1 304 - - 146.860 ms
2026-01-24 17:00:32: 🔗 Recorded user connection: 68fcc5bfb85c2281711925bb with socket 2i3MMFeM-cxIbUk2AAAL
2026-01-24 17:01:13: 2026-01-24 17:01:13 [32minfo[39m: GET /api/attendance/2026/1 304 - - 163.208 ms
2026-01-24 17:01:32: 🔗 Recorded user connection: 68fcc5bfb85c2281711925bb with socket 2i3MMFeM-cxIbUk2AAAL
2026-01-24 17:02:13: 2026-01-24 17:02:13 [32minfo[39m: GET /api/attendance/2026/1 304 - - 130.444 ms
2026-01-24 17:02:32: 🔗 Recorded user connection: 68fcc5bfb85c2281711925bb with socket 2i3MMFeM-cxIbUk2AAAL
2026-01-24 17:03:13: 2026-01-24 17:03:13 [32minfo[39m: GET /api/attendance/2026/1 304 - - 139.611 ms
2026-01-24 17:04:13: 🔗 Recorded user connection: 68fcc5bfb85c2281711925bb with socket 2i3MMFeM-cxIbUk2AAAL
2026-01-24 17:04:13: 2026-01-24 17:04:13 [32minfo[39m: GET /api/attendance/2026/1 304 - - 120.945 ms
2026-01-24 17:04:38: ⏰ Session timeout check triggered at 24/1/2026, 5:04:38 pm
2026-01-24 17:05:13: 🔗 Recorded user connection: 68fcc5bfb85c2281711925bb with socket 2i3MMFeM-cxIbUk2AAAL
2026-01-24 17:05:13: 2026-01-24 17:05:13 [32minfo[39m: GET /api/attendance/2026/1 304 - - 151.914 ms
2026-01-24 17:06:13: 🔗 Recorded user connection: 68fcc5bfb85c2281711925bb with socket 2i3MMFeM-cxIbUk2AAAL
2026-01-24 17:06:13: 2026-01-24 17:06:13 [32minfo[39m: GET /api/attendance/2026/1 304 - - 152.787 ms
2026-01-24 17:07:13: 🔗 Recorded user connection: 68fcc5bfb85c2281711925bb with socket 2i3MMFeM-cxIbUk2AAAL
2026-01-24 17:07:13: 2026-01-24 17:07:13 [32minfo[39m: GET /api/attendance/2026/1 304 - - 160.288 ms
2026-01-24 17:08:13: 🔗 Recorded user connection: 68fcc5bfb85c2281711925bb with socket 2i3MMFeM-cxIbUk2AAAL
2026-01-24 17:08:13: 2026-01-24 17:08:13 [32minfo[39m: GET /api/attendance/2026/1 304 - - 158.459 ms
2026-01-24 17:09:13: 🔗 Recorded user connection: 68fcc5bfb85c2281711925bb with socket 2i3MMFeM-cxIbUk2AAAL
2026-01-24 17:09:13: 2026-01-24 17:09:13 [32minfo[39m: GET /api/attendance/2026/1 304 - - 127.760 ms
2026-01-24 17:09:38: ⏰ Session timeout check triggered at 24/1/2026, 5:09:38 pm
2026-01-24 17:10:13: 🔗 Recorded user connection: 68fcc5bfb85c2281711925bb with socket 2i3MMFeM-cxIbUk2AAAL
2026-01-24 17:10:13: 2026-01-24 17:10:13 [32minfo[39m: GET /api/attendance/2026/1 304 - - 122.427 ms
2026-01-24 17:11:13: 🔗 Recorded user connection: 68fcc5bfb85c2281711925bb with socket 2i3MMFeM-cxIbUk2AAAL
2026-01-24 17:11:13: 2026-01-24 17:11:13 [32minfo[39m: GET /api/attendance/2026/1 304 - - 128.074 ms
2026-01-24 17:12:13: 🔗 Recorded user connection: 68fcc5bfb85c2281711925bb with socket 2i3MMFeM-cxIbUk2AAAL
2026-01-24 17:12:13: 2026-01-24 17:12:13 [32minfo[39m: GET /api/attendance/2026/1 304 - - 122.160 ms
2026-01-24 17:13:13: 🔗 Recorded user connection: 68fcc5bfb85c2281711925bb with socket 2i3MMFeM-cxIbUk2AAAL
2026-01-24 17:13:13: 2026-01-24 17:13:13 [32minfo[39m: GET /api/attendance/2026/1 304 - - 156.776 ms
2026-01-24 17:14:13: 🔗 Recorded user connection: 68fcc5bfb85c2281711925bb with socket 2i3MMFeM-cxIbUk2AAAL
2026-01-24 17:14:13: 2026-01-24 17:14:13 [32minfo[39m: GET /api/attendance/2026/1 304 - - 126.411 ms
2026-01-24 17:14:38: ⏰ Session timeout check triggered at 24/1/2026, 5:14:38 pm
2026-01-24 17:15:13: 🔗 Recorded user connection: 68fcc5bfb85c2281711925bb with socket 2i3MMFeM-cxIbUk2AAAL
2026-01-24 17:15:13: 2026-01-24 17:15:13 [32minfo[39m: GET /api/attendance/2026/1 304 - - 144.207 ms
2026-01-24 17:16:13: 🔗 Recorded user connection: 68fcc5bfb85c2281711925bb with socket 2i3MMFeM-cxIbUk2AAAL
2026-01-24 17:16:13: 2026-01-24 17:16:13 [32minfo[39m: GET /api/attendance/2026/1 304 - - 123.009 ms
2026-01-24 17:17:13: 🔗 Recorded user connection: 68fcc5bfb85c2281711925bb with socket 2i3MMFeM-cxIbUk2AAAL
2026-01-24 17:17:13: 2026-01-24 17:17:13 [32minfo[39m: GET /api/attendance/2026/1 304 - - 151.819 ms
2026-01-24 17:18:13: 🔗 Recorded user connection: 68fcc5bfb85c2281711925bb with socket 2i3MMFeM-cxIbUk2AAAL
2026-01-24 17:18:13: 2026-01-24 17:18:13 [32minfo[39m: GET /api/attendance/2026/1 304 - - 136.780 ms
2026-01-24 17:19:13: 🔗 Recorded user connection: 68fcc5bfb85c2281711925bb with socket 2i3MMFeM-cxIbUk2AAAL
2026-01-24 17:19:13: 2026-01-24 17:19:13 [32minfo[39m: GET /api/attendance/2026/1 304 - - 148.088 ms
2026-01-24 17:19:38: ⏰ Session timeout check triggered at 24/1/2026, 5:19:38 pm
2026-01-24 17:20:13: 🔗 Recorded user connection: 68fcc5bfb85c2281711925bb with socket 2i3MMFeM-cxIbUk2AAAL
2026-01-24 17:20:13: 2026-01-24 17:20:13 [32minfo[39m: GET /api/attendance/2026/1 304 - - 130.987 ms
2026-01-24 17:21:13: 🔗 Recorded user connection: 68fcc5bfb85c2281711925bb with socket 2i3MMFeM-cxIbUk2AAAL
2026-01-24 17:21:13: 2026-01-24 17:21:13 [32minfo[39m: GET /api/attendance/2026/1 304 - - 133.106 ms
2026-01-24 17:22:13: 🔗 Recorded user connection: 68fcc5bfb85c2281711925bb with socket 2i3MMFeM-cxIbUk2AAAL
2026-01-24 17:22:13: 2026-01-24 17:22:13 [32minfo[39m: GET /api/attendance/2026/1 304 - - 130.751 ms
2026-01-24 17:23:13: 🔗 Recorded user connection: 68fcc5bfb85c2281711925bb with socket 2i3MMFeM-cxIbUk2AAAL
2026-01-24 17:23:13: 2026-01-24 17:23:13 [32minfo[39m: GET /api/attendance/2026/1 304 - - 140.835 ms
2026-01-24 17:24:13: 🔗 Recorded user connection: 68fcc5bfb85c2281711925bb with socket 2i3MMFeM-cxIbUk2AAAL
2026-01-24 17:24:13: 2026-01-24 17:24:13 [32minfo[39m: GET /api/attendance/2026/1 304 - - 130.239 ms
2026-01-24 17:24:38: ⏰ Session timeout check triggered at 24/1/2026, 5:24:38 pm
2026-01-24 17:25:13: 🔗 Recorded user connection: 68fcc5bfb85c2281711925bb with socket 2i3MMFeM-cxIbUk2AAAL
2026-01-24 17:25:13: 2026-01-24 17:25:13 [32minfo[39m: GET /api/attendance/2026/1 304 - - 164.630 ms
2026-01-24 17:26:13: 🔗 Recorded user connection: 68fcc5bfb85c2281711925bb with socket 2i3MMFeM-cxIbUk2AAAL
2026-01-24 17:26:13: 2026-01-24 17:26:13 [32minfo[39m: GET /api/attendance/2026/1 304 - - 126.910 ms
2026-01-24 17:27:13: 🔗 Recorded user connection: 68fcc5bfb85c2281711925bb with socket 2i3MMFeM-cxIbUk2AAAL
2026-01-24 17:27:13: 2026-01-24 17:27:13 [32minfo[39m: GET /api/attendance/2026/1 304 - - 148.139 ms
2026-01-24 17:28:13: 🔗 Recorded user connection: 68fcc5bfb85c2281711925bb with socket 2i3MMFeM-cxIbUk2AAAL
2026-01-24 17:28:13: 2026-01-24 17:28:13 [32minfo[39m: GET /api/attendance/2026/1 304 - - 153.024 ms
2026-01-24 17:29:13: 🔗 Recorded user connection: 68fcc5bfb85c2281711925bb with socket 2i3MMFeM-cxIbUk2AAAL
2026-01-24 17:29:13: 2026-01-24 17:29:13 [32minfo[39m: GET /api/attendance/2026/1 304 - - 122.246 ms
2026-01-24 17:29:38: ⏰ Session timeout check triggered at 24/1/2026, 5:29:38 pm
2026-01-24 17:30:13: 🔗 Recorded user connection: 68fcc5bfb85c2281711925bb with socket 2i3MMFeM-cxIbUk2AAAL
2026-01-24 17:30:13: 2026-01-24 17:30:13 [32minfo[39m: GET /api/attendance/2026/1 304 - - 126.208 ms
2026-01-24 17:31:13: 🔗 Recorded user connection: 68fcc5bfb85c2281711925bb with socket 2i3MMFeM-cxIbUk2AAAL
2026-01-24 17:31:13: 2026-01-24 17:31:13 [32minfo[39m: GET /api/attendance/2026/1 304 - - 127.513 ms
2026-01-24 17:32:13: 🔗 Recorded user connection: 68fcc5bfb85c2281711925bb with socket 2i3MMFeM-cxIbUk2AAAL
2026-01-24 17:32:13: 2026-01-24 17:32:13 [32minfo[39m: GET /api/attendance/2026/1 304 - - 138.033 ms
2026-01-24 17:33:13: 🔗 Recorded user connection: 68fcc5bfb85c2281711925bb with socket 2i3MMFeM-cxIbUk2AAAL
2026-01-24 17:33:13: 2026-01-24 17:33:13 [32minfo[39m: GET /api/attendance/2026/1 304 - - 142.794 ms
2026-01-24 17:34:13: 🔗 Recorded user connection: 68fcc5bfb85c2281711925bb with socket 2i3MMFeM-cxIbUk2AAAL
2026-01-24 17:34:13: 2026-01-24 17:34:13 [32minfo[39m: GET /api/attendance/2026/1 304 - - 151.814 ms
2026-01-24 17:34:38: ⏰ Session timeout check triggered at 24/1/2026, 5:34:38 pm
2026-01-24 17:35:13: 🔗 Recorded user connection: 68fcc5bfb85c2281711925bb with socket 2i3MMFeM-cxIbUk2AAAL
2026-01-24 17:35:13: 2026-01-24 17:35:13 [32minfo[39m: GET /api/attendance/2026/1 304 - - 139.436 ms
2026-01-24 17:36:13: 🔗 Recorded user connection: 68fcc5bfb85c2281711925bb with socket 2i3MMFeM-cxIbUk2AAAL
2026-01-24 17:36:13: 2026-01-24 17:36:13 [32minfo[39m: GET /api/attendance/2026/1 304 - - 136.874 ms
2026-01-24 17:37:13: 🔗 Recorded user connection: 68fcc5bfb85c2281711925bb with socket 2i3MMFeM-cxIbUk2AAAL
2026-01-24 17:37:13: 2026-01-24 17:37:13 [32minfo[39m: GET /api/attendance/2026/1 304 - - 135.208 ms
2026-01-24 17:38:13: 🔗 Recorded user connection: 68fcc5bfb85c2281711925bb with socket 2i3MMFeM-cxIbUk2AAAL
2026-01-24 17:38:13: 2026-01-24 17:38:13 [32minfo[39m: GET /api/attendance/2026/1 304 - - 139.210 ms
2026-01-24 17:39:13: 🔗 Recorded user connection: 68fcc5bfb85c2281711925bb with socket 2i3MMFeM-cxIbUk2AAAL
2026-01-24 17:39:13: 2026-01-24 17:39:13 [32minfo[39m: GET /api/attendance/2026/1 304 - - 127.091 ms
2026-01-24 17:39:38: ⏰ Session timeout check triggered at 24/1/2026, 5:39:38 pm
2026-01-24 17:40:13: 🔗 Recorded user connection: 68fcc5bfb85c2281711925bb with socket 2i3MMFeM-cxIbUk2AAAL
2026-01-24 17:40:13: 2026-01-24 17:40:13 [32minfo[39m: GET /api/attendance/2026/1 304 - - 128.975 ms
2026-01-24 17:41:13: 🔗 Recorded user connection: 68fcc5bfb85c2281711925bb with socket 2i3MMFeM-cxIbUk2AAAL
2026-01-24 17:41:13: 2026-01-24 17:41:13 [32minfo[39m: GET /api/attendance/2026/1 304 - - 181.380 ms
2026-01-24 17:42:13: 🔗 Recorded user connection: 68fcc5bfb85c2281711925bb with socket 2i3MMFeM-cxIbUk2AAAL
2026-01-24 17:42:13: 2026-01-24 17:42:13 [32minfo[39m: GET /api/attendance/2026/1 304 - - 124.052 ms
2026-01-24 17:43:13: 🔗 Recorded user connection: 68fcc5bfb85c2281711925bb with socket 2i3MMFeM-cxIbUk2AAAL
2026-01-24 17:43:13: 2026-01-24 17:43:13 [32minfo[39m: GET /api/attendance/2026/1 304 - - 138.307 ms
2026-01-24 17:44:13: 🔗 Recorded user connection: 68fcc5bfb85c2281711925bb with socket 2i3MMFeM-cxIbUk2AAAL
2026-01-24 17:44:13: 2026-01-24 17:44:13 [32minfo[39m: GET /api/attendance/2026/1 304 - - 127.221 ms
2026-01-24 17:44:38: ⏰ Session timeout check triggered at 24/1/2026, 5:44:38 pm
2026-01-24 17:45:13: 🔗 Recorded user connection: 68fcc5bfb85c2281711925bb with socket 2i3MMFeM-cxIbUk2AAAL
2026-01-24 17:45:13: 2026-01-24 17:45:13 [32minfo[39m: GET /api/attendance/2026/1 304 - - 133.893 ms
2026-01-24 17:46:13: 🔗 Recorded user connection: 68fcc5bfb85c2281711925bb with socket 2i3MMFeM-cxIbUk2AAAL
2026-01-24 17:46:13: 2026-01-24 17:46:13 [32minfo[39m: GET /api/attendance/2026/1 304 - - 130.255 ms
2026-01-24 17:47:13: 🔗 Recorded user connection: 68fcc5bfb85c2281711925bb with socket 2i3MMFeM-cxIbUk2AAAL
2026-01-24 17:47:13: 2026-01-24 17:47:13 [32minfo[39m: GET /api/attendance/2026/1 304 - - 126.898 ms
2026-01-24 17:48:13: 🔗 Recorded user connection: 68fcc5bfb85c2281711925bb with socket 2i3MMFeM-cxIbUk2AAAL
2026-01-24 17:48:13: 2026-01-24 17:48:13 [32minfo[39m: GET /api/attendance/2026/1 304 - - 124.190 ms
2026-01-24 17:49:13: 🔗 Recorded user connection: 68fcc5bfb85c2281711925bb with socket 2i3MMFeM-cxIbUk2AAAL
2026-01-24 17:49:13: 2026-01-24 17:49:13 [32minfo[39m: GET /api/attendance/2026/1 304 - - 147.992 ms
2026-01-24 17:49:38: ⏰ Session timeout check triggered at 24/1/2026, 5:49:38 pm
2026-01-24 17:50:13: 🔗 Recorded user connection: 68fcc5bfb85c2281711925bb with socket 2i3MMFeM-cxIbUk2AAAL
2026-01-24 17:50:13: 2026-01-24 17:50:13 [32minfo[39m: GET /api/attendance/2026/1 304 - - 152.296 ms
2026-01-24 17:51:13: 🔗 Recorded user connection: 68fcc5bfb85c2281711925bb with socket 2i3MMFeM-cxIbUk2AAAL
2026-01-24 17:51:13: 2026-01-24 17:51:13 [32minfo[39m: GET /api/attendance/2026/1 304 - - 156.111 ms
2026-01-24 17:52:13: 🔗 Recorded user connection: 68fcc5bfb85c2281711925bb with socket 2i3MMFeM-cxIbUk2AAAL
2026-01-24 17:52:13: 2026-01-24 17:52:13 [32minfo[39m: GET /api/attendance/2026/1 304 - - 151.405 ms
2026-01-24 17:53:13: 🔗 Recorded user connection: 68fcc5bfb85c2281711925bb with socket 2i3MMFeM-cxIbUk2AAAL
2026-01-24 17:53:13: 2026-01-24 17:53:13 [32minfo[39m: GET /api/attendance/2026/1 304 - - 145.763 ms
2026-01-24 17:54:03: 🔗 Recorded user connection: 68fcc5bfb85c2281711925bb with socket 2i3MMFeM-cxIbUk2AAAL
2026-01-24 17:54:03: 2026-01-24 17:54:03 [32minfo[39m: GET /api/attendance/2026/1 304 - - 155.495 ms
2026-01-24 17:54:32: 🔗 Recorded user connection: 68fcc5bfb85c2281711925bb with socket 2i3MMFeM-cxIbUk2AAAL
2026-01-24 17:54:34: 2026-01-24 17:54:34 [32minfo[39m: GET /api/attendance/2026/1 304 - - 132.658 ms
2026-01-24 17:54:38: ⏰ Session timeout check triggered at 24/1/2026, 5:54:38 pm
2026-01-24 17:55:04: 2026-01-24 17:55:04 [32minfo[39m: GET /api/attendance/2026/1 304 - - 167.155 ms
2026-01-24 17:56:13: 🔗 Recorded user connection: 68fcc5bfb85c2281711925bb with socket 2i3MMFeM-cxIbUk2AAAL
2026-01-24 17:56:13: 2026-01-24 17:56:13 [32minfo[39m: GET /api/attendance/2026/1 304 - - 140.979 ms
2026-01-24 17:57:13: 🔗 Recorded user connection: 68fcc5bfb85c2281711925bb with socket 2i3MMFeM-cxIbUk2AAAL
2026-01-24 17:57:13: 2026-01-24 17:57:13 [32minfo[39m: GET /api/attendance/2026/1 304 - - 149.968 ms
2026-01-24 17:58:13: 🔗 Recorded user connection: 68fcc5bfb85c2281711925bb with socket 2i3MMFeM-cxIbUk2AAAL
2026-01-24 17:58:13: 2026-01-24 17:58:13 [32minfo[39m: GET /api/attendance/2026/1 304 - - 133.876 ms
2026-01-24 17:59:13: 🔗 Recorded user connection: 68fcc5bfb85c2281711925bb with socket 2i3MMFeM-cxIbUk2AAAL
2026-01-24 17:59:13: 2026-01-24 17:59:13 [32minfo[39m: GET /api/attendance/2026/1 304 - - 146.780 ms
2026-01-24 17:59:38: ⏰ Session timeout check triggered at 24/1/2026, 5:59:38 pm
2026-01-24 18:00:13: 🔗 Recorded user connection: 68fcc5bfb85c2281711925bb with socket 2i3MMFeM-cxIbUk2AAAL
2026-01-24 18:00:13: 2026-01-24 18:00:13 [32minfo[39m: GET /api/attendance/2026/1 304 - - 130.195 ms
2026-01-24 18:01:13: 🔗 Recorded user connection: 68fcc5bfb85c2281711925bb with socket 2i3MMFeM-cxIbUk2AAAL
2026-01-24 18:01:13: 2026-01-24 18:01:13 [32minfo[39m: GET /api/attendance/2026/1 304 - - 128.449 ms
2026-01-24 18:02:13: 🔗 Recorded user connection: 68fcc5bfb85c2281711925bb with socket 2i3MMFeM-cxIbUk2AAAL
2026-01-24 18:02:13: 2026-01-24 18:02:13 [32minfo[39m: GET /api/attendance/2026/1 304 - - 148.971 ms
2026-01-24 18:03:13: 🔗 Recorded user connection: 68fcc5bfb85c2281711925bb with socket 2i3MMFeM-cxIbUk2AAAL
2026-01-24 18:03:13: 2026-01-24 18:03:13 [32minfo[39m: GET /api/attendance/2026/1 304 - - 128.214 ms
2026-01-24 18:04:13: 🔗 Recorded user connection: 68fcc5bfb85c2281711925bb with socket 2i3MMFeM-cxIbUk2AAAL
2026-01-24 18:04:13: 2026-01-24 18:04:13 [32minfo[39m: GET /api/attendance/2026/1 304 - - 135.217 ms
2026-01-24 18:04:38: ⏰ Session timeout check triggered at 24/1/2026, 6:04:38 pm
2026-01-24 18:05:13: 🔗 Recorded user connection: 68fcc5bfb85c2281711925bb with socket 2i3MMFeM-cxIbUk2AAAL
2026-01-24 18:05:13: 2026-01-24 18:05:13 [32minfo[39m: GET /api/attendance/2026/1 304 - - 126.841 ms
2026-01-24 18:06:13: 🔗 Recorded user connection: 68fcc5bfb85c2281711925bb with socket 2i3MMFeM-cxIbUk2AAAL
2026-01-24 18:06:13: 2026-01-24 18:06:13 [32minfo[39m: GET /api/attendance/2026/1 304 - - 139.628 ms
2026-01-24 18:07:13: 🔗 Recorded user connection: 68fcc5bfb85c2281711925bb with socket 2i3MMFeM-cxIbUk2AAAL
2026-01-24 18:07:13: 2026-01-24 18:07:13 [32minfo[39m: GET /api/attendance/2026/1 304 - - 125.531 ms
2026-01-24 18:08:13: 🔗 Recorded user connection: 68fcc5bfb85c2281711925bb with socket 2i3MMFeM-cxIbUk2AAAL
2026-01-24 18:08:13: 2026-01-24 18:08:13 [32minfo[39m: GET /api/attendance/2026/1 304 - - 130.744 ms
2026-01-24 18:09:13: 🔗 Recorded user connection: 68fcc5bfb85c2281711925bb with socket 2i3MMFeM-cxIbUk2AAAL
2026-01-24 18:09:13: 2026-01-24 18:09:13 [32minfo[39m: GET /api/attendance/2026/1 304 - - 161.798 ms
2026-01-24 18:09:38: ⏰ Session timeout check triggered at 24/1/2026, 6:09:38 pm
2026-01-24 18:10:13: 🔗 Recorded user connection: 68fcc5bfb85c2281711925bb with socket 2i3MMFeM-cxIbUk2AAAL
2026-01-24 18:10:13: 2026-01-24 18:10:13 [32minfo[39m: GET /api/attendance/2026/1 304 - - 112.968 ms
2026-01-24 18:11:13: 🔗 Recorded user connection: 68fcc5bfb85c2281711925bb with socket 2i3MMFeM-cxIbUk2AAAL
2026-01-24 18:11:13: 2026-01-24 18:11:13 [32minfo[39m: GET /api/attendance/2026/1 304 - - 126.008 ms
2026-01-24 18:12:13: 🔗 Recorded user connection: 68fcc5bfb85c2281711925bb with socket 2i3MMFeM-cxIbUk2AAAL
2026-01-24 18:12:13: 2026-01-24 18:12:13 [32minfo[39m: GET /api/attendance/2026/1 304 - - 111.458 ms
2026-01-24 18:13:13: 🔗 Recorded user connection: 68fcc5bfb85c2281711925bb with socket 2i3MMFeM-cxIbUk2AAAL
2026-01-24 18:13:13: 2026-01-24 18:13:13 [32minfo[39m: GET /api/attendance/2026/1 304 - - 158.712 ms
2026-01-24 18:14:13: 🔗 Recorded user connection: 68fcc5bfb85c2281711925bb with socket 2i3MMFeM-cxIbUk2AAAL
2026-01-24 18:14:13: 2026-01-24 18:14:13 [32minfo[39m: GET /api/attendance/2026/1 304 - - 120.695 ms
2026-01-24 18:14:38: ⏰ Session timeout check triggered at 24/1/2026, 6:14:38 pm
2026-01-24 18:15:13: 🔗 Recorded user connection: 68fcc5bfb85c2281711925bb with socket 2i3MMFeM-cxIbUk2AAAL
2026-01-24 18:15:13: 2026-01-24 18:15:13 [32minfo[39m: GET /api/attendance/2026/1 304 - - 116.315 ms
2026-01-24 18:16:13: 🔗 Recorded user connection: 68fcc5bfb85c2281711925bb with socket 2i3MMFeM-cxIbUk2AAAL
2026-01-24 18:16:13: 2026-01-24 18:16:13 [32minfo[39m: GET /api/attendance/2026/1 304 - - 137.027 ms
2026-01-24 18:17:13: 🔗 Recorded user connection: 68fcc5bfb85c2281711925bb with socket 2i3MMFeM-cxIbUk2AAAL
2026-01-24 18:17:13: 2026-01-24 18:17:13 [32minfo[39m: GET /api/attendance/2026/1 304 - - 123.613 ms
2026-01-24 18:18:13: 🔗 Recorded user connection: 68fcc5bfb85c2281711925bb with socket 2i3MMFeM-cxIbUk2AAAL
2026-01-24 18:18:13: 2026-01-24 18:18:13 [32minfo[39m: GET /api/attendance/2026/1 304 - - 126.071 ms
2026-01-24 18:19:13: 🔗 Recorded user connection: 68fcc5bfb85c2281711925bb with socket 2i3MMFeM-cxIbUk2AAAL
2026-01-24 18:19:13: 2026-01-24 18:19:13 [32minfo[39m: GET /api/attendance/2026/1 304 - - 160.645 ms
2026-01-24 18:19:38: ⏰ Session timeout check triggered at 24/1/2026, 6:19:38 pm
2026-01-24 18:20:13: 🔗 Recorded user connection: 68fcc5bfb85c2281711925bb with socket 2i3MMFeM-cxIbUk2AAAL
2026-01-24 18:20:13: 2026-01-24 18:20:13 [32minfo[39m: GET /api/attendance/2026/1 304 - - 137.472 ms
2026-01-24 18:21:13: 🔗 Recorded user connection: 68fcc5bfb85c2281711925bb with socket 2i3MMFeM-cxIbUk2AAAL
2026-01-24 18:21:13: 2026-01-24 18:21:13 [32minfo[39m: GET /api/attendance/2026/1 304 - - 126.616 ms
2026-01-24 18:22:13: 🔗 Recorded user connection: 68fcc5bfb85c2281711925bb with socket 2i3MMFeM-cxIbUk2AAAL
2026-01-24 18:22:13: 2026-01-24 18:22:13 [32minfo[39m: GET /api/attendance/2026/1 304 - - 129.713 ms
2026-01-24 18:23:13: 🔗 Recorded user connection: 68fcc5bfb85c2281711925bb with socket 2i3MMFeM-cxIbUk2AAAL
2026-01-24 18:23:13: 2026-01-24 18:23:13 [32minfo[39m: GET /api/attendance/2026/1 200 64105 - 119.867 ms
2026-01-24 18:24:13: 🔗 Recorded user connection: 68fcc5bfb85c2281711925bb with socket 2i3MMFeM-cxIbUk2AAAL
2026-01-24 18:24:13: 2026-01-24 18:24:13 [32minfo[39m: GET /api/attendance/2026/1 304 - - 124.157 ms
2026-01-24 18:24:38: ⏰ Session timeout check triggered at 24/1/2026, 6:24:38 pm
2026-01-24 18:25:14: 🔗 Recorded user connection: 68fcc5bfb85c2281711925bb with socket 2i3MMFeM-cxIbUk2AAAL
2026-01-24 18:25:14: 2026-01-24 18:25:14 [32minfo[39m: GET /api/attendance/2026/1 304 - - 141.878 ms
2026-01-24 18:26:13: 🔗 Recorded user connection: 68fcc5bfb85c2281711925bb with socket 2i3MMFeM-cxIbUk2AAAL
2026-01-24 18:26:13: 2026-01-24 18:26:13 [32minfo[39m: GET /api/attendance/2026/1 304 - - 162.355 ms
2026-01-24 18:27:13: 🔗 Recorded user connection: 68fcc5bfb85c2281711925bb with socket 2i3MMFeM-cxIbUk2AAAL
2026-01-24 18:27:13: 2026-01-24 18:27:13 [32minfo[39m: GET /api/attendance/2026/1 304 - - 116.639 ms
2026-01-24 18:28:13: 🔗 Recorded user connection: 68fcc5bfb85c2281711925bb with socket 2i3MMFeM-cxIbUk2AAAL
2026-01-24 18:28:13: 2026-01-24 18:28:13 [32minfo[39m: GET /api/attendance/2026/1 304 - - 123.079 ms
2026-01-24 18:29:13: 🔗 Recorded user connection: 68fcc5bfb85c2281711925bb with socket 2i3MMFeM-cxIbUk2AAAL
2026-01-24 18:29:13: 2026-01-24 18:29:13 [32minfo[39m: GET /api/attendance/2026/1 304 - - 119.671 ms
2026-01-24 18:29:38: ⏰ Session timeout check triggered at 24/1/2026, 6:29:38 pm
2026-01-24 18:30:13: 🔗 Recorded user connection: 68fcc5bfb85c2281711925bb with socket 2i3MMFeM-cxIbUk2AAAL
2026-01-24 18:30:13: 2026-01-24 18:30:13 [32minfo[39m: GET /api/attendance/2026/1 304 - - 114.395 ms
2026-01-24 18:31:13: 🔗 Recorded user connection: 68fcc5bfb85c2281711925bb with socket 2i3MMFeM-cxIbUk2AAAL
2026-01-24 18:31:13: 2026-01-24 18:31:13 [32minfo[39m: GET /api/attendance/2026/1 304 - - 113.436 ms
2026-01-24 18:32:13: 🔗 Recorded user connection: 68fcc5bfb85c2281711925bb with socket 2i3MMFeM-cxIbUk2AAAL
2026-01-24 18:32:13: 2026-01-24 18:32:13 [32minfo[39m: GET /api/attendance/2026/1 304 - - 155.720 ms
2026-01-24 18:33:13: 🔗 Recorded user connection: 68fcc5bfb85c2281711925bb with socket 2i3MMFeM-cxIbUk2AAAL
2026-01-24 18:33:13: 2026-01-24 18:33:13 [32minfo[39m: GET /api/attendance/2026/1 304 - - 115.571 ms
2026-01-24 18:34:13: 🔗 Recorded user connection: 68fcc5bfb85c2281711925bb with socket 2i3MMFeM-cxIbUk2AAAL
2026-01-24 18:34:13: 2026-01-24 18:34:13 [32minfo[39m: GET /api/attendance/2026/1 304 - - 140.956 ms
2026-01-24 18:34:38: ⏰ Session timeout check triggered at 24/1/2026, 6:34:38 pm
2026-01-24 18:35:13: 🔗 Recorded user connection: 68fcc5bfb85c2281711925bb with socket 2i3MMFeM-cxIbUk2AAAL
2026-01-24 18:35:13: 2026-01-24 18:35:13 [32minfo[39m: GET /api/attendance/2026/1 304 - - 135.840 ms
2026-01-24 18:36:13: 🔗 Recorded user connection: 68fcc5bfb85c2281711925bb with socket 2i3MMFeM-cxIbUk2AAAL
2026-01-24 18:36:13: 2026-01-24 18:36:13 [32minfo[39m: GET /api/attendance/2026/1 304 - - 123.761 ms
2026-01-24 18:37:13: 🔗 Recorded user connection: 68fcc5bfb85c2281711925bb with socket 2i3MMFeM-cxIbUk2AAAL
2026-01-24 18:37:13: 2026-01-24 18:37:13 [32minfo[39m: GET /api/attendance/2026/1 304 - - 126.998 ms
2026-01-24 18:38:13: 🔗 Recorded user connection: 68fcc5bfb85c2281711925bb with socket 2i3MMFeM-cxIbUk2AAAL
2026-01-24 18:38:13: 2026-01-24 18:38:13 [32minfo[39m: GET /api/attendance/2026/1 304 - - 125.618 ms
2026-01-24 18:39:13: 🔗 Recorded user connection: 68fcc5bfb85c2281711925bb with socket 2i3MMFeM-cxIbUk2AAAL
2026-01-24 18:39:13: 2026-01-24 18:39:13 [32minfo[39m: GET /api/attendance/2026/1 304 - - 114.493 ms
2026-01-24 18:39:38: ⏰ Session timeout check triggered at 24/1/2026, 6:39:38 pm
2026-01-24 18:40:13: 🔗 Recorded user connection: 68fcc5bfb85c2281711925bb with socket 2i3MMFeM-cxIbUk2AAAL
2026-01-24 18:40:13: 2026-01-24 18:40:13 [32minfo[39m: GET /api/attendance/2026/1 200 64130 - 118.666 ms
2026-01-24 18:41:13: 🔗 Recorded user connection: 68fcc5bfb85c2281711925bb with socket 2i3MMFeM-cxIbUk2AAAL
2026-01-24 18:41:13: 2026-01-24 18:41:13 [32minfo[39m: GET /api/attendance/2026/1 304 - - 116.152 ms
2026-01-24 18:42:04: 🔗 Recorded user connection: 68fcc5bfb85c2281711925bb with socket 2i3MMFeM-cxIbUk2AAAL
2026-01-24 18:42:04: 2026-01-24 18:42:04 [32minfo[39m: GET /api/attendance/2026/1 304 - - 141.018 ms
2026-01-24 18:42:05: 🔌 Socket 2i3MMFeM-cxIbUk2AAAL disconnected. Reason: transport close
2026-01-24 18:42:05: 🚫 Recorded user disconnection: 68fcc5bfb85c2281711925bb
2026-01-24 18:42:05: 👤 User undefined (68fcc5bfb85c2281711925bb) disconnected
2026-01-28 12:46:27: 🔌 Socket.IO instance set successfully
2026-01-28 12:46:27: ℹ️ Huawei E173 Modem Service is disabled via ENABLE_MODEM flag
2026-01-28 12:46:27: Starting Auto-Logout Job...
2026-01-28 12:46:27: 2026-01-28 12:46:27 [31merror[39m: Error: The client is closed
    at Class.sendCommand (C:\Users\user\OneDrive\Desktop\CRM\backend\node_modules\@redis\client\dist\lib\client\index.js:639:35)
    at RedisStore.sendCommand (C:\Users\user\OneDrive\Desktop\CRM\backend\middleware\rateLimiter.js:13:49)
    at RedisStore.sendCommand (C:\Users\user\OneDrive\Desktop\CRM\backend\node_modules\rate-limit-redis\dist\index.cjs:85:49)
    at RedisStore.loadIncrementScript (C:\Users\user\OneDrive\Desktop\CRM\backend\node_modules\rate-limit-redis\dist\index.cjs:102:31)
    at new RedisStore (C:\Users\user\OneDrive\Desktop\CRM\backend\node_modules\rate-limit-redis\dist\index.cjs:95:36)
    at createRateLimiter (C:\Users\user\OneDrive\Desktop\CRM\backend\middleware\rateLimiter.js:12:16)
    at Object.<anonymous> (C:\Users\user\OneDrive\Desktop\CRM\backend\middleware\rateLimiter.js:32:21)
    at Module._compile (node:internal/modules/cjs/loader:1730:14)
    at Object..js (node:internal/modules/cjs/loader:1895:10)
    at Module.load (node:internal/modules/cjs/loader:1465:32)
2026-01-28 12:46:27: 2026-01-28 12:46:27 [31merror[39m: Error: The client is closed
    at Class.sendCommand (C:\Users\user\OneDrive\Desktop\CRM\backend\node_modules\@redis\client\dist\lib\client\index.js:639:35)
    at RedisStore.sendCommand (C:\Users\user\OneDrive\Desktop\CRM\backend\middleware\rateLimiter.js:13:49)
    at RedisStore.sendCommand (C:\Users\user\OneDrive\Desktop\CRM\backend\node_modules\rate-limit-redis\dist\index.cjs:85:49)
    at RedisStore.loadGetScript (C:\Users\user\OneDrive\Desktop\CRM\backend\node_modules\rate-limit-redis\dist\index.cjs:116:31)
    at new RedisStore (C:\Users\user\OneDrive\Desktop\CRM\backend\node_modules\rate-limit-redis\dist\index.cjs:96:30)
    at createRateLimiter (C:\Users\user\OneDrive\Desktop\CRM\backend\middleware\rateLimiter.js:12:16)
    at Object.<anonymous> (C:\Users\user\OneDrive\Desktop\CRM\backend\middleware\rateLimiter.js:32:21)
    at Module._compile (node:internal/modules/cjs/loader:1730:14)
    at Object..js (node:internal/modules/cjs/loader:1895:10)
    at Module.load (node:internal/modules/cjs/loader:1465:32)
2026-01-28 12:46:27: 2026-01-28 12:46:27 [31merror[39m: Error: The client is closed
    at Class.sendCommand (C:\Users\user\OneDrive\Desktop\CRM\backend\node_modules\@redis\client\dist\lib\client\index.js:639:35)
    at RedisStore.sendCommand (C:\Users\user\OneDrive\Desktop\CRM\backend\middleware\rateLimiter.js:13:49)
    at RedisStore.sendCommand (C:\Users\user\OneDrive\Desktop\CRM\backend\node_modules\rate-limit-redis\dist\index.cjs:85:49)
    at RedisStore.loadIncrementScript (C:\Users\user\OneDrive\Desktop\CRM\backend\node_modules\rate-limit-redis\dist\index.cjs:102:31)
    at new RedisStore (C:\Users\user\OneDrive\Desktop\CRM\backend\node_modules\rate-limit-redis\dist\index.cjs:95:36)
    at createRateLimiter (C:\Users\user\OneDrive\Desktop\CRM\backend\middleware\rateLimiter.js:12:16)
    at Object.<anonymous> (C:\Users\user\OneDrive\Desktop\CRM\backend\middleware\rateLimiter.js:41:20)
    at Module._compile (node:internal/modules/cjs/loader:1730:14)
    at Object..js (node:internal/modules/cjs/loader:1895:10)
    at Module.load (node:internal/modules/cjs/loader:1465:32)
2026-01-28 12:46:27: 2026-01-28 12:46:27 [31merror[39m: Error: The client is closed
    at Class.sendCommand (C:\Users\user\OneDrive\Desktop\CRM\backend\node_modules\@redis\client\dist\lib\client\index.js:639:35)
    at RedisStore.sendCommand (C:\Users\user\OneDrive\Desktop\CRM\backend\middleware\rateLimiter.js:13:49)
    at RedisStore.sendCommand (C:\Users\user\OneDrive\Desktop\CRM\backend\node_modules\rate-limit-redis\dist\index.cjs:85:49)
    at RedisStore.loadGetScript (C:\Users\user\OneDrive\Desktop\CRM\backend\node_modules\rate-limit-redis\dist\index.cjs:116:31)
    at new RedisStore (C:\Users\user\OneDrive\Desktop\CRM\backend\node_modules\rate-limit-redis\dist\index.cjs:96:30)
    at createRateLimiter (C:\Users\user\OneDrive\Desktop\CRM\backend\middleware\rateLimiter.js:12:16)
    at Object.<anonymous> (C:\Users\user\OneDrive\Desktop\CRM\backend\middleware\rateLimiter.js:41:20)
    at Module._compile (node:internal/modules/cjs/loader:1730:14)
    at Object..js (node:internal/modules/cjs/loader:1895:10)
    at Module.load (node:internal/modules/cjs/loader:1465:32)
2026-01-28 12:46:27: 2026-01-28 12:46:27 [31merror[39m: Error: The client is closed
    at Class.sendCommand (C:\Users\user\OneDrive\Desktop\CRM\backend\node_modules\@redis\client\dist\lib\client\index.js:639:35)
    at RedisStore.sendCommand (C:\Users\user\OneDrive\Desktop\CRM\backend\middleware\rateLimiter.js:13:49)
    at RedisStore.sendCommand (C:\Users\user\OneDrive\Desktop\CRM\backend\node_modules\rate-limit-redis\dist\index.cjs:85:49)
    at RedisStore.loadIncrementScript (C:\Users\user\OneDrive\Desktop\CRM\backend\node_modules\rate-limit-redis\dist\index.cjs:102:31)
    at new RedisStore (C:\Users\user\OneDrive\Desktop\CRM\backend\node_modules\rate-limit-redis\dist\index.cjs:95:36)
    at createRateLimiter (C:\Users\user\OneDrive\Desktop\CRM\backend\middleware\rateLimiter.js:12:16)
    at Object.<anonymous> (C:\Users\user\OneDrive\Desktop\CRM\backend\middleware\rateLimiter.js:49:23)
    at Module._compile (node:internal/modules/cjs/loader:1730:14)
    at Object..js (node:internal/modules/cjs/loader:1895:10)
    at Module.load (node:internal/modules/cjs/loader:1465:32)
2026-01-28 12:46:27: 2026-01-28 12:46:27 [31merror[39m: Error: The client is closed
    at Class.sendCommand (C:\Users\user\OneDrive\Desktop\CRM\backend\node_modules\@redis\client\dist\lib\client\index.js:639:35)
    at RedisStore.sendCommand (C:\Users\user\OneDrive\Desktop\CRM\backend\middleware\rateLimiter.js:13:49)
    at RedisStore.sendCommand (C:\Users\user\OneDrive\Desktop\CRM\backend\node_modules\rate-limit-redis\dist\index.cjs:85:49)
    at RedisStore.loadGetScript (C:\Users\user\OneDrive\Desktop\CRM\backend\node_modules\rate-limit-redis\dist\index.cjs:116:31)
    at new RedisStore (C:\Users\user\OneDrive\Desktop\CRM\backend\node_modules\rate-limit-redis\dist\index.cjs:96:30)
    at createRateLimiter (C:\Users\user\OneDrive\Desktop\CRM\backend\middleware\rateLimiter.js:12:16)
    at Object.<anonymous> (C:\Users\user\OneDrive\Desktop\CRM\backend\middleware\rateLimiter.js:49:23)
    at Module._compile (node:internal/modules/cjs/loader:1730:14)
    at Object..js (node:internal/modules/cjs/loader:1895:10)
    at Module.load (node:internal/modules/cjs/loader:1465:32)
2026-01-28 12:46:27: 2026-01-28 12:46:27 [31merror[39m: Error: The client is closed
    at Class.sendCommand (C:\Users\user\OneDrive\Desktop\CRM\backend\node_modules\@redis\client\dist\lib\client\index.js:639:35)
    at RedisStore.sendCommand (C:\Users\user\OneDrive\Desktop\CRM\backend\middleware\rateLimiter.js:13:49)
    at RedisStore.sendCommand (C:\Users\user\OneDrive\Desktop\CRM\backend\node_modules\rate-limit-redis\dist\index.cjs:85:49)
    at RedisStore.loadIncrementScript (C:\Users\user\OneDrive\Desktop\CRM\backend\node_modules\rate-limit-redis\dist\index.cjs:102:31)
    at new RedisStore (C:\Users\user\OneDrive\Desktop\CRM\backend\node_modules\rate-limit-redis\dist\index.cjs:95:36)
    at createRateLimiter (C:\Users\user\OneDrive\Desktop\CRM\backend\middleware\rateLimiter.js:12:16)
    at Object.<anonymous> (C:\Users\user\OneDrive\Desktop\CRM\backend\middleware\rateLimiter.js:57:25)
    at Module._compile (node:internal/modules/cjs/loader:1730:14)
    at Object..js (node:internal/modules/cjs/loader:1895:10)
    at Module.load (node:internal/modules/cjs/loader:1465:32)
2026-01-28 12:46:27: 2026-01-28 12:46:27 [31merror[39m: Error: The client is closed
    at Class.sendCommand (C:\Users\user\OneDrive\Desktop\CRM\backend\node_modules\@redis\client\dist\lib\client\index.js:639:35)
    at RedisStore.sendCommand (C:\Users\user\OneDrive\Desktop\CRM\backend\middleware\rateLimiter.js:13:49)
    at RedisStore.sendCommand (C:\Users\user\OneDrive\Desktop\CRM\backend\node_modules\rate-limit-redis\dist\index.cjs:85:49)
    at RedisStore.loadGetScript (C:\Users\user\OneDrive\Desktop\CRM\backend\node_modules\rate-limit-redis\dist\index.cjs:116:31)
    at new RedisStore (C:\Users\user\OneDrive\Desktop\CRM\backend\node_modules\rate-limit-redis\dist\index.cjs:96:30)
    at createRateLimiter (C:\Users\user\OneDrive\Desktop\CRM\backend\middleware\rateLimiter.js:12:16)
    at Object.<anonymous> (C:\Users\user\OneDrive\Desktop\CRM\backend\middleware\rateLimiter.js:57:25)
    at Module._compile (node:internal/modules/cjs/loader:1730:14)
    at Object..js (node:internal/modules/cjs/loader:1895:10)
    at Module.load (node:internal/modules/cjs/loader:1465:32)
2026-01-28 12:46:27: 2026-01-28 12:46:27 [31merror[39m: Error: The client is closed
    at Class.sendCommand (C:\Users\user\OneDrive\Desktop\CRM\backend\node_modules\@redis\client\dist\lib\client\index.js:639:35)
    at RedisStore.sendCommand (C:\Users\user\OneDrive\Desktop\CRM\backend\middleware\rateLimiter.js:13:49)
    at RedisStore.sendCommand (C:\Users\user\OneDrive\Desktop\CRM\backend\node_modules\rate-limit-redis\dist\index.cjs:85:49)
    at RedisStore.loadIncrementScript (C:\Users\user\OneDrive\Desktop\CRM\backend\node_modules\rate-limit-redis\dist\index.cjs:102:31)
    at new RedisStore (C:\Users\user\OneDrive\Desktop\CRM\backend\node_modules\rate-limit-redis\dist\index.cjs:95:36)
    at createRateLimiter (C:\Users\user\OneDrive\Desktop\CRM\backend\middleware\rateLimiter.js:12:16)
    at Object.<anonymous> (C:\Users\user\OneDrive\Desktop\CRM\backend\middleware\rateLimiter.js:65:21)
    at Module._compile (node:internal/modules/cjs/loader:1730:14)
    at Object..js (node:internal/modules/cjs/loader:1895:10)
    at Module.load (node:internal/modules/cjs/loader:1465:32)
2026-01-28 12:46:27: 2026-01-28 12:46:27 [31merror[39m: Error: The client is closed
    at Class.sendCommand (C:\Users\user\OneDrive\Desktop\CRM\backend\node_modules\@redis\client\dist\lib\client\index.js:639:35)
    at RedisStore.sendCommand (C:\Users\user\OneDrive\Desktop\CRM\backend\middleware\rateLimiter.js:13:49)
    at RedisStore.sendCommand (C:\Users\user\OneDrive\Desktop\CRM\backend\node_modules\rate-limit-redis\dist\index.cjs:85:49)
    at RedisStore.loadGetScript (C:\Users\user\OneDrive\Desktop\CRM\backend\node_modules\rate-limit-redis\dist\index.cjs:116:31)
    at new RedisStore (C:\Users\user\OneDrive\Desktop\CRM\backend\node_modules\rate-limit-redis\dist\index.cjs:96:30)
    at createRateLimiter (C:\Users\user\OneDrive\Desktop\CRM\backend\middleware\rateLimiter.js:12:16)
    at Object.<anonymous> (C:\Users\user\OneDrive\Desktop\CRM\backend\middleware\rateLimiter.js:65:21)
    at Module._compile (node:internal/modules/cjs/loader:1730:14)
    at Object..js (node:internal/modules/cjs/loader:1895:10)
    at Module.load (node:internal/modules/cjs/loader:1465:32)
2026-01-28 12:46:28: 2026-01-28 12:46:28 [32minfo[39m: ✅ Redis Connected successfully
2026-01-28 12:46:28: 2026-01-28 12:46:28 [31merror[39m: Error: NOAUTH Authentication required
    at #decodeSimpleError (C:\Users\user\OneDrive\Desktop\CRM\backend\node_modules\@redis\client\dist\lib\RESP\decoder.js:457:13)
    at #decodeTypeValue (C:\Users\user\OneDrive\Desktop\CRM\backend\node_modules\@redis\client\dist\lib\RESP\decoder.js:104:91)
    at Decoder.write (C:\Users\user\OneDrive\Desktop\CRM\backend\node_modules\@redis\client\dist\lib\RESP\decoder.js:74:38)
    at RedisSocket.<anonymous> (C:\Users\user\OneDrive\Desktop\CRM\backend\node_modules\@redis\client\dist\lib\client\index.js:437:37)
    at RedisSocket.emit (node:events:518:28)
    at Socket.<anonymous> (C:\Users\user\OneDrive\Desktop\CRM\backend\node_modules\@redis\client\dist\lib\client\socket.js:235:38)
    at Socket.emit (node:events:518:28)
    at addChunk (node:internal/streams/readable:561:12)
    at readableAddChunkPushByteMode (node:internal/streams/readable:512:3)
    at Readable.push (node:internal/streams/readable:392:5)
    at TCP.onStreamRead (node:internal/stream_base_commons:189:23)
2026-01-28 12:46:28: 2026-01-28 12:46:28 [31merror[39m: Error: NOAUTH Authentication required
    at #decodeSimpleError (C:\Users\user\OneDrive\Desktop\CRM\backend\node_modules\@redis\client\dist\lib\RESP\decoder.js:457:13)
    at #decodeTypeValue (C:\Users\user\OneDrive\Desktop\CRM\backend\node_modules\@redis\client\dist\lib\RESP\decoder.js:104:91)
    at Decoder.write (C:\Users\user\OneDrive\Desktop\CRM\backend\node_modules\@redis\client\dist\lib\RESP\decoder.js:74:38)
    at RedisSocket.<anonymous> (C:\Users\user\OneDrive\Desktop\CRM\backend\node_modules\@redis\client\dist\lib\client\index.js:437:37)
    at RedisSocket.emit (node:events:518:28)
    at Socket.<anonymous> (C:\Users\user\OneDrive\Desktop\CRM\backend\node_modules\@redis\client\dist\lib\client\socket.js:235:38)
    at Socket.emit (node:events:518:28)
    at addChunk (node:internal/streams/readable:561:12)
    at readableAddChunkPushByteMode (node:internal/streams/readable:512:3)
    at Readable.push (node:internal/streams/readable:392:5)
    at TCP.onStreamRead (node:internal/stream_base_commons:189:23)
2026-01-28 12:46:28: 📡 Mongoose connected to Atlas cluster
2026-01-28 12:46:28: ✅ MongoDB Atlas connected successfully!
2026-01-28 12:46:28: ✅ Query model connected successfully
2026-01-28 12:46:38: 🔌 Socket.IO instance set successfully
2026-01-28 12:46:38: ℹ️ Huawei E173 Modem Service is disabled via ENABLE_MODEM flag
2026-01-28 12:46:38: Starting Auto-Logout Job...
2026-01-28 12:46:38: 2026-01-28 12:46:38 [31merror[39m: Error: The client is closed
    at Class.sendCommand (C:\Users\user\OneDrive\Desktop\CRM\backend\node_modules\@redis\client\dist\lib\client\index.js:639:35)
    at RedisStore.sendCommand (C:\Users\user\OneDrive\Desktop\CRM\backend\middleware\rateLimiter.js:13:49)
    at RedisStore.sendCommand (C:\Users\user\OneDrive\Desktop\CRM\backend\node_modules\rate-limit-redis\dist\index.cjs:85:49)
    at RedisStore.loadIncrementScript (C:\Users\user\OneDrive\Desktop\CRM\backend\node_modules\rate-limit-redis\dist\index.cjs:102:31)
    at new RedisStore (C:\Users\user\OneDrive\Desktop\CRM\backend\node_modules\rate-limit-redis\dist\index.cjs:95:36)
    at createRateLimiter (C:\Users\user\OneDrive\Desktop\CRM\backend\middleware\rateLimiter.js:12:16)
    at Object.<anonymous> (C:\Users\user\OneDrive\Desktop\CRM\backend\middleware\rateLimiter.js:32:21)
    at Module._compile (node:internal/modules/cjs/loader:1730:14)
    at Object..js (node:internal/modules/cjs/loader:1895:10)
    at Module.load (node:internal/modules/cjs/loader:1465:32)
2026-01-28 12:46:38: 2026-01-28 12:46:38 [31merror[39m: Error: The client is closed
    at Class.sendCommand (C:\Users\user\OneDrive\Desktop\CRM\backend\node_modules\@redis\client\dist\lib\client\index.js:639:35)
    at RedisStore.sendCommand (C:\Users\user\OneDrive\Desktop\CRM\backend\middleware\rateLimiter.js:13:49)
    at RedisStore.sendCommand (C:\Users\user\OneDrive\Desktop\CRM\backend\node_modules\rate-limit-redis\dist\index.cjs:85:49)
    at RedisStore.loadGetScript (C:\Users\user\OneDrive\Desktop\CRM\backend\node_modules\rate-limit-redis\dist\index.cjs:116:31)
    at new RedisStore (C:\Users\user\OneDrive\Desktop\CRM\backend\node_modules\rate-limit-redis\dist\index.cjs:96:30)
    at createRateLimiter (C:\Users\user\OneDrive\Desktop\CRM\backend\middleware\rateLimiter.js:12:16)
    at Object.<anonymous> (C:\Users\user\OneDrive\Desktop\CRM\backend\middleware\rateLimiter.js:32:21)
    at Module._compile (node:internal/modules/cjs/loader:1730:14)
    at Object..js (node:internal/modules/cjs/loader:1895:10)
    at Module.load (node:internal/modules/cjs/loader:1465:32)
2026-01-28 12:46:38: 2026-01-28 12:46:38 [31merror[39m: Error: The client is closed
    at Class.sendCommand (C:\Users\user\OneDrive\Desktop\CRM\backend\node_modules\@redis\client\dist\lib\client\index.js:639:35)
    at RedisStore.sendCommand (C:\Users\user\OneDrive\Desktop\CRM\backend\middleware\rateLimiter.js:13:49)
    at RedisStore.sendCommand (C:\Users\user\OneDrive\Desktop\CRM\backend\node_modules\rate-limit-redis\dist\index.cjs:85:49)
    at RedisStore.loadIncrementScript (C:\Users\user\OneDrive\Desktop\CRM\backend\node_modules\rate-limit-redis\dist\index.cjs:102:31)
    at new RedisStore (C:\Users\user\OneDrive\Desktop\CRM\backend\node_modules\rate-limit-redis\dist\index.cjs:95:36)
    at createRateLimiter (C:\Users\user\OneDrive\Desktop\CRM\backend\middleware\rateLimiter.js:12:16)
    at Object.<anonymous> (C:\Users\user\OneDrive\Desktop\CRM\backend\middleware\rateLimiter.js:41:20)
    at Module._compile (node:internal/modules/cjs/loader:1730:14)
    at Object..js (node:internal/modules/cjs/loader:1895:10)
    at Module.load (node:internal/modules/cjs/loader:1465:32)
2026-01-28 12:46:38: 2026-01-28 12:46:38 [31merror[39m: Error: The client is closed
    at Class.sendCommand (C:\Users\user\OneDrive\Desktop\CRM\backend\node_modules\@redis\client\dist\lib\client\index.js:639:35)
    at RedisStore.sendCommand (C:\Users\user\OneDrive\Desktop\CRM\backend\middleware\rateLimiter.js:13:49)
    at RedisStore.sendCommand (C:\Users\user\OneDrive\Desktop\CRM\backend\node_modules\rate-limit-redis\dist\index.cjs:85:49)
    at RedisStore.loadGetScript (C:\Users\user\OneDrive\Desktop\CRM\backend\node_modules\rate-limit-redis\dist\index.cjs:116:31)
    at new RedisStore (C:\Users\user\OneDrive\Desktop\CRM\backend\node_modules\rate-limit-redis\dist\index.cjs:96:30)
    at createRateLimiter (C:\Users\user\OneDrive\Desktop\CRM\backend\middleware\rateLimiter.js:12:16)
    at Object.<anonymous> (C:\Users\user\OneDrive\Desktop\CRM\backend\middleware\rateLimiter.js:41:20)
    at Module._compile (node:internal/modules/cjs/loader:1730:14)
    at Object..js (node:internal/modules/cjs/loader:1895:10)
    at Module.load (node:internal/modules/cjs/loader:1465:32)
2026-01-28 12:46:38: 2026-01-28 12:46:38 [31merror[39m: Error: The client is closed
    at Class.sendCommand (C:\Users\user\OneDrive\Desktop\CRM\backend\node_modules\@redis\client\dist\lib\client\index.js:639:35)
    at RedisStore.sendCommand (C:\Users\user\OneDrive\Desktop\CRM\backend\middleware\rateLimiter.js:13:49)
    at RedisStore.sendCommand (C:\Users\user\OneDrive\Desktop\CRM\backend\node_modules\rate-limit-redis\dist\index.cjs:85:49)
    at RedisStore.loadIncrementScript (C:\Users\user\OneDrive\Desktop\CRM\backend\node_modules\rate-limit-redis\dist\index.cjs:102:31)
    at new RedisStore (C:\Users\user\OneDrive\Desktop\CRM\backend\node_modules\rate-limit-redis\dist\index.cjs:95:36)
    at createRateLimiter (C:\Users\user\OneDrive\Desktop\CRM\backend\middleware\rateLimiter.js:12:16)
    at Object.<anonymous> (C:\Users\user\OneDrive\Desktop\CRM\backend\middleware\rateLimiter.js:49:23)
    at Module._compile (node:internal/modules/cjs/loader:1730:14)
    at Object..js (node:internal/modules/cjs/loader:1895:10)
    at Module.load (node:internal/modules/cjs/loader:1465:32)
2026-01-28 12:46:38: 2026-01-28 12:46:38 [31merror[39m: Error: The client is closed
    at Class.sendCommand (C:\Users\user\OneDrive\Desktop\CRM\backend\node_modules\@redis\client\dist\lib\client\index.js:639:35)
    at RedisStore.sendCommand (C:\Users\user\OneDrive\Desktop\CRM\backend\middleware\rateLimiter.js:13:49)
    at RedisStore.sendCommand (C:\Users\user\OneDrive\Desktop\CRM\backend\node_modules\rate-limit-redis\dist\index.cjs:85:49)
    at RedisStore.loadGetScript (C:\Users\user\OneDrive\Desktop\CRM\backend\node_modules\rate-limit-redis\dist\index.cjs:116:31)
    at new RedisStore (C:\Users\user\OneDrive\Desktop\CRM\backend\node_modules\rate-limit-redis\dist\index.cjs:96:30)
    at createRateLimiter (C:\Users\user\OneDrive\Desktop\CRM\backend\middleware\rateLimiter.js:12:16)
    at Object.<anonymous> (C:\Users\user\OneDrive\Desktop\CRM\backend\middleware\rateLimiter.js:49:23)
    at Module._compile (node:internal/modules/cjs/loader:1730:14)
    at Object..js (node:internal/modules/cjs/loader:1895:10)
    at Module.load (node:internal/modules/cjs/loader:1465:32)
2026-01-28 12:46:38: 2026-01-28 12:46:38 [31merror[39m: Error: The client is closed
    at Class.sendCommand (C:\Users\user\OneDrive\Desktop\CRM\backend\node_modules\@redis\client\dist\lib\client\index.js:639:35)
    at RedisStore.sendCommand (C:\Users\user\OneDrive\Desktop\CRM\backend\middleware\rateLimiter.js:13:49)
    at RedisStore.sendCommand (C:\Users\user\OneDrive\Desktop\CRM\backend\node_modules\rate-limit-redis\dist\index.cjs:85:49)
    at RedisStore.loadIncrementScript (C:\Users\user\OneDrive\Desktop\CRM\backend\node_modules\rate-limit-redis\dist\index.cjs:102:31)
    at new RedisStore (C:\Users\user\OneDrive\Desktop\CRM\backend\node_modules\rate-limit-redis\dist\index.cjs:95:36)
    at createRateLimiter (C:\Users\user\OneDrive\Desktop\CRM\backend\middleware\rateLimiter.js:12:16)
    at Object.<anonymous> (C:\Users\user\OneDrive\Desktop\CRM\backend\middleware\rateLimiter.js:57:25)
    at Module._compile (node:internal/modules/cjs/loader:1730:14)
    at Object..js (node:internal/modules/cjs/loader:1895:10)
    at Module.load (node:internal/modules/cjs/loader:1465:32)
2026-01-28 12:46:38: 2026-01-28 12:46:38 [31merror[39m: Error: The client is closed
    at Class.sendCommand (C:\Users\user\OneDrive\Desktop\CRM\backend\node_modules\@redis\client\dist\lib\client\index.js:639:35)
    at RedisStore.sendCommand (C:\Users\user\OneDrive\Desktop\CRM\backend\middleware\rateLimiter.js:13:49)
    at RedisStore.sendCommand (C:\Users\user\OneDrive\Desktop\CRM\backend\node_modules\rate-limit-redis\dist\index.cjs:85:49)
    at RedisStore.loadGetScript (C:\Users\user\OneDrive\Desktop\CRM\backend\node_modules\rate-limit-redis\dist\index.cjs:116:31)
    at new RedisStore (C:\Users\user\OneDrive\Desktop\CRM\backend\node_modules\rate-limit-redis\dist\index.cjs:96:30)
    at createRateLimiter (C:\Users\user\OneDrive\Desktop\CRM\backend\middleware\rateLimiter.js:12:16)
    at Object.<anonymous> (C:\Users\user\OneDrive\Desktop\CRM\backend\middleware\rateLimiter.js:57:25)
    at Module._compile (node:internal/modules/cjs/loader:1730:14)
    at Object..js (node:internal/modules/cjs/loader:1895:10)
    at Module.load (node:internal/modules/cjs/loader:1465:32)
2026-01-28 12:46:38: 2026-01-28 12:46:38 [31merror[39m: Error: The client is closed
    at Class.sendCommand (C:\Users\user\OneDrive\Desktop\CRM\backend\node_modules\@redis\client\dist\lib\client\index.js:639:35)
    at RedisStore.sendCommand (C:\Users\user\OneDrive\Desktop\CRM\backend\middleware\rateLimiter.js:13:49)
    at RedisStore.sendCommand (C:\Users\user\OneDrive\Desktop\CRM\backend\node_modules\rate-limit-redis\dist\index.cjs:85:49)
    at RedisStore.loadIncrementScript (C:\Users\user\OneDrive\Desktop\CRM\backend\node_modules\rate-limit-redis\dist\index.cjs:102:31)
    at new RedisStore (C:\Users\user\OneDrive\Desktop\CRM\backend\node_modules\rate-limit-redis\dist\index.cjs:95:36)
    at createRateLimiter (C:\Users\user\OneDrive\Desktop\CRM\backend\middleware\rateLimiter.js:12:16)
    at Object.<anonymous> (C:\Users\user\OneDrive\Desktop\CRM\backend\middleware\rateLimiter.js:65:21)
    at Module._compile (node:internal/modules/cjs/loader:1730:14)
    at Object..js (node:internal/modules/cjs/loader:1895:10)
    at Module.load (node:internal/modules/cjs/loader:1465:32)
2026-01-28 12:46:38: 2026-01-28 12:46:38 [31merror[39m: Error: The client is closed
    at Class.sendCommand (C:\Users\user\OneDrive\Desktop\CRM\backend\node_modules\@redis\client\dist\lib\client\index.js:639:35)
    at RedisStore.sendCommand (C:\Users\user\OneDrive\Desktop\CRM\backend\middleware\rateLimiter.js:13:49)
    at RedisStore.sendCommand (C:\Users\user\OneDrive\Desktop\CRM\backend\node_modules\rate-limit-redis\dist\index.cjs:85:49)
    at RedisStore.loadGetScript (C:\Users\user\OneDrive\Desktop\CRM\backend\node_modules\rate-limit-redis\dist\index.cjs:116:31)
    at new RedisStore (C:\Users\user\OneDrive\Desktop\CRM\backend\node_modules\rate-limit-redis\dist\index.cjs:96:30)
    at createRateLimiter (C:\Users\user\OneDrive\Desktop\CRM\backend\middleware\rateLimiter.js:12:16)
    at Object.<anonymous> (C:\Users\user\OneDrive\Desktop\CRM\backend\middleware\rateLimiter.js:65:21)
    at Module._compile (node:internal/modules/cjs/loader:1730:14)
    at Object..js (node:internal/modules/cjs/loader:1895:10)
    at Module.load (node:internal/modules/cjs/loader:1465:32)
2026-01-28 12:46:39: 2026-01-28 12:46:39 [32minfo[39m: ✅ Redis Connected successfully
2026-01-28 12:46:39: 2026-01-28 12:46:39 [31merror[39m: Error: NOAUTH Authentication required
    at #decodeSimpleError (C:\Users\user\OneDrive\Desktop\CRM\backend\node_modules\@redis\client\dist\lib\RESP\decoder.js:457:13)
    at #decodeTypeValue (C:\Users\user\OneDrive\Desktop\CRM\backend\node_modules\@redis\client\dist\lib\RESP\decoder.js:104:91)
    at Decoder.write (C:\Users\user\OneDrive\Desktop\CRM\backend\node_modules\@redis\client\dist\lib\RESP\decoder.js:74:38)
    at RedisSocket.<anonymous> (C:\Users\user\OneDrive\Desktop\CRM\backend\node_modules\@redis\client\dist\lib\client\index.js:437:37)
    at RedisSocket.emit (node:events:518:28)
    at Socket.<anonymous> (C:\Users\user\OneDrive\Desktop\CRM\backend\node_modules\@redis\client\dist\lib\client\socket.js:235:38)
    at Socket.emit (node:events:518:28)
    at addChunk (node:internal/streams/readable:561:12)
    at readableAddChunkPushByteMode (node:internal/streams/readable:512:3)
    at Readable.push (node:internal/streams/readable:392:5)
    at TCP.onStreamRead (node:internal/stream_base_commons:189:23)
2026-01-28 12:46:39: 2026-01-28 12:46:39 [31merror[39m: Error: NOAUTH Authentication required
    at #decodeSimpleError (C:\Users\user\OneDrive\Desktop\CRM\backend\node_modules\@redis\client\dist\lib\RESP\decoder.js:457:13)
    at #decodeTypeValue (C:\Users\user\OneDrive\Desktop\CRM\backend\node_modules\@redis\client\dist\lib\RESP\decoder.js:104:91)
    at Decoder.write (C:\Users\user\OneDrive\Desktop\CRM\backend\node_modules\@redis\client\dist\lib\RESP\decoder.js:74:38)
    at RedisSocket.<anonymous> (C:\Users\user\OneDrive\Desktop\CRM\backend\node_modules\@redis\client\dist\lib\client\index.js:437:37)
    at RedisSocket.emit (node:events:518:28)
    at Socket.<anonymous> (C:\Users\user\OneDrive\Desktop\CRM\backend\node_modules\@redis\client\dist\lib\client\socket.js:235:38)
    at Socket.emit (node:events:518:28)
    at addChunk (node:internal/streams/readable:561:12)
    at readableAddChunkPushByteMode (node:internal/streams/readable:512:3)
    at Readable.push (node:internal/streams/readable:392:5)
    at TCP.onStreamRead (node:internal/stream_base_commons:189:23)
2026-01-28 12:46:39: 📡 Mongoose connected to Atlas cluster
2026-01-28 12:46:39: ✅ MongoDB Atlas connected successfully!
2026-01-28 12:46:39: ✅ Query model connected successfully
2026-01-28 12:46:49: 🔌 Socket.IO instance set successfully
2026-01-28 12:46:49: ℹ️ Huawei E173 Modem Service is disabled via ENABLE_MODEM flag
2026-01-28 12:46:49: Starting Auto-Logout Job...
2026-01-28 12:46:49: 2026-01-28 12:46:49 [31merror[39m: Error: The client is closed
    at Class.sendCommand (C:\Users\user\OneDrive\Desktop\CRM\backend\node_modules\@redis\client\dist\lib\client\index.js:639:35)
    at RedisStore.sendCommand (C:\Users\user\OneDrive\Desktop\CRM\backend\middleware\rateLimiter.js:13:49)
    at RedisStore.sendCommand (C:\Users\user\OneDrive\Desktop\CRM\backend\node_modules\rate-limit-redis\dist\index.cjs:85:49)
    at RedisStore.loadIncrementScript (C:\Users\user\OneDrive\Desktop\CRM\backend\node_modules\rate-limit-redis\dist\index.cjs:102:31)
    at new RedisStore (C:\Users\user\OneDrive\Desktop\CRM\backend\node_modules\rate-limit-redis\dist\index.cjs:95:36)
    at createRateLimiter (C:\Users\user\OneDrive\Desktop\CRM\backend\middleware\rateLimiter.js:12:16)
    at Object.<anonymous> (C:\Users\user\OneDrive\Desktop\CRM\backend\middleware\rateLimiter.js:32:21)
    at Module._compile (node:internal/modules/cjs/loader:1730:14)
    at Object..js (node:internal/modules/cjs/loader:1895:10)
    at Module.load (node:internal/modules/cjs/loader:1465:32)
2026-01-28 12:46:49: 2026-01-28 12:46:49 [31merror[39m: Error: The client is closed
    at Class.sendCommand (C:\Users\user\OneDrive\Desktop\CRM\backend\node_modules\@redis\client\dist\lib\client\index.js:639:35)
    at RedisStore.sendCommand (C:\Users\user\OneDrive\Desktop\CRM\backend\middleware\rateLimiter.js:13:49)
    at RedisStore.sendCommand (C:\Users\user\OneDrive\Desktop\CRM\backend\node_modules\rate-limit-redis\dist\index.cjs:85:49)
    at RedisStore.loadGetScript (C:\Users\user\OneDrive\Desktop\CRM\backend\node_modules\rate-limit-redis\dist\index.cjs:116:31)
    at new RedisStore (C:\Users\user\OneDrive\Desktop\CRM\backend\node_modules\rate-limit-redis\dist\index.cjs:96:30)
    at createRateLimiter (C:\Users\user\OneDrive\Desktop\CRM\backend\middleware\rateLimiter.js:12:16)
    at Object.<anonymous> (C:\Users\user\OneDrive\Desktop\CRM\backend\middleware\rateLimiter.js:32:21)
    at Module._compile (node:internal/modules/cjs/loader:1730:14)
    at Object..js (node:internal/modules/cjs/loader:1895:10)
    at Module.load (node:internal/modules/cjs/loader:1465:32)
2026-01-28 12:46:49: 2026-01-28 12:46:49 [31merror[39m: Error: The client is closed
    at Class.sendCommand (C:\Users\user\OneDrive\Desktop\CRM\backend\node_modules\@redis\client\dist\lib\client\index.js:639:35)
    at RedisStore.sendCommand (C:\Users\user\OneDrive\Desktop\CRM\backend\middleware\rateLimiter.js:13:49)
    at RedisStore.sendCommand (C:\Users\user\OneDrive\Desktop\CRM\backend\node_modules\rate-limit-redis\dist\index.cjs:85:49)
    at RedisStore.loadIncrementScript (C:\Users\user\OneDrive\Desktop\CRM\backend\node_modules\rate-limit-redis\dist\index.cjs:102:31)
    at new RedisStore (C:\Users\user\OneDrive\Desktop\CRM\backend\node_modules\rate-limit-redis\dist\index.cjs:95:36)
    at createRateLimiter (C:\Users\user\OneDrive\Desktop\CRM\backend\middleware\rateLimiter.js:12:16)
    at Object.<anonymous> (C:\Users\user\OneDrive\Desktop\CRM\backend\middleware\rateLimiter.js:41:20)
    at Module._compile (node:internal/modules/cjs/loader:1730:14)
    at Object..js (node:internal/modules/cjs/loader:1895:10)
    at Module.load (node:internal/modules/cjs/loader:1465:32)
2026-01-28 12:46:49: 2026-01-28 12:46:49 [31merror[39m: Error: The client is closed
    at Class.sendCommand (C:\Users\user\OneDrive\Desktop\CRM\backend\node_modules\@redis\client\dist\lib\client\index.js:639:35)
    at RedisStore.sendCommand (C:\Users\user\OneDrive\Desktop\CRM\backend\middleware\rateLimiter.js:13:49)
    at RedisStore.sendCommand (C:\Users\user\OneDrive\Desktop\CRM\backend\node_modules\rate-limit-redis\dist\index.cjs:85:49)
    at RedisStore.loadGetScript (C:\Users\user\OneDrive\Desktop\CRM\backend\node_modules\rate-limit-redis\dist\index.cjs:116:31)
    at new RedisStore (C:\Users\user\OneDrive\Desktop\CRM\backend\node_modules\rate-limit-redis\dist\index.cjs:96:30)
    at createRateLimiter (C:\Users\user\OneDrive\Desktop\CRM\backend\middleware\rateLimiter.js:12:16)
    at Object.<anonymous> (C:\Users\user\OneDrive\Desktop\CRM\backend\middleware\rateLimiter.js:41:20)
    at Module._compile (node:internal/modules/cjs/loader:1730:14)
    at Object..js (node:internal/modules/cjs/loader:1895:10)
    at Module.load (node:internal/modules/cjs/loader:1465:32)
2026-01-28 12:46:49: 2026-01-28 12:46:49 [31merror[39m: Error: The client is closed
    at Class.sendCommand (C:\Users\user\OneDrive\Desktop\CRM\backend\node_modules\@redis\client\dist\lib\client\index.js:639:35)
    at RedisStore.sendCommand (C:\Users\user\OneDrive\Desktop\CRM\backend\middleware\rateLimiter.js:13:49)
    at RedisStore.sendCommand (C:\Users\user\OneDrive\Desktop\CRM\backend\node_modules\rate-limit-redis\dist\index.cjs:85:49)
    at RedisStore.loadIncrementScript (C:\Users\user\OneDrive\Desktop\CRM\backend\node_modules\rate-limit-redis\dist\index.cjs:102:31)
    at new RedisStore (C:\Users\user\OneDrive\Desktop\CRM\backend\node_modules\rate-limit-redis\dist\index.cjs:95:36)
    at createRateLimiter (C:\Users\user\OneDrive\Desktop\CRM\backend\middleware\rateLimiter.js:12:16)
    at Object.<anonymous> (C:\Users\user\OneDrive\Desktop\CRM\backend\middleware\rateLimiter.js:49:23)
    at Module._compile (node:internal/modules/cjs/loader:1730:14)
    at Object..js (node:internal/modules/cjs/loader:1895:10)
    at Module.load (node:internal/modules/cjs/loader:1465:32)
2026-01-28 12:46:49: 2026-01-28 12:46:49 [31merror[39m: Error: The client is closed
    at Class.sendCommand (C:\Users\user\OneDrive\Desktop\CRM\backend\node_modules\@redis\client\dist\lib\client\index.js:639:35)
    at RedisStore.sendCommand (C:\Users\user\OneDrive\Desktop\CRM\backend\middleware\rateLimiter.js:13:49)
    at RedisStore.sendCommand (C:\Users\user\OneDrive\Desktop\CRM\backend\node_modules\rate-limit-redis\dist\index.cjs:85:49)
    at RedisStore.loadGetScript (C:\Users\user\OneDrive\Desktop\CRM\backend\node_modules\rate-limit-redis\dist\index.cjs:116:31)
    at new RedisStore (C:\Users\user\OneDrive\Desktop\CRM\backend\node_modules\rate-limit-redis\dist\index.cjs:96:30)
    at createRateLimiter (C:\Users\user\OneDrive\Desktop\CRM\backend\middleware\rateLimiter.js:12:16)
    at Object.<anonymous> (C:\Users\user\OneDrive\Desktop\CRM\backend\middleware\rateLimiter.js:49:23)
    at Module._compile (node:internal/modules/cjs/loader:1730:14)
    at Object..js (node:internal/modules/cjs/loader:1895:10)
    at Module.load (node:internal/modules/cjs/loader:1465:32)
2026-01-28 12:46:49: 2026-01-28 12:46:49 [31merror[39m: Error: The client is closed
    at Class.sendCommand (C:\Users\user\OneDrive\Desktop\CRM\backend\node_modules\@redis\client\dist\lib\client\index.js:639:35)
    at RedisStore.sendCommand (C:\Users\user\OneDrive\Desktop\CRM\backend\middleware\rateLimiter.js:13:49)
    at RedisStore.sendCommand (C:\Users\user\OneDrive\Desktop\CRM\backend\node_modules\rate-limit-redis\dist\index.cjs:85:49)
    at RedisStore.loadIncrementScript (C:\Users\user\OneDrive\Desktop\CRM\backend\node_modules\rate-limit-redis\dist\index.cjs:102:31)
    at new RedisStore (C:\Users\user\OneDrive\Desktop\CRM\backend\node_modules\rate-limit-redis\dist\index.cjs:95:36)
    at createRateLimiter (C:\Users\user\OneDrive\Desktop\CRM\backend\middleware\rateLimiter.js:12:16)
    at Object.<anonymous> (C:\Users\user\OneDrive\Desktop\CRM\backend\middleware\rateLimiter.js:57:25)
    at Module._compile (node:internal/modules/cjs/loader:1730:14)
    at Object..js (node:internal/modules/cjs/loader:1895:10)
    at Module.load (node:internal/modules/cjs/loader:1465:32)
2026-01-28 12:46:49: 2026-01-28 12:46:49 [31merror[39m: Error: The client is closed
    at Class.sendCommand (C:\Users\user\OneDrive\Desktop\CRM\backend\node_modules\@redis\client\dist\lib\client\index.js:639:35)
    at RedisStore.sendCommand (C:\Users\user\OneDrive\Desktop\CRM\backend\middleware\rateLimiter.js:13:49)
    at RedisStore.sendCommand (C:\Users\user\OneDrive\Desktop\CRM\backend\node_modules\rate-limit-redis\dist\index.cjs:85:49)
    at RedisStore.loadGetScript (C:\Users\user\OneDrive\Desktop\CRM\backend\node_modules\rate-limit-redis\dist\index.cjs:116:31)
    at new RedisStore (C:\Users\user\OneDrive\Desktop\CRM\backend\node_modules\rate-limit-redis\dist\index.cjs:96:30)
    at createRateLimiter (C:\Users\user\OneDrive\Desktop\CRM\backend\middleware\rateLimiter.js:12:16)
    at Object.<anonymous> (C:\Users\user\OneDrive\Desktop\CRM\backend\middleware\rateLimiter.js:57:25)
    at Module._compile (node:internal/modules/cjs/loader:1730:14)
    at Object..js (node:internal/modules/cjs/loader:1895:10)
    at Module.load (node:internal/modules/cjs/loader:1465:32)
2026-01-28 12:46:49: 2026-01-28 12:46:49 [31merror[39m: Error: The client is closed
    at Class.sendCommand (C:\Users\user\OneDrive\Desktop\CRM\backend\node_modules\@redis\client\dist\lib\client\index.js:639:35)
    at RedisStore.sendCommand (C:\Users\user\OneDrive\Desktop\CRM\backend\middleware\rateLimiter.js:13:49)
    at RedisStore.sendCommand (C:\Users\user\OneDrive\Desktop\CRM\backend\node_modules\rate-limit-redis\dist\index.cjs:85:49)
    at RedisStore.loadIncrementScript (C:\Users\user\OneDrive\Desktop\CRM\backend\node_modules\rate-limit-redis\dist\index.cjs:102:31)
    at new RedisStore (C:\Users\user\OneDrive\Desktop\CRM\backend\node_modules\rate-limit-redis\dist\index.cjs:95:36)
    at createRateLimiter (C:\Users\user\OneDrive\Desktop\CRM\backend\middleware\rateLimiter.js:12:16)
    at Object.<anonymous> (C:\Users\user\OneDrive\Desktop\CRM\backend\middleware\rateLimiter.js:65:21)
    at Module._compile (node:internal/modules/cjs/loader:1730:14)
    at Object..js (node:internal/modules/cjs/loader:1895:10)
    at Module.load (node:internal/modules/cjs/loader:1465:32)
2026-01-28 12:46:49: 2026-01-28 12:46:49 [31merror[39m: Error: The client is closed
    at Class.sendCommand (C:\Users\user\OneDrive\Desktop\CRM\backend\node_modules\@redis\client\dist\lib\client\index.js:639:35)
    at RedisStore.sendCommand (C:\Users\user\OneDrive\Desktop\CRM\backend\middleware\rateLimiter.js:13:49)
    at RedisStore.sendCommand (C:\Users\user\OneDrive\Desktop\CRM\backend\node_modules\rate-limit-redis\dist\index.cjs:85:49)
    at RedisStore.loadGetScript (C:\Users\user\OneDrive\Desktop\CRM\backend\node_modules\rate-limit-redis\dist\index.cjs:116:31)
    at new RedisStore (C:\Users\user\OneDrive\Desktop\CRM\backend\node_modules\rate-limit-redis\dist\index.cjs:96:30)
    at createRateLimiter (C:\Users\user\OneDrive\Desktop\CRM\backend\middleware\rateLimiter.js:12:16)
    at Object.<anonymous> (C:\Users\user\OneDrive\Desktop\CRM\backend\middleware\rateLimiter.js:65:21)
    at Module._compile (node:internal/modules/cjs/loader:1730:14)
    at Object..js (node:internal/modules/cjs/loader:1895:10)
    at Module.load (node:internal/modules/cjs/loader:1465:32)
2026-01-28 12:46:49: 2026-01-28 12:46:49 [32minfo[39m: ✅ Redis Connected successfully
2026-01-28 12:46:49: 2026-01-28 12:46:49 [31merror[39m: Error: NOAUTH Authentication required
    at #decodeSimpleError (C:\Users\user\OneDrive\Desktop\CRM\backend\node_modules\@redis\client\dist\lib\RESP\decoder.js:457:13)
    at #decodeTypeValue (C:\Users\user\OneDrive\Desktop\CRM\backend\node_modules\@redis\client\dist\lib\RESP\decoder.js:104:91)
    at Decoder.write (C:\Users\user\OneDrive\Desktop\CRM\backend\node_modules\@redis\client\dist\lib\RESP\decoder.js:74:38)
    at RedisSocket.<anonymous> (C:\Users\user\OneDrive\Desktop\CRM\backend\node_modules\@redis\client\dist\lib\client\index.js:437:37)
    at RedisSocket.emit (node:events:518:28)
    at Socket.<anonymous> (C:\Users\user\OneDrive\Desktop\CRM\backend\node_modules\@redis\client\dist\lib\client\socket.js:235:38)
    at Socket.emit (node:events:518:28)
    at addChunk (node:internal/streams/readable:561:12)
    at readableAddChunkPushByteMode (node:internal/streams/readable:512:3)
    at Readable.push (node:internal/streams/readable:392:5)
    at TCP.onStreamRead (node:internal/stream_base_commons:189:23)
2026-01-28 12:46:49: 2026-01-28 12:46:49 [31merror[39m: Error: NOAUTH Authentication required
    at #decodeSimpleError (C:\Users\user\OneDrive\Desktop\CRM\backend\node_modules\@redis\client\dist\lib\RESP\decoder.js:457:13)
    at #decodeTypeValue (C:\Users\user\OneDrive\Desktop\CRM\backend\node_modules\@redis\client\dist\lib\RESP\decoder.js:104:91)
    at Decoder.write (C:\Users\user\OneDrive\Desktop\CRM\backend\node_modules\@redis\client\dist\lib\RESP\decoder.js:74:38)
    at RedisSocket.<anonymous> (C:\Users\user\OneDrive\Desktop\CRM\backend\node_modules\@redis\client\dist\lib\client\index.js:437:37)
    at RedisSocket.emit (node:events:518:28)
    at Socket.<anonymous> (C:\Users\user\OneDrive\Desktop\CRM\backend\node_modules\@redis\client\dist\lib\client\socket.js:235:38)
    at Socket.emit (node:events:518:28)
    at addChunk (node:internal/streams/readable:561:12)
    at readableAddChunkPushByteMode (node:internal/streams/readable:512:3)
    at Readable.push (node:internal/streams/readable:392:5)
    at TCP.onStreamRead (node:internal/stream_base_commons:189:23)
2026-01-28 12:46:50: 📡 Mongoose connected to Atlas cluster
2026-01-28 12:46:50: ✅ MongoDB Atlas connected successfully!
2026-01-28 12:46:50: ✅ Query model connected successfully
2026-01-28 12:47:00: 🔌 Socket.IO instance set successfully
2026-01-28 12:47:00: ℹ️ Huawei E173 Modem Service is disabled via ENABLE_MODEM flag
2026-01-28 12:47:00: Starting Auto-Logout Job...
2026-01-28 12:47:00: 2026-01-28 12:47:00 [31merror[39m: Error: The client is closed
    at Class.sendCommand (C:\Users\user\OneDrive\Desktop\CRM\backend\node_modules\@redis\client\dist\lib\client\index.js:639:35)
    at RedisStore.sendCommand (C:\Users\user\OneDrive\Desktop\CRM\backend\middleware\rateLimiter.js:13:49)
    at RedisStore.sendCommand (C:\Users\user\OneDrive\Desktop\CRM\backend\node_modules\rate-limit-redis\dist\index.cjs:85:49)
    at RedisStore.loadIncrementScript (C:\Users\user\OneDrive\Desktop\CRM\backend\node_modules\rate-limit-redis\dist\index.cjs:102:31)
    at new RedisStore (C:\Users\user\OneDrive\Desktop\CRM\backend\node_modules\rate-limit-redis\dist\index.cjs:95:36)
    at createRateLimiter (C:\Users\user\OneDrive\Desktop\CRM\backend\middleware\rateLimiter.js:12:16)
    at Object.<anonymous> (C:\Users\user\OneDrive\Desktop\CRM\backend\middleware\rateLimiter.js:32:21)
    at Module._compile (node:internal/modules/cjs/loader:1730:14)
    at Object..js (node:internal/modules/cjs/loader:1895:10)
    at Module.load (node:internal/modules/cjs/loader:1465:32)
2026-01-28 12:47:00: 2026-01-28 12:47:00 [31merror[39m: Error: The client is closed
    at Class.sendCommand (C:\Users\user\OneDrive\Desktop\CRM\backend\node_modules\@redis\client\dist\lib\client\index.js:639:35)
    at RedisStore.sendCommand (C:\Users\user\OneDrive\Desktop\CRM\backend\middleware\rateLimiter.js:13:49)
    at RedisStore.sendCommand (C:\Users\user\OneDrive\Desktop\CRM\backend\node_modules\rate-limit-redis\dist\index.cjs:85:49)
    at RedisStore.loadGetScript (C:\Users\user\OneDrive\Desktop\CRM\backend\node_modules\rate-limit-redis\dist\index.cjs:116:31)
    at new RedisStore (C:\Users\user\OneDrive\Desktop\CRM\backend\node_modules\rate-limit-redis\dist\index.cjs:96:30)
    at createRateLimiter (C:\Users\user\OneDrive\Desktop\CRM\backend\middleware\rateLimiter.js:12:16)
    at Object.<anonymous> (C:\Users\user\OneDrive\Desktop\CRM\backend\middleware\rateLimiter.js:32:21)
    at Module._compile (node:internal/modules/cjs/loader:1730:14)
    at Object..js (node:internal/modules/cjs/loader:1895:10)
    at Module.load (node:internal/modules/cjs/loader:1465:32)
2026-01-28 12:47:00: 2026-01-28 12:47:00 [31merror[39m: Error: The client is closed
    at Class.sendCommand (C:\Users\user\OneDrive\Desktop\CRM\backend\node_modules\@redis\client\dist\lib\client\index.js:639:35)
    at RedisStore.sendCommand (C:\Users\user\OneDrive\Desktop\CRM\backend\middleware\rateLimiter.js:13:49)
    at RedisStore.sendCommand (C:\Users\user\OneDrive\Desktop\CRM\backend\node_modules\rate-limit-redis\dist\index.cjs:85:49)
    at RedisStore.loadIncrementScript (C:\Users\user\OneDrive\Desktop\CRM\backend\node_modules\rate-limit-redis\dist\index.cjs:102:31)
    at new RedisStore (C:\Users\user\OneDrive\Desktop\CRM\backend\node_modules\rate-limit-redis\dist\index.cjs:95:36)
    at createRateLimiter (C:\Users\user\OneDrive\Desktop\CRM\backend\middleware\rateLimiter.js:12:16)
    at Object.<anonymous> (C:\Users\user\OneDrive\Desktop\CRM\backend\middleware\rateLimiter.js:41:20)
    at Module._compile (node:internal/modules/cjs/loader:1730:14)
    at Object..js (node:internal/modules/cjs/loader:1895:10)
    at Module.load (node:internal/modules/cjs/loader:1465:32)
2026-01-28 12:47:00: 2026-01-28 12:47:00 [31merror[39m: Error: The client is closed
    at Class.sendCommand (C:\Users\user\OneDrive\Desktop\CRM\backend\node_modules\@redis\client\dist\lib\client\index.js:639:35)
    at RedisStore.sendCommand (C:\Users\user\OneDrive\Desktop\CRM\backend\middleware\rateLimiter.js:13:49)
    at RedisStore.sendCommand (C:\Users\user\OneDrive\Desktop\CRM\backend\node_modules\rate-limit-redis\dist\index.cjs:85:49)
    at RedisStore.loadGetScript (C:\Users\user\OneDrive\Desktop\CRM\backend\node_modules\rate-limit-redis\dist\index.cjs:116:31)
    at new RedisStore (C:\Users\user\OneDrive\Desktop\CRM\backend\node_modules\rate-limit-redis\dist\index.cjs:96:30)
    at createRateLimiter (C:\Users\user\OneDrive\Desktop\CRM\backend\middleware\rateLimiter.js:12:16)
    at Object.<anonymous> (C:\Users\user\OneDrive\Desktop\CRM\backend\middleware\rateLimiter.js:41:20)
    at Module._compile (node:internal/modules/cjs/loader:1730:14)
    at Object..js (node:internal/modules/cjs/loader:1895:10)
    at Module.load (node:internal/modules/cjs/loader:1465:32)
2026-01-28 12:47:00: 2026-01-28 12:47:00 [31merror[39m: Error: The client is closed
    at Class.sendCommand (C:\Users\user\OneDrive\Desktop\CRM\backend\node_modules\@redis\client\dist\lib\client\index.js:639:35)
    at RedisStore.sendCommand (C:\Users\user\OneDrive\Desktop\CRM\backend\middleware\rateLimiter.js:13:49)
    at RedisStore.sendCommand (C:\Users\user\OneDrive\Desktop\CRM\backend\node_modules\rate-limit-redis\dist\index.cjs:85:49)
    at RedisStore.loadIncrementScript (C:\Users\user\OneDrive\Desktop\CRM\backend\node_modules\rate-limit-redis\dist\index.cjs:102:31)
    at new RedisStore (C:\Users\user\OneDrive\Desktop\CRM\backend\node_modules\rate-limit-redis\dist\index.cjs:95:36)
    at createRateLimiter (C:\Users\user\OneDrive\Desktop\CRM\backend\middleware\rateLimiter.js:12:16)
    at Object.<anonymous> (C:\Users\user\OneDrive\Desktop\CRM\backend\middleware\rateLimiter.js:49:23)
    at Module._compile (node:internal/modules/cjs/loader:1730:14)
    at Object..js (node:internal/modules/cjs/loader:1895:10)
    at Module.load (node:internal/modules/cjs/loader:1465:32)
2026-01-28 12:47:00: 2026-01-28 12:47:00 [31merror[39m: Error: The client is closed
    at Class.sendCommand (C:\Users\user\OneDrive\Desktop\CRM\backend\node_modules\@redis\client\dist\lib\client\index.js:639:35)
    at RedisStore.sendCommand (C:\Users\user\OneDrive\Desktop\CRM\backend\middleware\rateLimiter.js:13:49)
    at RedisStore.sendCommand (C:\Users\user\OneDrive\Desktop\CRM\backend\node_modules\rate-limit-redis\dist\index.cjs:85:49)
    at RedisStore.loadGetScript (C:\Users\user\OneDrive\Desktop\CRM\backend\node_modules\rate-limit-redis\dist\index.cjs:116:31)
    at new RedisStore (C:\Users\user\OneDrive\Desktop\CRM\backend\node_modules\rate-limit-redis\dist\index.cjs:96:30)
    at createRateLimiter (C:\Users\user\OneDrive\Desktop\CRM\backend\middleware\rateLimiter.js:12:16)
    at Object.<anonymous> (C:\Users\user\OneDrive\Desktop\CRM\backend\middleware\rateLimiter.js:49:23)
    at Module._compile (node:internal/modules/cjs/loader:1730:14)
    at Object..js (node:internal/modules/cjs/loader:1895:10)
    at Module.load (node:internal/modules/cjs/loader:1465:32)
2026-01-28 12:47:00: 2026-01-28 12:47:00 [31merror[39m: Error: The client is closed
    at Class.sendCommand (C:\Users\user\OneDrive\Desktop\CRM\backend\node_modules\@redis\client\dist\lib\client\index.js:639:35)
    at RedisStore.sendCommand (C:\Users\user\OneDrive\Desktop\CRM\backend\middleware\rateLimiter.js:13:49)
    at RedisStore.sendCommand (C:\Users\user\OneDrive\Desktop\CRM\backend\node_modules\rate-limit-redis\dist\index.cjs:85:49)
    at RedisStore.loadIncrementScript (C:\Users\user\OneDrive\Desktop\CRM\backend\node_modules\rate-limit-redis\dist\index.cjs:102:31)
    at new RedisStore (C:\Users\user\OneDrive\Desktop\CRM\backend\node_modules\rate-limit-redis\dist\index.cjs:95:36)
    at createRateLimiter (C:\Users\user\OneDrive\Desktop\CRM\backend\middleware\rateLimiter.js:12:16)
    at Object.<anonymous> (C:\Users\user\OneDrive\Desktop\CRM\backend\middleware\rateLimiter.js:57:25)
    at Module._compile (node:internal/modules/cjs/loader:1730:14)
    at Object..js (node:internal/modules/cjs/loader:1895:10)
    at Module.load (node:internal/modules/cjs/loader:1465:32)
2026-01-28 12:47:00: 2026-01-28 12:47:00 [31merror[39m: Error: The client is closed
    at Class.sendCommand (C:\Users\user\OneDrive\Desktop\CRM\backend\node_modules\@redis\client\dist\lib\client\index.js:639:35)
    at RedisStore.sendCommand (C:\Users\user\OneDrive\Desktop\CRM\backend\middleware\rateLimiter.js:13:49)
    at RedisStore.sendCommand (C:\Users\user\OneDrive\Desktop\CRM\backend\node_modules\rate-limit-redis\dist\index.cjs:85:49)
    at RedisStore.loadGetScript (C:\Users\user\OneDrive\Desktop\CRM\backend\node_modules\rate-limit-redis\dist\index.cjs:116:31)
    at new RedisStore (C:\Users\user\OneDrive\Desktop\CRM\backend\node_modules\rate-limit-redis\dist\index.cjs:96:30)
    at createRateLimiter (C:\Users\user\OneDrive\Desktop\CRM\backend\middleware\rateLimiter.js:12:16)
    at Object.<anonymous> (C:\Users\user\OneDrive\Desktop\CRM\backend\middleware\rateLimiter.js:57:25)
    at Module._compile (node:internal/modules/cjs/loader:1730:14)
    at Object..js (node:internal/modules/cjs/loader:1895:10)
    at Module.load (node:internal/modules/cjs/loader:1465:32)
2026-01-28 12:47:00: 2026-01-28 12:47:00 [31merror[39m: Error: The client is closed
    at Class.sendCommand (C:\Users\user\OneDrive\Desktop\CRM\backend\node_modules\@redis\client\dist\lib\client\index.js:639:35)
    at RedisStore.sendCommand (C:\Users\user\OneDrive\Desktop\CRM\backend\middleware\rateLimiter.js:13:49)
    at RedisStore.sendCommand (C:\Users\user\OneDrive\Desktop\CRM\backend\node_modules\rate-limit-redis\dist\index.cjs:85:49)
    at RedisStore.loadIncrementScript (C:\Users\user\OneDrive\Desktop\CRM\backend\node_modules\rate-limit-redis\dist\index.cjs:102:31)
    at new RedisStore (C:\Users\user\OneDrive\Desktop\CRM\backend\node_modules\rate-limit-redis\dist\index.cjs:95:36)
    at createRateLimiter (C:\Users\user\OneDrive\Desktop\CRM\backend\middleware\rateLimiter.js:12:16)
    at Object.<anonymous> (C:\Users\user\OneDrive\Desktop\CRM\backend\middleware\rateLimiter.js:65:21)
    at Module._compile (node:internal/modules/cjs/loader:1730:14)
    at Object..js (node:internal/modules/cjs/loader:1895:10)
    at Module.load (node:internal/modules/cjs/loader:1465:32)
2026-01-28 12:47:00: 2026-01-28 12:47:00 [31merror[39m: Error: The client is closed
    at Class.sendCommand (C:\Users\user\OneDrive\Desktop\CRM\backend\node_modules\@redis\client\dist\lib\client\index.js:639:35)
    at RedisStore.sendCommand (C:\Users\user\OneDrive\Desktop\CRM\backend\middleware\rateLimiter.js:13:49)
    at RedisStore.sendCommand (C:\Users\user\OneDrive\Desktop\CRM\backend\node_modules\rate-limit-redis\dist\index.cjs:85:49)
    at RedisStore.loadGetScript (C:\Users\user\OneDrive\Desktop\CRM\backend\node_modules\rate-limit-redis\dist\index.cjs:116:31)
    at new RedisStore (C:\Users\user\OneDrive\Desktop\CRM\backend\node_modules\rate-limit-redis\dist\index.cjs:96:30)
    at createRateLimiter (C:\Users\user\OneDrive\Desktop\CRM\backend\middleware\rateLimiter.js:12:16)
    at Object.<anonymous> (C:\Users\user\OneDrive\Desktop\CRM\backend\middleware\rateLimiter.js:65:21)
    at Module._compile (node:internal/modules/cjs/loader:1730:14)
    at Object..js (node:internal/modules/cjs/loader:1895:10)
    at Module.load (node:internal/modules/cjs/loader:1465:32)
2026-01-28 12:47:01: 2026-01-28 12:47:01 [31merror[39m: Error: NOAUTH Authentication required
    at #decodeSimpleError (C:\Users\user\OneDrive\Desktop\CRM\backend\node_modules\@redis\client\dist\lib\RESP\decoder.js:457:13)
    at #decodeTypeValue (C:\Users\user\OneDrive\Desktop\CRM\backend\node_modules\@redis\client\dist\lib\RESP\decoder.js:104:91)
    at Decoder.write (C:\Users\user\OneDrive\Desktop\CRM\backend\node_modules\@redis\client\dist\lib\RESP\decoder.js:74:38)
    at RedisSocket.<anonymous> (C:\Users\user\OneDrive\Desktop\CRM\backend\node_modules\@redis\client\dist\lib\client\index.js:437:37)
    at RedisSocket.emit (node:events:518:28)
    at Socket.<anonymous> (C:\Users\user\OneDrive\Desktop\CRM\backend\node_modules\@redis\client\dist\lib\client\socket.js:235:38)
    at Socket.emit (node:events:518:28)
    at addChunk (node:internal/streams/readable:561:12)
    at readableAddChunkPushByteMode (node:internal/streams/readable:512:3)
    at Readable.push (node:internal/streams/readable:392:5)
    at TCP.onStreamRead (node:internal/stream_base_commons:189:23)
2026-01-28 12:47:01: 2026-01-28 12:47:01 [31merror[39m: Error: NOAUTH Authentication required
    at #decodeSimpleError (C:\Users\user\OneDrive\Desktop\CRM\backend\node_modules\@redis\client\dist\lib\RESP\decoder.js:457:13)
    at #decodeTypeValue (C:\Users\user\OneDrive\Desktop\CRM\backend\node_modules\@redis\client\dist\lib\RESP\decoder.js:104:91)
    at Decoder.write (C:\Users\user\OneDrive\Desktop\CRM\backend\node_modules\@redis\client\dist\lib\RESP\decoder.js:74:38)
    at RedisSocket.<anonymous> (C:\Users\user\OneDrive\Desktop\CRM\backend\node_modules\@redis\client\dist\lib\client\index.js:437:37)
    at RedisSocket.emit (node:events:518:28)
    at Socket.<anonymous> (C:\Users\user\OneDrive\Desktop\CRM\backend\node_modules\@redis\client\dist\lib\client\socket.js:235:38)
    at Socket.emit (node:events:518:28)
    at addChunk (node:internal/streams/readable:561:12)
    at readableAddChunkPushByteMode (node:internal/streams/readable:512:3)
    at Readable.push (node:internal/streams/readable:392:5)
    at TCP.onStreamRead (node:internal/stream_base_commons:189:23)
2026-01-28 12:47:01: 2026-01-28 12:47:01 [32minfo[39m: ✅ Redis Connected successfully
2026-01-28 12:47:01: 📡 Mongoose connected to Atlas cluster
2026-01-28 12:47:01: ✅ MongoDB Atlas connected successfully!
2026-01-28 12:47:01: ✅ Query model connected successfully
2026-01-28 12:47:12: 🔌 Socket.IO instance set successfully
2026-01-28 12:47:12: ℹ️ Huawei E173 Modem Service is disabled via ENABLE_MODEM flag
2026-01-28 12:47:12: Starting Auto-Logout Job...
2026-01-28 12:47:12: 2026-01-28 12:47:12 [31merror[39m: Error: The client is closed
    at Class.sendCommand (C:\Users\user\OneDrive\Desktop\CRM\backend\node_modules\@redis\client\dist\lib\client\index.js:639:35)
    at RedisStore.sendCommand (C:\Users\user\OneDrive\Desktop\CRM\backend\middleware\rateLimiter.js:13:49)
    at RedisStore.sendCommand (C:\Users\user\OneDrive\Desktop\CRM\backend\node_modules\rate-limit-redis\dist\index.cjs:85:49)
    at RedisStore.loadIncrementScript (C:\Users\user\OneDrive\Desktop\CRM\backend\node_modules\rate-limit-redis\dist\index.cjs:102:31)
    at new RedisStore (C:\Users\user\OneDrive\Desktop\CRM\backend\node_modules\rate-limit-redis\dist\index.cjs:95:36)
    at createRateLimiter (C:\Users\user\OneDrive\Desktop\CRM\backend\middleware\rateLimiter.js:12:16)
    at Object.<anonymous> (C:\Users\user\OneDrive\Desktop\CRM\backend\middleware\rateLimiter.js:32:21)
    at Module._compile (node:internal/modules/cjs/loader:1730:14)
    at Object..js (node:internal/modules/cjs/loader:1895:10)
    at Module.load (node:internal/modules/cjs/loader:1465:32)
2026-01-28 12:47:12: 2026-01-28 12:47:12 [31merror[39m: Error: The client is closed
    at Class.sendCommand (C:\Users\user\OneDrive\Desktop\CRM\backend\node_modules\@redis\client\dist\lib\client\index.js:639:35)
    at RedisStore.sendCommand (C:\Users\user\OneDrive\Desktop\CRM\backend\middleware\rateLimiter.js:13:49)
    at RedisStore.sendCommand (C:\Users\user\OneDrive\Desktop\CRM\backend\node_modules\rate-limit-redis\dist\index.cjs:85:49)
    at RedisStore.loadGetScript (C:\Users\user\OneDrive\Desktop\CRM\backend\node_modules\rate-limit-redis\dist\index.cjs:116:31)
    at new RedisStore (C:\Users\user\OneDrive\Desktop\CRM\backend\node_modules\rate-limit-redis\dist\index.cjs:96:30)
    at createRateLimiter (C:\Users\user\OneDrive\Desktop\CRM\backend\middleware\rateLimiter.js:12:16)
    at Object.<anonymous> (C:\Users\user\OneDrive\Desktop\CRM\backend\middleware\rateLimiter.js:32:21)
    at Module._compile (node:internal/modules/cjs/loader:1730:14)
    at Object..js (node:internal/modules/cjs/loader:1895:10)
    at Module.load (node:internal/modules/cjs/loader:1465:32)
2026-01-28 12:47:12: 2026-01-28 12:47:12 [31merror[39m: Error: The client is closed
    at Class.sendCommand (C:\Users\user\OneDrive\Desktop\CRM\backend\node_modules\@redis\client\dist\lib\client\index.js:639:35)
    at RedisStore.sendCommand (C:\Users\user\OneDrive\Desktop\CRM\backend\middleware\rateLimiter.js:13:49)
    at RedisStore.sendCommand (C:\Users\user\OneDrive\Desktop\CRM\backend\node_modules\rate-limit-redis\dist\index.cjs:85:49)
    at RedisStore.loadIncrementScript (C:\Users\user\OneDrive\Desktop\CRM\backend\node_modules\rate-limit-redis\dist\index.cjs:102:31)
    at new RedisStore (C:\Users\user\OneDrive\Desktop\CRM\backend\node_modules\rate-limit-redis\dist\index.cjs:95:36)
    at createRateLimiter (C:\Users\user\OneDrive\Desktop\CRM\backend\middleware\rateLimiter.js:12:16)
    at Object.<anonymous> (C:\Users\user\OneDrive\Desktop\CRM\backend\middleware\rateLimiter.js:41:20)
    at Module._compile (node:internal/modules/cjs/loader:1730:14)
    at Object..js (node:internal/modules/cjs/loader:1895:10)
    at Module.load (node:internal/modules/cjs/loader:1465:32)
2026-01-28 12:47:12: 2026-01-28 12:47:12 [31merror[39m: Error: The client is closed
    at Class.sendCommand (C:\Users\user\OneDrive\Desktop\CRM\backend\node_modules\@redis\client\dist\lib\client\index.js:639:35)
    at RedisStore.sendCommand (C:\Users\user\OneDrive\Desktop\CRM\backend\middleware\rateLimiter.js:13:49)
    at RedisStore.sendCommand (C:\Users\user\OneDrive\Desktop\CRM\backend\node_modules\rate-limit-redis\dist\index.cjs:85:49)
    at RedisStore.loadGetScript (C:\Users\user\OneDrive\Desktop\CRM\backend\node_modules\rate-limit-redis\dist\index.cjs:116:31)
    at new RedisStore (C:\Users\user\OneDrive\Desktop\CRM\backend\node_modules\rate-limit-redis\dist\index.cjs:96:30)
    at createRateLimiter (C:\Users\user\OneDrive\Desktop\CRM\backend\middleware\rateLimiter.js:12:16)
    at Object.<anonymous> (C:\Users\user\OneDrive\Desktop\CRM\backend\middleware\rateLimiter.js:41:20)
    at Module._compile (node:internal/modules/cjs/loader:1730:14)
    at Object..js (node:internal/modules/cjs/loader:1895:10)
    at Module.load (node:internal/modules/cjs/loader:1465:32)
2026-01-28 12:47:12: 2026-01-28 12:47:12 [31merror[39m: Error: The client is closed
    at Class.sendCommand (C:\Users\user\OneDrive\Desktop\CRM\backend\node_modules\@redis\client\dist\lib\client\index.js:639:35)
    at RedisStore.sendCommand (C:\Users\user\OneDrive\Desktop\CRM\backend\middleware\rateLimiter.js:13:49)
    at RedisStore.sendCommand (C:\Users\user\OneDrive\Desktop\CRM\backend\node_modules\rate-limit-redis\dist\index.cjs:85:49)
    at RedisStore.loadIncrementScript (C:\Users\user\OneDrive\Desktop\CRM\backend\node_modules\rate-limit-redis\dist\index.cjs:102:31)
    at new RedisStore (C:\Users\user\OneDrive\Desktop\CRM\backend\node_modules\rate-limit-redis\dist\index.cjs:95:36)
    at createRateLimiter (C:\Users\user\OneDrive\Desktop\CRM\backend\middleware\rateLimiter.js:12:16)
    at Object.<anonymous> (C:\Users\user\OneDrive\Desktop\CRM\backend\middleware\rateLimiter.js:49:23)
    at Module._compile (node:internal/modules/cjs/loader:1730:14)
    at Object..js (node:internal/modules/cjs/loader:1895:10)
    at Module.load (node:internal/modules/cjs/loader:1465:32)
2026-01-28 12:47:12: 2026-01-28 12:47:12 [31merror[39m: Error: The client is closed
    at Class.sendCommand (C:\Users\user\OneDrive\Desktop\CRM\backend\node_modules\@redis\client\dist\lib\client\index.js:639:35)
    at RedisStore.sendCommand (C:\Users\user\OneDrive\Desktop\CRM\backend\middleware\rateLimiter.js:13:49)
    at RedisStore.sendCommand (C:\Users\user\OneDrive\Desktop\CRM\backend\node_modules\rate-limit-redis\dist\index.cjs:85:49)
    at RedisStore.loadGetScript (C:\Users\user\OneDrive\Desktop\CRM\backend\node_modules\rate-limit-redis\dist\index.cjs:116:31)
    at new RedisStore (C:\Users\user\OneDrive\Desktop\CRM\backend\node_modules\rate-limit-redis\dist\index.cjs:96:30)
    at createRateLimiter (C:\Users\user\OneDrive\Desktop\CRM\backend\middleware\rateLimiter.js:12:16)
    at Object.<anonymous> (C:\Users\user\OneDrive\Desktop\CRM\backend\middleware\rateLimiter.js:49:23)
    at Module._compile (node:internal/modules/cjs/loader:1730:14)
    at Object..js (node:internal/modules/cjs/loader:1895:10)
    at Module.load (node:internal/modules/cjs/loader:1465:32)
2026-01-28 12:47:12: 2026-01-28 12:47:12 [31merror[39m: Error: The client is closed
    at Class.sendCommand (C:\Users\user\OneDrive\Desktop\CRM\backend\node_modules\@redis\client\dist\lib\client\index.js:639:35)
    at RedisStore.sendCommand (C:\Users\user\OneDrive\Desktop\CRM\backend\middleware\rateLimiter.js:13:49)
    at RedisStore.sendCommand (C:\Users\user\OneDrive\Desktop\CRM\backend\node_modules\rate-limit-redis\dist\index.cjs:85:49)
    at RedisStore.loadIncrementScript (C:\Users\user\OneDrive\Desktop\CRM\backend\node_modules\rate-limit-redis\dist\index.cjs:102:31)
    at new RedisStore (C:\Users\user\OneDrive\Desktop\CRM\backend\node_modules\rate-limit-redis\dist\index.cjs:95:36)
    at createRateLimiter (C:\Users\user\OneDrive\Desktop\CRM\backend\middleware\rateLimiter.js:12:16)
    at Object.<anonymous> (C:\Users\user\OneDrive\Desktop\CRM\backend\middleware\rateLimiter.js:57:25)
    at Module._compile (node:internal/modules/cjs/loader:1730:14)
    at Object..js (node:internal/modules/cjs/loader:1895:10)
    at Module.load (node:internal/modules/cjs/loader:1465:32)
2026-01-28 12:47:12: 2026-01-28 12:47:12 [31merror[39m: Error: The client is closed
    at Class.sendCommand (C:\Users\user\OneDrive\Desktop\CRM\backend\node_modules\@redis\client\dist\lib\client\index.js:639:35)
    at RedisStore.sendCommand (C:\Users\user\OneDrive\Desktop\CRM\backend\middleware\rateLimiter.js:13:49)
    at RedisStore.sendCommand (C:\Users\user\OneDrive\Desktop\CRM\backend\node_modules\rate-limit-redis\dist\index.cjs:85:49)
    at RedisStore.loadGetScript (C:\Users\user\OneDrive\Desktop\CRM\backend\node_modules\rate-limit-redis\dist\index.cjs:116:31)
    at new RedisStore (C:\Users\user\OneDrive\Desktop\CRM\backend\node_modules\rate-limit-redis\dist\index.cjs:96:30)
    at createRateLimiter (C:\Users\user\OneDrive\Desktop\CRM\backend\middleware\rateLimiter.js:12:16)
    at Object.<anonymous> (C:\Users\user\OneDrive\Desktop\CRM\backend\middleware\rateLimiter.js:57:25)
    at Module._compile (node:internal/modules/cjs/loader:1730:14)
    at Object..js (node:internal/modules/cjs/loader:1895:10)
    at Module.load (node:internal/modules/cjs/loader:1465:32)
2026-01-28 12:47:12: 2026-01-28 12:47:12 [31merror[39m: Error: The client is closed
    at Class.sendCommand (C:\Users\user\OneDrive\Desktop\CRM\backend\node_modules\@redis\client\dist\lib\client\index.js:639:35)
    at RedisStore.sendCommand (C:\Users\user\OneDrive\Desktop\CRM\backend\middleware\rateLimiter.js:13:49)
    at RedisStore.sendCommand (C:\Users\user\OneDrive\Desktop\CRM\backend\node_modules\rate-limit-redis\dist\index.cjs:85:49)
    at RedisStore.loadIncrementScript (C:\Users\user\OneDrive\Desktop\CRM\backend\node_modules\rate-limit-redis\dist\index.cjs:102:31)
    at new RedisStore (C:\Users\user\OneDrive\Desktop\CRM\backend\node_modules\rate-limit-redis\dist\index.cjs:95:36)
    at createRateLimiter (C:\Users\user\OneDrive\Desktop\CRM\backend\middleware\rateLimiter.js:12:16)
    at Object.<anonymous> (C:\Users\user\OneDrive\Desktop\CRM\backend\middleware\rateLimiter.js:65:21)
    at Module._compile (node:internal/modules/cjs/loader:1730:14)
    at Object..js (node:internal/modules/cjs/loader:1895:10)
    at Module.load (node:internal/modules/cjs/loader:1465:32)
2026-01-28 12:47:12: 2026-01-28 12:47:12 [31merror[39m: Error: The client is closed
    at Class.sendCommand (C:\Users\user\OneDrive\Desktop\CRM\backend\node_modules\@redis\client\dist\lib\client\index.js:639:35)
    at RedisStore.sendCommand (C:\Users\user\OneDrive\Desktop\CRM\backend\middleware\rateLimiter.js:13:49)
    at RedisStore.sendCommand (C:\Users\user\OneDrive\Desktop\CRM\backend\node_modules\rate-limit-redis\dist\index.cjs:85:49)
    at RedisStore.loadGetScript (C:\Users\user\OneDrive\Desktop\CRM\backend\node_modules\rate-limit-redis\dist\index.cjs:116:31)
    at new RedisStore (C:\Users\user\OneDrive\Desktop\CRM\backend\node_modules\rate-limit-redis\dist\index.cjs:96:30)
    at createRateLimiter (C:\Users\user\OneDrive\Desktop\CRM\backend\middleware\rateLimiter.js:12:16)
    at Object.<anonymous> (C:\Users\user\OneDrive\Desktop\CRM\backend\middleware\rateLimiter.js:65:21)
    at Module._compile (node:internal/modules/cjs/loader:1730:14)
    at Object..js (node:internal/modules/cjs/loader:1895:10)
    at Module.load (node:internal/modules/cjs/loader:1465:32)
2026-01-28 12:47:13: 2026-01-28 12:47:13 [31merror[39m: Error: NOAUTH Authentication required
    at #decodeSimpleError (C:\Users\user\OneDrive\Desktop\CRM\backend\node_modules\@redis\client\dist\lib\RESP\decoder.js:457:13)
    at #decodeTypeValue (C:\Users\user\OneDrive\Desktop\CRM\backend\node_modules\@redis\client\dist\lib\RESP\decoder.js:104:91)
    at Decoder.write (C:\Users\user\OneDrive\Desktop\CRM\backend\node_modules\@redis\client\dist\lib\RESP\decoder.js:74:38)
    at RedisSocket.<anonymous> (C:\Users\user\OneDrive\Desktop\CRM\backend\node_modules\@redis\client\dist\lib\client\index.js:437:37)
    at RedisSocket.emit (node:events:518:28)
    at Socket.<anonymous> (C:\Users\user\OneDrive\Desktop\CRM\backend\node_modules\@redis\client\dist\lib\client\socket.js:235:38)
    at Socket.emit (node:events:518:28)
    at addChunk (node:internal/streams/readable:561:12)
    at readableAddChunkPushByteMode (node:internal/streams/readable:512:3)
    at Readable.push (node:internal/streams/readable:392:5)
    at TCP.onStreamRead (node:internal/stream_base_commons:189:23)
2026-01-28 12:47:13: 2026-01-28 12:47:13 [31merror[39m: Error: NOAUTH Authentication required
    at #decodeSimpleError (C:\Users\user\OneDrive\Desktop\CRM\backend\node_modules\@redis\client\dist\lib\RESP\decoder.js:457:13)
    at #decodeTypeValue (C:\Users\user\OneDrive\Desktop\CRM\backend\node_modules\@redis\client\dist\lib\RESP\decoder.js:104:91)
    at Decoder.write (C:\Users\user\OneDrive\Desktop\CRM\backend\node_modules\@redis\client\dist\lib\RESP\decoder.js:74:38)
    at RedisSocket.<anonymous> (C:\Users\user\OneDrive\Desktop\CRM\backend\node_modules\@redis\client\dist\lib\client\index.js:437:37)
    at RedisSocket.emit (node:events:518:28)
    at Socket.<anonymous> (C:\Users\user\OneDrive\Desktop\CRM\backend\node_modules\@redis\client\dist\lib\client\socket.js:235:38)
    at Socket.emit (node:events:518:28)
    at addChunk (node:internal/streams/readable:561:12)
    at readableAddChunkPushByteMode (node:internal/streams/readable:512:3)
    at Readable.push (node:internal/streams/readable:392:5)
    at TCP.onStreamRead (node:internal/stream_base_commons:189:23)
2026-01-28 12:47:13: 2026-01-28 12:47:13 [32minfo[39m: ✅ Redis Connected successfully
2026-01-28 12:47:13: 📡 Mongoose connected to Atlas cluster
2026-01-28 12:47:13: ✅ MongoDB Atlas connected successfully!
2026-01-28 12:47:13: ✅ Query model connected successfully
2026-01-28 12:47:26: 🔌 Socket.IO instance set successfully
2026-01-28 12:47:27: ℹ️ Huawei E173 Modem Service is disabled via ENABLE_MODEM flag
2026-01-28 12:47:27: Starting Auto-Logout Job...
2026-01-28 12:47:27: 2026-01-28 12:47:27 [31merror[39m: Error: The client is closed
    at Class.sendCommand (C:\Users\user\OneDrive\Desktop\CRM\backend\node_modules\@redis\client\dist\lib\client\index.js:639:35)
    at RedisStore.sendCommand (C:\Users\user\OneDrive\Desktop\CRM\backend\middleware\rateLimiter.js:13:49)
    at RedisStore.sendCommand (C:\Users\user\OneDrive\Desktop\CRM\backend\node_modules\rate-limit-redis\dist\index.cjs:85:49)
    at RedisStore.loadIncrementScript (C:\Users\user\OneDrive\Desktop\CRM\backend\node_modules\rate-limit-redis\dist\index.cjs:102:31)
    at new RedisStore (C:\Users\user\OneDrive\Desktop\CRM\backend\node_modules\rate-limit-redis\dist\index.cjs:95:36)
    at createRateLimiter (C:\Users\user\OneDrive\Desktop\CRM\backend\middleware\rateLimiter.js:12:16)
    at Object.<anonymous> (C:\Users\user\OneDrive\Desktop\CRM\backend\middleware\rateLimiter.js:32:21)
    at Module._compile (node:internal/modules/cjs/loader:1730:14)
    at Object..js (node:internal/modules/cjs/loader:1895:10)
    at Module.load (node:internal/modules/cjs/loader:1465:32)
2026-01-28 12:47:27: 2026-01-28 12:47:27 [31merror[39m: Error: The client is closed
    at Class.sendCommand (C:\Users\user\OneDrive\Desktop\CRM\backend\node_modules\@redis\client\dist\lib\client\index.js:639:35)
    at RedisStore.sendCommand (C:\Users\user\OneDrive\Desktop\CRM\backend\middleware\rateLimiter.js:13:49)
    at RedisStore.sendCommand (C:\Users\user\OneDrive\Desktop\CRM\backend\node_modules\rate-limit-redis\dist\index.cjs:85:49)
    at RedisStore.loadGetScript (C:\Users\user\OneDrive\Desktop\CRM\backend\node_modules\rate-limit-redis\dist\index.cjs:116:31)
    at new RedisStore (C:\Users\user\OneDrive\Desktop\CRM\backend\node_modules\rate-limit-redis\dist\index.cjs:96:30)
    at createRateLimiter (C:\Users\user\OneDrive\Desktop\CRM\backend\middleware\rateLimiter.js:12:16)
    at Object.<anonymous> (C:\Users\user\OneDrive\Desktop\CRM\backend\middleware\rateLimiter.js:32:21)
    at Module._compile (node:internal/modules/cjs/loader:1730:14)
    at Object..js (node:internal/modules/cjs/loader:1895:10)
    at Module.load (node:internal/modules/cjs/loader:1465:32)
2026-01-28 12:47:27: 2026-01-28 12:47:27 [31merror[39m: Error: The client is closed
    at Class.sendCommand (C:\Users\user\OneDrive\Desktop\CRM\backend\node_modules\@redis\client\dist\lib\client\index.js:639:35)
    at RedisStore.sendCommand (C:\Users\user\OneDrive\Desktop\CRM\backend\middleware\rateLimiter.js:13:49)
    at RedisStore.sendCommand (C:\Users\user\OneDrive\Desktop\CRM\backend\node_modules\rate-limit-redis\dist\index.cjs:85:49)
    at RedisStore.loadIncrementScript (C:\Users\user\OneDrive\Desktop\CRM\backend\node_modules\rate-limit-redis\dist\index.cjs:102:31)
    at new RedisStore (C:\Users\user\OneDrive\Desktop\CRM\backend\node_modules\rate-limit-redis\dist\index.cjs:95:36)
    at createRateLimiter (C:\Users\user\OneDrive\Desktop\CRM\backend\middleware\rateLimiter.js:12:16)
    at Object.<anonymous> (C:\Users\user\OneDrive\Desktop\CRM\backend\middleware\rateLimiter.js:41:20)
    at Module._compile (node:internal/modules/cjs/loader:1730:14)
    at Object..js (node:internal/modules/cjs/loader:1895:10)
    at Module.load (node:internal/modules/cjs/loader:1465:32)
2026-01-28 12:47:27: 2026-01-28 12:47:27 [31merror[39m: Error: The client is closed
    at Class.sendCommand (C:\Users\user\OneDrive\Desktop\CRM\backend\node_modules\@redis\client\dist\lib\client\index.js:639:35)
    at RedisStore.sendCommand (C:\Users\user\OneDrive\Desktop\CRM\backend\middleware\rateLimiter.js:13:49)
    at RedisStore.sendCommand (C:\Users\user\OneDrive\Desktop\CRM\backend\node_modules\rate-limit-redis\dist\index.cjs:85:49)
    at RedisStore.loadGetScript (C:\Users\user\OneDrive\Desktop\CRM\backend\node_modules\rate-limit-redis\dist\index.cjs:116:31)
    at new RedisStore (C:\Users\user\OneDrive\Desktop\CRM\backend\node_modules\rate-limit-redis\dist\index.cjs:96:30)
    at createRateLimiter (C:\Users\user\OneDrive\Desktop\CRM\backend\middleware\rateLimiter.js:12:16)
    at Object.<anonymous> (C:\Users\user\OneDrive\Desktop\CRM\backend\middleware\rateLimiter.js:41:20)
    at Module._compile (node:internal/modules/cjs/loader:1730:14)
    at Object..js (node:internal/modules/cjs/loader:1895:10)
    at Module.load (node:internal/modules/cjs/loader:1465:32)
2026-01-28 12:47:27: 2026-01-28 12:47:27 [31merror[39m: Error: The client is closed
    at Class.sendCommand (C:\Users\user\OneDrive\Desktop\CRM\backend\node_modules\@redis\client\dist\lib\client\index.js:639:35)
    at RedisStore.sendCommand (C:\Users\user\OneDrive\Desktop\CRM\backend\middleware\rateLimiter.js:13:49)
    at RedisStore.sendCommand (C:\Users\user\OneDrive\Desktop\CRM\backend\node_modules\rate-limit-redis\dist\index.cjs:85:49)
    at RedisStore.loadIncrementScript (C:\Users\user\OneDrive\Desktop\CRM\backend\node_modules\rate-limit-redis\dist\index.cjs:102:31)
    at new RedisStore (C:\Users\user\OneDrive\Desktop\CRM\backend\node_modules\rate-limit-redis\dist\index.cjs:95:36)
    at createRateLimiter (C:\Users\user\OneDrive\Desktop\CRM\backend\middleware\rateLimiter.js:12:16)
    at Object.<anonymous> (C:\Users\user\OneDrive\Desktop\CRM\backend\middleware\rateLimiter.js:49:23)
    at Module._compile (node:internal/modules/cjs/loader:1730:14)
    at Object..js (node:internal/modules/cjs/loader:1895:10)
    at Module.load (node:internal/modules/cjs/loader:1465:32)
2026-01-28 12:47:27: 2026-01-28 12:47:27 [31merror[39m: Error: The client is closed
    at Class.sendCommand (C:\Users\user\OneDrive\Desktop\CRM\backend\node_modules\@redis\client\dist\lib\client\index.js:639:35)
    at RedisStore.sendCommand (C:\Users\user\OneDrive\Desktop\CRM\backend\middleware\rateLimiter.js:13:49)
    at RedisStore.sendCommand (C:\Users\user\OneDrive\Desktop\CRM\backend\node_modules\rate-limit-redis\dist\index.cjs:85:49)
    at RedisStore.loadGetScript (C:\Users\user\OneDrive\Desktop\CRM\backend\node_modules\rate-limit-redis\dist\index.cjs:116:31)
    at new RedisStore (C:\Users\user\OneDrive\Desktop\CRM\backend\node_modules\rate-limit-redis\dist\index.cjs:96:30)
    at createRateLimiter (C:\Users\user\OneDrive\Desktop\CRM\backend\middleware\rateLimiter.js:12:16)
    at Object.<anonymous> (C:\Users\user\OneDrive\Desktop\CRM\backend\middleware\rateLimiter.js:49:23)
    at Module._compile (node:internal/modules/cjs/loader:1730:14)
    at Object..js (node:internal/modules/cjs/loader:1895:10)
    at Module.load (node:internal/modules/cjs/loader:1465:32)
2026-01-28 12:47:27: 2026-01-28 12:47:27 [31merror[39m: Error: The client is closed
    at Class.sendCommand (C:\Users\user\OneDrive\Desktop\CRM\backend\node_modules\@redis\client\dist\lib\client\index.js:639:35)
    at RedisStore.sendCommand (C:\Users\user\OneDrive\Desktop\CRM\backend\middleware\rateLimiter.js:13:49)
    at RedisStore.sendCommand (C:\Users\user\OneDrive\Desktop\CRM\backend\node_modules\rate-limit-redis\dist\index.cjs:85:49)
    at RedisStore.loadIncrementScript (C:\Users\user\OneDrive\Desktop\CRM\backend\node_modules\rate-limit-redis\dist\index.cjs:102:31)
    at new RedisStore (C:\Users\user\OneDrive\Desktop\CRM\backend\node_modules\rate-limit-redis\dist\index.cjs:95:36)
    at createRateLimiter (C:\Users\user\OneDrive\Desktop\CRM\backend\middleware\rateLimiter.js:12:16)
    at Object.<anonymous> (C:\Users\user\OneDrive\Desktop\CRM\backend\middleware\rateLimiter.js:57:25)
    at Module._compile (node:internal/modules/cjs/loader:1730:14)
    at Object..js (node:internal/modules/cjs/loader:1895:10)
    at Module.load (node:internal/modules/cjs/loader:1465:32)
2026-01-28 12:47:27: 2026-01-28 12:47:27 [31merror[39m: Error: The client is closed
    at Class.sendCommand (C:\Users\user\OneDrive\Desktop\CRM\backend\node_modules\@redis\client\dist\lib\client\index.js:639:35)
    at RedisStore.sendCommand (C:\Users\user\OneDrive\Desktop\CRM\backend\middleware\rateLimiter.js:13:49)
    at RedisStore.sendCommand (C:\Users\user\OneDrive\Desktop\CRM\backend\node_modules\rate-limit-redis\dist\index.cjs:85:49)
    at RedisStore.loadGetScript (C:\Users\user\OneDrive\Desktop\CRM\backend\node_modules\rate-limit-redis\dist\index.cjs:116:31)
    at new RedisStore (C:\Users\user\OneDrive\Desktop\CRM\backend\node_modules\rate-limit-redis\dist\index.cjs:96:30)
    at createRateLimiter (C:\Users\user\OneDrive\Desktop\CRM\backend\middleware\rateLimiter.js:12:16)
    at Object.<anonymous> (C:\Users\user\OneDrive\Desktop\CRM\backend\middleware\rateLimiter.js:57:25)
    at Module._compile (node:internal/modules/cjs/loader:1730:14)
    at Object..js (node:internal/modules/cjs/loader:1895:10)
    at Module.load (node:internal/modules/cjs/loader:1465:32)
2026-01-28 12:47:27: 2026-01-28 12:47:27 [31merror[39m: Error: The client is closed
    at Class.sendCommand (C:\Users\user\OneDrive\Desktop\CRM\backend\node_modules\@redis\client\dist\lib\client\index.js:639:35)
    at RedisStore.sendCommand (C:\Users\user\OneDrive\Desktop\CRM\backend\middleware\rateLimiter.js:13:49)
    at RedisStore.sendCommand (C:\Users\user\OneDrive\Desktop\CRM\backend\node_modules\rate-limit-redis\dist\index.cjs:85:49)
    at RedisStore.loadIncrementScript (C:\Users\user\OneDrive\Desktop\CRM\backend\node_modules\rate-limit-redis\dist\index.cjs:102:31)
    at new RedisStore (C:\Users\user\OneDrive\Desktop\CRM\backend\node_modules\rate-limit-redis\dist\index.cjs:95:36)
    at createRateLimiter (C:\Users\user\OneDrive\Desktop\CRM\backend\middleware\rateLimiter.js:12:16)
    at Object.<anonymous> (C:\Users\user\OneDrive\Desktop\CRM\backend\middleware\rateLimiter.js:65:21)
    at Module._compile (node:internal/modules/cjs/loader:1730:14)
    at Object..js (node:internal/modules/cjs/loader:1895:10)
    at Module.load (node:internal/modules/cjs/loader:1465:32)
2026-01-28 12:47:27: 2026-01-28 12:47:27 [31merror[39m: Error: The client is closed
    at Class.sendCommand (C:\Users\user\OneDrive\Desktop\CRM\backend\node_modules\@redis\client\dist\lib\client\index.js:639:35)
    at RedisStore.sendCommand (C:\Users\user\OneDrive\Desktop\CRM\backend\middleware\rateLimiter.js:13:49)
    at RedisStore.sendCommand (C:\Users\user\OneDrive\Desktop\CRM\backend\node_modules\rate-limit-redis\dist\index.cjs:85:49)
    at RedisStore.loadGetScript (C:\Users\user\OneDrive\Desktop\CRM\backend\node_modules\rate-limit-redis\dist\index.cjs:116:31)
    at new RedisStore (C:\Users\user\OneDrive\Desktop\CRM\backend\node_modules\rate-limit-redis\dist\index.cjs:96:30)
    at createRateLimiter (C:\Users\user\OneDrive\Desktop\CRM\backend\middleware\rateLimiter.js:12:16)
    at Object.<anonymous> (C:\Users\user\OneDrive\Desktop\CRM\backend\middleware\rateLimiter.js:65:21)
    at Module._compile (node:internal/modules/cjs/loader:1730:14)
    at Object..js (node:internal/modules/cjs/loader:1895:10)
    at Module.load (node:internal/modules/cjs/loader:1465:32)
2026-01-28 12:47:27: 2026-01-28 12:47:27 [31merror[39m: Error: NOAUTH Authentication required
    at #decodeSimpleError (C:\Users\user\OneDrive\Desktop\CRM\backend\node_modules\@redis\client\dist\lib\RESP\decoder.js:457:13)
    at #decodeTypeValue (C:\Users\user\OneDrive\Desktop\CRM\backend\node_modules\@redis\client\dist\lib\RESP\decoder.js:104:91)
    at Decoder.write (C:\Users\user\OneDrive\Desktop\CRM\backend\node_modules\@redis\client\dist\lib\RESP\decoder.js:74:38)
    at RedisSocket.<anonymous> (C:\Users\user\OneDrive\Desktop\CRM\backend\node_modules\@redis\client\dist\lib\client\index.js:437:37)
    at RedisSocket.emit (node:events:518:28)
    at Socket.<anonymous> (C:\Users\user\OneDrive\Desktop\CRM\backend\node_modules\@redis\client\dist\lib\client\socket.js:235:38)
    at Socket.emit (node:events:518:28)
    at addChunk (node:internal/streams/readable:561:12)
    at readableAddChunkPushByteMode (node:internal/streams/readable:512:3)
    at Readable.push (node:internal/streams/readable:392:5)
    at TCP.onStreamRead (node:internal/stream_base_commons:189:23)
2026-01-28 12:47:27: 2026-01-28 12:47:27 [31merror[39m: Error: NOAUTH Authentication required
    at #decodeSimpleError (C:\Users\user\OneDrive\Desktop\CRM\backend\node_modules\@redis\client\dist\lib\RESP\decoder.js:457:13)
    at #decodeTypeValue (C:\Users\user\OneDrive\Desktop\CRM\backend\node_modules\@redis\client\dist\lib\RESP\decoder.js:104:91)
    at Decoder.write (C:\Users\user\OneDrive\Desktop\CRM\backend\node_modules\@redis\client\dist\lib\RESP\decoder.js:74:38)
    at RedisSocket.<anonymous> (C:\Users\user\OneDrive\Desktop\CRM\backend\node_modules\@redis\client\dist\lib\client\index.js:437:37)
    at RedisSocket.emit (node:events:518:28)
    at Socket.<anonymous> (C:\Users\user\OneDrive\Desktop\CRM\backend\node_modules\@redis\client\dist\lib\client\socket.js:235:38)
    at Socket.emit (node:events:518:28)
    at addChunk (node:internal/streams/readable:561:12)
    at readableAddChunkPushByteMode (node:internal/streams/readable:512:3)
    at Readable.push (node:internal/streams/readable:392:5)
    at TCP.onStreamRead (node:internal/stream_base_commons:189:23)
2026-01-28 12:47:27: 2026-01-28 12:47:27 [32minfo[39m: ✅ Redis Connected successfully
2026-01-28 12:47:28: 📡 Mongoose connected to Atlas cluster
2026-01-28 12:47:28: ✅ MongoDB Atlas connected successfully!
2026-01-28 12:47:28: ✅ Query model connected successfully
2026-01-28 12:47:39: 🔌 Socket.IO instance set successfully
2026-01-28 12:47:39: ℹ️ Huawei E173 Modem Service is disabled via ENABLE_MODEM flag
2026-01-28 12:47:39: Starting Auto-Logout Job...
2026-01-28 12:47:39: 2026-01-28 12:47:39 [31merror[39m: Error: The client is closed
    at Class.sendCommand (C:\Users\user\OneDrive\Desktop\CRM\backend\node_modules\@redis\client\dist\lib\client\index.js:639:35)
    at RedisStore.sendCommand (C:\Users\user\OneDrive\Desktop\CRM\backend\middleware\rateLimiter.js:13:49)
    at RedisStore.sendCommand (C:\Users\user\OneDrive\Desktop\CRM\backend\node_modules\rate-limit-redis\dist\index.cjs:85:49)
    at RedisStore.loadIncrementScript (C:\Users\user\OneDrive\Desktop\CRM\backend\node_modules\rate-limit-redis\dist\index.cjs:102:31)
    at new RedisStore (C:\Users\user\OneDrive\Desktop\CRM\backend\node_modules\rate-limit-redis\dist\index.cjs:95:36)
    at createRateLimiter (C:\Users\user\OneDrive\Desktop\CRM\backend\middleware\rateLimiter.js:12:16)
    at Object.<anonymous> (C:\Users\user\OneDrive\Desktop\CRM\backend\middleware\rateLimiter.js:32:21)
    at Module._compile (node:internal/modules/cjs/loader:1730:14)
    at Object..js (node:internal/modules/cjs/loader:1895:10)
    at Module.load (node:internal/modules/cjs/loader:1465:32)
2026-01-28 12:47:39: 2026-01-28 12:47:39 [31merror[39m: Error: The client is closed
    at Class.sendCommand (C:\Users\user\OneDrive\Desktop\CRM\backend\node_modules\@redis\client\dist\lib\client\index.js:639:35)
    at RedisStore.sendCommand (C:\Users\user\OneDrive\Desktop\CRM\backend\middleware\rateLimiter.js:13:49)
    at RedisStore.sendCommand (C:\Users\user\OneDrive\Desktop\CRM\backend\node_modules\rate-limit-redis\dist\index.cjs:85:49)
    at RedisStore.loadGetScript (C:\Users\user\OneDrive\Desktop\CRM\backend\node_modules\rate-limit-redis\dist\index.cjs:116:31)
    at new RedisStore (C:\Users\user\OneDrive\Desktop\CRM\backend\node_modules\rate-limit-redis\dist\index.cjs:96:30)
    at createRateLimiter (C:\Users\user\OneDrive\Desktop\CRM\backend\middleware\rateLimiter.js:12:16)
    at Object.<anonymous> (C:\Users\user\OneDrive\Desktop\CRM\backend\middleware\rateLimiter.js:32:21)
    at Module._compile (node:internal/modules/cjs/loader:1730:14)
    at Object..js (node:internal/modules/cjs/loader:1895:10)
    at Module.load (node:internal/modules/cjs/loader:1465:32)
2026-01-28 12:47:39: 2026-01-28 12:47:39 [31merror[39m: Error: The client is closed
    at Class.sendCommand (C:\Users\user\OneDrive\Desktop\CRM\backend\node_modules\@redis\client\dist\lib\client\index.js:639:35)
    at RedisStore.sendCommand (C:\Users\user\OneDrive\Desktop\CRM\backend\middleware\rateLimiter.js:13:49)
    at RedisStore.sendCommand (C:\Users\user\OneDrive\Desktop\CRM\backend\node_modules\rate-limit-redis\dist\index.cjs:85:49)
    at RedisStore.loadIncrementScript (C:\Users\user\OneDrive\Desktop\CRM\backend\node_modules\rate-limit-redis\dist\index.cjs:102:31)
    at new RedisStore (C:\Users\user\OneDrive\Desktop\CRM\backend\node_modules\rate-limit-redis\dist\index.cjs:95:36)
    at createRateLimiter (C:\Users\user\OneDrive\Desktop\CRM\backend\middleware\rateLimiter.js:12:16)
    at Object.<anonymous> (C:\Users\user\OneDrive\Desktop\CRM\backend\middleware\rateLimiter.js:41:20)
    at Module._compile (node:internal/modules/cjs/loader:1730:14)
    at Object..js (node:internal/modules/cjs/loader:1895:10)
    at Module.load (node:internal/modules/cjs/loader:1465:32)
2026-01-28 12:47:39: 2026-01-28 12:47:39 [31merror[39m: Error: The client is closed
    at Class.sendCommand (C:\Users\user\OneDrive\Desktop\CRM\backend\node_modules\@redis\client\dist\lib\client\index.js:639:35)
    at RedisStore.sendCommand (C:\Users\user\OneDrive\Desktop\CRM\backend\middleware\rateLimiter.js:13:49)
    at RedisStore.sendCommand (C:\Users\user\OneDrive\Desktop\CRM\backend\node_modules\rate-limit-redis\dist\index.cjs:85:49)
    at RedisStore.loadGetScript (C:\Users\user\OneDrive\Desktop\CRM\backend\node_modules\rate-limit-redis\dist\index.cjs:116:31)
    at new RedisStore (C:\Users\user\OneDrive\Desktop\CRM\backend\node_modules\rate-limit-redis\dist\index.cjs:96:30)
    at createRateLimiter (C:\Users\user\OneDrive\Desktop\CRM\backend\middleware\rateLimiter.js:12:16)
    at Object.<anonymous> (C:\Users\user\OneDrive\Desktop\CRM\backend\middleware\rateLimiter.js:41:20)
    at Module._compile (node:internal/modules/cjs/loader:1730:14)
    at Object..js (node:internal/modules/cjs/loader:1895:10)
    at Module.load (node:internal/modules/cjs/loader:1465:32)
2026-01-28 12:47:39: 2026-01-28 12:47:39 [31merror[39m: Error: The client is closed
    at Class.sendCommand (C:\Users\user\OneDrive\Desktop\CRM\backend\node_modules\@redis\client\dist\lib\client\index.js:639:35)
    at RedisStore.sendCommand (C:\Users\user\OneDrive\Desktop\CRM\backend\middleware\rateLimiter.js:13:49)
    at RedisStore.sendCommand (C:\Users\user\OneDrive\Desktop\CRM\backend\node_modules\rate-limit-redis\dist\index.cjs:85:49)
    at RedisStore.loadIncrementScript (C:\Users\user\OneDrive\Desktop\CRM\backend\node_modules\rate-limit-redis\dist\index.cjs:102:31)
    at new RedisStore (C:\Users\user\OneDrive\Desktop\CRM\backend\node_modules\rate-limit-redis\dist\index.cjs:95:36)
    at createRateLimiter (C:\Users\user\OneDrive\Desktop\CRM\backend\middleware\rateLimiter.js:12:16)
    at Object.<anonymous> (C:\Users\user\OneDrive\Desktop\CRM\backend\middleware\rateLimiter.js:49:23)
    at Module._compile (node:internal/modules/cjs/loader:1730:14)
    at Object..js (node:internal/modules/cjs/loader:1895:10)
    at Module.load (node:internal/modules/cjs/loader:1465:32)
2026-01-28 12:47:39: 2026-01-28 12:47:39 [31merror[39m: Error: The client is closed
    at Class.sendCommand (C:\Users\user\OneDrive\Desktop\CRM\backend\node_modules\@redis\client\dist\lib\client\index.js:639:35)
    at RedisStore.sendCommand (C:\Users\user\OneDrive\Desktop\CRM\backend\middleware\rateLimiter.js:13:49)
    at RedisStore.sendCommand (C:\Users\user\OneDrive\Desktop\CRM\backend\node_modules\rate-limit-redis\dist\index.cjs:85:49)
    at RedisStore.loadGetScript (C:\Users\user\OneDrive\Desktop\CRM\backend\node_modules\rate-limit-redis\dist\index.cjs:116:31)
    at new RedisStore (C:\Users\user\OneDrive\Desktop\CRM\backend\node_modules\rate-limit-redis\dist\index.cjs:96:30)
    at createRateLimiter (C:\Users\user\OneDrive\Desktop\CRM\backend\middleware\rateLimiter.js:12:16)
    at Object.<anonymous> (C:\Users\user\OneDrive\Desktop\CRM\backend\middleware\rateLimiter.js:49:23)
    at Module._compile (node:internal/modules/cjs/loader:1730:14)
    at Object..js (node:internal/modules/cjs/loader:1895:10)
    at Module.load (node:internal/modules/cjs/loader:1465:32)
2026-01-28 12:47:39: 2026-01-28 12:47:39 [31merror[39m: Error: The client is closed
    at Class.sendCommand (C:\Users\user\OneDrive\Desktop\CRM\backend\node_modules\@redis\client\dist\lib\client\index.js:639:35)
    at RedisStore.sendCommand (C:\Users\user\OneDrive\Desktop\CRM\backend\middleware\rateLimiter.js:13:49)
    at RedisStore.sendCommand (C:\Users\user\OneDrive\Desktop\CRM\backend\node_modules\rate-limit-redis\dist\index.cjs:85:49)
    at RedisStore.loadIncrementScript (C:\Users\user\OneDrive\Desktop\CRM\backend\node_modules\rate-limit-redis\dist\index.cjs:102:31)
    at new RedisStore (C:\Users\user\OneDrive\Desktop\CRM\backend\node_modules\rate-limit-redis\dist\index.cjs:95:36)
    at createRateLimiter (C:\Users\user\OneDrive\Desktop\CRM\backend\middleware\rateLimiter.js:12:16)
    at Object.<anonymous> (C:\Users\user\OneDrive\Desktop\CRM\backend\middleware\rateLimiter.js:57:25)
    at Module._compile (node:internal/modules/cjs/loader:1730:14)
    at Object..js (node:internal/modules/cjs/loader:1895:10)
    at Module.load (node:internal/modules/cjs/loader:1465:32)
2026-01-28 12:47:39: 2026-01-28 12:47:39 [31merror[39m: Error: The client is closed
    at Class.sendCommand (C:\Users\user\OneDrive\Desktop\CRM\backend\node_modules\@redis\client\dist\lib\client\index.js:639:35)
    at RedisStore.sendCommand (C:\Users\user\OneDrive\Desktop\CRM\backend\middleware\rateLimiter.js:13:49)
    at RedisStore.sendCommand (C:\Users\user\OneDrive\Desktop\CRM\backend\node_modules\rate-limit-redis\dist\index.cjs:85:49)
    at RedisStore.loadGetScript (C:\Users\user\OneDrive\Desktop\CRM\backend\node_modules\rate-limit-redis\dist\index.cjs:116:31)
    at new RedisStore (C:\Users\user\OneDrive\Desktop\CRM\backend\node_modules\rate-limit-redis\dist\index.cjs:96:30)
    at createRateLimiter (C:\Users\user\OneDrive\Desktop\CRM\backend\middleware\rateLimiter.js:12:16)
    at Object.<anonymous> (C:\Users\user\OneDrive\Desktop\CRM\backend\middleware\rateLimiter.js:57:25)
    at Module._compile (node:internal/modules/cjs/loader:1730:14)
    at Object..js (node:internal/modules/cjs/loader:1895:10)
    at Module.load (node:internal/modules/cjs/loader:1465:32)
2026-01-28 12:47:39: 2026-01-28 12:47:39 [31merror[39m: Error: The client is closed
    at Class.sendCommand (C:\Users\user\OneDrive\Desktop\CRM\backend\node_modules\@redis\client\dist\lib\client\index.js:639:35)
    at RedisStore.sendCommand (C:\Users\user\OneDrive\Desktop\CRM\backend\middleware\rateLimiter.js:13:49)
    at RedisStore.sendCommand (C:\Users\user\OneDrive\Desktop\CRM\backend\node_modules\rate-limit-redis\dist\index.cjs:85:49)
    at RedisStore.loadIncrementScript (C:\Users\user\OneDrive\Desktop\CRM\backend\node_modules\rate-limit-redis\dist\index.cjs:102:31)
    at new RedisStore (C:\Users\user\OneDrive\Desktop\CRM\backend\node_modules\rate-limit-redis\dist\index.cjs:95:36)
    at createRateLimiter (C:\Users\user\OneDrive\Desktop\CRM\backend\middleware\rateLimiter.js:12:16)
    at Object.<anonymous> (C:\Users\user\OneDrive\Desktop\CRM\backend\middleware\rateLimiter.js:65:21)
    at Module._compile (node:internal/modules/cjs/loader:1730:14)
    at Object..js (node:internal/modules/cjs/loader:1895:10)
    at Module.load (node:internal/modules/cjs/loader:1465:32)
2026-01-28 12:47:39: 2026-01-28 12:47:39 [31merror[39m: Error: The client is closed
    at Class.sendCommand (C:\Users\user\OneDrive\Desktop\CRM\backend\node_modules\@redis\client\dist\lib\client\index.js:639:35)
    at RedisStore.sendCommand (C:\Users\user\OneDrive\Desktop\CRM\backend\middleware\rateLimiter.js:13:49)
    at RedisStore.sendCommand (C:\Users\user\OneDrive\Desktop\CRM\backend\node_modules\rate-limit-redis\dist\index.cjs:85:49)
    at RedisStore.loadGetScript (C:\Users\user\OneDrive\Desktop\CRM\backend\node_modules\rate-limit-redis\dist\index.cjs:116:31)
    at new RedisStore (C:\Users\user\OneDrive\Desktop\CRM\backend\node_modules\rate-limit-redis\dist\index.cjs:96:30)
    at createRateLimiter (C:\Users\user\OneDrive\Desktop\CRM\backend\middleware\rateLimiter.js:12:16)
    at Object.<anonymous> (C:\Users\user\OneDrive\Desktop\CRM\backend\middleware\rateLimiter.js:65:21)
    at Module._compile (node:internal/modules/cjs/loader:1730:14)
    at Object..js (node:internal/modules/cjs/loader:1895:10)
    at Module.load (node:internal/modules/cjs/loader:1465:32)
2026-01-28 12:47:40: 2026-01-28 12:47:40 [31merror[39m: Error: NOAUTH Authentication required
    at #decodeSimpleError (C:\Users\user\OneDrive\Desktop\CRM\backend\node_modules\@redis\client\dist\lib\RESP\decoder.js:457:13)
    at #decodeTypeValue (C:\Users\user\OneDrive\Desktop\CRM\backend\node_modules\@redis\client\dist\lib\RESP\decoder.js:104:91)
    at Decoder.write (C:\Users\user\OneDrive\Desktop\CRM\backend\node_modules\@redis\client\dist\lib\RESP\decoder.js:74:38)
    at RedisSocket.<anonymous> (C:\Users\user\OneDrive\Desktop\CRM\backend\node_modules\@redis\client\dist\lib\client\index.js:437:37)
    at RedisSocket.emit (node:events:518:28)
    at Socket.<anonymous> (C:\Users\user\OneDrive\Desktop\CRM\backend\node_modules\@redis\client\dist\lib\client\socket.js:235:38)
    at Socket.emit (node:events:518:28)
    at addChunk (node:internal/streams/readable:561:12)
    at readableAddChunkPushByteMode (node:internal/streams/readable:512:3)
    at Readable.push (node:internal/streams/readable:392:5)
    at TCP.onStreamRead (node:internal/stream_base_commons:189:23)
2026-01-28 12:47:40: 2026-01-28 12:47:40 [31merror[39m: Error: NOAUTH Authentication required
    at #decodeSimpleError (C:\Users\user\OneDrive\Desktop\CRM\backend\node_modules\@redis\client\dist\lib\RESP\decoder.js:457:13)
    at #decodeTypeValue (C:\Users\user\OneDrive\Desktop\CRM\backend\node_modules\@redis\client\dist\lib\RESP\decoder.js:104:91)
    at Decoder.write (C:\Users\user\OneDrive\Desktop\CRM\backend\node_modules\@redis\client\dist\lib\RESP\decoder.js:74:38)
    at RedisSocket.<anonymous> (C:\Users\user\OneDrive\Desktop\CRM\backend\node_modules\@redis\client\dist\lib\client\index.js:437:37)
    at RedisSocket.emit (node:events:518:28)
    at Socket.<anonymous> (C:\Users\user\OneDrive\Desktop\CRM\backend\node_modules\@redis\client\dist\lib\client\socket.js:235:38)
    at Socket.emit (node:events:518:28)
    at addChunk (node:internal/streams/readable:561:12)
    at readableAddChunkPushByteMode (node:internal/streams/readable:512:3)
    at Readable.push (node:internal/streams/readable:392:5)
    at TCP.onStreamRead (node:internal/stream_base_commons:189:23)
2026-01-28 12:47:40: 2026-01-28 12:47:40 [32minfo[39m: ✅ Redis Connected successfully
2026-01-28 12:47:40: 📡 Mongoose connected to Atlas cluster
2026-01-28 12:47:40: ✅ MongoDB Atlas connected successfully!
2026-01-28 12:47:40: ✅ Query model connected successfully
2026-01-28 12:47:48: 🔌 Socket.IO instance set successfully
2026-01-28 12:47:49: ℹ️ Huawei E173 Modem Service is disabled via ENABLE_MODEM flag
2026-01-28 12:47:49: Starting Auto-Logout Job...
2026-01-28 12:47:49: 2026-01-28 12:47:49 [31merror[39m: Error: The client is closed
    at Class.sendCommand (C:\Users\user\OneDrive\Desktop\CRM\backend\node_modules\@redis\client\dist\lib\client\index.js:639:35)
    at RedisStore.sendCommand (C:\Users\user\OneDrive\Desktop\CRM\backend\middleware\rateLimiter.js:13:49)
    at RedisStore.sendCommand (C:\Users\user\OneDrive\Desktop\CRM\backend\node_modules\rate-limit-redis\dist\index.cjs:85:49)
    at RedisStore.loadIncrementScript (C:\Users\user\OneDrive\Desktop\CRM\backend\node_modules\rate-limit-redis\dist\index.cjs:102:31)
    at new RedisStore (C:\Users\user\OneDrive\Desktop\CRM\backend\node_modules\rate-limit-redis\dist\index.cjs:95:36)
    at createRateLimiter (C:\Users\user\OneDrive\Desktop\CRM\backend\middleware\rateLimiter.js:12:16)
    at Object.<anonymous> (C:\Users\user\OneDrive\Desktop\CRM\backend\middleware\rateLimiter.js:32:21)
    at Module._compile (node:internal/modules/cjs/loader:1730:14)
    at Object..js (node:internal/modules/cjs/loader:1895:10)
    at Module.load (node:internal/modules/cjs/loader:1465:32)
2026-01-28 12:47:49: 2026-01-28 12:47:49 [31merror[39m: Error: The client is closed
    at Class.sendCommand (C:\Users\user\OneDrive\Desktop\CRM\backend\node_modules\@redis\client\dist\lib\client\index.js:639:35)
    at RedisStore.sendCommand (C:\Users\user\OneDrive\Desktop\CRM\backend\middleware\rateLimiter.js:13:49)
    at RedisStore.sendCommand (C:\Users\user\OneDrive\Desktop\CRM\backend\node_modules\rate-limit-redis\dist\index.cjs:85:49)
    at RedisStore.loadGetScript (C:\Users\user\OneDrive\Desktop\CRM\backend\node_modules\rate-limit-redis\dist\index.cjs:116:31)
    at new RedisStore (C:\Users\user\OneDrive\Desktop\CRM\backend\node_modules\rate-limit-redis\dist\index.cjs:96:30)
    at createRateLimiter (C:\Users\user\OneDrive\Desktop\CRM\backend\middleware\rateLimiter.js:12:16)
    at Object.<anonymous> (C:\Users\user\OneDrive\Desktop\CRM\backend\middleware\rateLimiter.js:32:21)
    at Module._compile (node:internal/modules/cjs/loader:1730:14)
    at Object..js (node:internal/modules/cjs/loader:1895:10)
    at Module.load (node:internal/modules/cjs/loader:1465:32)
2026-01-28 12:47:49: 2026-01-28 12:47:49 [31merror[39m: Error: The client is closed
    at Class.sendCommand (C:\Users\user\OneDrive\Desktop\CRM\backend\node_modules\@redis\client\dist\lib\client\index.js:639:35)
    at RedisStore.sendCommand (C:\Users\user\OneDrive\Desktop\CRM\backend\middleware\rateLimiter.js:13:49)
    at RedisStore.sendCommand (C:\Users\user\OneDrive\Desktop\CRM\backend\node_modules\rate-limit-redis\dist\index.cjs:85:49)
    at RedisStore.loadIncrementScript (C:\Users\user\OneDrive\Desktop\CRM\backend\node_modules\rate-limit-redis\dist\index.cjs:102:31)
    at new RedisStore (C:\Users\user\OneDrive\Desktop\CRM\backend\node_modules\rate-limit-redis\dist\index.cjs:95:36)
    at createRateLimiter (C:\Users\user\OneDrive\Desktop\CRM\backend\middleware\rateLimiter.js:12:16)
    at Object.<anonymous> (C:\Users\user\OneDrive\Desktop\CRM\backend\middleware\rateLimiter.js:41:20)
    at Module._compile (node:internal/modules/cjs/loader:1730:14)
    at Object..js (node:internal/modules/cjs/loader:1895:10)
    at Module.load (node:internal/modules/cjs/loader:1465:32)
2026-01-28 12:47:49: 2026-01-28 12:47:49 [31merror[39m: Error: The client is closed
    at Class.sendCommand (C:\Users\user\OneDrive\Desktop\CRM\backend\node_modules\@redis\client\dist\lib\client\index.js:639:35)
    at RedisStore.sendCommand (C:\Users\user\OneDrive\Desktop\CRM\backend\middleware\rateLimiter.js:13:49)
    at RedisStore.sendCommand (C:\Users\user\OneDrive\Desktop\CRM\backend\node_modules\rate-limit-redis\dist\index.cjs:85:49)
    at RedisStore.loadGetScript (C:\Users\user\OneDrive\Desktop\CRM\backend\node_modules\rate-limit-redis\dist\index.cjs:116:31)
    at new RedisStore (C:\Users\user\OneDrive\Desktop\CRM\backend\node_modules\rate-limit-redis\dist\index.cjs:96:30)
    at createRateLimiter (C:\Users\user\OneDrive\Desktop\CRM\backend\middleware\rateLimiter.js:12:16)
    at Object.<anonymous> (C:\Users\user\OneDrive\Desktop\CRM\backend\middleware\rateLimiter.js:41:20)
    at Module._compile (node:internal/modules/cjs/loader:1730:14)
    at Object..js (node:internal/modules/cjs/loader:1895:10)
    at Module.load (node:internal/modules/cjs/loader:1465:32)
2026-01-28 12:47:49: 2026-01-28 12:47:49 [31merror[39m: Error: The client is closed
    at Class.sendCommand (C:\Users\user\OneDrive\Desktop\CRM\backend\node_modules\@redis\client\dist\lib\client\index.js:639:35)
    at RedisStore.sendCommand (C:\Users\user\OneDrive\Desktop\CRM\backend\middleware\rateLimiter.js:13:49)
    at RedisStore.sendCommand (C:\Users\user\OneDrive\Desktop\CRM\backend\node_modules\rate-limit-redis\dist\index.cjs:85:49)
    at RedisStore.loadIncrementScript (C:\Users\user\OneDrive\Desktop\CRM\backend\node_modules\rate-limit-redis\dist\index.cjs:102:31)
    at new RedisStore (C:\Users\user\OneDrive\Desktop\CRM\backend\node_modules\rate-limit-redis\dist\index.cjs:95:36)
    at createRateLimiter (C:\Users\user\OneDrive\Desktop\CRM\backend\middleware\rateLimiter.js:12:16)
    at Object.<anonymous> (C:\Users\user\OneDrive\Desktop\CRM\backend\middleware\rateLimiter.js:49:23)
    at Module._compile (node:internal/modules/cjs/loader:1730:14)
    at Object..js (node:internal/modules/cjs/loader:1895:10)
    at Module.load (node:internal/modules/cjs/loader:1465:32)
2026-01-28 12:47:49: 2026-01-28 12:47:49 [31merror[39m: Error: The client is closed
    at Class.sendCommand (C:\Users\user\OneDrive\Desktop\CRM\backend\node_modules\@redis\client\dist\lib\client\index.js:639:35)
    at RedisStore.sendCommand (C:\Users\user\OneDrive\Desktop\CRM\backend\middleware\rateLimiter.js:13:49)
    at RedisStore.sendCommand (C:\Users\user\OneDrive\Desktop\CRM\backend\node_modules\rate-limit-redis\dist\index.cjs:85:49)
    at RedisStore.loadGetScript (C:\Users\user\OneDrive\Desktop\CRM\backend\node_modules\rate-limit-redis\dist\index.cjs:116:31)
    at new RedisStore (C:\Users\user\OneDrive\Desktop\CRM\backend\node_modules\rate-limit-redis\dist\index.cjs:96:30)
    at createRateLimiter (C:\Users\user\OneDrive\Desktop\CRM\backend\middleware\rateLimiter.js:12:16)
    at Object.<anonymous> (C:\Users\user\OneDrive\Desktop\CRM\backend\middleware\rateLimiter.js:49:23)
    at Module._compile (node:internal/modules/cjs/loader:1730:14)
    at Object..js (node:internal/modules/cjs/loader:1895:10)
    at Module.load (node:internal/modules/cjs/loader:1465:32)
2026-01-28 12:47:49: 2026-01-28 12:47:49 [31merror[39m: Error: The client is closed
    at Class.sendCommand (C:\Users\user\OneDrive\Desktop\CRM\backend\node_modules\@redis\client\dist\lib\client\index.js:639:35)
    at RedisStore.sendCommand (C:\Users\user\OneDrive\Desktop\CRM\backend\middleware\rateLimiter.js:13:49)
    at RedisStore.sendCommand (C:\Users\user\OneDrive\Desktop\CRM\backend\node_modules\rate-limit-redis\dist\index.cjs:85:49)
    at RedisStore.loadIncrementScript (C:\Users\user\OneDrive\Desktop\CRM\backend\node_modules\rate-limit-redis\dist\index.cjs:102:31)
    at new RedisStore (C:\Users\user\OneDrive\Desktop\CRM\backend\node_modules\rate-limit-redis\dist\index.cjs:95:36)
    at createRateLimiter (C:\Users\user\OneDrive\Desktop\CRM\backend\middleware\rateLimiter.js:12:16)
    at Object.<anonymous> (C:\Users\user\OneDrive\Desktop\CRM\backend\middleware\rateLimiter.js:57:25)
    at Module._compile (node:internal/modules/cjs/loader:1730:14)
    at Object..js (node:internal/modules/cjs/loader:1895:10)
    at Module.load (node:internal/modules/cjs/loader:1465:32)
2026-01-28 12:47:49: 2026-01-28 12:47:49 [31merror[39m: Error: The client is closed
    at Class.sendCommand (C:\Users\user\OneDrive\Desktop\CRM\backend\node_modules\@redis\client\dist\lib\client\index.js:639:35)
    at RedisStore.sendCommand (C:\Users\user\OneDrive\Desktop\CRM\backend\middleware\rateLimiter.js:13:49)
    at RedisStore.sendCommand (C:\Users\user\OneDrive\Desktop\CRM\backend\node_modules\rate-limit-redis\dist\index.cjs:85:49)
    at RedisStore.loadGetScript (C:\Users\user\OneDrive\Desktop\CRM\backend\node_modules\rate-limit-redis\dist\index.cjs:116:31)
    at new RedisStore (C:\Users\user\OneDrive\Desktop\CRM\backend\node_modules\rate-limit-redis\dist\index.cjs:96:30)
    at createRateLimiter (C:\Users\user\OneDrive\Desktop\CRM\backend\middleware\rateLimiter.js:12:16)
    at Object.<anonymous> (C:\Users\user\OneDrive\Desktop\CRM\backend\middleware\rateLimiter.js:57:25)
    at Module._compile (node:internal/modules/cjs/loader:1730:14)
    at Object..js (node:internal/modules/cjs/loader:1895:10)
    at Module.load (node:internal/modules/cjs/loader:1465:32)
2026-01-28 12:47:49: 2026-01-28 12:47:49 [31merror[39m: Error: The client is closed
    at Class.sendCommand (C:\Users\user\OneDrive\Desktop\CRM\backend\node_modules\@redis\client\dist\lib\client\index.js:639:35)
    at RedisStore.sendCommand (C:\Users\user\OneDrive\Desktop\CRM\backend\middleware\rateLimiter.js:13:49)
    at RedisStore.sendCommand (C:\Users\user\OneDrive\Desktop\CRM\backend\node_modules\rate-limit-redis\dist\index.cjs:85:49)
    at RedisStore.loadIncrementScript (C:\Users\user\OneDrive\Desktop\CRM\backend\node_modules\rate-limit-redis\dist\index.cjs:102:31)
    at new RedisStore (C:\Users\user\OneDrive\Desktop\CRM\backend\node_modules\rate-limit-redis\dist\index.cjs:95:36)
    at createRateLimiter (C:\Users\user\OneDrive\Desktop\CRM\backend\middleware\rateLimiter.js:12:16)
    at Object.<anonymous> (C:\Users\user\OneDrive\Desktop\CRM\backend\middleware\rateLimiter.js:65:21)
    at Module._compile (node:internal/modules/cjs/loader:1730:14)
    at Object..js (node:internal/modules/cjs/loader:1895:10)
    at Module.load (node:internal/modules/cjs/loader:1465:32)
2026-01-28 12:47:49: 2026-01-28 12:47:49 [31merror[39m: Error: The client is closed
    at Class.sendCommand (C:\Users\user\OneDrive\Desktop\CRM\backend\node_modules\@redis\client\dist\lib\client\index.js:639:35)
    at RedisStore.sendCommand (C:\Users\user\OneDrive\Desktop\CRM\backend\middleware\rateLimiter.js:13:49)
    at RedisStore.sendCommand (C:\Users\user\OneDrive\Desktop\CRM\backend\node_modules\rate-limit-redis\dist\index.cjs:85:49)
    at RedisStore.loadGetScript (C:\Users\user\OneDrive\Desktop\CRM\backend\node_modules\rate-limit-redis\dist\index.cjs:116:31)
    at new RedisStore (C:\Users\user\OneDrive\Desktop\CRM\backend\node_modules\rate-limit-redis\dist\index.cjs:96:30)
    at createRateLimiter (C:\Users\user\OneDrive\Desktop\CRM\backend\middleware\rateLimiter.js:12:16)
    at Object.<anonymous> (C:\Users\user\OneDrive\Desktop\CRM\backend\middleware\rateLimiter.js:65:21)
    at Module._compile (node:internal/modules/cjs/loader:1730:14)
    at Object..js (node:internal/modules/cjs/loader:1895:10)
    at Module.load (node:internal/modules/cjs/loader:1465:32)
2026-01-28 12:47:49: 2026-01-28 12:47:49 [32minfo[39m: ✅ Redis Connected successfully
2026-01-28 12:47:49: 2026-01-28 12:47:49 [31merror[39m: Error: NOAUTH Authentication required
    at #decodeSimpleError (C:\Users\user\OneDrive\Desktop\CRM\backend\node_modules\@redis\client\dist\lib\RESP\decoder.js:457:13)
    at #decodeTypeValue (C:\Users\user\OneDrive\Desktop\CRM\backend\node_modules\@redis\client\dist\lib\RESP\decoder.js:104:91)
    at Decoder.write (C:\Users\user\OneDrive\Desktop\CRM\backend\node_modules\@redis\client\dist\lib\RESP\decoder.js:74:38)
    at RedisSocket.<anonymous> (C:\Users\user\OneDrive\Desktop\CRM\backend\node_modules\@redis\client\dist\lib\client\index.js:437:37)
    at RedisSocket.emit (node:events:518:28)
    at Socket.<anonymous> (C:\Users\user\OneDrive\Desktop\CRM\backend\node_modules\@redis\client\dist\lib\client\socket.js:235:38)
    at Socket.emit (node:events:518:28)
    at addChunk (node:internal/streams/readable:561:12)
    at readableAddChunkPushByteMode (node:internal/streams/readable:512:3)
    at Readable.push (node:internal/streams/readable:392:5)
    at TCP.onStreamRead (node:internal/stream_base_commons:189:23)
2026-01-28 12:47:49: 2026-01-28 12:47:49 [31merror[39m: Error: NOAUTH Authentication required
    at #decodeSimpleError (C:\Users\user\OneDrive\Desktop\CRM\backend\node_modules\@redis\client\dist\lib\RESP\decoder.js:457:13)
    at #decodeTypeValue (C:\Users\user\OneDrive\Desktop\CRM\backend\node_modules\@redis\client\dist\lib\RESP\decoder.js:104:91)
    at Decoder.write (C:\Users\user\OneDrive\Desktop\CRM\backend\node_modules\@redis\client\dist\lib\RESP\decoder.js:74:38)
    at RedisSocket.<anonymous> (C:\Users\user\OneDrive\Desktop\CRM\backend\node_modules\@redis\client\dist\lib\client\index.js:437:37)
    at RedisSocket.emit (node:events:518:28)
    at Socket.<anonymous> (C:\Users\user\OneDrive\Desktop\CRM\backend\node_modules\@redis\client\dist\lib\client\socket.js:235:38)
    at Socket.emit (node:events:518:28)
    at addChunk (node:internal/streams/readable:561:12)
    at readableAddChunkPushByteMode (node:internal/streams/readable:512:3)
    at Readable.push (node:internal/streams/readable:392:5)
    at TCP.onStreamRead (node:internal/stream_base_commons:189:23)
2026-01-28 12:47:49: 📡 Mongoose connected to Atlas cluster
2026-01-28 12:47:49: ✅ MongoDB Atlas connected successfully!
2026-01-28 12:47:49: ✅ Query model connected successfully
2026-01-28 12:48:00: 🔌 Socket.IO instance set successfully
2026-01-28 12:48:00: ℹ️ Huawei E173 Modem Service is disabled via ENABLE_MODEM flag
2026-01-28 12:48:00: Starting Auto-Logout Job...
2026-01-28 12:48:00: 2026-01-28 12:48:00 [31merror[39m: Error: The client is closed
    at Class.sendCommand (C:\Users\user\OneDrive\Desktop\CRM\backend\node_modules\@redis\client\dist\lib\client\index.js:639:35)
    at RedisStore.sendCommand (C:\Users\user\OneDrive\Desktop\CRM\backend\middleware\rateLimiter.js:13:49)
    at RedisStore.sendCommand (C:\Users\user\OneDrive\Desktop\CRM\backend\node_modules\rate-limit-redis\dist\index.cjs:85:49)
    at RedisStore.loadIncrementScript (C:\Users\user\OneDrive\Desktop\CRM\backend\node_modules\rate-limit-redis\dist\index.cjs:102:31)
    at new RedisStore (C:\Users\user\OneDrive\Desktop\CRM\backend\node_modules\rate-limit-redis\dist\index.cjs:95:36)
    at createRateLimiter (C:\Users\user\OneDrive\Desktop\CRM\backend\middleware\rateLimiter.js:12:16)
    at Object.<anonymous> (C:\Users\user\OneDrive\Desktop\CRM\backend\middleware\rateLimiter.js:32:21)
    at Module._compile (node:internal/modules/cjs/loader:1730:14)
    at Object..js (node:internal/modules/cjs/loader:1895:10)
    at Module.load (node:internal/modules/cjs/loader:1465:32)
2026-01-28 12:48:00: 2026-01-28 12:48:00 [31merror[39m: Error: The client is closed
    at Class.sendCommand (C:\Users\user\OneDrive\Desktop\CRM\backend\node_modules\@redis\client\dist\lib\client\index.js:639:35)
    at RedisStore.sendCommand (C:\Users\user\OneDrive\Desktop\CRM\backend\middleware\rateLimiter.js:13:49)
    at RedisStore.sendCommand (C:\Users\user\OneDrive\Desktop\CRM\backend\node_modules\rate-limit-redis\dist\index.cjs:85:49)
    at RedisStore.loadGetScript (C:\Users\user\OneDrive\Desktop\CRM\backend\node_modules\rate-limit-redis\dist\index.cjs:116:31)
    at new RedisStore (C:\Users\user\OneDrive\Desktop\CRM\backend\node_modules\rate-limit-redis\dist\index.cjs:96:30)
    at createRateLimiter (C:\Users\user\OneDrive\Desktop\CRM\backend\middleware\rateLimiter.js:12:16)
    at Object.<anonymous> (C:\Users\user\OneDrive\Desktop\CRM\backend\middleware\rateLimiter.js:32:21)
    at Module._compile (node:internal/modules/cjs/loader:1730:14)
    at Object..js (node:internal/modules/cjs/loader:1895:10)
    at Module.load (node:internal/modules/cjs/loader:1465:32)
2026-01-28 12:48:00: 2026-01-28 12:48:00 [31merror[39m: Error: The client is closed
    at Class.sendCommand (C:\Users\user\OneDrive\Desktop\CRM\backend\node_modules\@redis\client\dist\lib\client\index.js:639:35)
    at RedisStore.sendCommand (C:\Users\user\OneDrive\Desktop\CRM\backend\middleware\rateLimiter.js:13:49)
    at RedisStore.sendCommand (C:\Users\user\OneDrive\Desktop\CRM\backend\node_modules\rate-limit-redis\dist\index.cjs:85:49)
    at RedisStore.loadIncrementScript (C:\Users\user\OneDrive\Desktop\CRM\backend\node_modules\rate-limit-redis\dist\index.cjs:102:31)
    at new RedisStore (C:\Users\user\OneDrive\Desktop\CRM\backend\node_modules\rate-limit-redis\dist\index.cjs:95:36)
    at createRateLimiter (C:\Users\user\OneDrive\Desktop\CRM\backend\middleware\rateLimiter.js:12:16)
    at Object.<anonymous> (C:\Users\user\OneDrive\Desktop\CRM\backend\middleware\rateLimiter.js:41:20)
    at Module._compile (node:internal/modules/cjs/loader:1730:14)
    at Object..js (node:internal/modules/cjs/loader:1895:10)
    at Module.load (node:internal/modules/cjs/loader:1465:32)
2026-01-28 12:48:00: 2026-01-28 12:48:00 [31merror[39m: Error: The client is closed
    at Class.sendCommand (C:\Users\user\OneDrive\Desktop\CRM\backend\node_modules\@redis\client\dist\lib\client\index.js:639:35)
    at RedisStore.sendCommand (C:\Users\user\OneDrive\Desktop\CRM\backend\middleware\rateLimiter.js:13:49)
    at RedisStore.sendCommand (C:\Users\user\OneDrive\Desktop\CRM\backend\node_modules\rate-limit-redis\dist\index.cjs:85:49)
    at RedisStore.loadGetScript (C:\Users\user\OneDrive\Desktop\CRM\backend\node_modules\rate-limit-redis\dist\index.cjs:116:31)
    at new RedisStore (C:\Users\user\OneDrive\Desktop\CRM\backend\node_modules\rate-limit-redis\dist\index.cjs:96:30)
    at createRateLimiter (C:\Users\user\OneDrive\Desktop\CRM\backend\middleware\rateLimiter.js:12:16)
    at Object.<anonymous> (C:\Users\user\OneDrive\Desktop\CRM\backend\middleware\rateLimiter.js:41:20)
    at Module._compile (node:internal/modules/cjs/loader:1730:14)
    at Object..js (node:internal/modules/cjs/loader:1895:10)
    at Module.load (node:internal/modules/cjs/loader:1465:32)
2026-01-28 12:48:00: 2026-01-28 12:48:00 [31merror[39m: Error: The client is closed
    at Class.sendCommand (C:\Users\user\OneDrive\Desktop\CRM\backend\node_modules\@redis\client\dist\lib\client\index.js:639:35)
    at RedisStore.sendCommand (C:\Users\user\OneDrive\Desktop\CRM\backend\middleware\rateLimiter.js:13:49)
    at RedisStore.sendCommand (C:\Users\user\OneDrive\Desktop\CRM\backend\node_modules\rate-limit-redis\dist\index.cjs:85:49)
    at RedisStore.loadIncrementScript (C:\Users\user\OneDrive\Desktop\CRM\backend\node_modules\rate-limit-redis\dist\index.cjs:102:31)
    at new RedisStore (C:\Users\user\OneDrive\Desktop\CRM\backend\node_modules\rate-limit-redis\dist\index.cjs:95:36)
    at createRateLimiter (C:\Users\user\OneDrive\Desktop\CRM\backend\middleware\rateLimiter.js:12:16)
    at Object.<anonymous> (C:\Users\user\OneDrive\Desktop\CRM\backend\middleware\rateLimiter.js:49:23)
    at Module._compile (node:internal/modules/cjs/loader:1730:14)
    at Object..js (node:internal/modules/cjs/loader:1895:10)
    at Module.load (node:internal/modules/cjs/loader:1465:32)
2026-01-28 12:48:00: 2026-01-28 12:48:00 [31merror[39m: Error: The client is closed
    at Class.sendCommand (C:\Users\user\OneDrive\Desktop\CRM\backend\node_modules\@redis\client\dist\lib\client\index.js:639:35)
    at RedisStore.sendCommand (C:\Users\user\OneDrive\Desktop\CRM\backend\middleware\rateLimiter.js:13:49)
    at RedisStore.sendCommand (C:\Users\user\OneDrive\Desktop\CRM\backend\node_modules\rate-limit-redis\dist\index.cjs:85:49)
    at RedisStore.loadGetScript (C:\Users\user\OneDrive\Desktop\CRM\backend\node_modules\rate-limit-redis\dist\index.cjs:116:31)
    at new RedisStore (C:\Users\user\OneDrive\Desktop\CRM\backend\node_modules\rate-limit-redis\dist\index.cjs:96:30)
    at createRateLimiter (C:\Users\user\OneDrive\Desktop\CRM\backend\middleware\rateLimiter.js:12:16)
    at Object.<anonymous> (C:\Users\user\OneDrive\Desktop\CRM\backend\middleware\rateLimiter.js:49:23)
    at Module._compile (node:internal/modules/cjs/loader:1730:14)
    at Object..js (node:internal/modules/cjs/loader:1895:10)
    at Module.load (node:internal/modules/cjs/loader:1465:32)
2026-01-28 12:48:00: 2026-01-28 12:48:00 [31merror[39m: Error: The client is closed
    at Class.sendCommand (C:\Users\user\OneDrive\Desktop\CRM\backend\node_modules\@redis\client\dist\lib\client\index.js:639:35)
    at RedisStore.sendCommand (C:\Users\user\OneDrive\Desktop\CRM\backend\middleware\rateLimiter.js:13:49)
    at RedisStore.sendCommand (C:\Users\user\OneDrive\Desktop\CRM\backend\node_modules\rate-limit-redis\dist\index.cjs:85:49)
    at RedisStore.loadIncrementScript (C:\Users\user\OneDrive\Desktop\CRM\backend\node_modules\rate-limit-redis\dist\index.cjs:102:31)
    at new RedisStore (C:\Users\user\OneDrive\Desktop\CRM\backend\node_modules\rate-limit-redis\dist\index.cjs:95:36)
    at createRateLimiter (C:\Users\user\OneDrive\Desktop\CRM\backend\middleware\rateLimiter.js:12:16)
    at Object.<anonymous> (C:\Users\user\OneDrive\Desktop\CRM\backend\middleware\rateLimiter.js:57:25)
    at Module._compile (node:internal/modules/cjs/loader:1730:14)
    at Object..js (node:internal/modules/cjs/loader:1895:10)
    at Module.load (node:internal/modules/cjs/loader:1465:32)
2026-01-28 12:48:00: 2026-01-28 12:48:00 [31merror[39m: Error: The client is closed
    at Class.sendCommand (C:\Users\user\OneDrive\Desktop\CRM\backend\node_modules\@redis\client\dist\lib\client\index.js:639:35)
    at RedisStore.sendCommand (C:\Users\user\OneDrive\Desktop\CRM\backend\middleware\rateLimiter.js:13:49)
    at RedisStore.sendCommand (C:\Users\user\OneDrive\Desktop\CRM\backend\node_modules\rate-limit-redis\dist\index.cjs:85:49)
    at RedisStore.loadGetScript (C:\Users\user\OneDrive\Desktop\CRM\backend\node_modules\rate-limit-redis\dist\index.cjs:116:31)
    at new RedisStore (C:\Users\user\OneDrive\Desktop\CRM\backend\node_modules\rate-limit-redis\dist\index.cjs:96:30)
    at createRateLimiter (C:\Users\user\OneDrive\Desktop\CRM\backend\middleware\rateLimiter.js:12:16)
    at Object.<anonymous> (C:\Users\user\OneDrive\Desktop\CRM\backend\middleware\rateLimiter.js:57:25)
    at Module._compile (node:internal/modules/cjs/loader:1730:14)
    at Object..js (node:internal/modules/cjs/loader:1895:10)
    at Module.load (node:internal/modules/cjs/loader:1465:32)
2026-01-28 12:48:00: 2026-01-28 12:48:00 [31merror[39m: Error: The client is closed
    at Class.sendCommand (C:\Users\user\OneDrive\Desktop\CRM\backend\node_modules\@redis\client\dist\lib\client\index.js:639:35)
    at RedisStore.sendCommand (C:\Users\user\OneDrive\Desktop\CRM\backend\middleware\rateLimiter.js:13:49)
    at RedisStore.sendCommand (C:\Users\user\OneDrive\Desktop\CRM\backend\node_modules\rate-limit-redis\dist\index.cjs:85:49)
    at RedisStore.loadIncrementScript (C:\Users\user\OneDrive\Desktop\CRM\backend\node_modules\rate-limit-redis\dist\index.cjs:102:31)
    at new RedisStore (C:\Users\user\OneDrive\Desktop\CRM\backend\node_modules\rate-limit-redis\dist\index.cjs:95:36)
    at createRateLimiter (C:\Users\user\OneDrive\Desktop\CRM\backend\middleware\rateLimiter.js:12:16)
    at Object.<anonymous> (C:\Users\user\OneDrive\Desktop\CRM\backend\middleware\rateLimiter.js:65:21)
    at Module._compile (node:internal/modules/cjs/loader:1730:14)
    at Object..js (node:internal/modules/cjs/loader:1895:10)
    at Module.load (node:internal/modules/cjs/loader:1465:32)
2026-01-28 12:48:00: 2026-01-28 12:48:00 [31merror[39m: Error: The client is closed
    at Class.sendCommand (C:\Users\user\OneDrive\Desktop\CRM\backend\node_modules\@redis\client\dist\lib\client\index.js:639:35)
    at RedisStore.sendCommand (C:\Users\user\OneDrive\Desktop\CRM\backend\middleware\rateLimiter.js:13:49)
    at RedisStore.sendCommand (C:\Users\user\OneDrive\Desktop\CRM\backend\node_modules\rate-limit-redis\dist\index.cjs:85:49)
    at RedisStore.loadGetScript (C:\Users\user\OneDrive\Desktop\CRM\backend\node_modules\rate-limit-redis\dist\index.cjs:116:31)
    at new RedisStore (C:\Users\user\OneDrive\Desktop\CRM\backend\node_modules\rate-limit-redis\dist\index.cjs:96:30)
    at createRateLimiter (C:\Users\user\OneDrive\Desktop\CRM\backend\middleware\rateLimiter.js:12:16)
    at Object.<anonymous> (C:\Users\user\OneDrive\Desktop\CRM\backend\middleware\rateLimiter.js:65:21)
    at Module._compile (node:internal/modules/cjs/loader:1730:14)
    at Object..js (node:internal/modules/cjs/loader:1895:10)
    at Module.load (node:internal/modules/cjs/loader:1465:32)
2026-01-28 12:48:00: 2026-01-28 12:48:00 [32minfo[39m: ✅ Redis Connected successfully
2026-01-28 12:48:00: 2026-01-28 12:48:00 [31merror[39m: Error: NOAUTH Authentication required
    at #decodeSimpleError (C:\Users\user\OneDrive\Desktop\CRM\backend\node_modules\@redis\client\dist\lib\RESP\decoder.js:457:13)
    at #decodeTypeValue (C:\Users\user\OneDrive\Desktop\CRM\backend\node_modules\@redis\client\dist\lib\RESP\decoder.js:104:91)
    at Decoder.write (C:\Users\user\OneDrive\Desktop\CRM\backend\node_modules\@redis\client\dist\lib\RESP\decoder.js:74:38)
    at RedisSocket.<anonymous> (C:\Users\user\OneDrive\Desktop\CRM\backend\node_modules\@redis\client\dist\lib\client\index.js:437:37)
    at RedisSocket.emit (node:events:518:28)
    at Socket.<anonymous> (C:\Users\user\OneDrive\Desktop\CRM\backend\node_modules\@redis\client\dist\lib\client\socket.js:235:38)
    at Socket.emit (node:events:518:28)
    at addChunk (node:internal/streams/readable:561:12)
    at readableAddChunkPushByteMode (node:internal/streams/readable:512:3)
    at Readable.push (node:internal/streams/readable:392:5)
    at TCP.onStreamRead (node:internal/stream_base_commons:189:23)
2026-01-28 12:48:00: 2026-01-28 12:48:00 [31merror[39m: Error: NOAUTH Authentication required
    at #decodeSimpleError (C:\Users\user\OneDrive\Desktop\CRM\backend\node_modules\@redis\client\dist\lib\RESP\decoder.js:457:13)
    at #decodeTypeValue (C:\Users\user\OneDrive\Desktop\CRM\backend\node_modules\@redis\client\dist\lib\RESP\decoder.js:104:91)
    at Decoder.write (C:\Users\user\OneDrive\Desktop\CRM\backend\node_modules\@redis\client\dist\lib\RESP\decoder.js:74:38)
    at RedisSocket.<anonymous> (C:\Users\user\OneDrive\Desktop\CRM\backend\node_modules\@redis\client\dist\lib\client\index.js:437:37)
    at RedisSocket.emit (node:events:518:28)
    at Socket.<anonymous> (C:\Users\user\OneDrive\Desktop\CRM\backend\node_modules\@redis\client\dist\lib\client\socket.js:235:38)
    at Socket.emit (node:events:518:28)
    at addChunk (node:internal/streams/readable:561:12)
    at readableAddChunkPushByteMode (node:internal/streams/readable:512:3)
    at Readable.push (node:internal/streams/readable:392:5)
    at TCP.onStreamRead (node:internal/stream_base_commons:189:23)
2026-01-28 12:48:01: 📡 Mongoose connected to Atlas cluster
2026-01-28 12:48:01: ✅ MongoDB Atlas connected successfully!
2026-01-28 12:48:01: ✅ Query model connected successfully
2026-01-28 12:48:11: 🔌 Socket.IO instance set successfully
2026-01-28 12:48:11: ℹ️ Huawei E173 Modem Service is disabled via ENABLE_MODEM flag
2026-01-28 12:48:11: Starting Auto-Logout Job...
2026-01-28 12:48:11: 2026-01-28 12:48:11 [31merror[39m: Error: The client is closed
    at Class.sendCommand (C:\Users\user\OneDrive\Desktop\CRM\backend\node_modules\@redis\client\dist\lib\client\index.js:639:35)
    at RedisStore.sendCommand (C:\Users\user\OneDrive\Desktop\CRM\backend\middleware\rateLimiter.js:13:49)
    at RedisStore.sendCommand (C:\Users\user\OneDrive\Desktop\CRM\backend\node_modules\rate-limit-redis\dist\index.cjs:85:49)
    at RedisStore.loadIncrementScript (C:\Users\user\OneDrive\Desktop\CRM\backend\node_modules\rate-limit-redis\dist\index.cjs:102:31)
    at new RedisStore (C:\Users\user\OneDrive\Desktop\CRM\backend\node_modules\rate-limit-redis\dist\index.cjs:95:36)
    at createRateLimiter (C:\Users\user\OneDrive\Desktop\CRM\backend\middleware\rateLimiter.js:12:16)
    at Object.<anonymous> (C:\Users\user\OneDrive\Desktop\CRM\backend\middleware\rateLimiter.js:32:21)
    at Module._compile (node:internal/modules/cjs/loader:1730:14)
    at Object..js (node:internal/modules/cjs/loader:1895:10)
    at Module.load (node:internal/modules/cjs/loader:1465:32)
2026-01-28 12:48:11: 2026-01-28 12:48:11 [31merror[39m: Error: The client is closed
    at Class.sendCommand (C:\Users\user\OneDrive\Desktop\CRM\backend\node_modules\@redis\client\dist\lib\client\index.js:639:35)
    at RedisStore.sendCommand (C:\Users\user\OneDrive\Desktop\CRM\backend\middleware\rateLimiter.js:13:49)
    at RedisStore.sendCommand (C:\Users\user\OneDrive\Desktop\CRM\backend\node_modules\rate-limit-redis\dist\index.cjs:85:49)
    at RedisStore.loadGetScript (C:\Users\user\OneDrive\Desktop\CRM\backend\node_modules\rate-limit-redis\dist\index.cjs:116:31)
    at new RedisStore (C:\Users\user\OneDrive\Desktop\CRM\backend\node_modules\rate-limit-redis\dist\index.cjs:96:30)
    at createRateLimiter (C:\Users\user\OneDrive\Desktop\CRM\backend\middleware\rateLimiter.js:12:16)
    at Object.<anonymous> (C:\Users\user\OneDrive\Desktop\CRM\backend\middleware\rateLimiter.js:32:21)
    at Module._compile (node:internal/modules/cjs/loader:1730:14)
    at Object..js (node:internal/modules/cjs/loader:1895:10)
    at Module.load (node:internal/modules/cjs/loader:1465:32)
2026-01-28 12:48:11: 2026-01-28 12:48:11 [31merror[39m: Error: The client is closed
    at Class.sendCommand (C:\Users\user\OneDrive\Desktop\CRM\backend\node_modules\@redis\client\dist\lib\client\index.js:639:35)
    at RedisStore.sendCommand (C:\Users\user\OneDrive\Desktop\CRM\backend\middleware\rateLimiter.js:13:49)
    at RedisStore.sendCommand (C:\Users\user\OneDrive\Desktop\CRM\backend\node_modules\rate-limit-redis\dist\index.cjs:85:49)
    at RedisStore.loadIncrementScript (C:\Users\user\OneDrive\Desktop\CRM\backend\node_modules\rate-limit-redis\dist\index.cjs:102:31)
    at new RedisStore (C:\Users\user\OneDrive\Desktop\CRM\backend\node_modules\rate-limit-redis\dist\index.cjs:95:36)
    at createRateLimiter (C:\Users\user\OneDrive\Desktop\CRM\backend\middleware\rateLimiter.js:12:16)
    at Object.<anonymous> (C:\Users\user\OneDrive\Desktop\CRM\backend\middleware\rateLimiter.js:41:20)
    at Module._compile (node:internal/modules/cjs/loader:1730:14)
    at Object..js (node:internal/modules/cjs/loader:1895:10)
    at Module.load (node:internal/modules/cjs/loader:1465:32)
2026-01-28 12:48:11: 2026-01-28 12:48:11 [31merror[39m: Error: The client is closed
    at Class.sendCommand (C:\Users\user\OneDrive\Desktop\CRM\backend\node_modules\@redis\client\dist\lib\client\index.js:639:35)
    at RedisStore.sendCommand (C:\Users\user\OneDrive\Desktop\CRM\backend\middleware\rateLimiter.js:13:49)
    at RedisStore.sendCommand (C:\Users\user\OneDrive\Desktop\CRM\backend\node_modules\rate-limit-redis\dist\index.cjs:85:49)
    at RedisStore.loadGetScript (C:\Users\user\OneDrive\Desktop\CRM\backend\node_modules\rate-limit-redis\dist\index.cjs:116:31)
    at new RedisStore (C:\Users\user\OneDrive\Desktop\CRM\backend\node_modules\rate-limit-redis\dist\index.cjs:96:30)
    at createRateLimiter (C:\Users\user\OneDrive\Desktop\CRM\backend\middleware\rateLimiter.js:12:16)
    at Object.<anonymous> (C:\Users\user\OneDrive\Desktop\CRM\backend\middleware\rateLimiter.js:41:20)
    at Module._compile (node:internal/modules/cjs/loader:1730:14)
    at Object..js (node:internal/modules/cjs/loader:1895:10)
    at Module.load (node:internal/modules/cjs/loader:1465:32)
2026-01-28 12:48:11: 2026-01-28 12:48:11 [31merror[39m: Error: The client is closed
    at Class.sendCommand (C:\Users\user\OneDrive\Desktop\CRM\backend\node_modules\@redis\client\dist\lib\client\index.js:639:35)
    at RedisStore.sendCommand (C:\Users\user\OneDrive\Desktop\CRM\backend\middleware\rateLimiter.js:13:49)
    at RedisStore.sendCommand (C:\Users\user\OneDrive\Desktop\CRM\backend\node_modules\rate-limit-redis\dist\index.cjs:85:49)
    at RedisStore.loadIncrementScript (C:\Users\user\OneDrive\Desktop\CRM\backend\node_modules\rate-limit-redis\dist\index.cjs:102:31)
    at new RedisStore (C:\Users\user\OneDrive\Desktop\CRM\backend\node_modules\rate-limit-redis\dist\index.cjs:95:36)
    at createRateLimiter (C:\Users\user\OneDrive\Desktop\CRM\backend\middleware\rateLimiter.js:12:16)
    at Object.<anonymous> (C:\Users\user\OneDrive\Desktop\CRM\backend\middleware\rateLimiter.js:49:23)
    at Module._compile (node:internal/modules/cjs/loader:1730:14)
    at Object..js (node:internal/modules/cjs/loader:1895:10)
    at Module.load (node:internal/modules/cjs/loader:1465:32)
2026-01-28 12:48:11: 2026-01-28 12:48:11 [31merror[39m: Error: The client is closed
    at Class.sendCommand (C:\Users\user\OneDrive\Desktop\CRM\backend\node_modules\@redis\client\dist\lib\client\index.js:639:35)
    at RedisStore.sendCommand (C:\Users\user\OneDrive\Desktop\CRM\backend\middleware\rateLimiter.js:13:49)
    at RedisStore.sendCommand (C:\Users\user\OneDrive\Desktop\CRM\backend\node_modules\rate-limit-redis\dist\index.cjs:85:49)
    at RedisStore.loadGetScript (C:\Users\user\OneDrive\Desktop\CRM\backend\node_modules\rate-limit-redis\dist\index.cjs:116:31)
    at new RedisStore (C:\Users\user\OneDrive\Desktop\CRM\backend\node_modules\rate-limit-redis\dist\index.cjs:96:30)
    at createRateLimiter (C:\Users\user\OneDrive\Desktop\CRM\backend\middleware\rateLimiter.js:12:16)
    at Object.<anonymous> (C:\Users\user\OneDrive\Desktop\CRM\backend\middleware\rateLimiter.js:49:23)
    at Module._compile (node:internal/modules/cjs/loader:1730:14)
    at Object..js (node:internal/modules/cjs/loader:1895:10)
    at Module.load (node:internal/modules/cjs/loader:1465:32)
2026-01-28 12:48:11: 2026-01-28 12:48:11 [31merror[39m: Error: The client is closed
    at Class.sendCommand (C:\Users\user\OneDrive\Desktop\CRM\backend\node_modules\@redis\client\dist\lib\client\index.js:639:35)
    at RedisStore.sendCommand (C:\Users\user\OneDrive\Desktop\CRM\backend\middleware\rateLimiter.js:13:49)
    at RedisStore.sendCommand (C:\Users\user\OneDrive\Desktop\CRM\backend\node_modules\rate-limit-redis\dist\index.cjs:85:49)
    at RedisStore.loadIncrementScript (C:\Users\user\OneDrive\Desktop\CRM\backend\node_modules\rate-limit-redis\dist\index.cjs:102:31)
    at new RedisStore (C:\Users\user\OneDrive\Desktop\CRM\backend\node_modules\rate-limit-redis\dist\index.cjs:95:36)
    at createRateLimiter (C:\Users\user\OneDrive\Desktop\CRM\backend\middleware\rateLimiter.js:12:16)
    at Object.<anonymous> (C:\Users\user\OneDrive\Desktop\CRM\backend\middleware\rateLimiter.js:57:25)
    at Module._compile (node:internal/modules/cjs/loader:1730:14)
    at Object..js (node:internal/modules/cjs/loader:1895:10)
    at Module.load (node:internal/modules/cjs/loader:1465:32)
2026-01-28 12:48:11: 2026-01-28 12:48:11 [31merror[39m: Error: The client is closed
    at Class.sendCommand (C:\Users\user\OneDrive\Desktop\CRM\backend\node_modules\@redis\client\dist\lib\client\index.js:639:35)
    at RedisStore.sendCommand (C:\Users\user\OneDrive\Desktop\CRM\backend\middleware\rateLimiter.js:13:49)
    at RedisStore.sendCommand (C:\Users\user\OneDrive\Desktop\CRM\backend\node_modules\rate-limit-redis\dist\index.cjs:85:49)
    at RedisStore.loadGetScript (C:\Users\user\OneDrive\Desktop\CRM\backend\node_modules\rate-limit-redis\dist\index.cjs:116:31)
    at new RedisStore (C:\Users\user\OneDrive\Desktop\CRM\backend\node_modules\rate-limit-redis\dist\index.cjs:96:30)
    at createRateLimiter (C:\Users\user\OneDrive\Desktop\CRM\backend\middleware\rateLimiter.js:12:16)
    at Object.<anonymous> (C:\Users\user\OneDrive\Desktop\CRM\backend\middleware\rateLimiter.js:57:25)
    at Module._compile (node:internal/modules/cjs/loader:1730:14)
    at Object..js (node:internal/modules/cjs/loader:1895:10)
    at Module.load (node:internal/modules/cjs/loader:1465:32)
2026-01-28 12:48:11: 2026-01-28 12:48:11 [31merror[39m: Error: The client is closed
    at Class.sendCommand (C:\Users\user\OneDrive\Desktop\CRM\backend\node_modules\@redis\client\dist\lib\client\index.js:639:35)
    at RedisStore.sendCommand (C:\Users\user\OneDrive\Desktop\CRM\backend\middleware\rateLimiter.js:13:49)
    at RedisStore.sendCommand (C:\Users\user\OneDrive\Desktop\CRM\backend\node_modules\rate-limit-redis\dist\index.cjs:85:49)
    at RedisStore.loadIncrementScript (C:\Users\user\OneDrive\Desktop\CRM\backend\node_modules\rate-limit-redis\dist\index.cjs:102:31)
    at new RedisStore (C:\Users\user\OneDrive\Desktop\CRM\backend\node_modules\rate-limit-redis\dist\index.cjs:95:36)
    at createRateLimiter (C:\Users\user\OneDrive\Desktop\CRM\backend\middleware\rateLimiter.js:12:16)
    at Object.<anonymous> (C:\Users\user\OneDrive\Desktop\CRM\backend\middleware\rateLimiter.js:65:21)
    at Module._compile (node:internal/modules/cjs/loader:1730:14)
    at Object..js (node:internal/modules/cjs/loader:1895:10)
    at Module.load (node:internal/modules/cjs/loader:1465:32)
2026-01-28 12:48:11: 2026-01-28 12:48:11 [31merror[39m: Error: The client is closed
    at Class.sendCommand (C:\Users\user\OneDrive\Desktop\CRM\backend\node_modules\@redis\client\dist\lib\client\index.js:639:35)
    at RedisStore.sendCommand (C:\Users\user\OneDrive\Desktop\CRM\backend\middleware\rateLimiter.js:13:49)
    at RedisStore.sendCommand (C:\Users\user\OneDrive\Desktop\CRM\backend\node_modules\rate-limit-redis\dist\index.cjs:85:49)
    at RedisStore.loadGetScript (C:\Users\user\OneDrive\Desktop\CRM\backend\node_modules\rate-limit-redis\dist\index.cjs:116:31)
    at new RedisStore (C:\Users\user\OneDrive\Desktop\CRM\backend\node_modules\rate-limit-redis\dist\index.cjs:96:30)
    at createRateLimiter (C:\Users\user\OneDrive\Desktop\CRM\backend\middleware\rateLimiter.js:12:16)
    at Object.<anonymous> (C:\Users\user\OneDrive\Desktop\CRM\backend\middleware\rateLimiter.js:65:21)
    at Module._compile (node:internal/modules/cjs/loader:1730:14)
    at Object..js (node:internal/modules/cjs/loader:1895:10)
    at Module.load (node:internal/modules/cjs/loader:1465:32)
2026-01-28 12:48:11: 2026-01-28 12:48:11 [31merror[39m: Error: NOAUTH Authentication required
    at #decodeSimpleError (C:\Users\user\OneDrive\Desktop\CRM\backend\node_modules\@redis\client\dist\lib\RESP\decoder.js:457:13)
    at #decodeTypeValue (C:\Users\user\OneDrive\Desktop\CRM\backend\node_modules\@redis\client\dist\lib\RESP\decoder.js:104:91)
    at Decoder.write (C:\Users\user\OneDrive\Desktop\CRM\backend\node_modules\@redis\client\dist\lib\RESP\decoder.js:74:38)
    at RedisSocket.<anonymous> (C:\Users\user\OneDrive\Desktop\CRM\backend\node_modules\@redis\client\dist\lib\client\index.js:437:37)
    at RedisSocket.emit (node:events:518:28)
    at Socket.<anonymous> (C:\Users\user\OneDrive\Desktop\CRM\backend\node_modules\@redis\client\dist\lib\client\socket.js:235:38)
    at Socket.emit (node:events:518:28)
    at addChunk (node:internal/streams/readable:561:12)
    at readableAddChunkPushByteMode (node:internal/streams/readable:512:3)
    at Readable.push (node:internal/streams/readable:392:5)
    at TCP.onStreamRead (node:internal/stream_base_commons:189:23)
2026-01-28 12:48:11: 2026-01-28 12:48:11 [31merror[39m: Error: NOAUTH Authentication required
    at #decodeSimpleError (C:\Users\user\OneDrive\Desktop\CRM\backend\node_modules\@redis\client\dist\lib\RESP\decoder.js:457:13)
    at #decodeTypeValue (C:\Users\user\OneDrive\Desktop\CRM\backend\node_modules\@redis\client\dist\lib\RESP\decoder.js:104:91)
    at Decoder.write (C:\Users\user\OneDrive\Desktop\CRM\backend\node_modules\@redis\client\dist\lib\RESP\decoder.js:74:38)
    at RedisSocket.<anonymous> (C:\Users\user\OneDrive\Desktop\CRM\backend\node_modules\@redis\client\dist\lib\client\index.js:437:37)
    at RedisSocket.emit (node:events:518:28)
    at Socket.<anonymous> (C:\Users\user\OneDrive\Desktop\CRM\backend\node_modules\@redis\client\dist\lib\client\socket.js:235:38)
    at Socket.emit (node:events:518:28)
    at addChunk (node:internal/streams/readable:561:12)
    at readableAddChunkPushByteMode (node:internal/streams/readable:512:3)
    at Readable.push (node:internal/streams/readable:392:5)
    at TCP.onStreamRead (node:internal/stream_base_commons:189:23)
2026-01-28 12:48:11: 2026-01-28 12:48:11 [32minfo[39m: ✅ Redis Connected successfully
2026-01-28 12:48:11: 📡 Mongoose connected to Atlas cluster
2026-01-28 12:48:11: ✅ MongoDB Atlas connected successfully!
2026-01-28 12:48:11: ✅ Query model connected successfully
2026-01-28 12:48:22: 🔌 Socket.IO instance set successfully
2026-01-28 12:48:22: ℹ️ Huawei E173 Modem Service is disabled via ENABLE_MODEM flag
2026-01-28 12:48:22: Starting Auto-Logout Job...
2026-01-28 12:48:22: 2026-01-28 12:48:22 [31merror[39m: Error: The client is closed
    at Class.sendCommand (C:\Users\user\OneDrive\Desktop\CRM\backend\node_modules\@redis\client\dist\lib\client\index.js:639:35)
    at RedisStore.sendCommand (C:\Users\user\OneDrive\Desktop\CRM\backend\middleware\rateLimiter.js:13:49)
    at RedisStore.sendCommand (C:\Users\user\OneDrive\Desktop\CRM\backend\node_modules\rate-limit-redis\dist\index.cjs:85:49)
    at RedisStore.loadIncrementScript (C:\Users\user\OneDrive\Desktop\CRM\backend\node_modules\rate-limit-redis\dist\index.cjs:102:31)
    at new RedisStore (C:\Users\user\OneDrive\Desktop\CRM\backend\node_modules\rate-limit-redis\dist\index.cjs:95:36)
    at createRateLimiter (C:\Users\user\OneDrive\Desktop\CRM\backend\middleware\rateLimiter.js:12:16)
    at Object.<anonymous> (C:\Users\user\OneDrive\Desktop\CRM\backend\middleware\rateLimiter.js:32:21)
    at Module._compile (node:internal/modules/cjs/loader:1730:14)
    at Object..js (node:internal/modules/cjs/loader:1895:10)
    at Module.load (node:internal/modules/cjs/loader:1465:32)
2026-01-28 12:48:22: 2026-01-28 12:48:22 [31merror[39m: Error: The client is closed
    at Class.sendCommand (C:\Users\user\OneDrive\Desktop\CRM\backend\node_modules\@redis\client\dist\lib\client\index.js:639:35)
    at RedisStore.sendCommand (C:\Users\user\OneDrive\Desktop\CRM\backend\middleware\rateLimiter.js:13:49)
    at RedisStore.sendCommand (C:\Users\user\OneDrive\Desktop\CRM\backend\node_modules\rate-limit-redis\dist\index.cjs:85:49)
    at RedisStore.loadGetScript (C:\Users\user\OneDrive\Desktop\CRM\backend\node_modules\rate-limit-redis\dist\index.cjs:116:31)
    at new RedisStore (C:\Users\user\OneDrive\Desktop\CRM\backend\node_modules\rate-limit-redis\dist\index.cjs:96:30)
    at createRateLimiter (C:\Users\user\OneDrive\Desktop\CRM\backend\middleware\rateLimiter.js:12:16)
    at Object.<anonymous> (C:\Users\user\OneDrive\Desktop\CRM\backend\middleware\rateLimiter.js:32:21)
    at Module._compile (node:internal/modules/cjs/loader:1730:14)
    at Object..js (node:internal/modules/cjs/loader:1895:10)
    at Module.load (node:internal/modules/cjs/loader:1465:32)
2026-01-28 12:48:22: 2026-01-28 12:48:22 [31merror[39m: Error: The client is closed
    at Class.sendCommand (C:\Users\user\OneDrive\Desktop\CRM\backend\node_modules\@redis\client\dist\lib\client\index.js:639:35)
    at RedisStore.sendCommand (C:\Users\user\OneDrive\Desktop\CRM\backend\middleware\rateLimiter.js:13:49)
    at RedisStore.sendCommand (C:\Users\user\OneDrive\Desktop\CRM\backend\node_modules\rate-limit-redis\dist\index.cjs:85:49)
    at RedisStore.loadIncrementScript (C:\Users\user\OneDrive\Desktop\CRM\backend\node_modules\rate-limit-redis\dist\index.cjs:102:31)
    at new RedisStore (C:\Users\user\OneDrive\Desktop\CRM\backend\node_modules\rate-limit-redis\dist\index.cjs:95:36)
    at createRateLimiter (C:\Users\user\OneDrive\Desktop\CRM\backend\middleware\rateLimiter.js:12:16)
    at Object.<anonymous> (C:\Users\user\OneDrive\Desktop\CRM\backend\middleware\rateLimiter.js:41:20)
    at Module._compile (node:internal/modules/cjs/loader:1730:14)
    at Object..js (node:internal/modules/cjs/loader:1895:10)
    at Module.load (node:internal/modules/cjs/loader:1465:32)
2026-01-28 12:48:22: 2026-01-28 12:48:22 [31merror[39m: Error: The client is closed
    at Class.sendCommand (C:\Users\user\OneDrive\Desktop\CRM\backend\node_modules\@redis\client\dist\lib\client\index.js:639:35)
    at RedisStore.sendCommand (C:\Users\user\OneDrive\Desktop\CRM\backend\middleware\rateLimiter.js:13:49)
    at RedisStore.sendCommand (C:\Users\user\OneDrive\Desktop\CRM\backend\node_modules\rate-limit-redis\dist\index.cjs:85:49)
    at RedisStore.loadGetScript (C:\Users\user\OneDrive\Desktop\CRM\backend\node_modules\rate-limit-redis\dist\index.cjs:116:31)
    at new RedisStore (C:\Users\user\OneDrive\Desktop\CRM\backend\node_modules\rate-limit-redis\dist\index.cjs:96:30)
    at createRateLimiter (C:\Users\user\OneDrive\Desktop\CRM\backend\middleware\rateLimiter.js:12:16)
    at Object.<anonymous> (C:\Users\user\OneDrive\Desktop\CRM\backend\middleware\rateLimiter.js:41:20)
    at Module._compile (node:internal/modules/cjs/loader:1730:14)
    at Object..js (node:internal/modules/cjs/loader:1895:10)
    at Module.load (node:internal/modules/cjs/loader:1465:32)
2026-01-28 12:48:22: 2026-01-28 12:48:22 [31merror[39m: Error: The client is closed
    at Class.sendCommand (C:\Users\user\OneDrive\Desktop\CRM\backend\node_modules\@redis\client\dist\lib\client\index.js:639:35)
    at RedisStore.sendCommand (C:\Users\user\OneDrive\Desktop\CRM\backend\middleware\rateLimiter.js:13:49)
    at RedisStore.sendCommand (C:\Users\user\OneDrive\Desktop\CRM\backend\node_modules\rate-limit-redis\dist\index.cjs:85:49)
    at RedisStore.loadIncrementScript (C:\Users\user\OneDrive\Desktop\CRM\backend\node_modules\rate-limit-redis\dist\index.cjs:102:31)
    at new RedisStore (C:\Users\user\OneDrive\Desktop\CRM\backend\node_modules\rate-limit-redis\dist\index.cjs:95:36)
    at createRateLimiter (C:\Users\user\OneDrive\Desktop\CRM\backend\middleware\rateLimiter.js:12:16)
    at Object.<anonymous> (C:\Users\user\OneDrive\Desktop\CRM\backend\middleware\rateLimiter.js:49:23)
    at Module._compile (node:internal/modules/cjs/loader:1730:14)
    at Object..js (node:internal/modules/cjs/loader:1895:10)
    at Module.load (node:internal/modules/cjs/loader:1465:32)
2026-01-28 12:48:22: 2026-01-28 12:48:22 [31merror[39m: Error: The client is closed
    at Class.sendCommand (C:\Users\user\OneDrive\Desktop\CRM\backend\node_modules\@redis\client\dist\lib\client\index.js:639:35)
    at RedisStore.sendCommand (C:\Users\user\OneDrive\Desktop\CRM\backend\middleware\rateLimiter.js:13:49)
    at RedisStore.sendCommand (C:\Users\user\OneDrive\Desktop\CRM\backend\node_modules\rate-limit-redis\dist\index.cjs:85:49)
    at RedisStore.loadGetScript (C:\Users\user\OneDrive\Desktop\CRM\backend\node_modules\rate-limit-redis\dist\index.cjs:116:31)
    at new RedisStore (C:\Users\user\OneDrive\Desktop\CRM\backend\node_modules\rate-limit-redis\dist\index.cjs:96:30)
    at createRateLimiter (C:\Users\user\OneDrive\Desktop\CRM\backend\middleware\rateLimiter.js:12:16)
    at Object.<anonymous> (C:\Users\user\OneDrive\Desktop\CRM\backend\middleware\rateLimiter.js:49:23)
    at Module._compile (node:internal/modules/cjs/loader:1730:14)
    at Object..js (node:internal/modules/cjs/loader:1895:10)
    at Module.load (node:internal/modules/cjs/loader:1465:32)
2026-01-28 12:48:22: 2026-01-28 12:48:22 [31merror[39m: Error: The client is closed
    at Class.sendCommand (C:\Users\user\OneDrive\Desktop\CRM\backend\node_modules\@redis\client\dist\lib\client\index.js:639:35)
    at RedisStore.sendCommand (C:\Users\user\OneDrive\Desktop\CRM\backend\middleware\rateLimiter.js:13:49)
    at RedisStore.sendCommand (C:\Users\user\OneDrive\Desktop\CRM\backend\node_modules\rate-limit-redis\dist\index.cjs:85:49)
    at RedisStore.loadIncrementScript (C:\Users\user\OneDrive\Desktop\CRM\backend\node_modules\rate-limit-redis\dist\index.cjs:102:31)
    at new RedisStore (C:\Users\user\OneDrive\Desktop\CRM\backend\node_modules\rate-limit-redis\dist\index.cjs:95:36)
    at createRateLimiter (C:\Users\user\OneDrive\Desktop\CRM\backend\middleware\rateLimiter.js:12:16)
    at Object.<anonymous> (C:\Users\user\OneDrive\Desktop\CRM\backend\middleware\rateLimiter.js:57:25)
    at Module._compile (node:internal/modules/cjs/loader:1730:14)
    at Object..js (node:internal/modules/cjs/loader:1895:10)
    at Module.load (node:internal/modules/cjs/loader:1465:32)
2026-01-28 12:48:22: 2026-01-28 12:48:22 [31merror[39m: Error: The client is closed
    at Class.sendCommand (C:\Users\user\OneDrive\Desktop\CRM\backend\node_modules\@redis\client\dist\lib\client\index.js:639:35)
    at RedisStore.sendCommand (C:\Users\user\OneDrive\Desktop\CRM\backend\middleware\rateLimiter.js:13:49)
    at RedisStore.sendCommand (C:\Users\user\OneDrive\Desktop\CRM\backend\node_modules\rate-limit-redis\dist\index.cjs:85:49)
    at RedisStore.loadGetScript (C:\Users\user\OneDrive\Desktop\CRM\backend\node_modules\rate-limit-redis\dist\index.cjs:116:31)
    at new RedisStore (C:\Users\user\OneDrive\Desktop\CRM\backend\node_modules\rate-limit-redis\dist\index.cjs:96:30)
    at createRateLimiter (C:\Users\user\OneDrive\Desktop\CRM\backend\middleware\rateLimiter.js:12:16)
    at Object.<anonymous> (C:\Users\user\OneDrive\Desktop\CRM\backend\middleware\rateLimiter.js:57:25)
    at Module._compile (node:internal/modules/cjs/loader:1730:14)
    at Object..js (node:internal/modules/cjs/loader:1895:10)
    at Module.load (node:internal/modules/cjs/loader:1465:32)
2026-01-28 12:48:23: 2026-01-28 12:48:23 [31merror[39m: Error: The client is closed
    at Class.sendCommand (C:\Users\user\OneDrive\Desktop\CRM\backend\node_modules\@redis\client\dist\lib\client\index.js:639:35)
    at RedisStore.sendCommand (C:\Users\user\OneDrive\Desktop\CRM\backend\middleware\rateLimiter.js:13:49)
    at RedisStore.sendCommand (C:\Users\user\OneDrive\Desktop\CRM\backend\node_modules\rate-limit-redis\dist\index.cjs:85:49)
    at RedisStore.loadIncrementScript (C:\Users\user\OneDrive\Desktop\CRM\backend\node_modules\rate-limit-redis\dist\index.cjs:102:31)
    at new RedisStore (C:\Users\user\OneDrive\Desktop\CRM\backend\node_modules\rate-limit-redis\dist\index.cjs:95:36)
    at createRateLimiter (C:\Users\user\OneDrive\Desktop\CRM\backend\middleware\rateLimiter.js:12:16)
    at Object.<anonymous> (C:\Users\user\OneDrive\Desktop\CRM\backend\middleware\rateLimiter.js:65:21)
    at Module._compile (node:internal/modules/cjs/loader:1730:14)
    at Object..js (node:internal/modules/cjs/loader:1895:10)
    at Module.load (node:internal/modules/cjs/loader:1465:32)
2026-01-28 12:48:23: 2026-01-28 12:48:23 [31merror[39m: Error: The client is closed
    at Class.sendCommand (C:\Users\user\OneDrive\Desktop\CRM\backend\node_modules\@redis\client\dist\lib\client\index.js:639:35)
    at RedisStore.sendCommand (C:\Users\user\OneDrive\Desktop\CRM\backend\middleware\rateLimiter.js:13:49)
    at RedisStore.sendCommand (C:\Users\user\OneDrive\Desktop\CRM\backend\node_modules\rate-limit-redis\dist\index.cjs:85:49)
    at RedisStore.loadGetScript (C:\Users\user\OneDrive\Desktop\CRM\backend\node_modules\rate-limit-redis\dist\index.cjs:116:31)
    at new RedisStore (C:\Users\user\OneDrive\Desktop\CRM\backend\node_modules\rate-limit-redis\dist\index.cjs:96:30)
    at createRateLimiter (C:\Users\user\OneDrive\Desktop\CRM\backend\middleware\rateLimiter.js:12:16)
    at Object.<anonymous> (C:\Users\user\OneDrive\Desktop\CRM\backend\middleware\rateLimiter.js:65:21)
    at Module._compile (node:internal/modules/cjs/loader:1730:14)
    at Object..js (node:internal/modules/cjs/loader:1895:10)
    at Module.load (node:internal/modules/cjs/loader:1465:32)
2026-01-28 12:48:23: 2026-01-28 12:48:23 [31merror[39m: Error: NOAUTH Authentication required
    at #decodeSimpleError (C:\Users\user\OneDrive\Desktop\CRM\backend\node_modules\@redis\client\dist\lib\RESP\decoder.js:457:13)
    at #decodeTypeValue (C:\Users\user\OneDrive\Desktop\CRM\backend\node_modules\@redis\client\dist\lib\RESP\decoder.js:104:91)
    at Decoder.write (C:\Users\user\OneDrive\Desktop\CRM\backend\node_modules\@redis\client\dist\lib\RESP\decoder.js:74:38)
    at RedisSocket.<anonymous> (C:\Users\user\OneDrive\Desktop\CRM\backend\node_modules\@redis\client\dist\lib\client\index.js:437:37)
    at RedisSocket.emit (node:events:518:28)
    at Socket.<anonymous> (C:\Users\user\OneDrive\Desktop\CRM\backend\node_modules\@redis\client\dist\lib\client\socket.js:235:38)
    at Socket.emit (node:events:518:28)
    at addChunk (node:internal/streams/readable:561:12)
    at readableAddChunkPushByteMode (node:internal/streams/readable:512:3)
    at Readable.push (node:internal/streams/readable:392:5)
    at TCP.onStreamRead (node:internal/stream_base_commons:189:23)
2026-01-28 12:48:23: 2026-01-28 12:48:23 [31merror[39m: Error: NOAUTH Authentication required
    at #decodeSimpleError (C:\Users\user\OneDrive\Desktop\CRM\backend\node_modules\@redis\client\dist\lib\RESP\decoder.js:457:13)
    at #decodeTypeValue (C:\Users\user\OneDrive\Desktop\CRM\backend\node_modules\@redis\client\dist\lib\RESP\decoder.js:104:91)
    at Decoder.write (C:\Users\user\OneDrive\Desktop\CRM\backend\node_modules\@redis\client\dist\lib\RESP\decoder.js:74:38)
    at RedisSocket.<anonymous> (C:\Users\user\OneDrive\Desktop\CRM\backend\node_modules\@redis\client\dist\lib\client\index.js:437:37)
    at RedisSocket.emit (node:events:518:28)
    at Socket.<anonymous> (C:\Users\user\OneDrive\Desktop\CRM\backend\node_modules\@redis\client\dist\lib\client\socket.js:235:38)
    at Socket.emit (node:events:518:28)
    at addChunk (node:internal/streams/readable:561:12)
    at readableAddChunkPushByteMode (node:internal/streams/readable:512:3)
    at Readable.push (node:internal/streams/readable:392:5)
    at TCP.onStreamRead (node:internal/stream_base_commons:189:23)
2026-01-28 12:48:23: 2026-01-28 12:48:23 [32minfo[39m: ✅ Redis Connected successfully
2026-01-28 12:48:23: 📡 Mongoose connected to Atlas cluster
2026-01-28 12:48:23: ✅ MongoDB Atlas connected successfully!
2026-01-28 12:48:23: ✅ Query model connected successfully
2026-01-28 12:48:35: 🔌 Socket.IO instance set successfully
2026-01-28 12:48:35: ℹ️ Huawei E173 Modem Service is disabled via ENABLE_MODEM flag
2026-01-28 12:48:35: Starting Auto-Logout Job...
2026-01-28 12:48:35: 2026-01-28 12:48:35 [31merror[39m: Error: The client is closed
    at Class.sendCommand (C:\Users\user\OneDrive\Desktop\CRM\backend\node_modules\@redis\client\dist\lib\client\index.js:639:35)
    at RedisStore.sendCommand (C:\Users\user\OneDrive\Desktop\CRM\backend\middleware\rateLimiter.js:13:49)
    at RedisStore.sendCommand (C:\Users\user\OneDrive\Desktop\CRM\backend\node_modules\rate-limit-redis\dist\index.cjs:85:49)
    at RedisStore.loadIncrementScript (C:\Users\user\OneDrive\Desktop\CRM\backend\node_modules\rate-limit-redis\dist\index.cjs:102:31)
    at new RedisStore (C:\Users\user\OneDrive\Desktop\CRM\backend\node_modules\rate-limit-redis\dist\index.cjs:95:36)
    at createRateLimiter (C:\Users\user\OneDrive\Desktop\CRM\backend\middleware\rateLimiter.js:12:16)
    at Object.<anonymous> (C:\Users\user\OneDrive\Desktop\CRM\backend\middleware\rateLimiter.js:32:21)
    at Module._compile (node:internal/modules/cjs/loader:1730:14)
    at Object..js (node:internal/modules/cjs/loader:1895:10)
    at Module.load (node:internal/modules/cjs/loader:1465:32)
2026-01-28 12:48:35: 2026-01-28 12:48:35 [31merror[39m: Error: The client is closed
    at Class.sendCommand (C:\Users\user\OneDrive\Desktop\CRM\backend\node_modules\@redis\client\dist\lib\client\index.js:639:35)
    at RedisStore.sendCommand (C:\Users\user\OneDrive\Desktop\CRM\backend\middleware\rateLimiter.js:13:49)
    at RedisStore.sendCommand (C:\Users\user\OneDrive\Desktop\CRM\backend\node_modules\rate-limit-redis\dist\index.cjs:85:49)
    at RedisStore.loadGetScript (C:\Users\user\OneDrive\Desktop\CRM\backend\node_modules\rate-limit-redis\dist\index.cjs:116:31)
    at new RedisStore (C:\Users\user\OneDrive\Desktop\CRM\backend\node_modules\rate-limit-redis\dist\index.cjs:96:30)
    at createRateLimiter (C:\Users\user\OneDrive\Desktop\CRM\backend\middleware\rateLimiter.js:12:16)
    at Object.<anonymous> (C:\Users\user\OneDrive\Desktop\CRM\backend\middleware\rateLimiter.js:32:21)
    at Module._compile (node:internal/modules/cjs/loader:1730:14)
    at Object..js (node:internal/modules/cjs/loader:1895:10)
    at Module.load (node:internal/modules/cjs/loader:1465:32)
2026-01-28 12:48:35: 2026-01-28 12:48:35 [31merror[39m: Error: The client is closed
    at Class.sendCommand (C:\Users\user\OneDrive\Desktop\CRM\backend\node_modules\@redis\client\dist\lib\client\index.js:639:35)
    at RedisStore.sendCommand (C:\Users\user\OneDrive\Desktop\CRM\backend\middleware\rateLimiter.js:13:49)
    at RedisStore.sendCommand (C:\Users\user\OneDrive\Desktop\CRM\backend\node_modules\rate-limit-redis\dist\index.cjs:85:49)
    at RedisStore.loadIncrementScript (C:\Users\user\OneDrive\Desktop\CRM\backend\node_modules\rate-limit-redis\dist\index.cjs:102:31)
    at new RedisStore (C:\Users\user\OneDrive\Desktop\CRM\backend\node_modules\rate-limit-redis\dist\index.cjs:95:36)
    at createRateLimiter (C:\Users\user\OneDrive\Desktop\CRM\backend\middleware\rateLimiter.js:12:16)
    at Object.<anonymous> (C:\Users\user\OneDrive\Desktop\CRM\backend\middleware\rateLimiter.js:41:20)
    at Module._compile (node:internal/modules/cjs/loader:1730:14)
    at Object..js (node:internal/modules/cjs/loader:1895:10)
    at Module.load (node:internal/modules/cjs/loader:1465:32)
2026-01-28 12:48:35: 2026-01-28 12:48:35 [31merror[39m: Error: The client is closed
    at Class.sendCommand (C:\Users\user\OneDrive\Desktop\CRM\backend\node_modules\@redis\client\dist\lib\client\index.js:639:35)
    at RedisStore.sendCommand (C:\Users\user\OneDrive\Desktop\CRM\backend\middleware\rateLimiter.js:13:49)
    at RedisStore.sendCommand (C:\Users\user\OneDrive\Desktop\CRM\backend\node_modules\rate-limit-redis\dist\index.cjs:85:49)
    at RedisStore.loadGetScript (C:\Users\user\OneDrive\Desktop\CRM\backend\node_modules\rate-limit-redis\dist\index.cjs:116:31)
    at new RedisStore (C:\Users\user\OneDrive\Desktop\CRM\backend\node_modules\rate-limit-redis\dist\index.cjs:96:30)
    at createRateLimiter (C:\Users\user\OneDrive\Desktop\CRM\backend\middleware\rateLimiter.js:12:16)
    at Object.<anonymous> (C:\Users\user\OneDrive\Desktop\CRM\backend\middleware\rateLimiter.js:41:20)
    at Module._compile (node:internal/modules/cjs/loader:1730:14)
    at Object..js (node:internal/modules/cjs/loader:1895:10)
    at Module.load (node:internal/modules/cjs/loader:1465:32)
2026-01-28 12:48:35: 2026-01-28 12:48:35 [31merror[39m: Error: The client is closed
    at Class.sendCommand (C:\Users\user\OneDrive\Desktop\CRM\backend\node_modules\@redis\client\dist\lib\client\index.js:639:35)
    at RedisStore.sendCommand (C:\Users\user\OneDrive\Desktop\CRM\backend\middleware\rateLimiter.js:13:49)
    at RedisStore.sendCommand (C:\Users\user\OneDrive\Desktop\CRM\backend\node_modules\rate-limit-redis\dist\index.cjs:85:49)
    at RedisStore.loadIncrementScript (C:\Users\user\OneDrive\Desktop\CRM\backend\node_modules\rate-limit-redis\dist\index.cjs:102:31)
    at new RedisStore (C:\Users\user\OneDrive\Desktop\CRM\backend\node_modules\rate-limit-redis\dist\index.cjs:95:36)
    at createRateLimiter (C:\Users\user\OneDrive\Desktop\CRM\backend\middleware\rateLimiter.js:12:16)
    at Object.<anonymous> (C:\Users\user\OneDrive\Desktop\CRM\backend\middleware\rateLimiter.js:49:23)
    at Module._compile (node:internal/modules/cjs/loader:1730:14)
    at Object..js (node:internal/modules/cjs/loader:1895:10)
    at Module.load (node:internal/modules/cjs/loader:1465:32)
2026-01-28 12:48:35: 2026-01-28 12:48:35 [31merror[39m: Error: The client is closed
    at Class.sendCommand (C:\Users\user\OneDrive\Desktop\CRM\backend\node_modules\@redis\client\dist\lib\client\index.js:639:35)
    at RedisStore.sendCommand (C:\Users\user\OneDrive\Desktop\CRM\backend\middleware\rateLimiter.js:13:49)
    at RedisStore.sendCommand (C:\Users\user\OneDrive\Desktop\CRM\backend\node_modules\rate-limit-redis\dist\index.cjs:85:49)
    at RedisStore.loadGetScript (C:\Users\user\OneDrive\Desktop\CRM\backend\node_modules\rate-limit-redis\dist\index.cjs:116:31)
    at new RedisStore (C:\Users\user\OneDrive\Desktop\CRM\backend\node_modules\rate-limit-redis\dist\index.cjs:96:30)
    at createRateLimiter (C:\Users\user\OneDrive\Desktop\CRM\backend\middleware\rateLimiter.js:12:16)
    at Object.<anonymous> (C:\Users\user\OneDrive\Desktop\CRM\backend\middleware\rateLimiter.js:49:23)
    at Module._compile (node:internal/modules/cjs/loader:1730:14)
    at Object..js (node:internal/modules/cjs/loader:1895:10)
    at Module.load (node:internal/modules/cjs/loader:1465:32)
2026-01-28 12:48:35: 2026-01-28 12:48:35 [31merror[39m: Error: The client is closed
    at Class.sendCommand (C:\Users\user\OneDrive\Desktop\CRM\backend\node_modules\@redis\client\dist\lib\client\index.js:639:35)
    at RedisStore.sendCommand (C:\Users\user\OneDrive\Desktop\CRM\backend\middleware\rateLimiter.js:13:49)
    at RedisStore.sendCommand (C:\Users\user\OneDrive\Desktop\CRM\backend\node_modules\rate-limit-redis\dist\index.cjs:85:49)
    at RedisStore.loadIncrementScript (C:\Users\user\OneDrive\Desktop\CRM\backend\node_modules\rate-limit-redis\dist\index.cjs:102:31)
    at new RedisStore (C:\Users\user\OneDrive\Desktop\CRM\backend\node_modules\rate-limit-redis\dist\index.cjs:95:36)
    at createRateLimiter (C:\Users\user\OneDrive\Desktop\CRM\backend\middleware\rateLimiter.js:12:16)
    at Object.<anonymous> (C:\Users\user\OneDrive\Desktop\CRM\backend\middleware\rateLimiter.js:57:25)
    at Module._compile (node:internal/modules/cjs/loader:1730:14)
    at Object..js (node:internal/modules/cjs/loader:1895:10)
    at Module.load (node:internal/modules/cjs/loader:1465:32)
2026-01-28 12:48:35: 2026-01-28 12:48:35 [31merror[39m: Error: The client is closed
    at Class.sendCommand (C:\Users\user\OneDrive\Desktop\CRM\backend\node_modules\@redis\client\dist\lib\client\index.js:639:35)
    at RedisStore.sendCommand (C:\Users\user\OneDrive\Desktop\CRM\backend\middleware\rateLimiter.js:13:49)
    at RedisStore.sendCommand (C:\Users\user\OneDrive\Desktop\CRM\backend\node_modules\rate-limit-redis\dist\index.cjs:85:49)
    at RedisStore.loadGetScript (C:\Users\user\OneDrive\Desktop\CRM\backend\node_modules\rate-limit-redis\dist\index.cjs:116:31)
    at new RedisStore (C:\Users\user\OneDrive\Desktop\CRM\backend\node_modules\rate-limit-redis\dist\index.cjs:96:30)
    at createRateLimiter (C:\Users\user\OneDrive\Desktop\CRM\backend\middleware\rateLimiter.js:12:16)
    at Object.<anonymous> (C:\Users\user\OneDrive\Desktop\CRM\backend\middleware\rateLimiter.js:57:25)
    at Module._compile (node:internal/modules/cjs/loader:1730:14)
    at Object..js (node:internal/modules/cjs/loader:1895:10)
    at Module.load (node:internal/modules/cjs/loader:1465:32)
2026-01-28 12:48:35: 2026-01-28 12:48:35 [31merror[39m: Error: The client is closed
    at Class.sendCommand (C:\Users\user\OneDrive\Desktop\CRM\backend\node_modules\@redis\client\dist\lib\client\index.js:639:35)
    at RedisStore.sendCommand (C:\Users\user\OneDrive\Desktop\CRM\backend\middleware\rateLimiter.js:13:49)
    at RedisStore.sendCommand (C:\Users\user\OneDrive\Desktop\CRM\backend\node_modules\rate-limit-redis\dist\index.cjs:85:49)
    at RedisStore.loadIncrementScript (C:\Users\user\OneDrive\Desktop\CRM\backend\node_modules\rate-limit-redis\dist\index.cjs:102:31)
    at new RedisStore (C:\Users\user\OneDrive\Desktop\CRM\backend\node_modules\rate-limit-redis\dist\index.cjs:95:36)
    at createRateLimiter (C:\Users\user\OneDrive\Desktop\CRM\backend\middleware\rateLimiter.js:12:16)
    at Object.<anonymous> (C:\Users\user\OneDrive\Desktop\CRM\backend\middleware\rateLimiter.js:65:21)
    at Module._compile (node:internal/modules/cjs/loader:1730:14)
    at Object..js (node:internal/modules/cjs/loader:1895:10)
    at Module.load (node:internal/modules/cjs/loader:1465:32)
2026-01-28 12:48:35: 2026-01-28 12:48:35 [31merror[39m: Error: The client is closed
    at Class.sendCommand (C:\Users\user\OneDrive\Desktop\CRM\backend\node_modules\@redis\client\dist\lib\client\index.js:639:35)
    at RedisStore.sendCommand (C:\Users\user\OneDrive\Desktop\CRM\backend\middleware\rateLimiter.js:13:49)
    at RedisStore.sendCommand (C:\Users\user\OneDrive\Desktop\CRM\backend\node_modules\rate-limit-redis\dist\index.cjs:85:49)
    at RedisStore.loadGetScript (C:\Users\user\OneDrive\Desktop\CRM\backend\node_modules\rate-limit-redis\dist\index.cjs:116:31)
    at new RedisStore (C:\Users\user\OneDrive\Desktop\CRM\backend\node_modules\rate-limit-redis\dist\index.cjs:96:30)
    at createRateLimiter (C:\Users\user\OneDrive\Desktop\CRM\backend\middleware\rateLimiter.js:12:16)
    at Object.<anonymous> (C:\Users\user\OneDrive\Desktop\CRM\backend\middleware\rateLimiter.js:65:21)
    at Module._compile (node:internal/modules/cjs/loader:1730:14)
    at Object..js (node:internal/modules/cjs/loader:1895:10)
    at Module.load (node:internal/modules/cjs/loader:1465:32)
2026-01-28 12:48:35: 2026-01-28 12:48:35 [32minfo[39m: ✅ Redis Connected successfully
2026-01-28 12:48:35: 2026-01-28 12:48:35 [31merror[39m: Error: NOAUTH Authentication required
    at #decodeSimpleError (C:\Users\user\OneDrive\Desktop\CRM\backend\node_modules\@redis\client\dist\lib\RESP\decoder.js:457:13)
    at #decodeTypeValue (C:\Users\user\OneDrive\Desktop\CRM\backend\node_modules\@redis\client\dist\lib\RESP\decoder.js:104:91)
    at Decoder.write (C:\Users\user\OneDrive\Desktop\CRM\backend\node_modules\@redis\client\dist\lib\RESP\decoder.js:74:38)
    at RedisSocket.<anonymous> (C:\Users\user\OneDrive\Desktop\CRM\backend\node_modules\@redis\client\dist\lib\client\index.js:437:37)
    at RedisSocket.emit (node:events:518:28)
    at Socket.<anonymous> (C:\Users\user\OneDrive\Desktop\CRM\backend\node_modules\@redis\client\dist\lib\client\socket.js:235:38)
    at Socket.emit (node:events:518:28)
    at addChunk (node:internal/streams/readable:561:12)
    at readableAddChunkPushByteMode (node:internal/streams/readable:512:3)
    at Readable.push (node:internal/streams/readable:392:5)
    at TCP.onStreamRead (node:internal/stream_base_commons:189:23)
2026-01-28 12:48:35: 2026-01-28 12:48:35 [31merror[39m: Error: NOAUTH Authentication required
    at #decodeSimpleError (C:\Users\user\OneDrive\Desktop\CRM\backend\node_modules\@redis\client\dist\lib\RESP\decoder.js:457:13)
    at #decodeTypeValue (C:\Users\user\OneDrive\Desktop\CRM\backend\node_modules\@redis\client\dist\lib\RESP\decoder.js:104:91)
    at Decoder.write (C:\Users\user\OneDrive\Desktop\CRM\backend\node_modules\@redis\client\dist\lib\RESP\decoder.js:74:38)
    at RedisSocket.<anonymous> (C:\Users\user\OneDrive\Desktop\CRM\backend\node_modules\@redis\client\dist\lib\client\index.js:437:37)
    at RedisSocket.emit (node:events:518:28)
    at Socket.<anonymous> (C:\Users\user\OneDrive\Desktop\CRM\backend\node_modules\@redis\client\dist\lib\client\socket.js:235:38)
    at Socket.emit (node:events:518:28)
    at addChunk (node:internal/streams/readable:561:12)
    at readableAddChunkPushByteMode (node:internal/streams/readable:512:3)
    at Readable.push (node:internal/streams/readable:392:5)
    at TCP.onStreamRead (node:internal/stream_base_commons:189:23)
2026-01-28 12:48:36: 📡 Mongoose connected to Atlas cluster
2026-01-28 12:48:36: ✅ MongoDB Atlas connected successfully!
2026-01-28 12:48:36: ✅ Query model connected successfully
2026-01-28 12:48:45: 🔌 Socket.IO instance set successfully
2026-01-28 12:48:45: ℹ️ Huawei E173 Modem Service is disabled via ENABLE_MODEM flag
2026-01-28 12:48:45: Starting Auto-Logout Job...
2026-01-28 12:48:45: 2026-01-28 12:48:45 [31merror[39m: Error: The client is closed
    at Class.sendCommand (C:\Users\user\OneDrive\Desktop\CRM\backend\node_modules\@redis\client\dist\lib\client\index.js:639:35)
    at RedisStore.sendCommand (C:\Users\user\OneDrive\Desktop\CRM\backend\middleware\rateLimiter.js:13:49)
    at RedisStore.sendCommand (C:\Users\user\OneDrive\Desktop\CRM\backend\node_modules\rate-limit-redis\dist\index.cjs:85:49)
    at RedisStore.loadIncrementScript (C:\Users\user\OneDrive\Desktop\CRM\backend\node_modules\rate-limit-redis\dist\index.cjs:102:31)
    at new RedisStore (C:\Users\user\OneDrive\Desktop\CRM\backend\node_modules\rate-limit-redis\dist\index.cjs:95:36)
    at createRateLimiter (C:\Users\user\OneDrive\Desktop\CRM\backend\middleware\rateLimiter.js:12:16)
    at Object.<anonymous> (C:\Users\user\OneDrive\Desktop\CRM\backend\middleware\rateLimiter.js:32:21)
    at Module._compile (node:internal/modules/cjs/loader:1730:14)
    at Object..js (node:internal/modules/cjs/loader:1895:10)
    at Module.load (node:internal/modules/cjs/loader:1465:32)
2026-01-28 12:48:45: 2026-01-28 12:48:45 [31merror[39m: Error: The client is closed
    at Class.sendCommand (C:\Users\user\OneDrive\Desktop\CRM\backend\node_modules\@redis\client\dist\lib\client\index.js:639:35)
    at RedisStore.sendCommand (C:\Users\user\OneDrive\Desktop\CRM\backend\middleware\rateLimiter.js:13:49)
    at RedisStore.sendCommand (C:\Users\user\OneDrive\Desktop\CRM\backend\node_modules\rate-limit-redis\dist\index.cjs:85:49)
    at RedisStore.loadGetScript (C:\Users\user\OneDrive\Desktop\CRM\backend\node_modules\rate-limit-redis\dist\index.cjs:116:31)
    at new RedisStore (C:\Users\user\OneDrive\Desktop\CRM\backend\node_modules\rate-limit-redis\dist\index.cjs:96:30)
    at createRateLimiter (C:\Users\user\OneDrive\Desktop\CRM\backend\middleware\rateLimiter.js:12:16)
    at Object.<anonymous> (C:\Users\user\OneDrive\Desktop\CRM\backend\middleware\rateLimiter.js:32:21)
    at Module._compile (node:internal/modules/cjs/loader:1730:14)
    at Object..js (node:internal/modules/cjs/loader:1895:10)
    at Module.load (node:internal/modules/cjs/loader:1465:32)
2026-01-28 12:48:45: 2026-01-28 12:48:45 [31merror[39m: Error: The client is closed
    at Class.sendCommand (C:\Users\user\OneDrive\Desktop\CRM\backend\node_modules\@redis\client\dist\lib\client\index.js:639:35)
    at RedisStore.sendCommand (C:\Users\user\OneDrive\Desktop\CRM\backend\middleware\rateLimiter.js:13:49)
    at RedisStore.sendCommand (C:\Users\user\OneDrive\Desktop\CRM\backend\node_modules\rate-limit-redis\dist\index.cjs:85:49)
    at RedisStore.loadIncrementScript (C:\Users\user\OneDrive\Desktop\CRM\backend\node_modules\rate-limit-redis\dist\index.cjs:102:31)
    at new RedisStore (C:\Users\user\OneDrive\Desktop\CRM\backend\node_modules\rate-limit-redis\dist\index.cjs:95:36)
    at createRateLimiter (C:\Users\user\OneDrive\Desktop\CRM\backend\middleware\rateLimiter.js:12:16)
    at Object.<anonymous> (C:\Users\user\OneDrive\Desktop\CRM\backend\middleware\rateLimiter.js:41:20)
    at Module._compile (node:internal/modules/cjs/loader:1730:14)
    at Object..js (node:internal/modules/cjs/loader:1895:10)
    at Module.load (node:internal/modules/cjs/loader:1465:32)
2026-01-28 12:48:45: 2026-01-28 12:48:45 [31merror[39m: Error: The client is closed
    at Class.sendCommand (C:\Users\user\OneDrive\Desktop\CRM\backend\node_modules\@redis\client\dist\lib\client\index.js:639:35)
    at RedisStore.sendCommand (C:\Users\user\OneDrive\Desktop\CRM\backend\middleware\rateLimiter.js:13:49)
    at RedisStore.sendCommand (C:\Users\user\OneDrive\Desktop\CRM\backend\node_modules\rate-limit-redis\dist\index.cjs:85:49)
    at RedisStore.loadGetScript (C:\Users\user\OneDrive\Desktop\CRM\backend\node_modules\rate-limit-redis\dist\index.cjs:116:31)
    at new RedisStore (C:\Users\user\OneDrive\Desktop\CRM\backend\node_modules\rate-limit-redis\dist\index.cjs:96:30)
    at createRateLimiter (C:\Users\user\OneDrive\Desktop\CRM\backend\middleware\rateLimiter.js:12:16)
    at Object.<anonymous> (C:\Users\user\OneDrive\Desktop\CRM\backend\middleware\rateLimiter.js:41:20)
    at Module._compile (node:internal/modules/cjs/loader:1730:14)
    at Object..js (node:internal/modules/cjs/loader:1895:10)
    at Module.load (node:internal/modules/cjs/loader:1465:32)
2026-01-28 12:48:45: 2026-01-28 12:48:45 [31merror[39m: Error: The client is closed
    at Class.sendCommand (C:\Users\user\OneDrive\Desktop\CRM\backend\node_modules\@redis\client\dist\lib\client\index.js:639:35)
    at RedisStore.sendCommand (C:\Users\user\OneDrive\Desktop\CRM\backend\middleware\rateLimiter.js:13:49)
    at RedisStore.sendCommand (C:\Users\user\OneDrive\Desktop\CRM\backend\node_modules\rate-limit-redis\dist\index.cjs:85:49)
    at RedisStore.loadIncrementScript (C:\Users\user\OneDrive\Desktop\CRM\backend\node_modules\rate-limit-redis\dist\index.cjs:102:31)
    at new RedisStore (C:\Users\user\OneDrive\Desktop\CRM\backend\node_modules\rate-limit-redis\dist\index.cjs:95:36)
    at createRateLimiter (C:\Users\user\OneDrive\Desktop\CRM\backend\middleware\rateLimiter.js:12:16)
    at Object.<anonymous> (C:\Users\user\OneDrive\Desktop\CRM\backend\middleware\rateLimiter.js:49:23)
    at Module._compile (node:internal/modules/cjs/loader:1730:14)
    at Object..js (node:internal/modules/cjs/loader:1895:10)
    at Module.load (node:internal/modules/cjs/loader:1465:32)
2026-01-28 12:48:45: 2026-01-28 12:48:45 [31merror[39m: Error: The client is closed
    at Class.sendCommand (C:\Users\user\OneDrive\Desktop\CRM\backend\node_modules\@redis\client\dist\lib\client\index.js:639:35)
    at RedisStore.sendCommand (C:\Users\user\OneDrive\Desktop\CRM\backend\middleware\rateLimiter.js:13:49)
    at RedisStore.sendCommand (C:\Users\user\OneDrive\Desktop\CRM\backend\node_modules\rate-limit-redis\dist\index.cjs:85:49)
    at RedisStore.loadGetScript (C:\Users\user\OneDrive\Desktop\CRM\backend\node_modules\rate-limit-redis\dist\index.cjs:116:31)
    at new RedisStore (C:\Users\user\OneDrive\Desktop\CRM\backend\node_modules\rate-limit-redis\dist\index.cjs:96:30)
    at createRateLimiter (C:\Users\user\OneDrive\Desktop\CRM\backend\middleware\rateLimiter.js:12:16)
    at Object.<anonymous> (C:\Users\user\OneDrive\Desktop\CRM\backend\middleware\rateLimiter.js:49:23)
    at Module._compile (node:internal/modules/cjs/loader:1730:14)
    at Object..js (node:internal/modules/cjs/loader:1895:10)
    at Module.load (node:internal/modules/cjs/loader:1465:32)
2026-01-28 12:48:45: 2026-01-28 12:48:45 [31merror[39m: Error: The client is closed
    at Class.sendCommand (C:\Users\user\OneDrive\Desktop\CRM\backend\node_modules\@redis\client\dist\lib\client\index.js:639:35)
    at RedisStore.sendCommand (C:\Users\user\OneDrive\Desktop\CRM\backend\middleware\rateLimiter.js:13:49)
    at RedisStore.sendCommand (C:\Users\user\OneDrive\Desktop\CRM\backend\node_modules\rate-limit-redis\dist\index.cjs:85:49)
    at RedisStore.loadIncrementScript (C:\Users\user\OneDrive\Desktop\CRM\backend\node_modules\rate-limit-redis\dist\index.cjs:102:31)
    at new RedisStore (C:\Users\user\OneDrive\Desktop\CRM\backend\node_modules\rate-limit-redis\dist\index.cjs:95:36)
    at createRateLimiter (C:\Users\user\OneDrive\Desktop\CRM\backend\middleware\rateLimiter.js:12:16)
    at Object.<anonymous> (C:\Users\user\OneDrive\Desktop\CRM\backend\middleware\rateLimiter.js:57:25)
    at Module._compile (node:internal/modules/cjs/loader:1730:14)
    at Object..js (node:internal/modules/cjs/loader:1895:10)
    at Module.load (node:internal/modules/cjs/loader:1465:32)
2026-01-28 12:48:45: 2026-01-28 12:48:45 [31merror[39m: Error: The client is closed
    at Class.sendCommand (C:\Users\user\OneDrive\Desktop\CRM\backend\node_modules\@redis\client\dist\lib\client\index.js:639:35)
    at RedisStore.sendCommand (C:\Users\user\OneDrive\Desktop\CRM\backend\middleware\rateLimiter.js:13:49)
    at RedisStore.sendCommand (C:\Users\user\OneDrive\Desktop\CRM\backend\node_modules\rate-limit-redis\dist\index.cjs:85:49)
    at RedisStore.loadGetScript (C:\Users\user\OneDrive\Desktop\CRM\backend\node_modules\rate-limit-redis\dist\index.cjs:116:31)
    at new RedisStore (C:\Users\user\OneDrive\Desktop\CRM\backend\node_modules\rate-limit-redis\dist\index.cjs:96:30)
    at createRateLimiter (C:\Users\user\OneDrive\Desktop\CRM\backend\middleware\rateLimiter.js:12:16)
    at Object.<anonymous> (C:\Users\user\OneDrive\Desktop\CRM\backend\middleware\rateLimiter.js:57:25)
    at Module._compile (node:internal/modules/cjs/loader:1730:14)
    at Object..js (node:internal/modules/cjs/loader:1895:10)
    at Module.load (node:internal/modules/cjs/loader:1465:32)
2026-01-28 12:48:45: 2026-01-28 12:48:45 [31merror[39m: Error: The client is closed
    at Class.sendCommand (C:\Users\user\OneDrive\Desktop\CRM\backend\node_modules\@redis\client\dist\lib\client\index.js:639:35)
    at RedisStore.sendCommand (C:\Users\user\OneDrive\Desktop\CRM\backend\middleware\rateLimiter.js:13:49)
    at RedisStore.sendCommand (C:\Users\user\OneDrive\Desktop\CRM\backend\node_modules\rate-limit-redis\dist\index.cjs:85:49)
    at RedisStore.loadIncrementScript (C:\Users\user\OneDrive\Desktop\CRM\backend\node_modules\rate-limit-redis\dist\index.cjs:102:31)
    at new RedisStore (C:\Users\user\OneDrive\Desktop\CRM\backend\node_modules\rate-limit-redis\dist\index.cjs:95:36)
    at createRateLimiter (C:\Users\user\OneDrive\Desktop\CRM\backend\middleware\rateLimiter.js:12:16)
    at Object.<anonymous> (C:\Users\user\OneDrive\Desktop\CRM\backend\middleware\rateLimiter.js:65:21)
    at Module._compile (node:internal/modules/cjs/loader:1730:14)
    at Object..js (node:internal/modules/cjs/loader:1895:10)
    at Module.load (node:internal/modules/cjs/loader:1465:32)
2026-01-28 12:48:45: 2026-01-28 12:48:45 [31merror[39m: Error: The client is closed
    at Class.sendCommand (C:\Users\user\OneDrive\Desktop\CRM\backend\node_modules\@redis\client\dist\lib\client\index.js:639:35)
    at RedisStore.sendCommand (C:\Users\user\OneDrive\Desktop\CRM\backend\middleware\rateLimiter.js:13:49)
    at RedisStore.sendCommand (C:\Users\user\OneDrive\Desktop\CRM\backend\node_modules\rate-limit-redis\dist\index.cjs:85:49)
    at RedisStore.loadGetScript (C:\Users\user\OneDrive\Desktop\CRM\backend\node_modules\rate-limit-redis\dist\index.cjs:116:31)
    at new RedisStore (C:\Users\user\OneDrive\Desktop\CRM\backend\node_modules\rate-limit-redis\dist\index.cjs:96:30)
    at createRateLimiter (C:\Users\user\OneDrive\Desktop\CRM\backend\middleware\rateLimiter.js:12:16)
    at Object.<anonymous> (C:\Users\user\OneDrive\Desktop\CRM\backend\middleware\rateLimiter.js:65:21)
    at Module._compile (node:internal/modules/cjs/loader:1730:14)
    at Object..js (node:internal/modules/cjs/loader:1895:10)
    at Module.load (node:internal/modules/cjs/loader:1465:32)
2026-01-28 12:48:46: 2026-01-28 12:48:46 [31merror[39m: Error: NOAUTH Authentication required
    at #decodeSimpleError (C:\Users\user\OneDrive\Desktop\CRM\backend\node_modules\@redis\client\dist\lib\RESP\decoder.js:457:13)
    at #decodeTypeValue (C:\Users\user\OneDrive\Desktop\CRM\backend\node_modules\@redis\client\dist\lib\RESP\decoder.js:104:91)
    at Decoder.write (C:\Users\user\OneDrive\Desktop\CRM\backend\node_modules\@redis\client\dist\lib\RESP\decoder.js:74:38)
    at RedisSocket.<anonymous> (C:\Users\user\OneDrive\Desktop\CRM\backend\node_modules\@redis\client\dist\lib\client\index.js:437:37)
    at RedisSocket.emit (node:events:518:28)
    at Socket.<anonymous> (C:\Users\user\OneDrive\Desktop\CRM\backend\node_modules\@redis\client\dist\lib\client\socket.js:235:38)
    at Socket.emit (node:events:518:28)
    at addChunk (node:internal/streams/readable:561:12)
    at readableAddChunkPushByteMode (node:internal/streams/readable:512:3)
    at Readable.push (node:internal/streams/readable:392:5)
    at TCP.onStreamRead (node:internal/stream_base_commons:189:23)
2026-01-28 12:48:46: 2026-01-28 12:48:46 [31merror[39m: Error: NOAUTH Authentication required
    at #decodeSimpleError (C:\Users\user\OneDrive\Desktop\CRM\backend\node_modules\@redis\client\dist\lib\RESP\decoder.js:457:13)
    at #decodeTypeValue (C:\Users\user\OneDrive\Desktop\CRM\backend\node_modules\@redis\client\dist\lib\RESP\decoder.js:104:91)
    at Decoder.write (C:\Users\user\OneDrive\Desktop\CRM\backend\node_modules\@redis\client\dist\lib\RESP\decoder.js:74:38)
    at RedisSocket.<anonymous> (C:\Users\user\OneDrive\Desktop\CRM\backend\node_modules\@redis\client\dist\lib\client\index.js:437:37)
    at RedisSocket.emit (node:events:518:28)
    at Socket.<anonymous> (C:\Users\user\OneDrive\Desktop\CRM\backend\node_modules\@redis\client\dist\lib\client\socket.js:235:38)
    at Socket.emit (node:events:518:28)
    at addChunk (node:internal/streams/readable:561:12)
    at readableAddChunkPushByteMode (node:internal/streams/readable:512:3)
    at Readable.push (node:internal/streams/readable:392:5)
    at TCP.onStreamRead (node:internal/stream_base_commons:189:23)
2026-01-28 12:48:46: 2026-01-28 12:48:46 [32minfo[39m: ✅ Redis Connected successfully
2026-01-28 12:48:46: 📡 Mongoose connected to Atlas cluster
2026-01-28 12:48:46: ✅ MongoDB Atlas connected successfully!
2026-01-28 12:48:46: ✅ Query model connected successfully
2026-01-28 12:48:55: 🔌 Socket.IO instance set successfully
2026-01-28 12:48:55: ℹ️ Huawei E173 Modem Service is disabled via ENABLE_MODEM flag
2026-01-28 12:48:55: Starting Auto-Logout Job...
2026-01-28 12:48:55: 2026-01-28 12:48:55 [31merror[39m: Error: The client is closed
    at Class.sendCommand (C:\Users\user\OneDrive\Desktop\CRM\backend\node_modules\@redis\client\dist\lib\client\index.js:639:35)
    at RedisStore.sendCommand (C:\Users\user\OneDrive\Desktop\CRM\backend\middleware\rateLimiter.js:13:49)
    at RedisStore.sendCommand (C:\Users\user\OneDrive\Desktop\CRM\backend\node_modules\rate-limit-redis\dist\index.cjs:85:49)
    at RedisStore.loadIncrementScript (C:\Users\user\OneDrive\Desktop\CRM\backend\node_modules\rate-limit-redis\dist\index.cjs:102:31)
    at new RedisStore (C:\Users\user\OneDrive\Desktop\CRM\backend\node_modules\rate-limit-redis\dist\index.cjs:95:36)
    at createRateLimiter (C:\Users\user\OneDrive\Desktop\CRM\backend\middleware\rateLimiter.js:12:16)
    at Object.<anonymous> (C:\Users\user\OneDrive\Desktop\CRM\backend\middleware\rateLimiter.js:32:21)
    at Module._compile (node:internal/modules/cjs/loader:1730:14)
    at Object..js (node:internal/modules/cjs/loader:1895:10)
    at Module.load (node:internal/modules/cjs/loader:1465:32)
2026-01-28 12:48:55: 2026-01-28 12:48:55 [31merror[39m: Error: The client is closed
    at Class.sendCommand (C:\Users\user\OneDrive\Desktop\CRM\backend\node_modules\@redis\client\dist\lib\client\index.js:639:35)
    at RedisStore.sendCommand (C:\Users\user\OneDrive\Desktop\CRM\backend\middleware\rateLimiter.js:13:49)
    at RedisStore.sendCommand (C:\Users\user\OneDrive\Desktop\CRM\backend\node_modules\rate-limit-redis\dist\index.cjs:85:49)
    at RedisStore.loadGetScript (C:\Users\user\OneDrive\Desktop\CRM\backend\node_modules\rate-limit-redis\dist\index.cjs:116:31)
    at new RedisStore (C:\Users\user\OneDrive\Desktop\CRM\backend\node_modules\rate-limit-redis\dist\index.cjs:96:30)
    at createRateLimiter (C:\Users\user\OneDrive\Desktop\CRM\backend\middleware\rateLimiter.js:12:16)
    at Object.<anonymous> (C:\Users\user\OneDrive\Desktop\CRM\backend\middleware\rateLimiter.js:32:21)
    at Module._compile (node:internal/modules/cjs/loader:1730:14)
    at Object..js (node:internal/modules/cjs/loader:1895:10)
    at Module.load (node:internal/modules/cjs/loader:1465:32)
2026-01-28 12:48:55: 2026-01-28 12:48:55 [31merror[39m: Error: The client is closed
    at Class.sendCommand (C:\Users\user\OneDrive\Desktop\CRM\backend\node_modules\@redis\client\dist\lib\client\index.js:639:35)
    at RedisStore.sendCommand (C:\Users\user\OneDrive\Desktop\CRM\backend\middleware\rateLimiter.js:13:49)
    at RedisStore.sendCommand (C:\Users\user\OneDrive\Desktop\CRM\backend\node_modules\rate-limit-redis\dist\index.cjs:85:49)
    at RedisStore.loadIncrementScript (C:\Users\user\OneDrive\Desktop\CRM\backend\node_modules\rate-limit-redis\dist\index.cjs:102:31)
    at new RedisStore (C:\Users\user\OneDrive\Desktop\CRM\backend\node_modules\rate-limit-redis\dist\index.cjs:95:36)
    at createRateLimiter (C:\Users\user\OneDrive\Desktop\CRM\backend\middleware\rateLimiter.js:12:16)
    at Object.<anonymous> (C:\Users\user\OneDrive\Desktop\CRM\backend\middleware\rateLimiter.js:41:20)
    at Module._compile (node:internal/modules/cjs/loader:1730:14)
    at Object..js (node:internal/modules/cjs/loader:1895:10)
    at Module.load (node:internal/modules/cjs/loader:1465:32)
2026-01-28 12:48:55: 2026-01-28 12:48:55 [31merror[39m: Error: The client is closed
    at Class.sendCommand (C:\Users\user\OneDrive\Desktop\CRM\backend\node_modules\@redis\client\dist\lib\client\index.js:639:35)
    at RedisStore.sendCommand (C:\Users\user\OneDrive\Desktop\CRM\backend\middleware\rateLimiter.js:13:49)
    at RedisStore.sendCommand (C:\Users\user\OneDrive\Desktop\CRM\backend\node_modules\rate-limit-redis\dist\index.cjs:85:49)
    at RedisStore.loadGetScript (C:\Users\user\OneDrive\Desktop\CRM\backend\node_modules\rate-limit-redis\dist\index.cjs:116:31)
    at new RedisStore (C:\Users\user\OneDrive\Desktop\CRM\backend\node_modules\rate-limit-redis\dist\index.cjs:96:30)
    at createRateLimiter (C:\Users\user\OneDrive\Desktop\CRM\backend\middleware\rateLimiter.js:12:16)
    at Object.<anonymous> (C:\Users\user\OneDrive\Desktop\CRM\backend\middleware\rateLimiter.js:41:20)
    at Module._compile (node:internal/modules/cjs/loader:1730:14)
    at Object..js (node:internal/modules/cjs/loader:1895:10)
    at Module.load (node:internal/modules/cjs/loader:1465:32)
2026-01-28 12:48:55: 2026-01-28 12:48:55 [31merror[39m: Error: The client is closed
    at Class.sendCommand (C:\Users\user\OneDrive\Desktop\CRM\backend\node_modules\@redis\client\dist\lib\client\index.js:639:35)
    at RedisStore.sendCommand (C:\Users\user\OneDrive\Desktop\CRM\backend\middleware\rateLimiter.js:13:49)
    at RedisStore.sendCommand (C:\Users\user\OneDrive\Desktop\CRM\backend\node_modules\rate-limit-redis\dist\index.cjs:85:49)
    at RedisStore.loadIncrementScript (C:\Users\user\OneDrive\Desktop\CRM\backend\node_modules\rate-limit-redis\dist\index.cjs:102:31)
    at new RedisStore (C:\Users\user\OneDrive\Desktop\CRM\backend\node_modules\rate-limit-redis\dist\index.cjs:95:36)
    at createRateLimiter (C:\Users\user\OneDrive\Desktop\CRM\backend\middleware\rateLimiter.js:12:16)
    at Object.<anonymous> (C:\Users\user\OneDrive\Desktop\CRM\backend\middleware\rateLimiter.js:49:23)
    at Module._compile (node:internal/modules/cjs/loader:1730:14)
    at Object..js (node:internal/modules/cjs/loader:1895:10)
    at Module.load (node:internal/modules/cjs/loader:1465:32)
2026-01-28 12:48:55: 2026-01-28 12:48:55 [31merror[39m: Error: The client is closed
    at Class.sendCommand (C:\Users\user\OneDrive\Desktop\CRM\backend\node_modules\@redis\client\dist\lib\client\index.js:639:35)
    at RedisStore.sendCommand (C:\Users\user\OneDrive\Desktop\CRM\backend\middleware\rateLimiter.js:13:49)
    at RedisStore.sendCommand (C:\Users\user\OneDrive\Desktop\CRM\backend\node_modules\rate-limit-redis\dist\index.cjs:85:49)
    at RedisStore.loadGetScript (C:\Users\user\OneDrive\Desktop\CRM\backend\node_modules\rate-limit-redis\dist\index.cjs:116:31)
    at new RedisStore (C:\Users\user\OneDrive\Desktop\CRM\backend\node_modules\rate-limit-redis\dist\index.cjs:96:30)
    at createRateLimiter (C:\Users\user\OneDrive\Desktop\CRM\backend\middleware\rateLimiter.js:12:16)
    at Object.<anonymous> (C:\Users\user\OneDrive\Desktop\CRM\backend\middleware\rateLimiter.js:49:23)
    at Module._compile (node:internal/modules/cjs/loader:1730:14)
    at Object..js (node:internal/modules/cjs/loader:1895:10)
    at Module.load (node:internal/modules/cjs/loader:1465:32)
2026-01-28 12:48:55: 2026-01-28 12:48:55 [31merror[39m: Error: The client is closed
    at Class.sendCommand (C:\Users\user\OneDrive\Desktop\CRM\backend\node_modules\@redis\client\dist\lib\client\index.js:639:35)
    at RedisStore.sendCommand (C:\Users\user\OneDrive\Desktop\CRM\backend\middleware\rateLimiter.js:13:49)
    at RedisStore.sendCommand (C:\Users\user\OneDrive\Desktop\CRM\backend\node_modules\rate-limit-redis\dist\index.cjs:85:49)
    at RedisStore.loadIncrementScript (C:\Users\user\OneDrive\Desktop\CRM\backend\node_modules\rate-limit-redis\dist\index.cjs:102:31)
    at new RedisStore (C:\Users\user\OneDrive\Desktop\CRM\backend\node_modules\rate-limit-redis\dist\index.cjs:95:36)
    at createRateLimiter (C:\Users\user\OneDrive\Desktop\CRM\backend\middleware\rateLimiter.js:12:16)
    at Object.<anonymous> (C:\Users\user\OneDrive\Desktop\CRM\backend\middleware\rateLimiter.js:57:25)
    at Module._compile (node:internal/modules/cjs/loader:1730:14)
    at Object..js (node:internal/modules/cjs/loader:1895:10)
    at Module.load (node:internal/modules/cjs/loader:1465:32)
2026-01-28 12:48:55: 2026-01-28 12:48:55 [31merror[39m: Error: The client is closed
    at Class.sendCommand (C:\Users\user\OneDrive\Desktop\CRM\backend\node_modules\@redis\client\dist\lib\client\index.js:639:35)
    at RedisStore.sendCommand (C:\Users\user\OneDrive\Desktop\CRM\backend\middleware\rateLimiter.js:13:49)
    at RedisStore.sendCommand (C:\Users\user\OneDrive\Desktop\CRM\backend\node_modules\rate-limit-redis\dist\index.cjs:85:49)
    at RedisStore.loadGetScript (C:\Users\user\OneDrive\Desktop\CRM\backend\node_modules\rate-limit-redis\dist\index.cjs:116:31)
    at new RedisStore (C:\Users\user\OneDrive\Desktop\CRM\backend\node_modules\rate-limit-redis\dist\index.cjs:96:30)
    at createRateLimiter (C:\Users\user\OneDrive\Desktop\CRM\backend\middleware\rateLimiter.js:12:16)
    at Object.<anonymous> (C:\Users\user\OneDrive\Desktop\CRM\backend\middleware\rateLimiter.js:57:25)
    at Module._compile (node:internal/modules/cjs/loader:1730:14)
    at Object..js (node:internal/modules/cjs/loader:1895:10)
    at Module.load (node:internal/modules/cjs/loader:1465:32)
2026-01-28 12:48:55: 2026-01-28 12:48:55 [31merror[39m: Error: The client is closed
    at Class.sendCommand (C:\Users\user\OneDrive\Desktop\CRM\backend\node_modules\@redis\client\dist\lib\client\index.js:639:35)
    at RedisStore.sendCommand (C:\Users\user\OneDrive\Desktop\CRM\backend\middleware\rateLimiter.js:13:49)
    at RedisStore.sendCommand (C:\Users\user\OneDrive\Desktop\CRM\backend\node_modules\rate-limit-redis\dist\index.cjs:85:49)
    at RedisStore.loadIncrementScript (C:\Users\user\OneDrive\Desktop\CRM\backend\node_modules\rate-limit-redis\dist\index.cjs:102:31)
    at new RedisStore (C:\Users\user\OneDrive\Desktop\CRM\backend\node_modules\rate-limit-redis\dist\index.cjs:95:36)
    at createRateLimiter (C:\Users\user\OneDrive\Desktop\CRM\backend\middleware\rateLimiter.js:12:16)
    at Object.<anonymous> (C:\Users\user\OneDrive\Desktop\CRM\backend\middleware\rateLimiter.js:65:21)
    at Module._compile (node:internal/modules/cjs/loader:1730:14)
    at Object..js (node:internal/modules/cjs/loader:1895:10)
    at Module.load (node:internal/modules/cjs/loader:1465:32)
2026-01-28 12:48:55: 2026-01-28 12:48:55 [31merror[39m: Error: The client is closed
    at Class.sendCommand (C:\Users\user\OneDrive\Desktop\CRM\backend\node_modules\@redis\client\dist\lib\client\index.js:639:35)
    at RedisStore.sendCommand (C:\Users\user\OneDrive\Desktop\CRM\backend\middleware\rateLimiter.js:13:49)
    at RedisStore.sendCommand (C:\Users\user\OneDrive\Desktop\CRM\backend\node_modules\rate-limit-redis\dist\index.cjs:85:49)
    at RedisStore.loadGetScript (C:\Users\user\OneDrive\Desktop\CRM\backend\node_modules\rate-limit-redis\dist\index.cjs:116:31)
    at new RedisStore (C:\Users\user\OneDrive\Desktop\CRM\backend\node_modules\rate-limit-redis\dist\index.cjs:96:30)
    at createRateLimiter (C:\Users\user\OneDrive\Desktop\CRM\backend\middleware\rateLimiter.js:12:16)
    at Object.<anonymous> (C:\Users\user\OneDrive\Desktop\CRM\backend\middleware\rateLimiter.js:65:21)
    at Module._compile (node:internal/modules/cjs/loader:1730:14)
    at Object..js (node:internal/modules/cjs/loader:1895:10)
    at Module.load (node:internal/modules/cjs/loader:1465:32)
2026-01-28 12:48:55: 2026-01-28 12:48:55 [31merror[39m: Error: NOAUTH Authentication required
    at #decodeSimpleError (C:\Users\user\OneDrive\Desktop\CRM\backend\node_modules\@redis\client\dist\lib\RESP\decoder.js:457:13)
    at #decodeTypeValue (C:\Users\user\OneDrive\Desktop\CRM\backend\node_modules\@redis\client\dist\lib\RESP\decoder.js:104:91)
    at Decoder.write (C:\Users\user\OneDrive\Desktop\CRM\backend\node_modules\@redis\client\dist\lib\RESP\decoder.js:74:38)
    at RedisSocket.<anonymous> (C:\Users\user\OneDrive\Desktop\CRM\backend\node_modules\@redis\client\dist\lib\client\index.js:437:37)
    at RedisSocket.emit (node:events:518:28)
    at Socket.<anonymous> (C:\Users\user\OneDrive\Desktop\CRM\backend\node_modules\@redis\client\dist\lib\client\socket.js:235:38)
    at Socket.emit (node:events:518:28)
    at addChunk (node:internal/streams/readable:561:12)
    at readableAddChunkPushByteMode (node:internal/streams/readable:512:3)
    at Readable.push (node:internal/streams/readable:392:5)
    at TCP.onStreamRead (node:internal/stream_base_commons:189:23)
2026-01-28 12:48:55: 2026-01-28 12:48:55 [31merror[39m: Error: NOAUTH Authentication required
    at #decodeSimpleError (C:\Users\user\OneDrive\Desktop\CRM\backend\node_modules\@redis\client\dist\lib\RESP\decoder.js:457:13)
    at #decodeTypeValue (C:\Users\user\OneDrive\Desktop\CRM\backend\node_modules\@redis\client\dist\lib\RESP\decoder.js:104:91)
    at Decoder.write (C:\Users\user\OneDrive\Desktop\CRM\backend\node_modules\@redis\client\dist\lib\RESP\decoder.js:74:38)
    at RedisSocket.<anonymous> (C:\Users\user\OneDrive\Desktop\CRM\backend\node_modules\@redis\client\dist\lib\client\index.js:437:37)
    at RedisSocket.emit (node:events:518:28)
    at Socket.<anonymous> (C:\Users\user\OneDrive\Desktop\CRM\backend\node_modules\@redis\client\dist\lib\client\socket.js:235:38)
    at Socket.emit (node:events:518:28)
    at addChunk (node:internal/streams/readable:561:12)
    at readableAddChunkPushByteMode (node:internal/streams/readable:512:3)
    at Readable.push (node:internal/streams/readable:392:5)
    at TCP.onStreamRead (node:internal/stream_base_commons:189:23)
2026-01-28 12:48:55: 2026-01-28 12:48:55 [32minfo[39m: ✅ Redis Connected successfully
2026-01-28 12:48:56: 📡 Mongoose connected to Atlas cluster
2026-01-28 12:48:56: ✅ MongoDB Atlas connected successfully!
2026-01-28 12:48:56: ✅ Query model connected successfully
2026-01-28 12:49:05: 🔌 Socket.IO instance set successfully
2026-01-28 12:49:05: ℹ️ Huawei E173 Modem Service is disabled via ENABLE_MODEM flag
2026-01-28 12:49:05: Starting Auto-Logout Job...
2026-01-28 12:49:05: 2026-01-28 12:49:05 [31merror[39m: Error: The client is closed
    at Class.sendCommand (C:\Users\user\OneDrive\Desktop\CRM\backend\node_modules\@redis\client\dist\lib\client\index.js:639:35)
    at RedisStore.sendCommand (C:\Users\user\OneDrive\Desktop\CRM\backend\middleware\rateLimiter.js:13:49)
    at RedisStore.sendCommand (C:\Users\user\OneDrive\Desktop\CRM\backend\node_modules\rate-limit-redis\dist\index.cjs:85:49)
    at RedisStore.loadIncrementScript (C:\Users\user\OneDrive\Desktop\CRM\backend\node_modules\rate-limit-redis\dist\index.cjs:102:31)
    at new RedisStore (C:\Users\user\OneDrive\Desktop\CRM\backend\node_modules\rate-limit-redis\dist\index.cjs:95:36)
    at createRateLimiter (C:\Users\user\OneDrive\Desktop\CRM\backend\middleware\rateLimiter.js:12:16)
    at Object.<anonymous> (C:\Users\user\OneDrive\Desktop\CRM\backend\middleware\rateLimiter.js:32:21)
    at Module._compile (node:internal/modules/cjs/loader:1730:14)
    at Object..js (node:internal/modules/cjs/loader:1895:10)
    at Module.load (node:internal/modules/cjs/loader:1465:32)
2026-01-28 12:49:05: 2026-01-28 12:49:05 [31merror[39m: Error: The client is closed
    at Class.sendCommand (C:\Users\user\OneDrive\Desktop\CRM\backend\node_modules\@redis\client\dist\lib\client\index.js:639:35)
    at RedisStore.sendCommand (C:\Users\user\OneDrive\Desktop\CRM\backend\middleware\rateLimiter.js:13:49)
    at RedisStore.sendCommand (C:\Users\user\OneDrive\Desktop\CRM\backend\node_modules\rate-limit-redis\dist\index.cjs:85:49)
    at RedisStore.loadGetScript (C:\Users\user\OneDrive\Desktop\CRM\backend\node_modules\rate-limit-redis\dist\index.cjs:116:31)
    at new RedisStore (C:\Users\user\OneDrive\Desktop\CRM\backend\node_modules\rate-limit-redis\dist\index.cjs:96:30)
    at createRateLimiter (C:\Users\user\OneDrive\Desktop\CRM\backend\middleware\rateLimiter.js:12:16)
    at Object.<anonymous> (C:\Users\user\OneDrive\Desktop\CRM\backend\middleware\rateLimiter.js:32:21)
    at Module._compile (node:internal/modules/cjs/loader:1730:14)
    at Object..js (node:internal/modules/cjs/loader:1895:10)
    at Module.load (node:internal/modules/cjs/loader:1465:32)
2026-01-28 12:49:05: 2026-01-28 12:49:05 [31merror[39m: Error: The client is closed
    at Class.sendCommand (C:\Users\user\OneDrive\Desktop\CRM\backend\node_modules\@redis\client\dist\lib\client\index.js:639:35)
    at RedisStore.sendCommand (C:\Users\user\OneDrive\Desktop\CRM\backend\middleware\rateLimiter.js:13:49)
    at RedisStore.sendCommand (C:\Users\user\OneDrive\Desktop\CRM\backend\node_modules\rate-limit-redis\dist\index.cjs:85:49)
    at RedisStore.loadIncrementScript (C:\Users\user\OneDrive\Desktop\CRM\backend\node_modules\rate-limit-redis\dist\index.cjs:102:31)
    at new RedisStore (C:\Users\user\OneDrive\Desktop\CRM\backend\node_modules\rate-limit-redis\dist\index.cjs:95:36)
    at createRateLimiter (C:\Users\user\OneDrive\Desktop\CRM\backend\middleware\rateLimiter.js:12:16)
    at Object.<anonymous> (C:\Users\user\OneDrive\Desktop\CRM\backend\middleware\rateLimiter.js:41:20)
    at Module._compile (node:internal/modules/cjs/loader:1730:14)
    at Object..js (node:internal/modules/cjs/loader:1895:10)
    at Module.load (node:internal/modules/cjs/loader:1465:32)
2026-01-28 12:49:05: 2026-01-28 12:49:05 [31merror[39m: Error: The client is closed
    at Class.sendCommand (C:\Users\user\OneDrive\Desktop\CRM\backend\node_modules\@redis\client\dist\lib\client\index.js:639:35)
    at RedisStore.sendCommand (C:\Users\user\OneDrive\Desktop\CRM\backend\middleware\rateLimiter.js:13:49)
    at RedisStore.sendCommand (C:\Users\user\OneDrive\Desktop\CRM\backend\node_modules\rate-limit-redis\dist\index.cjs:85:49)
    at RedisStore.loadGetScript (C:\Users\user\OneDrive\Desktop\CRM\backend\node_modules\rate-limit-redis\dist\index.cjs:116:31)
    at new RedisStore (C:\Users\user\OneDrive\Desktop\CRM\backend\node_modules\rate-limit-redis\dist\index.cjs:96:30)
    at createRateLimiter (C:\Users\user\OneDrive\Desktop\CRM\backend\middleware\rateLimiter.js:12:16)
    at Object.<anonymous> (C:\Users\user\OneDrive\Desktop\CRM\backend\middleware\rateLimiter.js:41:20)
    at Module._compile (node:internal/modules/cjs/loader:1730:14)
    at Object..js (node:internal/modules/cjs/loader:1895:10)
    at Module.load (node:internal/modules/cjs/loader:1465:32)
2026-01-28 12:49:05: 2026-01-28 12:49:05 [31merror[39m: Error: The client is closed
    at Class.sendCommand (C:\Users\user\OneDrive\Desktop\CRM\backend\node_modules\@redis\client\dist\lib\client\index.js:639:35)
    at RedisStore.sendCommand (C:\Users\user\OneDrive\Desktop\CRM\backend\middleware\rateLimiter.js:13:49)
    at RedisStore.sendCommand (C:\Users\user\OneDrive\Desktop\CRM\backend\node_modules\rate-limit-redis\dist\index.cjs:85:49)
    at RedisStore.loadIncrementScript (C:\Users\user\OneDrive\Desktop\CRM\backend\node_modules\rate-limit-redis\dist\index.cjs:102:31)
    at new RedisStore (C:\Users\user\OneDrive\Desktop\CRM\backend\node_modules\rate-limit-redis\dist\index.cjs:95:36)
    at createRateLimiter (C:\Users\user\OneDrive\Desktop\CRM\backend\middleware\rateLimiter.js:12:16)
    at Object.<anonymous> (C:\Users\user\OneDrive\Desktop\CRM\backend\middleware\rateLimiter.js:49:23)
    at Module._compile (node:internal/modules/cjs/loader:1730:14)
    at Object..js (node:internal/modules/cjs/loader:1895:10)
    at Module.load (node:internal/modules/cjs/loader:1465:32)
2026-01-28 12:49:05: 2026-01-28 12:49:05 [31merror[39m: Error: The client is closed
    at Class.sendCommand (C:\Users\user\OneDrive\Desktop\CRM\backend\node_modules\@redis\client\dist\lib\client\index.js:639:35)
    at RedisStore.sendCommand (C:\Users\user\OneDrive\Desktop\CRM\backend\middleware\rateLimiter.js:13:49)
    at RedisStore.sendCommand (C:\Users\user\OneDrive\Desktop\CRM\backend\node_modules\rate-limit-redis\dist\index.cjs:85:49)
    at RedisStore.loadGetScript (C:\Users\user\OneDrive\Desktop\CRM\backend\node_modules\rate-limit-redis\dist\index.cjs:116:31)
    at new RedisStore (C:\Users\user\OneDrive\Desktop\CRM\backend\node_modules\rate-limit-redis\dist\index.cjs:96:30)
    at createRateLimiter (C:\Users\user\OneDrive\Desktop\CRM\backend\middleware\rateLimiter.js:12:16)
    at Object.<anonymous> (C:\Users\user\OneDrive\Desktop\CRM\backend\middleware\rateLimiter.js:49:23)
    at Module._compile (node:internal/modules/cjs/loader:1730:14)
    at Object..js (node:internal/modules/cjs/loader:1895:10)
    at Module.load (node:internal/modules/cjs/loader:1465:32)
2026-01-28 12:49:05: 2026-01-28 12:49:05 [31merror[39m: Error: The client is closed
    at Class.sendCommand (C:\Users\user\OneDrive\Desktop\CRM\backend\node_modules\@redis\client\dist\lib\client\index.js:639:35)
    at RedisStore.sendCommand (C:\Users\user\OneDrive\Desktop\CRM\backend\middleware\rateLimiter.js:13:49)
    at RedisStore.sendCommand (C:\Users\user\OneDrive\Desktop\CRM\backend\node_modules\rate-limit-redis\dist\index.cjs:85:49)
    at RedisStore.loadIncrementScript (C:\Users\user\OneDrive\Desktop\CRM\backend\node_modules\rate-limit-redis\dist\index.cjs:102:31)
    at new RedisStore (C:\Users\user\OneDrive\Desktop\CRM\backend\node_modules\rate-limit-redis\dist\index.cjs:95:36)
    at createRateLimiter (C:\Users\user\OneDrive\Desktop\CRM\backend\middleware\rateLimiter.js:12:16)
    at Object.<anonymous> (C:\Users\user\OneDrive\Desktop\CRM\backend\middleware\rateLimiter.js:57:25)
    at Module._compile (node:internal/modules/cjs/loader:1730:14)
    at Object..js (node:internal/modules/cjs/loader:1895:10)
    at Module.load (node:internal/modules/cjs/loader:1465:32)
2026-01-28 12:49:05: 2026-01-28 12:49:05 [31merror[39m: Error: The client is closed
    at Class.sendCommand (C:\Users\user\OneDrive\Desktop\CRM\backend\node_modules\@redis\client\dist\lib\client\index.js:639:35)
    at RedisStore.sendCommand (C:\Users\user\OneDrive\Desktop\CRM\backend\middleware\rateLimiter.js:13:49)
    at RedisStore.sendCommand (C:\Users\user\OneDrive\Desktop\CRM\backend\node_modules\rate-limit-redis\dist\index.cjs:85:49)
    at RedisStore.loadGetScript (C:\Users\user\OneDrive\Desktop\CRM\backend\node_modules\rate-limit-redis\dist\index.cjs:116:31)
    at new RedisStore (C:\Users\user\OneDrive\Desktop\CRM\backend\node_modules\rate-limit-redis\dist\index.cjs:96:30)
    at createRateLimiter (C:\Users\user\OneDrive\Desktop\CRM\backend\middleware\rateLimiter.js:12:16)
    at Object.<anonymous> (C:\Users\user\OneDrive\Desktop\CRM\backend\middleware\rateLimiter.js:57:25)
    at Module._compile (node:internal/modules/cjs/loader:1730:14)
    at Object..js (node:internal/modules/cjs/loader:1895:10)
    at Module.load (node:internal/modules/cjs/loader:1465:32)
2026-01-28 12:49:05: 2026-01-28 12:49:05 [31merror[39m: Error: The client is closed
    at Class.sendCommand (C:\Users\user\OneDrive\Desktop\CRM\backend\node_modules\@redis\client\dist\lib\client\index.js:639:35)
    at RedisStore.sendCommand (C:\Users\user\OneDrive\Desktop\CRM\backend\middleware\rateLimiter.js:13:49)
    at RedisStore.sendCommand (C:\Users\user\OneDrive\Desktop\CRM\backend\node_modules\rate-limit-redis\dist\index.cjs:85:49)
    at RedisStore.loadIncrementScript (C:\Users\user\OneDrive\Desktop\CRM\backend\node_modules\rate-limit-redis\dist\index.cjs:102:31)
    at new RedisStore (C:\Users\user\OneDrive\Desktop\CRM\backend\node_modules\rate-limit-redis\dist\index.cjs:95:36)
    at createRateLimiter (C:\Users\user\OneDrive\Desktop\CRM\backend\middleware\rateLimiter.js:12:16)
    at Object.<anonymous> (C:\Users\user\OneDrive\Desktop\CRM\backend\middleware\rateLimiter.js:65:21)
    at Module._compile (node:internal/modules/cjs/loader:1730:14)
    at Object..js (node:internal/modules/cjs/loader:1895:10)
    at Module.load (node:internal/modules/cjs/loader:1465:32)
2026-01-28 12:49:05: 2026-01-28 12:49:05 [31merror[39m: Error: The client is closed
    at Class.sendCommand (C:\Users\user\OneDrive\Desktop\CRM\backend\node_modules\@redis\client\dist\lib\client\index.js:639:35)
    at RedisStore.sendCommand (C:\Users\user\OneDrive\Desktop\CRM\backend\middleware\rateLimiter.js:13:49)
    at RedisStore.sendCommand (C:\Users\user\OneDrive\Desktop\CRM\backend\node_modules\rate-limit-redis\dist\index.cjs:85:49)
    at RedisStore.loadGetScript (C:\Users\user\OneDrive\Desktop\CRM\backend\node_modules\rate-limit-redis\dist\index.cjs:116:31)
    at new RedisStore (C:\Users\user\OneDrive\Desktop\CRM\backend\node_modules\rate-limit-redis\dist\index.cjs:96:30)
    at createRateLimiter (C:\Users\user\OneDrive\Desktop\CRM\backend\middleware\rateLimiter.js:12:16)
    at Object.<anonymous> (C:\Users\user\OneDrive\Desktop\CRM\backend\middleware\rateLimiter.js:65:21)
    at Module._compile (node:internal/modules/cjs/loader:1730:14)
    at Object..js (node:internal/modules/cjs/loader:1895:10)
    at Module.load (node:internal/modules/cjs/loader:1465:32)
2026-01-28 12:49:05: 2026-01-28 12:49:05 [32minfo[39m: ✅ Redis Connected successfully
2026-01-28 12:49:05: 2026-01-28 12:49:05 [31merror[39m: Error: NOAUTH Authentication required
    at #decodeSimpleError (C:\Users\user\OneDrive\Desktop\CRM\backend\node_modules\@redis\client\dist\lib\RESP\decoder.js:457:13)
    at #decodeTypeValue (C:\Users\user\OneDrive\Desktop\CRM\backend\node_modules\@redis\client\dist\lib\RESP\decoder.js:104:91)
    at Decoder.write (C:\Users\user\OneDrive\Desktop\CRM\backend\node_modules\@redis\client\dist\lib\RESP\decoder.js:74:38)
    at RedisSocket.<anonymous> (C:\Users\user\OneDrive\Desktop\CRM\backend\node_modules\@redis\client\dist\lib\client\index.js:437:37)
    at RedisSocket.emit (node:events:518:28)
    at Socket.<anonymous> (C:\Users\user\OneDrive\Desktop\CRM\backend\node_modules\@redis\client\dist\lib\client\socket.js:235:38)
    at Socket.emit (node:events:518:28)
    at addChunk (node:internal/streams/readable:561:12)
    at readableAddChunkPushByteMode (node:internal/streams/readable:512:3)
    at Readable.push (node:internal/streams/readable:392:5)
    at TCP.onStreamRead (node:internal/stream_base_commons:189:23)
2026-01-28 12:49:05: 2026-01-28 12:49:05 [31merror[39m: Error: NOAUTH Authentication required
    at #decodeSimpleError (C:\Users\user\OneDrive\Desktop\CRM\backend\node_modules\@redis\client\dist\lib\RESP\decoder.js:457:13)
    at #decodeTypeValue (C:\Users\user\OneDrive\Desktop\CRM\backend\node_modules\@redis\client\dist\lib\RESP\decoder.js:104:91)
    at Decoder.write (C:\Users\user\OneDrive\Desktop\CRM\backend\node_modules\@redis\client\dist\lib\RESP\decoder.js:74:38)
    at RedisSocket.<anonymous> (C:\Users\user\OneDrive\Desktop\CRM\backend\node_modules\@redis\client\dist\lib\client\index.js:437:37)
    at RedisSocket.emit (node:events:518:28)
    at Socket.<anonymous> (C:\Users\user\OneDrive\Desktop\CRM\backend\node_modules\@redis\client\dist\lib\client\socket.js:235:38)
    at Socket.emit (node:events:518:28)
    at addChunk (node:internal/streams/readable:561:12)
    at readableAddChunkPushByteMode (node:internal/streams/readable:512:3)
    at Readable.push (node:internal/streams/readable:392:5)
    at TCP.onStreamRead (node:internal/stream_base_commons:189:23)
2026-01-28 12:49:06: 📡 Mongoose connected to Atlas cluster
2026-01-28 12:49:06: ✅ MongoDB Atlas connected successfully!
2026-01-28 12:49:06: ✅ Query model connected successfully
2026-01-28 12:49:15: 🔌 Socket.IO instance set successfully
2026-01-28 12:49:15: ℹ️ Huawei E173 Modem Service is disabled via ENABLE_MODEM flag
2026-01-28 12:49:15: Starting Auto-Logout Job...
2026-01-28 12:49:15: 2026-01-28 12:49:15 [31merror[39m: Error: The client is closed
    at Class.sendCommand (C:\Users\user\OneDrive\Desktop\CRM\backend\node_modules\@redis\client\dist\lib\client\index.js:639:35)
    at RedisStore.sendCommand (C:\Users\user\OneDrive\Desktop\CRM\backend\middleware\rateLimiter.js:13:49)
    at RedisStore.sendCommand (C:\Users\user\OneDrive\Desktop\CRM\backend\node_modules\rate-limit-redis\dist\index.cjs:85:49)
    at RedisStore.loadIncrementScript (C:\Users\user\OneDrive\Desktop\CRM\backend\node_modules\rate-limit-redis\dist\index.cjs:102:31)
    at new RedisStore (C:\Users\user\OneDrive\Desktop\CRM\backend\node_modules\rate-limit-redis\dist\index.cjs:95:36)
    at createRateLimiter (C:\Users\user\OneDrive\Desktop\CRM\backend\middleware\rateLimiter.js:12:16)
    at Object.<anonymous> (C:\Users\user\OneDrive\Desktop\CRM\backend\middleware\rateLimiter.js:32:21)
    at Module._compile (node:internal/modules/cjs/loader:1730:14)
    at Object..js (node:internal/modules/cjs/loader:1895:10)
    at Module.load (node:internal/modules/cjs/loader:1465:32)
2026-01-28 12:49:15: 2026-01-28 12:49:15 [31merror[39m: Error: The client is closed
    at Class.sendCommand (C:\Users\user\OneDrive\Desktop\CRM\backend\node_modules\@redis\client\dist\lib\client\index.js:639:35)
    at RedisStore.sendCommand (C:\Users\user\OneDrive\Desktop\CRM\backend\middleware\rateLimiter.js:13:49)
    at RedisStore.sendCommand (C:\Users\user\OneDrive\Desktop\CRM\backend\node_modules\rate-limit-redis\dist\index.cjs:85:49)
    at RedisStore.loadGetScript (C:\Users\user\OneDrive\Desktop\CRM\backend\node_modules\rate-limit-redis\dist\index.cjs:116:31)
    at new RedisStore (C:\Users\user\OneDrive\Desktop\CRM\backend\node_modules\rate-limit-redis\dist\index.cjs:96:30)
    at createRateLimiter (C:\Users\user\OneDrive\Desktop\CRM\backend\middleware\rateLimiter.js:12:16)
    at Object.<anonymous> (C:\Users\user\OneDrive\Desktop\CRM\backend\middleware\rateLimiter.js:32:21)
    at Module._compile (node:internal/modules/cjs/loader:1730:14)
    at Object..js (node:internal/modules/cjs/loader:1895:10)
    at Module.load (node:internal/modules/cjs/loader:1465:32)
2026-01-28 12:49:15: 2026-01-28 12:49:15 [31merror[39m: Error: The client is closed
    at Class.sendCommand (C:\Users\user\OneDrive\Desktop\CRM\backend\node_modules\@redis\client\dist\lib\client\index.js:639:35)
    at RedisStore.sendCommand (C:\Users\user\OneDrive\Desktop\CRM\backend\middleware\rateLimiter.js:13:49)
    at RedisStore.sendCommand (C:\Users\user\OneDrive\Desktop\CRM\backend\node_modules\rate-limit-redis\dist\index.cjs:85:49)
    at RedisStore.loadIncrementScript (C:\Users\user\OneDrive\Desktop\CRM\backend\node_modules\rate-limit-redis\dist\index.cjs:102:31)
    at new RedisStore (C:\Users\user\OneDrive\Desktop\CRM\backend\node_modules\rate-limit-redis\dist\index.cjs:95:36)
    at createRateLimiter (C:\Users\user\OneDrive\Desktop\CRM\backend\middleware\rateLimiter.js:12:16)
    at Object.<anonymous> (C:\Users\user\OneDrive\Desktop\CRM\backend\middleware\rateLimiter.js:41:20)
    at Module._compile (node:internal/modules/cjs/loader:1730:14)
    at Object..js (node:internal/modules/cjs/loader:1895:10)
    at Module.load (node:internal/modules/cjs/loader:1465:32)
2026-01-28 12:49:15: 2026-01-28 12:49:15 [31merror[39m: Error: The client is closed
    at Class.sendCommand (C:\Users\user\OneDrive\Desktop\CRM\backend\node_modules\@redis\client\dist\lib\client\index.js:639:35)
    at RedisStore.sendCommand (C:\Users\user\OneDrive\Desktop\CRM\backend\middleware\rateLimiter.js:13:49)
    at RedisStore.sendCommand (C:\Users\user\OneDrive\Desktop\CRM\backend\node_modules\rate-limit-redis\dist\index.cjs:85:49)
    at RedisStore.loadGetScript (C:\Users\user\OneDrive\Desktop\CRM\backend\node_modules\rate-limit-redis\dist\index.cjs:116:31)
    at new RedisStore (C:\Users\user\OneDrive\Desktop\CRM\backend\node_modules\rate-limit-redis\dist\index.cjs:96:30)
    at createRateLimiter (C:\Users\user\OneDrive\Desktop\CRM\backend\middleware\rateLimiter.js:12:16)
    at Object.<anonymous> (C:\Users\user\OneDrive\Desktop\CRM\backend\middleware\rateLimiter.js:41:20)
    at Module._compile (node:internal/modules/cjs/loader:1730:14)
    at Object..js (node:internal/modules/cjs/loader:1895:10)
    at Module.load (node:internal/modules/cjs/loader:1465:32)
2026-01-28 12:49:15: 2026-01-28 12:49:15 [31merror[39m: Error: The client is closed
    at Class.sendCommand (C:\Users\user\OneDrive\Desktop\CRM\backend\node_modules\@redis\client\dist\lib\client\index.js:639:35)
    at RedisStore.sendCommand (C:\Users\user\OneDrive\Desktop\CRM\backend\middleware\rateLimiter.js:13:49)
    at RedisStore.sendCommand (C:\Users\user\OneDrive\Desktop\CRM\backend\node_modules\rate-limit-redis\dist\index.cjs:85:49)
    at RedisStore.loadIncrementScript (C:\Users\user\OneDrive\Desktop\CRM\backend\node_modules\rate-limit-redis\dist\index.cjs:102:31)
    at new RedisStore (C:\Users\user\OneDrive\Desktop\CRM\backend\node_modules\rate-limit-redis\dist\index.cjs:95:36)
    at createRateLimiter (C:\Users\user\OneDrive\Desktop\CRM\backend\middleware\rateLimiter.js:12:16)
    at Object.<anonymous> (C:\Users\user\OneDrive\Desktop\CRM\backend\middleware\rateLimiter.js:49:23)
    at Module._compile (node:internal/modules/cjs/loader:1730:14)
    at Object..js (node:internal/modules/cjs/loader:1895:10)
    at Module.load (node:internal/modules/cjs/loader:1465:32)
2026-01-28 12:49:15: 2026-01-28 12:49:15 [31merror[39m: Error: The client is closed
    at Class.sendCommand (C:\Users\user\OneDrive\Desktop\CRM\backend\node_modules\@redis\client\dist\lib\client\index.js:639:35)
    at RedisStore.sendCommand (C:\Users\user\OneDrive\Desktop\CRM\backend\middleware\rateLimiter.js:13:49)
    at RedisStore.sendCommand (C:\Users\user\OneDrive\Desktop\CRM\backend\node_modules\rate-limit-redis\dist\index.cjs:85:49)
    at RedisStore.loadGetScript (C:\Users\user\OneDrive\Desktop\CRM\backend\node_modules\rate-limit-redis\dist\index.cjs:116:31)
    at new RedisStore (C:\Users\user\OneDrive\Desktop\CRM\backend\node_modules\rate-limit-redis\dist\index.cjs:96:30)
    at createRateLimiter (C:\Users\user\OneDrive\Desktop\CRM\backend\middleware\rateLimiter.js:12:16)
    at Object.<anonymous> (C:\Users\user\OneDrive\Desktop\CRM\backend\middleware\rateLimiter.js:49:23)
    at Module._compile (node:internal/modules/cjs/loader:1730:14)
    at Object..js (node:internal/modules/cjs/loader:1895:10)
    at Module.load (node:internal/modules/cjs/loader:1465:32)
2026-01-28 12:49:15: 2026-01-28 12:49:15 [31merror[39m: Error: The client is closed
    at Class.sendCommand (C:\Users\user\OneDrive\Desktop\CRM\backend\node_modules\@redis\client\dist\lib\client\index.js:639:35)
    at RedisStore.sendCommand (C:\Users\user\OneDrive\Desktop\CRM\backend\middleware\rateLimiter.js:13:49)
    at RedisStore.sendCommand (C:\Users\user\OneDrive\Desktop\CRM\backend\node_modules\rate-limit-redis\dist\index.cjs:85:49)
    at RedisStore.loadIncrementScript (C:\Users\user\OneDrive\Desktop\CRM\backend\node_modules\rate-limit-redis\dist\index.cjs:102:31)
    at new RedisStore (C:\Users\user\OneDrive\Desktop\CRM\backend\node_modules\rate-limit-redis\dist\index.cjs:95:36)
    at createRateLimiter (C:\Users\user\OneDrive\Desktop\CRM\backend\middleware\rateLimiter.js:12:16)
    at Object.<anonymous> (C:\Users\user\OneDrive\Desktop\CRM\backend\middleware\rateLimiter.js:57:25)
    at Module._compile (node:internal/modules/cjs/loader:1730:14)
    at Object..js (node:internal/modules/cjs/loader:1895:10)
    at Module.load (node:internal/modules/cjs/loader:1465:32)
2026-01-28 12:49:15: 2026-01-28 12:49:15 [31merror[39m: Error: The client is closed
    at Class.sendCommand (C:\Users\user\OneDrive\Desktop\CRM\backend\node_modules\@redis\client\dist\lib\client\index.js:639:35)
    at RedisStore.sendCommand (C:\Users\user\OneDrive\Desktop\CRM\backend\middleware\rateLimiter.js:13:49)
    at RedisStore.sendCommand (C:\Users\user\OneDrive\Desktop\CRM\backend\node_modules\rate-limit-redis\dist\index.cjs:85:49)
    at RedisStore.loadGetScript (C:\Users\user\OneDrive\Desktop\CRM\backend\node_modules\rate-limit-redis\dist\index.cjs:116:31)
    at new RedisStore (C:\Users\user\OneDrive\Desktop\CRM\backend\node_modules\rate-limit-redis\dist\index.cjs:96:30)
    at createRateLimiter (C:\Users\user\OneDrive\Desktop\CRM\backend\middleware\rateLimiter.js:12:16)
    at Object.<anonymous> (C:\Users\user\OneDrive\Desktop\CRM\backend\middleware\rateLimiter.js:57:25)
    at Module._compile (node:internal/modules/cjs/loader:1730:14)
    at Object..js (node:internal/modules/cjs/loader:1895:10)
    at Module.load (node:internal/modules/cjs/loader:1465:32)
2026-01-28 12:49:15: 2026-01-28 12:49:15 [31merror[39m: Error: The client is closed
    at Class.sendCommand (C:\Users\user\OneDrive\Desktop\CRM\backend\node_modules\@redis\client\dist\lib\client\index.js:639:35)
    at RedisStore.sendCommand (C:\Users\user\OneDrive\Desktop\CRM\backend\middleware\rateLimiter.js:13:49)
    at RedisStore.sendCommand (C:\Users\user\OneDrive\Desktop\CRM\backend\node_modules\rate-limit-redis\dist\index.cjs:85:49)
    at RedisStore.loadIncrementScript (C:\Users\user\OneDrive\Desktop\CRM\backend\node_modules\rate-limit-redis\dist\index.cjs:102:31)
    at new RedisStore (C:\Users\user\OneDrive\Desktop\CRM\backend\node_modules\rate-limit-redis\dist\index.cjs:95:36)
    at createRateLimiter (C:\Users\user\OneDrive\Desktop\CRM\backend\middleware\rateLimiter.js:12:16)
    at Object.<anonymous> (C:\Users\user\OneDrive\Desktop\CRM\backend\middleware\rateLimiter.js:65:21)
    at Module._compile (node:internal/modules/cjs/loader:1730:14)
    at Object..js (node:internal/modules/cjs/loader:1895:10)
    at Module.load (node:internal/modules/cjs/loader:1465:32)
2026-01-28 12:49:15: 2026-01-28 12:49:15 [31merror[39m: Error: The client is closed
    at Class.sendCommand (C:\Users\user\OneDrive\Desktop\CRM\backend\node_modules\@redis\client\dist\lib\client\index.js:639:35)
    at RedisStore.sendCommand (C:\Users\user\OneDrive\Desktop\CRM\backend\middleware\rateLimiter.js:13:49)
    at RedisStore.sendCommand (C:\Users\user\OneDrive\Desktop\CRM\backend\node_modules\rate-limit-redis\dist\index.cjs:85:49)
    at RedisStore.loadGetScript (C:\Users\user\OneDrive\Desktop\CRM\backend\node_modules\rate-limit-redis\dist\index.cjs:116:31)
    at new RedisStore (C:\Users\user\OneDrive\Desktop\CRM\backend\node_modules\rate-limit-redis\dist\index.cjs:96:30)
    at createRateLimiter (C:\Users\user\OneDrive\Desktop\CRM\backend\middleware\rateLimiter.js:12:16)
    at Object.<anonymous> (C:\Users\user\OneDrive\Desktop\CRM\backend\middleware\rateLimiter.js:65:21)
    at Module._compile (node:internal/modules/cjs/loader:1730:14)
    at Object..js (node:internal/modules/cjs/loader:1895:10)
    at Module.load (node:internal/modules/cjs/loader:1465:32)
2026-01-28 12:49:15: 2026-01-28 12:49:15 [31merror[39m: Error: NOAUTH Authentication required
    at #decodeSimpleError (C:\Users\user\OneDrive\Desktop\CRM\backend\node_modules\@redis\client\dist\lib\RESP\decoder.js:457:13)
    at #decodeTypeValue (C:\Users\user\OneDrive\Desktop\CRM\backend\node_modules\@redis\client\dist\lib\RESP\decoder.js:104:91)
    at Decoder.write (C:\Users\user\OneDrive\Desktop\CRM\backend\node_modules\@redis\client\dist\lib\RESP\decoder.js:74:38)
    at RedisSocket.<anonymous> (C:\Users\user\OneDrive\Desktop\CRM\backend\node_modules\@redis\client\dist\lib\client\index.js:437:37)
    at RedisSocket.emit (node:events:518:28)
    at Socket.<anonymous> (C:\Users\user\OneDrive\Desktop\CRM\backend\node_modules\@redis\client\dist\lib\client\socket.js:235:38)
    at Socket.emit (node:events:518:28)
    at addChunk (node:internal/streams/readable:561:12)
    at readableAddChunkPushByteMode (node:internal/streams/readable:512:3)
    at Readable.push (node:internal/streams/readable:392:5)
    at TCP.onStreamRead (node:internal/stream_base_commons:189:23)
2026-01-28 12:49:15: 2026-01-28 12:49:15 [31merror[39m: Error: NOAUTH Authentication required
    at #decodeSimpleError (C:\Users\user\OneDrive\Desktop\CRM\backend\node_modules\@redis\client\dist\lib\RESP\decoder.js:457:13)
    at #decodeTypeValue (C:\Users\user\OneDrive\Desktop\CRM\backend\node_modules\@redis\client\dist\lib\RESP\decoder.js:104:91)
    at Decoder.write (C:\Users\user\OneDrive\Desktop\CRM\backend\node_modules\@redis\client\dist\lib\RESP\decoder.js:74:38)
    at RedisSocket.<anonymous> (C:\Users\user\OneDrive\Desktop\CRM\backend\node_modules\@redis\client\dist\lib\client\index.js:437:37)
    at RedisSocket.emit (node:events:518:28)
    at Socket.<anonymous> (C:\Users\user\OneDrive\Desktop\CRM\backend\node_modules\@redis\client\dist\lib\client\socket.js:235:38)
    at Socket.emit (node:events:518:28)
    at addChunk (node:internal/streams/readable:561:12)
    at readableAddChunkPushByteMode (node:internal/streams/readable:512:3)
    at Readable.push (node:internal/streams/readable:392:5)
    at TCP.onStreamRead (node:internal/stream_base_commons:189:23)
2026-01-28 12:49:15: 2026-01-28 12:49:15 [32minfo[39m: ✅ Redis Connected successfully
2026-01-28 12:49:15: 📡 Mongoose connected to Atlas cluster
2026-01-28 12:49:15: ✅ MongoDB Atlas connected successfully!
2026-01-28 12:49:15: ✅ Query model connected successfully
2026-01-28 12:49:24: 🔌 Socket.IO instance set successfully
2026-01-28 12:49:25: ℹ️ Huawei E173 Modem Service is disabled via ENABLE_MODEM flag
2026-01-28 12:49:25: Starting Auto-Logout Job...
2026-01-28 12:49:25: 2026-01-28 12:49:25 [31merror[39m: Error: The client is closed
    at Class.sendCommand (C:\Users\user\OneDrive\Desktop\CRM\backend\node_modules\@redis\client\dist\lib\client\index.js:639:35)
    at RedisStore.sendCommand (C:\Users\user\OneDrive\Desktop\CRM\backend\middleware\rateLimiter.js:13:49)
    at RedisStore.sendCommand (C:\Users\user\OneDrive\Desktop\CRM\backend\node_modules\rate-limit-redis\dist\index.cjs:85:49)
    at RedisStore.loadIncrementScript (C:\Users\user\OneDrive\Desktop\CRM\backend\node_modules\rate-limit-redis\dist\index.cjs:102:31)
    at new RedisStore (C:\Users\user\OneDrive\Desktop\CRM\backend\node_modules\rate-limit-redis\dist\index.cjs:95:36)
    at createRateLimiter (C:\Users\user\OneDrive\Desktop\CRM\backend\middleware\rateLimiter.js:12:16)
    at Object.<anonymous> (C:\Users\user\OneDrive\Desktop\CRM\backend\middleware\rateLimiter.js:32:21)
    at Module._compile (node:internal/modules/cjs/loader:1730:14)
    at Object..js (node:internal/modules/cjs/loader:1895:10)
    at Module.load (node:internal/modules/cjs/loader:1465:32)
2026-01-28 12:49:25: 2026-01-28 12:49:25 [31merror[39m: Error: The client is closed
    at Class.sendCommand (C:\Users\user\OneDrive\Desktop\CRM\backend\node_modules\@redis\client\dist\lib\client\index.js:639:35)
    at RedisStore.sendCommand (C:\Users\user\OneDrive\Desktop\CRM\backend\middleware\rateLimiter.js:13:49)
    at RedisStore.sendCommand (C:\Users\user\OneDrive\Desktop\CRM\backend\node_modules\rate-limit-redis\dist\index.cjs:85:49)
    at RedisStore.loadGetScript (C:\Users\user\OneDrive\Desktop\CRM\backend\node_modules\rate-limit-redis\dist\index.cjs:116:31)
    at new RedisStore (C:\Users\user\OneDrive\Desktop\CRM\backend\node_modules\rate-limit-redis\dist\index.cjs:96:30)
    at createRateLimiter (C:\Users\user\OneDrive\Desktop\CRM\backend\middleware\rateLimiter.js:12:16)
    at Object.<anonymous> (C:\Users\user\OneDrive\Desktop\CRM\backend\middleware\rateLimiter.js:32:21)
    at Module._compile (node:internal/modules/cjs/loader:1730:14)
    at Object..js (node:internal/modules/cjs/loader:1895:10)
    at Module.load (node:internal/modules/cjs/loader:1465:32)
2026-01-28 12:49:25: 2026-01-28 12:49:25 [31merror[39m: Error: The client is closed
    at Class.sendCommand (C:\Users\user\OneDrive\Desktop\CRM\backend\node_modules\@redis\client\dist\lib\client\index.js:639:35)
    at RedisStore.sendCommand (C:\Users\user\OneDrive\Desktop\CRM\backend\middleware\rateLimiter.js:13:49)
    at RedisStore.sendCommand (C:\Users\user\OneDrive\Desktop\CRM\backend\node_modules\rate-limit-redis\dist\index.cjs:85:49)
    at RedisStore.loadIncrementScript (C:\Users\user\OneDrive\Desktop\CRM\backend\node_modules\rate-limit-redis\dist\index.cjs:102:31)
    at new RedisStore (C:\Users\user\OneDrive\Desktop\CRM\backend\node_modules\rate-limit-redis\dist\index.cjs:95:36)
    at createRateLimiter (C:\Users\user\OneDrive\Desktop\CRM\backend\middleware\rateLimiter.js:12:16)
    at Object.<anonymous> (C:\Users\user\OneDrive\Desktop\CRM\backend\middleware\rateLimiter.js:41:20)
    at Module._compile (node:internal/modules/cjs/loader:1730:14)
    at Object..js (node:internal/modules/cjs/loader:1895:10)
    at Module.load (node:internal/modules/cjs/loader:1465:32)
2026-01-28 12:49:25: 2026-01-28 12:49:25 [31merror[39m: Error: The client is closed
    at Class.sendCommand (C:\Users\user\OneDrive\Desktop\CRM\backend\node_modules\@redis\client\dist\lib\client\index.js:639:35)
    at RedisStore.sendCommand (C:\Users\user\OneDrive\Desktop\CRM\backend\middleware\rateLimiter.js:13:49)
    at RedisStore.sendCommand (C:\Users\user\OneDrive\Desktop\CRM\backend\node_modules\rate-limit-redis\dist\index.cjs:85:49)
    at RedisStore.loadGetScript (C:\Users\user\OneDrive\Desktop\CRM\backend\node_modules\rate-limit-redis\dist\index.cjs:116:31)
    at new RedisStore (C:\Users\user\OneDrive\Desktop\CRM\backend\node_modules\rate-limit-redis\dist\index.cjs:96:30)
    at createRateLimiter (C:\Users\user\OneDrive\Desktop\CRM\backend\middleware\rateLimiter.js:12:16)
    at Object.<anonymous> (C:\Users\user\OneDrive\Desktop\CRM\backend\middleware\rateLimiter.js:41:20)
    at Module._compile (node:internal/modules/cjs/loader:1730:14)
    at Object..js (node:internal/modules/cjs/loader:1895:10)
    at Module.load (node:internal/modules/cjs/loader:1465:32)
2026-01-28 12:49:25: 2026-01-28 12:49:25 [31merror[39m: Error: The client is closed
    at Class.sendCommand (C:\Users\user\OneDrive\Desktop\CRM\backend\node_modules\@redis\client\dist\lib\client\index.js:639:35)
    at RedisStore.sendCommand (C:\Users\user\OneDrive\Desktop\CRM\backend\middleware\rateLimiter.js:13:49)
    at RedisStore.sendCommand (C:\Users\user\OneDrive\Desktop\CRM\backend\node_modules\rate-limit-redis\dist\index.cjs:85:49)
    at RedisStore.loadIncrementScript (C:\Users\user\OneDrive\Desktop\CRM\backend\node_modules\rate-limit-redis\dist\index.cjs:102:31)
    at new RedisStore (C:\Users\user\OneDrive\Desktop\CRM\backend\node_modules\rate-limit-redis\dist\index.cjs:95:36)
    at createRateLimiter (C:\Users\user\OneDrive\Desktop\CRM\backend\middleware\rateLimiter.js:12:16)
    at Object.<anonymous> (C:\Users\user\OneDrive\Desktop\CRM\backend\middleware\rateLimiter.js:49:23)
    at Module._compile (node:internal/modules/cjs/loader:1730:14)
    at Object..js (node:internal/modules/cjs/loader:1895:10)
    at Module.load (node:internal/modules/cjs/loader:1465:32)
2026-01-28 12:49:25: 2026-01-28 12:49:25 [31merror[39m: Error: The client is closed
    at Class.sendCommand (C:\Users\user\OneDrive\Desktop\CRM\backend\node_modules\@redis\client\dist\lib\client\index.js:639:35)
    at RedisStore.sendCommand (C:\Users\user\OneDrive\Desktop\CRM\backend\middleware\rateLimiter.js:13:49)
    at RedisStore.sendCommand (C:\Users\user\OneDrive\Desktop\CRM\backend\node_modules\rate-limit-redis\dist\index.cjs:85:49)
    at RedisStore.loadGetScript (C:\Users\user\OneDrive\Desktop\CRM\backend\node_modules\rate-limit-redis\dist\index.cjs:116:31)
    at new RedisStore (C:\Users\user\OneDrive\Desktop\CRM\backend\node_modules\rate-limit-redis\dist\index.cjs:96:30)
    at createRateLimiter (C:\Users\user\OneDrive\Desktop\CRM\backend\middleware\rateLimiter.js:12:16)
    at Object.<anonymous> (C:\Users\user\OneDrive\Desktop\CRM\backend\middleware\rateLimiter.js:49:23)
    at Module._compile (node:internal/modules/cjs/loader:1730:14)
    at Object..js (node:internal/modules/cjs/loader:1895:10)
    at Module.load (node:internal/modules/cjs/loader:1465:32)
2026-01-28 12:49:25: 2026-01-28 12:49:25 [31merror[39m: Error: The client is closed
    at Class.sendCommand (C:\Users\user\OneDrive\Desktop\CRM\backend\node_modules\@redis\client\dist\lib\client\index.js:639:35)
    at RedisStore.sendCommand (C:\Users\user\OneDrive\Desktop\CRM\backend\middleware\rateLimiter.js:13:49)
    at RedisStore.sendCommand (C:\Users\user\OneDrive\Desktop\CRM\backend\node_modules\rate-limit-redis\dist\index.cjs:85:49)
    at RedisStore.loadIncrementScript (C:\Users\user\OneDrive\Desktop\CRM\backend\node_modules\rate-limit-redis\dist\index.cjs:102:31)
    at new RedisStore (C:\Users\user\OneDrive\Desktop\CRM\backend\node_modules\rate-limit-redis\dist\index.cjs:95:36)
    at createRateLimiter (C:\Users\user\OneDrive\Desktop\CRM\backend\middleware\rateLimiter.js:12:16)
    at Object.<anonymous> (C:\Users\user\OneDrive\Desktop\CRM\backend\middleware\rateLimiter.js:57:25)
    at Module._compile (node:internal/modules/cjs/loader:1730:14)
    at Object..js (node:internal/modules/cjs/loader:1895:10)
    at Module.load (node:internal/modules/cjs/loader:1465:32)
2026-01-28 12:49:25: 2026-01-28 12:49:25 [31merror[39m: Error: The client is closed
    at Class.sendCommand (C:\Users\user\OneDrive\Desktop\CRM\backend\node_modules\@redis\client\dist\lib\client\index.js:639:35)
    at RedisStore.sendCommand (C:\Users\user\OneDrive\Desktop\CRM\backend\middleware\rateLimiter.js:13:49)
    at RedisStore.sendCommand (C:\Users\user\OneDrive\Desktop\CRM\backend\node_modules\rate-limit-redis\dist\index.cjs:85:49)
    at RedisStore.loadGetScript (C:\Users\user\OneDrive\Desktop\CRM\backend\node_modules\rate-limit-redis\dist\index.cjs:116:31)
    at new RedisStore (C:\Users\user\OneDrive\Desktop\CRM\backend\node_modules\rate-limit-redis\dist\index.cjs:96:30)
    at createRateLimiter (C:\Users\user\OneDrive\Desktop\CRM\backend\middleware\rateLimiter.js:12:16)
    at Object.<anonymous> (C:\Users\user\OneDrive\Desktop\CRM\backend\middleware\rateLimiter.js:57:25)
    at Module._compile (node:internal/modules/cjs/loader:1730:14)
    at Object..js (node:internal/modules/cjs/loader:1895:10)
    at Module.load (node:internal/modules/cjs/loader:1465:32)
2026-01-28 12:49:25: 2026-01-28 12:49:25 [31merror[39m: Error: The client is closed
    at Class.sendCommand (C:\Users\user\OneDrive\Desktop\CRM\backend\node_modules\@redis\client\dist\lib\client\index.js:639:35)
    at RedisStore.sendCommand (C:\Users\user\OneDrive\Desktop\CRM\backend\middleware\rateLimiter.js:13:49)
    at RedisStore.sendCommand (C:\Users\user\OneDrive\Desktop\CRM\backend\node_modules\rate-limit-redis\dist\index.cjs:85:49)
    at RedisStore.loadIncrementScript (C:\Users\user\OneDrive\Desktop\CRM\backend\node_modules\rate-limit-redis\dist\index.cjs:102:31)
    at new RedisStore (C:\Users\user\OneDrive\Desktop\CRM\backend\node_modules\rate-limit-redis\dist\index.cjs:95:36)
    at createRateLimiter (C:\Users\user\OneDrive\Desktop\CRM\backend\middleware\rateLimiter.js:12:16)
    at Object.<anonymous> (C:\Users\user\OneDrive\Desktop\CRM\backend\middleware\rateLimiter.js:65:21)
    at Module._compile (node:internal/modules/cjs/loader:1730:14)
    at Object..js (node:internal/modules/cjs/loader:1895:10)
    at Module.load (node:internal/modules/cjs/loader:1465:32)
2026-01-28 12:49:25: 2026-01-28 12:49:25 [31merror[39m: Error: The client is closed
    at Class.sendCommand (C:\Users\user\OneDrive\Desktop\CRM\backend\node_modules\@redis\client\dist\lib\client\index.js:639:35)
    at RedisStore.sendCommand (C:\Users\user\OneDrive\Desktop\CRM\backend\middleware\rateLimiter.js:13:49)
    at RedisStore.sendCommand (C:\Users\user\OneDrive\Desktop\CRM\backend\node_modules\rate-limit-redis\dist\index.cjs:85:49)
    at RedisStore.loadGetScript (C:\Users\user\OneDrive\Desktop\CRM\backend\node_modules\rate-limit-redis\dist\index.cjs:116:31)
    at new RedisStore (C:\Users\user\OneDrive\Desktop\CRM\backend\node_modules\rate-limit-redis\dist\index.cjs:96:30)
    at createRateLimiter (C:\Users\user\OneDrive\Desktop\CRM\backend\middleware\rateLimiter.js:12:16)
    at Object.<anonymous> (C:\Users\user\OneDrive\Desktop\CRM\backend\middleware\rateLimiter.js:65:21)
    at Module._compile (node:internal/modules/cjs/loader:1730:14)
    at Object..js (node:internal/modules/cjs/loader:1895:10)
    at Module.load (node:internal/modules/cjs/loader:1465:32)
2026-01-28 12:49:25: 2026-01-28 12:49:25 [32minfo[39m: ✅ Redis Connected successfully
2026-01-28 12:49:25: 2026-01-28 12:49:25 [31merror[39m: Error: NOAUTH Authentication required
    at #decodeSimpleError (C:\Users\user\OneDrive\Desktop\CRM\backend\node_modules\@redis\client\dist\lib\RESP\decoder.js:457:13)
    at #decodeTypeValue (C:\Users\user\OneDrive\Desktop\CRM\backend\node_modules\@redis\client\dist\lib\RESP\decoder.js:104:91)
    at Decoder.write (C:\Users\user\OneDrive\Desktop\CRM\backend\node_modules\@redis\client\dist\lib\RESP\decoder.js:74:38)
    at RedisSocket.<anonymous> (C:\Users\user\OneDrive\Desktop\CRM\backend\node_modules\@redis\client\dist\lib\client\index.js:437:37)
    at RedisSocket.emit (node:events:518:28)
    at Socket.<anonymous> (C:\Users\user\OneDrive\Desktop\CRM\backend\node_modules\@redis\client\dist\lib\client\socket.js:235:38)
    at Socket.emit (node:events:518:28)
    at addChunk (node:internal/streams/readable:561:12)
    at readableAddChunkPushByteMode (node:internal/streams/readable:512:3)
    at Readable.push (node:internal/streams/readable:392:5)
    at TCP.onStreamRead (node:internal/stream_base_commons:189:23)
2026-01-28 12:49:25: 2026-01-28 12:49:25 [31merror[39m: Error: NOAUTH Authentication required
    at #decodeSimpleError (C:\Users\user\OneDrive\Desktop\CRM\backend\node_modules\@redis\client\dist\lib\RESP\decoder.js:457:13)
    at #decodeTypeValue (C:\Users\user\OneDrive\Desktop\CRM\backend\node_modules\@redis\client\dist\lib\RESP\decoder.js:104:91)
    at Decoder.write (C:\Users\user\OneDrive\Desktop\CRM\backend\node_modules\@redis\client\dist\lib\RESP\decoder.js:74:38)
    at RedisSocket.<anonymous> (C:\Users\user\OneDrive\Desktop\CRM\backend\node_modules\@redis\client\dist\lib\client\index.js:437:37)
    at RedisSocket.emit (node:events:518:28)
    at Socket.<anonymous> (C:\Users\user\OneDrive\Desktop\CRM\backend\node_modules\@redis\client\dist\lib\client\socket.js:235:38)
    at Socket.emit (node:events:518:28)
    at addChunk (node:internal/streams/readable:561:12)
    at readableAddChunkPushByteMode (node:internal/streams/readable:512:3)
    at Readable.push (node:internal/streams/readable:392:5)
    at TCP.onStreamRead (node:internal/stream_base_commons:189:23)
2026-01-28 12:49:25: 📡 Mongoose connected to Atlas cluster
2026-01-28 12:49:25: ✅ MongoDB Atlas connected successfully!
2026-01-28 12:49:25: ✅ Query model connected successfully
2026-01-28 12:49:34: 🔌 Socket.IO instance set successfully
2026-01-28 12:49:34: ℹ️ Huawei E173 Modem Service is disabled via ENABLE_MODEM flag
2026-01-28 12:49:34: Starting Auto-Logout Job...
2026-01-28 12:49:34: 2026-01-28 12:49:34 [31merror[39m: Error: The client is closed
    at Class.sendCommand (C:\Users\user\OneDrive\Desktop\CRM\backend\node_modules\@redis\client\dist\lib\client\index.js:639:35)
    at RedisStore.sendCommand (C:\Users\user\OneDrive\Desktop\CRM\backend\middleware\rateLimiter.js:13:49)
    at RedisStore.sendCommand (C:\Users\user\OneDrive\Desktop\CRM\backend\node_modules\rate-limit-redis\dist\index.cjs:85:49)
    at RedisStore.loadIncrementScript (C:\Users\user\OneDrive\Desktop\CRM\backend\node_modules\rate-limit-redis\dist\index.cjs:102:31)
    at new RedisStore (C:\Users\user\OneDrive\Desktop\CRM\backend\node_modules\rate-limit-redis\dist\index.cjs:95:36)
    at createRateLimiter (C:\Users\user\OneDrive\Desktop\CRM\backend\middleware\rateLimiter.js:12:16)
    at Object.<anonymous> (C:\Users\user\OneDrive\Desktop\CRM\backend\middleware\rateLimiter.js:32:21)
    at Module._compile (node:internal/modules/cjs/loader:1730:14)
    at Object..js (node:internal/modules/cjs/loader:1895:10)
    at Module.load (node:internal/modules/cjs/loader:1465:32)
2026-01-28 12:49:34: 2026-01-28 12:49:34 [31merror[39m: Error: The client is closed
    at Class.sendCommand (C:\Users\user\OneDrive\Desktop\CRM\backend\node_modules\@redis\client\dist\lib\client\index.js:639:35)
    at RedisStore.sendCommand (C:\Users\user\OneDrive\Desktop\CRM\backend\middleware\rateLimiter.js:13:49)
    at RedisStore.sendCommand (C:\Users\user\OneDrive\Desktop\CRM\backend\node_modules\rate-limit-redis\dist\index.cjs:85:49)
    at RedisStore.loadGetScript (C:\Users\user\OneDrive\Desktop\CRM\backend\node_modules\rate-limit-redis\dist\index.cjs:116:31)
    at new RedisStore (C:\Users\user\OneDrive\Desktop\CRM\backend\node_modules\rate-limit-redis\dist\index.cjs:96:30)
    at createRateLimiter (C:\Users\user\OneDrive\Desktop\CRM\backend\middleware\rateLimiter.js:12:16)
    at Object.<anonymous> (C:\Users\user\OneDrive\Desktop\CRM\backend\middleware\rateLimiter.js:32:21)
    at Module._compile (node:internal/modules/cjs/loader:1730:14)
    at Object..js (node:internal/modules/cjs/loader:1895:10)
    at Module.load (node:internal/modules/cjs/loader:1465:32)
2026-01-28 12:49:34: 2026-01-28 12:49:34 [31merror[39m: Error: The client is closed
    at Class.sendCommand (C:\Users\user\OneDrive\Desktop\CRM\backend\node_modules\@redis\client\dist\lib\client\index.js:639:35)
    at RedisStore.sendCommand (C:\Users\user\OneDrive\Desktop\CRM\backend\middleware\rateLimiter.js:13:49)
    at RedisStore.sendCommand (C:\Users\user\OneDrive\Desktop\CRM\backend\node_modules\rate-limit-redis\dist\index.cjs:85:49)
    at RedisStore.loadIncrementScript (C:\Users\user\OneDrive\Desktop\CRM\backend\node_modules\rate-limit-redis\dist\index.cjs:102:31)
    at new RedisStore (C:\Users\user\OneDrive\Desktop\CRM\backend\node_modules\rate-limit-redis\dist\index.cjs:95:36)
    at createRateLimiter (C:\Users\user\OneDrive\Desktop\CRM\backend\middleware\rateLimiter.js:12:16)
    at Object.<anonymous> (C:\Users\user\OneDrive\Desktop\CRM\backend\middleware\rateLimiter.js:41:20)
    at Module._compile (node:internal/modules/cjs/loader:1730:14)
    at Object..js (node:internal/modules/cjs/loader:1895:10)
    at Module.load (node:internal/modules/cjs/loader:1465:32)
2026-01-28 12:49:34: 2026-01-28 12:49:34 [31merror[39m: Error: The client is closed
    at Class.sendCommand (C:\Users\user\OneDrive\Desktop\CRM\backend\node_modules\@redis\client\dist\lib\client\index.js:639:35)
    at RedisStore.sendCommand (C:\Users\user\OneDrive\Desktop\CRM\backend\middleware\rateLimiter.js:13:49)
    at RedisStore.sendCommand (C:\Users\user\OneDrive\Desktop\CRM\backend\node_modules\rate-limit-redis\dist\index.cjs:85:49)
    at RedisStore.loadGetScript (C:\Users\user\OneDrive\Desktop\CRM\backend\node_modules\rate-limit-redis\dist\index.cjs:116:31)
    at new RedisStore (C:\Users\user\OneDrive\Desktop\CRM\backend\node_modules\rate-limit-redis\dist\index.cjs:96:30)
    at createRateLimiter (C:\Users\user\OneDrive\Desktop\CRM\backend\middleware\rateLimiter.js:12:16)
    at Object.<anonymous> (C:\Users\user\OneDrive\Desktop\CRM\backend\middleware\rateLimiter.js:41:20)
    at Module._compile (node:internal/modules/cjs/loader:1730:14)
    at Object..js (node:internal/modules/cjs/loader:1895:10)
    at Module.load (node:internal/modules/cjs/loader:1465:32)
2026-01-28 12:49:34: 2026-01-28 12:49:34 [31merror[39m: Error: The client is closed
    at Class.sendCommand (C:\Users\user\OneDrive\Desktop\CRM\backend\node_modules\@redis\client\dist\lib\client\index.js:639:35)
    at RedisStore.sendCommand (C:\Users\user\OneDrive\Desktop\CRM\backend\middleware\rateLimiter.js:13:49)
    at RedisStore.sendCommand (C:\Users\user\OneDrive\Desktop\CRM\backend\node_modules\rate-limit-redis\dist\index.cjs:85:49)
    at RedisStore.loadIncrementScript (C:\Users\user\OneDrive\Desktop\CRM\backend\node_modules\rate-limit-redis\dist\index.cjs:102:31)
    at new RedisStore (C:\Users\user\OneDrive\Desktop\CRM\backend\node_modules\rate-limit-redis\dist\index.cjs:95:36)
    at createRateLimiter (C:\Users\user\OneDrive\Desktop\CRM\backend\middleware\rateLimiter.js:12:16)
    at Object.<anonymous> (C:\Users\user\OneDrive\Desktop\CRM\backend\middleware\rateLimiter.js:49:23)
    at Module._compile (node:internal/modules/cjs/loader:1730:14)
    at Object..js (node:internal/modules/cjs/loader:1895:10)
    at Module.load (node:internal/modules/cjs/loader:1465:32)
2026-01-28 12:49:34: 2026-01-28 12:49:34 [31merror[39m: Error: The client is closed
    at Class.sendCommand (C:\Users\user\OneDrive\Desktop\CRM\backend\node_modules\@redis\client\dist\lib\client\index.js:639:35)
    at RedisStore.sendCommand (C:\Users\user\OneDrive\Desktop\CRM\backend\middleware\rateLimiter.js:13:49)
    at RedisStore.sendCommand (C:\Users\user\OneDrive\Desktop\CRM\backend\node_modules\rate-limit-redis\dist\index.cjs:85:49)
    at RedisStore.loadGetScript (C:\Users\user\OneDrive\Desktop\CRM\backend\node_modules\rate-limit-redis\dist\index.cjs:116:31)
    at new RedisStore (C:\Users\user\OneDrive\Desktop\CRM\backend\node_modules\rate-limit-redis\dist\index.cjs:96:30)
    at createRateLimiter (C:\Users\user\OneDrive\Desktop\CRM\backend\middleware\rateLimiter.js:12:16)
    at Object.<anonymous> (C:\Users\user\OneDrive\Desktop\CRM\backend\middleware\rateLimiter.js:49:23)
    at Module._compile (node:internal/modules/cjs/loader:1730:14)
    at Object..js (node:internal/modules/cjs/loader:1895:10)
    at Module.load (node:internal/modules/cjs/loader:1465:32)
2026-01-28 12:49:35: 2026-01-28 12:49:35 [31merror[39m: Error: The client is closed
    at Class.sendCommand (C:\Users\user\OneDrive\Desktop\CRM\backend\node_modules\@redis\client\dist\lib\client\index.js:639:35)
    at RedisStore.sendCommand (C:\Users\user\OneDrive\Desktop\CRM\backend\middleware\rateLimiter.js:13:49)
    at RedisStore.sendCommand (C:\Users\user\OneDrive\Desktop\CRM\backend\node_modules\rate-limit-redis\dist\index.cjs:85:49)
    at RedisStore.loadIncrementScript (C:\Users\user\OneDrive\Desktop\CRM\backend\node_modules\rate-limit-redis\dist\index.cjs:102:31)
    at new RedisStore (C:\Users\user\OneDrive\Desktop\CRM\backend\node_modules\rate-limit-redis\dist\index.cjs:95:36)
    at createRateLimiter (C:\Users\user\OneDrive\Desktop\CRM\backend\middleware\rateLimiter.js:12:16)
    at Object.<anonymous> (C:\Users\user\OneDrive\Desktop\CRM\backend\middleware\rateLimiter.js:57:25)
    at Module._compile (node:internal/modules/cjs/loader:1730:14)
    at Object..js (node:internal/modules/cjs/loader:1895:10)
    at Module.load (node:internal/modules/cjs/loader:1465:32)
2026-01-28 12:49:35: 2026-01-28 12:49:35 [31merror[39m: Error: The client is closed
    at Class.sendCommand (C:\Users\user\OneDrive\Desktop\CRM\backend\node_modules\@redis\client\dist\lib\client\index.js:639:35)
    at RedisStore.sendCommand (C:\Users\user\OneDrive\Desktop\CRM\backend\middleware\rateLimiter.js:13:49)
    at RedisStore.sendCommand (C:\Users\user\OneDrive\Desktop\CRM\backend\node_modules\rate-limit-redis\dist\index.cjs:85:49)
    at RedisStore.loadGetScript (C:\Users\user\OneDrive\Desktop\CRM\backend\node_modules\rate-limit-redis\dist\index.cjs:116:31)
    at new RedisStore (C:\Users\user\OneDrive\Desktop\CRM\backend\node_modules\rate-limit-redis\dist\index.cjs:96:30)
    at createRateLimiter (C:\Users\user\OneDrive\Desktop\CRM\backend\middleware\rateLimiter.js:12:16)
    at Object.<anonymous> (C:\Users\user\OneDrive\Desktop\CRM\backend\middleware\rateLimiter.js:57:25)
    at Module._compile (node:internal/modules/cjs/loader:1730:14)
    at Object..js (node:internal/modules/cjs/loader:1895:10)
    at Module.load (node:internal/modules/cjs/loader:1465:32)
2026-01-28 12:49:35: 2026-01-28 12:49:35 [31merror[39m: Error: The client is closed
    at Class.sendCommand (C:\Users\user\OneDrive\Desktop\CRM\backend\node_modules\@redis\client\dist\lib\client\index.js:639:35)
    at RedisStore.sendCommand (C:\Users\user\OneDrive\Desktop\CRM\backend\middleware\rateLimiter.js:13:49)
    at RedisStore.sendCommand (C:\Users\user\OneDrive\Desktop\CRM\backend\node_modules\rate-limit-redis\dist\index.cjs:85:49)
    at RedisStore.loadIncrementScript (C:\Users\user\OneDrive\Desktop\CRM\backend\node_modules\rate-limit-redis\dist\index.cjs:102:31)
    at new RedisStore (C:\Users\user\OneDrive\Desktop\CRM\backend\node_modules\rate-limit-redis\dist\index.cjs:95:36)
    at createRateLimiter (C:\Users\user\OneDrive\Desktop\CRM\backend\middleware\rateLimiter.js:12:16)
    at Object.<anonymous> (C:\Users\user\OneDrive\Desktop\CRM\backend\middleware\rateLimiter.js:65:21)
    at Module._compile (node:internal/modules/cjs/loader:1730:14)
    at Object..js (node:internal/modules/cjs/loader:1895:10)
    at Module.load (node:internal/modules/cjs/loader:1465:32)
2026-01-28 12:49:35: 2026-01-28 12:49:35 [31merror[39m: Error: The client is closed
    at Class.sendCommand (C:\Users\user\OneDrive\Desktop\CRM\backend\node_modules\@redis\client\dist\lib\client\index.js:639:35)
    at RedisStore.sendCommand (C:\Users\user\OneDrive\Desktop\CRM\backend\middleware\rateLimiter.js:13:49)
    at RedisStore.sendCommand (C:\Users\user\OneDrive\Desktop\CRM\backend\node_modules\rate-limit-redis\dist\index.cjs:85:49)
    at RedisStore.loadGetScript (C:\Users\user\OneDrive\Desktop\CRM\backend\node_modules\rate-limit-redis\dist\index.cjs:116:31)
    at new RedisStore (C:\Users\user\OneDrive\Desktop\CRM\backend\node_modules\rate-limit-redis\dist\index.cjs:96:30)
    at createRateLimiter (C:\Users\user\OneDrive\Desktop\CRM\backend\middleware\rateLimiter.js:12:16)
    at Object.<anonymous> (C:\Users\user\OneDrive\Desktop\CRM\backend\middleware\rateLimiter.js:65:21)
    at Module._compile (node:internal/modules/cjs/loader:1730:14)
    at Object..js (node:internal/modules/cjs/loader:1895:10)
    at Module.load (node:internal/modules/cjs/loader:1465:32)
2026-01-28 12:49:35: 2026-01-28 12:49:35 [31merror[39m: Error: NOAUTH Authentication required
    at #decodeSimpleError (C:\Users\user\OneDrive\Desktop\CRM\backend\node_modules\@redis\client\dist\lib\RESP\decoder.js:457:13)
    at #decodeTypeValue (C:\Users\user\OneDrive\Desktop\CRM\backend\node_modules\@redis\client\dist\lib\RESP\decoder.js:104:91)
    at Decoder.write (C:\Users\user\OneDrive\Desktop\CRM\backend\node_modules\@redis\client\dist\lib\RESP\decoder.js:74:38)
    at RedisSocket.<anonymous> (C:\Users\user\OneDrive\Desktop\CRM\backend\node_modules\@redis\client\dist\lib\client\index.js:437:37)
    at RedisSocket.emit (node:events:518:28)
    at Socket.<anonymous> (C:\Users\user\OneDrive\Desktop\CRM\backend\node_modules\@redis\client\dist\lib\client\socket.js:235:38)
    at Socket.emit (node:events:518:28)
    at addChunk (node:internal/streams/readable:561:12)
    at readableAddChunkPushByteMode (node:internal/streams/readable:512:3)
    at Readable.push (node:internal/streams/readable:392:5)
    at TCP.onStreamRead (node:internal/stream_base_commons:189:23)
2026-01-28 12:49:35: 2026-01-28 12:49:35 [31merror[39m: Error: NOAUTH Authentication required
    at #decodeSimpleError (C:\Users\user\OneDrive\Desktop\CRM\backend\node_modules\@redis\client\dist\lib\RESP\decoder.js:457:13)
    at #decodeTypeValue (C:\Users\user\OneDrive\Desktop\CRM\backend\node_modules\@redis\client\dist\lib\RESP\decoder.js:104:91)
    at Decoder.write (C:\Users\user\OneDrive\Desktop\CRM\backend\node_modules\@redis\client\dist\lib\RESP\decoder.js:74:38)
    at RedisSocket.<anonymous> (C:\Users\user\OneDrive\Desktop\CRM\backend\node_modules\@redis\client\dist\lib\client\index.js:437:37)
    at RedisSocket.emit (node:events:518:28)
    at Socket.<anonymous> (C:\Users\user\OneDrive\Desktop\CRM\backend\node_modules\@redis\client\dist\lib\client\socket.js:235:38)
    at Socket.emit (node:events:518:28)
    at addChunk (node:internal/streams/readable:561:12)
    at readableAddChunkPushByteMode (node:internal/streams/readable:512:3)
    at Readable.push (node:internal/streams/readable:392:5)
    at TCP.onStreamRead (node:internal/stream_base_commons:189:23)
2026-01-28 12:49:35: 2026-01-28 12:49:35 [32minfo[39m: ✅ Redis Connected successfully
2026-01-28 12:49:35: 📡 Mongoose connected to Atlas cluster
2026-01-28 12:49:35: ✅ MongoDB Atlas connected successfully!
2026-01-28 12:49:35: ✅ Query model connected successfully
2026-01-28 12:49:44: 🔌 Socket.IO instance set successfully
2026-01-28 12:49:45: ℹ️ Huawei E173 Modem Service is disabled via ENABLE_MODEM flag
2026-01-28 12:49:45: Starting Auto-Logout Job...
2026-01-28 12:49:45: 2026-01-28 12:49:45 [31merror[39m: Error: The client is closed
    at Class.sendCommand (C:\Users\user\OneDrive\Desktop\CRM\backend\node_modules\@redis\client\dist\lib\client\index.js:639:35)
    at RedisStore.sendCommand (C:\Users\user\OneDrive\Desktop\CRM\backend\middleware\rateLimiter.js:13:49)
    at RedisStore.sendCommand (C:\Users\user\OneDrive\Desktop\CRM\backend\node_modules\rate-limit-redis\dist\index.cjs:85:49)
    at RedisStore.loadIncrementScript (C:\Users\user\OneDrive\Desktop\CRM\backend\node_modules\rate-limit-redis\dist\index.cjs:102:31)
    at new RedisStore (C:\Users\user\OneDrive\Desktop\CRM\backend\node_modules\rate-limit-redis\dist\index.cjs:95:36)
    at createRateLimiter (C:\Users\user\OneDrive\Desktop\CRM\backend\middleware\rateLimiter.js:12:16)
    at Object.<anonymous> (C:\Users\user\OneDrive\Desktop\CRM\backend\middleware\rateLimiter.js:32:21)
    at Module._compile (node:internal/modules/cjs/loader:1730:14)
    at Object..js (node:internal/modules/cjs/loader:1895:10)
    at Module.load (node:internal/modules/cjs/loader:1465:32)
2026-01-28 12:49:45: 2026-01-28 12:49:45 [31merror[39m: Error: The client is closed
    at Class.sendCommand (C:\Users\user\OneDrive\Desktop\CRM\backend\node_modules\@redis\client\dist\lib\client\index.js:639:35)
    at RedisStore.sendCommand (C:\Users\user\OneDrive\Desktop\CRM\backend\middleware\rateLimiter.js:13:49)
    at RedisStore.sendCommand (C:\Users\user\OneDrive\Desktop\CRM\backend\node_modules\rate-limit-redis\dist\index.cjs:85:49)
    at RedisStore.loadGetScript (C:\Users\user\OneDrive\Desktop\CRM\backend\node_modules\rate-limit-redis\dist\index.cjs:116:31)
    at new RedisStore (C:\Users\user\OneDrive\Desktop\CRM\backend\node_modules\rate-limit-redis\dist\index.cjs:96:30)
    at createRateLimiter (C:\Users\user\OneDrive\Desktop\CRM\backend\middleware\rateLimiter.js:12:16)
    at Object.<anonymous> (C:\Users\user\OneDrive\Desktop\CRM\backend\middleware\rateLimiter.js:32:21)
    at Module._compile (node:internal/modules/cjs/loader:1730:14)
    at Object..js (node:internal/modules/cjs/loader:1895:10)
    at Module.load (node:internal/modules/cjs/loader:1465:32)
2026-01-28 12:49:45: 2026-01-28 12:49:45 [31merror[39m: Error: The client is closed
    at Class.sendCommand (C:\Users\user\OneDrive\Desktop\CRM\backend\node_modules\@redis\client\dist\lib\client\index.js:639:35)
    at RedisStore.sendCommand (C:\Users\user\OneDrive\Desktop\CRM\backend\middleware\rateLimiter.js:13:49)
    at RedisStore.sendCommand (C:\Users\user\OneDrive\Desktop\CRM\backend\node_modules\rate-limit-redis\dist\index.cjs:85:49)
    at RedisStore.loadIncrementScript (C:\Users\user\OneDrive\Desktop\CRM\backend\node_modules\rate-limit-redis\dist\index.cjs:102:31)
    at new RedisStore (C:\Users\user\OneDrive\Desktop\CRM\backend\node_modules\rate-limit-redis\dist\index.cjs:95:36)
    at createRateLimiter (C:\Users\user\OneDrive\Desktop\CRM\backend\middleware\rateLimiter.js:12:16)
    at Object.<anonymous> (C:\Users\user\OneDrive\Desktop\CRM\backend\middleware\rateLimiter.js:41:20)
    at Module._compile (node:internal/modules/cjs/loader:1730:14)
    at Object..js (node:internal/modules/cjs/loader:1895:10)
    at Module.load (node:internal/modules/cjs/loader:1465:32)
2026-01-28 12:49:45: 2026-01-28 12:49:45 [31merror[39m: Error: The client is closed
    at Class.sendCommand (C:\Users\user\OneDrive\Desktop\CRM\backend\node_modules\@redis\client\dist\lib\client\index.js:639:35)
    at RedisStore.sendCommand (C:\Users\user\OneDrive\Desktop\CRM\backend\middleware\rateLimiter.js:13:49)
    at RedisStore.sendCommand (C:\Users\user\OneDrive\Desktop\CRM\backend\node_modules\rate-limit-redis\dist\index.cjs:85:49)
    at RedisStore.loadGetScript (C:\Users\user\OneDrive\Desktop\CRM\backend\node_modules\rate-limit-redis\dist\index.cjs:116:31)
    at new RedisStore (C:\Users\user\OneDrive\Desktop\CRM\backend\node_modules\rate-limit-redis\dist\index.cjs:96:30)
    at createRateLimiter (C:\Users\user\OneDrive\Desktop\CRM\backend\middleware\rateLimiter.js:12:16)
    at Object.<anonymous> (C:\Users\user\OneDrive\Desktop\CRM\backend\middleware\rateLimiter.js:41:20)
    at Module._compile (node:internal/modules/cjs/loader:1730:14)
    at Object..js (node:internal/modules/cjs/loader:1895:10)
    at Module.load (node:internal/modules/cjs/loader:1465:32)
2026-01-28 12:49:45: 2026-01-28 12:49:45 [31merror[39m: Error: The client is closed
    at Class.sendCommand (C:\Users\user\OneDrive\Desktop\CRM\backend\node_modules\@redis\client\dist\lib\client\index.js:639:35)
    at RedisStore.sendCommand (C:\Users\user\OneDrive\Desktop\CRM\backend\middleware\rateLimiter.js:13:49)
    at RedisStore.sendCommand (C:\Users\user\OneDrive\Desktop\CRM\backend\node_modules\rate-limit-redis\dist\index.cjs:85:49)
    at RedisStore.loadIncrementScript (C:\Users\user\OneDrive\Desktop\CRM\backend\node_modules\rate-limit-redis\dist\index.cjs:102:31)
    at new RedisStore (C:\Users\user\OneDrive\Desktop\CRM\backend\node_modules\rate-limit-redis\dist\index.cjs:95:36)
    at createRateLimiter (C:\Users\user\OneDrive\Desktop\CRM\backend\middleware\rateLimiter.js:12:16)
    at Object.<anonymous> (C:\Users\user\OneDrive\Desktop\CRM\backend\middleware\rateLimiter.js:49:23)
    at Module._compile (node:internal/modules/cjs/loader:1730:14)
    at Object..js (node:internal/modules/cjs/loader:1895:10)
    at Module.load (node:internal/modules/cjs/loader:1465:32)
2026-01-28 12:49:45: 2026-01-28 12:49:45 [31merror[39m: Error: The client is closed
    at Class.sendCommand (C:\Users\user\OneDrive\Desktop\CRM\backend\node_modules\@redis\client\dist\lib\client\index.js:639:35)
    at RedisStore.sendCommand (C:\Users\user\OneDrive\Desktop\CRM\backend\middleware\rateLimiter.js:13:49)
    at RedisStore.sendCommand (C:\Users\user\OneDrive\Desktop\CRM\backend\node_modules\rate-limit-redis\dist\index.cjs:85:49)
    at RedisStore.loadGetScript (C:\Users\user\OneDrive\Desktop\CRM\backend\node_modules\rate-limit-redis\dist\index.cjs:116:31)
    at new RedisStore (C:\Users\user\OneDrive\Desktop\CRM\backend\node_modules\rate-limit-redis\dist\index.cjs:96:30)
    at createRateLimiter (C:\Users\user\OneDrive\Desktop\CRM\backend\middleware\rateLimiter.js:12:16)
    at Object.<anonymous> (C:\Users\user\OneDrive\Desktop\CRM\backend\middleware\rateLimiter.js:49:23)
    at Module._compile (node:internal/modules/cjs/loader:1730:14)
    at Object..js (node:internal/modules/cjs/loader:1895:10)
    at Module.load (node:internal/modules/cjs/loader:1465:32)
2026-01-28 12:49:45: 2026-01-28 12:49:45 [31merror[39m: Error: The client is closed
    at Class.sendCommand (C:\Users\user\OneDrive\Desktop\CRM\backend\node_modules\@redis\client\dist\lib\client\index.js:639:35)
    at RedisStore.sendCommand (C:\Users\user\OneDrive\Desktop\CRM\backend\middleware\rateLimiter.js:13:49)
    at RedisStore.sendCommand (C:\Users\user\OneDrive\Desktop\CRM\backend\node_modules\rate-limit-redis\dist\index.cjs:85:49)
    at RedisStore.loadIncrementScript (C:\Users\user\OneDrive\Desktop\CRM\backend\node_modules\rate-limit-redis\dist\index.cjs:102:31)
    at new RedisStore (C:\Users\user\OneDrive\Desktop\CRM\backend\node_modules\rate-limit-redis\dist\index.cjs:95:36)
    at createRateLimiter (C:\Users\user\OneDrive\Desktop\CRM\backend\middleware\rateLimiter.js:12:16)
    at Object.<anonymous> (C:\Users\user\OneDrive\Desktop\CRM\backend\middleware\rateLimiter.js:57:25)
    at Module._compile (node:internal/modules/cjs/loader:1730:14)
    at Object..js (node:internal/modules/cjs/loader:1895:10)
    at Module.load (node:internal/modules/cjs/loader:1465:32)
2026-01-28 12:49:45: 2026-01-28 12:49:45 [31merror[39m: Error: The client is closed
    at Class.sendCommand (C:\Users\user\OneDrive\Desktop\CRM\backend\node_modules\@redis\client\dist\lib\client\index.js:639:35)
    at RedisStore.sendCommand (C:\Users\user\OneDrive\Desktop\CRM\backend\middleware\rateLimiter.js:13:49)
    at RedisStore.sendCommand (C:\Users\user\OneDrive\Desktop\CRM\backend\node_modules\rate-limit-redis\dist\index.cjs:85:49)
    at RedisStore.loadGetScript (C:\Users\user\OneDrive\Desktop\CRM\backend\node_modules\rate-limit-redis\dist\index.cjs:116:31)
    at new RedisStore (C:\Users\user\OneDrive\Desktop\CRM\backend\node_modules\rate-limit-redis\dist\index.cjs:96:30)
    at createRateLimiter (C:\Users\user\OneDrive\Desktop\CRM\backend\middleware\rateLimiter.js:12:16)
    at Object.<anonymous> (C:\Users\user\OneDrive\Desktop\CRM\backend\middleware\rateLimiter.js:57:25)
    at Module._compile (node:internal/modules/cjs/loader:1730:14)
    at Object..js (node:internal/modules/cjs/loader:1895:10)
    at Module.load (node:internal/modules/cjs/loader:1465:32)
2026-01-28 12:49:45: 2026-01-28 12:49:45 [31merror[39m: Error: The client is closed
    at Class.sendCommand (C:\Users\user\OneDrive\Desktop\CRM\backend\node_modules\@redis\client\dist\lib\client\index.js:639:35)
    at RedisStore.sendCommand (C:\Users\user\OneDrive\Desktop\CRM\backend\middleware\rateLimiter.js:13:49)
    at RedisStore.sendCommand (C:\Users\user\OneDrive\Desktop\CRM\backend\node_modules\rate-limit-redis\dist\index.cjs:85:49)
    at RedisStore.loadIncrementScript (C:\Users\user\OneDrive\Desktop\CRM\backend\node_modules\rate-limit-redis\dist\index.cjs:102:31)
    at new RedisStore (C:\Users\user\OneDrive\Desktop\CRM\backend\node_modules\rate-limit-redis\dist\index.cjs:95:36)
    at createRateLimiter (C:\Users\user\OneDrive\Desktop\CRM\backend\middleware\rateLimiter.js:12:16)
    at Object.<anonymous> (C:\Users\user\OneDrive\Desktop\CRM\backend\middleware\rateLimiter.js:65:21)
    at Module._compile (node:internal/modules/cjs/loader:1730:14)
    at Object..js (node:internal/modules/cjs/loader:1895:10)
    at Module.load (node:internal/modules/cjs/loader:1465:32)
2026-01-28 12:49:45: 2026-01-28 12:49:45 [31merror[39m: Error: The client is closed
    at Class.sendCommand (C:\Users\user\OneDrive\Desktop\CRM\backend\node_modules\@redis\client\dist\lib\client\index.js:639:35)
    at RedisStore.sendCommand (C:\Users\user\OneDrive\Desktop\CRM\backend\middleware\rateLimiter.js:13:49)
    at RedisStore.sendCommand (C:\Users\user\OneDrive\Desktop\CRM\backend\node_modules\rate-limit-redis\dist\index.cjs:85:49)
    at RedisStore.loadGetScript (C:\Users\user\OneDrive\Desktop\CRM\backend\node_modules\rate-limit-redis\dist\index.cjs:116:31)
    at new RedisStore (C:\Users\user\OneDrive\Desktop\CRM\backend\node_modules\rate-limit-redis\dist\index.cjs:96:30)
    at createRateLimiter (C:\Users\user\OneDrive\Desktop\CRM\backend\middleware\rateLimiter.js:12:16)
    at Object.<anonymous> (C:\Users\user\OneDrive\Desktop\CRM\backend\middleware\rateLimiter.js:65:21)
    at Module._compile (node:internal/modules/cjs/loader:1730:14)
    at Object..js (node:internal/modules/cjs/loader:1895:10)
    at Module.load (node:internal/modules/cjs/loader:1465:32)
2026-01-28 12:49:45: 2026-01-28 12:49:45 [31merror[39m: Error: NOAUTH Authentication required
    at #decodeSimpleError (C:\Users\user\OneDrive\Desktop\CRM\backend\node_modules\@redis\client\dist\lib\RESP\decoder.js:457:13)
    at #decodeTypeValue (C:\Users\user\OneDrive\Desktop\CRM\backend\node_modules\@redis\client\dist\lib\RESP\decoder.js:104:91)
    at Decoder.write (C:\Users\user\OneDrive\Desktop\CRM\backend\node_modules\@redis\client\dist\lib\RESP\decoder.js:74:38)
    at RedisSocket.<anonymous> (C:\Users\user\OneDrive\Desktop\CRM\backend\node_modules\@redis\client\dist\lib\client\index.js:437:37)
    at RedisSocket.emit (node:events:518:28)
    at Socket.<anonymous> (C:\Users\user\OneDrive\Desktop\CRM\backend\node_modules\@redis\client\dist\lib\client\socket.js:235:38)
    at Socket.emit (node:events:518:28)
    at addChunk (node:internal/streams/readable:561:12)
    at readableAddChunkPushByteMode (node:internal/streams/readable:512:3)
    at Readable.push (node:internal/streams/readable:392:5)
    at TCP.onStreamRead (node:internal/stream_base_commons:189:23)
2026-01-28 12:49:45: 2026-01-28 12:49:45 [31merror[39m: Error: NOAUTH Authentication required
    at #decodeSimpleError (C:\Users\user\OneDrive\Desktop\CRM\backend\node_modules\@redis\client\dist\lib\RESP\decoder.js:457:13)
    at #decodeTypeValue (C:\Users\user\OneDrive\Desktop\CRM\backend\node_modules\@redis\client\dist\lib\RESP\decoder.js:104:91)
    at Decoder.write (C:\Users\user\OneDrive\Desktop\CRM\backend\node_modules\@redis\client\dist\lib\RESP\decoder.js:74:38)
    at RedisSocket.<anonymous> (C:\Users\user\OneDrive\Desktop\CRM\backend\node_modules\@redis\client\dist\lib\client\index.js:437:37)
    at RedisSocket.emit (node:events:518:28)
    at Socket.<anonymous> (C:\Users\user\OneDrive\Desktop\CRM\backend\node_modules\@redis\client\dist\lib\client\socket.js:235:38)
    at Socket.emit (node:events:518:28)
    at addChunk (node:internal/streams/readable:561:12)
    at readableAddChunkPushByteMode (node:internal/streams/readable:512:3)
    at Readable.push (node:internal/streams/readable:392:5)
    at TCP.onStreamRead (node:internal/stream_base_commons:189:23)
2026-01-28 12:49:45: 2026-01-28 12:49:45 [32minfo[39m: ✅ Redis Connected successfully
2026-01-28 12:49:45: 📡 Mongoose connected to Atlas cluster
2026-01-28 12:49:45: ✅ MongoDB Atlas connected successfully!
2026-01-28 12:49:45: ✅ Query model connected successfully
2026-01-28 12:49:54: 🔌 Socket.IO instance set successfully
2026-01-28 12:49:54: ℹ️ Huawei E173 Modem Service is disabled via ENABLE_MODEM flag
2026-01-28 12:49:54: Starting Auto-Logout Job...
2026-01-28 12:49:54: 2026-01-28 12:49:54 [31merror[39m: Error: The client is closed
    at Class.sendCommand (C:\Users\user\OneDrive\Desktop\CRM\backend\node_modules\@redis\client\dist\lib\client\index.js:639:35)
    at RedisStore.sendCommand (C:\Users\user\OneDrive\Desktop\CRM\backend\middleware\rateLimiter.js:13:49)
    at RedisStore.sendCommand (C:\Users\user\OneDrive\Desktop\CRM\backend\node_modules\rate-limit-redis\dist\index.cjs:85:49)
    at RedisStore.loadIncrementScript (C:\Users\user\OneDrive\Desktop\CRM\backend\node_modules\rate-limit-redis\dist\index.cjs:102:31)
    at new RedisStore (C:\Users\user\OneDrive\Desktop\CRM\backend\node_modules\rate-limit-redis\dist\index.cjs:95:36)
    at createRateLimiter (C:\Users\user\OneDrive\Desktop\CRM\backend\middleware\rateLimiter.js:12:16)
    at Object.<anonymous> (C:\Users\user\OneDrive\Desktop\CRM\backend\middleware\rateLimiter.js:32:21)
    at Module._compile (node:internal/modules/cjs/loader:1730:14)
    at Object..js (node:internal/modules/cjs/loader:1895:10)
    at Module.load (node:internal/modules/cjs/loader:1465:32)
2026-01-28 12:49:54: 2026-01-28 12:49:54 [31merror[39m: Error: The client is closed
    at Class.sendCommand (C:\Users\user\OneDrive\Desktop\CRM\backend\node_modules\@redis\client\dist\lib\client\index.js:639:35)
    at RedisStore.sendCommand (C:\Users\user\OneDrive\Desktop\CRM\backend\middleware\rateLimiter.js:13:49)
    at RedisStore.sendCommand (C:\Users\user\OneDrive\Desktop\CRM\backend\node_modules\rate-limit-redis\dist\index.cjs:85:49)
    at RedisStore.loadGetScript (C:\Users\user\OneDrive\Desktop\CRM\backend\node_modules\rate-limit-redis\dist\index.cjs:116:31)
    at new RedisStore (C:\Users\user\OneDrive\Desktop\CRM\backend\node_modules\rate-limit-redis\dist\index.cjs:96:30)
    at createRateLimiter (C:\Users\user\OneDrive\Desktop\CRM\backend\middleware\rateLimiter.js:12:16)
    at Object.<anonymous> (C:\Users\user\OneDrive\Desktop\CRM\backend\middleware\rateLimiter.js:32:21)
    at Module._compile (node:internal/modules/cjs/loader:1730:14)
    at Object..js (node:internal/modules/cjs/loader:1895:10)
    at Module.load (node:internal/modules/cjs/loader:1465:32)
2026-01-28 12:49:54: 2026-01-28 12:49:54 [31merror[39m: Error: The client is closed
    at Class.sendCommand (C:\Users\user\OneDrive\Desktop\CRM\backend\node_modules\@redis\client\dist\lib\client\index.js:639:35)
    at RedisStore.sendCommand (C:\Users\user\OneDrive\Desktop\CRM\backend\middleware\rateLimiter.js:13:49)
    at RedisStore.sendCommand (C:\Users\user\OneDrive\Desktop\CRM\backend\node_modules\rate-limit-redis\dist\index.cjs:85:49)
    at RedisStore.loadIncrementScript (C:\Users\user\OneDrive\Desktop\CRM\backend\node_modules\rate-limit-redis\dist\index.cjs:102:31)
    at new RedisStore (C:\Users\user\OneDrive\Desktop\CRM\backend\node_modules\rate-limit-redis\dist\index.cjs:95:36)
    at createRateLimiter (C:\Users\user\OneDrive\Desktop\CRM\backend\middleware\rateLimiter.js:12:16)
    at Object.<anonymous> (C:\Users\user\OneDrive\Desktop\CRM\backend\middleware\rateLimiter.js:41:20)
    at Module._compile (node:internal/modules/cjs/loader:1730:14)
    at Object..js (node:internal/modules/cjs/loader:1895:10)
    at Module.load (node:internal/modules/cjs/loader:1465:32)
2026-01-28 12:49:54: 2026-01-28 12:49:54 [31merror[39m: Error: The client is closed
    at Class.sendCommand (C:\Users\user\OneDrive\Desktop\CRM\backend\node_modules\@redis\client\dist\lib\client\index.js:639:35)
    at RedisStore.sendCommand (C:\Users\user\OneDrive\Desktop\CRM\backend\middleware\rateLimiter.js:13:49)
    at RedisStore.sendCommand (C:\Users\user\OneDrive\Desktop\CRM\backend\node_modules\rate-limit-redis\dist\index.cjs:85:49)
    at RedisStore.loadGetScript (C:\Users\user\OneDrive\Desktop\CRM\backend\node_modules\rate-limit-redis\dist\index.cjs:116:31)
    at new RedisStore (C:\Users\user\OneDrive\Desktop\CRM\backend\node_modules\rate-limit-redis\dist\index.cjs:96:30)
    at createRateLimiter (C:\Users\user\OneDrive\Desktop\CRM\backend\middleware\rateLimiter.js:12:16)
    at Object.<anonymous> (C:\Users\user\OneDrive\Desktop\CRM\backend\middleware\rateLimiter.js:41:20)
    at Module._compile (node:internal/modules/cjs/loader:1730:14)
    at Object..js (node:internal/modules/cjs/loader:1895:10)
    at Module.load (node:internal/modules/cjs/loader:1465:32)
2026-01-28 12:49:54: 2026-01-28 12:49:54 [31merror[39m: Error: The client is closed
    at Class.sendCommand (C:\Users\user\OneDrive\Desktop\CRM\backend\node_modules\@redis\client\dist\lib\client\index.js:639:35)
    at RedisStore.sendCommand (C:\Users\user\OneDrive\Desktop\CRM\backend\middleware\rateLimiter.js:13:49)
    at RedisStore.sendCommand (C:\Users\user\OneDrive\Desktop\CRM\backend\node_modules\rate-limit-redis\dist\index.cjs:85:49)
    at RedisStore.loadIncrementScript (C:\Users\user\OneDrive\Desktop\CRM\backend\node_modules\rate-limit-redis\dist\index.cjs:102:31)
    at new RedisStore (C:\Users\user\OneDrive\Desktop\CRM\backend\node_modules\rate-limit-redis\dist\index.cjs:95:36)
    at createRateLimiter (C:\Users\user\OneDrive\Desktop\CRM\backend\middleware\rateLimiter.js:12:16)
    at Object.<anonymous> (C:\Users\user\OneDrive\Desktop\CRM\backend\middleware\rateLimiter.js:49:23)
    at Module._compile (node:internal/modules/cjs/loader:1730:14)
    at Object..js (node:internal/modules/cjs/loader:1895:10)
    at Module.load (node:internal/modules/cjs/loader:1465:32)
2026-01-28 12:49:54: 2026-01-28 12:49:54 [31merror[39m: Error: The client is closed
    at Class.sendCommand (C:\Users\user\OneDrive\Desktop\CRM\backend\node_modules\@redis\client\dist\lib\client\index.js:639:35)
    at RedisStore.sendCommand (C:\Users\user\OneDrive\Desktop\CRM\backend\middleware\rateLimiter.js:13:49)
    at RedisStore.sendCommand (C:\Users\user\OneDrive\Desktop\CRM\backend\node_modules\rate-limit-redis\dist\index.cjs:85:49)
    at RedisStore.loadGetScript (C:\Users\user\OneDrive\Desktop\CRM\backend\node_modules\rate-limit-redis\dist\index.cjs:116:31)
    at new RedisStore (C:\Users\user\OneDrive\Desktop\CRM\backend\node_modules\rate-limit-redis\dist\index.cjs:96:30)
    at createRateLimiter (C:\Users\user\OneDrive\Desktop\CRM\backend\middleware\rateLimiter.js:12:16)
    at Object.<anonymous> (C:\Users\user\OneDrive\Desktop\CRM\backend\middleware\rateLimiter.js:49:23)
    at Module._compile (node:internal/modules/cjs/loader:1730:14)
    at Object..js (node:internal/modules/cjs/loader:1895:10)
    at Module.load (node:internal/modules/cjs/loader:1465:32)
2026-01-28 12:49:54: 2026-01-28 12:49:54 [31merror[39m: Error: The client is closed
    at Class.sendCommand (C:\Users\user\OneDrive\Desktop\CRM\backend\node_modules\@redis\client\dist\lib\client\index.js:639:35)
    at RedisStore.sendCommand (C:\Users\user\OneDrive\Desktop\CRM\backend\middleware\rateLimiter.js:13:49)
    at RedisStore.sendCommand (C:\Users\user\OneDrive\Desktop\CRM\backend\node_modules\rate-limit-redis\dist\index.cjs:85:49)
    at RedisStore.loadIncrementScript (C:\Users\user\OneDrive\Desktop\CRM\backend\node_modules\rate-limit-redis\dist\index.cjs:102:31)
    at new RedisStore (C:\Users\user\OneDrive\Desktop\CRM\backend\node_modules\rate-limit-redis\dist\index.cjs:95:36)
    at createRateLimiter (C:\Users\user\OneDrive\Desktop\CRM\backend\middleware\rateLimiter.js:12:16)
    at Object.<anonymous> (C:\Users\user\OneDrive\Desktop\CRM\backend\middleware\rateLimiter.js:57:25)
    at Module._compile (node:internal/modules/cjs/loader:1730:14)
    at Object..js (node:internal/modules/cjs/loader:1895:10)
    at Module.load (node:internal/modules/cjs/loader:1465:32)
2026-01-28 12:49:54: 2026-01-28 12:49:54 [31merror[39m: Error: The client is closed
    at Class.sendCommand (C:\Users\user\OneDrive\Desktop\CRM\backend\node_modules\@redis\client\dist\lib\client\index.js:639:35)
    at RedisStore.sendCommand (C:\Users\user\OneDrive\Desktop\CRM\backend\middleware\rateLimiter.js:13:49)
    at RedisStore.sendCommand (C:\Users\user\OneDrive\Desktop\CRM\backend\node_modules\rate-limit-redis\dist\index.cjs:85:49)
    at RedisStore.loadGetScript (C:\Users\user\OneDrive\Desktop\CRM\backend\node_modules\rate-limit-redis\dist\index.cjs:116:31)
    at new RedisStore (C:\Users\user\OneDrive\Desktop\CRM\backend\node_modules\rate-limit-redis\dist\index.cjs:96:30)
    at createRateLimiter (C:\Users\user\OneDrive\Desktop\CRM\backend\middleware\rateLimiter.js:12:16)
    at Object.<anonymous> (C:\Users\user\OneDrive\Desktop\CRM\backend\middleware\rateLimiter.js:57:25)
    at Module._compile (node:internal/modules/cjs/loader:1730:14)
    at Object..js (node:internal/modules/cjs/loader:1895:10)
    at Module.load (node:internal/modules/cjs/loader:1465:32)
2026-01-28 12:49:54: 2026-01-28 12:49:54 [31merror[39m: Error: The client is closed
    at Class.sendCommand (C:\Users\user\OneDrive\Desktop\CRM\backend\node_modules\@redis\client\dist\lib\client\index.js:639:35)
    at RedisStore.sendCommand (C:\Users\user\OneDrive\Desktop\CRM\backend\middleware\rateLimiter.js:13:49)
    at RedisStore.sendCommand (C:\Users\user\OneDrive\Desktop\CRM\backend\node_modules\rate-limit-redis\dist\index.cjs:85:49)
    at RedisStore.loadIncrementScript (C:\Users\user\OneDrive\Desktop\CRM\backend\node_modules\rate-limit-redis\dist\index.cjs:102:31)
    at new RedisStore (C:\Users\user\OneDrive\Desktop\CRM\backend\node_modules\rate-limit-redis\dist\index.cjs:95:36)
    at createRateLimiter (C:\Users\user\OneDrive\Desktop\CRM\backend\middleware\rateLimiter.js:12:16)
    at Object.<anonymous> (C:\Users\user\OneDrive\Desktop\CRM\backend\middleware\rateLimiter.js:65:21)
    at Module._compile (node:internal/modules/cjs/loader:1730:14)
    at Object..js (node:internal/modules/cjs/loader:1895:10)
    at Module.load (node:internal/modules/cjs/loader:1465:32)
2026-01-28 12:49:54: 2026-01-28 12:49:54 [31merror[39m: Error: The client is closed
    at Class.sendCommand (C:\Users\user\OneDrive\Desktop\CRM\backend\node_modules\@redis\client\dist\lib\client\index.js:639:35)
    at RedisStore.sendCommand (C:\Users\user\OneDrive\Desktop\CRM\backend\middleware\rateLimiter.js:13:49)
    at RedisStore.sendCommand (C:\Users\user\OneDrive\Desktop\CRM\backend\node_modules\rate-limit-redis\dist\index.cjs:85:49)
    at RedisStore.loadGetScript (C:\Users\user\OneDrive\Desktop\CRM\backend\node_modules\rate-limit-redis\dist\index.cjs:116:31)
    at new RedisStore (C:\Users\user\OneDrive\Desktop\CRM\backend\node_modules\rate-limit-redis\dist\index.cjs:96:30)
    at createRateLimiter (C:\Users\user\OneDrive\Desktop\CRM\backend\middleware\rateLimiter.js:12:16)
    at Object.<anonymous> (C:\Users\user\OneDrive\Desktop\CRM\backend\middleware\rateLimiter.js:65:21)
    at Module._compile (node:internal/modules/cjs/loader:1730:14)
    at Object..js (node:internal/modules/cjs/loader:1895:10)
    at Module.load (node:internal/modules/cjs/loader:1465:32)
2026-01-28 12:49:55: 2026-01-28 12:49:55 [31merror[39m: Error: NOAUTH Authentication required
    at #decodeSimpleError (C:\Users\user\OneDrive\Desktop\CRM\backend\node_modules\@redis\client\dist\lib\RESP\decoder.js:457:13)
    at #decodeTypeValue (C:\Users\user\OneDrive\Desktop\CRM\backend\node_modules\@redis\client\dist\lib\RESP\decoder.js:104:91)
    at Decoder.write (C:\Users\user\OneDrive\Desktop\CRM\backend\node_modules\@redis\client\dist\lib\RESP\decoder.js:74:38)
    at RedisSocket.<anonymous> (C:\Users\user\OneDrive\Desktop\CRM\backend\node_modules\@redis\client\dist\lib\client\index.js:437:37)
    at RedisSocket.emit (node:events:518:28)
    at Socket.<anonymous> (C:\Users\user\OneDrive\Desktop\CRM\backend\node_modules\@redis\client\dist\lib\client\socket.js:235:38)
    at Socket.emit (node:events:518:28)
    at addChunk (node:internal/streams/readable:561:12)
    at readableAddChunkPushByteMode (node:internal/streams/readable:512:3)
    at Readable.push (node:internal/streams/readable:392:5)
    at TCP.onStreamRead (node:internal/stream_base_commons:189:23)
2026-01-28 12:49:55: 2026-01-28 12:49:55 [31merror[39m: Error: NOAUTH Authentication required
    at #decodeSimpleError (C:\Users\user\OneDrive\Desktop\CRM\backend\node_modules\@redis\client\dist\lib\RESP\decoder.js:457:13)
    at #decodeTypeValue (C:\Users\user\OneDrive\Desktop\CRM\backend\node_modules\@redis\client\dist\lib\RESP\decoder.js:104:91)
    at Decoder.write (C:\Users\user\OneDrive\Desktop\CRM\backend\node_modules\@redis\client\dist\lib\RESP\decoder.js:74:38)
    at RedisSocket.<anonymous> (C:\Users\user\OneDrive\Desktop\CRM\backend\node_modules\@redis\client\dist\lib\client\index.js:437:37)
    at RedisSocket.emit (node:events:518:28)
    at Socket.<anonymous> (C:\Users\user\OneDrive\Desktop\CRM\backend\node_modules\@redis\client\dist\lib\client\socket.js:235:38)
    at Socket.emit (node:events:518:28)
    at addChunk (node:internal/streams/readable:561:12)
    at readableAddChunkPushByteMode (node:internal/streams/readable:512:3)
    at Readable.push (node:internal/streams/readable:392:5)
    at TCP.onStreamRead (node:internal/stream_base_commons:189:23)
2026-01-28 12:49:55: 2026-01-28 12:49:55 [32minfo[39m: ✅ Redis Connected successfully
2026-01-28 12:49:55: 📡 Mongoose connected to Atlas cluster
2026-01-28 12:49:55: ✅ MongoDB Atlas connected successfully!
2026-01-28 12:49:55: ✅ Query model connected successfully
2026-01-28 12:50:04: 🔌 Socket.IO instance set successfully
2026-01-28 12:50:04: ℹ️ Huawei E173 Modem Service is disabled via ENABLE_MODEM flag
2026-01-28 12:50:04: Starting Auto-Logout Job...
2026-01-28 12:50:04: 2026-01-28 12:50:04 [31merror[39m: Error: The client is closed
    at Class.sendCommand (C:\Users\user\OneDrive\Desktop\CRM\backend\node_modules\@redis\client\dist\lib\client\index.js:639:35)
    at RedisStore.sendCommand (C:\Users\user\OneDrive\Desktop\CRM\backend\middleware\rateLimiter.js:13:49)
    at RedisStore.sendCommand (C:\Users\user\OneDrive\Desktop\CRM\backend\node_modules\rate-limit-redis\dist\index.cjs:85:49)
    at RedisStore.loadIncrementScript (C:\Users\user\OneDrive\Desktop\CRM\backend\node_modules\rate-limit-redis\dist\index.cjs:102:31)
    at new RedisStore (C:\Users\user\OneDrive\Desktop\CRM\backend\node_modules\rate-limit-redis\dist\index.cjs:95:36)
    at createRateLimiter (C:\Users\user\OneDrive\Desktop\CRM\backend\middleware\rateLimiter.js:12:16)
    at Object.<anonymous> (C:\Users\user\OneDrive\Desktop\CRM\backend\middleware\rateLimiter.js:32:21)
    at Module._compile (node:internal/modules/cjs/loader:1730:14)
    at Object..js (node:internal/modules/cjs/loader:1895:10)
    at Module.load (node:internal/modules/cjs/loader:1465:32)
2026-01-28 12:50:04: 2026-01-28 12:50:04 [31merror[39m: Error: The client is closed
    at Class.sendCommand (C:\Users\user\OneDrive\Desktop\CRM\backend\node_modules\@redis\client\dist\lib\client\index.js:639:35)
    at RedisStore.sendCommand (C:\Users\user\OneDrive\Desktop\CRM\backend\middleware\rateLimiter.js:13:49)
    at RedisStore.sendCommand (C:\Users\user\OneDrive\Desktop\CRM\backend\node_modules\rate-limit-redis\dist\index.cjs:85:49)
    at RedisStore.loadGetScript (C:\Users\user\OneDrive\Desktop\CRM\backend\node_modules\rate-limit-redis\dist\index.cjs:116:31)
    at new RedisStore (C:\Users\user\OneDrive\Desktop\CRM\backend\node_modules\rate-limit-redis\dist\index.cjs:96:30)
    at createRateLimiter (C:\Users\user\OneDrive\Desktop\CRM\backend\middleware\rateLimiter.js:12:16)
    at Object.<anonymous> (C:\Users\user\OneDrive\Desktop\CRM\backend\middleware\rateLimiter.js:32:21)
    at Module._compile (node:internal/modules/cjs/loader:1730:14)
    at Object..js (node:internal/modules/cjs/loader:1895:10)
    at Module.load (node:internal/modules/cjs/loader:1465:32)
2026-01-28 12:50:04: 2026-01-28 12:50:04 [31merror[39m: Error: The client is closed
    at Class.sendCommand (C:\Users\user\OneDrive\Desktop\CRM\backend\node_modules\@redis\client\dist\lib\client\index.js:639:35)
    at RedisStore.sendCommand (C:\Users\user\OneDrive\Desktop\CRM\backend\middleware\rateLimiter.js:13:49)
    at RedisStore.sendCommand (C:\Users\user\OneDrive\Desktop\CRM\backend\node_modules\rate-limit-redis\dist\index.cjs:85:49)
    at RedisStore.loadIncrementScript (C:\Users\user\OneDrive\Desktop\CRM\backend\node_modules\rate-limit-redis\dist\index.cjs:102:31)
    at new RedisStore (C:\Users\user\OneDrive\Desktop\CRM\backend\node_modules\rate-limit-redis\dist\index.cjs:95:36)
    at createRateLimiter (C:\Users\user\OneDrive\Desktop\CRM\backend\middleware\rateLimiter.js:12:16)
    at Object.<anonymous> (C:\Users\user\OneDrive\Desktop\CRM\backend\middleware\rateLimiter.js:41:20)
    at Module._compile (node:internal/modules/cjs/loader:1730:14)
    at Object..js (node:internal/modules/cjs/loader:1895:10)
    at Module.load (node:internal/modules/cjs/loader:1465:32)
2026-01-28 12:50:04: 2026-01-28 12:50:04 [31merror[39m: Error: The client is closed
    at Class.sendCommand (C:\Users\user\OneDrive\Desktop\CRM\backend\node_modules\@redis\client\dist\lib\client\index.js:639:35)
    at RedisStore.sendCommand (C:\Users\user\OneDrive\Desktop\CRM\backend\middleware\rateLimiter.js:13:49)
    at RedisStore.sendCommand (C:\Users\user\OneDrive\Desktop\CRM\backend\node_modules\rate-limit-redis\dist\index.cjs:85:49)
    at RedisStore.loadGetScript (C:\Users\user\OneDrive\Desktop\CRM\backend\node_modules\rate-limit-redis\dist\index.cjs:116:31)
    at new RedisStore (C:\Users\user\OneDrive\Desktop\CRM\backend\node_modules\rate-limit-redis\dist\index.cjs:96:30)
    at createRateLimiter (C:\Users\user\OneDrive\Desktop\CRM\backend\middleware\rateLimiter.js:12:16)
    at Object.<anonymous> (C:\Users\user\OneDrive\Desktop\CRM\backend\middleware\rateLimiter.js:41:20)
    at Module._compile (node:internal/modules/cjs/loader:1730:14)
    at Object..js (node:internal/modules/cjs/loader:1895:10)
    at Module.load (node:internal/modules/cjs/loader:1465:32)
2026-01-28 12:50:04: 2026-01-28 12:50:04 [31merror[39m: Error: The client is closed
    at Class.sendCommand (C:\Users\user\OneDrive\Desktop\CRM\backend\node_modules\@redis\client\dist\lib\client\index.js:639:35)
    at RedisStore.sendCommand (C:\Users\user\OneDrive\Desktop\CRM\backend\middleware\rateLimiter.js:13:49)
    at RedisStore.sendCommand (C:\Users\user\OneDrive\Desktop\CRM\backend\node_modules\rate-limit-redis\dist\index.cjs:85:49)
    at RedisStore.loadIncrementScript (C:\Users\user\OneDrive\Desktop\CRM\backend\node_modules\rate-limit-redis\dist\index.cjs:102:31)
    at new RedisStore (C:\Users\user\OneDrive\Desktop\CRM\backend\node_modules\rate-limit-redis\dist\index.cjs:95:36)
    at createRateLimiter (C:\Users\user\OneDrive\Desktop\CRM\backend\middleware\rateLimiter.js:12:16)
    at Object.<anonymous> (C:\Users\user\OneDrive\Desktop\CRM\backend\middleware\rateLimiter.js:49:23)
    at Module._compile (node:internal/modules/cjs/loader:1730:14)
    at Object..js (node:internal/modules/cjs/loader:1895:10)
    at Module.load (node:internal/modules/cjs/loader:1465:32)
2026-01-28 12:50:04: 2026-01-28 12:50:04 [31merror[39m: Error: The client is closed
    at Class.sendCommand (C:\Users\user\OneDrive\Desktop\CRM\backend\node_modules\@redis\client\dist\lib\client\index.js:639:35)
    at RedisStore.sendCommand (C:\Users\user\OneDrive\Desktop\CRM\backend\middleware\rateLimiter.js:13:49)
    at RedisStore.sendCommand (C:\Users\user\OneDrive\Desktop\CRM\backend\node_modules\rate-limit-redis\dist\index.cjs:85:49)
    at RedisStore.loadGetScript (C:\Users\user\OneDrive\Desktop\CRM\backend\node_modules\rate-limit-redis\dist\index.cjs:116:31)
    at new RedisStore (C:\Users\user\OneDrive\Desktop\CRM\backend\node_modules\rate-limit-redis\dist\index.cjs:96:30)
    at createRateLimiter (C:\Users\user\OneDrive\Desktop\CRM\backend\middleware\rateLimiter.js:12:16)
    at Object.<anonymous> (C:\Users\user\OneDrive\Desktop\CRM\backend\middleware\rateLimiter.js:49:23)
    at Module._compile (node:internal/modules/cjs/loader:1730:14)
    at Object..js (node:internal/modules/cjs/loader:1895:10)
    at Module.load (node:internal/modules/cjs/loader:1465:32)
2026-01-28 12:50:04: 2026-01-28 12:50:04 [31merror[39m: Error: The client is closed
    at Class.sendCommand (C:\Users\user\OneDrive\Desktop\CRM\backend\node_modules\@redis\client\dist\lib\client\index.js:639:35)
    at RedisStore.sendCommand (C:\Users\user\OneDrive\Desktop\CRM\backend\middleware\rateLimiter.js:13:49)
    at RedisStore.sendCommand (C:\Users\user\OneDrive\Desktop\CRM\backend\node_modules\rate-limit-redis\dist\index.cjs:85:49)
    at RedisStore.loadIncrementScript (C:\Users\user\OneDrive\Desktop\CRM\backend\node_modules\rate-limit-redis\dist\index.cjs:102:31)
    at new RedisStore (C:\Users\user\OneDrive\Desktop\CRM\backend\node_modules\rate-limit-redis\dist\index.cjs:95:36)
    at createRateLimiter (C:\Users\user\OneDrive\Desktop\CRM\backend\middleware\rateLimiter.js:12:16)
    at Object.<anonymous> (C:\Users\user\OneDrive\Desktop\CRM\backend\middleware\rateLimiter.js:57:25)
    at Module._compile (node:internal/modules/cjs/loader:1730:14)
    at Object..js (node:internal/modules/cjs/loader:1895:10)
    at Module.load (node:internal/modules/cjs/loader:1465:32)
2026-01-28 12:50:04: 2026-01-28 12:50:04 [31merror[39m: Error: The client is closed
    at Class.sendCommand (C:\Users\user\OneDrive\Desktop\CRM\backend\node_modules\@redis\client\dist\lib\client\index.js:639:35)
    at RedisStore.sendCommand (C:\Users\user\OneDrive\Desktop\CRM\backend\middleware\rateLimiter.js:13:49)
    at RedisStore.sendCommand (C:\Users\user\OneDrive\Desktop\CRM\backend\node_modules\rate-limit-redis\dist\index.cjs:85:49)
    at RedisStore.loadGetScript (C:\Users\user\OneDrive\Desktop\CRM\backend\node_modules\rate-limit-redis\dist\index.cjs:116:31)
    at new RedisStore (C:\Users\user\OneDrive\Desktop\CRM\backend\node_modules\rate-limit-redis\dist\index.cjs:96:30)
    at createRateLimiter (C:\Users\user\OneDrive\Desktop\CRM\backend\middleware\rateLimiter.js:12:16)
    at Object.<anonymous> (C:\Users\user\OneDrive\Desktop\CRM\backend\middleware\rateLimiter.js:57:25)
    at Module._compile (node:internal/modules/cjs/loader:1730:14)
    at Object..js (node:internal/modules/cjs/loader:1895:10)
    at Module.load (node:internal/modules/cjs/loader:1465:32)
2026-01-28 12:50:04: 2026-01-28 12:50:04 [31merror[39m: Error: The client is closed
    at Class.sendCommand (C:\Users\user\OneDrive\Desktop\CRM\backend\node_modules\@redis\client\dist\lib\client\index.js:639:35)
    at RedisStore.sendCommand (C:\Users\user\OneDrive\Desktop\CRM\backend\middleware\rateLimiter.js:13:49)
    at RedisStore.sendCommand (C:\Users\user\OneDrive\Desktop\CRM\backend\node_modules\rate-limit-redis\dist\index.cjs:85:49)
    at RedisStore.loadIncrementScript (C:\Users\user\OneDrive\Desktop\CRM\backend\node_modules\rate-limit-redis\dist\index.cjs:102:31)
    at new RedisStore (C:\Users\user\OneDrive\Desktop\CRM\backend\node_modules\rate-limit-redis\dist\index.cjs:95:36)
    at createRateLimiter (C:\Users\user\OneDrive\Desktop\CRM\backend\middleware\rateLimiter.js:12:16)
    at Object.<anonymous> (C:\Users\user\OneDrive\Desktop\CRM\backend\middleware\rateLimiter.js:65:21)
    at Module._compile (node:internal/modules/cjs/loader:1730:14)
    at Object..js (node:internal/modules/cjs/loader:1895:10)
    at Module.load (node:internal/modules/cjs/loader:1465:32)
2026-01-28 12:50:04: 2026-01-28 12:50:04 [31merror[39m: Error: The client is closed
    at Class.sendCommand (C:\Users\user\OneDrive\Desktop\CRM\backend\node_modules\@redis\client\dist\lib\client\index.js:639:35)
    at RedisStore.sendCommand (C:\Users\user\OneDrive\Desktop\CRM\backend\middleware\rateLimiter.js:13:49)
    at RedisStore.sendCommand (C:\Users\user\OneDrive\Desktop\CRM\backend\node_modules\rate-limit-redis\dist\index.cjs:85:49)
    at RedisStore.loadGetScript (C:\Users\user\OneDrive\Desktop\CRM\backend\node_modules\rate-limit-redis\dist\index.cjs:116:31)
    at new RedisStore (C:\Users\user\OneDrive\Desktop\CRM\backend\node_modules\rate-limit-redis\dist\index.cjs:96:30)
    at createRateLimiter (C:\Users\user\OneDrive\Desktop\CRM\backend\middleware\rateLimiter.js:12:16)
    at Object.<anonymous> (C:\Users\user\OneDrive\Desktop\CRM\backend\middleware\rateLimiter.js:65:21)
    at Module._compile (node:internal/modules/cjs/loader:1730:14)
    at Object..js (node:internal/modules/cjs/loader:1895:10)
    at Module.load (node:internal/modules/cjs/loader:1465:32)
2026-01-28 12:50:05: 2026-01-28 12:50:05 [31merror[39m: Error: NOAUTH Authentication required
    at #decodeSimpleError (C:\Users\user\OneDrive\Desktop\CRM\backend\node_modules\@redis\client\dist\lib\RESP\decoder.js:457:13)
    at #decodeTypeValue (C:\Users\user\OneDrive\Desktop\CRM\backend\node_modules\@redis\client\dist\lib\RESP\decoder.js:104:91)
    at Decoder.write (C:\Users\user\OneDrive\Desktop\CRM\backend\node_modules\@redis\client\dist\lib\RESP\decoder.js:74:38)
    at RedisSocket.<anonymous> (C:\Users\user\OneDrive\Desktop\CRM\backend\node_modules\@redis\client\dist\lib\client\index.js:437:37)
    at RedisSocket.emit (node:events:518:28)
    at Socket.<anonymous> (C:\Users\user\OneDrive\Desktop\CRM\backend\node_modules\@redis\client\dist\lib\client\socket.js:235:38)
    at Socket.emit (node:events:518:28)
    at addChunk (node:internal/streams/readable:561:12)
    at readableAddChunkPushByteMode (node:internal/streams/readable:512:3)
    at Readable.push (node:internal/streams/readable:392:5)
    at TCP.onStreamRead (node:internal/stream_base_commons:189:23)
2026-01-28 12:50:05: 2026-01-28 12:50:05 [31merror[39m: Error: NOAUTH Authentication required
    at #decodeSimpleError (C:\Users\user\OneDrive\Desktop\CRM\backend\node_modules\@redis\client\dist\lib\RESP\decoder.js:457:13)
    at #decodeTypeValue (C:\Users\user\OneDrive\Desktop\CRM\backend\node_modules\@redis\client\dist\lib\RESP\decoder.js:104:91)
    at Decoder.write (C:\Users\user\OneDrive\Desktop\CRM\backend\node_modules\@redis\client\dist\lib\RESP\decoder.js:74:38)
    at RedisSocket.<anonymous> (C:\Users\user\OneDrive\Desktop\CRM\backend\node_modules\@redis\client\dist\lib\client\index.js:437:37)
    at RedisSocket.emit (node:events:518:28)
    at Socket.<anonymous> (C:\Users\user\OneDrive\Desktop\CRM\backend\node_modules\@redis\client\dist\lib\client\socket.js:235:38)
    at Socket.emit (node:events:518:28)
    at addChunk (node:internal/streams/readable:561:12)
    at readableAddChunkPushByteMode (node:internal/streams/readable:512:3)
    at Readable.push (node:internal/streams/readable:392:5)
    at TCP.onStreamRead (node:internal/stream_base_commons:189:23)
2026-01-28 12:50:05: 2026-01-28 12:50:05 [32minfo[39m: ✅ Redis Connected successfully
2026-01-28 12:50:05: 📡 Mongoose connected to Atlas cluster
2026-01-28 12:50:05: ✅ MongoDB Atlas connected successfully!
2026-01-28 12:50:05: ✅ Query model connected successfully
2026-01-28 12:50:16: 🔌 Socket.IO instance set successfully
2026-01-28 12:50:16: ℹ️ Huawei E173 Modem Service is disabled via ENABLE_MODEM flag
2026-01-28 12:50:16: Starting Auto-Logout Job...
2026-01-28 12:50:16: 2026-01-28 12:50:16 [31merror[39m: Error: The client is closed
    at Class.sendCommand (C:\Users\user\OneDrive\Desktop\CRM\backend\node_modules\@redis\client\dist\lib\client\index.js:639:35)
    at RedisStore.sendCommand (C:\Users\user\OneDrive\Desktop\CRM\backend\middleware\rateLimiter.js:13:49)
    at RedisStore.sendCommand (C:\Users\user\OneDrive\Desktop\CRM\backend\node_modules\rate-limit-redis\dist\index.cjs:85:49)
    at RedisStore.loadIncrementScript (C:\Users\user\OneDrive\Desktop\CRM\backend\node_modules\rate-limit-redis\dist\index.cjs:102:31)
    at new RedisStore (C:\Users\user\OneDrive\Desktop\CRM\backend\node_modules\rate-limit-redis\dist\index.cjs:95:36)
    at createRateLimiter (C:\Users\user\OneDrive\Desktop\CRM\backend\middleware\rateLimiter.js:12:16)
    at Object.<anonymous> (C:\Users\user\OneDrive\Desktop\CRM\backend\middleware\rateLimiter.js:32:21)
    at Module._compile (node:internal/modules/cjs/loader:1730:14)
    at Object..js (node:internal/modules/cjs/loader:1895:10)
    at Module.load (node:internal/modules/cjs/loader:1465:32)
2026-01-28 12:50:16: 2026-01-28 12:50:16 [31merror[39m: Error: The client is closed
    at Class.sendCommand (C:\Users\user\OneDrive\Desktop\CRM\backend\node_modules\@redis\client\dist\lib\client\index.js:639:35)
    at RedisStore.sendCommand (C:\Users\user\OneDrive\Desktop\CRM\backend\middleware\rateLimiter.js:13:49)
    at RedisStore.sendCommand (C:\Users\user\OneDrive\Desktop\CRM\backend\node_modules\rate-limit-redis\dist\index.cjs:85:49)
    at RedisStore.loadGetScript (C:\Users\user\OneDrive\Desktop\CRM\backend\node_modules\rate-limit-redis\dist\index.cjs:116:31)
    at new RedisStore (C:\Users\user\OneDrive\Desktop\CRM\backend\node_modules\rate-limit-redis\dist\index.cjs:96:30)
    at createRateLimiter (C:\Users\user\OneDrive\Desktop\CRM\backend\middleware\rateLimiter.js:12:16)
    at Object.<anonymous> (C:\Users\user\OneDrive\Desktop\CRM\backend\middleware\rateLimiter.js:32:21)
    at Module._compile (node:internal/modules/cjs/loader:1730:14)
    at Object..js (node:internal/modules/cjs/loader:1895:10)
    at Module.load (node:internal/modules/cjs/loader:1465:32)
2026-01-28 12:50:16: 2026-01-28 12:50:16 [31merror[39m: Error: The client is closed
    at Class.sendCommand (C:\Users\user\OneDrive\Desktop\CRM\backend\node_modules\@redis\client\dist\lib\client\index.js:639:35)
    at RedisStore.sendCommand (C:\Users\user\OneDrive\Desktop\CRM\backend\middleware\rateLimiter.js:13:49)
    at RedisStore.sendCommand (C:\Users\user\OneDrive\Desktop\CRM\backend\node_modules\rate-limit-redis\dist\index.cjs:85:49)
    at RedisStore.loadIncrementScript (C:\Users\user\OneDrive\Desktop\CRM\backend\node_modules\rate-limit-redis\dist\index.cjs:102:31)
    at new RedisStore (C:\Users\user\OneDrive\Desktop\CRM\backend\node_modules\rate-limit-redis\dist\index.cjs:95:36)
    at createRateLimiter (C:\Users\user\OneDrive\Desktop\CRM\backend\middleware\rateLimiter.js:12:16)
    at Object.<anonymous> (C:\Users\user\OneDrive\Desktop\CRM\backend\middleware\rateLimiter.js:41:20)
    at Module._compile (node:internal/modules/cjs/loader:1730:14)
    at Object..js (node:internal/modules/cjs/loader:1895:10)
    at Module.load (node:internal/modules/cjs/loader:1465:32)
2026-01-28 12:50:16: 2026-01-28 12:50:16 [31merror[39m: Error: The client is closed
    at Class.sendCommand (C:\Users\user\OneDrive\Desktop\CRM\backend\node_modules\@redis\client\dist\lib\client\index.js:639:35)
    at RedisStore.sendCommand (C:\Users\user\OneDrive\Desktop\CRM\backend\middleware\rateLimiter.js:13:49)
    at RedisStore.sendCommand (C:\Users\user\OneDrive\Desktop\CRM\backend\node_modules\rate-limit-redis\dist\index.cjs:85:49)
    at RedisStore.loadGetScript (C:\Users\user\OneDrive\Desktop\CRM\backend\node_modules\rate-limit-redis\dist\index.cjs:116:31)
    at new RedisStore (C:\Users\user\OneDrive\Desktop\CRM\backend\node_modules\rate-limit-redis\dist\index.cjs:96:30)
    at createRateLimiter (C:\Users\user\OneDrive\Desktop\CRM\backend\middleware\rateLimiter.js:12:16)
    at Object.<anonymous> (C:\Users\user\OneDrive\Desktop\CRM\backend\middleware\rateLimiter.js:41:20)
    at Module._compile (node:internal/modules/cjs/loader:1730:14)
    at Object..js (node:internal/modules/cjs/loader:1895:10)
    at Module.load (node:internal/modules/cjs/loader:1465:32)
2026-01-28 12:50:16: 2026-01-28 12:50:16 [31merror[39m: Error: The client is closed
    at Class.sendCommand (C:\Users\user\OneDrive\Desktop\CRM\backend\node_modules\@redis\client\dist\lib\client\index.js:639:35)
    at RedisStore.sendCommand (C:\Users\user\OneDrive\Desktop\CRM\backend\middleware\rateLimiter.js:13:49)
    at RedisStore.sendCommand (C:\Users\user\OneDrive\Desktop\CRM\backend\node_modules\rate-limit-redis\dist\index.cjs:85:49)
    at RedisStore.loadIncrementScript (C:\Users\user\OneDrive\Desktop\CRM\backend\node_modules\rate-limit-redis\dist\index.cjs:102:31)
    at new RedisStore (C:\Users\user\OneDrive\Desktop\CRM\backend\node_modules\rate-limit-redis\dist\index.cjs:95:36)
    at createRateLimiter (C:\Users\user\OneDrive\Desktop\CRM\backend\middleware\rateLimiter.js:12:16)
    at Object.<anonymous> (C:\Users\user\OneDrive\Desktop\CRM\backend\middleware\rateLimiter.js:49:23)
    at Module._compile (node:internal/modules/cjs/loader:1730:14)
    at Object..js (node:internal/modules/cjs/loader:1895:10)
    at Module.load (node:internal/modules/cjs/loader:1465:32)
2026-01-28 12:50:16: 2026-01-28 12:50:16 [31merror[39m: Error: The client is closed
    at Class.sendCommand (C:\Users\user\OneDrive\Desktop\CRM\backend\node_modules\@redis\client\dist\lib\client\index.js:639:35)
    at RedisStore.sendCommand (C:\Users\user\OneDrive\Desktop\CRM\backend\middleware\rateLimiter.js:13:49)
    at RedisStore.sendCommand (C:\Users\user\OneDrive\Desktop\CRM\backend\node_modules\rate-limit-redis\dist\index.cjs:85:49)
    at RedisStore.loadGetScript (C:\Users\user\OneDrive\Desktop\CRM\backend\node_modules\rate-limit-redis\dist\index.cjs:116:31)
    at new RedisStore (C:\Users\user\OneDrive\Desktop\CRM\backend\node_modules\rate-limit-redis\dist\index.cjs:96:30)
    at createRateLimiter (C:\Users\user\OneDrive\Desktop\CRM\backend\middleware\rateLimiter.js:12:16)
    at Object.<anonymous> (C:\Users\user\OneDrive\Desktop\CRM\backend\middleware\rateLimiter.js:49:23)
    at Module._compile (node:internal/modules/cjs/loader:1730:14)
    at Object..js (node:internal/modules/cjs/loader:1895:10)
    at Module.load (node:internal/modules/cjs/loader:1465:32)
2026-01-28 12:50:16: 2026-01-28 12:50:16 [31merror[39m: Error: The client is closed
    at Class.sendCommand (C:\Users\user\OneDrive\Desktop\CRM\backend\node_modules\@redis\client\dist\lib\client\index.js:639:35)
    at RedisStore.sendCommand (C:\Users\user\OneDrive\Desktop\CRM\backend\middleware\rateLimiter.js:13:49)
    at RedisStore.sendCommand (C:\Users\user\OneDrive\Desktop\CRM\backend\node_modules\rate-limit-redis\dist\index.cjs:85:49)
    at RedisStore.loadIncrementScript (C:\Users\user\OneDrive\Desktop\CRM\backend\node_modules\rate-limit-redis\dist\index.cjs:102:31)
    at new RedisStore (C:\Users\user\OneDrive\Desktop\CRM\backend\node_modules\rate-limit-redis\dist\index.cjs:95:36)
    at createRateLimiter (C:\Users\user\OneDrive\Desktop\CRM\backend\middleware\rateLimiter.js:12:16)
    at Object.<anonymous> (C:\Users\user\OneDrive\Desktop\CRM\backend\middleware\rateLimiter.js:57:25)
    at Module._compile (node:internal/modules/cjs/loader:1730:14)
    at Object..js (node:internal/modules/cjs/loader:1895:10)
    at Module.load (node:internal/modules/cjs/loader:1465:32)
2026-01-28 12:50:16: 2026-01-28 12:50:16 [31merror[39m: Error: The client is closed
    at Class.sendCommand (C:\Users\user\OneDrive\Desktop\CRM\backend\node_modules\@redis\client\dist\lib\client\index.js:639:35)
    at RedisStore.sendCommand (C:\Users\user\OneDrive\Desktop\CRM\backend\middleware\rateLimiter.js:13:49)
    at RedisStore.sendCommand (C:\Users\user\OneDrive\Desktop\CRM\backend\node_modules\rate-limit-redis\dist\index.cjs:85:49)
    at RedisStore.loadGetScript (C:\Users\user\OneDrive\Desktop\CRM\backend\node_modules\rate-limit-redis\dist\index.cjs:116:31)
    at new RedisStore (C:\Users\user\OneDrive\Desktop\CRM\backend\node_modules\rate-limit-redis\dist\index.cjs:96:30)
    at createRateLimiter (C:\Users\user\OneDrive\Desktop\CRM\backend\middleware\rateLimiter.js:12:16)
    at Object.<anonymous> (C:\Users\user\OneDrive\Desktop\CRM\backend\middleware\rateLimiter.js:57:25)
    at Module._compile (node:internal/modules/cjs/loader:1730:14)
    at Object..js (node:internal/modules/cjs/loader:1895:10)
    at Module.load (node:internal/modules/cjs/loader:1465:32)
2026-01-28 12:50:16: 2026-01-28 12:50:16 [31merror[39m: Error: The client is closed
    at Class.sendCommand (C:\Users\user\OneDrive\Desktop\CRM\backend\node_modules\@redis\client\dist\lib\client\index.js:639:35)
    at RedisStore.sendCommand (C:\Users\user\OneDrive\Desktop\CRM\backend\middleware\rateLimiter.js:13:49)
    at RedisStore.sendCommand (C:\Users\user\OneDrive\Desktop\CRM\backend\node_modules\rate-limit-redis\dist\index.cjs:85:49)
    at RedisStore.loadIncrementScript (C:\Users\user\OneDrive\Desktop\CRM\backend\node_modules\rate-limit-redis\dist\index.cjs:102:31)
    at new RedisStore (C:\Users\user\OneDrive\Desktop\CRM\backend\node_modules\rate-limit-redis\dist\index.cjs:95:36)
    at createRateLimiter (C:\Users\user\OneDrive\Desktop\CRM\backend\middleware\rateLimiter.js:12:16)
    at Object.<anonymous> (C:\Users\user\OneDrive\Desktop\CRM\backend\middleware\rateLimiter.js:65:21)
    at Module._compile (node:internal/modules/cjs/loader:1730:14)
    at Object..js (node:internal/modules/cjs/loader:1895:10)
    at Module.load (node:internal/modules/cjs/loader:1465:32)
2026-01-28 12:50:16: 2026-01-28 12:50:16 [31merror[39m: Error: The client is closed
    at Class.sendCommand (C:\Users\user\OneDrive\Desktop\CRM\backend\node_modules\@redis\client\dist\lib\client\index.js:639:35)
    at RedisStore.sendCommand (C:\Users\user\OneDrive\Desktop\CRM\backend\middleware\rateLimiter.js:13:49)
    at RedisStore.sendCommand (C:\Users\user\OneDrive\Desktop\CRM\backend\node_modules\rate-limit-redis\dist\index.cjs:85:49)
    at RedisStore.loadGetScript (C:\Users\user\OneDrive\Desktop\CRM\backend\node_modules\rate-limit-redis\dist\index.cjs:116:31)
    at new RedisStore (C:\Users\user\OneDrive\Desktop\CRM\backend\node_modules\rate-limit-redis\dist\index.cjs:96:30)
    at createRateLimiter (C:\Users\user\OneDrive\Desktop\CRM\backend\middleware\rateLimiter.js:12:16)
    at Object.<anonymous> (C:\Users\user\OneDrive\Desktop\CRM\backend\middleware\rateLimiter.js:65:21)
    at Module._compile (node:internal/modules/cjs/loader:1730:14)
    at Object..js (node:internal/modules/cjs/loader:1895:10)
    at Module.load (node:internal/modules/cjs/loader:1465:32)
2026-01-28 12:50:16: 2026-01-28 12:50:16 [32minfo[39m: ✅ Redis Connected successfully
2026-01-28 12:50:16: 2026-01-28 12:50:16 [31merror[39m: Error: NOAUTH Authentication required
    at #decodeSimpleError (C:\Users\user\OneDrive\Desktop\CRM\backend\node_modules\@redis\client\dist\lib\RESP\decoder.js:457:13)
    at #decodeTypeValue (C:\Users\user\OneDrive\Desktop\CRM\backend\node_modules\@redis\client\dist\lib\RESP\decoder.js:104:91)
    at Decoder.write (C:\Users\user\OneDrive\Desktop\CRM\backend\node_modules\@redis\client\dist\lib\RESP\decoder.js:74:38)
    at RedisSocket.<anonymous> (C:\Users\user\OneDrive\Desktop\CRM\backend\node_modules\@redis\client\dist\lib\client\index.js:437:37)
    at RedisSocket.emit (node:events:518:28)
    at Socket.<anonymous> (C:\Users\user\OneDrive\Desktop\CRM\backend\node_modules\@redis\client\dist\lib\client\socket.js:235:38)
    at Socket.emit (node:events:518:28)
    at addChunk (node:internal/streams/readable:561:12)
    at readableAddChunkPushByteMode (node:internal/streams/readable:512:3)
    at Readable.push (node:internal/streams/readable:392:5)
    at TCP.onStreamRead (node:internal/stream_base_commons:189:23)
2026-01-28 12:50:16: 2026-01-28 12:50:16 [31merror[39m: Error: NOAUTH Authentication required
    at #decodeSimpleError (C:\Users\user\OneDrive\Desktop\CRM\backend\node_modules\@redis\client\dist\lib\RESP\decoder.js:457:13)
    at #decodeTypeValue (C:\Users\user\OneDrive\Desktop\CRM\backend\node_modules\@redis\client\dist\lib\RESP\decoder.js:104:91)
    at Decoder.write (C:\Users\user\OneDrive\Desktop\CRM\backend\node_modules\@redis\client\dist\lib\RESP\decoder.js:74:38)
    at RedisSocket.<anonymous> (C:\Users\user\OneDrive\Desktop\CRM\backend\node_modules\@redis\client\dist\lib\client\index.js:437:37)
    at RedisSocket.emit (node:events:518:28)
    at Socket.<anonymous> (C:\Users\user\OneDrive\Desktop\CRM\backend\node_modules\@redis\client\dist\lib\client\socket.js:235:38)
    at Socket.emit (node:events:518:28)
    at addChunk (node:internal/streams/readable:561:12)
    at readableAddChunkPushByteMode (node:internal/streams/readable:512:3)
    at Readable.push (node:internal/streams/readable:392:5)
    at TCP.onStreamRead (node:internal/stream_base_commons:189:23)
2026-01-28 12:50:16: 📡 Mongoose connected to Atlas cluster
2026-01-28 12:50:16: ✅ MongoDB Atlas connected successfully!
2026-01-28 12:50:16: ✅ Query model connected successfully
2026-01-28 12:50:25: 🔌 Socket.IO instance set successfully
2026-01-28 12:50:25: ℹ️ Huawei E173 Modem Service is disabled via ENABLE_MODEM flag
2026-01-28 12:50:25: Starting Auto-Logout Job...
2026-01-28 12:50:25: 2026-01-28 12:50:25 [31merror[39m: Error: The client is closed
    at Class.sendCommand (C:\Users\user\OneDrive\Desktop\CRM\backend\node_modules\@redis\client\dist\lib\client\index.js:639:35)
    at RedisStore.sendCommand (C:\Users\user\OneDrive\Desktop\CRM\backend\middleware\rateLimiter.js:13:49)
    at RedisStore.sendCommand (C:\Users\user\OneDrive\Desktop\CRM\backend\node_modules\rate-limit-redis\dist\index.cjs:85:49)
    at RedisStore.loadIncrementScript (C:\Users\user\OneDrive\Desktop\CRM\backend\node_modules\rate-limit-redis\dist\index.cjs:102:31)
    at new RedisStore (C:\Users\user\OneDrive\Desktop\CRM\backend\node_modules\rate-limit-redis\dist\index.cjs:95:36)
    at createRateLimiter (C:\Users\user\OneDrive\Desktop\CRM\backend\middleware\rateLimiter.js:12:16)
    at Object.<anonymous> (C:\Users\user\OneDrive\Desktop\CRM\backend\middleware\rateLimiter.js:32:21)
    at Module._compile (node:internal/modules/cjs/loader:1730:14)
    at Object..js (node:internal/modules/cjs/loader:1895:10)
    at Module.load (node:internal/modules/cjs/loader:1465:32)
2026-01-28 12:50:25: 2026-01-28 12:50:25 [31merror[39m: Error: The client is closed
    at Class.sendCommand (C:\Users\user\OneDrive\Desktop\CRM\backend\node_modules\@redis\client\dist\lib\client\index.js:639:35)
    at RedisStore.sendCommand (C:\Users\user\OneDrive\Desktop\CRM\backend\middleware\rateLimiter.js:13:49)
    at RedisStore.sendCommand (C:\Users\user\OneDrive\Desktop\CRM\backend\node_modules\rate-limit-redis\dist\index.cjs:85:49)
    at RedisStore.loadGetScript (C:\Users\user\OneDrive\Desktop\CRM\backend\node_modules\rate-limit-redis\dist\index.cjs:116:31)
    at new RedisStore (C:\Users\user\OneDrive\Desktop\CRM\backend\node_modules\rate-limit-redis\dist\index.cjs:96:30)
    at createRateLimiter (C:\Users\user\OneDrive\Desktop\CRM\backend\middleware\rateLimiter.js:12:16)
    at Object.<anonymous> (C:\Users\user\OneDrive\Desktop\CRM\backend\middleware\rateLimiter.js:32:21)
    at Module._compile (node:internal/modules/cjs/loader:1730:14)
    at Object..js (node:internal/modules/cjs/loader:1895:10)
    at Module.load (node:internal/modules/cjs/loader:1465:32)
2026-01-28 12:50:25: 2026-01-28 12:50:25 [31merror[39m: Error: The client is closed
    at Class.sendCommand (C:\Users\user\OneDrive\Desktop\CRM\backend\node_modules\@redis\client\dist\lib\client\index.js:639:35)
    at RedisStore.sendCommand (C:\Users\user\OneDrive\Desktop\CRM\backend\middleware\rateLimiter.js:13:49)
    at RedisStore.sendCommand (C:\Users\user\OneDrive\Desktop\CRM\backend\node_modules\rate-limit-redis\dist\index.cjs:85:49)
    at RedisStore.loadIncrementScript (C:\Users\user\OneDrive\Desktop\CRM\backend\node_modules\rate-limit-redis\dist\index.cjs:102:31)
    at new RedisStore (C:\Users\user\OneDrive\Desktop\CRM\backend\node_modules\rate-limit-redis\dist\index.cjs:95:36)
    at createRateLimiter (C:\Users\user\OneDrive\Desktop\CRM\backend\middleware\rateLimiter.js:12:16)
    at Object.<anonymous> (C:\Users\user\OneDrive\Desktop\CRM\backend\middleware\rateLimiter.js:41:20)
    at Module._compile (node:internal/modules/cjs/loader:1730:14)
    at Object..js (node:internal/modules/cjs/loader:1895:10)
    at Module.load (node:internal/modules/cjs/loader:1465:32)
2026-01-28 12:50:25: 2026-01-28 12:50:25 [31merror[39m: Error: The client is closed
    at Class.sendCommand (C:\Users\user\OneDrive\Desktop\CRM\backend\node_modules\@redis\client\dist\lib\client\index.js:639:35)
    at RedisStore.sendCommand (C:\Users\user\OneDrive\Desktop\CRM\backend\middleware\rateLimiter.js:13:49)
    at RedisStore.sendCommand (C:\Users\user\OneDrive\Desktop\CRM\backend\node_modules\rate-limit-redis\dist\index.cjs:85:49)
    at RedisStore.loadGetScript (C:\Users\user\OneDrive\Desktop\CRM\backend\node_modules\rate-limit-redis\dist\index.cjs:116:31)
    at new RedisStore (C:\Users\user\OneDrive\Desktop\CRM\backend\node_modules\rate-limit-redis\dist\index.cjs:96:30)
    at createRateLimiter (C:\Users\user\OneDrive\Desktop\CRM\backend\middleware\rateLimiter.js:12:16)
    at Object.<anonymous> (C:\Users\user\OneDrive\Desktop\CRM\backend\middleware\rateLimiter.js:41:20)
    at Module._compile (node:internal/modules/cjs/loader:1730:14)
    at Object..js (node:internal/modules/cjs/loader:1895:10)
    at Module.load (node:internal/modules/cjs/loader:1465:32)
2026-01-28 12:50:25: 2026-01-28 12:50:25 [31merror[39m: Error: The client is closed
    at Class.sendCommand (C:\Users\user\OneDrive\Desktop\CRM\backend\node_modules\@redis\client\dist\lib\client\index.js:639:35)
    at RedisStore.sendCommand (C:\Users\user\OneDrive\Desktop\CRM\backend\middleware\rateLimiter.js:13:49)
    at RedisStore.sendCommand (C:\Users\user\OneDrive\Desktop\CRM\backend\node_modules\rate-limit-redis\dist\index.cjs:85:49)
    at RedisStore.loadIncrementScript (C:\Users\user\OneDrive\Desktop\CRM\backend\node_modules\rate-limit-redis\dist\index.cjs:102:31)
    at new RedisStore (C:\Users\user\OneDrive\Desktop\CRM\backend\node_modules\rate-limit-redis\dist\index.cjs:95:36)
    at createRateLimiter (C:\Users\user\OneDrive\Desktop\CRM\backend\middleware\rateLimiter.js:12:16)
    at Object.<anonymous> (C:\Users\user\OneDrive\Desktop\CRM\backend\middleware\rateLimiter.js:49:23)
    at Module._compile (node:internal/modules/cjs/loader:1730:14)
    at Object..js (node:internal/modules/cjs/loader:1895:10)
    at Module.load (node:internal/modules/cjs/loader:1465:32)
2026-01-28 12:50:25: 2026-01-28 12:50:25 [31merror[39m: Error: The client is closed
    at Class.sendCommand (C:\Users\user\OneDrive\Desktop\CRM\backend\node_modules\@redis\client\dist\lib\client\index.js:639:35)
    at RedisStore.sendCommand (C:\Users\user\OneDrive\Desktop\CRM\backend\middleware\rateLimiter.js:13:49)
    at RedisStore.sendCommand (C:\Users\user\OneDrive\Desktop\CRM\backend\node_modules\rate-limit-redis\dist\index.cjs:85:49)
    at RedisStore.loadGetScript (C:\Users\user\OneDrive\Desktop\CRM\backend\node_modules\rate-limit-redis\dist\index.cjs:116:31)
    at new RedisStore (C:\Users\user\OneDrive\Desktop\CRM\backend\node_modules\rate-limit-redis\dist\index.cjs:96:30)
    at createRateLimiter (C:\Users\user\OneDrive\Desktop\CRM\backend\middleware\rateLimiter.js:12:16)
    at Object.<anonymous> (C:\Users\user\OneDrive\Desktop\CRM\backend\middleware\rateLimiter.js:49:23)
    at Module._compile (node:internal/modules/cjs/loader:1730:14)
    at Object..js (node:internal/modules/cjs/loader:1895:10)
    at Module.load (node:internal/modules/cjs/loader:1465:32)
2026-01-28 12:50:25: 2026-01-28 12:50:25 [31merror[39m: Error: The client is closed
    at Class.sendCommand (C:\Users\user\OneDrive\Desktop\CRM\backend\node_modules\@redis\client\dist\lib\client\index.js:639:35)
    at RedisStore.sendCommand (C:\Users\user\OneDrive\Desktop\CRM\backend\middleware\rateLimiter.js:13:49)
    at RedisStore.sendCommand (C:\Users\user\OneDrive\Desktop\CRM\backend\node_modules\rate-limit-redis\dist\index.cjs:85:49)
    at RedisStore.loadIncrementScript (C:\Users\user\OneDrive\Desktop\CRM\backend\node_modules\rate-limit-redis\dist\index.cjs:102:31)
    at new RedisStore (C:\Users\user\OneDrive\Desktop\CRM\backend\node_modules\rate-limit-redis\dist\index.cjs:95:36)
    at createRateLimiter (C:\Users\user\OneDrive\Desktop\CRM\backend\middleware\rateLimiter.js:12:16)
    at Object.<anonymous> (C:\Users\user\OneDrive\Desktop\CRM\backend\middleware\rateLimiter.js:57:25)
    at Module._compile (node:internal/modules/cjs/loader:1730:14)
    at Object..js (node:internal/modules/cjs/loader:1895:10)
    at Module.load (node:internal/modules/cjs/loader:1465:32)
2026-01-28 12:50:25: 2026-01-28 12:50:25 [31merror[39m: Error: The client is closed
    at Class.sendCommand (C:\Users\user\OneDrive\Desktop\CRM\backend\node_modules\@redis\client\dist\lib\client\index.js:639:35)
    at RedisStore.sendCommand (C:\Users\user\OneDrive\Desktop\CRM\backend\middleware\rateLimiter.js:13:49)
    at RedisStore.sendCommand (C:\Users\user\OneDrive\Desktop\CRM\backend\node_modules\rate-limit-redis\dist\index.cjs:85:49)
    at RedisStore.loadGetScript (C:\Users\user\OneDrive\Desktop\CRM\backend\node_modules\rate-limit-redis\dist\index.cjs:116:31)
    at new RedisStore (C:\Users\user\OneDrive\Desktop\CRM\backend\node_modules\rate-limit-redis\dist\index.cjs:96:30)
    at createRateLimiter (C:\Users\user\OneDrive\Desktop\CRM\backend\middleware\rateLimiter.js:12:16)
    at Object.<anonymous> (C:\Users\user\OneDrive\Desktop\CRM\backend\middleware\rateLimiter.js:57:25)
    at Module._compile (node:internal/modules/cjs/loader:1730:14)
    at Object..js (node:internal/modules/cjs/loader:1895:10)
    at Module.load (node:internal/modules/cjs/loader:1465:32)
2026-01-28 12:50:25: 2026-01-28 12:50:25 [31merror[39m: Error: The client is closed
    at Class.sendCommand (C:\Users\user\OneDrive\Desktop\CRM\backend\node_modules\@redis\client\dist\lib\client\index.js:639:35)
    at RedisStore.sendCommand (C:\Users\user\OneDrive\Desktop\CRM\backend\middleware\rateLimiter.js:13:49)
    at RedisStore.sendCommand (C:\Users\user\OneDrive\Desktop\CRM\backend\node_modules\rate-limit-redis\dist\index.cjs:85:49)
    at RedisStore.loadIncrementScript (C:\Users\user\OneDrive\Desktop\CRM\backend\node_modules\rate-limit-redis\dist\index.cjs:102:31)
    at new RedisStore (C:\Users\user\OneDrive\Desktop\CRM\backend\node_modules\rate-limit-redis\dist\index.cjs:95:36)
    at createRateLimiter (C:\Users\user\OneDrive\Desktop\CRM\backend\middleware\rateLimiter.js:12:16)
    at Object.<anonymous> (C:\Users\user\OneDrive\Desktop\CRM\backend\middleware\rateLimiter.js:65:21)
    at Module._compile (node:internal/modules/cjs/loader:1730:14)
    at Object..js (node:internal/modules/cjs/loader:1895:10)
    at Module.load (node:internal/modules/cjs/loader:1465:32)
2026-01-28 12:50:25: 2026-01-28 12:50:25 [31merror[39m: Error: The client is closed
    at Class.sendCommand (C:\Users\user\OneDrive\Desktop\CRM\backend\node_modules\@redis\client\dist\lib\client\index.js:639:35)
    at RedisStore.sendCommand (C:\Users\user\OneDrive\Desktop\CRM\backend\middleware\rateLimiter.js:13:49)
    at RedisStore.sendCommand (C:\Users\user\OneDrive\Desktop\CRM\backend\node_modules\rate-limit-redis\dist\index.cjs:85:49)
    at RedisStore.loadGetScript (C:\Users\user\OneDrive\Desktop\CRM\backend\node_modules\rate-limit-redis\dist\index.cjs:116:31)
    at new RedisStore (C:\Users\user\OneDrive\Desktop\CRM\backend\node_modules\rate-limit-redis\dist\index.cjs:96:30)
    at createRateLimiter (C:\Users\user\OneDrive\Desktop\CRM\backend\middleware\rateLimiter.js:12:16)
    at Object.<anonymous> (C:\Users\user\OneDrive\Desktop\CRM\backend\middleware\rateLimiter.js:65:21)
    at Module._compile (node:internal/modules/cjs/loader:1730:14)
    at Object..js (node:internal/modules/cjs/loader:1895:10)
    at Module.load (node:internal/modules/cjs/loader:1465:32)
2026-01-28 12:50:26: 2026-01-28 12:50:26 [32minfo[39m: ✅ Redis Connected successfully
2026-01-28 12:50:26: 2026-01-28 12:50:26 [31merror[39m: Error: NOAUTH Authentication required
    at #decodeSimpleError (C:\Users\user\OneDrive\Desktop\CRM\backend\node_modules\@redis\client\dist\lib\RESP\decoder.js:457:13)
    at #decodeTypeValue (C:\Users\user\OneDrive\Desktop\CRM\backend\node_modules\@redis\client\dist\lib\RESP\decoder.js:104:91)
    at Decoder.write (C:\Users\user\OneDrive\Desktop\CRM\backend\node_modules\@redis\client\dist\lib\RESP\decoder.js:74:38)
    at RedisSocket.<anonymous> (C:\Users\user\OneDrive\Desktop\CRM\backend\node_modules\@redis\client\dist\lib\client\index.js:437:37)
    at RedisSocket.emit (node:events:518:28)
    at Socket.<anonymous> (C:\Users\user\OneDrive\Desktop\CRM\backend\node_modules\@redis\client\dist\lib\client\socket.js:235:38)
    at Socket.emit (node:events:518:28)
    at addChunk (node:internal/streams/readable:561:12)
    at readableAddChunkPushByteMode (node:internal/streams/readable:512:3)
    at Readable.push (node:internal/streams/readable:392:5)
    at TCP.onStreamRead (node:internal/stream_base_commons:189:23)
2026-01-28 12:50:26: 2026-01-28 12:50:26 [31merror[39m: Error: NOAUTH Authentication required
    at #decodeSimpleError (C:\Users\user\OneDrive\Desktop\CRM\backend\node_modules\@redis\client\dist\lib\RESP\decoder.js:457:13)
    at #decodeTypeValue (C:\Users\user\OneDrive\Desktop\CRM\backend\node_modules\@redis\client\dist\lib\RESP\decoder.js:104:91)
    at Decoder.write (C:\Users\user\OneDrive\Desktop\CRM\backend\node_modules\@redis\client\dist\lib\RESP\decoder.js:74:38)
    at RedisSocket.<anonymous> (C:\Users\user\OneDrive\Desktop\CRM\backend\node_modules\@redis\client\dist\lib\client\index.js:437:37)
    at RedisSocket.emit (node:events:518:28)
    at Socket.<anonymous> (C:\Users\user\OneDrive\Desktop\CRM\backend\node_modules\@redis\client\dist\lib\client\socket.js:235:38)
    at Socket.emit (node:events:518:28)
    at addChunk (node:internal/streams/readable:561:12)
    at readableAddChunkPushByteMode (node:internal/streams/readable:512:3)
    at Readable.push (node:internal/streams/readable:392:5)
    at TCP.onStreamRead (node:internal/stream_base_commons:189:23)
2026-01-28 12:50:26: 📡 Mongoose connected to Atlas cluster
2026-01-28 12:50:26: ✅ MongoDB Atlas connected successfully!
2026-01-28 12:50:26: ✅ Query model connected successfully
2026-01-28 12:50:35: 🔌 Socket.IO instance set successfully
2026-01-28 12:50:35: ℹ️ Huawei E173 Modem Service is disabled via ENABLE_MODEM flag
2026-01-28 12:50:35: Starting Auto-Logout Job...
2026-01-28 12:50:35: 2026-01-28 12:50:35 [31merror[39m: Error: The client is closed
    at Class.sendCommand (C:\Users\user\OneDrive\Desktop\CRM\backend\node_modules\@redis\client\dist\lib\client\index.js:639:35)
    at RedisStore.sendCommand (C:\Users\user\OneDrive\Desktop\CRM\backend\middleware\rateLimiter.js:13:49)
    at RedisStore.sendCommand (C:\Users\user\OneDrive\Desktop\CRM\backend\node_modules\rate-limit-redis\dist\index.cjs:85:49)
    at RedisStore.loadIncrementScript (C:\Users\user\OneDrive\Desktop\CRM\backend\node_modules\rate-limit-redis\dist\index.cjs:102:31)
    at new RedisStore (C:\Users\user\OneDrive\Desktop\CRM\backend\node_modules\rate-limit-redis\dist\index.cjs:95:36)
    at createRateLimiter (C:\Users\user\OneDrive\Desktop\CRM\backend\middleware\rateLimiter.js:12:16)
    at Object.<anonymous> (C:\Users\user\OneDrive\Desktop\CRM\backend\middleware\rateLimiter.js:32:21)
    at Module._compile (node:internal/modules/cjs/loader:1730:14)
    at Object..js (node:internal/modules/cjs/loader:1895:10)
    at Module.load (node:internal/modules/cjs/loader:1465:32)
2026-01-28 12:50:35: 2026-01-28 12:50:35 [31merror[39m: Error: The client is closed
    at Class.sendCommand (C:\Users\user\OneDrive\Desktop\CRM\backend\node_modules\@redis\client\dist\lib\client\index.js:639:35)
    at RedisStore.sendCommand (C:\Users\user\OneDrive\Desktop\CRM\backend\middleware\rateLimiter.js:13:49)
    at RedisStore.sendCommand (C:\Users\user\OneDrive\Desktop\CRM\backend\node_modules\rate-limit-redis\dist\index.cjs:85:49)
    at RedisStore.loadGetScript (C:\Users\user\OneDrive\Desktop\CRM\backend\node_modules\rate-limit-redis\dist\index.cjs:116:31)
    at new RedisStore (C:\Users\user\OneDrive\Desktop\CRM\backend\node_modules\rate-limit-redis\dist\index.cjs:96:30)
    at createRateLimiter (C:\Users\user\OneDrive\Desktop\CRM\backend\middleware\rateLimiter.js:12:16)
    at Object.<anonymous> (C:\Users\user\OneDrive\Desktop\CRM\backend\middleware\rateLimiter.js:32:21)
    at Module._compile (node:internal/modules/cjs/loader:1730:14)
    at Object..js (node:internal/modules/cjs/loader:1895:10)
    at Module.load (node:internal/modules/cjs/loader:1465:32)
2026-01-28 12:50:35: 2026-01-28 12:50:35 [31merror[39m: Error: The client is closed
    at Class.sendCommand (C:\Users\user\OneDrive\Desktop\CRM\backend\node_modules\@redis\client\dist\lib\client\index.js:639:35)
    at RedisStore.sendCommand (C:\Users\user\OneDrive\Desktop\CRM\backend\middleware\rateLimiter.js:13:49)
    at RedisStore.sendCommand (C:\Users\user\OneDrive\Desktop\CRM\backend\node_modules\rate-limit-redis\dist\index.cjs:85:49)
    at RedisStore.loadIncrementScript (C:\Users\user\OneDrive\Desktop\CRM\backend\node_modules\rate-limit-redis\dist\index.cjs:102:31)
    at new RedisStore (C:\Users\user\OneDrive\Desktop\CRM\backend\node_modules\rate-limit-redis\dist\index.cjs:95:36)
    at createRateLimiter (C:\Users\user\OneDrive\Desktop\CRM\backend\middleware\rateLimiter.js:12:16)
    at Object.<anonymous> (C:\Users\user\OneDrive\Desktop\CRM\backend\middleware\rateLimiter.js:41:20)
    at Module._compile (node:internal/modules/cjs/loader:1730:14)
    at Object..js (node:internal/modules/cjs/loader:1895:10)
    at Module.load (node:internal/modules/cjs/loader:1465:32)
2026-01-28 12:50:35: 2026-01-28 12:50:35 [31merror[39m: Error: The client is closed
    at Class.sendCommand (C:\Users\user\OneDrive\Desktop\CRM\backend\node_modules\@redis\client\dist\lib\client\index.js:639:35)
    at RedisStore.sendCommand (C:\Users\user\OneDrive\Desktop\CRM\backend\middleware\rateLimiter.js:13:49)
    at RedisStore.sendCommand (C:\Users\user\OneDrive\Desktop\CRM\backend\node_modules\rate-limit-redis\dist\index.cjs:85:49)
    at RedisStore.loadGetScript (C:\Users\user\OneDrive\Desktop\CRM\backend\node_modules\rate-limit-redis\dist\index.cjs:116:31)
    at new RedisStore (C:\Users\user\OneDrive\Desktop\CRM\backend\node_modules\rate-limit-redis\dist\index.cjs:96:30)
    at createRateLimiter (C:\Users\user\OneDrive\Desktop\CRM\backend\middleware\rateLimiter.js:12:16)
    at Object.<anonymous> (C:\Users\user\OneDrive\Desktop\CRM\backend\middleware\rateLimiter.js:41:20)
    at Module._compile (node:internal/modules/cjs/loader:1730:14)
    at Object..js (node:internal/modules/cjs/loader:1895:10)
    at Module.load (node:internal/modules/cjs/loader:1465:32)
2026-01-28 12:50:35: 2026-01-28 12:50:35 [31merror[39m: Error: The client is closed
    at Class.sendCommand (C:\Users\user\OneDrive\Desktop\CRM\backend\node_modules\@redis\client\dist\lib\client\index.js:639:35)
    at RedisStore.sendCommand (C:\Users\user\OneDrive\Desktop\CRM\backend\middleware\rateLimiter.js:13:49)
    at RedisStore.sendCommand (C:\Users\user\OneDrive\Desktop\CRM\backend\node_modules\rate-limit-redis\dist\index.cjs:85:49)
    at RedisStore.loadIncrementScript (C:\Users\user\OneDrive\Desktop\CRM\backend\node_modules\rate-limit-redis\dist\index.cjs:102:31)
    at new RedisStore (C:\Users\user\OneDrive\Desktop\CRM\backend\node_modules\rate-limit-redis\dist\index.cjs:95:36)
    at createRateLimiter (C:\Users\user\OneDrive\Desktop\CRM\backend\middleware\rateLimiter.js:12:16)
    at Object.<anonymous> (C:\Users\user\OneDrive\Desktop\CRM\backend\middleware\rateLimiter.js:49:23)
    at Module._compile (node:internal/modules/cjs/loader:1730:14)
    at Object..js (node:internal/modules/cjs/loader:1895:10)
    at Module.load (node:internal/modules/cjs/loader:1465:32)
2026-01-28 12:50:35: 2026-01-28 12:50:35 [31merror[39m: Error: The client is closed
    at Class.sendCommand (C:\Users\user\OneDrive\Desktop\CRM\backend\node_modules\@redis\client\dist\lib\client\index.js:639:35)
    at RedisStore.sendCommand (C:\Users\user\OneDrive\Desktop\CRM\backend\middleware\rateLimiter.js:13:49)
    at RedisStore.sendCommand (C:\Users\user\OneDrive\Desktop\CRM\backend\node_modules\rate-limit-redis\dist\index.cjs:85:49)
    at RedisStore.loadGetScript (C:\Users\user\OneDrive\Desktop\CRM\backend\node_modules\rate-limit-redis\dist\index.cjs:116:31)
    at new RedisStore (C:\Users\user\OneDrive\Desktop\CRM\backend\node_modules\rate-limit-redis\dist\index.cjs:96:30)
    at createRateLimiter (C:\Users\user\OneDrive\Desktop\CRM\backend\middleware\rateLimiter.js:12:16)
    at Object.<anonymous> (C:\Users\user\OneDrive\Desktop\CRM\backend\middleware\rateLimiter.js:49:23)
    at Module._compile (node:internal/modules/cjs/loader:1730:14)
    at Object..js (node:internal/modules/cjs/loader:1895:10)
    at Module.load (node:internal/modules/cjs/loader:1465:32)
2026-01-28 12:50:35: 2026-01-28 12:50:35 [31merror[39m: Error: The client is closed
    at Class.sendCommand (C:\Users\user\OneDrive\Desktop\CRM\backend\node_modules\@redis\client\dist\lib\client\index.js:639:35)
    at RedisStore.sendCommand (C:\Users\user\OneDrive\Desktop\CRM\backend\middleware\rateLimiter.js:13:49)
    at RedisStore.sendCommand (C:\Users\user\OneDrive\Desktop\CRM\backend\node_modules\rate-limit-redis\dist\index.cjs:85:49)
    at RedisStore.loadIncrementScript (C:\Users\user\OneDrive\Desktop\CRM\backend\node_modules\rate-limit-redis\dist\index.cjs:102:31)
    at new RedisStore (C:\Users\user\OneDrive\Desktop\CRM\backend\node_modules\rate-limit-redis\dist\index.cjs:95:36)
    at createRateLimiter (C:\Users\user\OneDrive\Desktop\CRM\backend\middleware\rateLimiter.js:12:16)
    at Object.<anonymous> (C:\Users\user\OneDrive\Desktop\CRM\backend\middleware\rateLimiter.js:57:25)
    at Module._compile (node:internal/modules/cjs/loader:1730:14)
    at Object..js (node:internal/modules/cjs/loader:1895:10)
    at Module.load (node:internal/modules/cjs/loader:1465:32)
2026-01-28 12:50:35: 2026-01-28 12:50:35 [31merror[39m: Error: The client is closed
    at Class.sendCommand (C:\Users\user\OneDrive\Desktop\CRM\backend\node_modules\@redis\client\dist\lib\client\index.js:639:35)
    at RedisStore.sendCommand (C:\Users\user\OneDrive\Desktop\CRM\backend\middleware\rateLimiter.js:13:49)
    at RedisStore.sendCommand (C:\Users\user\OneDrive\Desktop\CRM\backend\node_modules\rate-limit-redis\dist\index.cjs:85:49)
    at RedisStore.loadGetScript (C:\Users\user\OneDrive\Desktop\CRM\backend\node_modules\rate-limit-redis\dist\index.cjs:116:31)
    at new RedisStore (C:\Users\user\OneDrive\Desktop\CRM\backend\node_modules\rate-limit-redis\dist\index.cjs:96:30)
    at createRateLimiter (C:\Users\user\OneDrive\Desktop\CRM\backend\middleware\rateLimiter.js:12:16)
    at Object.<anonymous> (C:\Users\user\OneDrive\Desktop\CRM\backend\middleware\rateLimiter.js:57:25)
    at Module._compile (node:internal/modules/cjs/loader:1730:14)
    at Object..js (node:internal/modules/cjs/loader:1895:10)
    at Module.load (node:internal/modules/cjs/loader:1465:32)
2026-01-28 12:50:35: 2026-01-28 12:50:35 [31merror[39m: Error: The client is closed
    at Class.sendCommand (C:\Users\user\OneDrive\Desktop\CRM\backend\node_modules\@redis\client\dist\lib\client\index.js:639:35)
    at RedisStore.sendCommand (C:\Users\user\OneDrive\Desktop\CRM\backend\middleware\rateLimiter.js:13:49)
    at RedisStore.sendCommand (C:\Users\user\OneDrive\Desktop\CRM\backend\node_modules\rate-limit-redis\dist\index.cjs:85:49)
    at RedisStore.loadIncrementScript (C:\Users\user\OneDrive\Desktop\CRM\backend\node_modules\rate-limit-redis\dist\index.cjs:102:31)
    at new RedisStore (C:\Users\user\OneDrive\Desktop\CRM\backend\node_modules\rate-limit-redis\dist\index.cjs:95:36)
    at createRateLimiter (C:\Users\user\OneDrive\Desktop\CRM\backend\middleware\rateLimiter.js:12:16)
    at Object.<anonymous> (C:\Users\user\OneDrive\Desktop\CRM\backend\middleware\rateLimiter.js:65:21)
    at Module._compile (node:internal/modules/cjs/loader:1730:14)
    at Object..js (node:internal/modules/cjs/loader:1895:10)
    at Module.load (node:internal/modules/cjs/loader:1465:32)
2026-01-28 12:50:35: 2026-01-28 12:50:35 [31merror[39m: Error: The client is closed
    at Class.sendCommand (C:\Users\user\OneDrive\Desktop\CRM\backend\node_modules\@redis\client\dist\lib\client\index.js:639:35)
    at RedisStore.sendCommand (C:\Users\user\OneDrive\Desktop\CRM\backend\middleware\rateLimiter.js:13:49)
    at RedisStore.sendCommand (C:\Users\user\OneDrive\Desktop\CRM\backend\node_modules\rate-limit-redis\dist\index.cjs:85:49)
    at RedisStore.loadGetScript (C:\Users\user\OneDrive\Desktop\CRM\backend\node_modules\rate-limit-redis\dist\index.cjs:116:31)
    at new RedisStore (C:\Users\user\OneDrive\Desktop\CRM\backend\node_modules\rate-limit-redis\dist\index.cjs:96:30)
    at createRateLimiter (C:\Users\user\OneDrive\Desktop\CRM\backend\middleware\rateLimiter.js:12:16)
    at Object.<anonymous> (C:\Users\user\OneDrive\Desktop\CRM\backend\middleware\rateLimiter.js:65:21)
    at Module._compile (node:internal/modules/cjs/loader:1730:14)
    at Object..js (node:internal/modules/cjs/loader:1895:10)
    at Module.load (node:internal/modules/cjs/loader:1465:32)
2026-01-28 12:50:36: 2026-01-28 12:50:36 [32minfo[39m: ✅ Redis Connected successfully
2026-01-28 12:50:36: 2026-01-28 12:50:36 [31merror[39m: Error: NOAUTH Authentication required
    at #decodeSimpleError (C:\Users\user\OneDrive\Desktop\CRM\backend\node_modules\@redis\client\dist\lib\RESP\decoder.js:457:13)
    at #decodeTypeValue (C:\Users\user\OneDrive\Desktop\CRM\backend\node_modules\@redis\client\dist\lib\RESP\decoder.js:104:91)
    at Decoder.write (C:\Users\user\OneDrive\Desktop\CRM\backend\node_modules\@redis\client\dist\lib\RESP\decoder.js:74:38)
    at RedisSocket.<anonymous> (C:\Users\user\OneDrive\Desktop\CRM\backend\node_modules\@redis\client\dist\lib\client\index.js:437:37)
    at RedisSocket.emit (node:events:518:28)
    at Socket.<anonymous> (C:\Users\user\OneDrive\Desktop\CRM\backend\node_modules\@redis\client\dist\lib\client\socket.js:235:38)
    at Socket.emit (node:events:518:28)
    at addChunk (node:internal/streams/readable:561:12)
    at readableAddChunkPushByteMode (node:internal/streams/readable:512:3)
    at Readable.push (node:internal/streams/readable:392:5)
    at TCP.onStreamRead (node:internal/stream_base_commons:189:23)
2026-01-28 12:50:36: 2026-01-28 12:50:36 [31merror[39m: Error: NOAUTH Authentication required
    at #decodeSimpleError (C:\Users\user\OneDrive\Desktop\CRM\backend\node_modules\@redis\client\dist\lib\RESP\decoder.js:457:13)
    at #decodeTypeValue (C:\Users\user\OneDrive\Desktop\CRM\backend\node_modules\@redis\client\dist\lib\RESP\decoder.js:104:91)
    at Decoder.write (C:\Users\user\OneDrive\Desktop\CRM\backend\node_modules\@redis\client\dist\lib\RESP\decoder.js:74:38)
    at RedisSocket.<anonymous> (C:\Users\user\OneDrive\Desktop\CRM\backend\node_modules\@redis\client\dist\lib\client\index.js:437:37)
    at RedisSocket.emit (node:events:518:28)
    at Socket.<anonymous> (C:\Users\user\OneDrive\Desktop\CRM\backend\node_modules\@redis\client\dist\lib\client\socket.js:235:38)
    at Socket.emit (node:events:518:28)
    at addChunk (node:internal/streams/readable:561:12)
    at readableAddChunkPushByteMode (node:internal/streams/readable:512:3)
    at Readable.push (node:internal/streams/readable:392:5)
    at TCP.onStreamRead (node:internal/stream_base_commons:189:23)
2026-01-28 12:50:36: 📡 Mongoose connected to Atlas cluster
2026-01-28 12:50:36: ✅ MongoDB Atlas connected successfully!
2026-01-28 12:50:36: ✅ Query model connected successfully
2026-01-28 12:50:45: 🔌 Socket.IO instance set successfully
2026-01-28 12:50:45: ℹ️ Huawei E173 Modem Service is disabled via ENABLE_MODEM flag
2026-01-28 12:50:45: Starting Auto-Logout Job...
2026-01-28 12:50:45: 2026-01-28 12:50:45 [31merror[39m: Error: The client is closed
    at Class.sendCommand (C:\Users\user\OneDrive\Desktop\CRM\backend\node_modules\@redis\client\dist\lib\client\index.js:639:35)
    at RedisStore.sendCommand (C:\Users\user\OneDrive\Desktop\CRM\backend\middleware\rateLimiter.js:13:49)
    at RedisStore.sendCommand (C:\Users\user\OneDrive\Desktop\CRM\backend\node_modules\rate-limit-redis\dist\index.cjs:85:49)
    at RedisStore.loadIncrementScript (C:\Users\user\OneDrive\Desktop\CRM\backend\node_modules\rate-limit-redis\dist\index.cjs:102:31)
    at new RedisStore (C:\Users\user\OneDrive\Desktop\CRM\backend\node_modules\rate-limit-redis\dist\index.cjs:95:36)
    at createRateLimiter (C:\Users\user\OneDrive\Desktop\CRM\backend\middleware\rateLimiter.js:12:16)
    at Object.<anonymous> (C:\Users\user\OneDrive\Desktop\CRM\backend\middleware\rateLimiter.js:32:21)
    at Module._compile (node:internal/modules/cjs/loader:1730:14)
    at Object..js (node:internal/modules/cjs/loader:1895:10)
    at Module.load (node:internal/modules/cjs/loader:1465:32)
2026-01-28 12:50:45: 2026-01-28 12:50:45 [31merror[39m: Error: The client is closed
    at Class.sendCommand (C:\Users\user\OneDrive\Desktop\CRM\backend\node_modules\@redis\client\dist\lib\client\index.js:639:35)
    at RedisStore.sendCommand (C:\Users\user\OneDrive\Desktop\CRM\backend\middleware\rateLimiter.js:13:49)
    at RedisStore.sendCommand (C:\Users\user\OneDrive\Desktop\CRM\backend\node_modules\rate-limit-redis\dist\index.cjs:85:49)
    at RedisStore.loadGetScript (C:\Users\user\OneDrive\Desktop\CRM\backend\node_modules\rate-limit-redis\dist\index.cjs:116:31)
    at new RedisStore (C:\Users\user\OneDrive\Desktop\CRM\backend\node_modules\rate-limit-redis\dist\index.cjs:96:30)
    at createRateLimiter (C:\Users\user\OneDrive\Desktop\CRM\backend\middleware\rateLimiter.js:12:16)
    at Object.<anonymous> (C:\Users\user\OneDrive\Desktop\CRM\backend\middleware\rateLimiter.js:32:21)
    at Module._compile (node:internal/modules/cjs/loader:1730:14)
    at Object..js (node:internal/modules/cjs/loader:1895:10)
    at Module.load (node:internal/modules/cjs/loader:1465:32)
2026-01-28 12:50:45: 2026-01-28 12:50:45 [31merror[39m: Error: The client is closed
    at Class.sendCommand (C:\Users\user\OneDrive\Desktop\CRM\backend\node_modules\@redis\client\dist\lib\client\index.js:639:35)
    at RedisStore.sendCommand (C:\Users\user\OneDrive\Desktop\CRM\backend\middleware\rateLimiter.js:13:49)
    at RedisStore.sendCommand (C:\Users\user\OneDrive\Desktop\CRM\backend\node_modules\rate-limit-redis\dist\index.cjs:85:49)
    at RedisStore.loadIncrementScript (C:\Users\user\OneDrive\Desktop\CRM\backend\node_modules\rate-limit-redis\dist\index.cjs:102:31)
    at new RedisStore (C:\Users\user\OneDrive\Desktop\CRM\backend\node_modules\rate-limit-redis\dist\index.cjs:95:36)
    at createRateLimiter (C:\Users\user\OneDrive\Desktop\CRM\backend\middleware\rateLimiter.js:12:16)
    at Object.<anonymous> (C:\Users\user\OneDrive\Desktop\CRM\backend\middleware\rateLimiter.js:41:20)
    at Module._compile (node:internal/modules/cjs/loader:1730:14)
    at Object..js (node:internal/modules/cjs/loader:1895:10)
    at Module.load (node:internal/modules/cjs/loader:1465:32)
2026-01-28 12:50:45: 2026-01-28 12:50:45 [31merror[39m: Error: The client is closed
    at Class.sendCommand (C:\Users\user\OneDrive\Desktop\CRM\backend\node_modules\@redis\client\dist\lib\client\index.js:639:35)
    at RedisStore.sendCommand (C:\Users\user\OneDrive\Desktop\CRM\backend\middleware\rateLimiter.js:13:49)
    at RedisStore.sendCommand (C:\Users\user\OneDrive\Desktop\CRM\backend\node_modules\rate-limit-redis\dist\index.cjs:85:49)
    at RedisStore.loadGetScript (C:\Users\user\OneDrive\Desktop\CRM\backend\node_modules\rate-limit-redis\dist\index.cjs:116:31)
    at new RedisStore (C:\Users\user\OneDrive\Desktop\CRM\backend\node_modules\rate-limit-redis\dist\index.cjs:96:30)
    at createRateLimiter (C:\Users\user\OneDrive\Desktop\CRM\backend\middleware\rateLimiter.js:12:16)
    at Object.<anonymous> (C:\Users\user\OneDrive\Desktop\CRM\backend\middleware\rateLimiter.js:41:20)
    at Module._compile (node:internal/modules/cjs/loader:1730:14)
    at Object..js (node:internal/modules/cjs/loader:1895:10)
    at Module.load (node:internal/modules/cjs/loader:1465:32)
2026-01-28 12:50:45: 2026-01-28 12:50:45 [31merror[39m: Error: The client is closed
    at Class.sendCommand (C:\Users\user\OneDrive\Desktop\CRM\backend\node_modules\@redis\client\dist\lib\client\index.js:639:35)
    at RedisStore.sendCommand (C:\Users\user\OneDrive\Desktop\CRM\backend\middleware\rateLimiter.js:13:49)
    at RedisStore.sendCommand (C:\Users\user\OneDrive\Desktop\CRM\backend\node_modules\rate-limit-redis\dist\index.cjs:85:49)
    at RedisStore.loadIncrementScript (C:\Users\user\OneDrive\Desktop\CRM\backend\node_modules\rate-limit-redis\dist\index.cjs:102:31)
    at new RedisStore (C:\Users\user\OneDrive\Desktop\CRM\backend\node_modules\rate-limit-redis\dist\index.cjs:95:36)
    at createRateLimiter (C:\Users\user\OneDrive\Desktop\CRM\backend\middleware\rateLimiter.js:12:16)
    at Object.<anonymous> (C:\Users\user\OneDrive\Desktop\CRM\backend\middleware\rateLimiter.js:49:23)
    at Module._compile (node:internal/modules/cjs/loader:1730:14)
    at Object..js (node:internal/modules/cjs/loader:1895:10)
    at Module.load (node:internal/modules/cjs/loader:1465:32)
2026-01-28 12:50:45: 2026-01-28 12:50:45 [31merror[39m: Error: The client is closed
    at Class.sendCommand (C:\Users\user\OneDrive\Desktop\CRM\backend\node_modules\@redis\client\dist\lib\client\index.js:639:35)
    at RedisStore.sendCommand (C:\Users\user\OneDrive\Desktop\CRM\backend\middleware\rateLimiter.js:13:49)
    at RedisStore.sendCommand (C:\Users\user\OneDrive\Desktop\CRM\backend\node_modules\rate-limit-redis\dist\index.cjs:85:49)
    at RedisStore.loadGetScript (C:\Users\user\OneDrive\Desktop\CRM\backend\node_modules\rate-limit-redis\dist\index.cjs:116:31)
    at new RedisStore (C:\Users\user\OneDrive\Desktop\CRM\backend\node_modules\rate-limit-redis\dist\index.cjs:96:30)
    at createRateLimiter (C:\Users\user\OneDrive\Desktop\CRM\backend\middleware\rateLimiter.js:12:16)
    at Object.<anonymous> (C:\Users\user\OneDrive\Desktop\CRM\backend\middleware\rateLimiter.js:49:23)
    at Module._compile (node:internal/modules/cjs/loader:1730:14)
    at Object..js (node:internal/modules/cjs/loader:1895:10)
    at Module.load (node:internal/modules/cjs/loader:1465:32)
2026-01-28 12:50:45: 2026-01-28 12:50:45 [31merror[39m: Error: The client is closed
    at Class.sendCommand (C:\Users\user\OneDrive\Desktop\CRM\backend\node_modules\@redis\client\dist\lib\client\index.js:639:35)
    at RedisStore.sendCommand (C:\Users\user\OneDrive\Desktop\CRM\backend\middleware\rateLimiter.js:13:49)
    at RedisStore.sendCommand (C:\Users\user\OneDrive\Desktop\CRM\backend\node_modules\rate-limit-redis\dist\index.cjs:85:49)
    at RedisStore.loadIncrementScript (C:\Users\user\OneDrive\Desktop\CRM\backend\node_modules\rate-limit-redis\dist\index.cjs:102:31)
    at new RedisStore (C:\Users\user\OneDrive\Desktop\CRM\backend\node_modules\rate-limit-redis\dist\index.cjs:95:36)
    at createRateLimiter (C:\Users\user\OneDrive\Desktop\CRM\backend\middleware\rateLimiter.js:12:16)
    at Object.<anonymous> (C:\Users\user\OneDrive\Desktop\CRM\backend\middleware\rateLimiter.js:57:25)
    at Module._compile (node:internal/modules/cjs/loader:1730:14)
    at Object..js (node:internal/modules/cjs/loader:1895:10)
    at Module.load (node:internal/modules/cjs/loader:1465:32)
2026-01-28 12:50:45: 2026-01-28 12:50:45 [31merror[39m: Error: The client is closed
    at Class.sendCommand (C:\Users\user\OneDrive\Desktop\CRM\backend\node_modules\@redis\client\dist\lib\client\index.js:639:35)
    at RedisStore.sendCommand (C:\Users\user\OneDrive\Desktop\CRM\backend\middleware\rateLimiter.js:13:49)
    at RedisStore.sendCommand (C:\Users\user\OneDrive\Desktop\CRM\backend\node_modules\rate-limit-redis\dist\index.cjs:85:49)
    at RedisStore.loadGetScript (C:\Users\user\OneDrive\Desktop\CRM\backend\node_modules\rate-limit-redis\dist\index.cjs:116:31)
    at new RedisStore (C:\Users\user\OneDrive\Desktop\CRM\backend\node_modules\rate-limit-redis\dist\index.cjs:96:30)
    at createRateLimiter (C:\Users\user\OneDrive\Desktop\CRM\backend\middleware\rateLimiter.js:12:16)
    at Object.<anonymous> (C:\Users\user\OneDrive\Desktop\CRM\backend\middleware\rateLimiter.js:57:25)
    at Module._compile (node:internal/modules/cjs/loader:1730:14)
    at Object..js (node:internal/modules/cjs/loader:1895:10)
    at Module.load (node:internal/modules/cjs/loader:1465:32)
2026-01-28 12:50:45: 2026-01-28 12:50:45 [31merror[39m: Error: The client is closed
    at Class.sendCommand (C:\Users\user\OneDrive\Desktop\CRM\backend\node_modules\@redis\client\dist\lib\client\index.js:639:35)
    at RedisStore.sendCommand (C:\Users\user\OneDrive\Desktop\CRM\backend\middleware\rateLimiter.js:13:49)
    at RedisStore.sendCommand (C:\Users\user\OneDrive\Desktop\CRM\backend\node_modules\rate-limit-redis\dist\index.cjs:85:49)
    at RedisStore.loadIncrementScript (C:\Users\user\OneDrive\Desktop\CRM\backend\node_modules\rate-limit-redis\dist\index.cjs:102:31)
    at new RedisStore (C:\Users\user\OneDrive\Desktop\CRM\backend\node_modules\rate-limit-redis\dist\index.cjs:95:36)
    at createRateLimiter (C:\Users\user\OneDrive\Desktop\CRM\backend\middleware\rateLimiter.js:12:16)
    at Object.<anonymous> (C:\Users\user\OneDrive\Desktop\CRM\backend\middleware\rateLimiter.js:65:21)
    at Module._compile (node:internal/modules/cjs/loader:1730:14)
    at Object..js (node:internal/modules/cjs/loader:1895:10)
    at Module.load (node:internal/modules/cjs/loader:1465:32)
2026-01-28 12:50:45: 2026-01-28 12:50:45 [31merror[39m: Error: The client is closed
    at Class.sendCommand (C:\Users\user\OneDrive\Desktop\CRM\backend\node_modules\@redis\client\dist\lib\client\index.js:639:35)
    at RedisStore.sendCommand (C:\Users\user\OneDrive\Desktop\CRM\backend\middleware\rateLimiter.js:13:49)
    at RedisStore.sendCommand (C:\Users\user\OneDrive\Desktop\CRM\backend\node_modules\rate-limit-redis\dist\index.cjs:85:49)
    at RedisStore.loadGetScript (C:\Users\user\OneDrive\Desktop\CRM\backend\node_modules\rate-limit-redis\dist\index.cjs:116:31)
    at new RedisStore (C:\Users\user\OneDrive\Desktop\CRM\backend\node_modules\rate-limit-redis\dist\index.cjs:96:30)
    at createRateLimiter (C:\Users\user\OneDrive\Desktop\CRM\backend\middleware\rateLimiter.js:12:16)
    at Object.<anonymous> (C:\Users\user\OneDrive\Desktop\CRM\backend\middleware\rateLimiter.js:65:21)
    at Module._compile (node:internal/modules/cjs/loader:1730:14)
    at Object..js (node:internal/modules/cjs/loader:1895:10)
    at Module.load (node:internal/modules/cjs/loader:1465:32)
2026-01-28 12:50:45: 2026-01-28 12:50:45 [31merror[39m: Error: NOAUTH Authentication required
    at #decodeSimpleError (C:\Users\user\OneDrive\Desktop\CRM\backend\node_modules\@redis\client\dist\lib\RESP\decoder.js:457:13)
    at #decodeTypeValue (C:\Users\user\OneDrive\Desktop\CRM\backend\node_modules\@redis\client\dist\lib\RESP\decoder.js:104:91)
    at Decoder.write (C:\Users\user\OneDrive\Desktop\CRM\backend\node_modules\@redis\client\dist\lib\RESP\decoder.js:74:38)
    at RedisSocket.<anonymous> (C:\Users\user\OneDrive\Desktop\CRM\backend\node_modules\@redis\client\dist\lib\client\index.js:437:37)
    at RedisSocket.emit (node:events:518:28)
    at Socket.<anonymous> (C:\Users\user\OneDrive\Desktop\CRM\backend\node_modules\@redis\client\dist\lib\client\socket.js:235:38)
    at Socket.emit (node:events:518:28)
    at addChunk (node:internal/streams/readable:561:12)
    at readableAddChunkPushByteMode (node:internal/streams/readable:512:3)
    at Readable.push (node:internal/streams/readable:392:5)
    at TCP.onStreamRead (node:internal/stream_base_commons:189:23)
2026-01-28 12:50:45: 2026-01-28 12:50:45 [31merror[39m: Error: NOAUTH Authentication required
    at #decodeSimpleError (C:\Users\user\OneDrive\Desktop\CRM\backend\node_modules\@redis\client\dist\lib\RESP\decoder.js:457:13)
    at #decodeTypeValue (C:\Users\user\OneDrive\Desktop\CRM\backend\node_modules\@redis\client\dist\lib\RESP\decoder.js:104:91)
    at Decoder.write (C:\Users\user\OneDrive\Desktop\CRM\backend\node_modules\@redis\client\dist\lib\RESP\decoder.js:74:38)
    at RedisSocket.<anonymous> (C:\Users\user\OneDrive\Desktop\CRM\backend\node_modules\@redis\client\dist\lib\client\index.js:437:37)
    at RedisSocket.emit (node:events:518:28)
    at Socket.<anonymous> (C:\Users\user\OneDrive\Desktop\CRM\backend\node_modules\@redis\client\dist\lib\client\socket.js:235:38)
    at Socket.emit (node:events:518:28)
    at addChunk (node:internal/streams/readable:561:12)
    at readableAddChunkPushByteMode (node:internal/streams/readable:512:3)
    at Readable.push (node:internal/streams/readable:392:5)
    at TCP.onStreamRead (node:internal/stream_base_commons:189:23)
2026-01-28 12:50:45: 2026-01-28 12:50:45 [32minfo[39m: ✅ Redis Connected successfully
2026-01-28 12:50:46: 📡 Mongoose connected to Atlas cluster
2026-01-28 12:50:46: ✅ MongoDB Atlas connected successfully!
2026-01-28 12:50:46: ✅ Query model connected successfully
2026-01-28 12:50:56: 🔌 Socket.IO instance set successfully
2026-01-28 12:50:56: ℹ️ Huawei E173 Modem Service is disabled via ENABLE_MODEM flag
2026-01-28 12:50:56: Starting Auto-Logout Job...
2026-01-28 12:50:56: 2026-01-28 12:50:56 [31merror[39m: Error: The client is closed
    at Class.sendCommand (C:\Users\user\OneDrive\Desktop\CRM\backend\node_modules\@redis\client\dist\lib\client\index.js:639:35)
    at RedisStore.sendCommand (C:\Users\user\OneDrive\Desktop\CRM\backend\middleware\rateLimiter.js:13:49)
    at RedisStore.sendCommand (C:\Users\user\OneDrive\Desktop\CRM\backend\node_modules\rate-limit-redis\dist\index.cjs:85:49)
    at RedisStore.loadIncrementScript (C:\Users\user\OneDrive\Desktop\CRM\backend\node_modules\rate-limit-redis\dist\index.cjs:102:31)
    at new RedisStore (C:\Users\user\OneDrive\Desktop\CRM\backend\node_modules\rate-limit-redis\dist\index.cjs:95:36)
    at createRateLimiter (C:\Users\user\OneDrive\Desktop\CRM\backend\middleware\rateLimiter.js:12:16)
    at Object.<anonymous> (C:\Users\user\OneDrive\Desktop\CRM\backend\middleware\rateLimiter.js:32:21)
    at Module._compile (node:internal/modules/cjs/loader:1730:14)
    at Object..js (node:internal/modules/cjs/loader:1895:10)
    at Module.load (node:internal/modules/cjs/loader:1465:32)
2026-01-28 12:50:56: 2026-01-28 12:50:56 [31merror[39m: Error: The client is closed
    at Class.sendCommand (C:\Users\user\OneDrive\Desktop\CRM\backend\node_modules\@redis\client\dist\lib\client\index.js:639:35)
    at RedisStore.sendCommand (C:\Users\user\OneDrive\Desktop\CRM\backend\middleware\rateLimiter.js:13:49)
    at RedisStore.sendCommand (C:\Users\user\OneDrive\Desktop\CRM\backend\node_modules\rate-limit-redis\dist\index.cjs:85:49)
    at RedisStore.loadGetScript (C:\Users\user\OneDrive\Desktop\CRM\backend\node_modules\rate-limit-redis\dist\index.cjs:116:31)
    at new RedisStore (C:\Users\user\OneDrive\Desktop\CRM\backend\node_modules\rate-limit-redis\dist\index.cjs:96:30)
    at createRateLimiter (C:\Users\user\OneDrive\Desktop\CRM\backend\middleware\rateLimiter.js:12:16)
    at Object.<anonymous> (C:\Users\user\OneDrive\Desktop\CRM\backend\middleware\rateLimiter.js:32:21)
    at Module._compile (node:internal/modules/cjs/loader:1730:14)
    at Object..js (node:internal/modules/cjs/loader:1895:10)
    at Module.load (node:internal/modules/cjs/loader:1465:32)
2026-01-28 12:50:56: 2026-01-28 12:50:56 [31merror[39m: Error: The client is closed
    at Class.sendCommand (C:\Users\user\OneDrive\Desktop\CRM\backend\node_modules\@redis\client\dist\lib\client\index.js:639:35)
    at RedisStore.sendCommand (C:\Users\user\OneDrive\Desktop\CRM\backend\middleware\rateLimiter.js:13:49)
    at RedisStore.sendCommand (C:\Users\user\OneDrive\Desktop\CRM\backend\node_modules\rate-limit-redis\dist\index.cjs:85:49)
    at RedisStore.loadIncrementScript (C:\Users\user\OneDrive\Desktop\CRM\backend\node_modules\rate-limit-redis\dist\index.cjs:102:31)
    at new RedisStore (C:\Users\user\OneDrive\Desktop\CRM\backend\node_modules\rate-limit-redis\dist\index.cjs:95:36)
    at createRateLimiter (C:\Users\user\OneDrive\Desktop\CRM\backend\middleware\rateLimiter.js:12:16)
    at Object.<anonymous> (C:\Users\user\OneDrive\Desktop\CRM\backend\middleware\rateLimiter.js:41:20)
    at Module._compile (node:internal/modules/cjs/loader:1730:14)
    at Object..js (node:internal/modules/cjs/loader:1895:10)
    at Module.load (node:internal/modules/cjs/loader:1465:32)
2026-01-28 12:50:56: 2026-01-28 12:50:56 [31merror[39m: Error: The client is closed
    at Class.sendCommand (C:\Users\user\OneDrive\Desktop\CRM\backend\node_modules\@redis\client\dist\lib\client\index.js:639:35)
    at RedisStore.sendCommand (C:\Users\user\OneDrive\Desktop\CRM\backend\middleware\rateLimiter.js:13:49)
    at RedisStore.sendCommand (C:\Users\user\OneDrive\Desktop\CRM\backend\node_modules\rate-limit-redis\dist\index.cjs:85:49)
    at RedisStore.loadGetScript (C:\Users\user\OneDrive\Desktop\CRM\backend\node_modules\rate-limit-redis\dist\index.cjs:116:31)
    at new RedisStore (C:\Users\user\OneDrive\Desktop\CRM\backend\node_modules\rate-limit-redis\dist\index.cjs:96:30)
    at createRateLimiter (C:\Users\user\OneDrive\Desktop\CRM\backend\middleware\rateLimiter.js:12:16)
    at Object.<anonymous> (C:\Users\user\OneDrive\Desktop\CRM\backend\middleware\rateLimiter.js:41:20)
    at Module._compile (node:internal/modules/cjs/loader:1730:14)
    at Object..js (node:internal/modules/cjs/loader:1895:10)
    at Module.load (node:internal/modules/cjs/loader:1465:32)
2026-01-28 12:50:56: 2026-01-28 12:50:56 [31merror[39m: Error: The client is closed
    at Class.sendCommand (C:\Users\user\OneDrive\Desktop\CRM\backend\node_modules\@redis\client\dist\lib\client\index.js:639:35)
    at RedisStore.sendCommand (C:\Users\user\OneDrive\Desktop\CRM\backend\middleware\rateLimiter.js:13:49)
    at RedisStore.sendCommand (C:\Users\user\OneDrive\Desktop\CRM\backend\node_modules\rate-limit-redis\dist\index.cjs:85:49)
    at RedisStore.loadIncrementScript (C:\Users\user\OneDrive\Desktop\CRM\backend\node_modules\rate-limit-redis\dist\index.cjs:102:31)
    at new RedisStore (C:\Users\user\OneDrive\Desktop\CRM\backend\node_modules\rate-limit-redis\dist\index.cjs:95:36)
    at createRateLimiter (C:\Users\user\OneDrive\Desktop\CRM\backend\middleware\rateLimiter.js:12:16)
    at Object.<anonymous> (C:\Users\user\OneDrive\Desktop\CRM\backend\middleware\rateLimiter.js:49:23)
    at Module._compile (node:internal/modules/cjs/loader:1730:14)
    at Object..js (node:internal/modules/cjs/loader:1895:10)
    at Module.load (node:internal/modules/cjs/loader:1465:32)
2026-01-28 12:50:56: 2026-01-28 12:50:56 [31merror[39m: Error: The client is closed
    at Class.sendCommand (C:\Users\user\OneDrive\Desktop\CRM\backend\node_modules\@redis\client\dist\lib\client\index.js:639:35)
    at RedisStore.sendCommand (C:\Users\user\OneDrive\Desktop\CRM\backend\middleware\rateLimiter.js:13:49)
    at RedisStore.sendCommand (C:\Users\user\OneDrive\Desktop\CRM\backend\node_modules\rate-limit-redis\dist\index.cjs:85:49)
    at RedisStore.loadGetScript (C:\Users\user\OneDrive\Desktop\CRM\backend\node_modules\rate-limit-redis\dist\index.cjs:116:31)
    at new RedisStore (C:\Users\user\OneDrive\Desktop\CRM\backend\node_modules\rate-limit-redis\dist\index.cjs:96:30)
    at createRateLimiter (C:\Users\user\OneDrive\Desktop\CRM\backend\middleware\rateLimiter.js:12:16)
    at Object.<anonymous> (C:\Users\user\OneDrive\Desktop\CRM\backend\middleware\rateLimiter.js:49:23)
    at Module._compile (node:internal/modules/cjs/loader:1730:14)
    at Object..js (node:internal/modules/cjs/loader:1895:10)
    at Module.load (node:internal/modules/cjs/loader:1465:32)
2026-01-28 12:50:56: 2026-01-28 12:50:56 [31merror[39m: Error: The client is closed
    at Class.sendCommand (C:\Users\user\OneDrive\Desktop\CRM\backend\node_modules\@redis\client\dist\lib\client\index.js:639:35)
    at RedisStore.sendCommand (C:\Users\user\OneDrive\Desktop\CRM\backend\middleware\rateLimiter.js:13:49)
    at RedisStore.sendCommand (C:\Users\user\OneDrive\Desktop\CRM\backend\node_modules\rate-limit-redis\dist\index.cjs:85:49)
    at RedisStore.loadIncrementScript (C:\Users\user\OneDrive\Desktop\CRM\backend\node_modules\rate-limit-redis\dist\index.cjs:102:31)
    at new RedisStore (C:\Users\user\OneDrive\Desktop\CRM\backend\node_modules\rate-limit-redis\dist\index.cjs:95:36)
    at createRateLimiter (C:\Users\user\OneDrive\Desktop\CRM\backend\middleware\rateLimiter.js:12:16)
    at Object.<anonymous> (C:\Users\user\OneDrive\Desktop\CRM\backend\middleware\rateLimiter.js:57:25)
    at Module._compile (node:internal/modules/cjs/loader:1730:14)
    at Object..js (node:internal/modules/cjs/loader:1895:10)
    at Module.load (node:internal/modules/cjs/loader:1465:32)
2026-01-28 12:50:56: 2026-01-28 12:50:56 [31merror[39m: Error: The client is closed
    at Class.sendCommand (C:\Users\user\OneDrive\Desktop\CRM\backend\node_modules\@redis\client\dist\lib\client\index.js:639:35)
    at RedisStore.sendCommand (C:\Users\user\OneDrive\Desktop\CRM\backend\middleware\rateLimiter.js:13:49)
    at RedisStore.sendCommand (C:\Users\user\OneDrive\Desktop\CRM\backend\node_modules\rate-limit-redis\dist\index.cjs:85:49)
    at RedisStore.loadGetScript (C:\Users\user\OneDrive\Desktop\CRM\backend\node_modules\rate-limit-redis\dist\index.cjs:116:31)
    at new RedisStore (C:\Users\user\OneDrive\Desktop\CRM\backend\node_modules\rate-limit-redis\dist\index.cjs:96:30)
    at createRateLimiter (C:\Users\user\OneDrive\Desktop\CRM\backend\middleware\rateLimiter.js:12:16)
    at Object.<anonymous> (C:\Users\user\OneDrive\Desktop\CRM\backend\middleware\rateLimiter.js:57:25)
    at Module._compile (node:internal/modules/cjs/loader:1730:14)
    at Object..js (node:internal/modules/cjs/loader:1895:10)
    at Module.load (node:internal/modules/cjs/loader:1465:32)
2026-01-28 12:50:56: 2026-01-28 12:50:56 [31merror[39m: Error: The client is closed
    at Class.sendCommand (C:\Users\user\OneDrive\Desktop\CRM\backend\node_modules\@redis\client\dist\lib\client\index.js:639:35)
    at RedisStore.sendCommand (C:\Users\user\OneDrive\Desktop\CRM\backend\middleware\rateLimiter.js:13:49)
    at RedisStore.sendCommand (C:\Users\user\OneDrive\Desktop\CRM\backend\node_modules\rate-limit-redis\dist\index.cjs:85:49)
    at RedisStore.loadIncrementScript (C:\Users\user\OneDrive\Desktop\CRM\backend\node_modules\rate-limit-redis\dist\index.cjs:102:31)
    at new RedisStore (C:\Users\user\OneDrive\Desktop\CRM\backend\node_modules\rate-limit-redis\dist\index.cjs:95:36)
    at createRateLimiter (C:\Users\user\OneDrive\Desktop\CRM\backend\middleware\rateLimiter.js:12:16)
    at Object.<anonymous> (C:\Users\user\OneDrive\Desktop\CRM\backend\middleware\rateLimiter.js:65:21)
    at Module._compile (node:internal/modules/cjs/loader:1730:14)
    at Object..js (node:internal/modules/cjs/loader:1895:10)
    at Module.load (node:internal/modules/cjs/loader:1465:32)
2026-01-28 12:50:56: 2026-01-28 12:50:56 [31merror[39m: Error: The client is closed
    at Class.sendCommand (C:\Users\user\OneDrive\Desktop\CRM\backend\node_modules\@redis\client\dist\lib\client\index.js:639:35)
    at RedisStore.sendCommand (C:\Users\user\OneDrive\Desktop\CRM\backend\middleware\rateLimiter.js:13:49)
    at RedisStore.sendCommand (C:\Users\user\OneDrive\Desktop\CRM\backend\node_modules\rate-limit-redis\dist\index.cjs:85:49)
    at RedisStore.loadGetScript (C:\Users\user\OneDrive\Desktop\CRM\backend\node_modules\rate-limit-redis\dist\index.cjs:116:31)
    at new RedisStore (C:\Users\user\OneDrive\Desktop\CRM\backend\node_modules\rate-limit-redis\dist\index.cjs:96:30)
    at createRateLimiter (C:\Users\user\OneDrive\Desktop\CRM\backend\middleware\rateLimiter.js:12:16)
    at Object.<anonymous> (C:\Users\user\OneDrive\Desktop\CRM\backend\middleware\rateLimiter.js:65:21)
    at Module._compile (node:internal/modules/cjs/loader:1730:14)
    at Object..js (node:internal/modules/cjs/loader:1895:10)
    at Module.load (node:internal/modules/cjs/loader:1465:32)
2026-01-28 12:50:56: 2026-01-28 12:50:56 [31merror[39m: Error: NOAUTH Authentication required
    at #decodeSimpleError (C:\Users\user\OneDrive\Desktop\CRM\backend\node_modules\@redis\client\dist\lib\RESP\decoder.js:457:13)
    at #decodeTypeValue (C:\Users\user\OneDrive\Desktop\CRM\backend\node_modules\@redis\client\dist\lib\RESP\decoder.js:104:91)
    at Decoder.write (C:\Users\user\OneDrive\Desktop\CRM\backend\node_modules\@redis\client\dist\lib\RESP\decoder.js:74:38)
    at RedisSocket.<anonymous> (C:\Users\user\OneDrive\Desktop\CRM\backend\node_modules\@redis\client\dist\lib\client\index.js:437:37)
    at RedisSocket.emit (node:events:518:28)
    at Socket.<anonymous> (C:\Users\user\OneDrive\Desktop\CRM\backend\node_modules\@redis\client\dist\lib\client\socket.js:235:38)
    at Socket.emit (node:events:518:28)
    at addChunk (node:internal/streams/readable:561:12)
    at readableAddChunkPushByteMode (node:internal/streams/readable:512:3)
    at Readable.push (node:internal/streams/readable:392:5)
    at TCP.onStreamRead (node:internal/stream_base_commons:189:23)
2026-01-28 12:50:56: 2026-01-28 12:50:56 [31merror[39m: Error: NOAUTH Authentication required
    at #decodeSimpleError (C:\Users\user\OneDrive\Desktop\CRM\backend\node_modules\@redis\client\dist\lib\RESP\decoder.js:457:13)
    at #decodeTypeValue (C:\Users\user\OneDrive\Desktop\CRM\backend\node_modules\@redis\client\dist\lib\RESP\decoder.js:104:91)
    at Decoder.write (C:\Users\user\OneDrive\Desktop\CRM\backend\node_modules\@redis\client\dist\lib\RESP\decoder.js:74:38)
    at RedisSocket.<anonymous> (C:\Users\user\OneDrive\Desktop\CRM\backend\node_modules\@redis\client\dist\lib\client\index.js:437:37)
    at RedisSocket.emit (node:events:518:28)
    at Socket.<anonymous> (C:\Users\user\OneDrive\Desktop\CRM\backend\node_modules\@redis\client\dist\lib\client\socket.js:235:38)
    at Socket.emit (node:events:518:28)
    at addChunk (node:internal/streams/readable:561:12)
    at readableAddChunkPushByteMode (node:internal/streams/readable:512:3)
    at Readable.push (node:internal/streams/readable:392:5)
    at TCP.onStreamRead (node:internal/stream_base_commons:189:23)
2026-01-28 12:50:56: 2026-01-28 12:50:56 [32minfo[39m: ✅ Redis Connected successfully
2026-01-28 12:50:56: 📡 Mongoose connected to Atlas cluster
2026-01-28 12:50:56: ✅ MongoDB Atlas connected successfully!
2026-01-28 12:50:56: ✅ Query model connected successfully
2026-01-29 11:46:05: 🔌 Socket.IO instance set successfully
2026-01-29 11:46:05: 2026-01-29 11:46:05 [32minfo[39m: ✅ Redis Connected successfully
2026-01-29 11:46:05: ℹ️ Huawei E173 Modem Service is disabled via ENABLE_MODEM flag
2026-01-29 11:46:05: Starting Auto-Logout Job...
2026-01-29 11:46:05: 2026-01-29 11:46:05 [31merror[39m: Error: Connection timeout
    at Socket.onTimeout (C:\Users\user\OneDrive\Desktop\CRM\backend\node_modules\@redis\client\dist\lib\client\socket.js:207:46)
    at Object.onceWrapper (node:events:632:28)
    at Socket.emit (node:events:518:28)
    at Socket._onTimeout (node:net:609:8)
    at listOnTimeout (node:internal/timers:588:17)
    at process.processTimers (node:internal/timers:523:7)
2026-01-29 11:46:05: 2026-01-29 11:46:05 [31merror[39m: Error: Connection timeout
    at Socket.onTimeout (C:\Users\user\OneDrive\Desktop\CRM\backend\node_modules\@redis\client\dist\lib\client\socket.js:207:46)
    at Object.onceWrapper (node:events:632:28)
    at Socket.emit (node:events:518:28)
    at Socket._onTimeout (node:net:609:8)
    at listOnTimeout (node:internal/timers:588:17)
    at process.processTimers (node:internal/timers:523:7)
2026-01-29 11:46:05: 2026-01-29 11:46:05 [32minfo[39m: 🚀 Server running on http://localhost:5000
2026-01-29 11:46:05: 2026-01-29 11:46:05 [32minfo[39m: 📡 Socket.IO server ready for connections
2026-01-29 11:46:05: 2026-01-29 11:46:05 [31merror[39m: TypeError: Cannot read properties of undefined (reading 'value')
    at #getTypeMapping (C:\Users\user\OneDrive\Desktop\CRM\backend\node_modules\@redis\client\dist\lib\client\commands-queue.js:101:43)
    at decoder.getTypeMapping (C:\Users\user\OneDrive\Desktop\CRM\backend\node_modules\@redis\client\dist\lib\client\commands-queue.js:227:65)
    at #decodeTypeValue (C:\Users\user\OneDrive\Desktop\CRM\backend\node_modules\@redis\client\dist\lib\RESP\decoder.js:108:86)
    at Decoder.write (C:\Users\user\OneDrive\Desktop\CRM\backend\node_modules\@redis\client\dist\lib\RESP\decoder.js:74:38)
    at RedisSocket.<anonymous> (C:\Users\user\OneDrive\Desktop\CRM\backend\node_modules\@redis\client\dist\lib\client\index.js:437:37)
    at RedisSocket.emit (node:events:518:28)
    at Socket.<anonymous> (C:\Users\user\OneDrive\Desktop\CRM\backend\node_modules\@redis\client\dist\lib\client\socket.js:235:38)
    at Socket.emit (node:events:518:28)
    at addChunk (node:internal/streams/readable:561:12)
    at readableAddChunkPushByteMode (node:internal/streams/readable:512:3)
    at Readable.push (node:internal/streams/readable:392:5)
    at TCP.onStreamRead (node:internal/stream_base_commons:189:23)
2026-01-29 11:46:05: 2026-01-29 11:46:05 [32minfo[39m: ✅ Redis Connected successfully
2026-01-29 11:46:06: 📡 Mongoose connected to Atlas cluster
2026-01-29 11:46:06: ✅ MongoDB Atlas connected successfully!
2026-01-29 11:46:06: ✅ Query model connected successfully
2026-01-29 11:46:48: 🔌 New socket connection: oIZ2p939rowvZ8TsAAAB
2026-01-29 11:46:48: 🔗 Socket oIZ2p939rowvZ8TsAAAB joined room user_68fcc5bfb85c2281711925bb (auto-join on connection)
2026-01-29 11:46:48: 🔗 Recorded user connection: 68fcc5bfb85c2281711925bb with socket oIZ2p939rowvZ8TsAAAB
2026-01-29 11:46:48: 🚪 Socket oIZ2p939rowvZ8TsAAAB joined user room user_68fcc5bfb85c2281711925bb
2026-01-29 11:46:48: 2026-01-29 11:46:48 [31merror[39m: TypeError: Cannot read properties of undefined (reading 'value')
    at #getTypeMapping (C:\Users\user\OneDrive\Desktop\CRM\backend\node_modules\@redis\client\dist\lib\client\commands-queue.js:101:43)
    at decoder.getTypeMapping (C:\Users\user\OneDrive\Desktop\CRM\backend\node_modules\@redis\client\dist\lib\client\commands-queue.js:227:65)
    at #decodeTypeValue (C:\Users\user\OneDrive\Desktop\CRM\backend\node_modules\@redis\client\dist\lib\RESP\decoder.js:108:86)
    at Decoder.write (C:\Users\user\OneDrive\Desktop\CRM\backend\node_modules\@redis\client\dist\lib\RESP\decoder.js:74:38)
    at RedisSocket.<anonymous> (C:\Users\user\OneDrive\Desktop\CRM\backend\node_modules\@redis\client\dist\lib\client\index.js:437:37)
    at RedisSocket.emit (node:events:518:28)
    at Socket.<anonymous> (C:\Users\user\OneDrive\Desktop\CRM\backend\node_modules\@redis\client\dist\lib\client\socket.js:235:38)
    at Socket.emit (node:events:518:28)
    at addChunk (node:internal/streams/readable:561:12)
    at readableAddChunkPushByteMode (node:internal/streams/readable:512:3)
    at Readable.push (node:internal/streams/readable:392:5)
    at TCP.onStreamRead (node:internal/stream_base_commons:189:23)
2026-01-29 11:46:48: 🔍 [DEBUG] Unread count endpoint hit
2026-01-29 11:46:48: 🔍 [DEBUG] req.user exists: [33mtrue[39m
2026-01-29 11:46:48: 🔍 [DEBUG] req.user.id: 68fcc5bfb85c2281711925bb
2026-01-29 11:46:48: 🔍 [DEBUG] req.user._id: new ObjectId([32m'68fcc5bfb85c2281711925bb'[39m)
2026-01-29 11:46:48: 🔍 [DEBUG] Extracted user ID: 68fcc5bfb85c2281711925bb
2026-01-29 11:46:48: 📬 Fetching unread count for user: 68fcc5bfb85c2281711925bb
2026-01-29 11:46:48: 🔍 [DEBUG] About to query database...
2026-01-29 11:46:48: 📬 Unread count result: [33m4[39m
2026-01-29 11:46:48: 2026-01-29 11:46:48 [32minfo[39m: GET /api/messages/unread-count 304 - - 179.484 ms
2026-01-29 11:46:48: 🔍 [DEBUG] Unread count endpoint hit
2026-01-29 11:46:48: 🔍 [DEBUG] req.user exists: [33mtrue[39m
2026-01-29 11:46:48: 🔍 [DEBUG] req.user.id: 68fcc5bfb85c2281711925bb
2026-01-29 11:46:48: 🔍 [DEBUG] req.user._id: new ObjectId([32m'68fcc5bfb85c2281711925bb'[39m)
2026-01-29 11:46:48: 🔍 [DEBUG] Extracted user ID: 68fcc5bfb85c2281711925bb
2026-01-29 11:46:48: 📬 Fetching unread count for user: 68fcc5bfb85c2281711925bb
2026-01-29 11:46:48: 🔍 [DEBUG] About to query database...
2026-01-29 11:46:48: 📬 Unread count result: [33m4[39m
2026-01-29 11:46:48: 2026-01-29 11:46:48 [32minfo[39m: GET /api/messages/unread-count 304 - - 86.885 ms
2026-01-29 11:46:49: 🚪 Socket oIZ2p939rowvZ8TsAAAB joined user room user_68fcc5bfb85c2281711925bb
2026-01-29 11:46:49: 🚪 Socket oIZ2p939rowvZ8TsAAAB joined user room user_68fcc5bfb85c2281711925bb
2026-01-29 11:46:49: 🚪 Socket oIZ2p939rowvZ8TsAAAB joined user room user_68fcc5bfb85c2281711925bb
2026-01-29 11:46:49: 🚪 Socket oIZ2p939rowvZ8TsAAAB joined user room user_68fcc5bfb85c2281711925bb
2026-01-29 11:46:53: 2026-01-29 11:46:53 [32minfo[39m: GET /api/appointments/revenue/reports 200 909 - 183.981 ms
2026-01-29 11:46:54: 2026-01-29 11:46:54 [32minfo[39m: GET /api/users/all 200 - - 450.152 ms
2026-01-29 11:46:54: 2026-01-29 11:46:54 [32minfo[39m: GET /api/admin-status 200 49 - 1060.276 ms
2026-01-29 11:46:54: 2026-01-29 11:46:54 [32minfo[39m: GET /api/attendance/2026/1 200 - - 1234.202 ms
2026-01-29 11:46:54: 2026-01-29 11:46:54 [32minfo[39m: GET /api/appointments 200 - - 1267.196 ms
2026-01-29 11:46:54: 2026-01-29 11:46:54 [32minfo[39m: GET /api/appointments/stats?month=1&year=2026 200 12 - 127.674 ms
2026-01-29 11:46:54: 2026-01-29 11:46:54 [32minfo[39m: GET /api/appointments/stats?month=12&year=2025 200 12 - 130.079 ms
2026-01-29 11:46:54: 2026-01-29 11:46:54 [32minfo[39m: GET /api/tasks 304 - - 1566.790 ms
2026-01-29 11:46:54: 2026-01-29 11:46:54 [32minfo[39m: GET /api/appointments/revenue 200 46 - 263.272 ms
2026-01-29 11:46:54: [DEBUG] Date range: Thu Jan 29 2026 00:00:00 GMT+0530 (India Standard Time) to Thu Jan 29 2026 23:59:59 GMT+0530 (India Standard Time)
2026-01-29 11:46:54: [DEBUG] Appointment stats found: 0 []
2026-01-29 11:46:54: 2026-01-29 11:46:54 [32minfo[39m: GET /api/attendance/range?start=2025-12-31T18:30:00.000Z&end=2026-01-31T18:29:59.999Z 200 - - 1597.066 ms
2026-01-29 11:46:54: 2026-01-29 11:46:54 [32minfo[39m: GET /api/users 200 - - 314.999 ms
2026-01-29 11:46:54: 2026-01-29 11:46:54 [32minfo[39m: GET /api/appointments/revenue/reports 304 - - 139.166 ms
2026-01-29 11:46:54: 2026-01-29 11:46:54 [32minfo[39m: GET /api/admin-status 304 - - 74.141 ms
2026-01-29 11:46:54: 2026-01-29 11:46:54 [32minfo[39m: GET /api/appointments/stats?month=1&year=2026 304 - - 152.032 ms
2026-01-29 11:46:54: 2026-01-29 11:46:54 [32minfo[39m: GET /api/attendance/2026/1 304 - - 334.455 ms
2026-01-29 11:46:54: 2026-01-29 11:46:54 [32minfo[39m: GET /api/users/all 304 - - 259.235 ms
2026-01-29 11:46:55: 2026-01-29 11:46:55 [32minfo[39m: GET /api/appointments 304 - - 405.173 ms
2026-01-29 11:46:55: 2026-01-29 11:46:55 [32minfo[39m: GET /api/appointments/stats?month=12&year=2025 304 - - 258.436 ms
2026-01-29 11:46:55: 2026-01-29 11:46:55 [32minfo[39m: GET /api/tasks 304 - - 306.629 ms
2026-01-29 11:46:55: 2026-01-29 11:46:55 [32minfo[39m: GET /api/appointments/revenue 304 - - 179.201 ms
2026-01-29 11:46:55: 2026-01-29 11:46:55 [32minfo[39m: GET /api/attendance/range?start=2025-12-31T18:30:00.000Z&end=2026-01-31T18:29:59.999Z 304 - - 207.433 ms
2026-01-29 11:46:55: [DEBUG] Date range: Thu Jan 29 2026 00:00:00 GMT+0530 (India Standard Time) to Thu Jan 29 2026 23:59:59 GMT+0530 (India Standard Time)
2026-01-29 11:46:55: [DEBUG] Appointment stats found: 0 []
2026-01-29 11:46:55: 2026-01-29 11:46:55 [32minfo[39m: GET /api/users 304 - - 286.935 ms
2026-01-29 11:46:55: 2026-01-29 11:46:55 [32minfo[39m: GET /api/tasks 304 - - 218.666 ms
2026-01-29 11:46:55: 2026-01-29 11:46:55 [32minfo[39m: GET /api/tasks 304 - - 136.610 ms
2026-01-29 11:47:03: 2026-01-29 11:47:03 [32minfo[39m: GET /api/appointments/stats?month=1&year=2026 304 - - 97.066 ms
2026-01-29 11:47:03: 2026-01-29 11:47:03 [32minfo[39m: GET /api/appointments/stats?month=12&year=2025 304 - - 97.565 ms
2026-01-29 11:47:03: 2026-01-29 11:47:03 [32minfo[39m: GET /api/appointments/revenue 304 - - 137.448 ms
2026-01-29 11:47:03: [DEBUG] Date range: Thu Jan 29 2026 00:00:00 GMT+0530 (India Standard Time) to Thu Jan 29 2026 23:59:59 GMT+0530 (India Standard Time)
2026-01-29 11:47:03: [DEBUG] Appointment stats found: 0 []
2026-01-29 11:47:03: 2026-01-29 11:47:03 [32minfo[39m: GET /api/users 304 - - 197.624 ms
2026-01-29 11:47:13: 2026-01-29 11:47:13 [32minfo[39m: GET /api/appointments/stats?month=12&year=2025 304 - - 91.816 ms
2026-01-29 11:47:13: 2026-01-29 11:47:13 [32minfo[39m: GET /api/appointments/stats?month=1&year=2026 304 - - 113.540 ms
2026-01-29 11:47:13: 2026-01-29 11:47:13 [32minfo[39m: GET /api/appointments/revenue 304 - - 184.603 ms
2026-01-29 11:47:13: [DEBUG] Date range: Thu Jan 29 2026 00:00:00 GMT+0530 (India Standard Time) to Thu Jan 29 2026 23:59:59 GMT+0530 (India Standard Time)
2026-01-29 11:47:13: [DEBUG] Appointment stats found: 0 []
2026-01-29 11:47:13: 2026-01-29 11:47:13 [32minfo[39m: GET /api/users 200 - - 248.206 ms
2026-01-29 11:47:26: 🔌 Socket oIZ2p939rowvZ8TsAAAB disconnected. Reason: transport close
2026-01-29 11:47:26: 🚫 Recorded user disconnection: 68fcc5bfb85c2281711925bb
2026-01-29 11:47:26: 👤 User undefined (68fcc5bfb85c2281711925bb) disconnected
2026-01-29 11:47:26: 2026-01-29 11:47:26 [31merror[39m: TypeError: Cannot read properties of undefined (reading 'value')
    at #getTypeMapping (C:\Users\user\OneDrive\Desktop\CRM\backend\node_modules\@redis\client\dist\lib\client\commands-queue.js:101:43)
    at decoder.getTypeMapping (C:\Users\user\OneDrive\Desktop\CRM\backend\node_modules\@redis\client\dist\lib\client\commands-queue.js:227:65)
    at #decodeTypeValue (C:\Users\user\OneDrive\Desktop\CRM\backend\node_modules\@redis\client\dist\lib\RESP\decoder.js:108:86)
    at Decoder.write (C:\Users\user\OneDrive\Desktop\CRM\backend\node_modules\@redis\client\dist\lib\RESP\decoder.js:74:38)
    at RedisSocket.<anonymous> (C:\Users\user\OneDrive\Desktop\CRM\backend\node_modules\@redis\client\dist\lib\client\index.js:437:37)
    at RedisSocket.emit (node:events:518:28)
    at Socket.<anonymous> (C:\Users\user\OneDrive\Desktop\CRM\backend\node_modules\@redis\client\dist\lib\client\socket.js:235:38)
    at Socket.emit (node:events:518:28)
    at addChunk (node:internal/streams/readable:561:12)
    at readableAddChunkPushByteMode (node:internal/streams/readable:512:3)
    at Readable.push (node:internal/streams/readable:392:5)
    at TCP.onStreamRead (node:internal/stream_base_commons:189:23)
2026-01-29 11:47:26: 2026-01-29 11:47:26 [31merror[39m: TypeError: Cannot read properties of undefined (reading 'value')
    at #getTypeMapping (C:\Users\user\OneDrive\Desktop\CRM\backend\node_modules\@redis\client\dist\lib\client\commands-queue.js:101:43)
    at decoder.getTypeMapping (C:\Users\user\OneDrive\Desktop\CRM\backend\node_modules\@redis\client\dist\lib\client\commands-queue.js:227:65)
    at #decodeTypeValue (C:\Users\user\OneDrive\Desktop\CRM\backend\node_modules\@redis\client\dist\lib\RESP\decoder.js:108:86)
    at Decoder.write (C:\Users\user\OneDrive\Desktop\CRM\backend\node_modules\@redis\client\dist\lib\RESP\decoder.js:74:38)
    at RedisSocket.<anonymous> (C:\Users\user\OneDrive\Desktop\CRM\backend\node_modules\@redis\client\dist\lib\client\index.js:437:37)
    at RedisSocket.emit (node:events:518:28)
    at Socket.<anonymous> (C:\Users\user\OneDrive\Desktop\CRM\backend\node_modules\@redis\client\dist\lib\client\socket.js:235:38)
    at Socket.emit (node:events:518:28)
    at addChunk (node:internal/streams/readable:561:12)
    at readableAddChunkPushByteMode (node:internal/streams/readable:512:3)
    at Readable.push (node:internal/streams/readable:392:5)
    at TCP.onStreamRead (node:internal/stream_base_commons:189:23)
2026-01-29 11:47:26: 🔌 New socket connection: XY5X2dsb_XJyfjPeAAAD
2026-01-29 11:47:26: 🔗 Socket XY5X2dsb_XJyfjPeAAAD joined room user_68fcc5bfb85c2281711925bb (auto-join on connection)
2026-01-29 11:47:26: 🔗 Recorded user connection: 68fcc5bfb85c2281711925bb with socket XY5X2dsb_XJyfjPeAAAD
2026-01-29 11:47:27: 🚪 Socket XY5X2dsb_XJyfjPeAAAD joined user room user_68fcc5bfb85c2281711925bb
2026-01-29 11:47:27: 🚪 Socket XY5X2dsb_XJyfjPeAAAD joined user room user_68fcc5bfb85c2281711925bb
2026-01-29 11:47:27: 🚪 Socket XY5X2dsb_XJyfjPeAAAD joined user room user_68fcc5bfb85c2281711925bb
2026-01-29 11:47:27: 🚪 Socket XY5X2dsb_XJyfjPeAAAD joined user room user_68fcc5bfb85c2281711925bb
2026-01-29 11:47:27: 2026-01-29 11:47:27 [31merror[39m: TypeError: Cannot read properties of undefined (reading 'value')
    at #getTypeMapping (C:\Users\user\OneDrive\Desktop\CRM\backend\node_modules\@redis\client\dist\lib\client\commands-queue.js:101:43)
    at decoder.getTypeMapping (C:\Users\user\OneDrive\Desktop\CRM\backend\node_modules\@redis\client\dist\lib\client\commands-queue.js:227:65)
    at #decodeTypeValue (C:\Users\user\OneDrive\Desktop\CRM\backend\node_modules\@redis\client\dist\lib\RESP\decoder.js:108:86)
    at Decoder.write (C:\Users\user\OneDrive\Desktop\CRM\backend\node_modules\@redis\client\dist\lib\RESP\decoder.js:74:38)
    at RedisSocket.<anonymous> (C:\Users\user\OneDrive\Desktop\CRM\backend\node_modules\@redis\client\dist\lib\client\index.js:437:37)
    at RedisSocket.emit (node:events:518:28)
    at Socket.<anonymous> (C:\Users\user\OneDrive\Desktop\CRM\backend\node_modules\@redis\client\dist\lib\client\socket.js:235:38)
    at Socket.emit (node:events:518:28)
    at addChunk (node:internal/streams/readable:561:12)
    at readableAddChunkPushByteMode (node:internal/streams/readable:512:3)
    at Readable.push (node:internal/streams/readable:392:5)
    at TCP.onStreamRead (node:internal/stream_base_commons:189:23)
2026-01-29 11:47:27: 🚪 Socket XY5X2dsb_XJyfjPeAAAD joined user room user_68fcc5bfb85c2281711925bb
2026-01-29 11:47:27: 🔍 [DEBUG] Unread count endpoint hit
2026-01-29 11:47:27: 🔍 [DEBUG] req.user exists: [33mtrue[39m
2026-01-29 11:47:27: 🔍 [DEBUG] req.user.id: 68fcc5bfb85c2281711925bb
2026-01-29 11:47:27: 🔍 [DEBUG] req.user._id: new ObjectId([32m'68fcc5bfb85c2281711925bb'[39m)
2026-01-29 11:47:27: 🔍 [DEBUG] Extracted user ID: 68fcc5bfb85c2281711925bb
2026-01-29 11:47:27: 📬 Fetching unread count for user: 68fcc5bfb85c2281711925bb
2026-01-29 11:47:27: 🔍 [DEBUG] About to query database...
2026-01-29 11:47:27: 📬 Unread count result: [33m4[39m
2026-01-29 11:47:27: 2026-01-29 11:47:27 [32minfo[39m: GET /api/messages/unread-count 304 - - 85.272 ms
2026-01-29 11:47:27: 🔍 [DEBUG] Unread count endpoint hit
2026-01-29 11:47:27: 🔍 [DEBUG] req.user exists: [33mtrue[39m
2026-01-29 11:47:27: 🔍 [DEBUG] req.user.id: 68fcc5bfb85c2281711925bb
2026-01-29 11:47:27: 🔍 [DEBUG] req.user._id: new ObjectId([32m'68fcc5bfb85c2281711925bb'[39m)
2026-01-29 11:47:27: 🔍 [DEBUG] Extracted user ID: 68fcc5bfb85c2281711925bb
2026-01-29 11:47:27: 📬 Fetching unread count for user: 68fcc5bfb85c2281711925bb
2026-01-29 11:47:27: 🔍 [DEBUG] About to query database...
2026-01-29 11:47:27: 📬 Unread count result: [33m4[39m
2026-01-29 11:47:27: 2026-01-29 11:47:27 [32minfo[39m: GET /api/messages/unread-count 304 - - 79.921 ms
2026-01-29 11:47:27: 2026-01-29 11:47:27 [32minfo[39m: GET /api/appointments/revenue/reports 304 - - 88.011 ms
2026-01-29 11:47:27: 2026-01-29 11:47:27 [32minfo[39m: GET /api/attendance/2026/1 304 - - 360.560 ms
2026-01-29 11:47:28: 2026-01-29 11:47:28 [32minfo[39m: GET /api/admin-status 304 - - 420.664 ms
2026-01-29 11:47:28: 2026-01-29 11:47:28 [32minfo[39m: GET /api/users/all 200 - - 224.322 ms
2026-01-29 11:47:28: 2026-01-29 11:47:28 [32minfo[39m: GET /api/attendance/range?start=2025-12-31T18:30:00.000Z&end=2026-01-31T18:29:59.999Z 304 - - 543.876 ms
2026-01-29 11:47:28: 2026-01-29 11:47:28 [32minfo[39m: GET /api/appointments 304 - - 597.875 ms
2026-01-29 11:47:28: 2026-01-29 11:47:28 [32minfo[39m: GET /api/appointments/stats?month=1&year=2026 304 - - 148.838 ms
2026-01-29 11:47:28: 2026-01-29 11:47:28 [32minfo[39m: GET /api/appointments/stats?month=12&year=2025 304 - - 125.288 ms
2026-01-29 11:47:28: 2026-01-29 11:47:28 [32minfo[39m: GET /api/appointments/revenue 304 - - 166.222 ms
2026-01-29 11:47:28: 2026-01-29 11:47:28 [32minfo[39m: GET /api/appointments/revenue/reports 304 - - 132.657 ms
2026-01-29 11:47:28: [DEBUG] Date range: Thu Jan 29 2026 00:00:00 GMT+0530 (India Standard Time) to Thu Jan 29 2026 23:59:59 GMT+0530 (India Standard Time)
2026-01-29 11:47:28: [DEBUG] Appointment stats found: 0 []
2026-01-29 11:47:28: 2026-01-29 11:47:28 [32minfo[39m: GET /api/tasks 304 - - 807.994 ms
2026-01-29 11:47:28: 2026-01-29 11:47:28 [32minfo[39m: GET /api/users 200 - - 180.182 ms
2026-01-29 11:47:28: 2026-01-29 11:47:28 [32minfo[39m: GET /api/admin-status 304 - - 73.231 ms
2026-01-29 11:47:28: 2026-01-29 11:47:28 [32minfo[39m: GET /api/users/all 304 - - 186.686 ms
2026-01-29 11:47:28: 2026-01-29 11:47:28 [32minfo[39m: GET /api/attendance/2026/1 304 - - 267.619 ms
2026-01-29 11:47:28: 2026-01-29 11:47:28 [32minfo[39m: GET /api/appointments/stats?month=1&year=2026 304 - - 166.790 ms
2026-01-29 11:47:28: 2026-01-29 11:47:28 [32minfo[39m: GET /api/appointments/stats?month=12&year=2025 304 - - 194.780 ms
2026-01-29 11:47:28: 2026-01-29 11:47:28 [32minfo[39m: GET /api/attendance/range?start=2025-12-31T18:30:00.000Z&end=2026-01-31T18:29:59.999Z 304 - - 341.101 ms
2026-01-29 11:47:28: 2026-01-29 11:47:28 [32minfo[39m: GET /api/appointments 304 - - 323.853 ms
2026-01-29 11:47:28: 2026-01-29 11:47:28 [32minfo[39m: GET /api/appointments/revenue 304 - - 242.812 ms
2026-01-29 11:47:28: 2026-01-29 11:47:28 [32minfo[39m: GET /api/tasks 304 - - 182.626 ms
2026-01-29 11:47:28: [DEBUG] Date range: Thu Jan 29 2026 00:00:00 GMT+0530 (India Standard Time) to Thu Jan 29 2026 23:59:59 GMT+0530 (India Standard Time)
2026-01-29 11:47:28: [DEBUG] Appointment stats found: 0 []
2026-01-29 11:47:28: 2026-01-29 11:47:28 [32minfo[39m: GET /api/users 304 - - 247.197 ms
2026-01-29 11:47:28: 2026-01-29 11:47:28 [32minfo[39m: GET /api/tasks 304 - - 143.315 ms
2026-01-29 11:47:29: 2026-01-29 11:47:29 [32minfo[39m: GET /api/tasks 304 - - 113.610 ms
2026-01-29 11:47:31: 2026-01-29 11:47:31 [32minfo[39m: GET /api/attendance/range?start=2025-12-31T18:30:00.000Z&end=2026-01-31T18:29:59.999Z 304 - - 175.092 ms
2026-01-29 11:47:31: 2026-01-29 11:47:31 [32minfo[39m: GET /api/attendance/range?start=2025-12-31T18:30:00.000Z&end=2026-01-31T18:29:59.999Z 304 - - 203.920 ms
2026-01-29 11:47:34: 2026-01-29 11:47:34 [32minfo[39m: GET /api/attendance/range?start=2025-12-31T18:30:00.000Z&end=2026-01-31T18:29:59.999Z - - - - ms
2026-01-29 11:47:34: 🔌 Socket XY5X2dsb_XJyfjPeAAAD disconnected. Reason: transport close
2026-01-29 11:47:34: 🚫 Recorded user disconnection: 68fcc5bfb85c2281711925bb
2026-01-29 11:47:34: 👤 User undefined (68fcc5bfb85c2281711925bb) disconnected
2026-01-29 11:47:34: 2026-01-29 11:47:34 [32minfo[39m: GET /api/attendance/2026/1 - - - - ms
2026-01-29 11:47:34: 2026-01-29 11:47:34 [31merror[39m: TypeError: Cannot read properties of undefined (reading 'value')
    at #getTypeMapping (C:\Users\user\OneDrive\Desktop\CRM\backend\node_modules\@redis\client\dist\lib\client\commands-queue.js:101:43)
    at decoder.getTypeMapping (C:\Users\user\OneDrive\Desktop\CRM\backend\node_modules\@redis\client\dist\lib\client\commands-queue.js:227:65)
    at #decodeTypeValue (C:\Users\user\OneDrive\Desktop\CRM\backend\node_modules\@redis\client\dist\lib\RESP\decoder.js:108:86)
    at Decoder.write (C:\Users\user\OneDrive\Desktop\CRM\backend\node_modules\@redis\client\dist\lib\RESP\decoder.js:74:38)
    at RedisSocket.<anonymous> (C:\Users\user\OneDrive\Desktop\CRM\backend\node_modules\@redis\client\dist\lib\client\index.js:437:37)
    at RedisSocket.emit (node:events:518:28)
    at Socket.<anonymous> (C:\Users\user\OneDrive\Desktop\CRM\backend\node_modules\@redis\client\dist\lib\client\socket.js:235:38)
    at Socket.emit (node:events:518:28)
    at addChunk (node:internal/streams/readable:561:12)
    at readableAddChunkPushByteMode (node:internal/streams/readable:512:3)
    at Readable.push (node:internal/streams/readable:392:5)
    at TCP.onStreamRead (node:internal/stream_base_commons:189:23)
2026-01-29 11:47:34: 2026-01-29 11:47:34 [31merror[39m: TypeError: Cannot read properties of undefined (reading 'value')
    at #getTypeMapping (C:\Users\user\OneDrive\Desktop\CRM\backend\node_modules\@redis\client\dist\lib\client\commands-queue.js:101:43)
    at decoder.getTypeMapping (C:\Users\user\OneDrive\Desktop\CRM\backend\node_modules\@redis\client\dist\lib\client\commands-queue.js:227:65)
    at #decodeTypeValue (C:\Users\user\OneDrive\Desktop\CRM\backend\node_modules\@redis\client\dist\lib\RESP\decoder.js:108:86)
    at Decoder.write (C:\Users\user\OneDrive\Desktop\CRM\backend\node_modules\@redis\client\dist\lib\RESP\decoder.js:74:38)
    at RedisSocket.<anonymous> (C:\Users\user\OneDrive\Desktop\CRM\backend\node_modules\@redis\client\dist\lib\client\index.js:437:37)
    at RedisSocket.emit (node:events:518:28)
    at Socket.<anonymous> (C:\Users\user\OneDrive\Desktop\CRM\backend\node_modules\@redis\client\dist\lib\client\socket.js:235:38)
    at Socket.emit (node:events:518:28)
    at addChunk (node:internal/streams/readable:561:12)
    at readableAddChunkPushByteMode (node:internal/streams/readable:512:3)
    at Readable.push (node:internal/streams/readable:392:5)
    at TCP.onStreamRead (node:internal/stream_base_commons:189:23)
2026-01-29 11:47:35: 🔌 New socket connection: LtIoQKpMM72AhtInAAAF
2026-01-29 11:47:35: 🔗 Socket LtIoQKpMM72AhtInAAAF joined room user_68fcc5bfb85c2281711925bb (auto-join on connection)
2026-01-29 11:47:35: 🔗 Recorded user connection: 68fcc5bfb85c2281711925bb with socket LtIoQKpMM72AhtInAAAF
2026-01-29 11:47:35: 🚪 Socket LtIoQKpMM72AhtInAAAF joined user room user_68fcc5bfb85c2281711925bb
2026-01-29 11:47:35: 🚪 Socket LtIoQKpMM72AhtInAAAF joined user room user_68fcc5bfb85c2281711925bb
2026-01-29 11:47:35: 🚪 Socket LtIoQKpMM72AhtInAAAF joined user room user_68fcc5bfb85c2281711925bb
2026-01-29 11:47:35: 🚪 Socket LtIoQKpMM72AhtInAAAF joined user room user_68fcc5bfb85c2281711925bb
2026-01-29 11:47:35: 2026-01-29 11:47:35 [31merror[39m: TypeError: Cannot read properties of undefined (reading 'value')
    at #getTypeMapping (C:\Users\user\OneDrive\Desktop\CRM\backend\node_modules\@redis\client\dist\lib\client\commands-queue.js:101:43)
    at decoder.getTypeMapping (C:\Users\user\OneDrive\Desktop\CRM\backend\node_modules\@redis\client\dist\lib\client\commands-queue.js:227:65)
    at #decodeTypeValue (C:\Users\user\OneDrive\Desktop\CRM\backend\node_modules\@redis\client\dist\lib\RESP\decoder.js:108:86)
    at Decoder.write (C:\Users\user\OneDrive\Desktop\CRM\backend\node_modules\@redis\client\dist\lib\RESP\decoder.js:74:38)
    at RedisSocket.<anonymous> (C:\Users\user\OneDrive\Desktop\CRM\backend\node_modules\@redis\client\dist\lib\client\index.js:437:37)
    at RedisSocket.emit (node:events:518:28)
    at Socket.<anonymous> (C:\Users\user\OneDrive\Desktop\CRM\backend\node_modules\@redis\client\dist\lib\client\socket.js:235:38)
    at Socket.emit (node:events:518:28)
    at addChunk (node:internal/streams/readable:561:12)
    at readableAddChunkPushByteMode (node:internal/streams/readable:512:3)
    at Readable.push (node:internal/streams/readable:392:5)
    at TCP.onStreamRead (node:internal/stream_base_commons:189:23)
2026-01-29 11:47:35: 🔍 [DEBUG] Unread count endpoint hit
2026-01-29 11:47:35: 🔍 [DEBUG] req.user exists: [33mtrue[39m
2026-01-29 11:47:35: 🔍 [DEBUG] req.user.id: 68fcc5bfb85c2281711925bb
2026-01-29 11:47:35: 🔍 [DEBUG] req.user._id: new ObjectId([32m'68fcc5bfb85c2281711925bb'[39m)
2026-01-29 11:47:35: 🔍 [DEBUG] Extracted user ID: 68fcc5bfb85c2281711925bb
2026-01-29 11:47:35: 📬 Fetching unread count for user: 68fcc5bfb85c2281711925bb
2026-01-29 11:47:35: 🔍 [DEBUG] About to query database...
2026-01-29 11:47:35: 🚪 Socket LtIoQKpMM72AhtInAAAF joined user room user_68fcc5bfb85c2281711925bb
2026-01-29 11:47:35: 📬 Unread count result: [33m4[39m
2026-01-29 11:47:35: 2026-01-29 11:47:35 [32minfo[39m: GET /api/messages/unread-count 304 - - 100.478 ms
2026-01-29 11:47:35: 🔍 [DEBUG] Unread count endpoint hit
2026-01-29 11:47:35: 🔍 [DEBUG] req.user exists: [33mtrue[39m
2026-01-29 11:47:35: 🔍 [DEBUG] req.user.id: 68fcc5bfb85c2281711925bb
2026-01-29 11:47:35: 🔍 [DEBUG] req.user._id: new ObjectId([32m'68fcc5bfb85c2281711925bb'[39m)
2026-01-29 11:47:35: 🔍 [DEBUG] Extracted user ID: 68fcc5bfb85c2281711925bb
2026-01-29 11:47:35: 📬 Fetching unread count for user: 68fcc5bfb85c2281711925bb
2026-01-29 11:47:35: 🔍 [DEBUG] About to query database...
2026-01-29 11:47:35: 📬 Unread count result: [33m4[39m
2026-01-29 11:47:35: 2026-01-29 11:47:35 [32minfo[39m: GET /api/messages/unread-count 304 - - 82.532 ms
2026-01-29 11:47:35: [DEBUG] Date range: Thu Jan 29 2026 00:00:00 GMT+0530 (India Standard Time) to Thu Jan 29 2026 23:59:59 GMT+0530 (India Standard Time)
2026-01-29 11:47:35: [DEBUG] Appointment stats found: 0 []
2026-01-29 11:47:35: 2026-01-29 11:47:35 [32minfo[39m: GET /api/attendance/range?start=2025-12-31T18:30:00.000Z&end=2026-01-31T18:29:59.999Z 200 - - 244.449 ms
2026-01-29 11:47:36: 2026-01-29 11:47:36 [32minfo[39m: GET /api/attendance/2026/1 200 - - 332.494 ms
2026-01-29 11:47:36: 2026-01-29 11:47:36 [32minfo[39m: GET /api/users 200 - - 288.029 ms
2026-01-29 11:47:36: [DEBUG] Date range: Thu Jan 29 2026 00:00:00 GMT+0530 (India Standard Time) to Thu Jan 29 2026 23:59:59 GMT+0530 (India Standard Time)
2026-01-29 11:47:36: [DEBUG] Appointment stats found: 0 []
2026-01-29 11:47:36: 2026-01-29 11:47:36 [32minfo[39m: GET /api/users 304 - - 235.419 ms
2026-01-29 11:47:36: 2026-01-29 11:47:36 [32minfo[39m: GET /api/attendance/range?start=2025-12-31T18:30:00.000Z&end=2026-01-31T18:29:59.999Z 304 - - 266.501 ms
2026-01-29 11:47:36: 2026-01-29 11:47:36 [32minfo[39m: GET /api/attendance/2026/1 304 - - 264.175 ms
2026-01-29 11:48:37: 🔗 Recorded user connection: 68fcc5bfb85c2281711925bb with socket LtIoQKpMM72AhtInAAAF
2026-01-29 11:49:35: 🔗 Recorded user connection: 68fcc5bfb85c2281711925bb with socket LtIoQKpMM72AhtInAAAF
2026-01-29 11:50:35: 🔗 Recorded user connection: 68fcc5bfb85c2281711925bb with socket LtIoQKpMM72AhtInAAAF
2026-01-29 11:51:05: ⏰ Session timeout check triggered at 29/1/2026, 11:51:05 am
2026-01-29 11:51:35: 🔗 Recorded user connection: 68fcc5bfb85c2281711925bb with socket LtIoQKpMM72AhtInAAAF
2026-01-29 11:52:35: 🔗 Recorded user connection: 68fcc5bfb85c2281711925bb with socket LtIoQKpMM72AhtInAAAF
2026-01-29 11:53:35: 🔗 Recorded user connection: 68fcc5bfb85c2281711925bb with socket LtIoQKpMM72AhtInAAAF
2026-01-29 11:55:08: 🔗 Recorded user connection: 68fcc5bfb85c2281711925bb with socket LtIoQKpMM72AhtInAAAF
2026-01-29 11:56:05: ⏰ Session timeout check triggered at 29/1/2026, 11:56:05 am
2026-01-29 11:56:09: 🔗 Recorded user connection: 68fcc5bfb85c2281711925bb with socket LtIoQKpMM72AhtInAAAF
2026-01-29 11:57:09: 🔗 Recorded user connection: 68fcc5bfb85c2281711925bb with socket LtIoQKpMM72AhtInAAAF
2026-01-29 11:58:09: 🔗 Recorded user connection: 68fcc5bfb85c2281711925bb with socket LtIoQKpMM72AhtInAAAF
2026-01-29 11:58:24: SIGINT signal received: closing HTTP server
2026-01-29 11:58:34: 🔌 Socket.IO instance set successfully
2026-01-29 11:58:34: 2026-01-29 11:58:34 [32minfo[39m: ✅ Redis Connected successfully
2026-01-29 11:58:34: ℹ️ Huawei E173 Modem Service is disabled via ENABLE_MODEM flag
2026-01-29 11:58:34: Starting Auto-Logout Job...
2026-01-29 11:58:35: 2026-01-29 11:58:35 [32minfo[39m: 🚀 Server running on http://localhost:5000
2026-01-29 11:58:35: 2026-01-29 11:58:35 [32minfo[39m: 📡 Socket.IO server ready for connections
2026-01-29 11:58:35: 2026-01-29 11:58:35 [32minfo[39m: ✅ Redis Connected successfully
2026-01-29 11:58:35: 📡 Mongoose connected to Atlas cluster
2026-01-29 11:58:35: ✅ MongoDB Atlas connected successfully!
2026-01-29 11:58:35: ✅ Query model connected successfully
2026-01-29 11:58:38: 🔌 New socket connection: UmugmgEEGhaVAuozAAAB
2026-01-29 11:58:38: 🔗 Socket UmugmgEEGhaVAuozAAAB joined room user_68fcc5bfb85c2281711925bb (auto-join on connection)
2026-01-29 11:58:38: 🔗 Recorded user connection: 68fcc5bfb85c2281711925bb with socket UmugmgEEGhaVAuozAAAB
2026-01-29 11:58:40: 🔗 Recorded user connection: 68fcc5bfb85c2281711925bb with socket UmugmgEEGhaVAuozAAAB
2026-01-29 11:58:40: 🔌 Socket UmugmgEEGhaVAuozAAAB disconnected. Reason: transport close
2026-01-29 11:58:40: 🚫 Recorded user disconnection: 68fcc5bfb85c2281711925bb
2026-01-29 11:58:40: 👤 User undefined (68fcc5bfb85c2281711925bb) disconnected
2026-01-29 11:58:44: 🔌 New socket connection: 5DyxBIOZ7v0q_KQTAAAD
2026-01-29 11:58:44: 🔗 Socket 5DyxBIOZ7v0q_KQTAAAD joined room user_68fcc5bfb85c2281711925bb (auto-join on connection)
2026-01-29 11:58:44: 🔗 Recorded user connection: 68fcc5bfb85c2281711925bb with socket 5DyxBIOZ7v0q_KQTAAAD
2026-01-29 11:58:44: 🚪 Socket 5DyxBIOZ7v0q_KQTAAAD joined user room user_68fcc5bfb85c2281711925bb
2026-01-29 11:58:44: 🚪 Socket 5DyxBIOZ7v0q_KQTAAAD joined user room user_68fcc5bfb85c2281711925bb
2026-01-29 11:58:44: 🚪 Socket 5DyxBIOZ7v0q_KQTAAAD joined user room user_68fcc5bfb85c2281711925bb
2026-01-29 11:58:44: 🚪 Socket 5DyxBIOZ7v0q_KQTAAAD joined user room user_68fcc5bfb85c2281711925bb
2026-01-29 11:58:44: 🚪 Socket 5DyxBIOZ7v0q_KQTAAAD joined user room user_68fcc5bfb85c2281711925bb
2026-01-29 11:58:44: 🔍 [DEBUG] Unread count endpoint hit
2026-01-29 11:58:44: 🔍 [DEBUG] req.user exists: [33mtrue[39m
2026-01-29 11:58:44: 🔍 [DEBUG] req.user.id: 68fcc5bfb85c2281711925bb
2026-01-29 11:58:44: 🔍 [DEBUG] req.user._id: new ObjectId([32m'68fcc5bfb85c2281711925bb'[39m)
2026-01-29 11:58:44: 🔍 [DEBUG] Extracted user ID: 68fcc5bfb85c2281711925bb
2026-01-29 11:58:44: 📬 Fetching unread count for user: 68fcc5bfb85c2281711925bb
2026-01-29 11:58:44: 🔍 [DEBUG] About to query database...
2026-01-29 11:58:44: 📬 Unread count result: [33m4[39m
2026-01-29 11:58:44: 2026-01-29 11:58:44 [32minfo[39m: GET /api/messages/unread-count 304 - - 129.090 ms
2026-01-29 11:58:44: 🔍 [DEBUG] Unread count endpoint hit
2026-01-29 11:58:44: 🔍 [DEBUG] req.user exists: [33mtrue[39m
2026-01-29 11:58:44: 🔍 [DEBUG] req.user.id: 68fcc5bfb85c2281711925bb
2026-01-29 11:58:44: 🔍 [DEBUG] req.user._id: new ObjectId([32m'68fcc5bfb85c2281711925bb'[39m)
2026-01-29 11:58:44: 🔍 [DEBUG] Extracted user ID: 68fcc5bfb85c2281711925bb
2026-01-29 11:58:44: 📬 Fetching unread count for user: 68fcc5bfb85c2281711925bb
2026-01-29 11:58:44: 🔍 [DEBUG] About to query database...
2026-01-29 11:58:44: 📬 Unread count result: [33m4[39m
2026-01-29 11:58:44: 2026-01-29 11:58:44 [32minfo[39m: GET /api/messages/unread-count 304 - - 87.042 ms
2026-01-29 11:58:46: [DEBUG] Date range: Thu Jan 29 2026 00:00:00 GMT+0530 (India Standard Time) to Thu Jan 29 2026 23:59:59 GMT+0530 (India Standard Time)
2026-01-29 11:58:46: [DEBUG] Appointment stats found: 0 []
2026-01-29 11:58:46: 2026-01-29 11:58:46 [32minfo[39m: GET /api/attendance/2026/1 304 - - 524.863 ms
2026-01-29 11:58:46: 2026-01-29 11:58:46 [32minfo[39m: GET /api/attendance/range?start=2025-12-31T18:30:00.000Z&end=2026-01-31T18:29:59.999Z 304 - - 588.197 ms
2026-01-29 11:58:46: 2026-01-29 11:58:46 [32minfo[39m: GET /api/users 200 - - 418.109 ms
2026-01-29 11:58:46: 2026-01-29 11:58:46 [32minfo[39m: GET /api/attendance/range?start=2025-12-31T18:30:00.000Z&end=2026-01-31T18:29:59.999Z 304 - - 263.859 ms
2026-01-29 11:58:46: 2026-01-29 11:58:46 [32minfo[39m: GET /api/attendance/2026/1 304 - - 291.713 ms
2026-01-29 11:58:46: [DEBUG] Date range: Thu Jan 29 2026 00:00:00 GMT+0530 (India Standard Time) to Thu Jan 29 2026 23:59:59 GMT+0530 (India Standard Time)
2026-01-29 11:58:46: [DEBUG] Appointment stats found: 0 []
2026-01-29 11:58:47: 2026-01-29 11:58:47 [32minfo[39m: GET /api/users 304 - - 282.061 ms
2026-01-29 11:59:44: 🔗 Recorded user connection: 68fcc5bfb85c2281711925bb with socket 5DyxBIOZ7v0q_KQTAAAD
2026-01-29 12:00:40: 2026-01-29 12:00:40 [31merror[39m: Error: read ECONNRESET
    at TCP.onStreamRead (node:internal/stream_base_commons:216:20)
2026-01-29 12:00:40: 2026-01-29 12:00:40 [31merror[39m: Error: getaddrinfo ENOTFOUND redis-19150.crce263.ap-south-1-1.ec2.cloud.redislabs.com
    at GetAddrInfoReqWrap.onlookupall [as oncomplete] (node:dns:122:26)
2026-01-29 12:00:41: 2026-01-29 12:00:41 [31merror[39m: Error: getaddrinfo ENOTFOUND redis-19150.crce263.ap-south-1-1.ec2.cloud.redislabs.com
    at GetAddrInfoReqWrap.onlookupall [as oncomplete] (node:dns:122:26)
2026-01-29 12:00:41: 2026-01-29 12:00:41 [31merror[39m: Error: getaddrinfo ENOTFOUND redis-19150.crce263.ap-south-1-1.ec2.cloud.redislabs.com
    at GetAddrInfoReqWrap.onlookupall [as oncomplete] (node:dns:122:26)
2026-01-29 12:00:41: 2026-01-29 12:00:41 [31merror[39m: Error: getaddrinfo ENOTFOUND redis-19150.crce263.ap-south-1-1.ec2.cloud.redislabs.com
    at GetAddrInfoReqWrap.onlookupall [as oncomplete] (node:dns:122:26)
2026-01-29 12:00:41: 2026-01-29 12:00:41 [31merror[39m: Error: getaddrinfo ENOTFOUND redis-19150.crce263.ap-south-1-1.ec2.cloud.redislabs.com
    at GetAddrInfoReqWrap.onlookupall [as oncomplete] (node:dns:122:26)
2026-01-29 12:00:42: 2026-01-29 12:00:42 [31merror[39m: Error: getaddrinfo ENOTFOUND redis-19150.crce263.ap-south-1-1.ec2.cloud.redislabs.com
    at GetAddrInfoReqWrap.onlookupall [as oncomplete] (node:dns:122:26)
2026-01-29 12:00:43: 2026-01-29 12:00:43 [31merror[39m: Error: read ECONNRESET
    at TCP.onStreamRead (node:internal/stream_base_commons:216:20)
2026-01-29 12:00:43: 2026-01-29 12:00:43 [31merror[39m: Error: getaddrinfo ENOTFOUND redis-19150.crce263.ap-south-1-1.ec2.cloud.redislabs.com
    at GetAddrInfoReqWrap.onlookupall [as oncomplete] (node:dns:122:26)
2026-01-29 12:00:43: 2026-01-29 12:00:43 [31merror[39m: Error: getaddrinfo ENOTFOUND redis-19150.crce263.ap-south-1-1.ec2.cloud.redislabs.com
    at GetAddrInfoReqWrap.onlookupall [as oncomplete] (node:dns:122:26)
2026-01-29 12:00:43: 2026-01-29 12:00:43 [31merror[39m: Error: getaddrinfo ENOTFOUND redis-19150.crce263.ap-south-1-1.ec2.cloud.redislabs.com
    at GetAddrInfoReqWrap.onlookupall [as oncomplete] (node:dns:122:26)
2026-01-29 12:00:43: 2026-01-29 12:00:43 [31merror[39m: Error: getaddrinfo ENOTFOUND redis-19150.crce263.ap-south-1-1.ec2.cloud.redislabs.com
    at GetAddrInfoReqWrap.onlookupall [as oncomplete] (node:dns:122:26)
2026-01-29 12:00:44: 2026-01-29 12:00:44 [31merror[39m: Error: getaddrinfo ENOTFOUND redis-19150.crce263.ap-south-1-1.ec2.cloud.redislabs.com
    at GetAddrInfoReqWrap.onlookupall [as oncomplete] (node:dns:122:26)
2026-01-29 12:00:44: 2026-01-29 12:00:44 [31merror[39m: Error: getaddrinfo ENOTFOUND redis-19150.crce263.ap-south-1-1.ec2.cloud.redislabs.com
    at GetAddrInfoReqWrap.onlookupall [as oncomplete] (node:dns:122:26)
2026-01-29 12:00:44: 🔗 Recorded user connection: 68fcc5bfb85c2281711925bb with socket 5DyxBIOZ7v0q_KQTAAAD
2026-01-29 12:00:45: 2026-01-29 12:00:45 [31merror[39m: Error: getaddrinfo ENOTFOUND redis-19150.crce263.ap-south-1-1.ec2.cloud.redislabs.com
    at GetAddrInfoReqWrap.onlookupall [as oncomplete] (node:dns:122:26)
2026-01-29 12:00:46: 2026-01-29 12:00:46 [31merror[39m: Error: getaddrinfo ENOTFOUND redis-19150.crce263.ap-south-1-1.ec2.cloud.redislabs.com
    at GetAddrInfoReqWrap.onlookupall [as oncomplete] (node:dns:122:26)
2026-01-29 12:00:47: 2026-01-29 12:00:47 [31merror[39m: Error: getaddrinfo ENOTFOUND redis-19150.crce263.ap-south-1-1.ec2.cloud.redislabs.com
    at GetAddrInfoReqWrap.onlookupall [as oncomplete] (node:dns:122:26)
2026-01-29 12:00:48: 2026-01-29 12:00:48 [31merror[39m: Error: getaddrinfo ENOTFOUND redis-19150.crce263.ap-south-1-1.ec2.cloud.redislabs.com
    at GetAddrInfoReqWrap.onlookupall [as oncomplete] (node:dns:122:26)
2026-01-29 12:00:49: 2026-01-29 12:00:49 [31merror[39m: Error: getaddrinfo ENOTFOUND redis-19150.crce263.ap-south-1-1.ec2.cloud.redislabs.com
    at GetAddrInfoReqWrap.onlookupall [as oncomplete] (node:dns:122:26)
2026-01-29 12:00:50: 2026-01-29 12:00:50 [31merror[39m: Error: getaddrinfo ENOTFOUND redis-19150.crce263.ap-south-1-1.ec2.cloud.redislabs.com
    at GetAddrInfoReqWrap.onlookupall [as oncomplete] (node:dns:122:26)
2026-01-29 12:00:51: 2026-01-29 12:00:51 [31merror[39m: Error: getaddrinfo ENOTFOUND redis-19150.crce263.ap-south-1-1.ec2.cloud.redislabs.com
    at GetAddrInfoReqWrap.onlookupall [as oncomplete] (node:dns:122:26)
2026-01-29 12:00:53: 2026-01-29 12:00:53 [31merror[39m: Error: getaddrinfo ENOTFOUND redis-19150.crce263.ap-south-1-1.ec2.cloud.redislabs.com
    at GetAddrInfoReqWrap.onlookupall [as oncomplete] (node:dns:122:26)
2026-01-29 12:00:53: 2026-01-29 12:00:53 [31merror[39m: Error: getaddrinfo ENOTFOUND redis-19150.crce263.ap-south-1-1.ec2.cloud.redislabs.com
    at GetAddrInfoReqWrap.onlookupall [as oncomplete] (node:dns:122:26)
2026-01-29 12:00:55: 2026-01-29 12:00:55 [31merror[39m: Error: getaddrinfo ENOTFOUND redis-19150.crce263.ap-south-1-1.ec2.cloud.redislabs.com
    at GetAddrInfoReqWrap.onlookupall [as oncomplete] (node:dns:122:26)
2026-01-29 12:00:55: 2026-01-29 12:00:55 [31merror[39m: Error: getaddrinfo ENOTFOUND redis-19150.crce263.ap-south-1-1.ec2.cloud.redislabs.com
    at GetAddrInfoReqWrap.onlookupall [as oncomplete] (node:dns:122:26)
2026-01-29 12:00:57: 2026-01-29 12:00:57 [31merror[39m: Error: getaddrinfo ENOTFOUND redis-19150.crce263.ap-south-1-1.ec2.cloud.redislabs.com
    at GetAddrInfoReqWrap.onlookupall [as oncomplete] (node:dns:122:26)
2026-01-29 12:00:57: 2026-01-29 12:00:57 [31merror[39m: Error: getaddrinfo ENOTFOUND redis-19150.crce263.ap-south-1-1.ec2.cloud.redislabs.com
    at GetAddrInfoReqWrap.onlookupall [as oncomplete] (node:dns:122:26)
2026-01-29 12:00:59: 2026-01-29 12:00:59 [31merror[39m: Error: getaddrinfo ENOTFOUND redis-19150.crce263.ap-south-1-1.ec2.cloud.redislabs.com
    at GetAddrInfoReqWrap.onlookupall [as oncomplete] (node:dns:122:26)
2026-01-29 12:00:59: 2026-01-29 12:00:59 [31merror[39m: Error: getaddrinfo ENOTFOUND redis-19150.crce263.ap-south-1-1.ec2.cloud.redislabs.com
    at GetAddrInfoReqWrap.onlookupall [as oncomplete] (node:dns:122:26)
2026-01-29 12:01:01: 2026-01-29 12:01:01 [31merror[39m: Error: getaddrinfo ENOTFOUND redis-19150.crce263.ap-south-1-1.ec2.cloud.redislabs.com
    at GetAddrInfoReqWrap.onlookupall [as oncomplete] (node:dns:122:26)
2026-01-29 12:01:01: 2026-01-29 12:01:01 [31merror[39m: Error: getaddrinfo ENOTFOUND redis-19150.crce263.ap-south-1-1.ec2.cloud.redislabs.com
    at GetAddrInfoReqWrap.onlookupall [as oncomplete] (node:dns:122:26)
2026-01-29 12:01:03: 2026-01-29 12:01:03 [31merror[39m: Error: getaddrinfo ENOTFOUND redis-19150.crce263.ap-south-1-1.ec2.cloud.redislabs.com
    at GetAddrInfoReqWrap.onlookupall [as oncomplete] (node:dns:122:26)
2026-01-29 12:01:04: 2026-01-29 12:01:04 [31merror[39m: Error: getaddrinfo ENOTFOUND redis-19150.crce263.ap-south-1-1.ec2.cloud.redislabs.com
    at GetAddrInfoReqWrap.onlookupall [as oncomplete] (node:dns:122:26)
2026-01-29 12:01:05: 2026-01-29 12:01:05 [31merror[39m: Error: getaddrinfo ENOTFOUND redis-19150.crce263.ap-south-1-1.ec2.cloud.redislabs.com
    at GetAddrInfoReqWrap.onlookupall [as oncomplete] (node:dns:122:26)
2026-01-29 12:01:06: 2026-01-29 12:01:06 [31merror[39m: Error: getaddrinfo ENOTFOUND redis-19150.crce263.ap-south-1-1.ec2.cloud.redislabs.com
    at GetAddrInfoReqWrap.onlookupall [as oncomplete] (node:dns:122:26)
2026-01-29 12:01:07: 2026-01-29 12:01:07 [31merror[39m: Error: getaddrinfo ENOTFOUND redis-19150.crce263.ap-south-1-1.ec2.cloud.redislabs.com
    at GetAddrInfoReqWrap.onlookupall [as oncomplete] (node:dns:122:26)
2026-01-29 12:01:08: 2026-01-29 12:01:08 [31merror[39m: Error: getaddrinfo ENOTFOUND redis-19150.crce263.ap-south-1-1.ec2.cloud.redislabs.com
    at GetAddrInfoReqWrap.onlookupall [as oncomplete] (node:dns:122:26)
2026-01-29 12:01:09: 2026-01-29 12:01:09 [31merror[39m: Error: getaddrinfo ENOTFOUND redis-19150.crce263.ap-south-1-1.ec2.cloud.redislabs.com
    at GetAddrInfoReqWrap.onlookupall [as oncomplete] (node:dns:122:26)
2026-01-29 12:01:10: 2026-01-29 12:01:10 [31merror[39m: Error: getaddrinfo ENOTFOUND redis-19150.crce263.ap-south-1-1.ec2.cloud.redislabs.com
    at GetAddrInfoReqWrap.onlookupall [as oncomplete] (node:dns:122:26)
2026-01-29 12:01:11: 2026-01-29 12:01:11 [31merror[39m: Error: getaddrinfo ENOTFOUND redis-19150.crce263.ap-south-1-1.ec2.cloud.redislabs.com
    at GetAddrInfoReqWrap.onlookupall [as oncomplete] (node:dns:122:26)
2026-01-29 12:01:12: 2026-01-29 12:01:12 [31merror[39m: Error: getaddrinfo ENOTFOUND redis-19150.crce263.ap-south-1-1.ec2.cloud.redislabs.com
    at GetAddrInfoReqWrap.onlookupall [as oncomplete] (node:dns:122:26)
2026-01-29 12:01:14: 2026-01-29 12:01:14 [31merror[39m: Error: getaddrinfo ENOTFOUND redis-19150.crce263.ap-south-1-1.ec2.cloud.redislabs.com
    at GetAddrInfoReqWrap.onlookupall [as oncomplete] (node:dns:122:26)
2026-01-29 12:01:14: 2026-01-29 12:01:14 [31merror[39m: Error: getaddrinfo ENOTFOUND redis-19150.crce263.ap-south-1-1.ec2.cloud.redislabs.com
    at GetAddrInfoReqWrap.onlookupall [as oncomplete] (node:dns:122:26)
2026-01-29 12:01:16: 📡 Mongoose connected to Atlas cluster
2026-01-29 12:01:21: 2026-01-29 12:01:21 [31merror[39m: Error: Connection timeout
    at Socket.onTimeout (C:\Users\user\OneDrive\Desktop\CRM\backend\node_modules\@redis\client\dist\lib\client\socket.js:207:46)
    at Object.onceWrapper (node:events:632:28)
    at Socket.emit (node:events:518:28)
    at Socket._onTimeout (node:net:609:8)
    at listOnTimeout (node:internal/timers:588:17)
    at process.processTimers (node:internal/timers:523:7)
2026-01-29 12:01:44: 🔗 Recorded user connection: 68fcc5bfb85c2281711925bb with socket 5DyxBIOZ7v0q_KQTAAAD
2026-01-29 12:01:45: 📡 Mongoose connected to Atlas cluster
2026-01-29 12:02:44: 🔗 Recorded user connection: 68fcc5bfb85c2281711925bb with socket 5DyxBIOZ7v0q_KQTAAAD
2026-01-29 12:03:07: 🔌 Socket 5DyxBIOZ7v0q_KQTAAAD disconnected. Reason: transport close
2026-01-29 12:03:07: 🚫 Recorded user disconnection: 68fcc5bfb85c2281711925bb
2026-01-29 12:03:07: 👤 User undefined (68fcc5bfb85c2281711925bb) disconnected
2026-01-29 12:03:09: 🔌 New socket connection: ozvXIiP1Vb5DYUY6AAAF
2026-01-29 12:03:09: 🔗 Socket ozvXIiP1Vb5DYUY6AAAF joined room user_68fcc5bfb85c2281711925bb (auto-join on connection)
2026-01-29 12:03:09: 🔗 Recorded user connection: 68fcc5bfb85c2281711925bb with socket ozvXIiP1Vb5DYUY6AAAF
2026-01-29 12:03:09: 🚪 Socket ozvXIiP1Vb5DYUY6AAAF joined user room user_68fcc5bfb85c2281711925bb
2026-01-29 12:03:09: 🚪 Socket ozvXIiP1Vb5DYUY6AAAF joined user room user_68fcc5bfb85c2281711925bb
2026-01-29 12:03:09: 🚪 Socket ozvXIiP1Vb5DYUY6AAAF joined user room user_68fcc5bfb85c2281711925bb
2026-01-29 12:03:09: 🚪 Socket ozvXIiP1Vb5DYUY6AAAF joined user room user_68fcc5bfb85c2281711925bb
2026-01-29 12:03:09: 🔍 [DEBUG] Unread count endpoint hit
2026-01-29 12:03:09: 🔍 [DEBUG] req.user exists: [33mtrue[39m
2026-01-29 12:03:09: 🔍 [DEBUG] req.user.id: 68fcc5bfb85c2281711925bb
2026-01-29 12:03:09: 🔍 [DEBUG] req.user._id: new ObjectId([32m'68fcc5bfb85c2281711925bb'[39m)
2026-01-29 12:03:09: 🔍 [DEBUG] Extracted user ID: 68fcc5bfb85c2281711925bb
2026-01-29 12:03:09: 📬 Fetching unread count for user: 68fcc5bfb85c2281711925bb
2026-01-29 12:03:09: 🔍 [DEBUG] About to query database...
2026-01-29 12:03:09: 📬 Unread count result: [33m4[39m
2026-01-29 12:03:09: 2026-01-29 12:03:09 [32minfo[39m: GET /api/messages/unread-count 200 17 - 94.211 ms
2026-01-29 12:03:09: 🚪 Socket ozvXIiP1Vb5DYUY6AAAF joined user room user_68fcc5bfb85c2281711925bb
2026-01-29 12:03:09: 🔍 [DEBUG] Unread count endpoint hit
2026-01-29 12:03:09: 🔍 [DEBUG] req.user exists: [33mtrue[39m
2026-01-29 12:03:09: 🔍 [DEBUG] req.user.id: 68fcc5bfb85c2281711925bb
2026-01-29 12:03:09: 🔍 [DEBUG] req.user._id: new ObjectId([32m'68fcc5bfb85c2281711925bb'[39m)
2026-01-29 12:03:09: 🔍 [DEBUG] Extracted user ID: 68fcc5bfb85c2281711925bb
2026-01-29 12:03:09: 📬 Fetching unread count for user: 68fcc5bfb85c2281711925bb
2026-01-29 12:03:09: 🔍 [DEBUG] About to query database...
2026-01-29 12:03:09: 📬 Unread count result: [33m4[39m
2026-01-29 12:03:09: 2026-01-29 12:03:09 [32minfo[39m: GET /api/messages/unread-count 200 17 - 301.460 ms
2026-01-29 12:03:10: [DEBUG] Date range: Thu Jan 29 2026 00:00:00 GMT+0530 (India Standard Time) to Thu Jan 29 2026 23:59:59 GMT+0530 (India Standard Time)
2026-01-29 12:03:10: [DEBUG] Appointment stats found: 0 []
2026-01-29 12:03:11: 2026-01-29 12:03:11 [32minfo[39m: GET /api/users 200 - - 563.465 ms
2026-01-29 12:03:11: 2026-01-29 12:03:11 [32minfo[39m: GET /api/attendance/2026/1 200 - - 787.352 ms
2026-01-29 12:03:11: 2026-01-29 12:03:11 [32minfo[39m: GET /api/attendance/range?start=2025-12-31T18:30:00.000Z&end=2026-01-31T18:29:59.999Z 200 - - 856.714 ms
2026-01-29 12:03:11: 2026-01-29 12:03:11 [32minfo[39m: GET /api/attendance/range?start=2025-12-31T18:30:00.000Z&end=2026-01-31T18:29:59.999Z 200 - - 903.861 ms
2026-01-29 12:03:11: [DEBUG] Date range: Thu Jan 29 2026 00:00:00 GMT+0530 (India Standard Time) to Thu Jan 29 2026 23:59:59 GMT+0530 (India Standard Time)
2026-01-29 12:03:11: [DEBUG] Appointment stats found: 0 []
2026-01-29 12:03:11: 2026-01-29 12:03:11 [32minfo[39m: GET /api/users 200 - - 1081.983 ms
2026-01-29 12:03:11: 2026-01-29 12:03:11 [32minfo[39m: GET /api/attendance/2026/1 200 - - 1098.607 ms
2026-01-29 12:03:34: ⏰ Session timeout check triggered at 29/1/2026, 12:03:34 pm
2026-01-29 12:03:35: 2026-01-29 12:03:35 [32minfo[39m: GET /api/attendance/range?start=2025-12-31T18:30:00.000Z&end=2026-01-31T18:29:59.999Z 304 - - 203.117 ms
2026-01-29 12:03:40: 2026-01-29 12:03:40 [32minfo[39m: GET /api/attendance/2026/1 304 - - 187.406 ms
2026-01-29 12:04:08: 🔗 Recorded user connection: 68fcc5bfb85c2281711925bb with socket ozvXIiP1Vb5DYUY6AAAF
2026-01-29 12:04:09: 2026-01-29 12:04:09 [32minfo[39m: OPTIONS /api/attendance/bulk-manual 200 0 - 0.787 ms
2026-01-29 12:04:09: 2026-01-29 12:04:09 [32minfo[39m: POST /api/attendance/bulk-manual 200 59 - 197.217 ms
2026-01-29 12:04:09: 2026-01-29 12:04:09 [32minfo[39m: GET /api/attendance/range?start=2025-12-31T18:30:00.000Z&end=2026-01-31T18:29:59.999Z 200 - - 189.695 ms
2026-01-29 12:04:09: 2026-01-29 12:04:09 [32minfo[39m: GET /api/attendance/range?start=2025-12-31T18:30:00.000Z&end=2026-01-31T18:29:59.999Z 304 - - 182.846 ms
2026-01-29 12:04:10: 2026-01-29 12:04:10 [32minfo[39m: GET /api/attendance/2026/1 200 - - 176.868 ms
2026-01-29 12:04:25: 2026-01-29 12:04:25 [32minfo[39m: GET /api/attendance/range?start=2025-12-31T18:30:00.000Z&end=2026-01-31T18:29:59.999Z 304 - - 190.979 ms
2026-01-29 12:04:30: 2026-01-29 12:04:30 [32minfo[39m: OPTIONS /api/attendance/bulk-manual 200 0 - 0.459 ms
2026-01-29 12:04:31: 2026-01-29 12:04:31 [32minfo[39m: POST /api/attendance/bulk-manual 200 59 - 82.748 ms
2026-01-29 12:04:31: 2026-01-29 12:04:31 [32minfo[39m: GET /api/attendance/range?start=2025-12-31T18:30:00.000Z&end=2026-01-31T18:29:59.999Z 200 - - 189.612 ms
2026-01-29 12:04:31: 2026-01-29 12:04:31 [32minfo[39m: GET /api/attendance/range?start=2025-12-31T18:30:00.000Z&end=2026-01-31T18:29:59.999Z 304 - - 187.510 ms
2026-01-29 12:04:40: 2026-01-29 12:04:40 [32minfo[39m: GET /api/attendance/2026/1 200 - - 189.770 ms
2026-01-29 12:04:50: [DEBUG] Date range: Thu Jan 29 2026 00:00:00 GMT+0530 (India Standard Time) to Thu Jan 29 2026 23:59:59 GMT+0530 (India Standard Time)
2026-01-29 12:04:50: [DEBUG] Appointment stats found: 0 []
2026-01-29 12:04:50: 2026-01-29 12:04:50 [32minfo[39m: GET /api/appointments/telecaller 200 540 - 250.224 ms
2026-01-29 12:04:50: 2026-01-29 12:04:50 [32minfo[39m: GET /api/users 200 - - 234.227 ms
2026-01-29 12:04:50: 2026-01-29 12:04:50 [32minfo[39m: GET /api/appointments/telecaller 304 - - 236.294 ms
2026-01-29 12:04:50: [DEBUG] Date range: Thu Jan 29 2026 00:00:00 GMT+0530 (India Standard Time) to Thu Jan 29 2026 23:59:59 GMT+0530 (India Standard Time)
2026-01-29 12:04:50: [DEBUG] Appointment stats found: 0 []
2026-01-29 12:04:50: 2026-01-29 12:04:50 [32minfo[39m: GET /api/users 304 - - 180.597 ms
2026-01-29 12:04:56: 2026-01-29 12:04:56 [32minfo[39m: OPTIONS /api/appointments/revenue/report 200 0 - 0.625 ms
2026-01-29 12:04:56: 2026-01-29 12:04:56 [32minfo[39m: OPTIONS /api/appointments/revenue/report 200 0 - 0.357 ms
2026-01-29 12:04:56: Revenue report generation requested: { month: [33m12[39m, year: [33m2025[39m }
2026-01-29 12:04:56: Revenue report generation requested: { month: [33m12[39m, year: [33m2025[39m }
2026-01-29 12:04:56: Revenue report generated successfully: { month: [33m12[39m, year: [33m2025[39m }
2026-01-29 12:04:56: 2026-01-29 12:04:56 [32minfo[39m: POST /api/appointments/revenue/report 200 313 - 270.226 ms
2026-01-29 12:04:56: Revenue report generated successfully: { month: [33m12[39m, year: [33m2025[39m }
2026-01-29 12:04:56: 2026-01-29 12:04:56 [32minfo[39m: POST /api/appointments/revenue/report 200 313 - 282.879 ms
2026-01-29 12:04:56: [DEBUG] Date range: Thu Jan 29 2026 00:00:00 GMT+0530 (India Standard Time) to Thu Jan 29 2026 23:59:59 GMT+0530 (India Standard Time)
2026-01-29 12:04:56: [DEBUG] Appointment stats found: 0 []
2026-01-29 12:04:56: 2026-01-29 12:04:56 [32minfo[39m: GET /api/users 304 - - 337.861 ms
2026-01-29 12:04:56: [DEBUG] Date range: Thu Jan 29 2026 00:00:00 GMT+0530 (India Standard Time) to Thu Jan 29 2026 23:59:59 GMT+0530 (India Standard Time)
2026-01-29 12:04:56: [DEBUG] Appointment stats found: 0 []
2026-01-29 12:04:56: 2026-01-29 12:04:56 [32minfo[39m: GET /api/users 304 - - 137.552 ms
2026-01-29 12:04:56: 2026-01-29 12:04:56 [32minfo[39m: GET /api/appointments/all 200 - - 574.189 ms
2026-01-29 12:04:57: 2026-01-29 12:04:57 [32minfo[39m: GET /api/appointments/all 304 - - 221.061 ms
2026-01-29 12:05:07: 2026-01-29 12:05:07 [32minfo[39m: GET /api/users/me 200 - - 112.754 ms
2026-01-29 12:05:07: [DEBUG] Date range: Thu Jan 29 2026 00:00:00 GMT+0530 (India Standard Time) to Thu Jan 29 2026 23:59:59 GMT+0530 (India Standard Time)
2026-01-29 12:05:07: [DEBUG] Appointment stats found: 0 []
2026-01-29 12:05:07: 2026-01-29 12:05:07 [32minfo[39m: GET /api/users 200 - - 248.635 ms
2026-01-29 12:05:07: 2026-01-29 12:05:07 [32minfo[39m: GET /api/tasks 304 - - 437.786 ms
2026-01-29 12:05:07: 2026-01-29 12:05:07 [32minfo[39m: GET /api/users/me 304 - - 89.101 ms
2026-01-29 12:05:07: 2026-01-29 12:05:07 [32minfo[39m: GET /api/tasks 304 - - 135.944 ms
2026-01-29 12:05:07: [DEBUG] Date range: Thu Jan 29 2026 00:00:00 GMT+0530 (India Standard Time) to Thu Jan 29 2026 23:59:59 GMT+0530 (India Standard Time)
2026-01-29 12:05:07: [DEBUG] Appointment stats found: 0 []
2026-01-29 12:05:07: 2026-01-29 12:05:07 [32minfo[39m: GET /api/users 304 - - 189.178 ms
2026-01-29 12:05:08: 2026-01-29 12:05:08 [32minfo[39m: GET /api/reports 200 - - 320.823 ms
2026-01-29 12:05:08: 2026-01-29 12:05:08 [32minfo[39m: GET /api/queries 304 - - 311.033 ms
2026-01-29 12:05:08: 2026-01-29 12:05:08 [32minfo[39m: GET /api/queries 304 - - 109.128 ms
2026-01-29 12:05:08: 2026-01-29 12:05:08 [32minfo[39m: GET /api/reports 304 - - 393.312 ms
2026-01-29 12:05:08: 🔗 Recorded user connection: 68fcc5bfb85c2281711925bb with socket ozvXIiP1Vb5DYUY6AAAF
2026-01-29 12:05:10: 2026-01-29 12:05:10 [32minfo[39m: GET /api/attendance/2026/1 304 - - 220.921 ms
2026-01-29 12:05:41: 2026-01-29 12:05:41 [32minfo[39m: GET /api/attendance/2026/1 304 - - 214.446 ms
2026-01-29 12:06:09: 🔗 Recorded user connection: 68fcc5bfb85c2281711925bb with socket ozvXIiP1Vb5DYUY6AAAF
2026-01-29 12:06:11: 2026-01-29 12:06:11 [32minfo[39m: GET /api/attendance/2026/1 304 - - 192.478 ms
2026-01-29 12:06:43: 2026-01-29 12:06:43 [32minfo[39m: GET /api/attendance/2026/1 304 - - 207.775 ms
2026-01-29 12:06:48: 2026-01-29 12:06:48 [32minfo[39m: GET /api/appointments/telecaller 304 - - 236.985 ms
2026-01-29 12:06:48: [DEBUG] Date range: Thu Jan 29 2026 00:00:00 GMT+0530 (India Standard Time) to Thu Jan 29 2026 23:59:59 GMT+0530 (India Standard Time)
2026-01-29 12:06:48: [DEBUG] Appointment stats found: 0 []
2026-01-29 12:06:48: 2026-01-29 12:06:48 [32minfo[39m: GET /api/users 200 - - 257.758 ms
2026-01-29 12:06:49: 2026-01-29 12:06:49 [32minfo[39m: GET /api/appointments/telecaller 304 - - 182.166 ms
2026-01-29 12:06:49: [DEBUG] Date range: Thu Jan 29 2026 00:00:00 GMT+0530 (India Standard Time) to Thu Jan 29 2026 23:59:59 GMT+0530 (India Standard Time)
2026-01-29 12:06:49: [DEBUG] Appointment stats found: 0 []
2026-01-29 12:06:49: 2026-01-29 12:06:49 [32minfo[39m: GET /api/users 304 - - 202.383 ms
2026-01-29 12:06:58: [DEBUG] Date range: Thu Jan 29 2026 00:00:00 GMT+0530 (India Standard Time) to Thu Jan 29 2026 23:59:59 GMT+0530 (India Standard Time)
2026-01-29 12:06:58: [DEBUG] Appointment stats found: 0 []
2026-01-29 12:06:58: 2026-01-29 12:06:58 [32minfo[39m: GET /api/users 304 - - 234.548 ms
2026-01-29 12:06:58: 2026-01-29 12:06:58 [32minfo[39m: GET /api/appointments/telecaller 304 - - 248.220 ms
2026-01-29 12:06:58: 2026-01-29 12:06:58 [32minfo[39m: GET /api/appointments/telecaller 304 - - 193.590 ms
2026-01-29 12:06:58: [DEBUG] Date range: Thu Jan 29 2026 00:00:00 GMT+0530 (India Standard Time) to Thu Jan 29 2026 23:59:59 GMT+0530 (India Standard Time)
2026-01-29 12:06:58: [DEBUG] Appointment stats found: 0 []
2026-01-29 12:06:58: 2026-01-29 12:06:58 [32minfo[39m: GET /api/users 304 - - 233.188 ms
2026-01-29 12:07:00: 2026-01-29 12:07:00 [32minfo[39m: OPTIONS /api/appointments/revenue/report 200 0 - 0.475 ms
2026-01-29 12:07:00: 2026-01-29 12:07:00 [32minfo[39m: OPTIONS /api/appointments/revenue/report 200 0 - 0.412 ms
2026-01-29 12:07:00: Revenue report generation requested: { month: [33m12[39m, year: [33m2025[39m }
2026-01-29 12:07:00: Revenue report generation requested: { month: [33m12[39m, year: [33m2025[39m }
2026-01-29 12:07:00: Revenue report generated successfully: { month: [33m12[39m, year: [33m2025[39m }
2026-01-29 12:07:00: 2026-01-29 12:07:00 [32minfo[39m: POST /api/appointments/revenue/report 200 313 - 161.481 ms
2026-01-29 12:07:00: Revenue report generated successfully: { month: [33m12[39m, year: [33m2025[39m }
2026-01-29 12:07:00: 2026-01-29 12:07:00 [32minfo[39m: POST /api/appointments/revenue/report 200 313 - 163.310 ms
2026-01-29 12:07:00: 2026-01-29 12:07:00 [32minfo[39m: GET /api/appointments/all 304 - - 252.269 ms
2026-01-29 12:07:00: [DEBUG] Date range: Thu Jan 29 2026 00:00:00 GMT+0530 (India Standard Time) to Thu Jan 29 2026 23:59:59 GMT+0530 (India Standard Time)
2026-01-29 12:07:00: [DEBUG] Appointment stats found: 0 []
2026-01-29 12:07:00: 2026-01-29 12:07:00 [32minfo[39m: GET /api/users 304 - - 302.091 ms
2026-01-29 12:07:00: 2026-01-29 12:07:00 [32minfo[39m: GET /api/appointments/all 304 - - 193.701 ms
2026-01-29 12:07:00: [DEBUG] Date range: Thu Jan 29 2026 00:00:00 GMT+0530 (India Standard Time) to Thu Jan 29 2026 23:59:59 GMT+0530 (India Standard Time)
2026-01-29 12:07:00: [DEBUG] Appointment stats found: 0 []
2026-01-29 12:07:00: 2026-01-29 12:07:00 [32minfo[39m: GET /api/users 304 - - 203.157 ms
2026-01-29 12:07:04: 🔊 Activating Huawei E173 audio for call to Current Call
2026-01-29 12:07:04: 🔊 Activating Huawei E173 audio for call to Current Call
2026-01-29 12:07:04: 2026-01-29 12:07:04 [32minfo[39m: GET /api/calls/huawei-audio-status 200 111 - 201.328 ms
2026-01-29 12:07:04: 🔌 New socket connection: 21roFjuK8sPfP5daAAAI
2026-01-29 12:07:04: ⚠️ Socket 21roFjuK8sPfP5daAAAI connected without userId
2026-01-29 12:07:04: 2026-01-29 12:07:04 [32minfo[39m: GET /api/tasks 304 - - 369.619 ms
2026-01-29 12:07:04: [DEBUG] Date range: Thu Jan 29 2026 00:00:00 GMT+0530 (India Standard Time) to Thu Jan 29 2026 23:59:59 GMT+0530 (India Standard Time)
2026-01-29 12:07:04: [DEBUG] Appointment stats found: 0 []
2026-01-29 12:07:04: 2026-01-29 12:07:04 [32minfo[39m: GET /api/users 304 - - 415.081 ms
2026-01-29 12:07:04: 2026-01-29 12:07:04 [32minfo[39m: GET /api/calls/huawei-audio-status 304 - - 123.973 ms
2026-01-29 12:07:04: 2026-01-29 12:07:04 [32minfo[39m: GET /api/tasks 304 - - 139.999 ms
2026-01-29 12:07:04: [DEBUG] Date range: Thu Jan 29 2026 00:00:00 GMT+0530 (India Standard Time) to Thu Jan 29 2026 23:59:59 GMT+0530 (India Standard Time)
2026-01-29 12:07:04: [DEBUG] Appointment stats found: 0 []
2026-01-29 12:07:04: 2026-01-29 12:07:04 [32minfo[39m: GET /api/users 304 - - 190.671 ms
2026-01-29 12:07:07: 🔍 Audio devices found: 
Name             DeviceID                                     
----             --------                                     
USB Audio Device USB\VID_046D&PID_0A38&MI_00\7&12B26085&0&0000



2026-01-29 12:07:07: 📱 Huawei E173 audio device found!
2026-01-29 12:07:07: 🔍 Audio devices found: 
Name             DeviceID                                     
----             --------                                     
USB Audio Device USB\VID_046D&PID_0A38&MI_00\7&12B26085&0&0000



2026-01-29 12:07:07: 📱 Huawei E173 audio device found!
2026-01-29 12:07:09: 🔗 Recorded user connection: 68fcc5bfb85c2281711925bb with socket ozvXIiP1Vb5DYUY6AAAF
2026-01-29 12:07:10: 🎧 USB headset device found!
2026-01-29 12:07:10: 🎧 USB headset device found!
2026-01-29 12:07:10: ⚠️ Stereo Mix not available
2026-01-29 12:07:11: ⚠️ Stereo Mix not available
2026-01-29 12:07:11: 2026-01-29 12:07:11 [32minfo[39m: GET /api/attendance/2026/1 304 - - 194.056 ms
2026-01-29 12:07:11: 🔊 Communication device set to maximum volume
2026-01-29 12:07:11: 🔊 Communication device set to maximum volume
2026-01-29 12:07:13: 📊 All audio devices: 
Name                         DeviceID                                     
----                         --------                                     
High Definition Audio Device HDAUDIO\FUNC_01&VEN_10EC&DEV_0662&SUBSYS_0...
High Definition Audio Device HDAUDIO\FUNC_01&VEN_8086&DEV_2805&SUBSYS_8...
USB Audio Device             USB\VID_046D&PID_0A38&MI_00\7&12B26085&0&0000



2026-01-29 12:07:13: 📊 All audio devices: 
Name                         DeviceID                                     
----                         --------                                     
High Definition Audio Device HDAUDIO\FUNC_01&VEN_10EC&DEV_0662&SUBSYS_0...
High Definition Audio Device HDAUDIO\FUNC_01&VEN_8086&DEV_2805&SUBSYS_8...
USB Audio Device             USB\VID_046D&PID_0A38&MI_00\7&12B26085&0&0000



2026-01-29 12:07:13: 🔊 Volume Mixer opened - Check for Huawei/USB Audio Device
2026-01-29 12:07:13: 🔊 Huawei E173 audio routing activated!
2026-01-29 12:07:13: 📢 IMPORTANT: User must check Volume Mixer for 'USB Audio Device' and UNMUTE it
2026-01-29 12:07:13: 2026-01-29 12:07:13 [32minfo[39m: POST /api/calls/setup-huawei-audio 200 560 - 9209.693 ms
2026-01-29 12:07:41: 2026-01-29 12:07:41 [32minfo[39m: GET /api/attendance/2026/1 304 - - 171.923 ms
2026-01-29 12:08:09: 🔗 Recorded user connection: 68fcc5bfb85c2281711925bb with socket ozvXIiP1Vb5DYUY6AAAF
2026-01-29 12:08:34: ⏰ Session timeout check triggered at 29/1/2026, 12:08:34 pm
2026-01-29 12:09:09: 🔗 Recorded user connection: 68fcc5bfb85c2281711925bb with socket ozvXIiP1Vb5DYUY6AAAF
2026-01-29 12:09:10: 2026-01-29 12:09:10 [32minfo[39m: GET /api/attendance/2026/1 304 - - 200.171 ms
2026-01-29 12:10:09: 🔗 Recorded user connection: 68fcc5bfb85c2281711925bb with socket ozvXIiP1Vb5DYUY6AAAF
2026-01-29 12:10:10: 2026-01-29 12:10:10 [32minfo[39m: GET /api/attendance/2026/1 304 - - 176.812 ms
2026-01-29 12:11:09: 🔗 Recorded user connection: 68fcc5bfb85c2281711925bb with socket ozvXIiP1Vb5DYUY6AAAF
2026-01-29 12:11:10: 2026-01-29 12:11:10 [32minfo[39m: GET /api/attendance/2026/1 304 - - 185.284 ms
2026-01-29 12:12:09: 🔗 Recorded user connection: 68fcc5bfb85c2281711925bb with socket ozvXIiP1Vb5DYUY6AAAF
2026-01-29 12:12:10: 2026-01-29 12:12:10 [32minfo[39m: GET /api/attendance/2026/1 304 - - 187.268 ms
2026-01-29 12:13:09: 🔗 Recorded user connection: 68fcc5bfb85c2281711925bb with socket ozvXIiP1Vb5DYUY6AAAF
2026-01-29 12:13:10: 2026-01-29 12:13:10 [32minfo[39m: GET /api/attendance/2026/1 304 - - 178.854 ms
2026-01-29 12:13:34: ⏰ Session timeout check triggered at 29/1/2026, 12:13:34 pm
2026-01-29 12:14:09: 🔗 Recorded user connection: 68fcc5bfb85c2281711925bb with socket ozvXIiP1Vb5DYUY6AAAF
2026-01-29 12:14:10: 2026-01-29 12:14:10 [32minfo[39m: GET /api/attendance/2026/1 304 - - 185.389 ms
2026-01-29 12:15:09: 🔗 Recorded user connection: 68fcc5bfb85c2281711925bb with socket ozvXIiP1Vb5DYUY6AAAF
2026-01-29 12:15:10: 2026-01-29 12:15:10 [32minfo[39m: GET /api/attendance/2026/1 304 - - 160.126 ms
2026-01-29 12:16:09: 🔗 Recorded user connection: 68fcc5bfb85c2281711925bb with socket ozvXIiP1Vb5DYUY6AAAF
2026-01-29 12:16:10: 2026-01-29 12:16:10 [32minfo[39m: GET /api/attendance/2026/1 304 - - 168.701 ms
2026-01-29 12:17:09: 🔗 Recorded user connection: 68fcc5bfb85c2281711925bb with socket ozvXIiP1Vb5DYUY6AAAF
2026-01-29 12:17:10: 2026-01-29 12:17:10 [32minfo[39m: GET /api/attendance/2026/1 304 - - 157.445 ms
2026-01-29 12:18:09: 🔗 Recorded user connection: 68fcc5bfb85c2281711925bb with socket ozvXIiP1Vb5DYUY6AAAF
2026-01-29 12:18:10: 2026-01-29 12:18:10 [32minfo[39m: GET /api/attendance/2026/1 304 - - 171.603 ms
2026-01-29 12:18:34: ⏰ Session timeout check triggered at 29/1/2026, 12:18:34 pm
2026-01-29 12:18:42: 2026-01-29 12:18:42 [32minfo[39m: GET /api/attendance/2026/1 304 - - 183.110 ms
2026-01-29 12:18:55: 🔌 Socket 21roFjuK8sPfP5daAAAI disconnected. Reason: client namespace disconnect
2026-01-29 12:18:56: 2026-01-29 12:18:56 [32minfo[39m: GET /api/attendance/range?start=2025-12-31T18:30:00.000Z&end=2026-01-31T18:29:59.999Z 304 - - 198.086 ms
2026-01-29 12:18:56: 2026-01-29 12:18:56 [32minfo[39m: GET /api/attendance/range?start=2025-12-31T18:30:00.000Z&end=2026-01-31T18:29:59.999Z 304 - - 169.458 ms
2026-01-29 12:19:08: 🔗 Recorded user connection: 68fcc5bfb85c2281711925bb with socket ozvXIiP1Vb5DYUY6AAAF
2026-01-29 12:19:10: 2026-01-29 12:19:10 [32minfo[39m: GET /api/attendance/2026/1 304 - - 173.536 ms
2026-01-29 12:19:41: 2026-01-29 12:19:41 [32minfo[39m: GET /api/attendance/2026/1 304 - - 167.704 ms
2026-01-29 12:20:08: 🔗 Recorded user connection: 68fcc5bfb85c2281711925bb with socket ozvXIiP1Vb5DYUY6AAAF
2026-01-29 12:20:10: 2026-01-29 12:20:10 [32minfo[39m: GET /api/attendance/2026/1 304 - - 157.284 ms
2026-01-29 12:20:41: 2026-01-29 12:20:41 [32minfo[39m: GET /api/attendance/2026/1 304 - - 193.897 ms
2026-01-29 12:21:11: 🔗 Recorded user connection: 68fcc5bfb85c2281711925bb with socket ozvXIiP1Vb5DYUY6AAAF
2026-01-29 12:21:12: 2026-01-29 12:21:12 [32minfo[39m: GET /api/attendance/2026/1 304 - - 201.571 ms
2026-01-29 12:21:41: 2026-01-29 12:21:41 [32minfo[39m: GET /api/attendance/2026/1 304 - - 173.135 ms
2026-01-29 12:22:09: 🔗 Recorded user connection: 68fcc5bfb85c2281711925bb with socket ozvXIiP1Vb5DYUY6AAAF
2026-01-29 12:22:11: 2026-01-29 12:22:11 [32minfo[39m: GET /api/attendance/2026/1 304 - - 163.759 ms
2026-01-29 12:23:09: 🔗 Recorded user connection: 68fcc5bfb85c2281711925bb with socket ozvXIiP1Vb5DYUY6AAAF
2026-01-29 12:23:10: 2026-01-29 12:23:10 [32minfo[39m: GET /api/attendance/2026/1 304 - - 168.690 ms
2026-01-29 12:23:34: ⏰ Session timeout check triggered at 29/1/2026, 12:23:34 pm
2026-01-29 12:24:09: 🔗 Recorded user connection: 68fcc5bfb85c2281711925bb with socket ozvXIiP1Vb5DYUY6AAAF
2026-01-29 12:24:10: 2026-01-29 12:24:10 [32minfo[39m: GET /api/attendance/2026/1 304 - - 167.570 ms
2026-01-29 12:25:09: 🔗 Recorded user connection: 68fcc5bfb85c2281711925bb with socket ozvXIiP1Vb5DYUY6AAAF
2026-01-29 12:25:10: 2026-01-29 12:25:10 [32minfo[39m: GET /api/attendance/2026/1 304 - - 161.432 ms
2026-01-29 12:26:09: 🔗 Recorded user connection: 68fcc5bfb85c2281711925bb with socket ozvXIiP1Vb5DYUY6AAAF
2026-01-29 12:26:10: 2026-01-29 12:26:10 [32minfo[39m: GET /api/attendance/2026/1 304 - - 487.370 ms
2026-01-29 12:27:09: 🔗 Recorded user connection: 68fcc5bfb85c2281711925bb with socket ozvXIiP1Vb5DYUY6AAAF
2026-01-29 12:27:10: 2026-01-29 12:27:10 [32minfo[39m: GET /api/attendance/2026/1 304 - - 222.161 ms
2026-01-29 12:28:09: 🔗 Recorded user connection: 68fcc5bfb85c2281711925bb with socket ozvXIiP1Vb5DYUY6AAAF
2026-01-29 12:28:10: 2026-01-29 12:28:10 [32minfo[39m: GET /api/attendance/2026/1 304 - - 162.362 ms
2026-01-29 12:28:34: ⏰ Session timeout check triggered at 29/1/2026, 12:28:34 pm
2026-01-29 12:29:09: 🔗 Recorded user connection: 68fcc5bfb85c2281711925bb with socket ozvXIiP1Vb5DYUY6AAAF
2026-01-29 12:29:10: 2026-01-29 12:29:10 [32minfo[39m: GET /api/attendance/2026/1 304 - - 219.936 ms
2026-01-29 12:30:09: 🔗 Recorded user connection: 68fcc5bfb85c2281711925bb with socket ozvXIiP1Vb5DYUY6AAAF
2026-01-29 12:30:10: 2026-01-29 12:30:10 [32minfo[39m: GET /api/attendance/2026/1 304 - - 191.068 ms
2026-01-29 12:31:09: 🔗 Recorded user connection: 68fcc5bfb85c2281711925bb with socket ozvXIiP1Vb5DYUY6AAAF
2026-01-29 12:31:10: 2026-01-29 12:31:10 [32minfo[39m: GET /api/attendance/2026/1 304 - - 191.314 ms
2026-01-29 12:32:09: 🔗 Recorded user connection: 68fcc5bfb85c2281711925bb with socket ozvXIiP1Vb5DYUY6AAAF
2026-01-29 12:32:10: 2026-01-29 12:32:10 [32minfo[39m: GET /api/attendance/2026/1 304 - - 164.748 ms
2026-01-29 12:33:09: 🔗 Recorded user connection: 68fcc5bfb85c2281711925bb with socket ozvXIiP1Vb5DYUY6AAAF
2026-01-29 12:33:10: 2026-01-29 12:33:10 [32minfo[39m: GET /api/attendance/2026/1 304 - - 193.987 ms
2026-01-29 12:33:34: ⏰ Session timeout check triggered at 29/1/2026, 12:33:34 pm
2026-01-29 12:34:09: 🔗 Recorded user connection: 68fcc5bfb85c2281711925bb with socket ozvXIiP1Vb5DYUY6AAAF
2026-01-29 12:34:10: 2026-01-29 12:34:10 [32minfo[39m: GET /api/attendance/2026/1 304 - - 179.493 ms
2026-01-29 12:35:09: 🔗 Recorded user connection: 68fcc5bfb85c2281711925bb with socket ozvXIiP1Vb5DYUY6AAAF
2026-01-29 12:35:10: 2026-01-29 12:35:10 [32minfo[39m: GET /api/attendance/2026/1 304 - - 237.101 ms
2026-01-29 12:36:09: 🔗 Recorded user connection: 68fcc5bfb85c2281711925bb with socket ozvXIiP1Vb5DYUY6AAAF
2026-01-29 12:36:10: 2026-01-29 12:36:10 [32minfo[39m: GET /api/attendance/2026/1 304 - - 188.237 ms
2026-01-29 12:37:09: 🔗 Recorded user connection: 68fcc5bfb85c2281711925bb with socket ozvXIiP1Vb5DYUY6AAAF
2026-01-29 12:37:10: 2026-01-29 12:37:10 [32minfo[39m: GET /api/attendance/2026/1 304 - - 170.333 ms
2026-01-29 12:38:09: 🔗 Recorded user connection: 68fcc5bfb85c2281711925bb with socket ozvXIiP1Vb5DYUY6AAAF
2026-01-29 12:38:10: 2026-01-29 12:38:10 [32minfo[39m: GET /api/attendance/2026/1 304 - - 166.894 ms
2026-01-29 12:38:34: ⏰ Session timeout check triggered at 29/1/2026, 12:38:34 pm
2026-01-29 12:39:09: 🔗 Recorded user connection: 68fcc5bfb85c2281711925bb with socket ozvXIiP1Vb5DYUY6AAAF
2026-01-29 12:39:10: 2026-01-29 12:39:10 [32minfo[39m: GET /api/attendance/2026/1 304 - - 231.507 ms
2026-01-29 12:40:09: 🔗 Recorded user connection: 68fcc5bfb85c2281711925bb with socket ozvXIiP1Vb5DYUY6AAAF
2026-01-29 12:40:10: 2026-01-29 12:40:10 [32minfo[39m: GET /api/attendance/2026/1 304 - - 165.593 ms
2026-01-29 12:41:09: 🔗 Recorded user connection: 68fcc5bfb85c2281711925bb with socket ozvXIiP1Vb5DYUY6AAAF
2026-01-29 12:41:10: 2026-01-29 12:41:10 [32minfo[39m: GET /api/attendance/2026/1 304 - - 173.305 ms
2026-01-29 12:42:09: 🔗 Recorded user connection: 68fcc5bfb85c2281711925bb with socket ozvXIiP1Vb5DYUY6AAAF
2026-01-29 12:42:10: 2026-01-29 12:42:10 [32minfo[39m: GET /api/attendance/2026/1 304 - - 177.190 ms
2026-01-29 12:43:09: 🔗 Recorded user connection: 68fcc5bfb85c2281711925bb with socket ozvXIiP1Vb5DYUY6AAAF
2026-01-29 12:43:10: 2026-01-29 12:43:10 [32minfo[39m: GET /api/attendance/2026/1 304 - - 163.131 ms
2026-01-29 12:43:34: ⏰ Session timeout check triggered at 29/1/2026, 12:43:34 pm
2026-01-29 12:44:09: 🔗 Recorded user connection: 68fcc5bfb85c2281711925bb with socket ozvXIiP1Vb5DYUY6AAAF
2026-01-29 12:44:10: 2026-01-29 12:44:10 [32minfo[39m: GET /api/attendance/2026/1 304 - - 163.402 ms
2026-01-29 12:45:09: 🔗 Recorded user connection: 68fcc5bfb85c2281711925bb with socket ozvXIiP1Vb5DYUY6AAAF
2026-01-29 12:45:10: 2026-01-29 12:45:10 [32minfo[39m: GET /api/attendance/2026/1 304 - - 172.942 ms
2026-01-29 12:46:09: 🔗 Recorded user connection: 68fcc5bfb85c2281711925bb with socket ozvXIiP1Vb5DYUY6AAAF
2026-01-29 12:46:10: 2026-01-29 12:46:10 [32minfo[39m: GET /api/attendance/2026/1 304 - - 174.189 ms
2026-01-29 12:47:09: 🔗 Recorded user connection: 68fcc5bfb85c2281711925bb with socket ozvXIiP1Vb5DYUY6AAAF
2026-01-29 12:47:10: 2026-01-29 12:47:10 [32minfo[39m: GET /api/attendance/2026/1 304 - - 183.860 ms
2026-01-29 12:47:40: 2026-01-29 12:47:40 [32minfo[39m: GET /api/attendance/2026/1 304 - - 170.854 ms
2026-01-29 12:48:08: 🔗 Recorded user connection: 68fcc5bfb85c2281711925bb with socket ozvXIiP1Vb5DYUY6AAAF
2026-01-29 12:48:10: 2026-01-29 12:48:10 [32minfo[39m: GET /api/attendance/2026/1 304 - - 162.752 ms
2026-01-29 12:48:34: ⏰ Session timeout check triggered at 29/1/2026, 12:48:34 pm
2026-01-29 12:48:40: 2026-01-29 12:48:40 [32minfo[39m: GET /api/attendance/2026/1 304 - - 162.491 ms
2026-01-29 12:49:08: 🔗 Recorded user connection: 68fcc5bfb85c2281711925bb with socket ozvXIiP1Vb5DYUY6AAAF
2026-01-29 12:49:10: 2026-01-29 12:49:10 [32minfo[39m: GET /api/attendance/2026/1 304 - - 158.315 ms
2026-01-29 12:49:40: 2026-01-29 12:49:40 [32minfo[39m: GET /api/attendance/2026/1 304 - - 172.470 ms
2026-01-29 12:50:08: 🔗 Recorded user connection: 68fcc5bfb85c2281711925bb with socket ozvXIiP1Vb5DYUY6AAAF
2026-01-29 12:50:10: 2026-01-29 12:50:10 [32minfo[39m: GET /api/attendance/2026/1 304 - - 161.123 ms
2026-01-29 12:50:40: 2026-01-29 12:50:40 [32minfo[39m: GET /api/attendance/2026/1 304 - - 185.433 ms
2026-01-29 12:51:08: 🔗 Recorded user connection: 68fcc5bfb85c2281711925bb with socket ozvXIiP1Vb5DYUY6AAAF
2026-01-29 12:51:10: 2026-01-29 12:51:10 [32minfo[39m: GET /api/attendance/2026/1 304 - - 164.308 ms
2026-01-29 12:51:12: 2026-01-29 12:51:12 [32minfo[39m: POST /api/auth/logout 200 31 - 48.971 ms
2026-01-29 12:51:12: 2026-01-29 12:51:12 [32minfo[39m: OPTIONS /api/users/logout 200 0 - 3.317 ms
2026-01-29 12:51:12: Received logout for userId: 68fcc5bfb85c2281711925bb body: { userId: [32m'68fcc5bfb85c2281711925bb'[39m }
2026-01-29 12:51:12: 2026-01-29 12:51:12 [32minfo[39m: POST /api/users/logout 200 33 - 197.172 ms
2026-01-29 12:51:12: 🔌 Socket ozvXIiP1Vb5DYUY6AAAF disconnected. Reason: client namespace disconnect
2026-01-29 12:51:12: 🚫 Recorded user disconnection: 68fcc5bfb85c2281711925bb
2026-01-29 12:51:12: 👤 User undefined (68fcc5bfb85c2281711925bb) disconnected
2026-01-29 12:51:43: 2026-01-29 12:51:43 [32minfo[39m: OPTIONS /api/auth/login 200 0 - 1.051 ms
2026-01-29 12:51:43: Login attempt for user: Dilip@Manager
2026-01-29 12:51:44: Login successful: Dilip@Manager
2026-01-29 12:51:44: 2026-01-29 12:51:44 [32minfo[39m: POST /api/auth/login 200 442 - 565.239 ms
2026-01-29 12:51:44: 🔌 New socket connection: gJmpQzcSVw6lv0TOAAAK
2026-01-29 12:51:44: 🔗 Socket gJmpQzcSVw6lv0TOAAAK joined room user_68ef7ad1dc07502f5a342a11 (auto-join on connection)
2026-01-29 12:51:44: 🔗 Recorded user connection: 68ef7ad1dc07502f5a342a11 with socket gJmpQzcSVw6lv0TOAAAK
2026-01-29 12:51:44: 🚪 Socket gJmpQzcSVw6lv0TOAAAK joined user room user_68ef7ad1dc07502f5a342a11
2026-01-29 12:51:44: 🚪 Socket gJmpQzcSVw6lv0TOAAAK joined user room user_68ef7ad1dc07502f5a342a11
2026-01-29 12:51:44: 🔍 [DEBUG] Unread count endpoint hit
2026-01-29 12:51:44: 🔍 [DEBUG] req.user exists: [33mtrue[39m
2026-01-29 12:51:44: 🔍 [DEBUG] req.user.id: 68ef7ad1dc07502f5a342a11
2026-01-29 12:51:44: 🔍 [DEBUG] req.user._id: new ObjectId([32m'68ef7ad1dc07502f5a342a11'[39m)
2026-01-29 12:51:44: 🔍 [DEBUG] Extracted user ID: 68ef7ad1dc07502f5a342a11
2026-01-29 12:51:44: 📬 Fetching unread count for user: 68ef7ad1dc07502f5a342a11
2026-01-29 12:51:44: 🔍 [DEBUG] About to query database...
2026-01-29 12:51:44: 📬 Unread count result: [33m2[39m
2026-01-29 12:51:44: 2026-01-29 12:51:44 [32minfo[39m: GET /api/messages/unread-count 200 17 - 104.209 ms
2026-01-29 12:51:45: 2026-01-29 12:51:45 [32minfo[39m: OPTIONS /api/appointments/revenue/report 200 0 - 0.419 ms
2026-01-29 12:51:45: 2026-01-29 12:51:45 [32minfo[39m: OPTIONS /api/appointments/revenue/report 200 0 - 0.526 ms
2026-01-29 12:51:45: 🔌 New socket connection: _qrRpIfjVxlwsOnDAAAN
2026-01-29 12:51:45: ⚠️ Socket _qrRpIfjVxlwsOnDAAAN connected without userId
2026-01-29 12:51:45: Revenue report generation requested: { month: [33m12[39m, year: [33m2025[39m }
2026-01-29 12:51:45: Revenue report generation requested: { month: [33m12[39m, year: [33m2025[39m }
2026-01-29 12:51:45: Revenue report generated successfully: { month: [33m12[39m, year: [33m2025[39m }
2026-01-29 12:51:45: 2026-01-29 12:51:45 [32minfo[39m: POST /api/appointments/revenue/report 200 313 - 153.387 ms
2026-01-29 12:51:45: Revenue report generated successfully: { month: [33m12[39m, year: [33m2025[39m }
2026-01-29 12:51:45: 2026-01-29 12:51:45 [32minfo[39m: POST /api/appointments/revenue/report 200 313 - 199.614 ms
2026-01-29 12:51:45: Found 95 appointments for BDM user
2026-01-29 12:51:45: 2026-01-29 12:51:45 [32minfo[39m: GET /api/attendance/2026/1 200 - - 305.333 ms
2026-01-29 12:51:45: 2026-01-29 12:51:45 [32minfo[39m: GET /api/appointments/bdm 200 - - 225.825 ms
2026-01-29 12:51:45: Found 95 appointments for BDM user
2026-01-29 12:51:45: 2026-01-29 12:51:45 [32minfo[39m: GET /api/appointments/bdm 304 - - 225.522 ms
2026-01-29 12:51:45: 2026-01-29 12:51:45 [32minfo[39m: GET /api/attendance/2026/1 304 - - 259.822 ms
2026-01-29 12:51:46: 📍 Received location update from BDM 68ef7ad1dc07502f5a342a11: 13.054134, 80.25295 (±164m)
2026-01-29 12:51:46: 🕒 Recorded location update for user 68ef7ad1dc07502f5a342a11 at 12:51:46 PM
2026-01-29 12:51:46: 📍 Received location update from BDM 68ef7ad1dc07502f5a342a11: 13.054134, 80.25295 (±164m)
2026-01-29 12:51:46: 🕒 Recorded location update for user 68ef7ad1dc07502f5a342a11 at 12:51:46 PM
2026-01-29 12:51:46: ✅ Updated location for user 68ef7ad1dc07502f5a342a11 and saved log
2026-01-29 12:51:46: 📡 Broadcast location update to all users (no session)
2026-01-29 12:51:46: ✅ Updated location for user 68ef7ad1dc07502f5a342a11 and saved log
2026-01-29 12:51:46: 📡 Broadcast location update to all users (no session)
2026-01-29 12:52:15: 2026-01-29 12:52:15 [32minfo[39m: GET /api/attendance/2026/1 304 - - 186.310 ms
2026-01-29 12:52:44: 🔗 Recorded user connection: 68ef7ad1dc07502f5a342a11 with socket gJmpQzcSVw6lv0TOAAAK
2026-01-29 12:52:45: 2026-01-29 12:52:45 [32minfo[39m: GET /api/attendance/2026/1 304 - - 160.229 ms
2026-01-29 12:52:53: 2026-01-29 12:52:53 [32minfo[39m: OPTIONS /api/appointments 200 0 - 0.493 ms
2026-01-29 12:52:53: 2026-01-29 12:52:53 [32minfo[39m: POST /api/appointments 201 510 - 171.254 ms
2026-01-29 12:52:54: 📋 Appointment updated: {
  action: [32m'created'[39m,
  appointment: {
    date: [32m'2026-01-27T07:21:57.081Z'[39m,
    client: [32m'ganesh'[39m,
    companyName: [32m'VSG enterprises '[39m,
    met: [33mtrue[39m,
    signed: [33mtrue[39m,
    contractValue: [33m13500[39m,
    clearancePending: [33mfalse[39m,
    clearanceAmount: [33m0[39m,
    follow: [33mfalse[39m,
    followDate: [32m''[39m,
    renewal: [32m'renewal'[39m,
    assignedBDM: [1mnull[22m,
    remark: [32m'13500 upgraded gpay paid'[39m
  }
}
2026-01-29 12:52:54: Found 96 appointments for BDM user
2026-01-29 12:52:54: 2026-01-29 12:52:54 [32minfo[39m: GET /api/appointments/bdm 200 - - 247.618 ms
2026-01-29 12:52:54: Found 96 appointments for BDM user
2026-01-29 12:52:54: 2026-01-29 12:52:54 [32minfo[39m: GET /api/appointments/bdm 304 - - 224.999 ms
2026-01-29 12:53:15: 2026-01-29 12:53:15 [32minfo[39m: GET /api/attendance/2026/1 304 - - 160.705 ms
2026-01-29 12:53:34: ⏰ Session timeout check triggered at 29/1/2026, 12:53:34 pm
2026-01-29 12:53:44: 🔗 Recorded user connection: 68ef7ad1dc07502f5a342a11 with socket gJmpQzcSVw6lv0TOAAAK
2026-01-29 12:53:45: 2026-01-29 12:53:45 [32minfo[39m: GET /api/attendance/2026/1 304 - - 185.527 ms
2026-01-29 12:54:15: 2026-01-29 12:54:15 [32minfo[39m: GET /api/attendance/2026/1 304 - - 176.075 ms
2026-01-29 12:54:44: 🔗 Recorded user connection: 68ef7ad1dc07502f5a342a11 with socket gJmpQzcSVw6lv0TOAAAK
2026-01-29 12:54:45: 2026-01-29 12:54:45 [32minfo[39m: GET /api/attendance/2026/1 304 - - 190.997 ms
2026-01-29 12:55:05: 2026-01-29 12:55:05 [32minfo[39m: OPTIONS /api/appointments 200 0 - 0.276 ms
2026-01-29 12:55:05: 2026-01-29 12:55:05 [32minfo[39m: POST /api/appointments 201 514 - 122.643 ms
2026-01-29 12:55:06: 📋 Appointment updated: {
  action: [32m'created'[39m,
  appointment: {
    date: [32m'2026-01-27T07:24:15.359Z'[39m,
    client: [32m'suba '[39m,
    companyName: [32m'gn constrution '[39m,
    met: [33mtrue[39m,
    signed: [33mtrue[39m,
    contractValue: [33m6000[39m,
    clearancePending: [33mtrue[39m,
    clearanceAmount: [33m0[39m,
    follow: [33mfalse[39m,
    followDate: [32m''[39m,
    renewal: [32m'renewal'[39m,
    assignedBDM: [1mnull[22m,
    remark: [32m'6000 pending amount bank transfer'[39m
  }
}
2026-01-29 12:55:06: Found 97 appointments for BDM user
2026-01-29 12:55:06: 2026-01-29 12:55:06 [32minfo[39m: GET /api/appointments/bdm 200 - - 196.813 ms
2026-01-29 12:55:06: Found 97 appointments for BDM user
2026-01-29 12:55:06: 2026-01-29 12:55:06 [32minfo[39m: GET /api/appointments/bdm 304 - - 169.788 ms
2026-01-29 12:55:15: 2026-01-29 12:55:15 [32minfo[39m: GET /api/attendance/2026/1 304 - - 185.225 ms
2026-01-29 12:55:44: 🔗 Recorded user connection: 68ef7ad1dc07502f5a342a11 with socket gJmpQzcSVw6lv0TOAAAK
2026-01-29 12:55:45: 2026-01-29 12:55:45 [32minfo[39m: GET /api/attendance/2026/1 304 - - 163.690 ms
2026-01-29 12:56:15: 2026-01-29 12:56:15 [32minfo[39m: GET /api/attendance/2026/1 304 - - 168.475 ms
2026-01-29 12:56:44: 🔗 Recorded user connection: 68ef7ad1dc07502f5a342a11 with socket gJmpQzcSVw6lv0TOAAAK
2026-01-29 12:56:45: 2026-01-29 12:56:45 [32minfo[39m: GET /api/attendance/2026/1 304 - - 159.838 ms
2026-01-29 12:56:48: 2026-01-29 12:56:48 [32minfo[39m: OPTIONS /api/appointments 200 0 - 0.447 ms
2026-01-29 12:56:48: 2026-01-29 12:56:48 [32minfo[39m: POST /api/appointments 201 521 - 110.534 ms
2026-01-29 12:56:49: 📋 Appointment updated: {
  action: [32m'created'[39m,
  appointment: {
    date: [32m'2026-01-28T07:25:44.296Z'[39m,
    client: [32m'i  square services'[39m,
    companyName: [32m'i square services'[39m,
    met: [33mtrue[39m,
    signed: [33mtrue[39m,
    contractValue: [33m6000[39m,
    clearancePending: [33mfalse[39m,
    clearanceAmount: [33m0[39m,
    follow: [33mfalse[39m,
    followDate: [32m''[39m,
    renewal: [32m'renewal'[39m,
    assignedBDM: [1mnull[22m,
    remark: [32m'6000 signed g pay paid '[39m
  }
}
2026-01-29 12:56:49: Found 98 appointments for BDM user
2026-01-29 12:56:49: 2026-01-29 12:56:49 [32minfo[39m: GET /api/appointments/bdm 200 - - 173.766 ms
2026-01-29 12:56:49: Found 98 appointments for BDM user
2026-01-29 12:56:49: 2026-01-29 12:56:49 [32minfo[39m: GET /api/appointments/bdm 304 - - 184.724 ms
2026-01-29 12:56:56: 2026-01-29 12:56:56 [32minfo[39m: POST /api/auth/logout 429 128 - 45.227 ms
2026-01-29 12:56:56: 2026-01-29 12:56:56 [32minfo[39m: OPTIONS /api/users/logout 200 0 - 1.162 ms
2026-01-29 12:56:56: Received logout for userId: 68ef7ad1dc07502f5a342a11 body: { userId: [32m'68ef7ad1dc07502f5a342a11'[39m }
2026-01-29 12:56:56: 2026-01-29 12:56:56 [32minfo[39m: POST /api/users/logout 200 33 - 182.780 ms
2026-01-29 12:56:56: 🔌 Socket _qrRpIfjVxlwsOnDAAAN disconnected. Reason: client namespace disconnect
2026-01-29 12:56:56: 🔌 Socket gJmpQzcSVw6lv0TOAAAK disconnected. Reason: client namespace disconnect
2026-01-29 12:56:56: 🚫 Recorded user disconnection: 68ef7ad1dc07502f5a342a11
2026-01-29 12:56:56: 👤 User undefined (68ef7ad1dc07502f5a342a11) disconnected
2026-01-29 12:58:34: ⏰ Session timeout check triggered at 29/1/2026, 12:58:34 pm
2026-01-29 13:03:34: ⏰ Session timeout check triggered at 29/1/2026, 1:03:34 pm
2026-01-29 13:08:34: ⏰ Session timeout check triggered at 29/1/2026, 1:08:34 pm
2026-01-29 13:13:34: ⏰ Session timeout check triggered at 29/1/2026, 1:13:34 pm
2026-01-29 13:18:34: ⏰ Session timeout check triggered at 29/1/2026, 1:18:34 pm
2026-01-29 13:23:34: ⏰ Session timeout check triggered at 29/1/2026, 1:23:34 pm
2026-01-29 13:28:34: ⏰ Session timeout check triggered at 29/1/2026, 1:28:34 pm
2026-01-29 13:33:35: ⏰ Session timeout check triggered at 29/1/2026, 1:33:35 pm
2026-01-29 13:38:35: ⏰ Session timeout check triggered at 29/1/2026, 1:38:35 pm
2026-01-29 13:43:35: ⏰ Session timeout check triggered at 29/1/2026, 1:43:35 pm
2026-01-29 13:48:35: ⏰ Session timeout check triggered at 29/1/2026, 1:48:35 pm
2026-01-29 13:53:35: ⏰ Session timeout check triggered at 29/1/2026, 1:53:35 pm
2026-01-29 13:58:35: ⏰ Session timeout check triggered at 29/1/2026, 1:58:35 pm
2026-01-29 14:03:35: ⏰ Session timeout check triggered at 29/1/2026, 2:03:35 pm
2026-01-29 14:08:35: ⏰ Session timeout check triggered at 29/1/2026, 2:08:35 pm
2026-01-29 14:13:35: ⏰ Session timeout check triggered at 29/1/2026, 2:13:35 pm
2026-01-29 14:18:35: ⏰ Session timeout check triggered at 29/1/2026, 2:18:35 pm
2026-01-29 14:23:35: ⏰ Session timeout check triggered at 29/1/2026, 2:23:35 pm
2026-01-29 14:28:35: ⏰ Session timeout check triggered at 29/1/2026, 2:28:35 pm
2026-01-29 14:33:35: ⏰ Session timeout check triggered at 29/1/2026, 2:33:35 pm
2026-01-29 14:38:35: ⏰ Session timeout check triggered at 29/1/2026, 2:38:35 pm
2026-01-29 14:43:35: ⏰ Session timeout check triggered at 29/1/2026, 2:43:35 pm
2026-01-29 14:48:35: ⏰ Session timeout check triggered at 29/1/2026, 2:48:35 pm
2026-01-29 14:53:35: ⏰ Session timeout check triggered at 29/1/2026, 2:53:35 pm
2026-01-29 14:58:35: ⏰ Session timeout check triggered at 29/1/2026, 2:58:35 pm
2026-01-29 15:03:35: ⏰ Session timeout check triggered at 29/1/2026, 3:03:35 pm
2026-01-29 15:08:35: ⏰ Session timeout check triggered at 29/1/2026, 3:08:35 pm
2026-01-29 15:13:35: ⏰ Session timeout check triggered at 29/1/2026, 3:13:35 pm
2026-01-29 15:18:35: ⏰ Session timeout check triggered at 29/1/2026, 3:18:35 pm
2026-01-29 15:23:35: ⏰ Session timeout check triggered at 29/1/2026, 3:23:35 pm
2026-01-29 15:26:58: 2026-01-29 15:26:58 [32minfo[39m: POST /api/calls/setup-huawei-audio - - - - ms
2026-01-29 15:28:35: ⏰ Session timeout check triggered at 29/1/2026, 3:28:35 pm
2026-01-29 15:30:13: 2026-01-29 15:30:13 [32minfo[39m: OPTIONS /api/auth/login 200 0 - 1.317 ms
2026-01-29 15:30:13: Login attempt for user: Dilip@Manager
2026-01-29 15:30:13: Login successful: Dilip@Manager
2026-01-29 15:30:13: 2026-01-29 15:30:13 [32minfo[39m: POST /api/auth/login 200 442 - 806.291 ms
2026-01-29 15:30:14: 2026-01-29 15:30:14 [32minfo[39m: OPTIONS /api/messages/unread-count 200 0 - 0.562 ms
2026-01-29 15:30:14: 🔌 New socket connection: jaVuixNX7YvpTlnbAAAP
2026-01-29 15:30:14: 🔗 Socket jaVuixNX7YvpTlnbAAAP joined room user_68ef7ad1dc07502f5a342a11 (auto-join on connection)
2026-01-29 15:30:14: 🔗 Recorded user connection: 68ef7ad1dc07502f5a342a11 with socket jaVuixNX7YvpTlnbAAAP
2026-01-29 15:30:14: 🚪 Socket jaVuixNX7YvpTlnbAAAP joined user room user_68ef7ad1dc07502f5a342a11
2026-01-29 15:30:14: 🚪 Socket jaVuixNX7YvpTlnbAAAP joined user room user_68ef7ad1dc07502f5a342a11
2026-01-29 15:30:14: 🔍 [DEBUG] Unread count endpoint hit
2026-01-29 15:30:14: 🔍 [DEBUG] req.user exists: [33mtrue[39m
2026-01-29 15:30:14: 🔍 [DEBUG] req.user.id: 68ef7ad1dc07502f5a342a11
2026-01-29 15:30:14: 🔍 [DEBUG] req.user._id: new ObjectId([32m'68ef7ad1dc07502f5a342a11'[39m)
2026-01-29 15:30:14: 🔍 [DEBUG] Extracted user ID: 68ef7ad1dc07502f5a342a11
2026-01-29 15:30:14: 📬 Fetching unread count for user: 68ef7ad1dc07502f5a342a11
2026-01-29 15:30:14: 🔍 [DEBUG] About to query database...
2026-01-29 15:30:14: 📬 Unread count result: [33m2[39m
2026-01-29 15:30:14: 2026-01-29 15:30:14 [32minfo[39m: GET /api/messages/unread-count 304 - - 152.234 ms
2026-01-29 15:30:20: 🔌 New socket connection: TnpvBY8c1eC-Cq1qAAAS
2026-01-29 15:30:20: ⚠️ Socket TnpvBY8c1eC-Cq1qAAAS connected without userId
2026-01-29 15:30:20: 2026-01-29 15:30:20 [32minfo[39m: OPTIONS /api/appointments/bdm 200 0 - 0.443 ms
2026-01-29 15:30:20: 2026-01-29 15:30:20 [32minfo[39m: OPTIONS /api/appointments/revenue/report 200 0 - 0.773 ms
2026-01-29 15:30:20: 2026-01-29 15:30:20 [32minfo[39m: OPTIONS /api/appointments/revenue/report 200 0 - 0.456 ms
2026-01-29 15:30:20: 2026-01-29 15:30:20 [32minfo[39m: OPTIONS /api/attendance/2026/1 200 0 - 0.703 ms
2026-01-29 15:30:20: 2026-01-29 15:30:20 [32minfo[39m: OPTIONS /api/attendance/2026/1 200 0 - 0.468 ms
2026-01-29 15:30:20: 2026-01-29 15:30:20 [32minfo[39m: OPTIONS /api/appointments/bdm 200 0 - 0.395 ms
2026-01-29 15:30:20: Revenue report generation requested: { month: [33m12[39m, year: [33m2025[39m }
2026-01-29 15:30:20: Revenue report generation requested: { month: [33m12[39m, year: [33m2025[39m }
2026-01-29 15:30:20: Revenue report generated successfully: { month: [33m12[39m, year: [33m2025[39m }
2026-01-29 15:30:20: 2026-01-29 15:30:20 [32minfo[39m: POST /api/appointments/revenue/report 200 313 - 289.678 ms
2026-01-29 15:30:20: Revenue report generated successfully: { month: [33m12[39m, year: [33m2025[39m }
2026-01-29 15:30:20: 2026-01-29 15:30:20 [32minfo[39m: POST /api/appointments/revenue/report 200 313 - 301.090 ms
2026-01-29 15:30:20: 📍 Received location update from BDM 68ef7ad1dc07502f5a342a11: 13.054134, 80.25295 (±164m)
2026-01-29 15:30:20: 🕒 Recorded location update for user 68ef7ad1dc07502f5a342a11 at 3:30:20 PM
2026-01-29 15:30:20: 📍 Received location update from BDM 68ef7ad1dc07502f5a342a11: 13.054134, 80.25295 (±164m)
2026-01-29 15:30:20: 🕒 Recorded location update for user 68ef7ad1dc07502f5a342a11 at 3:30:20 PM
2026-01-29 15:30:20: Found 98 appointments for BDM user
2026-01-29 15:30:20: 2026-01-29 15:30:20 [32minfo[39m: GET /api/appointments/bdm 304 - - 361.996 ms
2026-01-29 15:30:21: 2026-01-29 15:30:21 [32minfo[39m: GET /api/attendance/2026/1 200 - - 366.815 ms
2026-01-29 15:30:21: ✅ Updated location for user 68ef7ad1dc07502f5a342a11 and saved log
2026-01-29 15:30:21: 📡 Broadcast location update to all users (no session)
2026-01-29 15:30:21: Found 98 appointments for BDM user
2026-01-29 15:30:21: 2026-01-29 15:30:21 [32minfo[39m: GET /api/appointments/bdm 304 - - 289.597 ms
2026-01-29 15:30:21: 2026-01-29 15:30:21 [32minfo[39m: GET /api/attendance/2026/1 304 - - 341.264 ms
2026-01-29 15:30:21: ✅ Updated location for user 68ef7ad1dc07502f5a342a11 and saved log
2026-01-29 15:30:21: 📡 Broadcast location update to all users (no session)
2026-01-29 15:30:50: 2026-01-29 15:30:50 [32minfo[39m: OPTIONS /api/attendance/2026/1 200 0 - 0.438 ms
2026-01-29 15:30:50: 2026-01-29 15:30:50 [32minfo[39m: GET /api/attendance/2026/1 304 - - 250.874 ms
2026-01-29 15:31:14: 🔗 Recorded user connection: 68ef7ad1dc07502f5a342a11 with socket jaVuixNX7YvpTlnbAAAP
2026-01-29 15:31:20: 2026-01-29 15:31:20 [32minfo[39m: OPTIONS /api/attendance/2026/1 200 0 - 0.206 ms
2026-01-29 15:31:20: 2026-01-29 15:31:20 [32minfo[39m: GET /api/attendance/2026/1 304 - - 223.695 ms
2026-01-29 15:31:20: 🔌 Socket TnpvBY8c1eC-Cq1qAAAS disconnected. Reason: client namespace disconnect
2026-01-29 15:32:14: 🔗 Recorded user connection: 68ef7ad1dc07502f5a342a11 with socket jaVuixNX7YvpTlnbAAAP
2026-01-29 15:33:14: 🔗 Recorded user connection: 68ef7ad1dc07502f5a342a11 with socket jaVuixNX7YvpTlnbAAAP
2026-01-29 15:33:35: ⏰ Session timeout check triggered at 29/1/2026, 3:33:35 pm
2026-01-29 15:34:14: 🔗 Recorded user connection: 68ef7ad1dc07502f5a342a11 with socket jaVuixNX7YvpTlnbAAAP
2026-01-29 15:35:15: 🔗 Recorded user connection: 68ef7ad1dc07502f5a342a11 with socket jaVuixNX7YvpTlnbAAAP
2026-01-29 15:36:14: 🔗 Recorded user connection: 68ef7ad1dc07502f5a342a11 with socket jaVuixNX7YvpTlnbAAAP
2026-01-29 15:38:09: 🔗 Recorded user connection: 68ef7ad1dc07502f5a342a11 with socket jaVuixNX7YvpTlnbAAAP
2026-01-29 15:38:35: ⏰ Session timeout check triggered at 29/1/2026, 3:38:35 pm
2026-01-29 15:39:09: 🔗 Recorded user connection: 68ef7ad1dc07502f5a342a11 with socket jaVuixNX7YvpTlnbAAAP
2026-01-29 15:40:09: 🔗 Recorded user connection: 68ef7ad1dc07502f5a342a11 with socket jaVuixNX7YvpTlnbAAAP
2026-01-29 15:41:09: 🔗 Recorded user connection: 68ef7ad1dc07502f5a342a11 with socket jaVuixNX7YvpTlnbAAAP
2026-01-29 15:42:09: 🔗 Recorded user connection: 68ef7ad1dc07502f5a342a11 with socket jaVuixNX7YvpTlnbAAAP
2026-01-29 15:43:10: 🔗 Recorded user connection: 68ef7ad1dc07502f5a342a11 with socket jaVuixNX7YvpTlnbAAAP
2026-01-29 15:43:14: 🔗 Recorded user connection: 68ef7ad1dc07502f5a342a11 with socket jaVuixNX7YvpTlnbAAAP
2026-01-29 15:43:35: ⏰ Session timeout check triggered at 29/1/2026, 3:43:35 pm
2026-01-29 15:44:51: 🔗 Recorded user connection: 68ef7ad1dc07502f5a342a11 with socket jaVuixNX7YvpTlnbAAAP
2026-01-29 15:45:52: 🔗 Recorded user connection: 68ef7ad1dc07502f5a342a11 with socket jaVuixNX7YvpTlnbAAAP
2026-01-29 15:46:14: 🔗 Recorded user connection: 68ef7ad1dc07502f5a342a11 with socket jaVuixNX7YvpTlnbAAAP
2026-01-29 15:47:51: 🔗 Recorded user connection: 68ef7ad1dc07502f5a342a11 with socket jaVuixNX7YvpTlnbAAAP
2026-01-29 15:48:35: ⏰ Session timeout check triggered at 29/1/2026, 3:48:35 pm
2026-01-29 15:48:42: 🔗 Recorded user connection: 68ef7ad1dc07502f5a342a11 with socket jaVuixNX7YvpTlnbAAAP
2026-01-29 15:48:43: 🔌 Socket jaVuixNX7YvpTlnbAAAP disconnected. Reason: transport close
2026-01-29 15:48:43: 🚫 Recorded user disconnection: 68ef7ad1dc07502f5a342a11
2026-01-29 15:48:43: 👤 User undefined (68ef7ad1dc07502f5a342a11) disconnected
2026-01-29 15:48:44: 2026-01-29 15:48:44 [32minfo[39m: OPTIONS /api/messages/unread-count 200 0 - 0.611 ms
2026-01-29 15:48:44: 2026-01-29 15:48:44 [32minfo[39m: OPTIONS /api/messages/unread-count 200 0 - 0.351 ms
2026-01-29 15:48:44: 🔌 New socket connection: PtU16MunsJc9OFyDAAAU
2026-01-29 15:48:44: 🔗 Socket PtU16MunsJc9OFyDAAAU joined room user_68ef7ad1dc07502f5a342a11 (auto-join on connection)
2026-01-29 15:48:44: 🔗 Recorded user connection: 68ef7ad1dc07502f5a342a11 with socket PtU16MunsJc9OFyDAAAU
2026-01-29 15:48:44: 🚪 Socket PtU16MunsJc9OFyDAAAU joined user room user_68ef7ad1dc07502f5a342a11
2026-01-29 15:48:44: 🚪 Socket PtU16MunsJc9OFyDAAAU joined user room user_68ef7ad1dc07502f5a342a11
2026-01-29 15:48:44: 🚪 Socket PtU16MunsJc9OFyDAAAU joined user room user_68ef7ad1dc07502f5a342a11
2026-01-29 15:48:44: 🚪 Socket PtU16MunsJc9OFyDAAAU joined user room user_68ef7ad1dc07502f5a342a11
2026-01-29 15:48:44: 🚪 Socket PtU16MunsJc9OFyDAAAU joined user room user_68ef7ad1dc07502f5a342a11
2026-01-29 15:48:44: 🔍 [DEBUG] Unread count endpoint hit
2026-01-29 15:48:44: 🔍 [DEBUG] req.user exists: [33mtrue[39m
2026-01-29 15:48:44: 🔍 [DEBUG] req.user.id: 68ef7ad1dc07502f5a342a11
2026-01-29 15:48:44: 🔍 [DEBUG] req.user._id: new ObjectId([32m'68ef7ad1dc07502f5a342a11'[39m)
2026-01-29 15:48:44: 🔍 [DEBUG] Extracted user ID: 68ef7ad1dc07502f5a342a11
2026-01-29 15:48:44: 📬 Fetching unread count for user: 68ef7ad1dc07502f5a342a11
2026-01-29 15:48:44: 🔍 [DEBUG] About to query database...
2026-01-29 15:48:44: 📬 Unread count result: [33m2[39m
2026-01-29 15:48:44: 2026-01-29 15:48:44 [32minfo[39m: GET /api/messages/unread-count 304 - - 119.436 ms
2026-01-29 15:48:44: 🔍 [DEBUG] Unread count endpoint hit
2026-01-29 15:48:44: 🔍 [DEBUG] req.user exists: [33mtrue[39m
2026-01-29 15:48:44: 🔍 [DEBUG] req.user.id: 68ef7ad1dc07502f5a342a11
2026-01-29 15:48:44: 🔍 [DEBUG] req.user._id: new ObjectId([32m'68ef7ad1dc07502f5a342a11'[39m)
2026-01-29 15:48:44: 🔍 [DEBUG] Extracted user ID: 68ef7ad1dc07502f5a342a11
2026-01-29 15:48:44: 📬 Fetching unread count for user: 68ef7ad1dc07502f5a342a11
2026-01-29 15:48:44: 🔍 [DEBUG] About to query database...
2026-01-29 15:48:44: 📬 Unread count result: [33m2[39m
2026-01-29 15:48:44: 2026-01-29 15:48:44 [32minfo[39m: GET /api/messages/unread-count 304 - - 113.943 ms
2026-01-29 15:49:33: 2026-01-29 15:49:33 [32minfo[39m: OPTIONS /api/auth/login 200 0 - 0.454 ms
2026-01-29 15:49:33: Login attempt for user: Dinesh@bny
2026-01-29 15:49:34: Login successful: Dinesh@bny
2026-01-29 15:49:34: 2026-01-29 15:49:34 [32minfo[39m: POST /api/auth/login 200 451 - 499.353 ms
2026-01-29 15:49:34: 🔌 Socket PtU16MunsJc9OFyDAAAU disconnected. Reason: client namespace disconnect
2026-01-29 15:49:34: 🚫 Recorded user disconnection: 68ef7ad1dc07502f5a342a11
2026-01-29 15:49:34: 👤 User undefined (68ef7ad1dc07502f5a342a11) disconnected
2026-01-29 15:49:34: 2026-01-29 15:49:34 [32minfo[39m: OPTIONS /api/messages/unread-count 200 0 - 0.417 ms
2026-01-29 15:49:34: 🔌 New socket connection: 8BndpaHOazSsrIpXAAAW
2026-01-29 15:49:34: 🔗 Socket 8BndpaHOazSsrIpXAAAW joined room user_68fcc5bfb85c2281711925bb (auto-join on connection)
2026-01-29 15:49:34: 🔗 Recorded user connection: 68fcc5bfb85c2281711925bb with socket 8BndpaHOazSsrIpXAAAW
2026-01-29 15:49:34: 🚪 Socket 8BndpaHOazSsrIpXAAAW joined user room user_68fcc5bfb85c2281711925bb
2026-01-29 15:49:34: 🚪 Socket 8BndpaHOazSsrIpXAAAW joined user room user_68fcc5bfb85c2281711925bb
2026-01-29 15:49:34: 🚪 Socket 8BndpaHOazSsrIpXAAAW joined user room user_68fcc5bfb85c2281711925bb
2026-01-29 15:49:34: 🔍 [DEBUG] Unread count endpoint hit
2026-01-29 15:49:34: 🔍 [DEBUG] req.user exists: [33mtrue[39m
2026-01-29 15:49:34: 🔍 [DEBUG] req.user.id: 68fcc5bfb85c2281711925bb
2026-01-29 15:49:34: 🔍 [DEBUG] req.user._id: new ObjectId([32m'68fcc5bfb85c2281711925bb'[39m)
2026-01-29 15:49:34: 🔍 [DEBUG] Extracted user ID: 68fcc5bfb85c2281711925bb
2026-01-29 15:49:34: 📬 Fetching unread count for user: 68fcc5bfb85c2281711925bb
2026-01-29 15:49:34: 🔍 [DEBUG] About to query database...
2026-01-29 15:49:34: 📬 Unread count result: [33m4[39m
2026-01-29 15:49:34: 2026-01-29 15:49:34 [32minfo[39m: GET /api/messages/unread-count 200 17 - 120.482 ms
2026-01-29 15:49:37: 2026-01-29 15:49:37 [32minfo[39m: OPTIONS /api/attendance/2026/1 200 0 - 0.592 ms
2026-01-29 15:49:37: 2026-01-29 15:49:37 [32minfo[39m: OPTIONS /api/admin-status 200 0 - 3.393 ms
2026-01-29 15:49:37: 2026-01-29 15:49:37 [32minfo[39m: OPTIONS /api/appointments 200 0 - 0.361 ms
2026-01-29 15:49:37: 2026-01-29 15:49:37 [32minfo[39m: OPTIONS /api/appointments/stats?month=1&year=2026 200 0 - 0.285 ms
2026-01-29 15:49:37: 2026-01-29 15:49:37 [32minfo[39m: OPTIONS /api/appointments/stats?month=12&year=2025 200 0 - 0.424 ms
2026-01-29 15:49:37: 2026-01-29 15:49:37 [32minfo[39m: OPTIONS /api/appointments/revenue/reports 200 0 - 0.293 ms
2026-01-29 15:49:37: 2026-01-29 15:49:37 [32minfo[39m: OPTIONS /api/tasks 200 0 - 0.335 ms
2026-01-29 15:49:37: 2026-01-29 15:49:37 [32minfo[39m: OPTIONS /api/appointments/revenue 200 0 - 0.358 ms
2026-01-29 15:49:37: 2026-01-29 15:49:37 [32minfo[39m: OPTIONS /api/users 200 0 - 0.303 ms
2026-01-29 15:49:37: 2026-01-29 15:49:37 [32minfo[39m: OPTIONS /api/appointments/revenue/reports 200 0 - 0.422 ms
2026-01-29 15:49:37: 2026-01-29 15:49:37 [32minfo[39m: OPTIONS /api/attendance/2026/1 200 0 - 0.288 ms
2026-01-29 15:49:37: 2026-01-29 15:49:37 [32minfo[39m: OPTIONS /api/appointments 200 0 - 0.449 ms
2026-01-29 15:49:37: 2026-01-29 15:49:37 [32minfo[39m: OPTIONS /api/attendance/range?start=2025-12-31T18:30:00.000Z&end=2026-01-31T18:29:59.999Z 200 0 - 0.488 ms
2026-01-29 15:49:37: 2026-01-29 15:49:37 [32minfo[39m: OPTIONS /api/tasks 200 0 - 0.397 ms
2026-01-29 15:49:37: 2026-01-29 15:49:37 [32minfo[39m: OPTIONS /api/admin-status 200 0 - 0.540 ms
2026-01-29 15:49:37: 2026-01-29 15:49:37 [32minfo[39m: OPTIONS /api/appointments/stats?month=1&year=2026 200 0 - 0.447 ms
2026-01-29 15:49:37: 2026-01-29 15:49:37 [32minfo[39m: OPTIONS /api/appointments/stats?month=12&year=2025 200 0 - 19.127 ms
2026-01-29 15:49:37: 2026-01-29 15:49:37 [32minfo[39m: OPTIONS /api/tasks 200 0 - 3.505 ms
2026-01-29 15:49:37: 2026-01-29 15:49:37 [32minfo[39m: OPTIONS /api/users 200 0 - 2.806 ms
2026-01-29 15:49:37: 2026-01-29 15:49:37 [32minfo[39m: OPTIONS /api/tasks 200 0 - 0.309 ms
2026-01-29 15:49:37: 2026-01-29 15:49:37 [32minfo[39m: OPTIONS /api/users/all 200 0 - 0.474 ms
2026-01-29 15:49:37: 2026-01-29 15:49:37 [32minfo[39m: OPTIONS /api/appointments/revenue 200 0 - 0.448 ms
2026-01-29 15:49:37: 2026-01-29 15:49:37 [32minfo[39m: OPTIONS /api/users/all 200 0 - 0.932 ms
2026-01-29 15:49:37: 2026-01-29 15:49:37 [32minfo[39m: OPTIONS /api/attendance/range?start=2025-12-31T18:30:00.000Z&end=2026-01-31T18:29:59.999Z 200 0 - 0.530 ms
2026-01-29 15:49:38: 2026-01-29 15:49:38 [32minfo[39m: GET /api/admin-status 200 49 - 127.046 ms
2026-01-29 15:49:38: 2026-01-29 15:49:38 [32minfo[39m: GET /api/appointments/stats?month=1&year=2026 200 12 - 182.911 ms
2026-01-29 15:49:38: 2026-01-29 15:49:38 [32minfo[39m: GET /api/attendance/2026/1 304 - - 538.272 ms
2026-01-29 15:49:38: 2026-01-29 15:49:38 [32minfo[39m: GET /api/appointments/stats?month=12&year=2025 304 - - 217.327 ms
2026-01-29 15:49:38: 2026-01-29 15:49:38 [32minfo[39m: GET /api/appointments/revenue/reports 304 - - 363.668 ms
2026-01-29 15:49:38: 2026-01-29 15:49:38 [32minfo[39m: GET /api/appointments 200 - - 607.895 ms
2026-01-29 15:49:38: 2026-01-29 15:49:38 [32minfo[39m: GET /api/appointments/revenue 200 46 - 455.170 ms
2026-01-29 15:49:39: [DEBUG] Date range: Thu Jan 29 2026 00:00:00 GMT+0530 (India Standard Time) to Thu Jan 29 2026 23:59:59 GMT+0530 (India Standard Time)
2026-01-29 15:49:39: [DEBUG] Appointment stats found: 0 []
2026-01-29 15:49:39: 2026-01-29 15:49:39 [32minfo[39m: GET /api/attendance/range?start=2025-12-31T18:30:00.000Z&end=2026-01-31T18:29:59.999Z 304 - - 820.071 ms
2026-01-29 15:49:39: 2026-01-29 15:49:39 [32minfo[39m: GET /api/users/all 200 - - 595.800 ms
2026-01-29 15:49:39: 2026-01-29 15:49:39 [32minfo[39m: GET /api/users 200 - - 745.870 ms
2026-01-29 15:49:39: 2026-01-29 15:49:39 [32minfo[39m: GET /api/appointments/stats?month=1&year=2026 304 - - 402.089 ms
2026-01-29 15:49:39: 2026-01-29 15:49:39 [32minfo[39m: GET /api/tasks 304 - - 1334.883 ms
2026-01-29 15:49:39: 2026-01-29 15:49:39 [32minfo[39m: GET /api/admin-status 304 - - 935.556 ms
2026-01-29 15:49:39: 2026-01-29 15:49:39 [32minfo[39m: GET /api/appointments/stats?month=12&year=2025 304 - - 178.896 ms
2026-01-29 15:49:39: 2026-01-29 15:49:39 [32minfo[39m: GET /api/appointments/revenue/reports 304 - - 133.776 ms
2026-01-29 15:49:39: 2026-01-29 15:49:39 [32minfo[39m: GET /api/attendance/2026/1 304 - - 507.728 ms
2026-01-29 15:49:39: 2026-01-29 15:49:39 [32minfo[39m: GET /api/users/all 304 - - 278.055 ms
2026-01-29 15:49:40: 2026-01-29 15:49:40 [32minfo[39m: GET /api/appointments/revenue 304 - - 408.430 ms
2026-01-29 15:49:40: 2026-01-29 15:49:40 [32minfo[39m: GET /api/appointments 304 - - 473.586 ms
2026-01-29 15:49:40: 2026-01-29 15:49:40 [32minfo[39m: GET /api/attendance/range?start=2025-12-31T18:30:00.000Z&end=2026-01-31T18:29:59.999Z 304 - - 460.336 ms
2026-01-29 15:49:40: 2026-01-29 15:49:40 [32minfo[39m: GET /api/tasks 304 - - 174.201 ms
2026-01-29 15:49:40: [DEBUG] Date range: Thu Jan 29 2026 00:00:00 GMT+0530 (India Standard Time) to Thu Jan 29 2026 23:59:59 GMT+0530 (India Standard Time)
2026-01-29 15:49:40: [DEBUG] Appointment stats found: 0 []
2026-01-29 15:49:40: 2026-01-29 15:49:40 [32minfo[39m: GET /api/users 304 - - 439.526 ms
2026-01-29 15:49:40: 2026-01-29 15:49:40 [32minfo[39m: GET /api/tasks 304 - - 148.605 ms
2026-01-29 15:49:40: 2026-01-29 15:49:40 [32minfo[39m: GET /api/tasks 304 - - 164.414 ms
2026-01-29 15:49:46: 2026-01-29 15:49:46 [32minfo[39m: OPTIONS /api/attendance/range?start=2025-12-31T18:30:00.000Z&end=2026-01-31T18:29:59.999Z 200 0 - 0.418 ms
2026-01-29 15:49:46: 2026-01-29 15:49:46 [32minfo[39m: OPTIONS /api/attendance/range?start=2025-12-31T18:30:00.000Z&end=2026-01-31T18:29:59.999Z 200 0 - 0.331 ms
2026-01-29 15:49:46: 2026-01-29 15:49:46 [32minfo[39m: GET /api/attendance/range?start=2025-12-31T18:30:00.000Z&end=2026-01-31T18:29:59.999Z 304 - - 244.767 ms
2026-01-29 15:49:46: 2026-01-29 15:49:46 [32minfo[39m: GET /api/attendance/range?start=2025-12-31T18:30:00.000Z&end=2026-01-31T18:29:59.999Z 304 - - 211.864 ms
2026-01-29 15:50:07: 2026-01-29 15:50:07 [32minfo[39m: OPTIONS /api/attendance/2026/1 200 0 - 0.403 ms
2026-01-29 15:50:07: 2026-01-29 15:50:07 [32minfo[39m: GET /api/attendance/2026/1 200 - - 199.002 ms
2026-01-29 15:50:08: 2026-01-29 15:50:08 [32minfo[39m: OPTIONS /api/queries 200 0 - 0.317 ms
2026-01-29 15:50:08: 2026-01-29 15:50:08 [32minfo[39m: OPTIONS /api/users 200 0 - 0.436 ms
2026-01-29 15:50:08: 2026-01-29 15:50:08 [32minfo[39m: OPTIONS /api/queries 200 0 - 0.382 ms
2026-01-29 15:50:08: 2026-01-29 15:50:08 [32minfo[39m: OPTIONS /api/users 200 0 - 0.383 ms
2026-01-29 15:50:08: 2026-01-29 15:50:08 [32minfo[39m: OPTIONS /api/users 200 0 - 0.329 ms
2026-01-29 15:50:08: 2026-01-29 15:50:08 [32minfo[39m: OPTIONS /api/users 200 0 - 1.438 ms
2026-01-29 15:50:08: 2026-01-29 15:50:08 [32minfo[39m: GET /api/queries 200 - - 141.797 ms
2026-01-29 15:50:08: 2026-01-29 15:50:08 [32minfo[39m: GET /api/queries 200 - - 155.120 ms
2026-01-29 15:50:08: [DEBUG] Date range: Thu Jan 29 2026 00:00:00 GMT+0530 (India Standard Time) to Thu Jan 29 2026 23:59:59 GMT+0530 (India Standard Time)
2026-01-29 15:50:08: [DEBUG] Appointment stats found: 0 []
2026-01-29 15:50:09: [DEBUG] Date range: Thu Jan 29 2026 00:00:00 GMT+0530 (India Standard Time) to Thu Jan 29 2026 23:59:59 GMT+0530 (India Standard Time)
2026-01-29 15:50:09: [DEBUG] Appointment stats found: 0 []
2026-01-29 15:50:09: [DEBUG] Date range: Thu Jan 29 2026 00:00:00 GMT+0530 (India Standard Time) to Thu Jan 29 2026 23:59:59 GMT+0530 (India Standard Time)
2026-01-29 15:50:09: [DEBUG] Appointment stats found: 0 []
2026-01-29 15:50:09: [DEBUG] Date range: Thu Jan 29 2026 00:00:00 GMT+0530 (India Standard Time) to Thu Jan 29 2026 23:59:59 GMT+0530 (India Standard Time)
2026-01-29 15:50:09: [DEBUG] Appointment stats found: 0 []
2026-01-29 15:50:09: 2026-01-29 15:50:09 [32minfo[39m: GET /api/users 200 - - 370.340 ms
2026-01-29 15:50:09: 2026-01-29 15:50:09 [32minfo[39m: GET /api/users 200 - - 379.399 ms
2026-01-29 15:50:09: 2026-01-29 15:50:09 [32minfo[39m: GET /api/users 200 - - 390.046 ms
2026-01-29 15:50:09: 2026-01-29 15:50:09 [32minfo[39m: GET /api/users 200 - - 409.664 ms
2026-01-29 15:50:10: 2026-01-29 15:50:10 [32minfo[39m: OPTIONS /api/users 200 0 - 0.911 ms
2026-01-29 15:50:10: 2026-01-29 15:50:10 [32minfo[39m: OPTIONS /api/tasks 200 0 - 0.575 ms
2026-01-29 15:50:10: 2026-01-29 15:50:10 [32minfo[39m: OPTIONS /api/calls/setup-huawei-audio 200 0 - 0.588 ms
2026-01-29 15:50:10: 2026-01-29 15:50:10 [32minfo[39m: OPTIONS /api/calls/setup-huawei-audio 200 0 - 0.447 ms
2026-01-29 15:50:10: 2026-01-29 15:50:10 [32minfo[39m: OPTIONS /api/calls/huawei-audio-status 200 0 - 0.646 ms
2026-01-29 15:50:10: 2026-01-29 15:50:10 [32minfo[39m: OPTIONS /api/users 200 0 - 0.446 ms
2026-01-29 15:50:10: 2026-01-29 15:50:10 [32minfo[39m: OPTIONS /api/tasks 200 0 - 0.471 ms
2026-01-29 15:50:10: 2026-01-29 15:50:10 [32minfo[39m: OPTIONS /api/calls/huawei-audio-status 200 0 - 0.449 ms
2026-01-29 15:50:10: 🔌 New socket connection: 9mRD2WXpLdAA0vilAAAZ
2026-01-29 15:50:10: ⚠️ Socket 9mRD2WXpLdAA0vilAAAZ connected without userId
2026-01-29 15:50:10: 🔊 Activating Huawei E173 audio for call to Current Call
2026-01-29 15:50:10: 🔊 Activating Huawei E173 audio for call to Current Call
2026-01-29 15:50:10: 2026-01-29 15:50:10 [32minfo[39m: GET /api/calls/huawei-audio-status 200 132 - 115.725 ms
2026-01-29 15:50:10: 2026-01-29 15:50:10 [32minfo[39m: GET /api/tasks 200 - - 247.343 ms
2026-01-29 15:50:10: [DEBUG] Date range: Thu Jan 29 2026 00:00:00 GMT+0530 (India Standard Time) to Thu Jan 29 2026 23:59:59 GMT+0530 (India Standard Time)
2026-01-29 15:50:10: [DEBUG] Appointment stats found: 0 []
2026-01-29 15:50:10: [DEBUG] Date range: Thu Jan 29 2026 00:00:00 GMT+0530 (India Standard Time) to Thu Jan 29 2026 23:59:59 GMT+0530 (India Standard Time)
2026-01-29 15:50:10: [DEBUG] Appointment stats found: 0 []
2026-01-29 15:50:10: 2026-01-29 15:50:10 [32minfo[39m: GET /api/users 200 - - 314.234 ms
2026-01-29 15:50:10: 2026-01-29 15:50:10 [32minfo[39m: GET /api/users 200 - - 283.396 ms
2026-01-29 15:50:10: 2026-01-29 15:50:10 [32minfo[39m: GET /api/calls/huawei-audio-status 200 132 - 101.788 ms
2026-01-29 15:50:10: 2026-01-29 15:50:10 [32minfo[39m: GET /api/tasks 200 - - 201.342 ms
2026-01-29 15:50:12: 🔌 Socket 9mRD2WXpLdAA0vilAAAZ disconnected. Reason: client namespace disconnect
2026-01-29 15:50:12: 2026-01-29 15:50:12 [32minfo[39m: OPTIONS /api/appointments/revenue/report 200 0 - 0.357 ms
2026-01-29 15:50:12: 2026-01-29 15:50:12 [32minfo[39m: OPTIONS /api/appointments/all 200 0 - 0.517 ms
2026-01-29 15:50:12: 2026-01-29 15:50:12 [32minfo[39m: OPTIONS /api/users 200 0 - 0.405 ms
2026-01-29 15:50:12: 2026-01-29 15:50:12 [32minfo[39m: OPTIONS /api/appointments/revenue/report 200 0 - 0.417 ms
2026-01-29 15:50:12: 2026-01-29 15:50:12 [32minfo[39m: OPTIONS /api/appointments/all 200 0 - 0.379 ms
2026-01-29 15:50:12: 2026-01-29 15:50:12 [32minfo[39m: OPTIONS /api/users 200 0 - 0.369 ms
2026-01-29 15:50:12: Revenue report generation requested: { month: [33m12[39m, year: [33m2025[39m }
2026-01-29 15:50:12: Revenue report generation requested: { month: [33m12[39m, year: [33m2025[39m }
2026-01-29 15:50:12: Revenue report generated successfully: { month: [33m12[39m, year: [33m2025[39m }
2026-01-29 15:50:12: 2026-01-29 15:50:12 [32minfo[39m: POST /api/appointments/revenue/report 200 313 - 177.160 ms
2026-01-29 15:50:12: Revenue report generated successfully: { month: [33m12[39m, year: [33m2025[39m }
2026-01-29 15:50:12: 2026-01-29 15:50:12 [32minfo[39m: POST /api/appointments/revenue/report 200 313 - 192.469 ms
2026-01-29 15:50:12: [DEBUG] Date range: Thu Jan 29 2026 00:00:00 GMT+0530 (India Standard Time) to Thu Jan 29 2026 23:59:59 GMT+0530 (India Standard Time)
2026-01-29 15:50:12: [DEBUG] Appointment stats found: 0 []
2026-01-29 15:50:12: 2026-01-29 15:50:12 [32minfo[39m: GET /api/users 200 - - 218.403 ms
2026-01-29 15:50:12: 2026-01-29 15:50:12 [32minfo[39m: GET /api/appointments/all 200 - - 247.797 ms
2026-01-29 15:50:13: [DEBUG] Date range: Thu Jan 29 2026 00:00:00 GMT+0530 (India Standard Time) to Thu Jan 29 2026 23:59:59 GMT+0530 (India Standard Time)
2026-01-29 15:50:13: [DEBUG] Appointment stats found: 0 []
2026-01-29 15:50:13: 2026-01-29 15:50:13 [32minfo[39m: GET /api/users 200 - - 723.518 ms
2026-01-29 15:50:13: 2026-01-29 15:50:13 [32minfo[39m: GET /api/appointments/all 200 - - 986.866 ms
2026-01-29 15:50:14: 🔍 Audio devices found: 
2026-01-29 15:50:14: ⚠️ Huawei E173 audio device not found
2026-01-29 15:50:14: 🔍 Audio devices found: 
2026-01-29 15:50:14: ⚠️ Huawei E173 audio device not found
2026-01-29 15:50:15: ⚠️ USB headset not found
2026-01-29 15:50:15: ⚠️ USB headset not found
2026-01-29 15:50:16: ⚠️ Stereo Mix not available
2026-01-29 15:50:16: ⚠️ Stereo Mix not available
2026-01-29 15:50:16: 🔊 Communication device set to maximum volume
2026-01-29 15:50:16: 🔊 Communication device set to maximum volume
2026-01-29 15:50:17: 📊 All audio devices: 
Name                         DeviceID                                     
----                         --------                                     
High Definition Audio Device HDAUDIO\FUNC_01&VEN_10EC&DEV_0662&SUBSYS_0...
High Definition Audio Device HDAUDIO\FUNC_01&VEN_8086&DEV_2805&SUBSYS_8...



2026-01-29 15:50:17: 📊 All audio devices: 
Name                         DeviceID                                     
----                         --------                                     
High Definition Audio Device HDAUDIO\FUNC_01&VEN_10EC&DEV_0662&SUBSYS_0...
High Definition Audio Device HDAUDIO\FUNC_01&VEN_8086&DEV_2805&SUBSYS_8...



2026-01-29 15:50:17: 🔊 Volume Mixer opened - Check for Huawei/USB Audio Device
2026-01-29 15:50:17: 🔊 Huawei E173 audio routing activated!
2026-01-29 15:50:17: 📢 IMPORTANT: User must check Volume Mixer for 'USB Audio Device' and UNMUTE it
2026-01-29 15:50:17: 2026-01-29 15:50:17 [32minfo[39m: POST /api/calls/setup-huawei-audio 200 562 - 7352.579 ms
2026-01-29 15:50:17: 🔊 Volume Mixer opened - Check for Huawei/USB Audio Device
2026-01-29 15:50:17: 🔊 Huawei E173 audio routing activated!
2026-01-29 15:50:17: 📢 IMPORTANT: User must check Volume Mixer for 'USB Audio Device' and UNMUTE it
2026-01-29 15:50:17: 2026-01-29 15:50:17 [32minfo[39m: POST /api/calls/setup-huawei-audio 200 562 - 7357.971 ms
2026-01-29 15:50:22: 2026-01-29 15:50:22 [32minfo[39m: OPTIONS /api/appointments/telecaller 200 0 - 0.493 ms
2026-01-29 15:50:22: 2026-01-29 15:50:22 [32minfo[39m: OPTIONS /api/appointments/telecaller 200 0 - 0.696 ms
2026-01-29 15:50:22: 2026-01-29 15:50:22 [32minfo[39m: OPTIONS /api/users 200 0 - 0.574 ms
2026-01-29 15:50:22: 2026-01-29 15:50:22 [32minfo[39m: OPTIONS /api/users 200 0 - 0.381 ms
2026-01-29 15:50:22: [DEBUG] Date range: Thu Jan 29 2026 00:00:00 GMT+0530 (India Standard Time) to Thu Jan 29 2026 23:59:59 GMT+0530 (India Standard Time)
2026-01-29 15:50:22: [DEBUG] Appointment stats found: 0 []
2026-01-29 15:50:22: 2026-01-29 15:50:22 [32minfo[39m: GET /api/appointments/telecaller 200 540 - 344.443 ms
2026-01-29 15:50:22: [DEBUG] Date range: Thu Jan 29 2026 00:00:00 GMT+0530 (India Standard Time) to Thu Jan 29 2026 23:59:59 GMT+0530 (India Standard Time)
2026-01-29 15:50:22: [DEBUG] Appointment stats found: 0 []
2026-01-29 15:50:22: 2026-01-29 15:50:22 [32minfo[39m: GET /api/appointments/telecaller 200 540 - 412.796 ms
2026-01-29 15:50:22: 2026-01-29 15:50:22 [32minfo[39m: GET /api/users 200 - - 332.112 ms
2026-01-29 15:50:22: 2026-01-29 15:50:22 [32minfo[39m: GET /api/users 200 - - 374.662 ms
2026-01-29 15:50:28: 2026-01-29 15:50:28 [32minfo[39m: OPTIONS /api/users 200 0 - 1.012 ms
2026-01-29 15:50:28: 2026-01-29 15:50:28 [32minfo[39m: OPTIONS /api/appointments/telecaller 200 0 - 0.929 ms
2026-01-29 15:50:28: 2026-01-29 15:50:28 [32minfo[39m: OPTIONS /api/users 200 0 - 0.467 ms
2026-01-29 15:50:28: 2026-01-29 15:50:28 [32minfo[39m: OPTIONS /api/appointments/telecaller 200 0 - 0.281 ms
2026-01-29 15:50:29: [DEBUG] Date range: Thu Jan 29 2026 00:00:00 GMT+0530 (India Standard Time) to Thu Jan 29 2026 23:59:59 GMT+0530 (India Standard Time)
2026-01-29 15:50:29: [DEBUG] Appointment stats found: 0 []
2026-01-29 15:50:29: [DEBUG] Date range: Thu Jan 29 2026 00:00:00 GMT+0530 (India Standard Time) to Thu Jan 29 2026 23:59:59 GMT+0530 (India Standard Time)
2026-01-29 15:50:29: [DEBUG] Appointment stats found: 0 []
2026-01-29 15:50:29: 2026-01-29 15:50:29 [32minfo[39m: GET /api/appointments/telecaller 200 540 - 318.573 ms
2026-01-29 15:50:29: 2026-01-29 15:50:29 [32minfo[39m: GET /api/appointments/telecaller 200 540 - 420.521 ms
2026-01-29 15:50:29: 2026-01-29 15:50:29 [32minfo[39m: GET /api/users 200 - - 283.784 ms
2026-01-29 15:50:29: 2026-01-29 15:50:29 [32minfo[39m: GET /api/users 200 - - 309.012 ms
2026-01-29 15:50:31: 2026-01-29 15:50:31 [32minfo[39m: OPTIONS /api/appointments/revenue/report 200 0 - 0.420 ms
2026-01-29 15:50:31: 2026-01-29 15:50:31 [32minfo[39m: OPTIONS /api/appointments/all 200 0 - 0.329 ms
2026-01-29 15:50:31: 2026-01-29 15:50:31 [32minfo[39m: OPTIONS /api/users 200 0 - 0.272 ms
2026-01-29 15:50:31: 2026-01-29 15:50:31 [32minfo[39m: OPTIONS /api/appointments/revenue/report 200 0 - 2.861 ms
2026-01-29 15:50:31: 2026-01-29 15:50:31 [32minfo[39m: OPTIONS /api/appointments/all 200 0 - 0.557 ms
2026-01-29 15:50:31: Revenue report generation requested: { month: [33m12[39m, year: [33m2025[39m }
2026-01-29 15:50:31: Revenue report generation requested: { month: [33m12[39m, year: [33m2025[39m }
2026-01-29 15:50:31: 2026-01-29 15:50:31 [32minfo[39m: OPTIONS /api/users 200 0 - 0.458 ms
2026-01-29 15:50:31: Revenue report generated successfully: { month: [33m12[39m, year: [33m2025[39m }
2026-01-29 15:50:31: 2026-01-29 15:50:31 [32minfo[39m: POST /api/appointments/revenue/report 200 313 - 238.835 ms
2026-01-29 15:50:31: Revenue report generated successfully: { month: [33m12[39m, year: [33m2025[39m }
2026-01-29 15:50:31: 2026-01-29 15:50:31 [32minfo[39m: POST /api/appointments/revenue/report 200 313 - 239.396 ms
2026-01-29 15:50:31: [DEBUG] Date range: Thu Jan 29 2026 00:00:00 GMT+0530 (India Standard Time) to Thu Jan 29 2026 23:59:59 GMT+0530 (India Standard Time)
2026-01-29 15:50:31: [DEBUG] Appointment stats found: 0 []
2026-01-29 15:50:32: 2026-01-29 15:50:32 [32minfo[39m: GET /api/appointments/all 200 - - 553.697 ms
2026-01-29 15:50:32: 2026-01-29 15:50:32 [32minfo[39m: GET /api/users 200 - - 498.726 ms
2026-01-29 15:50:32: [DEBUG] Date range: Thu Jan 29 2026 00:00:00 GMT+0530 (India Standard Time) to Thu Jan 29 2026 23:59:59 GMT+0530 (India Standard Time)
2026-01-29 15:50:32: [DEBUG] Appointment stats found: 0 []
2026-01-29 15:50:32: 2026-01-29 15:50:32 [32minfo[39m: GET /api/appointments/all 200 - - 612.997 ms
2026-01-29 15:50:32: 2026-01-29 15:50:32 [32minfo[39m: GET /api/users 200 - - 723.431 ms
2026-01-29 15:50:34: 🔗 Recorded user connection: 68fcc5bfb85c2281711925bb with socket 8BndpaHOazSsrIpXAAAW
2026-01-29 15:50:36: 2026-01-29 15:50:36 [32minfo[39m: OPTIONS /api/appointments/all 200 0 - 0.675 ms
2026-01-29 15:50:36: 2026-01-29 15:50:36 [32minfo[39m: OPTIONS /api/users 200 0 - 0.296 ms
2026-01-29 15:50:36: [DEBUG] Date range: Thu Jan 29 2026 00:00:00 GMT+0530 (India Standard Time) to Thu Jan 29 2026 23:59:59 GMT+0530 (India Standard Time)
2026-01-29 15:50:36: [DEBUG] Appointment stats found: 0 []
2026-01-29 15:50:36: 2026-01-29 15:50:36 [32minfo[39m: GET /api/appointments/all 200 - - 235.846 ms
2026-01-29 15:50:36: 2026-01-29 15:50:36 [32minfo[39m: GET /api/users 200 - - 257.244 ms
2026-01-29 15:50:37: 2026-01-29 15:50:37 [32minfo[39m: OPTIONS /api/attendance/2026/1 200 0 - 0.407 ms
2026-01-29 15:50:37: 2026-01-29 15:50:37 [32minfo[39m: GET /api/attendance/2026/1 200 - - 195.798 ms
2026-01-29 15:51:07: 2026-01-29 15:51:07 [32minfo[39m: OPTIONS /api/attendance/2026/1 200 0 - 0.458 ms
2026-01-29 15:51:07: 2026-01-29 15:51:07 [32minfo[39m: GET /api/attendance/2026/1 200 - - 203.085 ms
2026-01-29 15:51:09: 2026-01-29 15:51:09 [32minfo[39m: OPTIONS /api/appointments/telecaller 200 0 - 1.823 ms
2026-01-29 15:51:09: 2026-01-29 15:51:09 [32minfo[39m: OPTIONS /api/users 200 0 - 0.329 ms
2026-01-29 15:51:09: 2026-01-29 15:51:09 [32minfo[39m: OPTIONS /api/appointments/telecaller 200 0 - 0.407 ms
2026-01-29 15:51:09: 2026-01-29 15:51:09 [32minfo[39m: OPTIONS /api/users 200 0 - 0.373 ms
2026-01-29 15:51:09: 2026-01-29 15:51:09 [32minfo[39m: GET /api/appointments/telecaller 200 540 - 218.704 ms
2026-01-29 15:51:09: 2026-01-29 15:51:09 [32minfo[39m: GET /api/appointments/telecaller 200 540 - 222.944 ms
2026-01-29 15:51:09: [DEBUG] Date range: Thu Jan 29 2026 00:00:00 GMT+0530 (India Standard Time) to Thu Jan 29 2026 23:59:59 GMT+0530 (India Standard Time)
2026-01-29 15:51:09: [DEBUG] Appointment stats found: 0 []
2026-01-29 15:51:09: [DEBUG] Date range: Thu Jan 29 2026 00:00:00 GMT+0530 (India Standard Time) to Thu Jan 29 2026 23:59:59 GMT+0530 (India Standard Time)
2026-01-29 15:51:09: [DEBUG] Appointment stats found: 0 []
2026-01-29 15:51:09: 2026-01-29 15:51:09 [32minfo[39m: GET /api/users 200 - - 242.530 ms
2026-01-29 15:51:09: 2026-01-29 15:51:09 [32minfo[39m: GET /api/users 200 - - 264.994 ms
2026-01-29 15:51:34: 🔗 Recorded user connection: 68fcc5bfb85c2281711925bb with socket 8BndpaHOazSsrIpXAAAW
2026-01-29 15:51:37: 2026-01-29 15:51:37 [32minfo[39m: OPTIONS /api/attendance/2026/1 200 0 - 0.233 ms
2026-01-29 15:51:38: 2026-01-29 15:51:38 [32minfo[39m: GET /api/attendance/2026/1 304 - - 211.164 ms
2026-01-29 15:52:07: 2026-01-29 15:52:07 [32minfo[39m: OPTIONS /api/attendance/2026/1 200 0 - 0.573 ms
2026-01-29 15:52:08: 2026-01-29 15:52:08 [32minfo[39m: GET /api/attendance/2026/1 304 - - 206.850 ms
2026-01-29 15:52:34: 🔗 Recorded user connection: 68fcc5bfb85c2281711925bb with socket 8BndpaHOazSsrIpXAAAW
2026-01-29 15:52:37: 2026-01-29 15:52:37 [32minfo[39m: OPTIONS /api/attendance/2026/1 200 0 - 0.234 ms
2026-01-29 15:52:38: 2026-01-29 15:52:38 [32minfo[39m: GET /api/attendance/2026/1 304 - - 200.534 ms
2026-01-29 15:53:10: 2026-01-29 15:53:10 [32minfo[39m: OPTIONS /api/attendance/2026/1 200 0 - 0.400 ms
2026-01-29 15:53:10: 2026-01-29 15:53:10 [32minfo[39m: GET /api/attendance/2026/1 304 - - 226.756 ms
2026-01-29 15:53:17: 🔊 Volume Mixer opened - Check for Huawei/USB Audio Device
2026-01-29 15:53:17: 🔊 Huawei E173 audio routing activated!
2026-01-29 15:53:17: 📢 IMPORTANT: User must check Volume Mixer for 'USB Audio Device' and UNMUTE it
2026-01-29 15:53:34: 🔗 Recorded user connection: 68fcc5bfb85c2281711925bb with socket 8BndpaHOazSsrIpXAAAW
2026-01-29 15:53:35: ⏰ Session timeout check triggered at 29/1/2026, 3:53:35 pm
2026-01-29 15:54:11: 2026-01-29 15:54:11 [32minfo[39m: OPTIONS /api/attendance/2026/1 200 0 - 0.390 ms
2026-01-29 15:54:12: 2026-01-29 15:54:12 [32minfo[39m: GET /api/attendance/2026/1 304 - - 226.139 ms
2026-01-29 15:54:34: 🔗 Recorded user connection: 68fcc5bfb85c2281711925bb with socket 8BndpaHOazSsrIpXAAAW
2026-01-29 15:55:09: 2026-01-29 15:55:09 [32minfo[39m: OPTIONS /api/attendance/2026/1 200 0 - 0.228 ms
2026-01-29 15:55:10: 2026-01-29 15:55:10 [32minfo[39m: GET /api/attendance/2026/1 304 - - 216.441 ms
2026-01-29 15:55:34: 🔗 Recorded user connection: 68fcc5bfb85c2281711925bb with socket 8BndpaHOazSsrIpXAAAW
2026-01-29 15:56:09: 2026-01-29 15:56:09 [32minfo[39m: OPTIONS /api/attendance/2026/1 200 0 - 0.444 ms
2026-01-29 15:56:10: 2026-01-29 15:56:10 [32minfo[39m: GET /api/attendance/2026/1 304 - - 199.979 ms
2026-01-29 15:57:09: 🔗 Recorded user connection: 68fcc5bfb85c2281711925bb with socket 8BndpaHOazSsrIpXAAAW
2026-01-29 15:57:09: 2026-01-29 15:57:09 [32minfo[39m: OPTIONS /api/attendance/2026/1 200 0 - 0.434 ms
2026-01-29 15:57:10: 2026-01-29 15:57:10 [32minfo[39m: GET /api/attendance/2026/1 304 - - 209.470 ms
2026-01-29 15:58:11: 🔗 Recorded user connection: 68fcc5bfb85c2281711925bb with socket 8BndpaHOazSsrIpXAAAW
2026-01-29 15:58:11: 2026-01-29 15:58:11 [32minfo[39m: OPTIONS /api/attendance/2026/1 200 0 - 0.336 ms
2026-01-29 15:58:11: 2026-01-29 15:58:11 [32minfo[39m: GET /api/attendance/2026/1 304 - - 191.663 ms
2026-01-29 15:58:35: ⏰ Session timeout check triggered at 29/1/2026, 3:58:35 pm
2026-01-29 15:59:14: 🔗 Recorded user connection: 68fcc5bfb85c2281711925bb with socket 8BndpaHOazSsrIpXAAAW
2026-01-29 15:59:14: 2026-01-29 15:59:14 [32minfo[39m: OPTIONS /api/attendance/2026/1 200 0 - 0.366 ms
2026-01-29 15:59:14: 2026-01-29 15:59:14 [32minfo[39m: GET /api/attendance/2026/1 304 - - 226.052 ms
2026-01-29 16:00:13: 🔗 Recorded user connection: 68fcc5bfb85c2281711925bb with socket 8BndpaHOazSsrIpXAAAW
2026-01-29 16:00:13: 2026-01-29 16:00:13 [32minfo[39m: OPTIONS /api/attendance/2026/1 200 0 - 0.356 ms
2026-01-29 16:00:13: 2026-01-29 16:00:13 [32minfo[39m: GET /api/attendance/2026/1 304 - - 224.523 ms
2026-01-29 16:01:09: 🔗 Recorded user connection: 68fcc5bfb85c2281711925bb with socket 8BndpaHOazSsrIpXAAAW
2026-01-29 16:01:09: 2026-01-29 16:01:09 [32minfo[39m: OPTIONS /api/attendance/2026/1 200 0 - 0.352 ms
2026-01-29 16:01:10: 2026-01-29 16:01:10 [32minfo[39m: GET /api/attendance/2026/1 304 - - 293.104 ms
2026-01-29 16:02:09: 🔗 Recorded user connection: 68fcc5bfb85c2281711925bb with socket 8BndpaHOazSsrIpXAAAW
2026-01-29 16:02:09: 2026-01-29 16:02:09 [32minfo[39m: OPTIONS /api/attendance/2026/1 200 0 - 0.433 ms
2026-01-29 16:02:10: 2026-01-29 16:02:10 [32minfo[39m: GET /api/attendance/2026/1 304 - - 219.407 ms
2026-01-29 16:03:09: 🔗 Recorded user connection: 68fcc5bfb85c2281711925bb with socket 8BndpaHOazSsrIpXAAAW
2026-01-29 16:03:09: 2026-01-29 16:03:09 [32minfo[39m: OPTIONS /api/attendance/2026/1 200 0 - 0.355 ms
2026-01-29 16:03:10: 2026-01-29 16:03:10 [32minfo[39m: GET /api/attendance/2026/1 304 - - 217.717 ms
2026-01-29 16:03:35: ⏰ Session timeout check triggered at 29/1/2026, 4:03:35 pm
2026-01-29 16:04:10: 🔗 Recorded user connection: 68fcc5bfb85c2281711925bb with socket 8BndpaHOazSsrIpXAAAW
2026-01-29 16:04:10: 2026-01-29 16:04:10 [32minfo[39m: OPTIONS /api/attendance/2026/1 200 0 - 0.196 ms
2026-01-29 16:04:10: 2026-01-29 16:04:10 [32minfo[39m: GET /api/attendance/2026/1 304 - - 187.225 ms
2026-01-29 16:05:09: 🔗 Recorded user connection: 68fcc5bfb85c2281711925bb with socket 8BndpaHOazSsrIpXAAAW
2026-01-29 16:05:09: 2026-01-29 16:05:09 [32minfo[39m: OPTIONS /api/attendance/2026/1 200 0 - 0.362 ms
2026-01-29 16:05:10: 2026-01-29 16:05:10 [32minfo[39m: GET /api/attendance/2026/1 304 - - 191.537 ms
2026-01-29 16:06:09: 🔗 Recorded user connection: 68fcc5bfb85c2281711925bb with socket 8BndpaHOazSsrIpXAAAW
2026-01-29 16:06:09: 2026-01-29 16:06:09 [32minfo[39m: OPTIONS /api/attendance/2026/1 200 0 - 0.224 ms
2026-01-29 16:06:10: 2026-01-29 16:06:10 [32minfo[39m: GET /api/attendance/2026/1 304 - - 202.401 ms
2026-01-29 16:07:09: 🔗 Recorded user connection: 68fcc5bfb85c2281711925bb with socket 8BndpaHOazSsrIpXAAAW
2026-01-29 16:07:09: 2026-01-29 16:07:09 [32minfo[39m: OPTIONS /api/attendance/2026/1 200 0 - 0.878 ms
2026-01-29 16:07:10: 2026-01-29 16:07:10 [32minfo[39m: GET /api/attendance/2026/1 304 - - 192.061 ms
2026-01-29 16:08:09: 🔗 Recorded user connection: 68fcc5bfb85c2281711925bb with socket 8BndpaHOazSsrIpXAAAW
2026-01-29 16:08:09: 2026-01-29 16:08:09 [32minfo[39m: OPTIONS /api/attendance/2026/1 200 0 - 0.320 ms
2026-01-29 16:08:10: 2026-01-29 16:08:10 [32minfo[39m: GET /api/attendance/2026/1 304 - - 187.709 ms
2026-01-29 16:08:35: ⏰ Session timeout check triggered at 29/1/2026, 4:08:35 pm
2026-01-29 16:09:10: 🔗 Recorded user connection: 68fcc5bfb85c2281711925bb with socket 8BndpaHOazSsrIpXAAAW
2026-01-29 16:09:10: 2026-01-29 16:09:10 [32minfo[39m: OPTIONS /api/attendance/2026/1 200 0 - 3.448 ms
2026-01-29 16:09:10: 2026-01-29 16:09:10 [32minfo[39m: GET /api/attendance/2026/1 304 - - 214.007 ms
2026-01-29 16:10:09: 🔗 Recorded user connection: 68fcc5bfb85c2281711925bb with socket 8BndpaHOazSsrIpXAAAW
2026-01-29 16:10:09: 2026-01-29 16:10:09 [32minfo[39m: OPTIONS /api/attendance/2026/1 200 0 - 0.380 ms
2026-01-29 16:10:10: 2026-01-29 16:10:10 [32minfo[39m: GET /api/attendance/2026/1 304 - - 178.716 ms
2026-01-29 16:11:09: 🔗 Recorded user connection: 68fcc5bfb85c2281711925bb with socket 8BndpaHOazSsrIpXAAAW
2026-01-29 16:11:09: 2026-01-29 16:11:09 [32minfo[39m: OPTIONS /api/attendance/2026/1 200 0 - 0.232 ms
2026-01-29 16:11:10: 2026-01-29 16:11:10 [32minfo[39m: GET /api/attendance/2026/1 304 - - 170.564 ms
2026-01-29 16:12:09: 🔗 Recorded user connection: 68fcc5bfb85c2281711925bb with socket 8BndpaHOazSsrIpXAAAW
2026-01-29 16:12:09: 2026-01-29 16:12:09 [32minfo[39m: OPTIONS /api/attendance/2026/1 200 0 - 0.328 ms
2026-01-29 16:12:10: 2026-01-29 16:12:10 [32minfo[39m: GET /api/attendance/2026/1 304 - - 170.027 ms
2026-01-29 16:13:12: 🔗 Recorded user connection: 68fcc5bfb85c2281711925bb with socket 8BndpaHOazSsrIpXAAAW
2026-01-29 16:13:12: 2026-01-29 16:13:12 [32minfo[39m: OPTIONS /api/attendance/2026/1 200 0 - 0.355 ms
2026-01-29 16:13:13: 2026-01-29 16:13:13 [32minfo[39m: GET /api/attendance/2026/1 304 - - 167.808 ms
2026-01-29 16:13:35: ⏰ Session timeout check triggered at 29/1/2026, 4:13:35 pm
2026-01-29 16:14:09: 🔗 Recorded user connection: 68fcc5bfb85c2281711925bb with socket 8BndpaHOazSsrIpXAAAW
2026-01-29 16:14:09: 2026-01-29 16:14:09 [32minfo[39m: OPTIONS /api/attendance/2026/1 200 0 - 0.555 ms
2026-01-29 16:14:10: 2026-01-29 16:14:10 [32minfo[39m: GET /api/attendance/2026/1 304 - - 176.938 ms
2026-01-29 16:15:12: 🔗 Recorded user connection: 68fcc5bfb85c2281711925bb with socket 8BndpaHOazSsrIpXAAAW
2026-01-29 16:15:12: 2026-01-29 16:15:12 [32minfo[39m: OPTIONS /api/attendance/2026/1 200 0 - 0.393 ms
2026-01-29 16:15:12: 2026-01-29 16:15:12 [32minfo[39m: GET /api/attendance/2026/1 304 - - 243.831 ms
2026-01-29 16:16:10: 🔗 Recorded user connection: 68fcc5bfb85c2281711925bb with socket 8BndpaHOazSsrIpXAAAW
2026-01-29 16:16:10: 2026-01-29 16:16:10 [32minfo[39m: OPTIONS /api/attendance/2026/1 200 0 - 0.341 ms
2026-01-29 16:16:10: 2026-01-29 16:16:10 [32minfo[39m: GET /api/attendance/2026/1 304 - - 186.904 ms
2026-01-29 16:17:09: 🔗 Recorded user connection: 68fcc5bfb85c2281711925bb with socket 8BndpaHOazSsrIpXAAAW
2026-01-29 16:17:09: 2026-01-29 16:17:09 [32minfo[39m: OPTIONS /api/attendance/2026/1 200 0 - 0.381 ms
2026-01-29 16:17:10: 2026-01-29 16:17:10 [32minfo[39m: GET /api/attendance/2026/1 304 - - 166.782 ms
2026-01-29 16:18:09: 🔗 Recorded user connection: 68fcc5bfb85c2281711925bb with socket 8BndpaHOazSsrIpXAAAW
2026-01-29 16:18:09: 2026-01-29 16:18:09 [32minfo[39m: OPTIONS /api/attendance/2026/1 200 0 - 0.626 ms
2026-01-29 16:18:10: 2026-01-29 16:18:10 [32minfo[39m: GET /api/attendance/2026/1 304 - - 163.519 ms
2026-01-29 16:18:35: ⏰ Session timeout check triggered at 29/1/2026, 4:18:35 pm
2026-01-29 16:19:09: 🔗 Recorded user connection: 68fcc5bfb85c2281711925bb with socket 8BndpaHOazSsrIpXAAAW
2026-01-29 16:19:09: 2026-01-29 16:19:09 [32minfo[39m: OPTIONS /api/attendance/2026/1 200 0 - 0.902 ms
2026-01-29 16:19:10: 2026-01-29 16:19:10 [32minfo[39m: GET /api/attendance/2026/1 304 - - 178.599 ms
2026-01-29 16:20:09: 🔗 Recorded user connection: 68fcc5bfb85c2281711925bb with socket 8BndpaHOazSsrIpXAAAW
2026-01-29 16:20:09: 2026-01-29 16:20:09 [32minfo[39m: OPTIONS /api/attendance/2026/1 200 0 - 0.465 ms
2026-01-29 16:20:10: 2026-01-29 16:20:10 [32minfo[39m: GET /api/attendance/2026/1 304 - - 176.858 ms
2026-01-29 16:21:09: 🔗 Recorded user connection: 68fcc5bfb85c2281711925bb with socket 8BndpaHOazSsrIpXAAAW
2026-01-29 16:21:09: 2026-01-29 16:21:09 [32minfo[39m: OPTIONS /api/attendance/2026/1 200 0 - 0.698 ms
2026-01-29 16:21:10: 2026-01-29 16:21:10 [32minfo[39m: GET /api/attendance/2026/1 304 - - 175.467 ms
2026-01-29 16:22:09: 🔗 Recorded user connection: 68fcc5bfb85c2281711925bb with socket 8BndpaHOazSsrIpXAAAW
2026-01-29 16:22:09: 2026-01-29 16:22:09 [32minfo[39m: OPTIONS /api/attendance/2026/1 200 0 - 0.200 ms
2026-01-29 16:22:10: 2026-01-29 16:22:10 [32minfo[39m: GET /api/attendance/2026/1 304 - - 164.025 ms
2026-01-29 16:23:09: 🔗 Recorded user connection: 68fcc5bfb85c2281711925bb with socket 8BndpaHOazSsrIpXAAAW
2026-01-29 16:23:09: 2026-01-29 16:23:09 [32minfo[39m: OPTIONS /api/attendance/2026/1 200 0 - 0.328 ms
2026-01-29 16:23:10: 2026-01-29 16:23:10 [32minfo[39m: GET /api/attendance/2026/1 304 - - 196.644 ms
2026-01-29 16:23:35: ⏰ Session timeout check triggered at 29/1/2026, 4:23:35 pm
2026-01-29 16:24:09: 🔗 Recorded user connection: 68fcc5bfb85c2281711925bb with socket 8BndpaHOazSsrIpXAAAW
2026-01-29 16:24:09: 2026-01-29 16:24:09 [32minfo[39m: OPTIONS /api/attendance/2026/1 200 0 - 0.657 ms
2026-01-29 16:24:10: 2026-01-29 16:24:10 [32minfo[39m: GET /api/attendance/2026/1 304 - - 170.390 ms
2026-01-29 16:25:09: 🔗 Recorded user connection: 68fcc5bfb85c2281711925bb with socket 8BndpaHOazSsrIpXAAAW
2026-01-29 16:25:09: 2026-01-29 16:25:09 [32minfo[39m: OPTIONS /api/attendance/2026/1 200 0 - 0.822 ms
2026-01-29 16:25:10: 2026-01-29 16:25:10 [32minfo[39m: GET /api/attendance/2026/1 304 - - 173.758 ms
2026-01-29 16:26:13: 🔗 Recorded user connection: 68fcc5bfb85c2281711925bb with socket 8BndpaHOazSsrIpXAAAW
2026-01-29 16:26:13: 2026-01-29 16:26:13 [32minfo[39m: OPTIONS /api/attendance/2026/1 200 0 - 0.400 ms
2026-01-29 16:26:14: 2026-01-29 16:26:14 [32minfo[39m: GET /api/attendance/2026/1 304 - - 190.130 ms
2026-01-29 16:27:09: 🔗 Recorded user connection: 68fcc5bfb85c2281711925bb with socket 8BndpaHOazSsrIpXAAAW
2026-01-29 16:27:09: 2026-01-29 16:27:09 [32minfo[39m: OPTIONS /api/attendance/2026/1 200 0 - 0.238 ms
2026-01-29 16:27:10: 2026-01-29 16:27:10 [32minfo[39m: GET /api/attendance/2026/1 304 - - 169.435 ms
2026-01-29 16:28:09: 🔗 Recorded user connection: 68fcc5bfb85c2281711925bb with socket 8BndpaHOazSsrIpXAAAW
2026-01-29 16:28:09: 2026-01-29 16:28:09 [32minfo[39m: OPTIONS /api/attendance/2026/1 200 0 - 0.415 ms
2026-01-29 16:28:10: 2026-01-29 16:28:10 [32minfo[39m: GET /api/attendance/2026/1 304 - - 188.651 ms
2026-01-29 16:28:35: ⏰ Session timeout check triggered at 29/1/2026, 4:28:35 pm
2026-01-29 16:29:16: 🔗 Recorded user connection: 68fcc5bfb85c2281711925bb with socket 8BndpaHOazSsrIpXAAAW
2026-01-29 16:29:16: 2026-01-29 16:29:16 [32minfo[39m: OPTIONS /api/attendance/2026/1 200 0 - 0.353 ms
2026-01-29 16:29:16: 2026-01-29 16:29:16 [32minfo[39m: GET /api/attendance/2026/1 304 - - 171.007 ms
2026-01-29 16:30:09: 🔗 Recorded user connection: 68fcc5bfb85c2281711925bb with socket 8BndpaHOazSsrIpXAAAW
2026-01-29 16:30:09: 2026-01-29 16:30:09 [32minfo[39m: OPTIONS /api/attendance/2026/1 200 0 - 0.389 ms
2026-01-29 16:30:10: 2026-01-29 16:30:10 [32minfo[39m: GET /api/attendance/2026/1 304 - - 161.837 ms
2026-01-29 16:30:22: SIGINT signal received: closing HTTP server
2026-01-29 16:38:53: 🔌 Attempting to connect to Redis...
2026-01-29 16:38:59: 2026-01-29 16:38:59 [32minfo[39m: ✅ Redis Clients (Pub/Sub) Connected and Ready
2026-01-29 16:39:09: 🔌 Attempting to connect to Redis...
2026-01-29 16:39:12: 2026-01-29 16:39:12 [32minfo[39m: ✅ Redis Clients (Pub/Sub) Connected and Ready
2026-01-29 16:39:28: 🔌 Attempting to connect to Redis...
2026-01-29 16:39:31: 2026-01-29 16:39:31 [32minfo[39m: ✅ Redis Clients (Pub/Sub) Connected and Ready
2026-01-29 16:39:41: 🔌 Attempting to connect to Redis...
2026-01-29 16:39:43: 2026-01-29 16:39:43 [32minfo[39m: ✅ Redis Clients (Pub/Sub) Connected and Ready
2026-01-29 16:39:52: 🔌 Attempting to connect to Redis...
2026-01-29 16:39:55: 2026-01-29 16:39:55 [32minfo[39m: ✅ Redis Clients (Pub/Sub) Connected and Ready
2026-01-29 16:40:03: 🔌 Attempting to connect to Redis...
2026-01-29 16:40:07: 2026-01-29 16:40:07 [32minfo[39m: ✅ Redis Clients (Pub/Sub) Connected and Ready
2026-01-29 16:40:14: 🔌 Attempting to connect to Redis...
2026-01-29 16:40:17: 2026-01-29 16:40:17 [32minfo[39m: ✅ Redis Clients (Pub/Sub) Connected and Ready
2026-01-29 16:40:26: 🔌 Attempting to connect to Redis...
2026-01-29 16:40:29: 2026-01-29 16:40:29 [32minfo[39m: ✅ Redis Clients (Pub/Sub) Connected and Ready
2026-01-29 16:40:37: 🔌 Attempting to connect to Redis...
2026-01-29 16:40:40: 2026-01-29 16:40:40 [32minfo[39m: ✅ Redis Clients (Pub/Sub) Connected and Ready
2026-01-29 16:40:49: 🔌 Attempting to connect to Redis...
2026-01-29 16:40:51: 2026-01-29 16:40:51 [32minfo[39m: ✅ Redis Clients (Pub/Sub) Connected and Ready
2026-01-29 16:41:04: 🔌 Attempting to connect to Redis...
2026-01-29 16:41:12: 2026-01-29 16:41:12 [32minfo[39m: ✅ Redis Clients (Pub/Sub) Connected and Ready
2026-01-29 16:41:43: 🔌 Attempting to connect to Redis...
2026-01-29 16:41:53: 2026-01-29 16:41:53 [32minfo[39m: ✅ Redis Clients (Pub/Sub) Connected and Ready
2026-01-29 16:42:12: 🔌 Attempting to connect to Redis...
2026-01-29 16:42:19: 2026-01-29 16:42:19 [32minfo[39m: ✅ Redis Clients (Pub/Sub) Connected and Ready
2026-01-29 16:42:29: 🔌 Attempting to connect to Redis...
2026-01-29 16:42:34: 2026-01-29 16:42:34 [32minfo[39m: ✅ Redis Clients (Pub/Sub) Connected and Ready
2026-01-29 16:42:45: 🔌 Attempting to connect to Redis...
2026-01-29 16:42:50: 2026-01-29 16:42:50 [32minfo[39m: ✅ Redis Clients (Pub/Sub) Connected and Ready
2026-01-29 16:43:01: 🔌 Attempting to connect to Redis...
2026-01-29 16:43:06: 2026-01-29 16:43:06 [32minfo[39m: ✅ Redis Clients (Pub/Sub) Connected and Ready
2026-01-29 16:43:15: 🔌 Attempting to connect to Redis...
2026-01-29 16:43:19: 2026-01-29 16:43:19 [32minfo[39m: ✅ Redis Clients (Pub/Sub) Connected and Ready
2026-01-29 16:43:28: 🔌 Attempting to connect to Redis...
2026-01-29 16:43:31: 2026-01-29 16:43:31 [32minfo[39m: ✅ Redis Clients (Pub/Sub) Connected and Ready
2026-01-29 16:43:41: 🔌 Attempting to connect to Redis...
2026-01-29 16:43:44: 2026-01-29 16:43:44 [32minfo[39m: ✅ Redis Clients (Pub/Sub) Connected and Ready
2026-01-29 16:43:54: 🔌 Attempting to connect to Redis...
2026-01-29 16:43:57: 2026-01-29 16:43:57 [32minfo[39m: ✅ Redis Clients (Pub/Sub) Connected and Ready
2026-01-29 16:44:07: 🔌 Attempting to connect to Redis...
2026-01-29 16:44:10: 2026-01-29 16:44:10 [32minfo[39m: ✅ Redis Clients (Pub/Sub) Connected and Ready
2026-01-29 16:44:18: 🔌 Attempting to connect to Redis...
2026-01-29 16:44:21: 2026-01-29 16:44:21 [32minfo[39m: ✅ Redis Clients (Pub/Sub) Connected and Ready
2026-01-29 16:44:30: 🔌 Attempting to connect to Redis...
2026-01-29 16:44:33: 2026-01-29 16:44:33 [32minfo[39m: ✅ Redis Clients (Pub/Sub) Connected and Ready
2026-01-29 16:44:41: 🔌 Attempting to connect to Redis...
2026-01-29 16:44:45: 2026-01-29 16:44:45 [32minfo[39m: ✅ Redis Clients (Pub/Sub) Connected and Ready
2026-01-29 16:44:56: 🔌 Attempting to connect to Redis...
2026-01-29 16:44:59: 2026-01-29 16:44:59 [32minfo[39m: ✅ Redis Clients (Pub/Sub) Connected and Ready
2026-01-29 16:45:06: 🔌 Attempting to connect to Redis...
2026-01-29 16:45:09: 2026-01-29 16:45:09 [32minfo[39m: ✅ Redis Clients (Pub/Sub) Connected and Ready
2026-01-29 16:45:16: 🔌 Attempting to connect to Redis...
2026-01-29 16:45:19: 2026-01-29 16:45:19 [32minfo[39m: ✅ Redis Clients (Pub/Sub) Connected and Ready
2026-01-29 16:45:27: 🔌 Attempting to connect to Redis...
2026-01-29 16:45:29: 2026-01-29 16:45:29 [32minfo[39m: ✅ Redis Clients (Pub/Sub) Connected and Ready
2026-01-29 16:45:37: 🔌 Attempting to connect to Redis...
2026-01-29 16:45:40: 2026-01-29 16:45:40 [32minfo[39m: ✅ Redis Clients (Pub/Sub) Connected and Ready
2026-01-29 16:45:48: 🔌 Attempting to connect to Redis...
2026-01-29 16:45:50: 2026-01-29 16:45:50 [32minfo[39m: ✅ Redis Clients (Pub/Sub) Connected and Ready
2026-01-29 16:45:58: 🔌 Attempting to connect to Redis...
2026-01-29 16:46:01: 2026-01-29 16:46:01 [32minfo[39m: ✅ Redis Clients (Pub/Sub) Connected and Ready
2026-01-29 16:46:09: 🔌 Attempting to connect to Redis...
2026-01-29 16:46:12: 2026-01-29 16:46:12 [32minfo[39m: ✅ Redis Clients (Pub/Sub) Connected and Ready
2026-01-29 16:46:20: 🔌 Attempting to connect to Redis...
2026-01-29 16:46:23: 2026-01-29 16:46:23 [32minfo[39m: ✅ Redis Clients (Pub/Sub) Connected and Ready
2026-01-29 16:46:30: 🔌 Attempting to connect to Redis...
2026-01-29 16:46:33: 2026-01-29 16:46:33 [32minfo[39m: ✅ Redis Clients (Pub/Sub) Connected and Ready
2026-01-29 16:46:41: 🔌 Attempting to connect to Redis...
2026-01-29 16:46:46: 2026-01-29 16:46:46 [32minfo[39m: ✅ Redis Clients (Pub/Sub) Connected and Ready
2026-01-29 16:46:57: 🔌 Attempting to connect to Redis...
2026-01-29 16:46:59: 2026-01-29 16:46:59 [32minfo[39m: ✅ Redis Clients (Pub/Sub) Connected and Ready
2026-01-29 16:47:07: 🔌 Attempting to connect to Redis...
2026-01-29 16:47:09: 2026-01-29 16:47:09 [32minfo[39m: ✅ Redis Clients (Pub/Sub) Connected and Ready
2026-01-29 16:47:18: 🔌 Attempting to connect to Redis...
2026-01-29 16:47:20: 2026-01-29 16:47:20 [32minfo[39m: ✅ Redis Clients (Pub/Sub) Connected and Ready
2026-01-29 16:47:29: 🔌 Attempting to connect to Redis...
2026-01-29 16:47:32: 2026-01-29 16:47:32 [32minfo[39m: ✅ Redis Clients (Pub/Sub) Connected and Ready
2026-01-29 16:47:40: 🔌 Attempting to connect to Redis...
2026-01-29 16:47:42: 2026-01-29 16:47:42 [32minfo[39m: ✅ Redis Clients (Pub/Sub) Connected and Ready
2026-01-29 16:47:52: 🔌 Attempting to connect to Redis...
2026-01-29 16:47:56: 2026-01-29 16:47:56 [32minfo[39m: ✅ Redis Clients (Pub/Sub) Connected and Ready
2026-01-29 16:48:06: 🔌 Attempting to connect to Redis...
2026-01-29 16:48:09: 2026-01-29 16:48:09 [32minfo[39m: ✅ Redis Clients (Pub/Sub) Connected and Ready
2026-01-29 16:48:19: 🔌 Attempting to connect to Redis...
2026-01-29 16:48:23: 2026-01-29 16:48:23 [32minfo[39m: ✅ Redis Clients (Pub/Sub) Connected and Ready
2026-01-29 16:48:32: 🔌 Attempting to connect to Redis...
2026-01-29 16:48:34: 2026-01-29 16:48:34 [32minfo[39m: ✅ Redis Clients (Pub/Sub) Connected and Ready
2026-01-29 16:48:41: 🔌 Attempting to connect to Redis...
2026-01-29 16:48:44: 2026-01-29 16:48:44 [32minfo[39m: ✅ Redis Clients (Pub/Sub) Connected and Ready
2026-01-29 16:48:51: 🔌 Attempting to connect to Redis...
2026-01-29 16:48:54: 2026-01-29 16:48:54 [32minfo[39m: ✅ Redis Clients (Pub/Sub) Connected and Ready
2026-01-29 16:49:01: 🔌 Attempting to connect to Redis...
2026-01-29 16:49:04: 2026-01-29 16:49:04 [32minfo[39m: ✅ Redis Clients (Pub/Sub) Connected and Ready
2026-01-29 16:49:11: 🔌 Attempting to connect to Redis...
2026-01-29 16:49:14: 2026-01-29 16:49:14 [32minfo[39m: ✅ Redis Clients (Pub/Sub) Connected and Ready
2026-01-29 16:49:21: 🔌 Attempting to connect to Redis...
2026-01-29 16:49:24: 2026-01-29 16:49:24 [32minfo[39m: ✅ Redis Clients (Pub/Sub) Connected and Ready
2026-01-29 16:49:32: 🔌 Attempting to connect to Redis...
2026-01-29 16:49:34: 2026-01-29 16:49:34 [32minfo[39m: ✅ Redis Clients (Pub/Sub) Connected and Ready
2026-01-29 16:49:42: 🔌 Attempting to connect to Redis...
2026-01-29 16:49:46: 2026-01-29 16:49:46 [32minfo[39m: ✅ Redis Clients (Pub/Sub) Connected and Ready
2026-01-29 16:49:56: 🔌 Attempting to connect to Redis...
2026-01-29 16:50:00: 2026-01-29 16:50:00 [32minfo[39m: ✅ Redis Clients (Pub/Sub) Connected and Ready
2026-01-29 16:50:09: 🔌 Attempting to connect to Redis...
2026-01-29 16:50:13: 2026-01-29 16:50:13 [32minfo[39m: ✅ Redis Clients (Pub/Sub) Connected and Ready
2026-01-29 16:50:23: 🔌 Attempting to connect to Redis...
2026-01-29 16:50:26: 2026-01-29 16:50:26 [32minfo[39m: ✅ Redis Clients (Pub/Sub) Connected and Ready
2026-01-29 16:50:33: 🔌 Attempting to connect to Redis...
2026-01-29 16:50:37: 2026-01-29 16:50:37 [32minfo[39m: ✅ Redis Clients (Pub/Sub) Connected and Ready
2026-01-29 16:50:44: 🔌 Attempting to connect to Redis...
2026-01-29 16:50:46: 2026-01-29 16:50:46 [32minfo[39m: ✅ Redis Clients (Pub/Sub) Connected and Ready
2026-01-29 16:50:54: 🔌 Attempting to connect to Redis...
2026-01-29 16:50:57: 2026-01-29 16:50:57 [32minfo[39m: ✅ Redis Clients (Pub/Sub) Connected and Ready
2026-01-29 16:51:04: 🔌 Attempting to connect to Redis...
2026-01-29 16:51:08: 2026-01-29 16:51:08 [32minfo[39m: ✅ Redis Clients (Pub/Sub) Connected and Ready
2026-01-29 16:51:16: 🔌 Attempting to connect to Redis...
2026-01-29 16:51:18: 2026-01-29 16:51:18 [32minfo[39m: ✅ Redis Clients (Pub/Sub) Connected and Ready
2026-01-29 16:51:26: 🔌 Attempting to connect to Redis...
2026-01-29 16:51:28: 2026-01-29 16:51:28 [32minfo[39m: ✅ Redis Clients (Pub/Sub) Connected and Ready
2026-01-29 16:51:35: 🔌 Attempting to connect to Redis...
2026-01-29 16:51:38: 2026-01-29 16:51:38 [32minfo[39m: ✅ Redis Clients (Pub/Sub) Connected and Ready
2026-01-29 16:51:45: 🔌 Attempting to connect to Redis...
2026-01-29 16:51:49: 2026-01-29 16:51:49 [32minfo[39m: ✅ Redis Clients (Pub/Sub) Connected and Ready
2026-01-29 16:51:57: 🔌 Attempting to connect to Redis...
2026-01-29 16:52:00: 2026-01-29 16:52:00 [32minfo[39m: ✅ Redis Clients (Pub/Sub) Connected and Ready
2026-01-29 16:52:08: 🔌 Attempting to connect to Redis...
2026-01-29 16:52:11: 2026-01-29 16:52:11 [32minfo[39m: ✅ Redis Clients (Pub/Sub) Connected and Ready
2026-01-29 16:52:19: 🔌 Attempting to connect to Redis...
2026-01-29 16:52:22: 2026-01-29 16:52:22 [32minfo[39m: ✅ Redis Clients (Pub/Sub) Connected and Ready
2026-01-29 16:52:30: 🔌 Attempting to connect to Redis...
2026-01-29 16:52:33: 2026-01-29 16:52:33 [32minfo[39m: ✅ Redis Clients (Pub/Sub) Connected and Ready
2026-01-29 16:52:40: 🔌 Attempting to connect to Redis...
2026-01-29 16:52:43: 2026-01-29 16:52:43 [32minfo[39m: ✅ Redis Clients (Pub/Sub) Connected and Ready
2026-01-29 16:52:52: 🔌 Attempting to connect to Redis...
2026-01-29 16:52:54: 2026-01-29 16:52:54 [32minfo[39m: ✅ Redis Clients (Pub/Sub) Connected and Ready
2026-01-29 16:53:02: 🔌 Attempting to connect to Redis...
2026-01-29 16:53:04: 2026-01-29 16:53:04 [32minfo[39m: ✅ Redis Clients (Pub/Sub) Connected and Ready
2026-01-29 16:53:12: 🔌 Attempting to connect to Redis...
2026-01-29 16:53:15: 2026-01-29 16:53:15 [32minfo[39m: ✅ Redis Clients (Pub/Sub) Connected and Ready
2026-01-29 16:53:23: 🔌 Attempting to connect to Redis...
2026-01-29 16:53:26: 2026-01-29 16:53:26 [32minfo[39m: ✅ Redis Clients (Pub/Sub) Connected and Ready
2026-01-29 16:53:33: 🔌 Attempting to connect to Redis...
2026-01-29 16:53:36: 2026-01-29 16:53:36 [32minfo[39m: ✅ Redis Clients (Pub/Sub) Connected and Ready
2026-01-29 16:53:44: 🔌 Attempting to connect to Redis...
2026-01-29 16:53:46: 2026-01-29 16:53:46 [32minfo[39m: ✅ Redis Clients (Pub/Sub) Connected and Ready
2026-01-29 16:53:54: 🔌 Attempting to connect to Redis...
2026-01-29 16:53:57: 2026-01-29 16:53:57 [32minfo[39m: ✅ Redis Clients (Pub/Sub) Connected and Ready
2026-01-29 16:54:05: 🔌 Attempting to connect to Redis...
2026-01-29 16:54:07: 2026-01-29 16:54:07 [32minfo[39m: ✅ Redis Clients (Pub/Sub) Connected and Ready
2026-01-29 16:54:14: 🔌 Attempting to connect to Redis...
2026-01-29 16:54:17: 2026-01-29 16:54:17 [32minfo[39m: ✅ Redis Clients (Pub/Sub) Connected and Ready
2026-01-29 16:54:25: 🔌 Attempting to connect to Redis...
2026-01-29 16:54:27: 2026-01-29 16:54:27 [32minfo[39m: ✅ Redis Clients (Pub/Sub) Connected and Ready
2026-01-29 16:54:35: 🔌 Attempting to connect to Redis...
2026-01-29 16:54:38: 2026-01-29 16:54:38 [32minfo[39m: ✅ Redis Clients (Pub/Sub) Connected and Ready
2026-01-29 16:54:45: 🔌 Attempting to connect to Redis...
2026-01-29 16:54:49: 2026-01-29 16:54:49 [32minfo[39m: ✅ Redis Clients (Pub/Sub) Connected and Ready
2026-01-29 16:54:56: 🔌 Attempting to connect to Redis...
2026-01-29 16:54:59: 2026-01-29 16:54:59 [32minfo[39m: ✅ Redis Clients (Pub/Sub) Connected and Ready
2026-01-29 16:55:07: 🔌 Attempting to connect to Redis...
2026-01-29 16:55:10: 2026-01-29 16:55:10 [32minfo[39m: ✅ Redis Clients (Pub/Sub) Connected and Ready
2026-01-29 16:55:17: 🔌 Attempting to connect to Redis...
2026-01-29 16:55:20: 2026-01-29 16:55:20 [32minfo[39m: ✅ Redis Clients (Pub/Sub) Connected and Ready
2026-01-29 16:55:28: 🔌 Attempting to connect to Redis...
2026-01-29 16:55:30: 2026-01-29 16:55:30 [32minfo[39m: ✅ Redis Clients (Pub/Sub) Connected and Ready
2026-01-29 16:55:38: 🔌 Attempting to connect to Redis...
2026-01-29 16:55:41: 2026-01-29 16:55:41 [32minfo[39m: ✅ Redis Clients (Pub/Sub) Connected and Ready
2026-01-29 16:55:48: 🔌 Attempting to connect to Redis...
2026-01-29 16:55:51: 2026-01-29 16:55:51 [32minfo[39m: ✅ Redis Clients (Pub/Sub) Connected and Ready
2026-01-29 16:56:00: 🔌 Attempting to connect to Redis...
2026-01-29 16:56:02: 2026-01-29 16:56:02 [32minfo[39m: ✅ Redis Clients (Pub/Sub) Connected and Ready
2026-01-29 16:56:10: 🔌 Attempting to connect to Redis...
2026-01-29 16:56:13: 2026-01-29 16:56:13 [32minfo[39m: ✅ Redis Clients (Pub/Sub) Connected and Ready
2026-01-29 16:56:20: 🔌 Attempting to connect to Redis...
2026-01-29 16:56:23: 2026-01-29 16:56:23 [32minfo[39m: ✅ Redis Clients (Pub/Sub) Connected and Ready
2026-01-29 16:56:30: 🔌 Attempting to connect to Redis...
2026-01-29 16:56:33: 2026-01-29 16:56:33 [32minfo[39m: ✅ Redis Clients (Pub/Sub) Connected and Ready
2026-01-29 16:56:40: 🔌 Attempting to connect to Redis...
2026-01-29 16:56:44: 2026-01-29 16:56:44 [32minfo[39m: ✅ Redis Clients (Pub/Sub) Connected and Ready
2026-01-29 16:56:52: 🔌 Attempting to connect to Redis...
2026-01-29 16:56:54: 2026-01-29 16:56:54 [32minfo[39m: ✅ Redis Clients (Pub/Sub) Connected and Ready
2026-01-29 16:57:02: 🔌 Attempting to connect to Redis...
2026-01-29 16:57:05: 2026-01-29 16:57:05 [32minfo[39m: ✅ Redis Clients (Pub/Sub) Connected and Ready
2026-01-29 16:57:13: 🔌 Attempting to connect to Redis...
2026-01-29 16:57:16: 2026-01-29 16:57:16 [32minfo[39m: ✅ Redis Clients (Pub/Sub) Connected and Ready
2026-01-29 16:57:24: 🔌 Attempting to connect to Redis...
2026-01-29 16:57:26: 2026-01-29 16:57:26 [32minfo[39m: ✅ Redis Clients (Pub/Sub) Connected and Ready
2026-01-29 16:57:34: 🔌 Attempting to connect to Redis...
2026-01-29 16:57:36: 2026-01-29 16:57:36 [32minfo[39m: ✅ Redis Clients (Pub/Sub) Connected and Ready
2026-01-29 16:57:44: 🔌 Attempting to connect to Redis...
2026-01-29 16:57:46: 2026-01-29 16:57:46 [32minfo[39m: ✅ Redis Clients (Pub/Sub) Connected and Ready
2026-01-29 16:57:54: 🔌 Attempting to connect to Redis...
2026-01-29 16:57:56: 2026-01-29 16:57:56 [32minfo[39m: ✅ Redis Clients (Pub/Sub) Connected and Ready
2026-01-29 16:58:04: 🔌 Attempting to connect to Redis...
2026-01-29 16:58:06: 2026-01-29 16:58:06 [32minfo[39m: ✅ Redis Clients (Pub/Sub) Connected and Ready
2026-01-29 16:58:16: 🔌 Attempting to connect to Redis...
2026-01-29 16:58:21: 2026-01-29 16:58:21 [32minfo[39m: ✅ Redis Clients (Pub/Sub) Connected and Ready
2026-01-29 16:58:28: 🔌 Attempting to connect to Redis...
2026-01-29 16:58:31: 2026-01-29 16:58:31 [32minfo[39m: ✅ Redis Clients (Pub/Sub) Connected and Ready
2026-01-29 16:58:39: 🔌 Attempting to connect to Redis...
2026-01-29 16:58:41: 2026-01-29 16:58:41 [32minfo[39m: ✅ Redis Clients (Pub/Sub) Connected and Ready
2026-01-29 16:58:49: 🔌 Attempting to connect to Redis...
2026-01-29 16:58:51: 2026-01-29 16:58:51 [32minfo[39m: ✅ Redis Clients (Pub/Sub) Connected and Ready
2026-01-29 16:58:58: 🔌 Attempting to connect to Redis...
2026-01-29 16:59:01: 2026-01-29 16:59:01 [32minfo[39m: ✅ Redis Clients (Pub/Sub) Connected and Ready
2026-01-29 16:59:08: 🔌 Attempting to connect to Redis...
2026-01-29 16:59:11: 2026-01-29 16:59:11 [32minfo[39m: ✅ Redis Clients (Pub/Sub) Connected and Ready
2026-01-29 16:59:19: 🔌 Attempting to connect to Redis...
2026-01-29 16:59:22: 2026-01-29 16:59:22 [32minfo[39m: ✅ Redis Clients (Pub/Sub) Connected and Ready
2026-01-29 16:59:30: 🔌 Attempting to connect to Redis...
2026-01-29 16:59:33: 2026-01-29 16:59:33 [32minfo[39m: ✅ Redis Clients (Pub/Sub) Connected and Ready
2026-01-29 16:59:44: 🔌 Attempting to connect to Redis...
2026-01-29 16:59:48: 2026-01-29 16:59:48 [32minfo[39m: ✅ Redis Clients (Pub/Sub) Connected and Ready
2026-01-29 16:59:56: 🔌 Attempting to connect to Redis...
2026-01-29 16:59:59: 2026-01-29 16:59:59 [32minfo[39m: ✅ Redis Clients (Pub/Sub) Connected and Ready
2026-01-29 17:00:08: 🔌 Attempting to connect to Redis...
2026-01-29 17:00:10: 2026-01-29 17:00:10 [32minfo[39m: ✅ Redis Clients (Pub/Sub) Connected and Ready
2026-01-29 17:00:18: 🔌 Attempting to connect to Redis...
2026-01-29 17:00:20: 2026-01-29 17:00:20 [32minfo[39m: ✅ Redis Clients (Pub/Sub) Connected and Ready
2026-01-29 17:00:28: 🔌 Attempting to connect to Redis...
2026-01-29 17:00:33: 2026-01-29 17:00:33 [32minfo[39m: ✅ Redis Clients (Pub/Sub) Connected and Ready
2026-01-29 17:00:41: 🔌 Attempting to connect to Redis...
2026-01-29 17:00:58: 🔌 Attempting to connect to Redis...
2026-01-29 17:01:00: 2026-01-29 17:01:00 [32minfo[39m: ✅ Redis Clients (Pub/Sub) Connected and Ready
2026-01-29 17:01:07: 🔌 Attempting to connect to Redis...
2026-01-29 17:01:09: 2026-01-29 17:01:09 [32minfo[39m: ✅ Redis Clients (Pub/Sub) Connected and Ready
2026-01-29 17:01:16: 🔌 Attempting to connect to Redis...
2026-01-29 17:01:18: 2026-01-29 17:01:18 [32minfo[39m: ✅ Redis Clients (Pub/Sub) Connected and Ready
2026-01-29 17:01:26: 🔌 Attempting to connect to Redis...
2026-01-29 17:01:29: 2026-01-29 17:01:29 [32minfo[39m: ✅ Redis Clients (Pub/Sub) Connected and Ready
2026-01-29 17:01:37: 🔌 Attempting to connect to Redis...
2026-01-29 17:01:41: 2026-01-29 17:01:41 [32minfo[39m: ✅ Redis Clients (Pub/Sub) Connected and Ready
2026-01-29 17:01:49: 🔌 Attempting to connect to Redis...
2026-01-29 17:01:52: 2026-01-29 17:01:52 [32minfo[39m: ✅ Redis Clients (Pub/Sub) Connected and Ready
2026-01-29 17:02:01: 🔌 Attempting to connect to Redis...
2026-01-29 17:02:04: 2026-01-29 17:02:04 [32minfo[39m: ✅ Redis Clients (Pub/Sub) Connected and Ready
2026-01-29 17:02:13: 🔌 Attempting to connect to Redis...
2026-01-29 17:02:16: 2026-01-29 17:02:16 [32minfo[39m: ✅ Redis Clients (Pub/Sub) Connected and Ready
2026-01-29 17:02:25: 🔌 Attempting to connect to Redis...
2026-01-29 17:02:28: 2026-01-29 17:02:28 [32minfo[39m: ✅ Redis Clients (Pub/Sub) Connected and Ready
2026-01-29 17:02:39: 🔌 Attempting to connect to Redis...
2026-01-29 17:02:43: 2026-01-29 17:02:43 [32minfo[39m: ✅ Redis Clients (Pub/Sub) Connected and Ready
2026-01-29 17:02:52: 🔌 Attempting to connect to Redis...
2026-01-29 17:02:55: 2026-01-29 17:02:55 [32minfo[39m: ✅ Redis Clients (Pub/Sub) Connected and Ready
2026-01-29 17:03:03: 🔌 Attempting to connect to Redis...
2026-01-29 17:03:07: 2026-01-29 17:03:07 [32minfo[39m: ✅ Redis Clients (Pub/Sub) Connected and Ready
2026-01-29 17:03:25: 🔌 Attempting to connect to Redis...
2026-01-29 17:03:29: Starting Auto-Logout Job...
2026-01-29 17:03:29: 2026-01-29 17:03:29 [32minfo[39m: 🚀 Server running on http://localhost:5000
2026-01-29 17:03:29: 2026-01-29 17:03:29 [32minfo[39m: 📡 Socket.IO server ready for connections
2026-01-29 17:03:29: 2026-01-29 17:03:29 [32minfo[39m: ✅ Redis Clients (Pub/Sub) Connected and Ready
2026-01-29 17:03:29: 📡 Mongoose connected to Atlas cluster
2026-01-29 17:03:29: ✅ MongoDB Atlas connected successfully!
2026-01-29 17:03:29: 🔌 Socket.IO Redis adapter initialized
2026-01-29 17:03:29: 🔌 Socket.IO instance set successfully
2026-01-29 17:03:29: ℹ️ Huawei E173 Modem Service is disabled via ENABLE_MODEM flag
2026-01-29 17:03:29: ✅ All services initialized successfully
2026-01-29 17:03:30: ✅ Query model connected successfully
2026-01-29 17:04:09: 2026-01-29 17:04:09 [32minfo[39m: OPTIONS /api/attendance/2026/1 200 0 - 2.476 ms
2026-01-29 17:04:10: 2026-01-29 17:04:10 [32minfo[39m: GET /api/attendance/2026/1 304 - - 247.363 ms
2026-01-29 17:05:09: 2026-01-29 17:05:09 [32minfo[39m: OPTIONS /api/attendance/2026/1 200 0 - 0.513 ms
2026-01-29 17:05:10: 2026-01-29 17:05:10 [32minfo[39m: GET /api/attendance/2026/1 304 - - 203.775 ms
2026-01-29 17:06:09: 2026-01-29 17:06:09 [32minfo[39m: OPTIONS /api/attendance/2026/1 200 0 - 0.239 ms
2026-01-29 17:06:10: 2026-01-29 17:06:10 [32minfo[39m: GET /api/attendance/2026/1 304 - - 209.067 ms
2026-01-29 17:07:09: 2026-01-29 17:07:09 [32minfo[39m: OPTIONS /api/attendance/2026/1 200 0 - 0.493 ms
2026-01-29 17:07:10: 2026-01-29 17:07:10 [32minfo[39m: GET /api/attendance/2026/1 304 - - 203.956 ms
2026-01-29 17:08:09: 2026-01-29 17:08:09 [32minfo[39m: OPTIONS /api/attendance/2026/1 200 0 - 0.804 ms
2026-01-29 17:08:10: 2026-01-29 17:08:10 [32minfo[39m: GET /api/attendance/2026/1 304 - - 198.090 ms
2026-01-29 17:08:29: ⏰ Session timeout check triggered at 29/1/2026, 5:08:29 pm
2026-01-29 17:09:09: 2026-01-29 17:09:09 [32minfo[39m: OPTIONS /api/attendance/2026/1 200 0 - 0.388 ms
2026-01-29 17:09:10: 2026-01-29 17:09:10 [32minfo[39m: GET /api/attendance/2026/1 304 - - 188.662 ms
2026-01-29 17:10:11: 2026-01-29 17:10:11 [32minfo[39m: OPTIONS /api/attendance/2026/1 200 0 - 0.446 ms
2026-01-29 17:10:11: 2026-01-29 17:10:11 [32minfo[39m: GET /api/attendance/2026/1 304 - - 189.745 ms
2026-01-29 17:11:09: 2026-01-29 17:11:09 [32minfo[39m: OPTIONS /api/attendance/2026/1 200 0 - 0.476 ms
2026-01-29 17:11:10: 2026-01-29 17:11:10 [32minfo[39m: GET /api/attendance/2026/1 304 - - 173.561 ms
2026-01-29 17:12:09: 2026-01-29 17:12:09 [32minfo[39m: OPTIONS /api/attendance/2026/1 200 0 - 0.245 ms
2026-01-29 17:12:10: 2026-01-29 17:12:10 [32minfo[39m: GET /api/attendance/2026/1 304 - - 189.610 ms
2026-01-29 17:13:09: 2026-01-29 17:13:09 [32minfo[39m: OPTIONS /api/attendance/2026/1 200 0 - 0.243 ms
2026-01-29 17:13:10: 2026-01-29 17:13:10 [32minfo[39m: GET /api/attendance/2026/1 304 - - 188.579 ms
2026-01-29 17:13:29: ⏰ Session timeout check triggered at 29/1/2026, 5:13:29 pm
2026-01-29 17:14:09: 2026-01-29 17:14:09 [32minfo[39m: OPTIONS /api/attendance/2026/1 200 0 - 0.363 ms
2026-01-29 17:14:10: 2026-01-29 17:14:10 [32minfo[39m: GET /api/attendance/2026/1 304 - - 172.097 ms
2026-01-29 17:15:10: 2026-01-29 17:15:10 [32minfo[39m: OPTIONS /api/attendance/2026/1 200 0 - 0.448 ms
2026-01-29 17:15:10: 2026-01-29 17:15:10 [32minfo[39m: GET /api/attendance/2026/1 304 - - 199.400 ms
2026-01-29 17:16:09: 2026-01-29 17:16:09 [32minfo[39m: OPTIONS /api/attendance/2026/1 200 0 - 0.179 ms
2026-01-29 17:16:10: 2026-01-29 17:16:10 [32minfo[39m: GET /api/attendance/2026/1 304 - - 201.274 ms
2026-01-29 17:17:09: 2026-01-29 17:17:09 [32minfo[39m: OPTIONS /api/attendance/2026/1 200 0 - 0.389 ms
2026-01-29 17:17:10: 2026-01-29 17:17:10 [32minfo[39m: GET /api/attendance/2026/1 304 - - 182.770 ms
2026-01-29 17:18:21: 2026-01-29 17:18:21 [32minfo[39m: OPTIONS /api/attendance/2026/1 200 0 - 0.347 ms
2026-01-29 17:18:22: 2026-01-29 17:18:22 [32minfo[39m: GET /api/attendance/2026/1 304 - - 179.267 ms
2026-01-29 17:18:29: ⏰ Session timeout check triggered at 29/1/2026, 5:18:29 pm
2026-01-29 17:19:09: 2026-01-29 17:19:09 [32minfo[39m: OPTIONS /api/attendance/2026/1 200 0 - 0.307 ms
2026-01-29 17:19:10: 2026-01-29 17:19:10 [32minfo[39m: GET /api/attendance/2026/1 304 - - 178.099 ms
2026-01-29 17:20:09: 2026-01-29 17:20:09 [32minfo[39m: OPTIONS /api/attendance/2026/1 200 0 - 0.324 ms
2026-01-29 17:20:10: 2026-01-29 17:20:10 [32minfo[39m: GET /api/attendance/2026/1 304 - - 170.592 ms
2026-01-29 18:24:25: 🔌 Attempting to connect to Redis...
2026-01-29 18:24:35: Starting Auto-Logout Job...
2026-01-29 18:24:35: 2026-01-29 18:24:35 [32minfo[39m: 🚀 Server running on http://localhost:5000
2026-01-29 18:24:35: 2026-01-29 18:24:35 [32minfo[39m: 📡 Socket.IO server ready for connections
2026-01-29 18:24:35: 2026-01-29 18:24:35 [32minfo[39m: ✅ Redis Clients (Pub/Sub) Connected and Ready
2026-01-29 18:24:36: 📡 Mongoose connected to Atlas cluster
2026-01-29 18:24:36: ✅ MongoDB Atlas connected successfully!
2026-01-29 18:24:36: 🔌 Socket.IO Redis adapter initialized
2026-01-29 18:24:36: 🔌 Socket.IO instance set successfully
2026-01-29 18:24:36: ℹ️ Huawei E173 Modem Service is disabled via ENABLE_MODEM flag
2026-01-29 18:24:36: ✅ All services initialized successfully
2026-01-29 18:24:36: ✅ Query model connected successfully
2026-01-29 18:29:35: ⏰ Session timeout check triggered at 29/1/2026, 6:29:35 pm
2026-01-29 18:34:35: ⏰ Session timeout check triggered at 29/1/2026, 6:34:35 pm
2026-01-29 18:39:35: ⏰ Session timeout check triggered at 29/1/2026, 6:39:35 pm
2026-01-29 18:44:35: ⏰ Session timeout check triggered at 29/1/2026, 6:44:35 pm
2026-01-29 18:49:35: ⏰ Session timeout check triggered at 29/1/2026, 6:49:35 pm
2026-01-31 15:02:23: 🔌 Attempting to connect to Redis...
2026-01-31 15:02:27: Starting Auto-Logout Job...
2026-01-31 15:02:27: 2026-01-31 15:02:27 [32minfo[39m: 🚀 Server running on http://localhost:5000
2026-01-31 15:02:27: 2026-01-31 15:02:27 [32minfo[39m: 📡 Socket.IO server ready for connections
2026-01-31 15:02:27: 2026-01-31 15:02:27 [32minfo[39m: ✅ Redis Clients (Pub/Sub) Connected and Ready
2026-01-31 15:02:28: 📡 Mongoose connected to Atlas cluster
2026-01-31 15:02:28: ✅ MongoDB Atlas connected successfully!
2026-01-31 15:02:28: 🔌 Socket.IO Redis adapter initialized
2026-01-31 15:02:28: 🔌 Socket.IO instance set successfully
2026-01-31 15:02:28: ℹ️ Huawei E173 Modem Service is disabled via ENABLE_MODEM flag
2026-01-31 15:02:28: ✅ All services initialized successfully
2026-01-31 15:02:28: ✅ Query model connected successfully
2026-01-31 15:02:53: 2026-01-31 15:02:53 [32minfo[39m: OPTIONS /api/messages/unread-count 200 0 - 2.830 ms
2026-01-31 15:02:53: 2026-01-31 15:02:53 [32minfo[39m: GET /api/messages/unread-count 401 32 - 20.427 ms
2026-01-31 15:02:53: 🔌 New socket connection: dnODYUs7_N9xi866AAAB
2026-01-31 15:02:53: 🔗 Socket dnODYUs7_N9xi866AAAB joined room user_68fcc5bfb85c2281711925bb (auto-join on connection)
2026-01-31 15:02:53: 🔗 Recorded user connection: 68fcc5bfb85c2281711925bb with socket dnODYUs7_N9xi866AAAB
2026-01-31 15:02:53: 2026-01-31 15:02:53 [32minfo[39m: GET /api/messages/unread-count 401 32 - 26.126 ms
2026-01-31 15:02:53: 🚪 Socket dnODYUs7_N9xi866AAAB joined user room user_68fcc5bfb85c2281711925bb
2026-01-31 15:02:53: 🚪 Socket dnODYUs7_N9xi866AAAB joined user room user_68fcc5bfb85c2281711925bb
2026-01-31 15:02:53: 🚪 Socket dnODYUs7_N9xi866AAAB joined user room user_68fcc5bfb85c2281711925bb
2026-01-31 15:02:53: 🚪 Socket dnODYUs7_N9xi866AAAB joined user room user_68fcc5bfb85c2281711925bb
2026-01-31 15:02:53: 🚪 Socket dnODYUs7_N9xi866AAAB joined user room user_68fcc5bfb85c2281711925bb
2026-01-31 15:02:53: 🔌 Socket dnODYUs7_N9xi866AAAB disconnected. Reason: transport close
2026-01-31 15:02:53: 🚫 Recorded user disconnection: 68fcc5bfb85c2281711925bb
2026-01-31 15:02:53: 👤 User undefined (68fcc5bfb85c2281711925bb) disconnected
2026-01-31 15:04:42: 2026-01-31 15:04:42 [32minfo[39m: OPTIONS /api/auth/login 200 0 - 0.759 ms
2026-01-31 15:04:42: Login attempt for user: Dinesh@bny
2026-01-31 15:04:42: Login successful: Dinesh@bny
2026-01-31 15:04:42: 2026-01-31 15:04:42 [32minfo[39m: POST /api/auth/login 200 698 - 892.110 ms
2026-01-31 15:04:43: 2026-01-31 15:04:43 [32minfo[39m: OPTIONS /api/messages/unread-count 200 0 - 1.139 ms
2026-01-31 15:04:43: 🔌 New socket connection: 4hJ8vrzsKEyl4NpfAAAD
2026-01-31 15:04:43: 🔗 Socket 4hJ8vrzsKEyl4NpfAAAD joined room user_68fcc5bfb85c2281711925bb (auto-join on connection)
2026-01-31 15:04:43: 🔗 Recorded user connection: 68fcc5bfb85c2281711925bb with socket 4hJ8vrzsKEyl4NpfAAAD
2026-01-31 15:04:43: 🚪 Socket 4hJ8vrzsKEyl4NpfAAAD joined user room user_68fcc5bfb85c2281711925bb
2026-01-31 15:04:43: 🚪 Socket 4hJ8vrzsKEyl4NpfAAAD joined user room user_68fcc5bfb85c2281711925bb
2026-01-31 15:04:43: 🔍 [DEBUG] Unread count endpoint hit
2026-01-31 15:04:43: 🔍 [DEBUG] req.user exists: [33mtrue[39m
2026-01-31 15:04:43: 🔍 [DEBUG] req.user.id: 68fcc5bfb85c2281711925bb
2026-01-31 15:04:43: 🔍 [DEBUG] req.user._id: new ObjectId([32m'68fcc5bfb85c2281711925bb'[39m)
2026-01-31 15:04:43: 🔍 [DEBUG] Extracted user ID: 68fcc5bfb85c2281711925bb
2026-01-31 15:04:43: 📬 Fetching unread count for user: 68fcc5bfb85c2281711925bb
2026-01-31 15:04:43: 🔍 [DEBUG] About to query database...
2026-01-31 15:04:43: 📬 Unread count result: [33m4[39m
2026-01-31 15:04:43: 2026-01-31 15:04:43 [32minfo[39m: GET /api/messages/unread-count 200 17 - 134.368 ms
2026-01-31 15:04:47: 2026-01-31 15:04:47 [32minfo[39m: OPTIONS /api/attendance/2026/1 200 0 - 0.425 ms
2026-01-31 15:04:47: 2026-01-31 15:04:47 [32minfo[39m: OPTIONS /api/tasks 200 0 - 0.472 ms
2026-01-31 15:04:47: 2026-01-31 15:04:47 [32minfo[39m: OPTIONS /api/admin-status 200 0 - 0.569 ms
2026-01-31 15:04:47: 2026-01-31 15:04:47 [32minfo[39m: OPTIONS /api/appointments/stats?month=12&year=2025 200 0 - 0.336 ms
2026-01-31 15:04:47: 2026-01-31 15:04:47 [32minfo[39m: OPTIONS /api/appointments/revenue 200 0 - 0.518 ms
2026-01-31 15:04:47: 2026-01-31 15:04:47 [32minfo[39m: OPTIONS /api/tasks 200 0 - 0.444 ms
2026-01-31 15:04:47: 2026-01-31 15:04:47 [32minfo[39m: OPTIONS /api/users 200 0 - 0.441 ms
2026-01-31 15:04:47: 2026-01-31 15:04:47 [32minfo[39m: OPTIONS /api/appointments/revenue/reports 200 0 - 0.297 ms
2026-01-31 15:04:47: 2026-01-31 15:04:47 [32minfo[39m: OPTIONS /api/appointments 200 0 - 0.321 ms
2026-01-31 15:04:47: 2026-01-31 15:04:47 [32minfo[39m: OPTIONS /api/tasks 200 0 - 0.279 ms
2026-01-31 15:04:47: 2026-01-31 15:04:47 [32minfo[39m: OPTIONS /api/users/all 200 0 - 0.314 ms
2026-01-31 15:04:47: 2026-01-31 15:04:47 [32minfo[39m: OPTIONS /api/users/all 200 0 - 0.305 ms
2026-01-31 15:04:47: 2026-01-31 15:04:47 [32minfo[39m: OPTIONS /api/attendance/range?start=2025-12-31T18:30:00.000Z&end=2026-01-31T18:29:59.999Z 200 0 - 0.256 ms
2026-01-31 15:04:47: 2026-01-31 15:04:47 [32minfo[39m: OPTIONS /api/admin-status 200 0 - 0.331 ms
2026-01-31 15:04:47: 2026-01-31 15:04:47 [32minfo[39m: OPTIONS /api/appointments/stats?month=1&year=2026 200 0 - 0.413 ms
2026-01-31 15:04:47: 2026-01-31 15:04:47 [32minfo[39m: OPTIONS /api/appointments/stats?month=12&year=2025 200 0 - 0.350 ms
2026-01-31 15:04:47: 2026-01-31 15:04:47 [32minfo[39m: OPTIONS /api/users 200 0 - 0.335 ms
2026-01-31 15:04:47: 2026-01-31 15:04:47 [32minfo[39m: OPTIONS /api/appointments/revenue 200 0 - 0.222 ms
2026-01-31 15:04:47: 2026-01-31 15:04:47 [32minfo[39m: OPTIONS /api/appointments 200 0 - 0.266 ms
2026-01-31 15:04:47: 2026-01-31 15:04:47 [32minfo[39m: OPTIONS /api/appointments/revenue/reports 200 0 - 0.363 ms
2026-01-31 15:04:47: 2026-01-31 15:04:47 [32minfo[39m: OPTIONS /api/appointments/stats?month=1&year=2026 200 0 - 0.383 ms
2026-01-31 15:04:47: 2026-01-31 15:04:47 [32minfo[39m: OPTIONS /api/attendance/range?start=2025-12-31T18:30:00.000Z&end=2026-01-31T18:29:59.999Z 200 0 - 0.457 ms
2026-01-31 15:04:47: 2026-01-31 15:04:47 [32minfo[39m: GET /api/appointments/stats?month=12&year=2025 200 12 - 365.366 ms
2026-01-31 15:04:47: 2026-01-31 15:04:47 [32minfo[39m: GET /api/admin-status 200 49 - 401.126 ms
2026-01-31 15:04:47: 2026-01-31 15:04:47 [32minfo[39m: GET /api/appointments/revenue 200 46 - 595.538 ms
2026-01-31 15:04:47: 2026-01-31 15:04:47 [32minfo[39m: GET /api/appointments/revenue/reports 200 909 - 323.235 ms
2026-01-31 15:04:47: [DEBUG] Date range: Sat Jan 31 2026 00:00:00 GMT+0530 (India Standard Time) to Sat Jan 31 2026 23:59:59 GMT+0530 (India Standard Time)
2026-01-31 15:04:47: [DEBUG] Appointment stats found: 0 []
2026-01-31 15:04:49: 2026-01-31 15:04:49 [32minfo[39m: GET /api/appointments/stats?month=1&year=2026 200 12 - 812.172 ms
2026-01-31 15:04:49: 2026-01-31 15:04:49 [32minfo[39m: GET /api/users 200 - - 708.461 ms
2026-01-31 15:04:49: 2026-01-31 15:04:49 [32minfo[39m: GET /api/users/all 200 - - 1051.597 ms
2026-01-31 15:04:49: 2026-01-31 15:04:49 [32minfo[39m: GET /api/tasks 200 - - 2230.266 ms
2026-01-31 15:04:49: 2026-01-31 15:04:49 [32minfo[39m: GET /api/appointments 200 - - 1473.053 ms
2026-01-31 15:04:49: 2026-01-31 15:04:49 [32minfo[39m: GET /api/attendance/range?start=2025-12-31T18:30:00.000Z&end=2026-01-31T18:29:59.999Z 200 - - 1229.347 ms
2026-01-31 15:04:49: 2026-01-31 15:04:49 [32minfo[39m: GET /api/appointments/stats?month=12&year=2025 304 - - 135.770 ms
2026-01-31 15:04:49: 2026-01-31 15:04:49 [32minfo[39m: GET /api/admin-status 304 - - 129.116 ms
2026-01-31 15:04:49: 2026-01-31 15:04:49 [32minfo[39m: GET /api/appointments/revenue/reports 304 - - 149.923 ms
2026-01-31 15:04:49: 2026-01-31 15:04:49 [32minfo[39m: GET /api/attendance/2026/1 200 - - 262.372 ms
2026-01-31 15:04:49: 2026-01-31 15:04:49 [32minfo[39m: GET /api/appointments/revenue 304 - - 294.238 ms
2026-01-31 15:04:49: 2026-01-31 15:04:49 [32minfo[39m: GET /api/appointments/stats?month=1&year=2026 304 - - 206.358 ms
2026-01-31 15:04:49: 2026-01-31 15:04:49 [32minfo[39m: GET /api/users/all 304 - - 247.009 ms
2026-01-31 15:04:49: [DEBUG] Date range: Sat Jan 31 2026 00:00:00 GMT+0530 (India Standard Time) to Sat Jan 31 2026 23:59:59 GMT+0530 (India Standard Time)
2026-01-31 15:04:49: [DEBUG] Appointment stats found: 0 []
2026-01-31 15:04:49: 2026-01-31 15:04:49 [32minfo[39m: GET /api/users 304 - - 402.158 ms
2026-01-31 15:04:50: 2026-01-31 15:04:50 [32minfo[39m: GET /api/appointments 304 - - 372.109 ms
2026-01-31 15:04:50: 2026-01-31 15:04:50 [32minfo[39m: GET /api/attendance/2026/1 304 - - 364.797 ms
2026-01-31 15:04:50: 2026-01-31 15:04:50 [32minfo[39m: GET /api/attendance/range?start=2025-12-31T18:30:00.000Z&end=2026-01-31T18:29:59.999Z 304 - - 392.664 ms
2026-01-31 15:04:50: 2026-01-31 15:04:50 [32minfo[39m: GET /api/tasks 304 - - 713.286 ms
2026-01-31 15:04:50: 2026-01-31 15:04:50 [32minfo[39m: GET /api/tasks 304 - - 102.015 ms
2026-01-31 15:04:50: 2026-01-31 15:04:50 [32minfo[39m: GET /api/tasks 304 - - 113.587 ms
2026-01-31 15:04:55: 2026-01-31 15:04:55 [32minfo[39m: OPTIONS /api/attendance/range?start=2025-12-31T18:30:00.000Z&end=2026-01-31T18:29:59.999Z 200 0 - 0.441 ms
2026-01-31 15:04:55: 2026-01-31 15:04:55 [32minfo[39m: OPTIONS /api/attendance/range?start=2025-12-31T18:30:00.000Z&end=2026-01-31T18:29:59.999Z 200 0 - 0.374 ms
2026-01-31 15:04:55: 2026-01-31 15:04:55 [32minfo[39m: GET /api/attendance/range?start=2025-12-31T18:30:00.000Z&end=2026-01-31T18:29:59.999Z 304 - - 167.910 ms
2026-01-31 15:04:56: 2026-01-31 15:04:56 [32minfo[39m: GET /api/attendance/range?start=2025-12-31T18:30:00.000Z&end=2026-01-31T18:29:59.999Z 304 - - 151.280 ms
2026-01-31 15:05:07: 2026-01-31 15:05:07 [32minfo[39m: OPTIONS /api/attendance/manual 200 0 - 0.288 ms
2026-01-31 15:05:07: 2026-01-31 15:05:07 [32minfo[39m: POST /api/attendance/manual 200 371 - 114.724 ms
2026-01-31 15:05:07: 2026-01-31 15:05:07 [32minfo[39m: OPTIONS /api/attendance/range?start=2025-12-31T18:30:00.000Z&end=2026-01-31T18:29:59.999Z 200 0 - 0.286 ms
2026-01-31 15:05:07: 2026-01-31 15:05:07 [32minfo[39m: GET /api/attendance/range?start=2025-12-31T18:30:00.000Z&end=2026-01-31T18:29:59.999Z 200 - - 168.818 ms
2026-01-31 15:05:08: 2026-01-31 15:05:08 [32minfo[39m: GET /api/attendance/range?start=2025-12-31T18:30:00.000Z&end=2026-01-31T18:29:59.999Z 304 - - 179.930 ms
2026-01-31 15:05:17: 2026-01-31 15:05:17 [32minfo[39m: OPTIONS /api/attendance/2026/1 200 0 - 0.320 ms
2026-01-31 15:05:17: 2026-01-31 15:05:17 [32minfo[39m: GET /api/attendance/2026/1 200 - - 150.441 ms
2026-01-31 15:05:23: 2026-01-31 15:05:23 [32minfo[39m: OPTIONS /api/attendance/manual 200 0 - 0.218 ms
2026-01-31 15:05:23: 2026-01-31 15:05:23 [32minfo[39m: POST /api/attendance/manual 200 371 - 109.904 ms
2026-01-31 15:05:23: 2026-01-31 15:05:23 [32minfo[39m: OPTIONS /api/attendance/range?start=2025-12-31T18:30:00.000Z&end=2026-01-31T18:29:59.999Z 200 0 - 0.297 ms
2026-01-31 15:05:23: 2026-01-31 15:05:23 [32minfo[39m: GET /api/attendance/range?start=2025-12-31T18:30:00.000Z&end=2026-01-31T18:29:59.999Z 200 - - 171.900 ms
2026-01-31 15:05:24: 2026-01-31 15:05:24 [32minfo[39m: GET /api/attendance/range?start=2025-12-31T18:30:00.000Z&end=2026-01-31T18:29:59.999Z 304 - - 140.453 ms
2026-01-31 15:05:34: 2026-01-31 15:05:34 [32minfo[39m: OPTIONS /api/attendance/2026/1/download 200 0 - 0.168 ms
2026-01-31 15:05:35: 2026-01-31 15:05:35 [32minfo[39m: GET /api/attendance/2026/1/download 200 - - 321.676 ms
2026-01-31 15:05:43: 🔗 Recorded user connection: 68fcc5bfb85c2281711925bb with socket 4hJ8vrzsKEyl4NpfAAAD
2026-01-31 15:05:47: 2026-01-31 15:05:47 [32minfo[39m: OPTIONS /api/attendance/2026/1 200 0 - 0.476 ms
2026-01-31 15:05:47: 2026-01-31 15:05:47 [32minfo[39m: GET /api/attendance/2026/1 200 - - 145.005 ms
2026-01-31 15:06:17: 2026-01-31 15:06:17 [32minfo[39m: OPTIONS /api/attendance/2026/1 200 0 - 0.537 ms
2026-01-31 15:06:17: 2026-01-31 15:06:17 [32minfo[39m: GET /api/attendance/2026/1 304 - - 149.024 ms
2026-01-31 15:06:43: 🔗 Recorded user connection: 68fcc5bfb85c2281711925bb with socket 4hJ8vrzsKEyl4NpfAAAD
2026-01-31 15:06:47: 2026-01-31 15:06:47 [32minfo[39m: OPTIONS /api/attendance/2026/1 200 0 - 0.333 ms
2026-01-31 15:06:47: 2026-01-31 15:06:47 [32minfo[39m: GET /api/attendance/2026/1 304 - - 154.388 ms
2026-01-31 15:07:17: 2026-01-31 15:07:17 [32minfo[39m: OPTIONS /api/attendance/2026/1 200 0 - 0.170 ms
2026-01-31 15:07:17: 2026-01-31 15:07:17 [32minfo[39m: GET /api/attendance/2026/1 304 - - 138.635 ms
2026-01-31 15:07:27: ⏰ Session timeout check triggered at 31/1/2026, 3:07:27 pm
2026-01-31 15:07:43: 🔗 Recorded user connection: 68fcc5bfb85c2281711925bb with socket 4hJ8vrzsKEyl4NpfAAAD
2026-01-31 15:07:47: 2026-01-31 15:07:47 [32minfo[39m: OPTIONS /api/attendance/2026/1 200 0 - 0.285 ms
2026-01-31 15:07:47: 2026-01-31 15:07:47 [32minfo[39m: GET /api/attendance/2026/1 304 - - 178.499 ms
2026-01-31 15:08:17: 2026-01-31 15:08:17 [32minfo[39m: OPTIONS /api/attendance/2026/1 200 0 - 0.211 ms
2026-01-31 15:08:17: 2026-01-31 15:08:17 [32minfo[39m: GET /api/attendance/2026/1 304 - - 152.744 ms
2026-01-31 15:08:26: 🔌 Socket 4hJ8vrzsKEyl4NpfAAAD disconnected. Reason: transport close
2026-01-31 15:08:26: 🚫 Recorded user disconnection: 68fcc5bfb85c2281711925bb
2026-01-31 15:08:26: 👤 User undefined (68fcc5bfb85c2281711925bb) disconnected
2026-01-31 15:08:30: 2026-01-31 15:08:30 [32minfo[39m: OPTIONS /api/messages/unread-count 200 0 - 0.392 ms
2026-01-31 15:08:30: 🔌 New socket connection: YIoyI4I3lRUwCg4CAAAF
2026-01-31 15:08:30: 🔗 Socket YIoyI4I3lRUwCg4CAAAF joined room user_68fcc5bfb85c2281711925bb (auto-join on connection)
2026-01-31 15:08:30: 🔗 Recorded user connection: 68fcc5bfb85c2281711925bb with socket YIoyI4I3lRUwCg4CAAAF
2026-01-31 15:08:30: 🚪 Socket YIoyI4I3lRUwCg4CAAAF joined user room user_68fcc5bfb85c2281711925bb
2026-01-31 15:08:30: 🚪 Socket YIoyI4I3lRUwCg4CAAAF joined user room user_68fcc5bfb85c2281711925bb
2026-01-31 15:08:30: 🚪 Socket YIoyI4I3lRUwCg4CAAAF joined user room user_68fcc5bfb85c2281711925bb
2026-01-31 15:08:30: 🚪 Socket YIoyI4I3lRUwCg4CAAAF joined user room user_68fcc5bfb85c2281711925bb
2026-01-31 15:08:30: 2026-01-31 15:08:30 [32minfo[39m: OPTIONS /api/messages/unread-count 200 0 - 0.293 ms
2026-01-31 15:08:30: 🚪 Socket YIoyI4I3lRUwCg4CAAAF joined user room user_68fcc5bfb85c2281711925bb
2026-01-31 15:08:30: 🔍 [DEBUG] Unread count endpoint hit
2026-01-31 15:08:30: 🔍 [DEBUG] req.user exists: [33mtrue[39m
2026-01-31 15:08:30: 🔍 [DEBUG] req.user.id: 68fcc5bfb85c2281711925bb
2026-01-31 15:08:30: 🔍 [DEBUG] req.user._id: new ObjectId([32m'68fcc5bfb85c2281711925bb'[39m)
2026-01-31 15:08:30: 🔍 [DEBUG] Extracted user ID: 68fcc5bfb85c2281711925bb
2026-01-31 15:08:30: 📬 Fetching unread count for user: 68fcc5bfb85c2281711925bb
2026-01-31 15:08:30: 🔍 [DEBUG] About to query database...
2026-01-31 15:08:31: 📬 Unread count result: [33m4[39m
2026-01-31 15:08:31: 2026-01-31 15:08:31 [32minfo[39m: GET /api/messages/unread-count 304 - - 64.210 ms
2026-01-31 15:08:31: 🔍 [DEBUG] Unread count endpoint hit
2026-01-31 15:08:31: 🔍 [DEBUG] req.user exists: [33mtrue[39m
2026-01-31 15:08:31: 🔍 [DEBUG] req.user.id: 68fcc5bfb85c2281711925bb
2026-01-31 15:08:31: 🔍 [DEBUG] req.user._id: new ObjectId([32m'68fcc5bfb85c2281711925bb'[39m)
2026-01-31 15:08:31: 🔍 [DEBUG] Extracted user ID: 68fcc5bfb85c2281711925bb
2026-01-31 15:08:31: 📬 Fetching unread count for user: 68fcc5bfb85c2281711925bb
2026-01-31 15:08:31: 🔍 [DEBUG] About to query database...
2026-01-31 15:08:31: 📬 Unread count result: [33m4[39m
2026-01-31 15:08:31: 2026-01-31 15:08:31 [32minfo[39m: GET /api/messages/unread-count 304 - - 57.029 ms
2026-01-31 15:08:31: 2026-01-31 15:08:31 [32minfo[39m: OPTIONS /api/attendance/2026/1 200 0 - 0.341 ms
2026-01-31 15:08:31: 2026-01-31 15:08:31 [32minfo[39m: OPTIONS /api/users 200 0 - 0.338 ms
2026-01-31 15:08:31: 2026-01-31 15:08:31 [32minfo[39m: OPTIONS /api/attendance/range?start=2025-12-31T18:30:00.000Z&end=2026-01-31T18:29:59.999Z 200 0 - 0.314 ms
2026-01-31 15:08:31: 2026-01-31 15:08:31 [32minfo[39m: OPTIONS /api/attendance/range?start=2025-12-31T18:30:00.000Z&end=2026-01-31T18:29:59.999Z 200 0 - 0.322 ms
2026-01-31 15:08:31: [DEBUG] Date range: Sat Jan 31 2026 00:00:00 GMT+0530 (India Standard Time) to Sat Jan 31 2026 23:59:59 GMT+0530 (India Standard Time)
2026-01-31 15:08:31: [DEBUG] Appointment stats found: 0 []
2026-01-31 15:08:32: 2026-01-31 15:08:32 [32minfo[39m: GET /api/attendance/2026/1 304 - - 292.046 ms
2026-01-31 15:08:32: 2026-01-31 15:08:32 [32minfo[39m: GET /api/users 200 - - 189.975 ms
2026-01-31 15:08:32: 2026-01-31 15:08:32 [32minfo[39m: GET /api/attendance/range?start=2025-12-31T18:30:00.000Z&end=2026-01-31T18:29:59.999Z 304 - - 334.403 ms
2026-01-31 15:08:32: [DEBUG] Date range: Sat Jan 31 2026 00:00:00 GMT+0530 (India Standard Time) to Sat Jan 31 2026 23:59:59 GMT+0530 (India Standard Time)
2026-01-31 15:08:32: [DEBUG] Appointment stats found: 0 []
2026-01-31 15:08:32: 2026-01-31 15:08:32 [32minfo[39m: GET /api/users 304 - - 142.535 ms
2026-01-31 15:08:32: 2026-01-31 15:08:32 [32minfo[39m: GET /api/attendance/2026/1 304 - - 285.880 ms
2026-01-31 15:08:32: 2026-01-31 15:08:32 [32minfo[39m: GET /api/attendance/range?start=2025-12-31T18:30:00.000Z&end=2026-01-31T18:29:59.999Z 304 - - 250.595 ms
2026-01-31 15:09:01: 2026-01-31 15:09:01 [32minfo[39m: OPTIONS /api/attendance/2026/1 200 0 - 0.339 ms
2026-01-31 15:09:01: 2026-01-31 15:09:01 [32minfo[39m: GET /api/attendance/2026/1 304 - - 133.888 ms
2026-01-31 15:09:31: 🔗 Recorded user connection: 68fcc5bfb85c2281711925bb with socket YIoyI4I3lRUwCg4CAAAF
2026-01-31 15:09:32: 2026-01-31 15:09:32 [32minfo[39m: OPTIONS /api/attendance/2026/1 200 0 - 0.357 ms
2026-01-31 15:09:32: 2026-01-31 15:09:32 [32minfo[39m: GET /api/attendance/2026/1 304 - - 136.091 ms
2026-01-31 15:10:02: 2026-01-31 15:10:02 [32minfo[39m: OPTIONS /api/attendance/2026/1 200 0 - 0.180 ms
2026-01-31 15:10:02: 2026-01-31 15:10:02 [32minfo[39m: GET /api/attendance/2026/1 304 - - 136.545 ms
2026-01-31 15:10:14: 2026-01-31 15:10:14 [32minfo[39m: OPTIONS /api/attendance/range?start=2025-12-31T18:30:00.000Z&end=2026-01-31T18:29:59.999Z 200 0 - 0.319 ms
2026-01-31 15:10:14: 2026-01-31 15:10:14 [32minfo[39m: GET /api/attendance/range?start=2025-12-31T18:30:00.000Z&end=2026-01-31T18:29:59.999Z 304 - - 146.905 ms
2026-01-31 15:10:31: 🔗 Recorded user connection: 68fcc5bfb85c2281711925bb with socket YIoyI4I3lRUwCg4CAAAF
2026-01-31 15:10:32: 2026-01-31 15:10:32 [32minfo[39m: OPTIONS /api/attendance/2026/1 200 0 - 0.308 ms
2026-01-31 15:10:32: 2026-01-31 15:10:32 [32minfo[39m: GET /api/attendance/2026/1 304 - - 153.117 ms
2026-01-31 15:11:02: 2026-01-31 15:11:02 [32minfo[39m: OPTIONS /api/attendance/2026/1 200 0 - 0.295 ms
2026-01-31 15:11:02: 2026-01-31 15:11:02 [32minfo[39m: GET /api/attendance/2026/1 304 - - 164.768 ms
2026-01-31 15:11:31: 🔗 Recorded user connection: 68fcc5bfb85c2281711925bb with socket YIoyI4I3lRUwCg4CAAAF
2026-01-31 15:11:32: 2026-01-31 15:11:32 [32minfo[39m: OPTIONS /api/attendance/2026/1 200 0 - 0.249 ms
2026-01-31 15:11:32: 2026-01-31 15:11:32 [32minfo[39m: GET /api/attendance/2026/1 304 - - 185.408 ms
2026-01-31 15:11:53: 2026-01-31 15:11:53 [32minfo[39m: OPTIONS /api/attendance/range?start=2025-12-31T18:30:00.000Z&end=2026-01-31T18:29:59.999Z 200 0 - 0.363 ms
2026-01-31 15:11:53: 2026-01-31 15:11:53 [32minfo[39m: GET /api/attendance/range?start=2025-12-31T18:30:00.000Z&end=2026-01-31T18:29:59.999Z 304 - - 168.824 ms
2026-01-31 15:12:02: 2026-01-31 15:12:02 [32minfo[39m: OPTIONS /api/attendance/2026/1 200 0 - 0.357 ms
2026-01-31 15:12:02: 2026-01-31 15:12:02 [32minfo[39m: GET /api/attendance/2026/1 304 - - 194.029 ms
2026-01-31 15:12:27: ⏰ Session timeout check triggered at 31/1/2026, 3:12:27 pm
2026-01-31 15:12:32: 🔗 Recorded user connection: 68fcc5bfb85c2281711925bb with socket YIoyI4I3lRUwCg4CAAAF
2026-01-31 15:12:54: 2026-01-31 15:12:54 [32minfo[39m: OPTIONS /api/attendance/2026/1 200 0 - 0.197 ms
2026-01-31 15:12:54: 2026-01-31 15:12:54 [32minfo[39m: GET /api/attendance/2026/1 304 - - 151.767 ms
2026-01-31 15:13:02: 2026-01-31 15:13:02 [32minfo[39m: OPTIONS /api/attendance/2026/1 200 0 - 0.469 ms
2026-01-31 15:13:02: 2026-01-31 15:13:02 [32minfo[39m: GET /api/attendance/2026/1 304 - - 151.040 ms
2026-01-31 15:13:05: 🔌 Socket YIoyI4I3lRUwCg4CAAAF disconnected. Reason: transport close
2026-01-31 15:13:05: 🚫 Recorded user disconnection: 68fcc5bfb85c2281711925bb
2026-01-31 15:13:05: 👤 User undefined (68fcc5bfb85c2281711925bb) disconnected
2026-01-31 15:13:06: 2026-01-31 15:13:06 [32minfo[39m: OPTIONS /api/messages/unread-count 200 0 - 0.291 ms
2026-01-31 15:13:06: 🔌 New socket connection: 4YElHzobvvnVZtitAAAH
2026-01-31 15:13:06: 🔗 Socket 4YElHzobvvnVZtitAAAH joined room user_68fcc5bfb85c2281711925bb (auto-join on connection)
2026-01-31 15:13:06: 🔗 Recorded user connection: 68fcc5bfb85c2281711925bb with socket 4YElHzobvvnVZtitAAAH
2026-01-31 15:13:06: 🚪 Socket 4YElHzobvvnVZtitAAAH joined user room user_68fcc5bfb85c2281711925bb
2026-01-31 15:13:06: 🔍 [DEBUG] Unread count endpoint hit
2026-01-31 15:13:06: 🔍 [DEBUG] req.user exists: [33mtrue[39m
2026-01-31 15:13:06: 🔍 [DEBUG] req.user.id: 68fcc5bfb85c2281711925bb
2026-01-31 15:13:06: 🔍 [DEBUG] req.user._id: new ObjectId([32m'68fcc5bfb85c2281711925bb'[39m)
2026-01-31 15:13:06: 🔍 [DEBUG] Extracted user ID: 68fcc5bfb85c2281711925bb
2026-01-31 15:13:06: 📬 Fetching unread count for user: 68fcc5bfb85c2281711925bb
2026-01-31 15:13:06: 🔍 [DEBUG] About to query database...
2026-01-31 15:13:06: 🚪 Socket 4YElHzobvvnVZtitAAAH joined user room user_68fcc5bfb85c2281711925bb
2026-01-31 15:13:06: 🚪 Socket 4YElHzobvvnVZtitAAAH joined user room user_68fcc5bfb85c2281711925bb
2026-01-31 15:13:06: 🚪 Socket 4YElHzobvvnVZtitAAAH joined user room user_68fcc5bfb85c2281711925bb
2026-01-31 15:13:06: 📬 Unread count result: [33m4[39m
2026-01-31 15:13:06: 2026-01-31 15:13:06 [32minfo[39m: GET /api/messages/unread-count 304 - - 72.595 ms
2026-01-31 15:13:06: 🚪 Socket 4YElHzobvvnVZtitAAAH joined user room user_68fcc5bfb85c2281711925bb
2026-01-31 15:13:06: 🔍 [DEBUG] Unread count endpoint hit
2026-01-31 15:13:06: 🔍 [DEBUG] req.user exists: [33mtrue[39m
2026-01-31 15:13:06: 🔍 [DEBUG] req.user.id: 68fcc5bfb85c2281711925bb
2026-01-31 15:13:06: 🔍 [DEBUG] req.user._id: new ObjectId([32m'68fcc5bfb85c2281711925bb'[39m)
2026-01-31 15:13:06: 🔍 [DEBUG] Extracted user ID: 68fcc5bfb85c2281711925bb
2026-01-31 15:13:06: 📬 Fetching unread count for user: 68fcc5bfb85c2281711925bb
2026-01-31 15:13:06: 🔍 [DEBUG] About to query database...
2026-01-31 15:13:06: 📬 Unread count result: [33m4[39m
2026-01-31 15:13:06: 2026-01-31 15:13:06 [32minfo[39m: GET /api/messages/unread-count 304 - - 73.112 ms
2026-01-31 15:13:06: 2026-01-31 15:13:06 [32minfo[39m: OPTIONS /api/users 200 0 - 0.360 ms
2026-01-31 15:13:06: 2026-01-31 15:13:06 [32minfo[39m: OPTIONS /api/attendance/range?start=2025-12-31T18:30:00.000Z&end=2026-01-31T18:29:59.999Z 200 0 - 0.408 ms
2026-01-31 15:13:06: 2026-01-31 15:13:06 [32minfo[39m: OPTIONS /api/attendance/range?start=2025-12-31T18:30:00.000Z&end=2026-01-31T18:29:59.999Z 200 0 - 0.433 ms
2026-01-31 15:13:06: 2026-01-31 15:13:06 [32minfo[39m: GET /api/attendance/2026/1 304 - - 268.409 ms
2026-01-31 15:13:06: 2026-01-31 15:13:06 [32minfo[39m: GET /api/attendance/range?start=2025-12-31T18:30:00.000Z&end=2026-01-31T18:29:59.999Z 304 - - 314.753 ms
2026-01-31 15:13:06: [DEBUG] Date range: Sat Jan 31 2026 00:00:00 GMT+0530 (India Standard Time) to Sat Jan 31 2026 23:59:59 GMT+0530 (India Standard Time)
2026-01-31 15:13:06: [DEBUG] Appointment stats found: 0 []
2026-01-31 15:13:07: 2026-01-31 15:13:07 [32minfo[39m: GET /api/users 200 - - 449.776 ms
2026-01-31 15:13:07: 2026-01-31 15:13:07 [32minfo[39m: GET /api/attendance/2026/1 304 - - 304.857 ms
2026-01-31 15:13:07: [DEBUG] Date range: Sat Jan 31 2026 00:00:00 GMT+0530 (India Standard Time) to Sat Jan 31 2026 23:59:59 GMT+0530 (India Standard Time)
2026-01-31 15:13:07: [DEBUG] Appointment stats found: 0 []
2026-01-31 15:13:07: 2026-01-31 15:13:07 [32minfo[39m: GET /api/users 304 - - 155.911 ms
2026-01-31 15:13:07: 2026-01-31 15:13:07 [32minfo[39m: GET /api/attendance/range?start=2025-12-31T18:30:00.000Z&end=2026-01-31T18:29:59.999Z 304 - - 263.825 ms
2026-01-31 15:13:37: 2026-01-31 15:13:37 [32minfo[39m: OPTIONS /api/attendance/2026/1 200 0 - 0.244 ms
2026-01-31 15:13:37: 2026-01-31 15:13:37 [32minfo[39m: GET /api/attendance/2026/1 304 - - 167.395 ms
2026-01-31 15:14:06: 🔗 Recorded user connection: 68fcc5bfb85c2281711925bb with socket 4YElHzobvvnVZtitAAAH
2026-01-31 15:14:07: 2026-01-31 15:14:07 [32minfo[39m: OPTIONS /api/attendance/2026/1 200 0 - 0.200 ms
2026-01-31 15:14:07: 2026-01-31 15:14:07 [32minfo[39m: GET /api/attendance/2026/1 304 - - 168.430 ms
2026-01-31 15:14:37: 2026-01-31 15:14:37 [32minfo[39m: OPTIONS /api/attendance/2026/1 200 0 - 0.351 ms
2026-01-31 15:14:37: 2026-01-31 15:14:37 [32minfo[39m: GET /api/attendance/2026/1 304 - - 161.226 ms
2026-01-31 15:15:06: 🔗 Recorded user connection: 68fcc5bfb85c2281711925bb with socket 4YElHzobvvnVZtitAAAH
2026-01-31 15:15:07: 2026-01-31 15:15:07 [32minfo[39m: OPTIONS /api/attendance/2026/1 200 0 - 0.310 ms
2026-01-31 15:15:07: 2026-01-31 15:15:07 [32minfo[39m: GET /api/attendance/2026/1 304 - - 136.188 ms
2026-01-31 15:15:37: 2026-01-31 15:15:37 [32minfo[39m: OPTIONS /api/attendance/2026/1 200 0 - 0.173 ms
2026-01-31 15:15:37: 2026-01-31 15:15:37 [32minfo[39m: GET /api/attendance/2026/1 304 - - 139.594 ms
2026-01-31 15:16:06: 🔗 Recorded user connection: 68fcc5bfb85c2281711925bb with socket 4YElHzobvvnVZtitAAAH
2026-01-31 15:16:07: 2026-01-31 15:16:07 [32minfo[39m: OPTIONS /api/attendance/2026/1 200 0 - 0.177 ms
2026-01-31 15:16:07: 2026-01-31 15:16:07 [32minfo[39m: GET /api/attendance/2026/1 304 - - 167.284 ms
2026-01-31 15:16:55: 2026-01-31 15:16:55 [32minfo[39m: OPTIONS /api/attendance/2026/1 200 0 - 0.397 ms
2026-01-31 15:16:55: 2026-01-31 15:16:55 [32minfo[39m: GET /api/attendance/2026/1 304 - - 382.861 ms
2026-01-31 15:17:06: 🔗 Recorded user connection: 68fcc5bfb85c2281711925bb with socket 4YElHzobvvnVZtitAAAH
2026-01-31 15:17:27: ⏰ Session timeout check triggered at 31/1/2026, 3:17:27 pm
2026-01-31 15:17:54: 2026-01-31 15:17:54 [32minfo[39m: OPTIONS /api/attendance/2026/1 200 0 - 0.268 ms
2026-01-31 15:17:54: 2026-01-31 15:17:54 [32minfo[39m: GET /api/attendance/2026/1 304 - - 144.913 ms
2026-01-31 15:18:06: 🔗 Recorded user connection: 68fcc5bfb85c2281711925bb with socket 4YElHzobvvnVZtitAAAH
2026-01-31 15:18:54: 2026-01-31 15:18:54 [32minfo[39m: OPTIONS /api/attendance/2026/1 200 0 - 0.343 ms
2026-01-31 15:18:54: 2026-01-31 15:18:54 [32minfo[39m: GET /api/attendance/2026/1 304 - - 167.090 ms
2026-01-31 15:19:06: 🔗 Recorded user connection: 68fcc5bfb85c2281711925bb with socket 4YElHzobvvnVZtitAAAH
2026-01-31 15:19:54: 2026-01-31 15:19:54 [32minfo[39m: OPTIONS /api/attendance/2026/1 200 0 - 0.306 ms
2026-01-31 15:19:54: 2026-01-31 15:19:54 [32minfo[39m: GET /api/attendance/2026/1 304 - - 134.855 ms
2026-01-31 15:20:54: 🔗 Recorded user connection: 68fcc5bfb85c2281711925bb with socket 4YElHzobvvnVZtitAAAH
2026-01-31 15:20:54: 2026-01-31 15:20:54 [32minfo[39m: OPTIONS /api/attendance/2026/1 200 0 - 0.200 ms
2026-01-31 15:20:54: 2026-01-31 15:20:54 [32minfo[39m: GET /api/attendance/2026/1 304 - - 136.674 ms
2026-01-31 15:21:54: 🔗 Recorded user connection: 68fcc5bfb85c2281711925bb with socket 4YElHzobvvnVZtitAAAH
2026-01-31 15:21:54: 2026-01-31 15:21:54 [32minfo[39m: OPTIONS /api/attendance/2026/1 200 0 - 0.309 ms
2026-01-31 15:21:54: 2026-01-31 15:21:54 [32minfo[39m: GET /api/attendance/2026/1 304 - - 161.317 ms
2026-01-31 15:22:27: ⏰ Session timeout check triggered at 31/1/2026, 3:22:27 pm
2026-01-31 15:22:54: 🔗 Recorded user connection: 68fcc5bfb85c2281711925bb with socket 4YElHzobvvnVZtitAAAH
2026-01-31 15:22:54: 2026-01-31 15:22:54 [32minfo[39m: OPTIONS /api/attendance/2026/1 200 0 - 0.400 ms
2026-01-31 15:22:54: 2026-01-31 15:22:54 [32minfo[39m: GET /api/attendance/2026/1 304 - - 157.232 ms
2026-01-31 15:23:54: 🔗 Recorded user connection: 68fcc5bfb85c2281711925bb with socket 4YElHzobvvnVZtitAAAH
2026-01-31 15:23:54: 2026-01-31 15:23:54 [32minfo[39m: OPTIONS /api/attendance/2026/1 200 0 - 0.280 ms
2026-01-31 15:23:54: 2026-01-31 15:23:54 [32minfo[39m: GET /api/attendance/2026/1 304 - - 144.351 ms
2026-01-31 15:24:54: 🔗 Recorded user connection: 68fcc5bfb85c2281711925bb with socket 4YElHzobvvnVZtitAAAH
2026-01-31 15:24:54: 2026-01-31 15:24:54 [32minfo[39m: OPTIONS /api/attendance/2026/1 200 0 - 0.450 ms
2026-01-31 15:24:54: 2026-01-31 15:24:54 [32minfo[39m: GET /api/attendance/2026/1 304 - - 336.616 ms
2026-01-31 15:25:54: 🔗 Recorded user connection: 68fcc5bfb85c2281711925bb with socket 4YElHzobvvnVZtitAAAH
2026-01-31 15:25:54: 2026-01-31 15:25:54 [32minfo[39m: OPTIONS /api/attendance/2026/1 200 0 - 0.341 ms
2026-01-31 15:25:54: 2026-01-31 15:25:54 [32minfo[39m: GET /api/attendance/2026/1 304 - - 155.671 ms
2026-01-31 15:26:54: 🔗 Recorded user connection: 68fcc5bfb85c2281711925bb with socket 4YElHzobvvnVZtitAAAH
2026-01-31 15:26:54: 2026-01-31 15:26:54 [32minfo[39m: OPTIONS /api/attendance/2026/1 200 0 - 0.277 ms
2026-01-31 15:26:54: 2026-01-31 15:26:54 [32minfo[39m: GET /api/attendance/2026/1 304 - - 148.838 ms
2026-01-31 15:27:27: ⏰ Session timeout check triggered at 31/1/2026, 3:27:27 pm
2026-01-31 15:27:54: 🔗 Recorded user connection: 68fcc5bfb85c2281711925bb with socket 4YElHzobvvnVZtitAAAH
2026-01-31 15:27:54: 2026-01-31 15:27:54 [32minfo[39m: OPTIONS /api/attendance/2026/1 200 0 - 0.289 ms
2026-01-31 15:27:54: 2026-01-31 15:27:54 [32minfo[39m: GET /api/attendance/2026/1 304 - - 181.846 ms
2026-01-31 15:28:54: 🔗 Recorded user connection: 68fcc5bfb85c2281711925bb with socket 4YElHzobvvnVZtitAAAH
2026-01-31 15:28:54: 2026-01-31 15:28:54 [32minfo[39m: OPTIONS /api/attendance/2026/1 200 0 - 0.353 ms
2026-01-31 15:28:54: 2026-01-31 15:28:54 [32minfo[39m: GET /api/attendance/2026/1 304 - - 161.336 ms
2026-01-31 15:29:06: 🔗 Recorded user connection: 68fcc5bfb85c2281711925bb with socket 4YElHzobvvnVZtitAAAH
2026-01-31 15:29:06: 2026-01-31 15:29:06 [32minfo[39m: OPTIONS /api/attendance/2026/1 200 0 - 0.218 ms
2026-01-31 15:29:06: 2026-01-31 15:29:06 [32minfo[39m: GET /api/attendance/2026/1 304 - - 163.482 ms
2026-01-31 15:29:36: 2026-01-31 15:29:36 [32minfo[39m: OPTIONS /api/attendance/2026/1 200 0 - 0.630 ms
2026-01-31 15:29:36: 2026-01-31 15:29:36 [32minfo[39m: GET /api/attendance/2026/1 304 - - 204.766 ms
2026-01-31 15:29:40: 2026-01-31 15:29:40 [32minfo[39m: OPTIONS /api/appointments/revenue/reports 200 0 - 0.343 ms
2026-01-31 15:29:40: 2026-01-31 15:29:40 [32minfo[39m: OPTIONS /api/appointments 200 0 - 0.348 ms
2026-01-31 15:29:40: 2026-01-31 15:29:40 [32minfo[39m: OPTIONS /api/tasks 200 0 - 0.396 ms
2026-01-31 15:29:40: 2026-01-31 15:29:40 [32minfo[39m: OPTIONS /api/attendance/range?start=2025-12-31T18:30:00.000Z&end=2026-01-31T18:29:59.999Z 200 0 - 0.349 ms
2026-01-31 15:29:40: 2026-01-31 15:29:40 [32minfo[39m: OPTIONS /api/admin-status 200 0 - 0.329 ms
2026-01-31 15:29:40: 2026-01-31 15:29:40 [32minfo[39m: OPTIONS /api/appointments/stats?month=1&year=2026 200 0 - 0.330 ms
2026-01-31 15:29:40: 2026-01-31 15:29:40 [32minfo[39m: OPTIONS /api/appointments/stats?month=12&year=2025 200 0 - 0.310 ms
2026-01-31 15:29:40: 2026-01-31 15:29:40 [32minfo[39m: OPTIONS /api/appointments/revenue 200 0 - 0.291 ms
2026-01-31 15:29:40: 2026-01-31 15:29:40 [32minfo[39m: OPTIONS /api/users 200 0 - 0.295 ms
2026-01-31 15:29:40: 2026-01-31 15:29:40 [32minfo[39m: OPTIONS /api/users/all 200 0 - 0.380 ms
2026-01-31 15:29:40: 2026-01-31 15:29:40 [32minfo[39m: OPTIONS /api/users/all 200 0 - 0.502 ms
2026-01-31 15:29:40: 2026-01-31 15:29:40 [32minfo[39m: GET /api/appointments/revenue/reports 304 - - 57.263 ms
2026-01-31 15:29:40: 2026-01-31 15:29:40 [32minfo[39m: GET /api/tasks 304 - - 204.160 ms
2026-01-31 15:29:41: 2026-01-31 15:29:41 [32minfo[39m: GET /api/admin-status 304 - - 290.701 ms
2026-01-31 15:29:41: 2026-01-31 15:29:41 [32minfo[39m: GET /api/appointments 304 - - 497.384 ms
2026-01-31 15:29:41: 2026-01-31 15:29:41 [32minfo[39m: GET /api/appointments/stats?month=12&year=2025 304 - - 372.104 ms
2026-01-31 15:29:41: 2026-01-31 15:29:41 [32minfo[39m: GET /api/appointments/stats?month=1&year=2026 304 - - 305.256 ms
2026-01-31 15:29:41: 2026-01-31 15:29:41 [32minfo[39m: GET /api/attendance/range?start=2025-12-31T18:30:00.000Z&end=2026-01-31T18:29:59.999Z 304 - - 652.856 ms
2026-01-31 15:29:41: 2026-01-31 15:29:41 [32minfo[39m: GET /api/appointments/revenue 304 - - 480.022 ms
2026-01-31 15:29:41: 2026-01-31 15:29:41 [32minfo[39m: GET /api/appointments/revenue/reports 304 - - 625.314 ms
2026-01-31 15:29:42: [DEBUG] Date range: Sat Jan 31 2026 00:00:00 GMT+0530 (India Standard Time) to Sat Jan 31 2026 23:59:59 GMT+0530 (India Standard Time)
2026-01-31 15:29:42: [DEBUG] Appointment stats found: 0 []
2026-01-31 15:29:42: 2026-01-31 15:29:42 [32minfo[39m: GET /api/admin-status 304 - - 1348.135 ms
2026-01-31 15:29:42: 2026-01-31 15:29:42 [32minfo[39m: GET /api/tasks 304 - - 1421.813 ms
2026-01-31 15:29:42: 2026-01-31 15:29:42 [32minfo[39m: GET /api/users/all 200 - - 622.838 ms
2026-01-31 15:29:42: 2026-01-31 15:29:42 [32minfo[39m: GET /api/users 200 - - 1605.223 ms
2026-01-31 15:29:43: 2026-01-31 15:29:43 [32minfo[39m: GET /api/appointments 304 - - 851.392 ms
2026-01-31 15:29:43: 2026-01-31 15:29:43 [32minfo[39m: GET /api/appointments/stats?month=1&year=2026 304 - - 275.408 ms
2026-01-31 15:29:43: 2026-01-31 15:29:43 [32minfo[39m: GET /api/users/all 304 - - 245.615 ms
2026-01-31 15:29:43: 2026-01-31 15:29:43 [32minfo[39m: GET /api/appointments/revenue 304 - - 424.666 ms
2026-01-31 15:29:43: 2026-01-31 15:29:43 [32minfo[39m: GET /api/attendance/range?start=2025-12-31T18:30:00.000Z&end=2026-01-31T18:29:59.999Z 304 - - 476.323 ms
2026-01-31 15:29:43: 2026-01-31 15:29:43 [32minfo[39m: GET /api/tasks 304 - - 270.443 ms
2026-01-31 15:29:43: 2026-01-31 15:29:43 [32minfo[39m: GET /api/appointments/stats?month=12&year=2025 304 - - 928.107 ms
2026-01-31 15:29:43: [DEBUG] Date range: Sat Jan 31 2026 00:00:00 GMT+0530 (India Standard Time) to Sat Jan 31 2026 23:59:59 GMT+0530 (India Standard Time)
2026-01-31 15:29:43: [DEBUG] Appointment stats found: 0 []
2026-01-31 15:29:43: 2026-01-31 15:29:43 [32minfo[39m: GET /api/users 304 - - 291.998 ms
2026-01-31 15:29:43: 2026-01-31 15:29:43 [32minfo[39m: GET /api/tasks 304 - - 93.495 ms
2026-01-31 15:29:50: 2026-01-31 15:29:50 [32minfo[39m: OPTIONS /api/appointments/stats?month=1&year=2026 200 0 - 0.476 ms
2026-01-31 15:29:50: 2026-01-31 15:29:50 [32minfo[39m: OPTIONS /api/appointments/stats?month=12&year=2025 200 0 - 0.240 ms
2026-01-31 15:29:50: 2026-01-31 15:29:50 [32minfo[39m: OPTIONS /api/appointments/revenue 200 0 - 0.341 ms
2026-01-31 15:29:50: 2026-01-31 15:29:50 [32minfo[39m: OPTIONS /api/users 200 0 - 0.253 ms
2026-01-31 15:29:50: 2026-01-31 15:29:50 [32minfo[39m: GET /api/appointments/stats?month=1&year=2026 304 - - 51.440 ms
2026-01-31 15:29:50: 2026-01-31 15:29:50 [32minfo[39m: GET /api/appointments/stats?month=12&year=2025 304 - - 49.650 ms
2026-01-31 15:29:50: 2026-01-31 15:29:50 [32minfo[39m: GET /api/appointments/revenue 304 - - 79.276 ms
2026-01-31 15:29:50: [DEBUG] Date range: Sat Jan 31 2026 00:00:00 GMT+0530 (India Standard Time) to Sat Jan 31 2026 23:59:59 GMT+0530 (India Standard Time)
2026-01-31 15:29:50: [DEBUG] Appointment stats found: 0 []
2026-01-31 15:29:50: 2026-01-31 15:29:50 [32minfo[39m: GET /api/users 304 - - 146.393 ms
2026-01-31 15:30:01: 2026-01-31 15:30:01 [32minfo[39m: OPTIONS /api/appointments/stats?month=1&year=2026 200 0 - 0.298 ms
2026-01-31 15:30:01: 2026-01-31 15:30:01 [32minfo[39m: OPTIONS /api/appointments/stats?month=12&year=2025 200 0 - 0.203 ms
2026-01-31 15:30:01: 2026-01-31 15:30:01 [32minfo[39m: OPTIONS /api/appointments/revenue 200 0 - 0.312 ms
2026-01-31 15:30:01: 2026-01-31 15:30:01 [32minfo[39m: OPTIONS /api/users 200 0 - 0.289 ms
2026-01-31 15:30:01: 2026-01-31 15:30:01 [32minfo[39m: GET /api/appointments/stats?month=1&year=2026 304 - - 52.736 ms
2026-01-31 15:30:01: 2026-01-31 15:30:01 [32minfo[39m: GET /api/appointments/stats?month=12&year=2025 304 - - 63.030 ms
2026-01-31 15:30:01: 2026-01-31 15:30:01 [32minfo[39m: GET /api/appointments/revenue 304 - - 90.415 ms
2026-01-31 15:30:01: [DEBUG] Date range: Sat Jan 31 2026 00:00:00 GMT+0530 (India Standard Time) to Sat Jan 31 2026 23:59:59 GMT+0530 (India Standard Time)
2026-01-31 15:30:01: [DEBUG] Appointment stats found: 0 []
2026-01-31 15:30:01: 2026-01-31 15:30:01 [32minfo[39m: GET /api/users 200 - - 144.619 ms
2026-01-31 15:30:06: 🔗 Recorded user connection: 68fcc5bfb85c2281711925bb with socket 4YElHzobvvnVZtitAAAH
2026-01-31 15:30:07: 2026-01-31 15:30:07 [32minfo[39m: OPTIONS /api/attendance/2026/1 200 0 - 0.290 ms
2026-01-31 15:30:07: 2026-01-31 15:30:07 [32minfo[39m: GET /api/attendance/2026/1 304 - - 166.804 ms
2026-01-31 15:30:11: 2026-01-31 15:30:11 [32minfo[39m: OPTIONS /api/users/all 200 0 - 0.259 ms
2026-01-31 15:30:11: 2026-01-31 15:30:11 [32minfo[39m: OPTIONS /api/attendance/range?start=2025-12-31T18:30:00.000Z&end=2026-01-31T18:29:59.999Z 200 0 - 0.275 ms
2026-01-31 15:30:11: 2026-01-31 15:30:11 [32minfo[39m: OPTIONS /api/appointments/stats?month=1&year=2026 200 0 - 0.226 ms
2026-01-31 15:30:11: 2026-01-31 15:30:11 [32minfo[39m: OPTIONS /api/appointments/stats?month=12&year=2025 200 0 - 0.298 ms
2026-01-31 15:30:11: 2026-01-31 15:30:11 [32minfo[39m: OPTIONS /api/appointments/revenue 200 0 - 0.262 ms
2026-01-31 15:30:11: 2026-01-31 15:30:11 [32minfo[39m: OPTIONS /api/users 200 0 - 0.292 ms
2026-01-31 15:30:11: 2026-01-31 15:30:11 [32minfo[39m: GET /api/attendance/range?start=2025-12-31T18:30:00.000Z&end=2026-01-31T18:29:59.999Z 304 - - 185.569 ms
2026-01-31 15:30:11: 2026-01-31 15:30:11 [32minfo[39m: GET /api/users/all 200 - - 123.242 ms
2026-01-31 15:30:11: 2026-01-31 15:30:11 [32minfo[39m: GET /api/appointments/stats?month=1&year=2026 304 - - 54.152 ms
2026-01-31 15:30:11: 2026-01-31 15:30:11 [32minfo[39m: GET /api/appointments/stats?month=12&year=2025 304 - - 50.501 ms
2026-01-31 15:30:11: 2026-01-31 15:30:11 [32minfo[39m: GET /api/appointments/revenue 304 - - 82.914 ms
2026-01-31 15:30:11: [DEBUG] Date range: Sat Jan 31 2026 00:00:00 GMT+0530 (India Standard Time) to Sat Jan 31 2026 23:59:59 GMT+0530 (India Standard Time)
2026-01-31 15:30:11: [DEBUG] Appointment stats found: 0 []
2026-01-31 15:30:11: 2026-01-31 15:30:11 [32minfo[39m: GET /api/users 200 - - 140.538 ms
2026-01-31 15:30:21: 2026-01-31 15:30:21 [32minfo[39m: OPTIONS /api/appointments/stats?month=1&year=2026 200 0 - 0.320 ms
2026-01-31 15:30:21: 2026-01-31 15:30:21 [32minfo[39m: OPTIONS /api/appointments/stats?month=12&year=2025 200 0 - 0.286 ms
2026-01-31 15:30:21: 2026-01-31 15:30:21 [32minfo[39m: OPTIONS /api/appointments/revenue 200 0 - 0.280 ms
2026-01-31 15:30:21: 2026-01-31 15:30:21 [32minfo[39m: OPTIONS /api/users 200 0 - 0.278 ms
2026-01-31 15:30:21: 2026-01-31 15:30:21 [32minfo[39m: GET /api/appointments/stats?month=1&year=2026 304 - - 50.650 ms
2026-01-31 15:30:21: 2026-01-31 15:30:21 [32minfo[39m: GET /api/appointments/stats?month=12&year=2025 304 - - 50.793 ms
2026-01-31 15:30:21: 2026-01-31 15:30:21 [32minfo[39m: GET /api/appointments/revenue 304 - - 86.032 ms
2026-01-31 15:30:21: [DEBUG] Date range: Sat Jan 31 2026 00:00:00 GMT+0530 (India Standard Time) to Sat Jan 31 2026 23:59:59 GMT+0530 (India Standard Time)
2026-01-31 15:30:21: [DEBUG] Appointment stats found: 0 []
2026-01-31 15:30:21: 2026-01-31 15:30:21 [32minfo[39m: GET /api/users 304 - - 138.430 ms
2026-01-31 15:30:31: 2026-01-31 15:30:31 [32minfo[39m: OPTIONS /api/appointments/stats?month=1&year=2026 200 0 - 0.263 ms
2026-01-31 15:30:31: 2026-01-31 15:30:31 [32minfo[39m: OPTIONS /api/appointments/stats?month=12&year=2025 200 0 - 0.159 ms
2026-01-31 15:30:31: 2026-01-31 15:30:31 [32minfo[39m: OPTIONS /api/appointments/revenue 200 0 - 0.383 ms
2026-01-31 15:30:31: 2026-01-31 15:30:31 [32minfo[39m: OPTIONS /api/users 200 0 - 0.271 ms
2026-01-31 15:30:31: 2026-01-31 15:30:31 [32minfo[39m: GET /api/appointments/stats?month=1&year=2026 304 - - 51.093 ms
2026-01-31 15:30:31: 2026-01-31 15:30:31 [32minfo[39m: GET /api/appointments/stats?month=12&year=2025 304 - - 50.983 ms
2026-01-31 15:30:31: 2026-01-31 15:30:31 [32minfo[39m: GET /api/appointments/revenue 304 - - 84.366 ms
2026-01-31 15:30:31: [DEBUG] Date range: Sat Jan 31 2026 00:00:00 GMT+0530 (India Standard Time) to Sat Jan 31 2026 23:59:59 GMT+0530 (India Standard Time)
2026-01-31 15:30:31: [DEBUG] Appointment stats found: 0 []
2026-01-31 15:30:31: 2026-01-31 15:30:31 [32minfo[39m: GET /api/users 304 - - 136.087 ms
2026-01-31 15:30:37: 2026-01-31 15:30:37 [32minfo[39m: OPTIONS /api/attendance/2026/1 200 0 - 0.285 ms
2026-01-31 15:30:37: 2026-01-31 15:30:37 [32minfo[39m: GET /api/attendance/2026/1 304 - - 158.860 ms
2026-01-31 15:30:41: 2026-01-31 15:30:41 [32minfo[39m: OPTIONS /api/users/all 200 0 - 0.183 ms
2026-01-31 15:30:41: 2026-01-31 15:30:41 [32minfo[39m: OPTIONS /api/attendance/range?start=2025-12-31T18:30:00.000Z&end=2026-01-31T18:29:59.999Z 200 0 - 0.323 ms
2026-01-31 15:30:41: 2026-01-31 15:30:41 [32minfo[39m: GET /api/users/all 304 - - 129.782 ms
2026-01-31 15:30:41: 2026-01-31 15:30:41 [32minfo[39m: OPTIONS /api/appointments/stats?month=1&year=2026 200 0 - 0.245 ms
2026-01-31 15:30:41: 2026-01-31 15:30:41 [32minfo[39m: OPTIONS /api/appointments/stats?month=12&year=2025 200 0 - 0.494 ms
2026-01-31 15:30:41: 2026-01-31 15:30:41 [32minfo[39m: OPTIONS /api/appointments/revenue 200 0 - 0.291 ms
2026-01-31 15:30:41: 2026-01-31 15:30:41 [32minfo[39m: OPTIONS /api/users 200 0 - 0.267 ms
2026-01-31 15:30:41: 2026-01-31 15:30:41 [32minfo[39m: GET /api/attendance/range?start=2025-12-31T18:30:00.000Z&end=2026-01-31T18:29:59.999Z 304 - - 192.282 ms
2026-01-31 15:30:41: 2026-01-31 15:30:41 [32minfo[39m: GET /api/appointments/stats?month=1&year=2026 304 - - 87.718 ms
2026-01-31 15:30:41: 2026-01-31 15:30:41 [32minfo[39m: GET /api/appointments/stats?month=12&year=2025 304 - - 79.524 ms
2026-01-31 15:30:41: 2026-01-31 15:30:41 [32minfo[39m: GET /api/appointments/revenue 304 - - 105.170 ms
2026-01-31 15:30:41: [DEBUG] Date range: Sat Jan 31 2026 00:00:00 GMT+0530 (India Standard Time) to Sat Jan 31 2026 23:59:59 GMT+0530 (India Standard Time)
2026-01-31 15:30:41: [DEBUG] Appointment stats found: 0 []
2026-01-31 15:30:41: 2026-01-31 15:30:41 [32minfo[39m: GET /api/users 304 - - 170.521 ms
2026-01-31 15:30:51: 2026-01-31 15:30:51 [32minfo[39m: OPTIONS /api/appointments/stats?month=1&year=2026 200 0 - 0.251 ms
2026-01-31 15:30:51: 2026-01-31 15:30:51 [32minfo[39m: OPTIONS /api/appointments/stats?month=12&year=2025 200 0 - 0.318 ms
2026-01-31 15:30:51: 2026-01-31 15:30:51 [32minfo[39m: OPTIONS /api/appointments/revenue 200 0 - 0.285 ms
2026-01-31 15:30:51: 2026-01-31 15:30:51 [32minfo[39m: OPTIONS /api/users 200 0 - 0.259 ms
2026-01-31 15:30:51: 2026-01-31 15:30:51 [32minfo[39m: GET /api/appointments/stats?month=1&year=2026 304 - - 51.210 ms
2026-01-31 15:30:51: 2026-01-31 15:30:51 [32minfo[39m: GET /api/appointments/stats?month=12&year=2025 304 - - 51.142 ms
2026-01-31 15:30:51: 2026-01-31 15:30:51 [32minfo[39m: GET /api/appointments/revenue 304 - - 81.072 ms
2026-01-31 15:30:51: [DEBUG] Date range: Sat Jan 31 2026 00:00:00 GMT+0530 (India Standard Time) to Sat Jan 31 2026 23:59:59 GMT+0530 (India Standard Time)
2026-01-31 15:30:51: [DEBUG] Appointment stats found: 0 []
2026-01-31 15:30:51: 2026-01-31 15:30:51 [32minfo[39m: GET /api/users 304 - - 140.020 ms
2026-01-31 15:31:01: 2026-01-31 15:31:01 [32minfo[39m: OPTIONS /api/appointments/stats?month=1&year=2026 200 0 - 0.251 ms
2026-01-31 15:31:01: 2026-01-31 15:31:01 [32minfo[39m: OPTIONS /api/appointments/stats?month=12&year=2025 200 0 - 0.303 ms
2026-01-31 15:31:01: 2026-01-31 15:31:01 [32minfo[39m: OPTIONS /api/appointments/revenue 200 0 - 0.278 ms
2026-01-31 15:31:01: 2026-01-31 15:31:01 [32minfo[39m: OPTIONS /api/users 200 0 - 0.271 ms
2026-01-31 15:31:01: 2026-01-31 15:31:01 [32minfo[39m: GET /api/appointments/stats?month=1&year=2026 304 - - 55.720 ms
2026-01-31 15:31:01: 2026-01-31 15:31:01 [32minfo[39m: GET /api/appointments/stats?month=12&year=2025 304 - - 58.130 ms
2026-01-31 15:31:01: 2026-01-31 15:31:01 [32minfo[39m: GET /api/appointments/revenue 304 - - 88.928 ms
2026-01-31 15:31:01: [DEBUG] Date range: Sat Jan 31 2026 00:00:00 GMT+0530 (India Standard Time) to Sat Jan 31 2026 23:59:59 GMT+0530 (India Standard Time)
2026-01-31 15:31:01: [DEBUG] Appointment stats found: 0 []
2026-01-31 15:31:01: 2026-01-31 15:31:01 [32minfo[39m: GET /api/users 200 - - 153.976 ms
2026-01-31 15:31:06: 🔗 Recorded user connection: 68fcc5bfb85c2281711925bb with socket 4YElHzobvvnVZtitAAAH
2026-01-31 15:31:07: 2026-01-31 15:31:07 [32minfo[39m: OPTIONS /api/attendance/2026/1 200 0 - 0.186 ms
2026-01-31 15:31:07: 2026-01-31 15:31:07 [32minfo[39m: GET /api/attendance/2026/1 304 - - 149.401 ms
2026-01-31 15:31:11: 2026-01-31 15:31:11 [32minfo[39m: OPTIONS /api/users/all 200 0 - 0.224 ms
2026-01-31 15:31:11: 2026-01-31 15:31:11 [32minfo[39m: OPTIONS /api/attendance/range?start=2025-12-31T18:30:00.000Z&end=2026-01-31T18:29:59.999Z 200 0 - 0.275 ms
2026-01-31 15:31:11: 2026-01-31 15:31:11 [32minfo[39m: GET /api/users/all 200 - - 131.134 ms
2026-01-31 15:31:11: 2026-01-31 15:31:11 [32minfo[39m: GET /api/attendance/range?start=2025-12-31T18:30:00.000Z&end=2026-01-31T18:29:59.999Z 304 - - 166.379 ms
2026-01-31 15:31:11: 2026-01-31 15:31:11 [32minfo[39m: OPTIONS /api/appointments/stats?month=1&year=2026 200 0 - 0.354 ms
2026-01-31 15:31:11: 2026-01-31 15:31:11 [32minfo[39m: OPTIONS /api/appointments/stats?month=12&year=2025 200 0 - 0.277 ms
2026-01-31 15:31:11: 2026-01-31 15:31:11 [32minfo[39m: OPTIONS /api/appointments/revenue 200 0 - 0.292 ms
2026-01-31 15:31:11: 2026-01-31 15:31:11 [32minfo[39m: OPTIONS /api/users 200 0 - 0.278 ms
2026-01-31 15:31:11: 2026-01-31 15:31:11 [32minfo[39m: GET /api/appointments/stats?month=1&year=2026 304 - - 53.650 ms
2026-01-31 15:31:11: 2026-01-31 15:31:11 [32minfo[39m: GET /api/appointments/stats?month=12&year=2025 304 - - 48.990 ms
2026-01-31 15:31:11: 2026-01-31 15:31:11 [32minfo[39m: GET /api/appointments/revenue 304 - - 91.338 ms
2026-01-31 15:31:11: [DEBUG] Date range: Sat Jan 31 2026 00:00:00 GMT+0530 (India Standard Time) to Sat Jan 31 2026 23:59:59 GMT+0530 (India Standard Time)
2026-01-31 15:31:11: [DEBUG] Appointment stats found: 0 []
2026-01-31 15:31:12: 2026-01-31 15:31:12 [32minfo[39m: GET /api/users 200 - - 304.905 ms
2026-01-31 15:31:21: 2026-01-31 15:31:21 [32minfo[39m: OPTIONS /api/appointments/stats?month=1&year=2026 200 0 - 0.272 ms
2026-01-31 15:31:21: 2026-01-31 15:31:21 [32minfo[39m: OPTIONS /api/appointments/stats?month=12&year=2025 200 0 - 0.366 ms
2026-01-31 15:31:21: 2026-01-31 15:31:21 [32minfo[39m: OPTIONS /api/appointments/revenue 200 0 - 0.299 ms
2026-01-31 15:31:21: 2026-01-31 15:31:21 [32minfo[39m: OPTIONS /api/users 200 0 - 0.332 ms
2026-01-31 15:31:21: 2026-01-31 15:31:21 [32minfo[39m: GET /api/appointments/stats?month=1&year=2026 304 - - 57.484 ms
2026-01-31 15:31:21: 2026-01-31 15:31:21 [32minfo[39m: GET /api/appointments/stats?month=12&year=2025 304 - - 52.492 ms
2026-01-31 15:31:21: 2026-01-31 15:31:21 [32minfo[39m: GET /api/appointments/revenue 304 - - 88.506 ms
2026-01-31 15:31:21: [DEBUG] Date range: Sat Jan 31 2026 00:00:00 GMT+0530 (India Standard Time) to Sat Jan 31 2026 23:59:59 GMT+0530 (India Standard Time)
2026-01-31 15:31:21: [DEBUG] Appointment stats found: 0 []
2026-01-31 15:31:21: 2026-01-31 15:31:21 [32minfo[39m: GET /api/users 304 - - 149.801 ms
2026-01-31 15:31:30: 2026-01-31 15:31:30 [32minfo[39m: OPTIONS /api/appointments/stats?month=1&year=2026 200 0 - 0.364 ms
2026-01-31 15:31:30: 2026-01-31 15:31:30 [32minfo[39m: OPTIONS /api/users 200 0 - 0.262 ms
2026-01-31 15:31:30: 2026-01-31 15:31:30 [32minfo[39m: OPTIONS /api/appointments/revenue 200 0 - 0.250 ms
2026-01-31 15:31:30: 2026-01-31 15:31:30 [32minfo[39m: OPTIONS /api/appointments/stats?month=12&year=2025 200 0 - 0.314 ms
2026-01-31 15:31:30: 2026-01-31 15:31:30 [32minfo[39m: GET /api/appointments/stats?month=1&year=2026 304 - - 56.884 ms
2026-01-31 15:31:30: 2026-01-31 15:31:30 [32minfo[39m: GET /api/appointments/stats?month=12&year=2025 304 - - 51.799 ms
2026-01-31 15:31:30: 2026-01-31 15:31:30 [32minfo[39m: GET /api/appointments/revenue 304 - - 99.587 ms
2026-01-31 15:31:30: [DEBUG] Date range: Sat Jan 31 2026 00:00:00 GMT+0530 (India Standard Time) to Sat Jan 31 2026 23:59:59 GMT+0530 (India Standard Time)
2026-01-31 15:31:30: [DEBUG] Appointment stats found: 0 []
2026-01-31 15:31:30: 2026-01-31 15:31:30 [32minfo[39m: GET /api/users 200 - - 175.081 ms
2026-01-31 15:31:37: 2026-01-31 15:31:37 [32minfo[39m: OPTIONS /api/attendance/2026/1 200 0 - 0.260 ms
2026-01-31 15:31:37: 2026-01-31 15:31:37 [32minfo[39m: GET /api/attendance/2026/1 304 - - 155.644 ms
2026-01-31 15:31:41: 2026-01-31 15:31:41 [32minfo[39m: OPTIONS /api/users/all 200 0 - 0.271 ms
2026-01-31 15:31:41: 2026-01-31 15:31:41 [32minfo[39m: OPTIONS /api/attendance/range?start=2025-12-31T18:30:00.000Z&end=2026-01-31T18:29:59.999Z 200 0 - 0.270 ms
2026-01-31 15:31:41: 2026-01-31 15:31:41 [32minfo[39m: OPTIONS /api/appointments/stats?month=1&year=2026 200 0 - 0.191 ms
2026-01-31 15:31:41: 2026-01-31 15:31:41 [32minfo[39m: OPTIONS /api/appointments/stats?month=12&year=2025 200 0 - 0.426 ms
2026-01-31 15:31:41: 2026-01-31 15:31:41 [32minfo[39m: OPTIONS /api/appointments/revenue 200 0 - 0.357 ms
2026-01-31 15:31:41: 2026-01-31 15:31:41 [32minfo[39m: GET /api/attendance/range?start=2025-12-31T18:30:00.000Z&end=2026-01-31T18:29:59.999Z 304 - - 205.476 ms
2026-01-31 15:31:41: 2026-01-31 15:31:41 [32minfo[39m: OPTIONS /api/users 200 0 - 0.221 ms
2026-01-31 15:31:41: 2026-01-31 15:31:41 [32minfo[39m: GET /api/users/all 200 - - 129.594 ms
2026-01-31 15:31:41: 2026-01-31 15:31:41 [32minfo[39m: GET /api/appointments/stats?month=1&year=2026 304 - - 59.421 ms
2026-01-31 15:31:41: 2026-01-31 15:31:41 [32minfo[39m: GET /api/appointments/stats?month=12&year=2025 304 - - 53.634 ms
2026-01-31 15:31:41: 2026-01-31 15:31:41 [32minfo[39m: GET /api/appointments/revenue 304 - - 95.522 ms
2026-01-31 15:31:41: [DEBUG] Date range: Sat Jan 31 2026 00:00:00 GMT+0530 (India Standard Time) to Sat Jan 31 2026 23:59:59 GMT+0530 (India Standard Time)
2026-01-31 15:31:41: [DEBUG] Appointment stats found: 0 []
2026-01-31 15:31:41: 2026-01-31 15:31:41 [32minfo[39m: GET /api/users 304 - - 137.405 ms
2026-01-31 15:31:51: 2026-01-31 15:31:51 [32minfo[39m: OPTIONS /api/appointments/stats?month=1&year=2026 200 0 - 0.229 ms
2026-01-31 15:31:51: 2026-01-31 15:31:51 [32minfo[39m: OPTIONS /api/appointments/stats?month=12&year=2025 200 0 - 0.259 ms
2026-01-31 15:31:51: 2026-01-31 15:31:51 [32minfo[39m: OPTIONS /api/appointments/revenue 200 0 - 0.277 ms
2026-01-31 15:31:51: 2026-01-31 15:31:51 [32minfo[39m: OPTIONS /api/users 200 0 - 0.253 ms
2026-01-31 15:31:51: 2026-01-31 15:31:51 [32minfo[39m: GET /api/appointments/stats?month=1&year=2026 304 - - 51.412 ms
2026-01-31 15:31:51: 2026-01-31 15:31:51 [32minfo[39m: GET /api/appointments/stats?month=12&year=2025 304 - - 66.337 ms
2026-01-31 15:31:51: 2026-01-31 15:31:51 [32minfo[39m: GET /api/appointments/revenue 304 - - 98.616 ms
2026-01-31 15:31:51: [DEBUG] Date range: Sat Jan 31 2026 00:00:00 GMT+0530 (India Standard Time) to Sat Jan 31 2026 23:59:59 GMT+0530 (India Standard Time)
2026-01-31 15:31:51: [DEBUG] Appointment stats found: 0 []
2026-01-31 15:31:51: 2026-01-31 15:31:51 [32minfo[39m: GET /api/users 304 - - 152.905 ms
2026-01-31 15:32:01: 2026-01-31 15:32:01 [32minfo[39m: OPTIONS /api/appointments/stats?month=1&year=2026 200 0 - 0.262 ms
2026-01-31 15:32:01: 2026-01-31 15:32:01 [32minfo[39m: OPTIONS /api/appointments/stats?month=12&year=2025 200 0 - 0.258 ms
2026-01-31 15:32:01: 2026-01-31 15:32:01 [32minfo[39m: OPTIONS /api/appointments/revenue 200 0 - 0.271 ms
2026-01-31 15:32:01: 2026-01-31 15:32:01 [32minfo[39m: OPTIONS /api/users 200 0 - 0.227 ms
2026-01-31 15:32:01: 2026-01-31 15:32:01 [32minfo[39m: GET /api/appointments/stats?month=1&year=2026 304 - - 50.787 ms
2026-01-31 15:32:01: 2026-01-31 15:32:01 [32minfo[39m: GET /api/appointments/stats?month=12&year=2025 304 - - 49.900 ms
2026-01-31 15:32:01: 2026-01-31 15:32:01 [32minfo[39m: GET /api/appointments/revenue 304 - - 82.319 ms
2026-01-31 15:32:01: [DEBUG] Date range: Sat Jan 31 2026 00:00:00 GMT+0530 (India Standard Time) to Sat Jan 31 2026 23:59:59 GMT+0530 (India Standard Time)
2026-01-31 15:32:01: [DEBUG] Appointment stats found: 0 []
2026-01-31 15:32:01: 2026-01-31 15:32:01 [32minfo[39m: GET /api/users 200 - - 142.691 ms
2026-01-31 15:32:06: 🔗 Recorded user connection: 68fcc5bfb85c2281711925bb with socket 4YElHzobvvnVZtitAAAH
2026-01-31 15:32:07: 2026-01-31 15:32:07 [32minfo[39m: OPTIONS /api/attendance/2026/1 200 0 - 0.156 ms
2026-01-31 15:32:07: 2026-01-31 15:32:07 [32minfo[39m: GET /api/attendance/2026/1 304 - - 142.739 ms
2026-01-31 15:32:12: 2026-01-31 15:32:12 [32minfo[39m: OPTIONS /api/users/all 200 0 - 0.296 ms
2026-01-31 15:32:12: 2026-01-31 15:32:12 [32minfo[39m: OPTIONS /api/attendance/range?start=2025-12-31T18:30:00.000Z&end=2026-01-31T18:29:59.999Z 200 0 - 0.272 ms
2026-01-31 15:32:12: 2026-01-31 15:32:12 [32minfo[39m: GET /api/attendance/range?start=2025-12-31T18:30:00.000Z&end=2026-01-31T18:29:59.999Z 304 - - 192.899 ms
2026-01-31 15:32:12: 2026-01-31 15:32:12 [32minfo[39m: GET /api/users/all 200 - - 147.871 ms
2026-01-31 15:32:12: 2026-01-31 15:32:12 [32minfo[39m: OPTIONS /api/appointments/stats?month=1&year=2026 200 0 - 0.364 ms
2026-01-31 15:32:12: 2026-01-31 15:32:12 [32minfo[39m: OPTIONS /api/appointments/stats?month=12&year=2025 200 0 - 0.273 ms
2026-01-31 15:32:12: 2026-01-31 15:32:12 [32minfo[39m: OPTIONS /api/appointments/revenue 200 0 - 0.270 ms
2026-01-31 15:32:12: 2026-01-31 15:32:12 [32minfo[39m: GET /api/appointments/stats?month=1&year=2026 304 - - 55.236 ms
2026-01-31 15:32:12: 2026-01-31 15:32:12 [32minfo[39m: OPTIONS /api/users 200 0 - 0.339 ms
2026-01-31 15:32:12: 2026-01-31 15:32:12 [32minfo[39m: GET /api/appointments/stats?month=12&year=2025 304 - - 51.770 ms
2026-01-31 15:32:12: 2026-01-31 15:32:12 [32minfo[39m: GET /api/appointments/revenue 304 - - 88.175 ms
2026-01-31 15:32:12: [DEBUG] Date range: Sat Jan 31 2026 00:00:00 GMT+0530 (India Standard Time) to Sat Jan 31 2026 23:59:59 GMT+0530 (India Standard Time)
2026-01-31 15:32:12: [DEBUG] Appointment stats found: 0 []
2026-01-31 15:32:12: 2026-01-31 15:32:12 [32minfo[39m: GET /api/users 200 - - 152.529 ms
2026-01-31 15:32:21: 2026-01-31 15:32:21 [32minfo[39m: OPTIONS /api/appointments/stats?month=1&year=2026 200 0 - 0.308 ms
2026-01-31 15:32:21: 2026-01-31 15:32:21 [32minfo[39m: OPTIONS /api/appointments/stats?month=12&year=2025 200 0 - 0.279 ms
2026-01-31 15:32:21: 2026-01-31 15:32:21 [32minfo[39m: OPTIONS /api/appointments/revenue 200 0 - 0.295 ms
2026-01-31 15:32:21: 2026-01-31 15:32:21 [32minfo[39m: OPTIONS /api/users 200 0 - 0.326 ms
2026-01-31 15:32:21: 2026-01-31 15:32:21 [32minfo[39m: GET /api/appointments/stats?month=1&year=2026 304 - - 50.470 ms
2026-01-31 15:32:21: 2026-01-31 15:32:21 [32minfo[39m: GET /api/appointments/stats?month=12&year=2025 304 - - 50.406 ms
2026-01-31 15:32:21: 2026-01-31 15:32:21 [32minfo[39m: GET /api/appointments/revenue 304 - - 87.466 ms
2026-01-31 15:32:21: [DEBUG] Date range: Sat Jan 31 2026 00:00:00 GMT+0530 (India Standard Time) to Sat Jan 31 2026 23:59:59 GMT+0530 (India Standard Time)
2026-01-31 15:32:21: [DEBUG] Appointment stats found: 0 []
2026-01-31 15:32:21: 2026-01-31 15:32:21 [32minfo[39m: GET /api/users 304 - - 156.679 ms
2026-01-31 15:32:27: ⏰ Session timeout check triggered at 31/1/2026, 3:32:27 pm
2026-01-31 15:32:31: 2026-01-31 15:32:31 [32minfo[39m: OPTIONS /api/appointments/stats?month=1&year=2026 200 0 - 0.343 ms
2026-01-31 15:32:31: 2026-01-31 15:32:31 [32minfo[39m: OPTIONS /api/appointments/stats?month=12&year=2025 200 0 - 0.317 ms
2026-01-31 15:32:31: 2026-01-31 15:32:31 [32minfo[39m: OPTIONS /api/appointments/revenue 200 0 - 0.282 ms
2026-01-31 15:32:31: 2026-01-31 15:32:31 [32minfo[39m: OPTIONS /api/users 200 0 - 0.264 ms
2026-01-31 15:32:31: 2026-01-31 15:32:31 [32minfo[39m: GET /api/appointments/stats?month=1&year=2026 304 - - 62.140 ms
2026-01-31 15:32:31: 2026-01-31 15:32:31 [32minfo[39m: GET /api/appointments/stats?month=12&year=2025 304 - - 64.330 ms
2026-01-31 15:32:31: 2026-01-31 15:32:31 [32minfo[39m: GET /api/appointments/revenue 304 - - 84.278 ms
2026-01-31 15:32:31: [DEBUG] Date range: Sat Jan 31 2026 00:00:00 GMT+0530 (India Standard Time) to Sat Jan 31 2026 23:59:59 GMT+0530 (India Standard Time)
2026-01-31 15:32:31: [DEBUG] Appointment stats found: 0 []
2026-01-31 15:32:31: 2026-01-31 15:32:31 [32minfo[39m: GET /api/users 200 - - 161.104 ms
2026-01-31 15:32:36: 2026-01-31 15:32:36 [32minfo[39m: OPTIONS /api/attendance/2026/1 200 0 - 0.352 ms
2026-01-31 15:32:37: 2026-01-31 15:32:37 [32minfo[39m: GET /api/attendance/2026/1 304 - - 153.064 ms
2026-01-31 15:32:41: 2026-01-31 15:32:41 [32minfo[39m: OPTIONS /api/users/all 200 0 - 0.317 ms
2026-01-31 15:32:41: 2026-01-31 15:32:41 [32minfo[39m: OPTIONS /api/attendance/range?start=2025-12-31T18:30:00.000Z&end=2026-01-31T18:29:59.999Z 200 0 - 0.296 ms
2026-01-31 15:32:41: 2026-01-31 15:32:41 [32minfo[39m: GET /api/attendance/range?start=2025-12-31T18:30:00.000Z&end=2026-01-31T18:29:59.999Z 304 - - 211.309 ms
2026-01-31 15:32:41: 2026-01-31 15:32:41 [32minfo[39m: GET /api/users/all 200 - - 139.453 ms
2026-01-31 15:32:41: 2026-01-31 15:32:41 [32minfo[39m: OPTIONS /api/appointments/stats?month=1&year=2026 200 0 - 0.339 ms
2026-01-31 15:32:41: 2026-01-31 15:32:41 [32minfo[39m: OPTIONS /api/appointments/stats?month=12&year=2025 200 0 - 0.259 ms
2026-01-31 15:32:41: 2026-01-31 15:32:41 [32minfo[39m: OPTIONS /api/appointments/revenue 200 0 - 0.302 ms
2026-01-31 15:32:41: 2026-01-31 15:32:41 [32minfo[39m: OPTIONS /api/users 200 0 - 0.393 ms
2026-01-31 15:32:41: 2026-01-31 15:32:41 [32minfo[39m: GET /api/appointments/stats?month=1&year=2026 304 - - 65.598 ms
2026-01-31 15:32:41: 2026-01-31 15:32:41 [32minfo[39m: GET /api/appointments/stats?month=12&year=2025 304 - - 63.968 ms
2026-01-31 15:32:41: 2026-01-31 15:32:41 [32minfo[39m: GET /api/appointments/revenue 304 - - 102.090 ms
2026-01-31 15:32:41: [DEBUG] Date range: Sat Jan 31 2026 00:00:00 GMT+0530 (India Standard Time) to Sat Jan 31 2026 23:59:59 GMT+0530 (India Standard Time)
2026-01-31 15:32:41: [DEBUG] Appointment stats found: 0 []
2026-01-31 15:32:41: 2026-01-31 15:32:41 [32minfo[39m: GET /api/users 304 - - 147.580 ms
2026-01-31 15:32:51: 2026-01-31 15:32:51 [32minfo[39m: OPTIONS /api/appointments/stats?month=1&year=2026 200 0 - 0.290 ms
2026-01-31 15:32:51: 2026-01-31 15:32:51 [32minfo[39m: OPTIONS /api/appointments/stats?month=12&year=2025 200 0 - 0.262 ms
2026-01-31 15:32:51: 2026-01-31 15:32:51 [32minfo[39m: OPTIONS /api/appointments/revenue 200 0 - 0.272 ms
2026-01-31 15:32:51: 2026-01-31 15:32:51 [32minfo[39m: OPTIONS /api/users 200 0 - 0.261 ms
2026-01-31 15:32:51: 2026-01-31 15:32:51 [32minfo[39m: GET /api/appointments/stats?month=1&year=2026 304 - - 51.076 ms
2026-01-31 15:32:51: 2026-01-31 15:32:51 [32minfo[39m: GET /api/appointments/stats?month=12&year=2025 304 - - 49.035 ms
2026-01-31 15:32:51: 2026-01-31 15:32:51 [32minfo[39m: GET /api/appointments/revenue 304 - - 75.936 ms
2026-01-31 15:32:51: [DEBUG] Date range: Sat Jan 31 2026 00:00:00 GMT+0530 (India Standard Time) to Sat Jan 31 2026 23:59:59 GMT+0530 (India Standard Time)
2026-01-31 15:32:51: [DEBUG] Appointment stats found: 0 []
2026-01-31 15:32:51: 2026-01-31 15:32:51 [32minfo[39m: GET /api/users 304 - - 140.404 ms
2026-01-31 15:33:01: 2026-01-31 15:33:01 [32minfo[39m: OPTIONS /api/appointments/stats?month=1&year=2026 200 0 - 0.164 ms
2026-01-31 15:33:01: 2026-01-31 15:33:01 [32minfo[39m: OPTIONS /api/appointments/stats?month=12&year=2025 200 0 - 0.239 ms
2026-01-31 15:33:01: 2026-01-31 15:33:01 [32minfo[39m: OPTIONS /api/appointments/revenue 200 0 - 0.253 ms
2026-01-31 15:33:01: 2026-01-31 15:33:01 [32minfo[39m: OPTIONS /api/users 200 0 - 0.291 ms
2026-01-31 15:33:01: 2026-01-31 15:33:01 [32minfo[39m: GET /api/appointments/stats?month=1&year=2026 304 - - 54.801 ms
2026-01-31 15:33:01: 2026-01-31 15:33:01 [32minfo[39m: GET /api/appointments/stats?month=12&year=2025 304 - - 50.367 ms
2026-01-31 15:33:01: 2026-01-31 15:33:01 [32minfo[39m: GET /api/appointments/revenue 304 - - 79.696 ms
2026-01-31 15:33:01: [DEBUG] Date range: Sat Jan 31 2026 00:00:00 GMT+0530 (India Standard Time) to Sat Jan 31 2026 23:59:59 GMT+0530 (India Standard Time)
2026-01-31 15:33:01: [DEBUG] Appointment stats found: 0 []
2026-01-31 15:33:01: 2026-01-31 15:33:01 [32minfo[39m: GET /api/users 200 - - 140.891 ms
2026-01-31 15:33:06: 🔗 Recorded user connection: 68fcc5bfb85c2281711925bb with socket 4YElHzobvvnVZtitAAAH
2026-01-31 15:33:07: 2026-01-31 15:33:07 [32minfo[39m: OPTIONS /api/attendance/2026/1 200 0 - 0.749 ms
2026-01-31 15:33:07: 2026-01-31 15:33:07 [32minfo[39m: GET /api/attendance/2026/1 304 - - 167.626 ms
2026-01-31 15:33:11: 2026-01-31 15:33:11 [32minfo[39m: OPTIONS /api/users/all 200 0 - 0.298 ms
2026-01-31 15:33:11: 2026-01-31 15:33:11 [32minfo[39m: OPTIONS /api/attendance/range?start=2025-12-31T18:30:00.000Z&end=2026-01-31T18:29:59.999Z 200 0 - 0.465 ms
2026-01-31 15:33:11: 2026-01-31 15:33:11 [32minfo[39m: OPTIONS /api/appointments/stats?month=1&year=2026 200 0 - 0.314 ms
2026-01-31 15:33:11: 2026-01-31 15:33:11 [32minfo[39m: OPTIONS /api/appointments/stats?month=12&year=2025 200 0 - 0.264 ms
2026-01-31 15:33:11: 2026-01-31 15:33:11 [32minfo[39m: OPTIONS /api/appointments/revenue 200 0 - 0.248 ms
2026-01-31 15:33:11: 2026-01-31 15:33:11 [32minfo[39m: GET /api/attendance/range?start=2025-12-31T18:30:00.000Z&end=2026-01-31T18:29:59.999Z 304 - - 180.767 ms
2026-01-31 15:33:11: 2026-01-31 15:33:11 [32minfo[39m: GET /api/users/all 200 - - 127.894 ms
2026-01-31 15:33:11: 2026-01-31 15:33:11 [32minfo[39m: OPTIONS /api/users 200 0 - 0.227 ms
2026-01-31 15:33:11: 2026-01-31 15:33:11 [32minfo[39m: GET /api/appointments/stats?month=1&year=2026 304 - - 58.399 ms
2026-01-31 15:33:11: 2026-01-31 15:33:11 [32minfo[39m: GET /api/appointments/stats?month=12&year=2025 304 - - 59.833 ms
2026-01-31 15:33:11: [DEBUG] Date range: Sat Jan 31 2026 00:00:00 GMT+0530 (India Standard Time) to Sat Jan 31 2026 23:59:59 GMT+0530 (India Standard Time)
2026-01-31 15:33:11: [DEBUG] Appointment stats found: 0 []
2026-01-31 15:33:11: 2026-01-31 15:33:11 [32minfo[39m: GET /api/appointments/revenue 304 - - 91.048 ms
2026-01-31 15:33:11: 2026-01-31 15:33:11 [32minfo[39m: GET /api/users 200 - - 97.853 ms
2026-01-31 15:33:21: 2026-01-31 15:33:21 [32minfo[39m: OPTIONS /api/appointments/stats?month=1&year=2026 200 0 - 0.272 ms
2026-01-31 15:33:21: 2026-01-31 15:33:21 [32minfo[39m: OPTIONS /api/appointments/stats?month=12&year=2025 200 0 - 0.279 ms
2026-01-31 15:33:21: 2026-01-31 15:33:21 [32minfo[39m: OPTIONS /api/appointments/revenue 200 0 - 0.269 ms
2026-01-31 15:33:21: 2026-01-31 15:33:21 [32minfo[39m: OPTIONS /api/users 200 0 - 0.250 ms
2026-01-31 15:33:21: 2026-01-31 15:33:21 [32minfo[39m: GET /api/appointments/stats?month=1&year=2026 304 - - 51.502 ms
2026-01-31 15:33:21: 2026-01-31 15:33:21 [32minfo[39m: GET /api/appointments/stats?month=12&year=2025 304 - - 49.166 ms
2026-01-31 15:33:21: 2026-01-31 15:33:21 [32minfo[39m: GET /api/appointments/revenue 304 - - 82.406 ms
2026-01-31 15:33:21: [DEBUG] Date range: Sat Jan 31 2026 00:00:00 GMT+0530 (India Standard Time) to Sat Jan 31 2026 23:59:59 GMT+0530 (India Standard Time)
2026-01-31 15:33:21: [DEBUG] Appointment stats found: 0 []
2026-01-31 15:33:21: 2026-01-31 15:33:21 [32minfo[39m: GET /api/users 304 - - 149.646 ms
2026-01-31 15:33:54: 2026-01-31 15:33:54 [32minfo[39m: OPTIONS /api/appointments/stats?month=1&year=2026 200 0 - 0.339 ms
2026-01-31 15:33:54: 2026-01-31 15:33:54 [32minfo[39m: GET /api/appointments/stats?month=1&year=2026 304 - - 53.191 ms
2026-01-31 15:33:54: 2026-01-31 15:33:54 [32minfo[39m: OPTIONS /api/appointments/stats?month=12&year=2025 200 0 - 0.292 ms
2026-01-31 15:33:54: 2026-01-31 15:33:54 [32minfo[39m: OPTIONS /api/appointments/revenue 200 0 - 0.262 ms
2026-01-31 15:33:54: 2026-01-31 15:33:54 [32minfo[39m: OPTIONS /api/users 200 0 - 0.275 ms
2026-01-31 15:33:54: 2026-01-31 15:33:54 [32minfo[39m: GET /api/appointments/stats?month=12&year=2025 304 - - 56.601 ms
2026-01-31 15:33:54: 2026-01-31 15:33:54 [32minfo[39m: OPTIONS /api/attendance/2026/1 200 0 - 0.270 ms
2026-01-31 15:33:54: 2026-01-31 15:33:54 [32minfo[39m: OPTIONS /api/users/all 200 0 - 0.298 ms
2026-01-31 15:33:54: 2026-01-31 15:33:54 [32minfo[39m: GET /api/appointments/revenue 304 - - 92.625 ms
2026-01-31 15:33:54: 2026-01-31 15:33:54 [32minfo[39m: OPTIONS /api/attendance/range?start=2025-12-31T18:30:00.000Z&end=2026-01-31T18:29:59.999Z 200 0 - 0.266 ms
2026-01-31 15:33:54: [DEBUG] Date range: Sat Jan 31 2026 00:00:00 GMT+0530 (India Standard Time) to Sat Jan 31 2026 23:59:59 GMT+0530 (India Standard Time)
2026-01-31 15:33:54: [DEBUG] Appointment stats found: 0 []
2026-01-31 15:33:55: 2026-01-31 15:33:55 [32minfo[39m: GET /api/users 200 - - 160.533 ms
2026-01-31 15:33:55: 2026-01-31 15:33:55 [32minfo[39m: GET /api/attendance/2026/1 304 - - 373.223 ms
2026-01-31 15:33:55: 2026-01-31 15:33:55 [32minfo[39m: GET /api/attendance/range?start=2025-12-31T18:30:00.000Z&end=2026-01-31T18:29:59.999Z 304 - - 384.996 ms
2026-01-31 15:33:55: 2026-01-31 15:33:55 [32minfo[39m: GET /api/users/all 200 - - 190.796 ms
2026-01-31 15:34:31: 2026-01-31 15:34:31 [32minfo[39m: OPTIONS /api/appointments/stats?month=12&year=2025 200 0 - 0.368 ms
2026-01-31 15:34:31: 2026-01-31 15:34:31 [32minfo[39m: OPTIONS /api/appointments/stats?month=1&year=2026 200 0 - 0.308 ms
2026-01-31 15:34:31: 🔗 Recorded user connection: 68fcc5bfb85c2281711925bb with socket 4YElHzobvvnVZtitAAAH
2026-01-31 15:34:31: 2026-01-31 15:34:31 [32minfo[39m: OPTIONS /api/attendance/2026/1 200 0 - 0.357 ms
2026-01-31 15:34:31: 2026-01-31 15:34:31 [32minfo[39m: OPTIONS /api/users/all 200 0 - 0.270 ms
2026-01-31 15:34:31: 2026-01-31 15:34:31 [32minfo[39m: OPTIONS /api/attendance/range?start=2025-12-31T18:30:00.000Z&end=2026-01-31T18:29:59.999Z 200 0 - 0.336 ms
2026-01-31 15:34:31: 2026-01-31 15:34:31 [32minfo[39m: OPTIONS /api/users 200 0 - 0.324 ms
2026-01-31 15:34:31: 2026-01-31 15:34:31 [32minfo[39m: OPTIONS /api/appointments/revenue 200 0 - 0.198 ms
2026-01-31 15:34:31: 2026-01-31 15:34:31 [32minfo[39m: GET /api/appointments/stats?month=12&year=2025 304 - - 80.260 ms
2026-01-31 15:34:31: 2026-01-31 15:34:31 [32minfo[39m: GET /api/appointments/stats?month=1&year=2026 304 - - 72.889 ms
2026-01-31 15:34:32: 2026-01-31 15:34:32 [32minfo[39m: GET /api/appointments/revenue 304 - - 155.901 ms
2026-01-31 15:34:32: 2026-01-31 15:34:32 [32minfo[39m: GET /api/attendance/2026/1 304 - - 476.273 ms
2026-01-31 15:34:32: 2026-01-31 15:34:32 [32minfo[39m: GET /api/users/all 200 - - 179.902 ms
2026-01-31 15:34:32: 2026-01-31 15:34:32 [32minfo[39m: GET /api/attendance/range?start=2025-12-31T18:30:00.000Z&end=2026-01-31T18:29:59.999Z 304 - - 502.417 ms
2026-01-31 15:34:32: [DEBUG] Date range: Sat Jan 31 2026 00:00:00 GMT+0530 (India Standard Time) to Sat Jan 31 2026 23:59:59 GMT+0530 (India Standard Time)
2026-01-31 15:34:32: [DEBUG] Appointment stats found: 0 []
2026-01-31 15:34:32: 2026-01-31 15:34:32 [32minfo[39m: GET /api/users 200 - - 555.958 ms
2026-01-31 15:34:37: 2026-01-31 15:34:37 [32minfo[39m: OPTIONS /api/attendance/2026/1 200 0 - 0.182 ms
2026-01-31 15:34:37: 2026-01-31 15:34:37 [32minfo[39m: GET /api/attendance/2026/1 304 - - 147.402 ms
2026-01-31 15:34:41: 2026-01-31 15:34:41 [32minfo[39m: OPTIONS /api/users/all 200 0 - 0.271 ms
2026-01-31 15:34:41: 2026-01-31 15:34:41 [32minfo[39m: OPTIONS /api/attendance/range?start=2025-12-31T18:30:00.000Z&end=2026-01-31T18:29:59.999Z 200 0 - 0.251 ms
2026-01-31 15:34:41: 2026-01-31 15:34:41 [32minfo[39m: GET /api/users/all 304 - - 139.362 ms
2026-01-31 15:34:41: 2026-01-31 15:34:41 [32minfo[39m: GET /api/attendance/range?start=2025-12-31T18:30:00.000Z&end=2026-01-31T18:29:59.999Z 304 - - 169.311 ms
2026-01-31 15:34:41: 2026-01-31 15:34:41 [32minfo[39m: OPTIONS /api/appointments/stats?month=1&year=2026 200 0 - 0.240 ms
2026-01-31 15:34:41: 2026-01-31 15:34:41 [32minfo[39m: OPTIONS /api/appointments/stats?month=12&year=2025 200 0 - 0.245 ms
2026-01-31 15:34:41: 2026-01-31 15:34:41 [32minfo[39m: OPTIONS /api/appointments/revenue 200 0 - 0.277 ms
2026-01-31 15:34:41: 2026-01-31 15:34:41 [32minfo[39m: OPTIONS /api/users 200 0 - 0.252 ms
2026-01-31 15:34:41: 2026-01-31 15:34:41 [32minfo[39m: GET /api/appointments/stats?month=1&year=2026 304 - - 56.777 ms
2026-01-31 15:34:41: 2026-01-31 15:34:41 [32minfo[39m: GET /api/appointments/stats?month=12&year=2025 304 - - 51.374 ms
2026-01-31 15:34:41: 2026-01-31 15:34:41 [32minfo[39m: GET /api/appointments/revenue 304 - - 84.504 ms
2026-01-31 15:34:41: [DEBUG] Date range: Sat Jan 31 2026 00:00:00 GMT+0530 (India Standard Time) to Sat Jan 31 2026 23:59:59 GMT+0530 (India Standard Time)
2026-01-31 15:34:41: [DEBUG] Appointment stats found: 0 []
2026-01-31 15:34:41: 2026-01-31 15:34:41 [32minfo[39m: GET /api/users 304 - - 142.169 ms
2026-01-31 15:34:51: 2026-01-31 15:34:51 [32minfo[39m: OPTIONS /api/appointments/stats?month=1&year=2026 200 0 - 0.332 ms
2026-01-31 15:34:51: 2026-01-31 15:34:51 [32minfo[39m: OPTIONS /api/appointments/stats?month=12&year=2025 200 0 - 0.259 ms
2026-01-31 15:34:51: 2026-01-31 15:34:51 [32minfo[39m: OPTIONS /api/appointments/revenue 200 0 - 0.256 ms
2026-01-31 15:34:51: 2026-01-31 15:34:51 [32minfo[39m: OPTIONS /api/users 200 0 - 0.222 ms
2026-01-31 15:34:51: 2026-01-31 15:34:51 [32minfo[39m: GET /api/appointments/stats?month=1&year=2026 304 - - 51.943 ms
2026-01-31 15:34:51: 2026-01-31 15:34:51 [32minfo[39m: GET /api/appointments/stats?month=12&year=2025 304 - - 50.328 ms
2026-01-31 15:34:51: 2026-01-31 15:34:51 [32minfo[39m: GET /api/appointments/revenue 304 - - 92.496 ms
2026-01-31 15:34:51: [DEBUG] Date range: Sat Jan 31 2026 00:00:00 GMT+0530 (India Standard Time) to Sat Jan 31 2026 23:59:59 GMT+0530 (India Standard Time)
2026-01-31 15:34:51: [DEBUG] Appointment stats found: 0 []
2026-01-31 15:34:51: 2026-01-31 15:34:51 [32minfo[39m: GET /api/users 304 - - 165.682 ms
2026-01-31 15:35:01: 2026-01-31 15:35:01 [32minfo[39m: OPTIONS /api/appointments/stats?month=1&year=2026 200 0 - 0.330 ms
2026-01-31 15:35:01: 2026-01-31 15:35:01 [32minfo[39m: OPTIONS /api/appointments/stats?month=12&year=2025 200 0 - 0.251 ms
2026-01-31 15:35:01: 2026-01-31 15:35:01 [32minfo[39m: OPTIONS /api/appointments/revenue 200 0 - 0.234 ms
2026-01-31 15:35:01: 2026-01-31 15:35:01 [32minfo[39m: OPTIONS /api/users 200 0 - 0.259 ms
2026-01-31 15:35:01: 2026-01-31 15:35:01 [32minfo[39m: GET /api/appointments/stats?month=1&year=2026 304 - - 54.161 ms
2026-01-31 15:35:01: 2026-01-31 15:35:01 [32minfo[39m: GET /api/appointments/stats?month=12&year=2025 304 - - 64.406 ms
2026-01-31 15:35:01: 2026-01-31 15:35:01 [32minfo[39m: GET /api/appointments/revenue 304 - - 93.407 ms
2026-01-31 15:35:01: [DEBUG] Date range: Sat Jan 31 2026 00:00:00 GMT+0530 (India Standard Time) to Sat Jan 31 2026 23:59:59 GMT+0530 (India Standard Time)
2026-01-31 15:35:01: [DEBUG] Appointment stats found: 0 []
2026-01-31 15:35:02: 2026-01-31 15:35:02 [32minfo[39m: GET /api/users 200 - - 154.540 ms
2026-01-31 15:35:06: 🔗 Recorded user connection: 68fcc5bfb85c2281711925bb with socket 4YElHzobvvnVZtitAAAH
2026-01-31 15:35:07: 2026-01-31 15:35:07 [32minfo[39m: OPTIONS /api/attendance/2026/1 200 0 - 0.148 ms
2026-01-31 15:35:07: 2026-01-31 15:35:07 [32minfo[39m: GET /api/attendance/2026/1 304 - - 154.653 ms
2026-01-31 15:35:11: 2026-01-31 15:35:11 [32minfo[39m: OPTIONS /api/users/all 200 0 - 0.254 ms
2026-01-31 15:35:11: 2026-01-31 15:35:11 [32minfo[39m: OPTIONS /api/attendance/range?start=2025-12-31T18:30:00.000Z&end=2026-01-31T18:29:59.999Z 200 0 - 0.284 ms
2026-01-31 15:35:11: 2026-01-31 15:35:11 [32minfo[39m: GET /api/users/all 200 - - 140.190 ms
2026-01-31 15:35:11: 2026-01-31 15:35:11 [32minfo[39m: GET /api/attendance/range?start=2025-12-31T18:30:00.000Z&end=2026-01-31T18:29:59.999Z 304 - - 184.795 ms
2026-01-31 15:35:11: 2026-01-31 15:35:11 [32minfo[39m: OPTIONS /api/appointments/stats?month=1&year=2026 200 0 - 0.275 ms
2026-01-31 15:35:11: 2026-01-31 15:35:11 [32minfo[39m: OPTIONS /api/appointments/stats?month=12&year=2025 200 0 - 0.272 ms
2026-01-31 15:35:11: 2026-01-31 15:35:11 [32minfo[39m: OPTIONS /api/appointments/revenue 200 0 - 0.279 ms
2026-01-31 15:35:11: 2026-01-31 15:35:11 [32minfo[39m: OPTIONS /api/users 200 0 - 0.266 ms
2026-01-31 15:35:11: 2026-01-31 15:35:11 [32minfo[39m: GET /api/appointments/stats?month=1&year=2026 304 - - 76.549 ms
2026-01-31 15:35:11: 2026-01-31 15:35:11 [32minfo[39m: GET /api/appointments/stats?month=12&year=2025 304 - - 80.641 ms
2026-01-31 15:35:11: 2026-01-31 15:35:11 [32minfo[39m: GET /api/appointments/revenue 304 - - 128.357 ms
2026-01-31 15:35:12: [DEBUG] Date range: Sat Jan 31 2026 00:00:00 GMT+0530 (India Standard Time) to Sat Jan 31 2026 23:59:59 GMT+0530 (India Standard Time)
2026-01-31 15:35:12: [DEBUG] Appointment stats found: 0 []
2026-01-31 15:35:12: 2026-01-31 15:35:12 [32minfo[39m: GET /api/users 200 - - 277.690 ms
2026-01-31 15:35:21: 2026-01-31 15:35:21 [32minfo[39m: OPTIONS /api/appointments/stats?month=1&year=2026 200 0 - 0.366 ms
2026-01-31 15:35:21: 2026-01-31 15:35:21 [32minfo[39m: OPTIONS /api/appointments/stats?month=12&year=2025 200 0 - 0.369 ms
2026-01-31 15:35:21: 2026-01-31 15:35:21 [32minfo[39m: OPTIONS /api/appointments/revenue 200 0 - 0.351 ms
2026-01-31 15:35:21: 2026-01-31 15:35:21 [32minfo[39m: OPTIONS /api/users 200 0 - 0.266 ms
2026-01-31 15:35:21: 2026-01-31 15:35:21 [32minfo[39m: GET /api/appointments/stats?month=1&year=2026 304 - - 53.152 ms
2026-01-31 15:35:21: 2026-01-31 15:35:21 [32minfo[39m: GET /api/appointments/stats?month=12&year=2025 304 - - 49.092 ms
2026-01-31 15:35:21: 2026-01-31 15:35:21 [32minfo[39m: GET /api/appointments/revenue 304 - - 83.286 ms
2026-01-31 15:35:21: [DEBUG] Date range: Sat Jan 31 2026 00:00:00 GMT+0530 (India Standard Time) to Sat Jan 31 2026 23:59:59 GMT+0530 (India Standard Time)
2026-01-31 15:35:21: [DEBUG] Appointment stats found: 0 []
2026-01-31 15:35:21: 2026-01-31 15:35:21 [32minfo[39m: GET /api/users 304 - - 164.072 ms
2026-01-31 15:35:31: 2026-01-31 15:35:31 [32minfo[39m: OPTIONS /api/appointments/stats?month=1&year=2026 200 0 - 0.274 ms
2026-01-31 15:35:31: 2026-01-31 15:35:31 [32minfo[39m: OPTIONS /api/appointments/stats?month=12&year=2025 200 0 - 0.222 ms
2026-01-31 15:35:31: 2026-01-31 15:35:31 [32minfo[39m: OPTIONS /api/appointments/revenue 200 0 - 0.270 ms
2026-01-31 15:35:31: 2026-01-31 15:35:31 [32minfo[39m: OPTIONS /api/users 200 0 - 0.221 ms
2026-01-31 15:35:31: 2026-01-31 15:35:31 [32minfo[39m: GET /api/appointments/stats?month=1&year=2026 304 - - 54.145 ms
2026-01-31 15:35:31: 2026-01-31 15:35:31 [32minfo[39m: GET /api/appointments/stats?month=12&year=2025 304 - - 51.120 ms
2026-01-31 15:35:31: 2026-01-31 15:35:31 [32minfo[39m: GET /api/appointments/revenue 304 - - 80.978 ms
2026-01-31 15:35:31: [DEBUG] Date range: Sat Jan 31 2026 00:00:00 GMT+0530 (India Standard Time) to Sat Jan 31 2026 23:59:59 GMT+0530 (India Standard Time)
2026-01-31 15:35:31: [DEBUG] Appointment stats found: 0 []
2026-01-31 15:35:31: 2026-01-31 15:35:31 [32minfo[39m: GET /api/users 304 - - 147.100 ms
2026-01-31 15:35:37: 2026-01-31 15:35:37 [32minfo[39m: OPTIONS /api/attendance/2026/1 200 0 - 0.292 ms
2026-01-31 15:35:37: 2026-01-31 15:35:37 [32minfo[39m: GET /api/attendance/2026/1 304 - - 137.664 ms
2026-01-31 15:35:41: 2026-01-31 15:35:41 [32minfo[39m: OPTIONS /api/users/all 200 0 - 0.485 ms
2026-01-31 15:35:41: 2026-01-31 15:35:41 [32minfo[39m: OPTIONS /api/attendance/range?start=2025-12-31T18:30:00.000Z&end=2026-01-31T18:29:59.999Z 200 0 - 0.513 ms
2026-01-31 15:35:41: 2026-01-31 15:35:41 [32minfo[39m: GET /api/users/all 304 - - 132.595 ms
2026-01-31 15:35:41: 2026-01-31 15:35:41 [32minfo[39m: OPTIONS /api/appointments/stats?month=1&year=2026 200 0 - 0.258 ms
2026-01-31 15:35:41: 2026-01-31 15:35:41 [32minfo[39m: OPTIONS /api/appointments/stats?month=12&year=2025 200 0 - 0.229 ms
2026-01-31 15:35:41: 2026-01-31 15:35:41 [32minfo[39m: OPTIONS /api/appointments/revenue 200 0 - 0.240 ms
2026-01-31 15:35:41: 2026-01-31 15:35:41 [32minfo[39m: GET /api/attendance/range?start=2025-12-31T18:30:00.000Z&end=2026-01-31T18:29:59.999Z 304 - - 176.766 ms
2026-01-31 15:35:41: 2026-01-31 15:35:41 [32minfo[39m: OPTIONS /api/users 200 0 - 0.206 ms
2026-01-31 15:35:41: 2026-01-31 15:35:41 [32minfo[39m: GET /api/appointments/stats?month=1&year=2026 304 - - 53.866 ms
2026-01-31 15:35:41: 2026-01-31 15:35:41 [32minfo[39m: GET /api/appointments/stats?month=12&year=2025 304 - - 49.029 ms
2026-01-31 15:35:41: 2026-01-31 15:35:41 [32minfo[39m: GET /api/appointments/revenue 304 - - 80.681 ms
2026-01-31 15:35:41: [DEBUG] Date range: Sat Jan 31 2026 00:00:00 GMT+0530 (India Standard Time) to Sat Jan 31 2026 23:59:59 GMT+0530 (India Standard Time)
2026-01-31 15:35:41: [DEBUG] Appointment stats found: 0 []
2026-01-31 15:35:41: 2026-01-31 15:35:41 [32minfo[39m: GET /api/users 304 - - 143.692 ms
2026-01-31 15:35:54: 2026-01-31 15:35:54 [32minfo[39m: OPTIONS /api/appointments/stats?month=1&year=2026 200 0 - 0.239 ms
2026-01-31 15:35:54: 2026-01-31 15:35:54 [32minfo[39m: OPTIONS /api/appointments/stats?month=12&year=2025 200 0 - 0.250 ms
2026-01-31 15:35:54: 2026-01-31 15:35:54 [32minfo[39m: OPTIONS /api/appointments/revenue 200 0 - 0.280 ms
2026-01-31 15:35:54: 2026-01-31 15:35:54 [32minfo[39m: OPTIONS /api/users 200 0 - 0.272 ms
2026-01-31 15:35:54: 2026-01-31 15:35:54 [32minfo[39m: GET /api/appointments/stats?month=12&year=2025 304 - - 57.674 ms
2026-01-31 15:35:54: 2026-01-31 15:35:54 [32minfo[39m: GET /api/appointments/stats?month=1&year=2026 304 - - 65.390 ms
2026-01-31 15:35:54: 2026-01-31 15:35:54 [32minfo[39m: GET /api/appointments/revenue 304 - - 96.875 ms
2026-01-31 15:35:54: [DEBUG] Date range: Sat Jan 31 2026 00:00:00 GMT+0530 (India Standard Time) to Sat Jan 31 2026 23:59:59 GMT+0530 (India Standard Time)
2026-01-31 15:35:54: [DEBUG] Appointment stats found: 0 []
2026-01-31 15:35:54: 2026-01-31 15:35:54 [32minfo[39m: GET /api/users 304 - - 151.977 ms
2026-01-31 15:36:18: 🔗 Recorded user connection: 68fcc5bfb85c2281711925bb with socket 4YElHzobvvnVZtitAAAH
2026-01-31 15:36:18: 2026-01-31 15:36:18 [32minfo[39m: OPTIONS /api/users 200 0 - 0.276 ms
2026-01-31 15:36:18: 2026-01-31 15:36:18 [32minfo[39m: OPTIONS /api/attendance/range?start=2025-12-31T18:30:00.000Z&end=2026-01-31T18:29:59.999Z 200 0 - 0.210 ms
2026-01-31 15:36:18: 2026-01-31 15:36:18 [32minfo[39m: OPTIONS /api/appointments/revenue 200 0 - 0.341 ms
2026-01-31 15:36:18: 2026-01-31 15:36:18 [32minfo[39m: OPTIONS /api/appointments/stats?month=12&year=2025 200 0 - 0.275 ms
2026-01-31 15:36:18: 2026-01-31 15:36:18 [32minfo[39m: OPTIONS /api/appointments/stats?month=1&year=2026 200 0 - 0.354 ms
2026-01-31 15:36:18: 2026-01-31 15:36:18 [32minfo[39m: OPTIONS /api/users/all 200 0 - 0.284 ms
2026-01-31 15:36:18: 2026-01-31 15:36:18 [32minfo[39m: OPTIONS /api/attendance/2026/1 200 0 - 0.486 ms
2026-01-31 15:36:19: 2026-01-31 15:36:19 [32minfo[39m: GET /api/appointments/stats?month=12&year=2025 304 - - 218.121 ms
2026-01-31 15:36:19: [DEBUG] Date range: Sat Jan 31 2026 00:00:00 GMT+0530 (India Standard Time) to Sat Jan 31 2026 23:59:59 GMT+0530 (India Standard Time)
2026-01-31 15:36:19: [DEBUG] Appointment stats found: 0 []
2026-01-31 15:36:19: 2026-01-31 15:36:19 [32minfo[39m: GET /api/appointments/stats?month=1&year=2026 304 - - 324.306 ms
2026-01-31 15:36:19: 2026-01-31 15:36:19 [32minfo[39m: GET /api/appointments/revenue 304 - - 457.015 ms
2026-01-31 15:36:19: 2026-01-31 15:36:19 [32minfo[39m: GET /api/attendance/range?start=2025-12-31T18:30:00.000Z&end=2026-01-31T18:29:59.999Z 304 - - 750.205 ms
2026-01-31 15:36:19: 2026-01-31 15:36:19 [32minfo[39m: GET /api/users 200 - - 371.434 ms
2026-01-31 15:36:19: 2026-01-31 15:36:19 [32minfo[39m: GET /api/users/all 200 - - 537.960 ms
2026-01-31 15:36:19: 2026-01-31 15:36:19 [32minfo[39m: GET /api/attendance/2026/1 304 - - 225.180 ms
2026-01-31 15:36:20: 2026-01-31 15:36:20 [32minfo[39m: GET /api/appointments/stats?month=1&year=2026 304 - - 61.042 ms
2026-01-31 15:36:20: 2026-01-31 15:36:20 [32minfo[39m: GET /api/appointments/stats?month=12&year=2025 304 - - 57.747 ms
2026-01-31 15:36:20: 2026-01-31 15:36:20 [32minfo[39m: GET /api/appointments/revenue 304 - - 90.345 ms
2026-01-31 15:36:20: [DEBUG] Date range: Sat Jan 31 2026 00:00:00 GMT+0530 (India Standard Time) to Sat Jan 31 2026 23:59:59 GMT+0530 (India Standard Time)
2026-01-31 15:36:20: [DEBUG] Appointment stats found: 0 []
2026-01-31 15:36:20: 2026-01-31 15:36:20 [32minfo[39m: GET /api/users 304 - - 153.732 ms
2026-01-31 15:36:32: 2026-01-31 15:36:32 [32minfo[39m: OPTIONS /api/appointments/stats?month=1&year=2026 200 0 - 0.332 ms
2026-01-31 15:36:32: 2026-01-31 15:36:32 [32minfo[39m: OPTIONS /api/appointments/stats?month=12&year=2025 200 0 - 0.388 ms
2026-01-31 15:36:32: 2026-01-31 15:36:32 [32minfo[39m: OPTIONS /api/appointments/revenue 200 0 - 0.248 ms
2026-01-31 15:36:32: 2026-01-31 15:36:32 [32minfo[39m: GET /api/appointments/stats?month=1&year=2026 304 - - 57.135 ms
2026-01-31 15:36:32: 2026-01-31 15:36:32 [32minfo[39m: GET /api/appointments/stats?month=12&year=2025 304 - - 63.746 ms
2026-01-31 15:36:32: 2026-01-31 15:36:32 [32minfo[39m: OPTIONS /api/tasks 200 0 - 0.230 ms
2026-01-31 15:36:32: 2026-01-31 15:36:32 [32minfo[39m: GET /api/appointments/revenue 304 - - 94.906 ms
2026-01-31 15:36:32: 2026-01-31 15:36:32 [32minfo[39m: OPTIONS /api/users 200 0 - 0.242 ms
2026-01-31 15:36:32: 2026-01-31 15:36:32 [32minfo[39m: GET /api/tasks 304 - - 111.640 ms
2026-01-31 15:36:32: [DEBUG] Date range: Sat Jan 31 2026 00:00:00 GMT+0530 (India Standard Time) to Sat Jan 31 2026 23:59:59 GMT+0530 (India Standard Time)
2026-01-31 15:36:32: [DEBUG] Appointment stats found: 0 []
2026-01-31 15:36:32: 2026-01-31 15:36:32 [32minfo[39m: GET /api/users 200 - - 181.807 ms
2026-01-31 15:36:40: 2026-01-31 15:36:40 [32minfo[39m: OPTIONS /api/attendance/2026/1 200 0 - 0.264 ms
2026-01-31 15:36:40: 2026-01-31 15:36:40 [32minfo[39m: OPTIONS /api/users/all 200 0 - 0.283 ms
2026-01-31 15:36:40: 2026-01-31 15:36:40 [32minfo[39m: OPTIONS /api/attendance/range?start=2025-12-31T18:30:00.000Z&end=2026-01-31T18:29:59.999Z 200 0 - 0.291 ms
2026-01-31 15:36:41: 2026-01-31 15:36:41 [32minfo[39m: GET /api/attendance/2026/1 304 - - 336.407 ms
2026-01-31 15:36:41: 2026-01-31 15:36:41 [32minfo[39m: GET /api/attendance/range?start=2025-12-31T18:30:00.000Z&end=2026-01-31T18:29:59.999Z 304 - - 339.201 ms
2026-01-31 15:36:41: 2026-01-31 15:36:41 [32minfo[39m: GET /api/users/all 200 - - 158.040 ms
2026-01-31 15:36:43: 2026-01-31 15:36:43 [32minfo[39m: OPTIONS /api/appointments/stats?month=1&year=2026 200 0 - 0.354 ms
2026-01-31 15:36:43: 2026-01-31 15:36:43 [32minfo[39m: OPTIONS /api/appointments/stats?month=12&year=2025 200 0 - 0.264 ms
2026-01-31 15:36:43: 2026-01-31 15:36:43 [32minfo[39m: OPTIONS /api/appointments/revenue 200 0 - 0.284 ms
2026-01-31 15:36:43: 2026-01-31 15:36:43 [32minfo[39m: OPTIONS /api/users 200 0 - 0.242 ms
2026-01-31 15:36:43: 2026-01-31 15:36:43 [32minfo[39m: GET /api/appointments/stats?month=1&year=2026 304 - - 61.586 ms
2026-01-31 15:36:43: 2026-01-31 15:36:43 [32minfo[39m: GET /api/appointments/stats?month=12&year=2025 304 - - 67.743 ms
2026-01-31 15:36:43: 2026-01-31 15:36:43 [32minfo[39m: GET /api/appointments/revenue 304 - - 90.754 ms
2026-01-31 15:36:43: [DEBUG] Date range: Sat Jan 31 2026 00:00:00 GMT+0530 (India Standard Time) to Sat Jan 31 2026 23:59:59 GMT+0530 (India Standard Time)
2026-01-31 15:36:43: [DEBUG] Appointment stats found: 0 []
2026-01-31 15:36:43: 2026-01-31 15:36:43 [32minfo[39m: GET /api/users 304 - - 163.493 ms
2026-01-31 15:37:27: ⏰ Session timeout check triggered at 31/1/2026, 3:37:27 pm
2026-01-31 15:37:29: 🔗 Recorded user connection: 68fcc5bfb85c2281711925bb with socket 4YElHzobvvnVZtitAAAH
2026-01-31 15:37:29: 2026-01-31 15:37:29 [32minfo[39m: OPTIONS /api/users 200 0 - 0.323 ms
2026-01-31 15:37:29: 2026-01-31 15:37:29 [32minfo[39m: OPTIONS /api/attendance/range?start=2025-12-31T18:30:00.000Z&end=2026-01-31T18:29:59.999Z 200 0 - 0.256 ms
2026-01-31 15:37:29: 2026-01-31 15:37:29 [32minfo[39m: OPTIONS /api/appointments/revenue 200 0 - 0.272 ms
2026-01-31 15:37:29: 2026-01-31 15:37:29 [32minfo[39m: OPTIONS /api/appointments/stats?month=12&year=2025 200 0 - 0.325 ms
2026-01-31 15:37:30: 2026-01-31 15:37:30 [32minfo[39m: OPTIONS /api/appointments/stats?month=1&year=2026 200 0 - 1.228 ms
2026-01-31 15:37:30: 2026-01-31 15:37:30 [32minfo[39m: OPTIONS /api/users/all 200 0 - 0.210 ms
2026-01-31 15:37:30: 2026-01-31 15:37:30 [32minfo[39m: OPTIONS /api/attendance/2026/1 200 0 - 0.359 ms
2026-01-31 15:37:30: 2026-01-31 15:37:30 [32minfo[39m: GET /api/appointments/stats?month=12&year=2025 304 - - 77.437 ms
2026-01-31 15:37:30: 2026-01-31 15:37:30 [32minfo[39m: GET /api/appointments/stats?month=1&year=2026 304 - - 65.814 ms
2026-01-31 15:37:30: 2026-01-31 15:37:30 [32minfo[39m: GET /api/appointments/revenue 304 - - 104.564 ms
2026-01-31 15:37:30: [DEBUG] Date range: Sat Jan 31 2026 00:00:00 GMT+0530 (India Standard Time) to Sat Jan 31 2026 23:59:59 GMT+0530 (India Standard Time)
2026-01-31 15:37:30: [DEBUG] Appointment stats found: 0 []
2026-01-31 15:37:30: 2026-01-31 15:37:30 [32minfo[39m: GET /api/attendance/range?start=2025-12-31T18:30:00.000Z&end=2026-01-31T18:29:59.999Z 304 - - 357.641 ms
2026-01-31 15:37:30: 2026-01-31 15:37:30 [32minfo[39m: GET /api/users 200 - - 215.601 ms
2026-01-31 15:37:30: 2026-01-31 15:37:30 [32minfo[39m: GET /api/users/all 200 - - 238.689 ms
2026-01-31 15:37:30: 2026-01-31 15:37:30 [32minfo[39m: GET /api/attendance/2026/1 304 - - 161.801 ms
2026-01-31 15:37:31: 2026-01-31 15:37:31 [32minfo[39m: GET /api/appointments/stats?month=1&year=2026 304 - - 68.060 ms
2026-01-31 15:37:31: 2026-01-31 15:37:31 [32minfo[39m: GET /api/appointments/stats?month=12&year=2025 304 - - 67.502 ms
2026-01-31 15:37:31: 2026-01-31 15:37:31 [32minfo[39m: GET /api/appointments/revenue 304 - - 109.263 ms
2026-01-31 15:37:31: [DEBUG] Date range: Sat Jan 31 2026 00:00:00 GMT+0530 (India Standard Time) to Sat Jan 31 2026 23:59:59 GMT+0530 (India Standard Time)
2026-01-31 15:37:31: [DEBUG] Appointment stats found: 0 []
2026-01-31 15:37:31: 2026-01-31 15:37:31 [32minfo[39m: GET /api/users 304 - - 182.613 ms
2026-01-31 15:37:35: 2026-01-31 15:37:35 [32minfo[39m: OPTIONS /api/appointments/revenue/report/12/2025 200 0 - 0.318 ms
2026-01-31 15:37:35: 2026-01-31 15:37:35 [32minfo[39m: OPTIONS /api/appointments/revenue/report/1/2026 200 0 - 0.468 ms
2026-01-31 15:37:35: 2026-01-31 15:37:35 [32minfo[39m: GET /api/appointments/revenue/report/12/2025 200 226 - 53.376 ms
2026-01-31 15:37:35: 2026-01-31 15:37:35 [32minfo[39m: GET /api/appointments/revenue/report/1/2026 404 36 - 50.659 ms
2026-01-31 15:37:35: 2026-01-31 15:37:35 [32minfo[39m: OPTIONS /api/attendance/2025/12 200 0 - 0.789 ms
2026-01-31 15:37:35: 2026-01-31 15:37:35 [32minfo[39m: OPTIONS /api/attendance/2026/1 200 0 - 0.272 ms
2026-01-31 15:37:35: 2026-01-31 15:37:35 [32minfo[39m: GET /api/attendance/2026/1 304 - - 160.816 ms
2026-01-31 15:37:35: 2026-01-31 15:37:35 [32minfo[39m: GET /api/attendance/2025/12 200 - - 151.598 ms
2026-01-31 15:37:36: 2026-01-31 15:37:36 [32minfo[39m: GET /api/attendance/2026/1 304 - - 148.450 ms
2026-01-31 15:38:06: 🔗 Recorded user connection: 68fcc5bfb85c2281711925bb with socket 4YElHzobvvnVZtitAAAH
2026-01-31 15:38:06: 2026-01-31 15:38:06 [32minfo[39m: OPTIONS /api/attendance/2026/1 200 0 - 0.316 ms
2026-01-31 15:38:06: 2026-01-31 15:38:06 [32minfo[39m: GET /api/attendance/2026/1 304 - - 142.781 ms
2026-01-31 15:38:37: 2026-01-31 15:38:37 [32minfo[39m: OPTIONS /api/attendance/2026/1 200 0 - 0.316 ms
2026-01-31 15:38:37: 2026-01-31 15:38:37 [32minfo[39m: GET /api/attendance/2026/1 304 - - 159.403 ms
2026-01-31 15:39:06: 🔗 Recorded user connection: 68fcc5bfb85c2281711925bb with socket 4YElHzobvvnVZtitAAAH
2026-01-31 15:39:07: 2026-01-31 15:39:07 [32minfo[39m: OPTIONS /api/attendance/2026/1 200 0 - 0.296 ms
2026-01-31 15:39:07: 2026-01-31 15:39:07 [32minfo[39m: GET /api/attendance/2026/1 304 - - 149.002 ms
2026-01-31 15:39:54: 2026-01-31 15:39:54 [32minfo[39m: OPTIONS /api/attendance/2026/1 200 0 - 0.147 ms
2026-01-31 15:39:54: 2026-01-31 15:39:54 [32minfo[39m: GET /api/attendance/2026/1 304 - - 133.259 ms
2026-01-31 15:40:13: 🔗 Recorded user connection: 68fcc5bfb85c2281711925bb with socket 4YElHzobvvnVZtitAAAH
2026-01-31 15:40:13: 2026-01-31 15:40:13 [32minfo[39m: OPTIONS /api/attendance/2026/1 200 0 - 0.273 ms
2026-01-31 15:40:13: 2026-01-31 15:40:13 [32minfo[39m: GET /api/attendance/2026/1 304 - - 151.531 ms
2026-01-31 15:40:19: 2026-01-31 15:40:19 [32minfo[39m: OPTIONS /api/appointments/revenue/report/11/2025 200 0 - 0.177 ms
2026-01-31 15:40:19: 2026-01-31 15:40:19 [32minfo[39m: OPTIONS /api/appointments/revenue/report/12/2025 200 0 - 0.260 ms
2026-01-31 15:40:19: 2026-01-31 15:40:19 [32minfo[39m: OPTIONS /api/appointments/revenue/report/1/2026 200 0 - 0.327 ms
2026-01-31 15:40:19: 2026-01-31 15:40:19 [32minfo[39m: GET /api/appointments/revenue/report/11/2025 200 226 - 54.265 ms
2026-01-31 15:40:19: 2026-01-31 15:40:19 [32minfo[39m: GET /api/appointments/revenue/report/12/2025 304 - - 51.451 ms
2026-01-31 15:40:19: 2026-01-31 15:40:19 [32minfo[39m: GET /api/appointments/revenue/report/1/2026 404 36 - 51.678 ms
2026-01-31 15:40:25: 2026-01-31 15:40:25 [32minfo[39m: OPTIONS /api/appointments/revenue/report/11/2025 200 0 - 0.303 ms
2026-01-31 15:40:25: 2026-01-31 15:40:25 [32minfo[39m: OPTIONS /api/appointments/revenue/report/12/2025 200 0 - 0.269 ms
2026-01-31 15:40:25: 2026-01-31 15:40:25 [32minfo[39m: GET /api/appointments/revenue/report/11/2025 304 - - 53.026 ms
2026-01-31 15:40:25: 2026-01-31 15:40:25 [32minfo[39m: GET /api/appointments/revenue/report/12/2025 304 - - 50.302 ms
2026-01-31 15:40:36: 2026-01-31 15:40:36 [32minfo[39m: OPTIONS /api/attendance/2026/1 200 0 - 0.250 ms
2026-01-31 15:40:36: 2026-01-31 15:40:36 [32minfo[39m: GET /api/attendance/2026/1 304 - - 149.074 ms
2026-01-31 15:40:40: 2026-01-31 15:40:40 [32minfo[39m: OPTIONS /api/appointments/revenue/report/2/2025 200 0 - 0.460 ms
2026-01-31 15:40:40: 2026-01-31 15:40:40 [32minfo[39m: OPTIONS /api/appointments/revenue/report/12/2025 200 0 - 0.283 ms
2026-01-31 15:40:40: 2026-01-31 15:40:40 [32minfo[39m: GET /api/appointments/revenue/report/2/2025 404 36 - 53.705 ms
2026-01-31 15:40:40: 2026-01-31 15:40:40 [32minfo[39m: GET /api/appointments/revenue/report/12/2025 304 - - 53.433 ms
2026-01-31 15:41:00: 2026-01-31 15:41:00 [32minfo[39m: OPTIONS /api/appointments/revenue/report/11/2025 200 0 - 0.272 ms
2026-01-31 15:41:00: 2026-01-31 15:41:00 [32minfo[39m: OPTIONS /api/appointments/revenue/report/12/2025 200 0 - 0.246 ms
2026-01-31 15:41:01: 2026-01-31 15:41:01 [32minfo[39m: GET /api/appointments/revenue/report/11/2025 304 - - 49.355 ms
2026-01-31 15:41:01: 2026-01-31 15:41:01 [32minfo[39m: GET /api/appointments/revenue/report/12/2025 304 - - 50.784 ms
2026-01-31 15:41:06: 🔗 Recorded user connection: 68fcc5bfb85c2281711925bb with socket 4YElHzobvvnVZtitAAAH
2026-01-31 15:41:06: 2026-01-31 15:41:06 [32minfo[39m: OPTIONS /api/attendance/2026/1 200 0 - 0.242 ms
2026-01-31 15:41:06: 2026-01-31 15:41:06 [32minfo[39m: GET /api/attendance/2026/1 304 - - 141.870 ms
2026-01-31 15:41:37: 2026-01-31 15:41:37 [32minfo[39m: OPTIONS /api/attendance/2026/1 200 0 - 0.193 ms
2026-01-31 15:41:37: 2026-01-31 15:41:37 [32minfo[39m: GET /api/attendance/2026/1 304 - - 139.388 ms
2026-01-31 15:42:06: 🔗 Recorded user connection: 68fcc5bfb85c2281711925bb with socket 4YElHzobvvnVZtitAAAH
2026-01-31 15:42:07: 2026-01-31 15:42:07 [32minfo[39m: OPTIONS /api/attendance/2026/1 200 0 - 0.271 ms
2026-01-31 15:42:07: 2026-01-31 15:42:07 [32minfo[39m: GET /api/attendance/2026/1 304 - - 138.274 ms
2026-01-31 15:42:27: ⏰ Session timeout check triggered at 31/1/2026, 3:42:27 pm
2026-01-31 15:42:36: 2026-01-31 15:42:36 [32minfo[39m: OPTIONS /api/attendance/2026/1 200 0 - 0.235 ms
2026-01-31 15:42:36: 2026-01-31 15:42:36 [32minfo[39m: GET /api/attendance/2026/1 304 - - 143.992 ms
2026-01-31 15:43:06: 🔗 Recorded user connection: 68fcc5bfb85c2281711925bb with socket 4YElHzobvvnVZtitAAAH
2026-01-31 15:43:06: 2026-01-31 15:43:06 [32minfo[39m: OPTIONS /api/attendance/2026/1 200 0 - 0.159 ms
2026-01-31 15:43:06: 2026-01-31 15:43:06 [32minfo[39m: GET /api/attendance/2026/1 304 - - 142.047 ms
2026-01-31 15:43:37: 2026-01-31 15:43:37 [32minfo[39m: OPTIONS /api/attendance/2026/1 200 0 - 0.151 ms
2026-01-31 15:43:37: 2026-01-31 15:43:37 [32minfo[39m: GET /api/attendance/2026/1 304 - - 136.265 ms
2026-01-31 15:44:06: 🔗 Recorded user connection: 68fcc5bfb85c2281711925bb with socket 4YElHzobvvnVZtitAAAH
2026-01-31 15:44:06: 2026-01-31 15:44:06 [32minfo[39m: OPTIONS /api/attendance/2026/1 200 0 - 0.280 ms
2026-01-31 15:44:06: 2026-01-31 15:44:06 [32minfo[39m: GET /api/attendance/2026/1 304 - - 310.536 ms
2026-01-31 15:44:13: 2026-01-31 15:44:13 [32minfo[39m: OPTIONS /api/appointments/revenue/report/1/2026 200 0 - 0.446 ms
2026-01-31 15:44:13: 2026-01-31 15:44:13 [32minfo[39m: GET /api/appointments/revenue/report/1/2026 404 36 - 59.838 ms
2026-01-31 15:44:18: 2026-01-31 15:44:18 [32minfo[39m: OPTIONS /api/appointments/revenue/report/12/2025 200 0 - 0.276 ms
2026-01-31 15:44:18: 2026-01-31 15:44:18 [32minfo[39m: OPTIONS /api/appointments/revenue/report/1/2026 200 0 - 0.354 ms
2026-01-31 15:44:18: 2026-01-31 15:44:18 [32minfo[39m: GET /api/appointments/revenue/report/12/2025 304 - - 56.122 ms
2026-01-31 15:44:18: 2026-01-31 15:44:18 [32minfo[39m: GET /api/appointments/revenue/report/1/2026 404 36 - 55.636 ms
2026-01-31 15:44:36: 2026-01-31 15:44:36 [32minfo[39m: OPTIONS /api/attendance/2026/1 200 0 - 0.474 ms
2026-01-31 15:44:36: 2026-01-31 15:44:36 [32minfo[39m: GET /api/attendance/2026/1 304 - - 153.549 ms
2026-01-31 15:44:38: 🔌 Socket 4YElHzobvvnVZtitAAAH disconnected. Reason: transport close
2026-01-31 15:44:38: 🚫 Recorded user disconnection: 68fcc5bfb85c2281711925bb
2026-01-31 15:44:38: 👤 User undefined (68fcc5bfb85c2281711925bb) disconnected
2026-01-31 15:44:39: 2026-01-31 15:44:39 [32minfo[39m: OPTIONS /api/messages/unread-count 200 0 - 0.328 ms
2026-01-31 15:44:39: 2026-01-31 15:44:39 [32minfo[39m: OPTIONS /api/messages/unread-count 200 0 - 0.465 ms
2026-01-31 15:44:39: 🔍 [DEBUG] Unread count endpoint hit
2026-01-31 15:44:39: 🔍 [DEBUG] req.user exists: [33mtrue[39m
2026-01-31 15:44:39: 🔍 [DEBUG] req.user.id: 68fcc5bfb85c2281711925bb
2026-01-31 15:44:39: 🔍 [DEBUG] req.user._id: new ObjectId([32m'68fcc5bfb85c2281711925bb'[39m)
2026-01-31 15:44:39: 🔍 [DEBUG] Extracted user ID: 68fcc5bfb85c2281711925bb
2026-01-31 15:44:39: 📬 Fetching unread count for user: 68fcc5bfb85c2281711925bb
2026-01-31 15:44:39: 🔍 [DEBUG] About to query database...
2026-01-31 15:44:39: 🔌 New socket connection: NNdC7LeJHGSiUAerAAAJ
2026-01-31 15:44:39: 🔗 Socket NNdC7LeJHGSiUAerAAAJ joined room user_68fcc5bfb85c2281711925bb (auto-join on connection)
2026-01-31 15:44:39: 🔗 Recorded user connection: 68fcc5bfb85c2281711925bb with socket NNdC7LeJHGSiUAerAAAJ
2026-01-31 15:44:39: 🚪 Socket NNdC7LeJHGSiUAerAAAJ joined user room user_68fcc5bfb85c2281711925bb
2026-01-31 15:44:39: 🚪 Socket NNdC7LeJHGSiUAerAAAJ joined user room user_68fcc5bfb85c2281711925bb
2026-01-31 15:44:39: 🚪 Socket NNdC7LeJHGSiUAerAAAJ joined user room user_68fcc5bfb85c2281711925bb
2026-01-31 15:44:39: 🚪 Socket NNdC7LeJHGSiUAerAAAJ joined user room user_68fcc5bfb85c2281711925bb
2026-01-31 15:44:39: 📬 Unread count result: [33m4[39m
2026-01-31 15:44:39: 2026-01-31 15:44:39 [32minfo[39m: GET /api/messages/unread-count 304 - - 97.712 ms
2026-01-31 15:44:39: 🚪 Socket NNdC7LeJHGSiUAerAAAJ joined user room user_68fcc5bfb85c2281711925bb
2026-01-31 15:44:39: 🔍 [DEBUG] Unread count endpoint hit
2026-01-31 15:44:39: 🔍 [DEBUG] req.user exists: [33mtrue[39m
2026-01-31 15:44:39: 🔍 [DEBUG] req.user.id: 68fcc5bfb85c2281711925bb
2026-01-31 15:44:39: 🔍 [DEBUG] req.user._id: new ObjectId([32m'68fcc5bfb85c2281711925bb'[39m)
2026-01-31 15:44:39: 🔍 [DEBUG] Extracted user ID: 68fcc5bfb85c2281711925bb
2026-01-31 15:44:39: 📬 Fetching unread count for user: 68fcc5bfb85c2281711925bb
2026-01-31 15:44:39: 🔍 [DEBUG] About to query database...
2026-01-31 15:44:39: 📬 Unread count result: [33m4[39m
2026-01-31 15:44:39: 2026-01-31 15:44:39 [32minfo[39m: GET /api/messages/unread-count 304 - - 71.260 ms
2026-01-31 15:44:40: 2026-01-31 15:44:40 [32minfo[39m: GET /api/attendance/2026/1 304 - - 197.630 ms
2026-01-31 15:44:40: 2026-01-31 15:44:40 [32minfo[39m: GET /api/attendance/2026/1 304 - - 178.156 ms
2026-01-31 15:44:45: 2026-01-31 15:44:45 [32minfo[39m: OPTIONS /api/appointments/revenue/report/12/2025 200 0 - 0.299 ms
2026-01-31 15:44:45: 2026-01-31 15:44:45 [32minfo[39m: OPTIONS /api/appointments/revenue/report/1/2026 200 0 - 0.305 ms
2026-01-31 15:44:45: 2026-01-31 15:44:45 [32minfo[39m: GET /api/appointments/revenue/report/12/2025 304 - - 57.794 ms
2026-01-31 15:44:45: 2026-01-31 15:44:45 [32minfo[39m: GET /api/appointments/revenue/report/1/2026 404 36 - 58.035 ms
2026-01-31 15:45:10: 2026-01-31 15:45:10 [32minfo[39m: OPTIONS /api/attendance/2026/1 200 0 - 0.333 ms
2026-01-31 15:45:10: 2026-01-31 15:45:10 [32minfo[39m: GET /api/attendance/2026/1 304 - - 159.811 ms
2026-01-31 15:45:19: 🔌 Socket NNdC7LeJHGSiUAerAAAJ disconnected. Reason: transport close
2026-01-31 15:45:19: 🚫 Recorded user disconnection: 68fcc5bfb85c2281711925bb
2026-01-31 15:45:19: 👤 User undefined (68fcc5bfb85c2281711925bb) disconnected
2026-01-31 15:45:20: 2026-01-31 15:45:20 [32minfo[39m: OPTIONS /api/messages/unread-count 200 0 - 0.731 ms
2026-01-31 15:45:20: 2026-01-31 15:45:20 [32minfo[39m: OPTIONS /api/messages/unread-count 200 0 - 0.300 ms
2026-01-31 15:45:20: 🔌 New socket connection: ayy0bKMUlyZknK8nAAAL
2026-01-31 15:45:20: 🔗 Socket ayy0bKMUlyZknK8nAAAL joined room user_68fcc5bfb85c2281711925bb (auto-join on connection)
2026-01-31 15:45:20: 🔗 Recorded user connection: 68fcc5bfb85c2281711925bb with socket ayy0bKMUlyZknK8nAAAL
2026-01-31 15:45:20: 🚪 Socket ayy0bKMUlyZknK8nAAAL joined user room user_68fcc5bfb85c2281711925bb
2026-01-31 15:45:20: 🚪 Socket ayy0bKMUlyZknK8nAAAL joined user room user_68fcc5bfb85c2281711925bb
2026-01-31 15:45:20: 🚪 Socket ayy0bKMUlyZknK8nAAAL joined user room user_68fcc5bfb85c2281711925bb
2026-01-31 15:45:20: 🚪 Socket ayy0bKMUlyZknK8nAAAL joined user room user_68fcc5bfb85c2281711925bb
2026-01-31 15:45:20: 🔍 [DEBUG] Unread count endpoint hit
2026-01-31 15:45:20: 🔍 [DEBUG] req.user exists: [33mtrue[39m
2026-01-31 15:45:20: 🔍 [DEBUG] req.user.id: 68fcc5bfb85c2281711925bb
2026-01-31 15:45:20: 🔍 [DEBUG] req.user._id: new ObjectId([32m'68fcc5bfb85c2281711925bb'[39m)
2026-01-31 15:45:20: 🔍 [DEBUG] Extracted user ID: 68fcc5bfb85c2281711925bb
2026-01-31 15:45:20: 📬 Fetching unread count for user: 68fcc5bfb85c2281711925bb
2026-01-31 15:45:20: 🔍 [DEBUG] About to query database...
2026-01-31 15:45:20: 📬 Unread count result: [33m4[39m
2026-01-31 15:45:20: 2026-01-31 15:45:20 [32minfo[39m: GET /api/messages/unread-count 304 - - 64.319 ms
2026-01-31 15:45:20: 🚪 Socket ayy0bKMUlyZknK8nAAAL joined user room user_68fcc5bfb85c2281711925bb
2026-01-31 15:45:20: 🔍 [DEBUG] Unread count endpoint hit
2026-01-31 15:45:20: 🔍 [DEBUG] req.user exists: [33mtrue[39m
2026-01-31 15:45:20: 🔍 [DEBUG] req.user.id: 68fcc5bfb85c2281711925bb
2026-01-31 15:45:20: 🔍 [DEBUG] req.user._id: new ObjectId([32m'68fcc5bfb85c2281711925bb'[39m)
2026-01-31 15:45:20: 🔍 [DEBUG] Extracted user ID: 68fcc5bfb85c2281711925bb
2026-01-31 15:45:20: 📬 Fetching unread count for user: 68fcc5bfb85c2281711925bb
2026-01-31 15:45:20: 🔍 [DEBUG] About to query database...
2026-01-31 15:45:20: 📬 Unread count result: [33m4[39m
2026-01-31 15:45:20: 2026-01-31 15:45:20 [32minfo[39m: GET /api/messages/unread-count 304 - - 76.553 ms
2026-01-31 15:45:20: 2026-01-31 15:45:20 [32minfo[39m: OPTIONS /api/attendance/2026/1 200 0 - 0.289 ms
2026-01-31 15:45:20: 2026-01-31 15:45:20 [32minfo[39m: OPTIONS /api/attendance/2026/1 200 0 - 0.361 ms
2026-01-31 15:45:21: 2026-01-31 15:45:21 [32minfo[39m: GET /api/attendance/2026/1 304 - - 164.886 ms
2026-01-31 15:45:21: 2026-01-31 15:45:21 [32minfo[39m: GET /api/attendance/2026/1 304 - - 142.479 ms
2026-01-31 15:45:22: 🔌 Socket ayy0bKMUlyZknK8nAAAL disconnected. Reason: transport close
2026-01-31 15:45:22: 🚫 Recorded user disconnection: 68fcc5bfb85c2281711925bb
2026-01-31 15:45:22: 👤 User undefined (68fcc5bfb85c2281711925bb) disconnected
2026-01-31 15:45:23: 🔌 New socket connection: iZMZp0Cdrm3rgcKdAAAN
2026-01-31 15:45:23: 🔗 Socket iZMZp0Cdrm3rgcKdAAAN joined room user_68fcc5bfb85c2281711925bb (auto-join on connection)
2026-01-31 15:45:23: 🔗 Recorded user connection: 68fcc5bfb85c2281711925bb with socket iZMZp0Cdrm3rgcKdAAAN
2026-01-31 15:45:23: 🔍 [DEBUG] Unread count endpoint hit
2026-01-31 15:45:23: 🔍 [DEBUG] req.user exists: [33mtrue[39m
2026-01-31 15:45:23: 🔍 [DEBUG] req.user.id: 68fcc5bfb85c2281711925bb
2026-01-31 15:45:23: 🔍 [DEBUG] req.user._id: new ObjectId([32m'68fcc5bfb85c2281711925bb'[39m)
2026-01-31 15:45:23: 🔍 [DEBUG] Extracted user ID: 68fcc5bfb85c2281711925bb
2026-01-31 15:45:23: 📬 Fetching unread count for user: 68fcc5bfb85c2281711925bb
2026-01-31 15:45:23: 🔍 [DEBUG] About to query database...
2026-01-31 15:45:23: 🚪 Socket iZMZp0Cdrm3rgcKdAAAN joined user room user_68fcc5bfb85c2281711925bb
2026-01-31 15:45:23: 📬 Unread count result: [33m4[39m
2026-01-31 15:45:23: 2026-01-31 15:45:23 [32minfo[39m: GET /api/messages/unread-count 304 - - 64.314 ms
2026-01-31 15:45:23: 🚪 Socket iZMZp0Cdrm3rgcKdAAAN joined user room user_68fcc5bfb85c2281711925bb
2026-01-31 15:45:23: 🚪 Socket iZMZp0Cdrm3rgcKdAAAN joined user room user_68fcc5bfb85c2281711925bb
2026-01-31 15:45:23: 🚪 Socket iZMZp0Cdrm3rgcKdAAAN joined user room user_68fcc5bfb85c2281711925bb
2026-01-31 15:45:23: 🚪 Socket iZMZp0Cdrm3rgcKdAAAN joined user room user_68fcc5bfb85c2281711925bb
2026-01-31 15:45:23: 🔍 [DEBUG] Unread count endpoint hit
2026-01-31 15:45:23: 🔍 [DEBUG] req.user exists: [33mtrue[39m
2026-01-31 15:45:23: 🔍 [DEBUG] req.user.id: 68fcc5bfb85c2281711925bb
2026-01-31 15:45:23: 🔍 [DEBUG] req.user._id: new ObjectId([32m'68fcc5bfb85c2281711925bb'[39m)
2026-01-31 15:45:23: 🔍 [DEBUG] Extracted user ID: 68fcc5bfb85c2281711925bb
2026-01-31 15:45:23: 📬 Fetching unread count for user: 68fcc5bfb85c2281711925bb
2026-01-31 15:45:23: 🔍 [DEBUG] About to query database...
2026-01-31 15:45:23: 📬 Unread count result: [33m4[39m
2026-01-31 15:45:23: 2026-01-31 15:45:23 [32minfo[39m: GET /api/messages/unread-count 304 - - 54.412 ms
2026-01-31 15:45:23: 2026-01-31 15:45:23 [32minfo[39m: GET /api/attendance/2026/1 304 - - 162.113 ms
2026-01-31 15:45:24: 2026-01-31 15:45:24 [32minfo[39m: GET /api/attendance/2026/1 304 - - 164.256 ms
2026-01-31 15:45:25: 2026-01-31 15:45:25 [32minfo[39m: OPTIONS /api/appointments/revenue/report/12/2025 200 0 - 0.538 ms
2026-01-31 15:45:25: 2026-01-31 15:45:25 [32minfo[39m: OPTIONS /api/appointments/revenue/report/1/2026 200 0 - 0.550 ms
2026-01-31 15:45:25: 2026-01-31 15:45:25 [32minfo[39m: GET /api/appointments/revenue/report/12/2025 304 - - 79.297 ms
2026-01-31 15:45:25: 2026-01-31 15:45:25 [32minfo[39m: GET /api/appointments/revenue/report/1/2026 404 36 - 64.568 ms
2026-01-31 15:45:30: 2026-01-31 15:45:30 [32minfo[39m: OPTIONS /api/appointments/revenue/report/11/2025 200 0 - 1.009 ms
2026-01-31 15:45:30: 2026-01-31 15:45:30 [32minfo[39m: OPTIONS /api/appointments/revenue/report/12/2025 200 0 - 0.456 ms
2026-01-31 15:45:30: 2026-01-31 15:45:30 [32minfo[39m: OPTIONS /api/appointments/revenue/report/1/2026 200 0 - 0.328 ms
2026-01-31 15:45:30: 2026-01-31 15:45:30 [32minfo[39m: GET /api/appointments/revenue/report/11/2025 304 - - 61.139 ms
2026-01-31 15:45:30: 2026-01-31 15:45:30 [32minfo[39m: GET /api/appointments/revenue/report/12/2025 304 - - 57.360 ms
2026-01-31 15:45:30: 2026-01-31 15:45:30 [32minfo[39m: GET /api/appointments/revenue/report/1/2026 404 36 - 54.197 ms
2026-01-31 15:45:40: 2026-01-31 15:45:40 [32minfo[39m: OPTIONS /api/appointments/revenue/report/12/2025 200 0 - 0.376 ms
2026-01-31 15:45:40: 2026-01-31 15:45:40 [32minfo[39m: OPTIONS /api/appointments/revenue/report/11/2025 200 0 - 0.441 ms
2026-01-31 15:45:40: 2026-01-31 15:45:40 [32minfo[39m: OPTIONS /api/appointments/revenue/report/10/2025 200 0 - 0.633 ms
2026-01-31 15:45:40: 2026-01-31 15:45:40 [32minfo[39m: OPTIONS /api/appointments/revenue/report/1/2026 200 0 - 0.484 ms
2026-01-31 15:45:40: 2026-01-31 15:45:40 [32minfo[39m: GET /api/appointments/revenue/report/12/2025 304 - - 74.159 ms
2026-01-31 15:45:40: 2026-01-31 15:45:40 [32minfo[39m: GET /api/appointments/revenue/report/11/2025 304 - - 78.937 ms
2026-01-31 15:45:40: 2026-01-31 15:45:40 [32minfo[39m: GET /api/appointments/revenue/report/10/2025 200 226 - 72.741 ms
2026-01-31 15:45:40: 2026-01-31 15:45:40 [32minfo[39m: GET /api/appointments/revenue/report/1/2026 404 36 - 65.084 ms
2026-01-31 15:45:54: 2026-01-31 15:45:54 [32minfo[39m: OPTIONS /api/attendance/2026/1 200 0 - 0.423 ms
2026-01-31 15:45:54: 2026-01-31 15:45:54 [32minfo[39m: GET /api/attendance/2026/1 304 - - 171.539 ms
2026-01-31 15:46:24: 🔗 Recorded user connection: 68fcc5bfb85c2281711925bb with socket iZMZp0Cdrm3rgcKdAAAN
2026-01-31 15:46:24: 2026-01-31 15:46:24 [32minfo[39m: OPTIONS /api/attendance/2026/1 200 0 - 0.171 ms
2026-01-31 15:46:24: 2026-01-31 15:46:24 [32minfo[39m: GET /api/attendance/2026/1 304 - - 155.210 ms
2026-01-31 15:46:54: 2026-01-31 15:46:54 [32minfo[39m: OPTIONS /api/attendance/2026/1 200 0 - 0.155 ms
2026-01-31 15:46:54: 2026-01-31 15:46:54 [32minfo[39m: GET /api/attendance/2026/1 304 - - 171.239 ms
2026-01-31 15:47:24: 🔗 Recorded user connection: 68fcc5bfb85c2281711925bb with socket iZMZp0Cdrm3rgcKdAAAN
2026-01-31 15:47:24: 2026-01-31 15:47:24 [32minfo[39m: OPTIONS /api/attendance/2026/1 200 0 - 0.165 ms
2026-01-31 15:47:24: 2026-01-31 15:47:24 [32minfo[39m: GET /api/attendance/2026/1 304 - - 173.297 ms
2026-01-31 15:47:27: ⏰ Session timeout check triggered at 31/1/2026, 3:47:27 pm
2026-01-31 15:47:54: 2026-01-31 15:47:54 [32minfo[39m: OPTIONS /api/attendance/2026/1 200 0 - 0.160 ms
2026-01-31 15:47:54: 2026-01-31 15:47:54 [32minfo[39m: GET /api/attendance/2026/1 304 - - 156.254 ms
2026-01-31 15:48:24: 🔗 Recorded user connection: 68fcc5bfb85c2281711925bb with socket iZMZp0Cdrm3rgcKdAAAN
2026-01-31 15:48:24: 2026-01-31 15:48:24 [32minfo[39m: OPTIONS /api/attendance/2026/1 200 0 - 0.488 ms
2026-01-31 15:48:24: 2026-01-31 15:48:24 [32minfo[39m: GET /api/attendance/2026/1 304 - - 155.017 ms
2026-01-31 15:48:54: 2026-01-31 15:48:54 [32minfo[39m: OPTIONS /api/attendance/2026/1 200 0 - 0.203 ms
2026-01-31 15:48:54: 2026-01-31 15:48:54 [32minfo[39m: GET /api/attendance/2026/1 304 - - 155.575 ms
2026-01-31 15:49:24: 🔗 Recorded user connection: 68fcc5bfb85c2281711925bb with socket iZMZp0Cdrm3rgcKdAAAN
2026-01-31 15:49:24: 2026-01-31 15:49:24 [32minfo[39m: OPTIONS /api/attendance/2026/1 200 0 - 0.267 ms
2026-01-31 15:49:24: 2026-01-31 15:49:24 [32minfo[39m: GET /api/attendance/2026/1 304 - - 179.850 ms
2026-01-31 15:49:53: 2026-01-31 15:49:53 [32minfo[39m: OPTIONS /api/attendance/2026/1 200 0 - 0.360 ms
2026-01-31 15:49:53: 2026-01-31 15:49:53 [32minfo[39m: GET /api/attendance/2026/1 304 - - 186.124 ms
2026-01-31 15:49:55: 🔌 Socket iZMZp0Cdrm3rgcKdAAAN disconnected. Reason: transport close
2026-01-31 15:49:55: 🚫 Recorded user disconnection: 68fcc5bfb85c2281711925bb
2026-01-31 15:49:55: 👤 User undefined (68fcc5bfb85c2281711925bb) disconnected
2026-01-31 15:49:56: 2026-01-31 15:49:56 [32minfo[39m: OPTIONS /api/messages/unread-count 200 0 - 0.281 ms
2026-01-31 15:49:56: 2026-01-31 15:49:56 [32minfo[39m: OPTIONS /api/messages/unread-count 200 0 - 0.265 ms
2026-01-31 15:49:56: 🔌 New socket connection: TvxeBHgW-ET-ZY7FAAAP
2026-01-31 15:49:56: 🔗 Socket TvxeBHgW-ET-ZY7FAAAP joined room user_68fcc5bfb85c2281711925bb (auto-join on connection)
2026-01-31 15:49:56: 🔗 Recorded user connection: 68fcc5bfb85c2281711925bb with socket TvxeBHgW-ET-ZY7FAAAP
2026-01-31 15:49:56: 🚪 Socket TvxeBHgW-ET-ZY7FAAAP joined user room user_68fcc5bfb85c2281711925bb
2026-01-31 15:49:56: 🚪 Socket TvxeBHgW-ET-ZY7FAAAP joined user room user_68fcc5bfb85c2281711925bb
2026-01-31 15:49:56: 🚪 Socket TvxeBHgW-ET-ZY7FAAAP joined user room user_68fcc5bfb85c2281711925bb
2026-01-31 15:49:56: 🚪 Socket TvxeBHgW-ET-ZY7FAAAP joined user room user_68fcc5bfb85c2281711925bb
2026-01-31 15:49:56: 🔍 [DEBUG] Unread count endpoint hit
2026-01-31 15:49:56: 🔍 [DEBUG] req.user exists: [33mtrue[39m
2026-01-31 15:49:56: 🔍 [DEBUG] req.user.id: 68fcc5bfb85c2281711925bb
2026-01-31 15:49:56: 🔍 [DEBUG] req.user._id: new ObjectId([32m'68fcc5bfb85c2281711925bb'[39m)
2026-01-31 15:49:56: 🔍 [DEBUG] Extracted user ID: 68fcc5bfb85c2281711925bb
2026-01-31 15:49:56: 📬 Fetching unread count for user: 68fcc5bfb85c2281711925bb
2026-01-31 15:49:56: 🔍 [DEBUG] About to query database...
2026-01-31 15:49:56: 📬 Unread count result: [33m4[39m
2026-01-31 15:49:56: 2026-01-31 15:49:56 [32minfo[39m: GET /api/messages/unread-count 304 - - 65.203 ms
2026-01-31 15:49:56: 🚪 Socket TvxeBHgW-ET-ZY7FAAAP joined user room user_68fcc5bfb85c2281711925bb
2026-01-31 15:49:56: 🔍 [DEBUG] Unread count endpoint hit
2026-01-31 15:49:56: 🔍 [DEBUG] req.user exists: [33mtrue[39m
2026-01-31 15:49:56: 🔍 [DEBUG] req.user.id: 68fcc5bfb85c2281711925bb
2026-01-31 15:49:56: 🔍 [DEBUG] req.user._id: new ObjectId([32m'68fcc5bfb85c2281711925bb'[39m)
2026-01-31 15:49:56: 🔍 [DEBUG] Extracted user ID: 68fcc5bfb85c2281711925bb
2026-01-31 15:49:56: 📬 Fetching unread count for user: 68fcc5bfb85c2281711925bb
2026-01-31 15:49:56: 🔍 [DEBUG] About to query database...
2026-01-31 15:49:56: 📬 Unread count result: [33m4[39m
2026-01-31 15:49:56: 2026-01-31 15:49:56 [32minfo[39m: GET /api/messages/unread-count 304 - - 61.901 ms
2026-01-31 15:49:57: 2026-01-31 15:49:57 [32minfo[39m: GET /api/attendance/2026/1 304 - - 169.563 ms
2026-01-31 15:49:57: 2026-01-31 15:49:57 [32minfo[39m: GET /api/attendance/2026/1 304 - - 151.357 ms
2026-01-31 15:49:58: 2026-01-31 15:49:58 [32minfo[39m: OPTIONS /api/appointments/revenue/report/12/2025 200 0 - 0.261 ms
2026-01-31 15:49:58: 2026-01-31 15:49:58 [32minfo[39m: OPTIONS /api/appointments/revenue/report/1/2026 200 0 - 0.229 ms
2026-01-31 15:49:58: 2026-01-31 15:49:58 [32minfo[39m: GET /api/appointments/revenue/report/12/2025 304 - - 133.654 ms
2026-01-31 15:49:58: 2026-01-31 15:49:58 [32minfo[39m: GET /api/appointments/revenue/report/1/2026 404 36 - 63.066 ms
2026-01-31 15:50:27: 2026-01-31 15:50:27 [32minfo[39m: OPTIONS /api/attendance/2026/1 200 0 - 0.308 ms
2026-01-31 15:50:27: 2026-01-31 15:50:27 [32minfo[39m: GET /api/attendance/2026/1 304 - - 187.590 ms
2026-01-31 15:50:57: 🔗 Recorded user connection: 68fcc5bfb85c2281711925bb with socket TvxeBHgW-ET-ZY7FAAAP
2026-01-31 15:50:57: 2026-01-31 15:50:57 [32minfo[39m: OPTIONS /api/attendance/2026/1 200 0 - 0.209 ms
2026-01-31 15:50:57: 2026-01-31 15:50:57 [32minfo[39m: GET /api/attendance/2026/1 304 - - 161.669 ms
2026-01-31 15:51:27: 2026-01-31 15:51:27 [32minfo[39m: OPTIONS /api/attendance/2026/1 200 0 - 0.162 ms
2026-01-31 15:51:27: 2026-01-31 15:51:27 [32minfo[39m: GET /api/attendance/2026/1 304 - - 162.943 ms
2026-01-31 15:51:57: 🔗 Recorded user connection: 68fcc5bfb85c2281711925bb with socket TvxeBHgW-ET-ZY7FAAAP
2026-01-31 15:51:57: 2026-01-31 15:51:57 [32minfo[39m: OPTIONS /api/attendance/2026/1 200 0 - 0.148 ms
2026-01-31 15:51:57: 2026-01-31 15:51:57 [32minfo[39m: GET /api/attendance/2026/1 304 - - 234.919 ms
2026-01-31 15:52:27: 2026-01-31 15:52:27 [32minfo[39m: OPTIONS /api/attendance/2026/1 200 0 - 0.184 ms
2026-01-31 15:52:27: ⏰ Session timeout check triggered at 31/1/2026, 3:52:27 pm
2026-01-31 15:52:27: 2026-01-31 15:52:27 [32minfo[39m: GET /api/attendance/2026/1 304 - - 218.032 ms
2026-01-31 15:52:57: 🔗 Recorded user connection: 68fcc5bfb85c2281711925bb with socket TvxeBHgW-ET-ZY7FAAAP
2026-01-31 15:52:57: 2026-01-31 15:52:57 [32minfo[39m: OPTIONS /api/attendance/2026/1 200 0 - 0.232 ms
2026-01-31 15:52:57: 2026-01-31 15:52:57 [32minfo[39m: GET /api/attendance/2026/1 304 - - 231.335 ms
2026-01-31 15:53:54: 2026-01-31 15:53:54 [32minfo[39m: OPTIONS /api/attendance/2026/1 200 0 - 0.295 ms
2026-01-31 15:53:54: 2026-01-31 15:53:54 [32minfo[39m: GET /api/attendance/2026/1 304 - - 154.142 ms
2026-01-31 15:53:57: 🔗 Recorded user connection: 68fcc5bfb85c2281711925bb with socket TvxeBHgW-ET-ZY7FAAAP
2026-01-31 15:54:54: 2026-01-31 15:54:54 [32minfo[39m: OPTIONS /api/attendance/2026/1 200 0 - 0.249 ms
2026-01-31 15:54:54: 2026-01-31 15:54:54 [32minfo[39m: GET /api/attendance/2026/1 304 - - 157.404 ms
2026-01-31 15:54:57: 🔗 Recorded user connection: 68fcc5bfb85c2281711925bb with socket TvxeBHgW-ET-ZY7FAAAP
2026-01-31 15:55:51: 2026-01-31 15:55:50 [32minfo[39m: OPTIONS /api/attendance/2026/1 200 0 - 0.287 ms
2026-01-31 15:55:51: 2026-01-31 15:55:51 [32minfo[39m: GET /api/attendance/2026/1 304 - - 166.176 ms
2026-01-31 15:55:56: 🔗 Recorded user connection: 68fcc5bfb85c2281711925bb with socket TvxeBHgW-ET-ZY7FAAAP
2026-01-31 15:55:56: 2026-01-31 15:55:56 [32minfo[39m: OPTIONS /api/attendance/2026/1 200 0 - 0.312 ms
2026-01-31 15:55:56: 2026-01-31 15:55:56 [32minfo[39m: GET /api/attendance/2026/1 304 - - 162.670 ms
2026-01-31 15:56:26: 2026-01-31 15:56:26 [32minfo[39m: OPTIONS /api/attendance/2026/1 200 0 - 0.266 ms
2026-01-31 15:56:26: 2026-01-31 15:56:26 [32minfo[39m: GET /api/attendance/2026/1 200 - - 163.407 ms
2026-01-31 15:56:56: 🔗 Recorded user connection: 68fcc5bfb85c2281711925bb with socket TvxeBHgW-ET-ZY7FAAAP
2026-01-31 15:56:56: 2026-01-31 15:56:56 [32minfo[39m: OPTIONS /api/attendance/2026/1 200 0 - 0.369 ms
2026-01-31 15:56:56: 2026-01-31 15:56:56 [32minfo[39m: GET /api/attendance/2026/1 200 - - 160.121 ms
2026-01-31 15:57:26: 2026-01-31 15:57:26 [32minfo[39m: OPTIONS /api/attendance/2026/1 200 0 - 0.505 ms
2026-01-31 15:57:26: 2026-01-31 15:57:26 [32minfo[39m: GET /api/attendance/2026/1 200 - - 166.969 ms
2026-01-31 15:57:27: ⏰ Session timeout check triggered at 31/1/2026, 3:57:27 pm
2026-01-31 15:57:57: 🔗 Recorded user connection: 68fcc5bfb85c2281711925bb with socket TvxeBHgW-ET-ZY7FAAAP
2026-01-31 15:57:57: 2026-01-31 15:57:57 [32minfo[39m: OPTIONS /api/attendance/2026/1 200 0 - 0.282 ms
2026-01-31 15:57:57: 2026-01-31 15:57:57 [32minfo[39m: GET /api/attendance/2026/1 200 - - 155.184 ms
2026-01-31 15:58:27: 2026-01-31 15:58:27 [32minfo[39m: OPTIONS /api/attendance/2026/1 200 0 - 0.256 ms
2026-01-31 15:58:27: 2026-01-31 15:58:27 [32minfo[39m: GET /api/attendance/2026/1 200 - - 151.918 ms
2026-01-31 15:59:28: 🔗 Recorded user connection: 68fcc5bfb85c2281711925bb with socket TvxeBHgW-ET-ZY7FAAAP
2026-01-31 15:59:28: 2026-01-31 15:59:28 [32minfo[39m: OPTIONS /api/attendance/2026/1 200 0 - 0.268 ms
2026-01-31 15:59:29: 2026-01-31 15:59:29 [32minfo[39m: GET /api/attendance/2026/1 200 - - 173.628 ms
2026-01-31 15:59:57: 🔗 Recorded user connection: 68fcc5bfb85c2281711925bb with socket TvxeBHgW-ET-ZY7FAAAP
2026-01-31 15:59:57: 2026-01-31 15:59:57 [32minfo[39m: OPTIONS /api/attendance/2026/1 200 0 - 0.233 ms
2026-01-31 15:59:57: 2026-01-31 15:59:57 [32minfo[39m: GET /api/attendance/2026/1 304 - - 167.705 ms
2026-01-31 15:59:59: SIGINT signal received: closing HTTP server
2026-01-31 16:00:13: 🔌 Attempting to connect to Redis...
2026-01-31 16:00:15: Starting Auto-Logout Job...
2026-01-31 16:00:15: 2026-01-31 16:00:15 [32minfo[39m: 🚀 Server running on http://localhost:5000
2026-01-31 16:00:15: 2026-01-31 16:00:15 [32minfo[39m: 📡 Socket.IO server ready for connections
2026-01-31 16:00:16: 2026-01-31 16:00:16 [32minfo[39m: ✅ Redis Clients (Pub/Sub) Connected and Ready
2026-01-31 16:00:16: 📡 Mongoose connected to Atlas cluster
2026-01-31 16:00:16: ✅ MongoDB Atlas connected successfully!
2026-01-31 16:00:16: 🔌 Socket.IO Redis adapter initialized
2026-01-31 16:00:16: 🔌 Socket.IO instance set successfully
2026-01-31 16:00:16: ℹ️ Huawei E173 Modem Service is disabled via ENABLE_MODEM flag
2026-01-31 16:00:16: ✅ All services initialized successfully
2026-01-31 16:00:16: ✅ Query model connected successfully
2026-01-31 16:00:20: 🔌 New socket connection: iL4cvCh6aRATEVFRAAAB
2026-01-31 16:00:20: 🔗 Socket iL4cvCh6aRATEVFRAAAB joined room user_68fcc5bfb85c2281711925bb (auto-join on connection)
2026-01-31 16:00:20: 🔗 Recorded user connection: 68fcc5bfb85c2281711925bb with socket iL4cvCh6aRATEVFRAAAB
2026-01-31 16:00:27: 2026-01-31 16:00:27 [32minfo[39m: OPTIONS /api/attendance/2026/1 200 0 - 3.336 ms
2026-01-31 16:00:27: 2026-01-31 16:00:27 [32minfo[39m: GET /api/attendance/2026/1 304 - - 259.491 ms
2026-01-31 16:00:57: 🔗 Recorded user connection: 68fcc5bfb85c2281711925bb with socket iL4cvCh6aRATEVFRAAAB
2026-01-31 16:00:57: 2026-01-31 16:00:57 [32minfo[39m: OPTIONS /api/attendance/2026/1 200 0 - 0.362 ms
2026-01-31 16:00:57: 2026-01-31 16:00:57 [32minfo[39m: GET /api/attendance/2026/1 304 - - 196.757 ms
2026-01-31 16:01:27: 2026-01-31 16:01:27 [32minfo[39m: OPTIONS /api/attendance/2026/1 200 0 - 0.313 ms
2026-01-31 16:01:27: 2026-01-31 16:01:27 [32minfo[39m: GET /api/attendance/2026/1 304 - - 180.082 ms
2026-01-31 16:02:28: 🔗 Recorded user connection: 68fcc5bfb85c2281711925bb with socket iL4cvCh6aRATEVFRAAAB
2026-01-31 16:02:28: 2026-01-31 16:02:28 [32minfo[39m: OPTIONS /api/attendance/2026/1 200 0 - 0.329 ms
2026-01-31 16:02:28: 2026-01-31 16:02:28 [32minfo[39m: GET /api/attendance/2026/1 304 - - 179.558 ms
2026-01-31 16:03:29: 🔗 Recorded user connection: 68fcc5bfb85c2281711925bb with socket iL4cvCh6aRATEVFRAAAB
2026-01-31 16:03:29: 2026-01-31 16:03:29 [32minfo[39m: OPTIONS /api/attendance/2026/1 200 0 - 0.597 ms
2026-01-31 16:03:29: 2026-01-31 16:03:29 [32minfo[39m: GET /api/attendance/2026/1 304 - - 228.627 ms
2026-01-31 16:03:57: 🔗 Recorded user connection: 68fcc5bfb85c2281711925bb with socket iL4cvCh6aRATEVFRAAAB
2026-01-31 16:03:57: 2026-01-31 16:03:57 [32minfo[39m: OPTIONS /api/attendance/2026/1 200 0 - 0.436 ms
2026-01-31 16:03:57: 2026-01-31 16:03:57 [32minfo[39m: GET /api/attendance/2026/1 304 - - 164.804 ms
2026-01-31 16:04:27: 2026-01-31 16:04:27 [32minfo[39m: OPTIONS /api/attendance/2026/1 200 0 - 0.577 ms
2026-01-31 16:04:28: 2026-01-31 16:04:28 [32minfo[39m: GET /api/attendance/2026/1 304 - - 242.995 ms
2026-01-31 16:04:57: 🔗 Recorded user connection: 68fcc5bfb85c2281711925bb with socket iL4cvCh6aRATEVFRAAAB
2026-01-31 16:04:57: 2026-01-31 16:04:57 [32minfo[39m: OPTIONS /api/attendance/2026/1 200 0 - 0.389 ms
2026-01-31 16:04:57: 2026-01-31 16:04:57 [32minfo[39m: GET /api/attendance/2026/1 304 - - 186.562 ms
2026-01-31 16:05:15: ⏰ Session timeout check triggered at 31/1/2026, 4:05:15 pm
2026-01-31 16:05:27: 2026-01-31 16:05:27 [32minfo[39m: OPTIONS /api/attendance/2026/1 200 0 - 0.402 ms
2026-01-31 16:05:27: 2026-01-31 16:05:27 [32minfo[39m: GET /api/attendance/2026/1 304 - - 172.932 ms
2026-01-31 16:06:28: 🔗 Recorded user connection: 68fcc5bfb85c2281711925bb with socket iL4cvCh6aRATEVFRAAAB
2026-01-31 16:06:28: 2026-01-31 16:06:28 [32minfo[39m: OPTIONS /api/attendance/2026/1 200 0 - 0.317 ms
2026-01-31 16:06:28: 2026-01-31 16:06:28 [32minfo[39m: GET /api/attendance/2026/1 304 - - 161.395 ms
2026-01-31 16:07:29: 🔗 Recorded user connection: 68fcc5bfb85c2281711925bb with socket iL4cvCh6aRATEVFRAAAB
2026-01-31 16:07:29: 2026-01-31 16:07:29 [32minfo[39m: OPTIONS /api/attendance/2026/1 200 0 - 0.396 ms
2026-01-31 16:07:29: 2026-01-31 16:07:29 [32minfo[39m: GET /api/attendance/2026/1 304 - - 190.232 ms
2026-01-31 16:08:30: 🔗 Recorded user connection: 68fcc5bfb85c2281711925bb with socket iL4cvCh6aRATEVFRAAAB
2026-01-31 16:08:31: 2026-01-31 16:08:31 [32minfo[39m: OPTIONS /api/attendance/2026/1 200 0 - 0.431 ms
2026-01-31 16:08:31: 2026-01-31 16:08:31 [32minfo[39m: GET /api/attendance/2026/1 304 - - 181.083 ms
2026-01-31 16:09:25: 🔗 Recorded user connection: 68fcc5bfb85c2281711925bb with socket iL4cvCh6aRATEVFRAAAB
2026-01-31 16:09:25: 2026-01-31 16:09:25 [32minfo[39m: OPTIONS /api/attendance/2026/1 200 0 - 0.448 ms
2026-01-31 16:09:26: 2026-01-31 16:09:26 [32minfo[39m: GET /api/attendance/2026/1 304 - - 209.389 ms
2026-01-31 16:09:57: 🔗 Recorded user connection: 68fcc5bfb85c2281711925bb with socket iL4cvCh6aRATEVFRAAAB
2026-01-31 16:09:57: 2026-01-31 16:09:57 [32minfo[39m: OPTIONS /api/attendance/2026/1 200 0 - 0.402 ms
2026-01-31 16:09:57: 2026-01-31 16:09:57 [32minfo[39m: GET /api/attendance/2026/1 304 - - 206.647 ms
2026-01-31 16:10:15: ⏰ Session timeout check triggered at 31/1/2026, 4:10:15 pm
2026-01-31 16:10:27: 2026-01-31 16:10:27 [32minfo[39m: OPTIONS /api/attendance/2026/1 200 0 - 0.229 ms
2026-01-31 16:10:27: 2026-01-31 16:10:27 [32minfo[39m: GET /api/attendance/2026/1 304 - - 199.012 ms
2026-01-31 16:11:28: 🔗 Recorded user connection: 68fcc5bfb85c2281711925bb with socket iL4cvCh6aRATEVFRAAAB
2026-01-31 16:11:28: 2026-01-31 16:11:28 [32minfo[39m: OPTIONS /api/attendance/2026/1 200 0 - 0.436 ms
2026-01-31 16:11:28: 2026-01-31 16:11:28 [32minfo[39m: GET /api/attendance/2026/1 304 - - 219.450 ms
2026-01-31 16:12:29: 🔗 Recorded user connection: 68fcc5bfb85c2281711925bb with socket iL4cvCh6aRATEVFRAAAB
2026-01-31 16:12:29: 2026-01-31 16:12:29 [32minfo[39m: OPTIONS /api/attendance/2026/1 200 0 - 0.359 ms
2026-01-31 16:12:29: 2026-01-31 16:12:29 [32minfo[39m: GET /api/attendance/2026/1 304 - - 184.836 ms
2026-01-31 16:13:30: 🔗 Recorded user connection: 68fcc5bfb85c2281711925bb with socket iL4cvCh6aRATEVFRAAAB
2026-01-31 16:13:30: 2026-01-31 16:13:30 [32minfo[39m: OPTIONS /api/attendance/2026/1 200 0 - 0.189 ms
2026-01-31 16:13:30: 2026-01-31 16:13:30 [32minfo[39m: GET /api/attendance/2026/1 304 - - 188.002 ms
2026-01-31 16:13:32: 🔌 Socket iL4cvCh6aRATEVFRAAAB disconnected. Reason: transport close
2026-01-31 16:13:32: 🚫 Recorded user disconnection: 68fcc5bfb85c2281711925bb
2026-01-31 16:13:32: 👤 User undefined (68fcc5bfb85c2281711925bb) disconnected
2026-01-31 16:13:34: 2026-01-31 16:13:34 [32minfo[39m: OPTIONS /api/messages/unread-count 200 0 - 0.358 ms
2026-01-31 16:13:34: 2026-01-31 16:13:34 [32minfo[39m: OPTIONS /api/messages/unread-count 200 0 - 0.332 ms
2026-01-31 16:13:34: 🔌 New socket connection: viq_oVbYw1uIQb7-AAAD
2026-01-31 16:13:34: 🔗 Socket viq_oVbYw1uIQb7-AAAD joined room user_68fcc5bfb85c2281711925bb (auto-join on connection)
2026-01-31 16:13:34: 🔗 Recorded user connection: 68fcc5bfb85c2281711925bb with socket viq_oVbYw1uIQb7-AAAD
2026-01-31 16:13:34: 🚪 Socket viq_oVbYw1uIQb7-AAAD joined user room user_68fcc5bfb85c2281711925bb
2026-01-31 16:13:34: 🚪 Socket viq_oVbYw1uIQb7-AAAD joined user room user_68fcc5bfb85c2281711925bb
2026-01-31 16:13:34: 🚪 Socket viq_oVbYw1uIQb7-AAAD joined user room user_68fcc5bfb85c2281711925bb
2026-01-31 16:13:34: 🚪 Socket viq_oVbYw1uIQb7-AAAD joined user room user_68fcc5bfb85c2281711925bb
2026-01-31 16:13:34: 🚪 Socket viq_oVbYw1uIQb7-AAAD joined user room user_68fcc5bfb85c2281711925bb
2026-01-31 16:13:34: 🔍 [DEBUG] Unread count endpoint hit
2026-01-31 16:13:34: 🔍 [DEBUG] req.user exists: [33mtrue[39m
2026-01-31 16:13:34: 🔍 [DEBUG] req.user.id: 68fcc5bfb85c2281711925bb
2026-01-31 16:13:34: 🔍 [DEBUG] req.user._id: new ObjectId([32m'68fcc5bfb85c2281711925bb'[39m)
2026-01-31 16:13:34: 🔍 [DEBUG] Extracted user ID: 68fcc5bfb85c2281711925bb
2026-01-31 16:13:34: 📬 Fetching unread count for user: 68fcc5bfb85c2281711925bb
2026-01-31 16:13:34: 🔍 [DEBUG] About to query database...
2026-01-31 16:13:34: 📬 Unread count result: [33m4[39m
2026-01-31 16:13:34: 2026-01-31 16:13:34 [32minfo[39m: GET /api/messages/unread-count 304 - - 99.857 ms
2026-01-31 16:13:34: 🔍 [DEBUG] Unread count endpoint hit
2026-01-31 16:13:34: 🔍 [DEBUG] req.user exists: [33mtrue[39m
2026-01-31 16:13:34: 🔍 [DEBUG] req.user.id: 68fcc5bfb85c2281711925bb
2026-01-31 16:13:34: 🔍 [DEBUG] req.user._id: new ObjectId([32m'68fcc5bfb85c2281711925bb'[39m)
2026-01-31 16:13:34: 🔍 [DEBUG] Extracted user ID: 68fcc5bfb85c2281711925bb
2026-01-31 16:13:34: 📬 Fetching unread count for user: 68fcc5bfb85c2281711925bb
2026-01-31 16:13:34: 🔍 [DEBUG] About to query database...
2026-01-31 16:13:34: 📬 Unread count result: [33m4[39m
2026-01-31 16:13:34: 2026-01-31 16:13:34 [32minfo[39m: GET /api/messages/unread-count 304 - - 74.266 ms
2026-01-31 16:13:34: 2026-01-31 16:13:34 [32minfo[39m: GET /api/attendance/2026/1 304 - - 217.113 ms
2026-01-31 16:13:35: 2026-01-31 16:13:35 [32minfo[39m: GET /api/attendance/2026/1 304 - - 186.102 ms
2026-01-31 16:13:36: 2026-01-31 16:13:36 [32minfo[39m: OPTIONS /api/appointments/revenue/report/12/2025 200 0 - 0.387 ms
2026-01-31 16:13:36: 2026-01-31 16:13:36 [32minfo[39m: OPTIONS /api/appointments/revenue/report/1/2026 200 0 - 0.447 ms
2026-01-31 16:13:36: 2026-01-31 16:13:36 [32minfo[39m: GET /api/appointments/revenue/report/12/2025 304 - - 90.301 ms
2026-01-31 16:13:36: 2026-01-31 16:13:36 [32minfo[39m: GET /api/appointments/revenue/report/1/2026 200 120 - 146.673 ms
2026-01-31 16:14:05: 2026-01-31 16:14:05 [32minfo[39m: OPTIONS /api/attendance/2026/1 200 0 - 0.236 ms
2026-01-31 16:14:05: 2026-01-31 16:14:05 [32minfo[39m: GET /api/attendance/2026/1 304 - - 185.797 ms
2026-01-31 16:14:34: 🔗 Recorded user connection: 68fcc5bfb85c2281711925bb with socket viq_oVbYw1uIQb7-AAAD
2026-01-31 16:14:35: 2026-01-31 16:14:35 [32minfo[39m: OPTIONS /api/attendance/2026/1 200 0 - 0.208 ms
2026-01-31 16:14:35: 2026-01-31 16:14:35 [32minfo[39m: GET /api/attendance/2026/1 304 - - 194.084 ms
2026-01-31 16:15:05: 2026-01-31 16:15:05 [32minfo[39m: OPTIONS /api/attendance/2026/1 200 0 - 0.180 ms
2026-01-31 16:15:05: 2026-01-31 16:15:05 [32minfo[39m: GET /api/attendance/2026/1 304 - - 143.880 ms
2026-01-31 16:15:15: ⏰ Session timeout check triggered at 31/1/2026, 4:15:15 pm
2026-01-31 16:15:34: 🔗 Recorded user connection: 68fcc5bfb85c2281711925bb with socket viq_oVbYw1uIQb7-AAAD
2026-01-31 16:15:35: 2026-01-31 16:15:35 [32minfo[39m: OPTIONS /api/attendance/2026/1 200 0 - 0.218 ms
2026-01-31 16:15:35: 2026-01-31 16:15:35 [32minfo[39m: GET /api/attendance/2026/1 304 - - 143.127 ms
2026-01-31 16:16:05: 2026-01-31 16:16:05 [32minfo[39m: OPTIONS /api/attendance/2026/1 200 0 - 0.280 ms
2026-01-31 16:16:05: 2026-01-31 16:16:05 [32minfo[39m: GET /api/attendance/2026/1 304 - - 140.572 ms
2026-01-31 16:16:34: 🔗 Recorded user connection: 68fcc5bfb85c2281711925bb with socket viq_oVbYw1uIQb7-AAAD
2026-01-31 16:16:35: 2026-01-31 16:16:35 [32minfo[39m: OPTIONS /api/attendance/2026/1 200 0 - 0.346 ms
2026-01-31 16:16:35: 2026-01-31 16:16:35 [32minfo[39m: GET /api/attendance/2026/1 304 - - 143.406 ms
2026-01-31 16:17:34: 🔗 Recorded user connection: 68fcc5bfb85c2281711925bb with socket viq_oVbYw1uIQb7-AAAD
2026-01-31 16:17:54: 2026-01-31 16:17:54 [32minfo[39m: OPTIONS /api/attendance/2026/1 200 0 - 0.388 ms
2026-01-31 16:17:54: 2026-01-31 16:17:54 [32minfo[39m: GET /api/attendance/2026/1 304 - - 181.390 ms
2026-01-31 16:18:34: 🔗 Recorded user connection: 68fcc5bfb85c2281711925bb with socket viq_oVbYw1uIQb7-AAAD
2026-01-31 16:18:54: 2026-01-31 16:18:54 [32minfo[39m: OPTIONS /api/attendance/2026/1 200 0 - 0.255 ms
2026-01-31 16:18:54: 2026-01-31 16:18:54 [32minfo[39m: GET /api/attendance/2026/1 304 - - 165.683 ms
2026-01-31 16:19:34: 🔗 Recorded user connection: 68fcc5bfb85c2281711925bb with socket viq_oVbYw1uIQb7-AAAD
2026-01-31 16:19:54: 2026-01-31 16:19:54 [32minfo[39m: OPTIONS /api/attendance/2026/1 200 0 - 0.281 ms
2026-01-31 16:19:54: 2026-01-31 16:19:54 [32minfo[39m: GET /api/attendance/2026/1 304 - - 154.493 ms
2026-01-31 16:20:15: ⏰ Session timeout check triggered at 31/1/2026, 4:20:15 pm
2026-01-31 16:20:54: 🔗 Recorded user connection: 68fcc5bfb85c2281711925bb with socket viq_oVbYw1uIQb7-AAAD
2026-01-31 16:20:54: 2026-01-31 16:20:54 [32minfo[39m: OPTIONS /api/attendance/2026/1 200 0 - 0.190 ms
2026-01-31 16:20:54: 2026-01-31 16:20:54 [32minfo[39m: GET /api/attendance/2026/1 304 - - 183.241 ms
2026-01-31 16:21:54: 🔗 Recorded user connection: 68fcc5bfb85c2281711925bb with socket viq_oVbYw1uIQb7-AAAD
2026-01-31 16:21:54: 2026-01-31 16:21:54 [32minfo[39m: OPTIONS /api/attendance/2026/1 200 0 - 0.437 ms
2026-01-31 16:21:54: 2026-01-31 16:21:54 [32minfo[39m: GET /api/attendance/2026/1 304 - - 169.020 ms
2026-01-31 16:22:54: 🔗 Recorded user connection: 68fcc5bfb85c2281711925bb with socket viq_oVbYw1uIQb7-AAAD
2026-01-31 16:22:54: 2026-01-31 16:22:54 [32minfo[39m: OPTIONS /api/attendance/2026/1 200 0 - 0.670 ms
2026-01-31 16:22:54: 2026-01-31 16:22:54 [32minfo[39m: GET /api/attendance/2026/1 304 - - 224.093 ms
2026-01-31 16:23:54: 🔗 Recorded user connection: 68fcc5bfb85c2281711925bb with socket viq_oVbYw1uIQb7-AAAD
2026-01-31 16:23:54: 2026-01-31 16:23:54 [32minfo[39m: OPTIONS /api/attendance/2026/1 200 0 - 0.441 ms
2026-01-31 16:23:54: 2026-01-31 16:23:54 [32minfo[39m: GET /api/attendance/2026/1 304 - - 222.513 ms
2026-01-31 16:24:38: 🔗 Recorded user connection: 68fcc5bfb85c2281711925bb with socket viq_oVbYw1uIQb7-AAAD
2026-01-31 16:24:38: 2026-01-31 16:24:38 [32minfo[39m: OPTIONS /api/attendance/2026/1 200 0 - 0.321 ms
2026-01-31 16:24:38: 2026-01-31 16:24:38 [32minfo[39m: GET /api/attendance/2026/1 304 - - 202.767 ms
2026-01-31 16:25:05: 2026-01-31 16:25:05 [32minfo[39m: OPTIONS /api/attendance/2026/1 200 0 - 0.302 ms
2026-01-31 16:25:05: 2026-01-31 16:25:05 [32minfo[39m: GET /api/attendance/2026/1 304 - - 185.913 ms
2026-01-31 16:25:15: ⏰ Session timeout check triggered at 31/1/2026, 4:25:15 pm
2026-01-31 16:25:34: 🔗 Recorded user connection: 68fcc5bfb85c2281711925bb with socket viq_oVbYw1uIQb7-AAAD
2026-01-31 16:25:35: 2026-01-31 16:25:35 [32minfo[39m: OPTIONS /api/attendance/2026/1 200 0 - 0.200 ms
2026-01-31 16:25:35: 2026-01-31 16:25:35 [32minfo[39m: GET /api/attendance/2026/1 304 - - 185.644 ms
2026-01-31 16:26:36: 🔗 Recorded user connection: 68fcc5bfb85c2281711925bb with socket viq_oVbYw1uIQb7-AAAD
2026-01-31 16:26:36: 2026-01-31 16:26:36 [32minfo[39m: OPTIONS /api/attendance/2026/1 200 0 - 0.330 ms
2026-01-31 16:26:36: 2026-01-31 16:26:36 [32minfo[39m: GET /api/attendance/2026/1 304 - - 184.263 ms
2026-01-31 16:27:05: 2026-01-31 16:27:05 [32minfo[39m: OPTIONS /api/attendance/2026/1 200 0 - 0.208 ms
2026-01-31 16:27:05: 2026-01-31 16:27:05 [32minfo[39m: GET /api/attendance/2026/1 304 - - 195.518 ms
2026-01-31 16:27:34: 🔗 Recorded user connection: 68fcc5bfb85c2281711925bb with socket viq_oVbYw1uIQb7-AAAD
2026-01-31 16:27:35: 2026-01-31 16:27:35 [32minfo[39m: OPTIONS /api/attendance/2026/1 200 0 - 0.326 ms
2026-01-31 16:27:35: 2026-01-31 16:27:35 [32minfo[39m: GET /api/attendance/2026/1 304 - - 199.148 ms
2026-01-31 16:28:36: 🔗 Recorded user connection: 68fcc5bfb85c2281711925bb with socket viq_oVbYw1uIQb7-AAAD
2026-01-31 16:28:36: 2026-01-31 16:28:36 [32minfo[39m: OPTIONS /api/attendance/2026/1 200 0 - 0.389 ms
2026-01-31 16:28:36: 2026-01-31 16:28:36 [32minfo[39m: GET /api/attendance/2026/1 304 - - 177.295 ms
2026-01-31 16:29:37: 🔗 Recorded user connection: 68fcc5bfb85c2281711925bb with socket viq_oVbYw1uIQb7-AAAD
2026-01-31 16:29:37: 2026-01-31 16:29:37 [32minfo[39m: OPTIONS /api/attendance/2026/1 200 0 - 0.585 ms
2026-01-31 16:29:37: 2026-01-31 16:29:37 [32minfo[39m: GET /api/attendance/2026/1 304 - - 184.756 ms
2026-01-31 16:30:15: ⏰ Session timeout check triggered at 31/1/2026, 4:30:15 pm
2026-01-31 16:30:38: 🔗 Recorded user connection: 68fcc5bfb85c2281711925bb with socket viq_oVbYw1uIQb7-AAAD
2026-01-31 16:30:38: 2026-01-31 16:30:38 [32minfo[39m: OPTIONS /api/attendance/2026/1 200 0 - 0.459 ms
2026-01-31 16:30:38: 2026-01-31 16:30:38 [32minfo[39m: GET /api/attendance/2026/1 304 - - 172.233 ms
2026-01-31 16:31:39: 🔗 Recorded user connection: 68fcc5bfb85c2281711925bb with socket viq_oVbYw1uIQb7-AAAD
2026-01-31 16:31:39: 2026-01-31 16:31:39 [32minfo[39m: OPTIONS /api/attendance/2026/1 200 0 - 0.210 ms
2026-01-31 16:31:39: 2026-01-31 16:31:39 [32minfo[39m: GET /api/attendance/2026/1 304 - - 187.293 ms
2026-01-31 16:32:40: 🔗 Recorded user connection: 68fcc5bfb85c2281711925bb with socket viq_oVbYw1uIQb7-AAAD
2026-01-31 16:32:40: 2026-01-31 16:32:40 [32minfo[39m: OPTIONS /api/attendance/2026/1 200 0 - 0.170 ms
2026-01-31 16:32:40: 2026-01-31 16:32:40 [32minfo[39m: GET /api/attendance/2026/1 304 - - 194.350 ms
2026-01-31 16:33:41: 🔗 Recorded user connection: 68fcc5bfb85c2281711925bb with socket viq_oVbYw1uIQb7-AAAD
2026-01-31 16:33:41: 2026-01-31 16:33:41 [32minfo[39m: OPTIONS /api/attendance/2026/1 200 0 - 0.192 ms
2026-01-31 16:33:41: 2026-01-31 16:33:41 [32minfo[39m: GET /api/attendance/2026/1 304 - - 191.842 ms
2026-01-31 16:34:42: 🔗 Recorded user connection: 68fcc5bfb85c2281711925bb with socket viq_oVbYw1uIQb7-AAAD
2026-01-31 16:34:42: 2026-01-31 16:34:42 [32minfo[39m: OPTIONS /api/attendance/2026/1 200 0 - 0.164 ms
2026-01-31 16:34:42: 2026-01-31 16:34:42 [32minfo[39m: GET /api/attendance/2026/1 304 - - 187.543 ms
2026-01-31 16:35:16: ⏰ Session timeout check triggered at 31/1/2026, 4:35:16 pm
2026-01-31 16:35:43: 2026-01-31 16:35:43 [32minfo[39m: OPTIONS /api/attendance/2026/1 200 0 - 0.314 ms
2026-01-31 16:35:43: 🔗 Recorded user connection: 68fcc5bfb85c2281711925bb with socket viq_oVbYw1uIQb7-AAAD
2026-01-31 16:35:43: 2026-01-31 16:35:43 [32minfo[39m: GET /api/attendance/2026/1 304 - - 185.263 ms
2026-01-31 16:36:44: 🔗 Recorded user connection: 68fcc5bfb85c2281711925bb with socket viq_oVbYw1uIQb7-AAAD
2026-01-31 16:36:44: 2026-01-31 16:36:44 [32minfo[39m: OPTIONS /api/attendance/2026/1 200 0 - 0.170 ms
2026-01-31 16:36:44: 2026-01-31 16:36:44 [32minfo[39m: GET /api/attendance/2026/1 304 - - 202.836 ms
2026-01-31 16:37:45: 🔗 Recorded user connection: 68fcc5bfb85c2281711925bb with socket viq_oVbYw1uIQb7-AAAD
2026-01-31 16:37:45: 2026-01-31 16:37:45 [32minfo[39m: OPTIONS /api/attendance/2026/1 200 0 - 0.225 ms
2026-01-31 16:37:45: 2026-01-31 16:37:45 [32minfo[39m: GET /api/attendance/2026/1 304 - - 182.302 ms
2026-01-31 16:38:46: 🔗 Recorded user connection: 68fcc5bfb85c2281711925bb with socket viq_oVbYw1uIQb7-AAAD
2026-01-31 16:38:46: 2026-01-31 16:38:46 [32minfo[39m: OPTIONS /api/attendance/2026/1 200 0 - 0.306 ms
2026-01-31 16:38:46: 2026-01-31 16:38:46 [32minfo[39m: GET /api/attendance/2026/1 304 - - 151.636 ms
2026-01-31 16:39:47: 🔗 Recorded user connection: 68fcc5bfb85c2281711925bb with socket viq_oVbYw1uIQb7-AAAD
2026-01-31 16:39:47: 2026-01-31 16:39:47 [32minfo[39m: OPTIONS /api/attendance/2026/1 200 0 - 0.213 ms
2026-01-31 16:39:47: 2026-01-31 16:39:47 [32minfo[39m: GET /api/attendance/2026/1 304 - - 143.253 ms
2026-01-31 16:40:16: ⏰ Session timeout check triggered at 31/1/2026, 4:40:16 pm
2026-01-31 16:40:48: 🔗 Recorded user connection: 68fcc5bfb85c2281711925bb with socket viq_oVbYw1uIQb7-AAAD
2026-01-31 16:40:48: 2026-01-31 16:40:48 [32minfo[39m: OPTIONS /api/attendance/2026/1 200 0 - 0.270 ms
2026-01-31 16:40:48: 2026-01-31 16:40:48 [32minfo[39m: GET /api/attendance/2026/1 304 - - 171.083 ms
2026-01-31 16:41:49: 🔗 Recorded user connection: 68fcc5bfb85c2281711925bb with socket viq_oVbYw1uIQb7-AAAD
2026-01-31 16:41:49: 2026-01-31 16:41:49 [32minfo[39m: OPTIONS /api/attendance/2026/1 200 0 - 0.465 ms
2026-01-31 16:41:49: 2026-01-31 16:41:49 [32minfo[39m: GET /api/attendance/2026/1 304 - - 206.628 ms
2026-01-31 16:42:50: 🔗 Recorded user connection: 68fcc5bfb85c2281711925bb with socket viq_oVbYw1uIQb7-AAAD
2026-01-31 16:42:50: 2026-01-31 16:42:50 [32minfo[39m: OPTIONS /api/attendance/2026/1 200 0 - 0.322 ms
2026-01-31 16:42:50: 2026-01-31 16:42:50 [32minfo[39m: GET /api/attendance/2026/1 304 - - 134.024 ms
2026-01-31 16:43:51: 🔗 Recorded user connection: 68fcc5bfb85c2281711925bb with socket viq_oVbYw1uIQb7-AAAD
2026-01-31 16:43:51: 2026-01-31 16:43:51 [32minfo[39m: OPTIONS /api/attendance/2026/1 200 0 - 0.170 ms
2026-01-31 16:43:51: 2026-01-31 16:43:51 [32minfo[39m: GET /api/attendance/2026/1 304 - - 189.352 ms
2026-01-31 16:44:52: 🔗 Recorded user connection: 68fcc5bfb85c2281711925bb with socket viq_oVbYw1uIQb7-AAAD
2026-01-31 16:44:52: 2026-01-31 16:44:52 [32minfo[39m: OPTIONS /api/attendance/2026/1 200 0 - 0.300 ms
2026-01-31 16:44:52: 2026-01-31 16:44:52 [32minfo[39m: GET /api/attendance/2026/1 304 - - 155.113 ms
2026-01-31 16:45:16: ⏰ Session timeout check triggered at 31/1/2026, 4:45:16 pm
2026-01-31 16:45:53: 🔗 Recorded user connection: 68fcc5bfb85c2281711925bb with socket viq_oVbYw1uIQb7-AAAD
2026-01-31 16:45:53: 2026-01-31 16:45:53 [32minfo[39m: OPTIONS /api/attendance/2026/1 200 0 - 0.375 ms
2026-01-31 16:45:53: 2026-01-31 16:45:53 [32minfo[39m: GET /api/attendance/2026/1 304 - - 216.441 ms
2026-01-31 16:46:54: 🔗 Recorded user connection: 68fcc5bfb85c2281711925bb with socket viq_oVbYw1uIQb7-AAAD
2026-01-31 16:46:54: 2026-01-31 16:46:54 [32minfo[39m: OPTIONS /api/attendance/2026/1 200 0 - 0.294 ms
2026-01-31 16:46:54: 2026-01-31 16:46:54 [32minfo[39m: GET /api/attendance/2026/1 304 - - 151.020 ms
2026-01-31 16:47:54: 🔗 Recorded user connection: 68fcc5bfb85c2281711925bb with socket viq_oVbYw1uIQb7-AAAD
2026-01-31 16:47:54: 2026-01-31 16:47:54 [32minfo[39m: OPTIONS /api/attendance/2026/1 200 0 - 0.201 ms
2026-01-31 16:47:54: 2026-01-31 16:47:54 [32minfo[39m: GET /api/attendance/2026/1 304 - - 178.569 ms
2026-01-31 16:48:54: 🔗 Recorded user connection: 68fcc5bfb85c2281711925bb with socket viq_oVbYw1uIQb7-AAAD
2026-01-31 16:48:54: 2026-01-31 16:48:54 [32minfo[39m: OPTIONS /api/attendance/2026/1 200 0 - 0.367 ms
2026-01-31 16:48:54: 2026-01-31 16:48:54 [32minfo[39m: GET /api/attendance/2026/1 304 - - 139.703 ms
2026-01-31 16:49:54: 🔗 Recorded user connection: 68fcc5bfb85c2281711925bb with socket viq_oVbYw1uIQb7-AAAD
2026-01-31 16:49:54: 2026-01-31 16:49:54 [32minfo[39m: OPTIONS /api/attendance/2026/1 200 0 - 0.316 ms
2026-01-31 16:49:54: 2026-01-31 16:49:54 [32minfo[39m: GET /api/attendance/2026/1 304 - - 154.927 ms
2026-01-31 16:50:16: ⏰ Session timeout check triggered at 31/1/2026, 4:50:16 pm
2026-01-31 16:50:54: 🔗 Recorded user connection: 68fcc5bfb85c2281711925bb with socket viq_oVbYw1uIQb7-AAAD
2026-01-31 16:50:54: 2026-01-31 16:50:54 [32minfo[39m: OPTIONS /api/attendance/2026/1 200 0 - 0.177 ms
2026-01-31 16:50:54: 2026-01-31 16:50:54 [32minfo[39m: GET /api/attendance/2026/1 304 - - 174.328 ms
2026-01-31 16:51:54: 🔗 Recorded user connection: 68fcc5bfb85c2281711925bb with socket viq_oVbYw1uIQb7-AAAD
2026-01-31 16:51:54: 2026-01-31 16:51:54 [32minfo[39m: OPTIONS /api/attendance/2026/1 200 0 - 0.201 ms
2026-01-31 16:51:54: 2026-01-31 16:51:54 [32minfo[39m: GET /api/attendance/2026/1 304 - - 141.971 ms
2026-01-31 16:52:54: 🔗 Recorded user connection: 68fcc5bfb85c2281711925bb with socket viq_oVbYw1uIQb7-AAAD
2026-01-31 16:52:54: 2026-01-31 16:52:54 [32minfo[39m: OPTIONS /api/attendance/2026/1 200 0 - 0.337 ms
2026-01-31 16:52:54: 2026-01-31 16:52:54 [32minfo[39m: GET /api/attendance/2026/1 304 - - 159.766 ms
2026-01-31 16:53:54: 🔗 Recorded user connection: 68fcc5bfb85c2281711925bb with socket viq_oVbYw1uIQb7-AAAD
2026-01-31 16:53:54: 2026-01-31 16:53:54 [32minfo[39m: OPTIONS /api/attendance/2026/1 200 0 - 0.363 ms
2026-01-31 16:53:54: 2026-01-31 16:53:54 [32minfo[39m: GET /api/attendance/2026/1 304 - - 266.125 ms
2026-01-31 16:54:54: 🔗 Recorded user connection: 68fcc5bfb85c2281711925bb with socket viq_oVbYw1uIQb7-AAAD
2026-01-31 16:54:54: 2026-01-31 16:54:54 [32minfo[39m: OPTIONS /api/attendance/2026/1 200 0 - 0.336 ms
2026-01-31 16:54:54: 2026-01-31 16:54:54 [32minfo[39m: GET /api/attendance/2026/1 304 - - 141.946 ms
2026-01-31 16:55:16: ⏰ Session timeout check triggered at 31/1/2026, 4:55:16 pm
2026-01-31 16:55:54: 🔗 Recorded user connection: 68fcc5bfb85c2281711925bb with socket viq_oVbYw1uIQb7-AAAD
2026-01-31 16:55:54: 2026-01-31 16:55:54 [32minfo[39m: OPTIONS /api/attendance/2026/1 200 0 - 0.316 ms
2026-01-31 16:55:54: 2026-01-31 16:55:54 [32minfo[39m: GET /api/attendance/2026/1 304 - - 144.498 ms
2026-01-31 16:56:54: 🔗 Recorded user connection: 68fcc5bfb85c2281711925bb with socket viq_oVbYw1uIQb7-AAAD
2026-01-31 16:56:54: 2026-01-31 16:56:54 [32minfo[39m: OPTIONS /api/attendance/2026/1 200 0 - 0.409 ms
2026-01-31 16:56:54: 2026-01-31 16:56:54 [32minfo[39m: GET /api/attendance/2026/1 304 - - 249.351 ms
2026-01-31 16:57:54: 2026-01-31 16:57:54 [32minfo[39m: OPTIONS /api/attendance/2026/1 200 0 - 0.259 ms
2026-01-31 16:57:54: 🔗 Recorded user connection: 68fcc5bfb85c2281711925bb with socket viq_oVbYw1uIQb7-AAAD
2026-01-31 16:57:54: 2026-01-31 16:57:54 [32minfo[39m: GET /api/attendance/2026/1 304 - - 150.017 ms
2026-01-31 16:58:54: 🔗 Recorded user connection: 68fcc5bfb85c2281711925bb with socket viq_oVbYw1uIQb7-AAAD
2026-01-31 16:58:54: 2026-01-31 16:58:54 [32minfo[39m: OPTIONS /api/attendance/2026/1 200 0 - 0.350 ms
2026-01-31 16:58:54: 2026-01-31 16:58:54 [32minfo[39m: GET /api/attendance/2026/1 304 - - 158.132 ms
2026-01-31 16:59:54: 2026-01-31 16:59:54 [32minfo[39m: OPTIONS /api/attendance/2026/1 200 0 - 0.311 ms
2026-01-31 16:59:54: 🔗 Recorded user connection: 68fcc5bfb85c2281711925bb with socket viq_oVbYw1uIQb7-AAAD
2026-01-31 16:59:54: 2026-01-31 16:59:54 [32minfo[39m: GET /api/attendance/2026/1 304 - - 150.248 ms
2026-01-31 17:00:16: ⏰ Session timeout check triggered at 31/1/2026, 5:00:16 pm
2026-01-31 17:00:54: 🔗 Recorded user connection: 68fcc5bfb85c2281711925bb with socket viq_oVbYw1uIQb7-AAAD
2026-01-31 17:00:54: 2026-01-31 17:00:54 [32minfo[39m: OPTIONS /api/attendance/2026/1 200 0 - 0.331 ms
2026-01-31 17:00:54: 2026-01-31 17:00:54 [32minfo[39m: GET /api/attendance/2026/1 304 - - 163.944 ms
2026-01-31 17:01:54: 🔗 Recorded user connection: 68fcc5bfb85c2281711925bb with socket viq_oVbYw1uIQb7-AAAD
2026-01-31 17:01:54: 2026-01-31 17:01:54 [32minfo[39m: OPTIONS /api/attendance/2026/1 200 0 - 0.389 ms
2026-01-31 17:01:54: 2026-01-31 17:01:54 [32minfo[39m: GET /api/attendance/2026/1 304 - - 142.882 ms
2026-02-04 09:58:24: 🔌 Attempting to connect to Redis...
2026-02-04 09:58:25: Starting Auto-Logout Job...
2026-02-04 09:58:25: 2026-02-04 09:58:25 [32minfo[39m: 🚀 Server running on http://localhost:5000
2026-02-04 09:58:25: 2026-02-04 09:58:25 [32minfo[39m: 📡 Socket.IO server ready for connections
2026-02-04 09:58:27: 🔌 Attempting to connect to Redis...
2026-02-04 09:58:28: Starting Auto-Logout Job...
2026-02-04 09:58:28: 2026-02-04 09:58:28 [32minfo[39m: 🚀 Server running on http://localhost:5000
2026-02-04 09:58:28: 2026-02-04 09:58:28 [32minfo[39m: 📡 Socket.IO server ready for connections
2026-02-04 09:58:30: 🔌 Attempting to connect to Redis...
2026-02-04 09:58:31: Starting Auto-Logout Job...
2026-02-04 09:58:31: 2026-02-04 09:58:31 [32minfo[39m: 🚀 Server running on http://localhost:5000
2026-02-04 09:58:31: 2026-02-04 09:58:31 [32minfo[39m: 📡 Socket.IO server ready for connections
2026-02-04 09:58:33: 🔌 Attempting to connect to Redis...
2026-02-04 09:58:34: Starting Auto-Logout Job...
2026-02-04 09:58:34: 2026-02-04 09:58:34 [32minfo[39m: 🚀 Server running on http://localhost:5000
2026-02-04 09:58:34: 2026-02-04 09:58:34 [32minfo[39m: 📡 Socket.IO server ready for connections
2026-02-04 09:58:36: 🔌 Attempting to connect to Redis...
2026-02-04 09:58:37: Starting Auto-Logout Job...
2026-02-04 09:58:37: 2026-02-04 09:58:37 [32minfo[39m: 🚀 Server running on http://localhost:5000
2026-02-04 09:58:37: 2026-02-04 09:58:37 [32minfo[39m: 📡 Socket.IO server ready for connections
2026-02-04 09:58:39: 🔌 Attempting to connect to Redis...
2026-02-04 09:58:40: Starting Auto-Logout Job...
2026-02-04 09:58:40: 2026-02-04 09:58:40 [32minfo[39m: 🚀 Server running on http://localhost:5000
2026-02-04 09:58:40: 2026-02-04 09:58:40 [32minfo[39m: 📡 Socket.IO server ready for connections
2026-02-04 09:58:42: 🔌 Attempting to connect to Redis...
2026-02-04 09:58:43: Starting Auto-Logout Job...
2026-02-04 09:58:43: 2026-02-04 09:58:43 [32minfo[39m: 🚀 Server running on http://localhost:5000
2026-02-04 09:58:43: 2026-02-04 09:58:43 [32minfo[39m: 📡 Socket.IO server ready for connections
2026-02-04 09:58:45: 🔌 Attempting to connect to Redis...
2026-02-04 09:58:46: Starting Auto-Logout Job...
2026-02-04 09:58:46: 2026-02-04 09:58:46 [32minfo[39m: 🚀 Server running on http://localhost:5000
2026-02-04 09:58:46: 2026-02-04 09:58:46 [32minfo[39m: 📡 Socket.IO server ready for connections
2026-02-04 09:58:48: 🔌 Attempting to connect to Redis...
2026-02-04 09:58:51: 🔌 Attempting to connect to Redis...
2026-02-04 09:58:52: Starting Auto-Logout Job...
2026-02-04 09:58:52: 2026-02-04 09:58:52 [32minfo[39m: 🚀 Server running on http://localhost:5000
2026-02-04 09:58:52: 2026-02-04 09:58:52 [32minfo[39m: 📡 Socket.IO server ready for connections
2026-02-04 09:58:54: 🔌 Attempting to connect to Redis...
2026-02-04 09:58:55: Starting Auto-Logout Job...
2026-02-04 09:58:55: 2026-02-04 09:58:55 [32minfo[39m: 🚀 Server running on http://localhost:5000
2026-02-04 09:58:55: 2026-02-04 09:58:55 [32minfo[39m: 📡 Socket.IO server ready for connections
2026-02-04 09:58:57: 🔌 Attempting to connect to Redis...
2026-02-04 09:58:59: Starting Auto-Logout Job...
2026-02-04 09:58:59: 2026-02-04 09:58:59 [32minfo[39m: 🚀 Server running on http://localhost:5000
2026-02-04 09:58:59: 2026-02-04 09:58:59 [32minfo[39m: 📡 Socket.IO server ready for connections
2026-02-04 09:59:01: 🔌 Attempting to connect to Redis...
2026-02-04 09:59:02: Starting Auto-Logout Job...
2026-02-04 09:59:02: 2026-02-04 09:59:02 [32minfo[39m: 🚀 Server running on http://localhost:5000
2026-02-04 09:59:02: 2026-02-04 09:59:02 [32minfo[39m: 📡 Socket.IO server ready for connections
2026-02-04 09:59:04: 🔌 Attempting to connect to Redis...
2026-02-04 09:59:05: Starting Auto-Logout Job...
2026-02-04 09:59:05: 2026-02-04 09:59:05 [32minfo[39m: 🚀 Server running on http://localhost:5000
2026-02-04 09:59:05: 2026-02-04 09:59:05 [32minfo[39m: 📡 Socket.IO server ready for connections
2026-02-04 09:59:07: 🔌 Attempting to connect to Redis...
2026-02-04 09:59:08: Starting Auto-Logout Job...
2026-02-04 09:59:08: 2026-02-04 09:59:08 [32minfo[39m: 🚀 Server running on http://localhost:5000
2026-02-04 09:59:08: 2026-02-04 09:59:08 [32minfo[39m: 📡 Socket.IO server ready for connections
2026-02-04 09:59:10: 🔌 Attempting to connect to Redis...
2026-02-04 09:59:11: Starting Auto-Logout Job...
2026-02-04 09:59:11: 2026-02-04 09:59:11 [32minfo[39m: 🚀 Server running on http://localhost:5000
2026-02-04 09:59:11: 2026-02-04 09:59:11 [32minfo[39m: 📡 Socket.IO server ready for connections
2026-02-04 09:59:13: 🔌 Attempting to connect to Redis...
2026-02-04 09:59:14: Starting Auto-Logout Job...
2026-02-04 09:59:14: 2026-02-04 09:59:14 [32minfo[39m: 🚀 Server running on http://localhost:5000
2026-02-04 09:59:14: 2026-02-04 09:59:14 [32minfo[39m: 📡 Socket.IO server ready for connections
2026-02-04 09:59:16: 🔌 Attempting to connect to Redis...
2026-02-04 09:59:17: Starting Auto-Logout Job...
2026-02-04 09:59:17: 2026-02-04 09:59:17 [32minfo[39m: 🚀 Server running on http://localhost:5000
2026-02-04 09:59:17: 2026-02-04 09:59:17 [32minfo[39m: 📡 Socket.IO server ready for connections
2026-02-04 09:59:18: 🔌 Attempting to connect to Redis...
2026-02-04 09:59:19: Starting Auto-Logout Job...
2026-02-04 09:59:19: 2026-02-04 09:59:19 [32minfo[39m: 🚀 Server running on http://localhost:5000
2026-02-04 09:59:19: 2026-02-04 09:59:19 [32minfo[39m: 📡 Socket.IO server ready for connections
2026-02-04 09:59:21: 🔌 Attempting to connect to Redis...
2026-02-04 09:59:22: Starting Auto-Logout Job...
2026-02-04 09:59:22: 2026-02-04 09:59:22 [32minfo[39m: 🚀 Server running on http://localhost:5000
2026-02-04 09:59:22: 2026-02-04 09:59:22 [32minfo[39m: 📡 Socket.IO server ready for connections
2026-02-04 09:59:24: 🔌 Attempting to connect to Redis...
2026-02-04 09:59:25: Starting Auto-Logout Job...
2026-02-04 09:59:25: 2026-02-04 09:59:25 [32minfo[39m: 🚀 Server running on http://localhost:5000
2026-02-04 09:59:25: 2026-02-04 09:59:25 [32minfo[39m: 📡 Socket.IO server ready for connections
2026-02-04 09:59:27: 🔌 Attempting to connect to Redis...
2026-02-04 09:59:29: Starting Auto-Logout Job...
2026-02-04 09:59:29: 2026-02-04 09:59:29 [32minfo[39m: 🚀 Server running on http://localhost:5000
2026-02-04 09:59:29: 2026-02-04 09:59:29 [32minfo[39m: 📡 Socket.IO server ready for connections
2026-02-04 09:59:30: 🔌 Attempting to connect to Redis...
2026-02-04 09:59:32: Starting Auto-Logout Job...
2026-02-04 09:59:32: 2026-02-04 09:59:32 [32minfo[39m: 🚀 Server running on http://localhost:5000
2026-02-04 09:59:32: 2026-02-04 09:59:32 [32minfo[39m: 📡 Socket.IO server ready for connections
2026-02-04 09:59:33: 🔌 Attempting to connect to Redis...
2026-02-04 09:59:34: Starting Auto-Logout Job...
2026-02-04 09:59:34: 2026-02-04 09:59:34 [32minfo[39m: 🚀 Server running on http://localhost:5000
2026-02-04 09:59:34: 2026-02-04 09:59:34 [32minfo[39m: 📡 Socket.IO server ready for connections
2026-02-04 09:59:36: 🔌 Attempting to connect to Redis...
2026-02-04 09:59:37: Starting Auto-Logout Job...
2026-02-04 09:59:37: 2026-02-04 09:59:37 [32minfo[39m: 🚀 Server running on http://localhost:5000
2026-02-04 09:59:37: 2026-02-04 09:59:37 [32minfo[39m: 📡 Socket.IO server ready for connections
2026-02-04 09:59:39: 🔌 Attempting to connect to Redis...
2026-02-04 09:59:40: Starting Auto-Logout Job...
2026-02-04 09:59:40: 2026-02-04 09:59:40 [32minfo[39m: 🚀 Server running on http://localhost:5000
2026-02-04 09:59:40: 2026-02-04 09:59:40 [32minfo[39m: 📡 Socket.IO server ready for connections
2026-02-04 09:59:42: 🔌 Attempting to connect to Redis...
2026-02-04 09:59:43: Starting Auto-Logout Job...
2026-02-04 09:59:43: 2026-02-04 09:59:43 [32minfo[39m: 🚀 Server running on http://localhost:5000
2026-02-04 09:59:43: 2026-02-04 09:59:43 [32minfo[39m: 📡 Socket.IO server ready for connections
2026-02-04 09:59:45: 🔌 Attempting to connect to Redis...
2026-02-04 09:59:46: Starting Auto-Logout Job...
2026-02-04 09:59:46: 2026-02-04 09:59:46 [32minfo[39m: 🚀 Server running on http://localhost:5000
2026-02-04 09:59:46: 2026-02-04 09:59:46 [32minfo[39m: 📡 Socket.IO server ready for connections
2026-02-04 09:59:48: 🔌 Attempting to connect to Redis...
2026-02-04 09:59:49: Starting Auto-Logout Job...
2026-02-04 09:59:49: 2026-02-04 09:59:49 [32minfo[39m: 🚀 Server running on http://localhost:5000
2026-02-04 09:59:49: 2026-02-04 09:59:49 [32minfo[39m: 📡 Socket.IO server ready for connections
2026-02-04 09:59:51: 🔌 Attempting to connect to Redis...
2026-02-04 09:59:52: Starting Auto-Logout Job...
2026-02-04 09:59:52: 2026-02-04 09:59:52 [32minfo[39m: 🚀 Server running on http://localhost:5000
2026-02-04 09:59:52: 2026-02-04 09:59:52 [32minfo[39m: 📡 Socket.IO server ready for connections
2026-02-04 09:59:54: 🔌 Attempting to connect to Redis...
2026-02-04 09:59:55: Starting Auto-Logout Job...
2026-02-04 09:59:55: 2026-02-04 09:59:55 [32minfo[39m: 🚀 Server running on http://localhost:5000
2026-02-04 09:59:55: 2026-02-04 09:59:55 [32minfo[39m: 📡 Socket.IO server ready for connections
2026-02-04 09:59:57: 🔌 Attempting to connect to Redis...
2026-02-04 09:59:58: Starting Auto-Logout Job...
2026-02-04 09:59:58: 2026-02-04 09:59:58 [32minfo[39m: 🚀 Server running on http://localhost:5000
2026-02-04 09:59:58: 2026-02-04 09:59:58 [32minfo[39m: 📡 Socket.IO server ready for connections
2026-02-04 10:00:00: 🔌 Attempting to connect to Redis...
2026-02-04 10:00:01: Starting Auto-Logout Job...
2026-02-04 10:00:01: 2026-02-04 10:00:01 [32minfo[39m: 🚀 Server running on http://localhost:5000
2026-02-04 10:00:01: 2026-02-04 10:00:01 [32minfo[39m: 📡 Socket.IO server ready for connections
2026-02-04 10:00:03: 🔌 Attempting to connect to Redis...
2026-02-04 10:00:04: Starting Auto-Logout Job...
2026-02-04 10:00:04: 2026-02-04 10:00:04 [32minfo[39m: 🚀 Server running on http://localhost:5000
2026-02-04 10:00:04: 2026-02-04 10:00:04 [32minfo[39m: 📡 Socket.IO server ready for connections
2026-02-04 10:00:06: 🔌 Attempting to connect to Redis...
2026-02-04 10:00:07: Starting Auto-Logout Job...
2026-02-04 10:00:07: 2026-02-04 10:00:07 [32minfo[39m: 🚀 Server running on http://localhost:5000
2026-02-04 10:00:07: 2026-02-04 10:00:07 [32minfo[39m: 📡 Socket.IO server ready for connections
2026-02-04 10:00:09: 🔌 Attempting to connect to Redis...
2026-02-04 10:00:10: Starting Auto-Logout Job...
2026-02-04 10:00:10: 2026-02-04 10:00:10 [32minfo[39m: 🚀 Server running on http://localhost:5000
2026-02-04 10:00:10: 2026-02-04 10:00:10 [32minfo[39m: 📡 Socket.IO server ready for connections
2026-02-04 10:00:12: 🔌 Attempting to connect to Redis...
2026-02-04 10:00:13: Starting Auto-Logout Job...
2026-02-04 10:00:13: 2026-02-04 10:00:13 [32minfo[39m: 🚀 Server running on http://localhost:5000
2026-02-04 10:00:13: 2026-02-04 10:00:13 [32minfo[39m: 📡 Socket.IO server ready for connections
2026-02-04 10:00:15: 🔌 Attempting to connect to Redis...
2026-02-04 10:00:16: Starting Auto-Logout Job...
2026-02-04 10:00:16: 2026-02-04 10:00:16 [32minfo[39m: 🚀 Server running on http://localhost:5000
2026-02-04 10:00:16: 2026-02-04 10:00:16 [32minfo[39m: 📡 Socket.IO server ready for connections
2026-02-04 10:00:18: 🔌 Attempting to connect to Redis...
2026-02-04 10:00:19: Starting Auto-Logout Job...
2026-02-04 10:00:19: 2026-02-04 10:00:19 [32minfo[39m: 🚀 Server running on http://localhost:5000
2026-02-04 10:00:19: 2026-02-04 10:00:19 [32minfo[39m: 📡 Socket.IO server ready for connections
2026-02-04 10:00:21: 🔌 Attempting to connect to Redis...
2026-02-04 10:00:22: Starting Auto-Logout Job...
2026-02-04 10:00:22: 2026-02-04 10:00:22 [32minfo[39m: 🚀 Server running on http://localhost:5000
2026-02-04 10:00:22: 2026-02-04 10:00:22 [32minfo[39m: 📡 Socket.IO server ready for connections
2026-02-04 10:00:24: 🔌 Attempting to connect to Redis...
2026-02-04 10:00:25: Starting Auto-Logout Job...
2026-02-04 10:00:25: 2026-02-04 10:00:25 [32minfo[39m: 🚀 Server running on http://localhost:5000
2026-02-04 10:00:25: 2026-02-04 10:00:25 [32minfo[39m: 📡 Socket.IO server ready for connections
2026-02-04 10:00:27: 🔌 Attempting to connect to Redis...
2026-02-04 10:00:28: Starting Auto-Logout Job...
2026-02-04 10:00:28: 2026-02-04 10:00:28 [32minfo[39m: 🚀 Server running on http://localhost:5000
2026-02-04 10:00:28: 2026-02-04 10:00:28 [32minfo[39m: 📡 Socket.IO server ready for connections
2026-02-04 10:00:30: 🔌 Attempting to connect to Redis...
2026-02-04 10:00:32: Starting Auto-Logout Job...
2026-02-04 10:00:32: 2026-02-04 10:00:32 [32minfo[39m: 🚀 Server running on http://localhost:5000
2026-02-04 10:00:32: 2026-02-04 10:00:32 [32minfo[39m: 📡 Socket.IO server ready for connections
2026-02-04 10:00:34: 🔌 Attempting to connect to Redis...
2026-02-04 10:00:35: Starting Auto-Logout Job...
2026-02-04 10:00:35: 2026-02-04 10:00:35 [32minfo[39m: 🚀 Server running on http://localhost:5000
2026-02-04 10:00:35: 2026-02-04 10:00:35 [32minfo[39m: 📡 Socket.IO server ready for connections
2026-02-04 10:00:37: 🔌 Attempting to connect to Redis...
2026-02-04 10:00:38: Starting Auto-Logout Job...
2026-02-04 10:00:38: 2026-02-04 10:00:38 [32minfo[39m: 🚀 Server running on http://localhost:5000
2026-02-04 10:00:38: 2026-02-04 10:00:38 [32minfo[39m: 📡 Socket.IO server ready for connections
2026-02-04 10:00:40: 🔌 Attempting to connect to Redis...
2026-02-04 10:00:41: Starting Auto-Logout Job...
2026-02-04 10:00:41: 2026-02-04 10:00:41 [32minfo[39m: 🚀 Server running on http://localhost:5000
2026-02-04 10:00:41: 2026-02-04 10:00:41 [32minfo[39m: 📡 Socket.IO server ready for connections
2026-02-04 10:00:43: 🔌 Attempting to connect to Redis...
2026-02-04 10:00:45: Starting Auto-Logout Job...
2026-02-04 10:00:45: 2026-02-04 10:00:45 [32minfo[39m: 🚀 Server running on http://localhost:5000
2026-02-04 10:00:45: 2026-02-04 10:00:45 [32minfo[39m: 📡 Socket.IO server ready for connections
2026-02-04 10:00:47: 🔌 Attempting to connect to Redis...
2026-02-04 10:00:48: Starting Auto-Logout Job...
2026-02-04 10:00:48: 2026-02-04 10:00:48 [32minfo[39m: 🚀 Server running on http://localhost:5000
2026-02-04 10:00:48: 2026-02-04 10:00:48 [32minfo[39m: 📡 Socket.IO server ready for connections
2026-02-04 10:00:50: 🔌 Attempting to connect to Redis...
2026-02-04 10:00:51: Starting Auto-Logout Job...
2026-02-04 10:00:51: 2026-02-04 10:00:51 [32minfo[39m: 🚀 Server running on http://localhost:5000
2026-02-04 10:00:51: 2026-02-04 10:00:51 [32minfo[39m: 📡 Socket.IO server ready for connections
2026-02-04 10:00:53: 🔌 Attempting to connect to Redis...
2026-02-04 10:00:54: Starting Auto-Logout Job...
2026-02-04 10:00:54: 2026-02-04 10:00:54 [32minfo[39m: 🚀 Server running on http://localhost:5000
2026-02-04 10:00:54: 2026-02-04 10:00:54 [32minfo[39m: 📡 Socket.IO server ready for connections
2026-02-04 10:00:56: 🔌 Attempting to connect to Redis...
2026-02-04 10:00:58: Starting Auto-Logout Job...
2026-02-04 10:00:58: 2026-02-04 10:00:58 [32minfo[39m: 🚀 Server running on http://localhost:5000
2026-02-04 10:00:58: 2026-02-04 10:00:58 [32minfo[39m: 📡 Socket.IO server ready for connections
2026-02-04 10:01:02: 🔌 Attempting to connect to Redis...
2026-02-04 10:01:03: Starting Auto-Logout Job...
2026-02-04 10:01:03: 2026-02-04 10:01:03 [32minfo[39m: 🚀 Server running on http://localhost:5000
2026-02-04 10:01:03: 2026-02-04 10:01:03 [32minfo[39m: 📡 Socket.IO server ready for connections
2026-02-04 10:01:05: 🔌 Attempting to connect to Redis...
2026-02-04 10:01:07: Starting Auto-Logout Job...
2026-02-04 10:01:07: 2026-02-04 10:01:07 [32minfo[39m: 🚀 Server running on http://localhost:5000
2026-02-04 10:01:07: 2026-02-04 10:01:07 [32minfo[39m: 📡 Socket.IO server ready for connections
2026-02-04 10:01:09: 🔌 Attempting to connect to Redis...
2026-02-04 10:01:10: Starting Auto-Logout Job...
2026-02-04 10:01:10: 2026-02-04 10:01:10 [32minfo[39m: 🚀 Server running on http://localhost:5000
2026-02-04 10:01:10: 2026-02-04 10:01:10 [32minfo[39m: 📡 Socket.IO server ready for connections
2026-02-04 10:01:12: 🔌 Attempting to connect to Redis...
2026-02-04 10:01:13: Starting Auto-Logout Job...
2026-02-04 10:01:13: 2026-02-04 10:01:13 [32minfo[39m: 🚀 Server running on http://localhost:5000
2026-02-04 10:01:13: 2026-02-04 10:01:13 [32minfo[39m: 📡 Socket.IO server ready for connections
2026-02-04 10:01:15: 🔌 Attempting to connect to Redis...
2026-02-04 10:01:16: Starting Auto-Logout Job...
2026-02-04 10:01:16: 2026-02-04 10:01:16 [32minfo[39m: 🚀 Server running on http://localhost:5000
2026-02-04 10:01:16: 2026-02-04 10:01:16 [32minfo[39m: 📡 Socket.IO server ready for connections
2026-02-04 10:01:18: 🔌 Attempting to connect to Redis...
2026-02-04 10:01:20: Starting Auto-Logout Job...
2026-02-04 10:01:20: 2026-02-04 10:01:20 [32minfo[39m: 🚀 Server running on http://localhost:5000
2026-02-04 10:01:20: 2026-02-04 10:01:20 [32minfo[39m: 📡 Socket.IO server ready for connections
2026-02-04 10:01:22: 🔌 Attempting to connect to Redis...
2026-02-04 10:01:23: Starting Auto-Logout Job...
2026-02-04 10:01:23: 2026-02-04 10:01:23 [32minfo[39m: 🚀 Server running on http://localhost:5000
2026-02-04 10:01:23: 2026-02-04 10:01:23 [32minfo[39m: 📡 Socket.IO server ready for connections
2026-02-04 10:01:25: 🔌 Attempting to connect to Redis...
2026-02-04 10:01:26: Starting Auto-Logout Job...
2026-02-04 10:01:26: 2026-02-04 10:01:26 [32minfo[39m: 🚀 Server running on http://localhost:5000
2026-02-04 10:01:26: 2026-02-04 10:01:26 [32minfo[39m: 📡 Socket.IO server ready for connections
2026-02-04 10:01:28: 🔌 Attempting to connect to Redis...
2026-02-04 10:01:29: Starting Auto-Logout Job...
2026-02-04 10:01:29: 2026-02-04 10:01:29 [32minfo[39m: 🚀 Server running on http://localhost:5000
2026-02-04 10:01:29: 2026-02-04 10:01:29 [32minfo[39m: 📡 Socket.IO server ready for connections
2026-02-04 10:01:31: 🔌 Attempting to connect to Redis...
2026-02-04 10:01:32: Starting Auto-Logout Job...
2026-02-04 10:01:32: 2026-02-04 10:01:32 [32minfo[39m: 🚀 Server running on http://localhost:5000
2026-02-04 10:01:32: 2026-02-04 10:01:32 [32minfo[39m: 📡 Socket.IO server ready for connections
2026-02-04 10:01:34: 🔌 Attempting to connect to Redis...
2026-02-04 10:01:35: Starting Auto-Logout Job...
2026-02-04 10:01:35: 2026-02-04 10:01:35 [32minfo[39m: 🚀 Server running on http://localhost:5000
2026-02-04 10:01:35: 2026-02-04 10:01:35 [32minfo[39m: 📡 Socket.IO server ready for connections
2026-02-04 10:03:10: 🔌 Attempting to connect to Redis...
2026-02-04 10:03:11: Starting Auto-Logout Job...
2026-02-04 10:03:11: 2026-02-04 10:03:11 [32minfo[39m: 🚀 Server running on http://localhost:5000
2026-02-04 10:03:11: 2026-02-04 10:03:11 [32minfo[39m: 📡 Socket.IO server ready for connections
2026-02-04 10:03:11: 2026-02-04 10:03:11 [32minfo[39m: ✅ Redis Clients (Pub/Sub) Connected and Ready
2026-02-04 10:03:11: 📡 Mongoose connected to Atlas cluster
2026-02-04 10:03:11: ✅ MongoDB Atlas connected successfully!
2026-02-04 10:03:11: 🔌 Socket.IO Redis adapter initialized
2026-02-04 10:03:11: 🔌 Socket.IO instance set successfully
2026-02-04 10:03:11: ℹ️ Huawei E173 Modem Service is disabled via ENABLE_MODEM flag
2026-02-04 10:03:11: ✅ All services initialized successfully
2026-02-04 10:03:11: ✅ Query model connected successfully
2026-02-04 10:04:45: 2026-02-04 10:04:45 [32minfo[39m: OPTIONS /api/auth/login 200 0 - 3.853 ms
2026-02-04 10:04:45: Login attempt for user: admin
2026-02-04 10:04:45: Login successful: admin
2026-02-04 10:04:45: 2026-02-04 10:04:45 [32minfo[39m: POST /api/auth/login 200 662 - 298.672 ms
2026-02-04 10:04:45: 2026-02-04 10:04:45 [32minfo[39m: OPTIONS /api/messages/unread-count 200 0 - 0.217 ms
2026-02-04 10:04:45: 🔍 [DEBUG] Unread count endpoint hit
2026-02-04 10:04:45: 🔍 [DEBUG] req.user exists: [33mtrue[39m
2026-02-04 10:04:45: 🔍 [DEBUG] req.user.id: 682d790e78aafec97417cd5f
2026-02-04 10:04:45: 🔍 [DEBUG] req.user._id: new ObjectId([32m'682d790e78aafec97417cd5f'[39m)
2026-02-04 10:04:45: 🔍 [DEBUG] Extracted user ID: 682d790e78aafec97417cd5f
2026-02-04 10:04:45: 📬 Fetching unread count for user: 682d790e78aafec97417cd5f
2026-02-04 10:04:45: 🔍 [DEBUG] About to query database...
2026-02-04 10:04:45: 🔌 New socket connection: U2TXkyaBLPvgLuFOAAAB
2026-02-04 10:04:45: 🔗 Socket U2TXkyaBLPvgLuFOAAAB joined room user_682d790e78aafec97417cd5f (auto-join on connection)
2026-02-04 10:04:45: 🔗 Recorded user connection: 682d790e78aafec97417cd5f with socket U2TXkyaBLPvgLuFOAAAB
2026-02-04 10:04:45: 🚪 Socket U2TXkyaBLPvgLuFOAAAB joined user room user_682d790e78aafec97417cd5f
2026-02-04 10:04:45: 🚪 Socket U2TXkyaBLPvgLuFOAAAB joined user room user_682d790e78aafec97417cd5f
2026-02-04 10:04:45: 📬 Unread count result: [33m0[39m
2026-02-04 10:04:45: 2026-02-04 10:04:45 [32minfo[39m: GET /api/messages/unread-count 200 17 - 61.998 ms
2026-02-04 10:04:46: 2026-02-04 10:04:46 [32minfo[39m: OPTIONS /api/attendance/2026/2 200 0 - 0.157 ms
2026-02-04 10:04:46: 2026-02-04 10:04:46 [32minfo[39m: OPTIONS /api/appointments/revenue/reports 200 0 - 0.082 ms
2026-02-04 10:04:46: 2026-02-04 10:04:46 [32minfo[39m: OPTIONS /api/appointments/all 200 0 - 0.150 ms
2026-02-04 10:04:46: 2026-02-04 10:04:46 [32minfo[39m: OPTIONS /api/tasks 200 0 - 0.096 ms
2026-02-04 10:04:46: 2026-02-04 10:04:46 [32minfo[39m: OPTIONS /api/users/all 200 0 - 0.085 ms
2026-02-04 10:04:46: 2026-02-04 10:04:46 [32minfo[39m: OPTIONS /api/attendance/range?start=2026-01-31T18:30:00.000Z&end=2026-02-28T18:29:59.999Z 200 0 - 0.139 ms
2026-02-04 10:04:46: 2026-02-04 10:04:46 [32minfo[39m: OPTIONS /api/admin-status 200 0 - 0.109 ms
2026-02-04 10:04:46: 2026-02-04 10:04:46 [32minfo[39m: OPTIONS /api/appointments/stats?month=2&year=2026 200 0 - 0.079 ms
2026-02-04 10:04:46: 2026-02-04 10:04:46 [32minfo[39m: OPTIONS /api/appointments/stats?month=1&year=2026 200 0 - 0.065 ms
2026-02-04 10:04:46: 2026-02-04 10:04:46 [32minfo[39m: OPTIONS /api/appointments/revenue 200 0 - 0.046 ms
2026-02-04 10:04:46: 2026-02-04 10:04:46 [32minfo[39m: OPTIONS /api/users 200 0 - 0.082 ms
2026-02-04 10:04:46: 2026-02-04 10:04:46 [32minfo[39m: GET /api/appointments/revenue/reports 200 - - 61.912 ms
2026-02-04 10:04:46: 2026-02-04 10:04:46 [32minfo[39m: OPTIONS /api/admin-status 200 0 - 0.076 ms
2026-02-04 10:04:46: 2026-02-04 10:04:46 [32minfo[39m: OPTIONS /api/appointments/stats?month=2&year=2026 200 0 - 0.083 ms
2026-02-04 10:04:46: 2026-02-04 10:04:46 [32minfo[39m: OPTIONS /api/appointments/stats?month=1&year=2026 200 0 - 0.075 ms
2026-02-04 10:04:46: 2026-02-04 10:04:46 [32minfo[39m: OPTIONS /api/appointments/revenue 200 0 - 0.077 ms
2026-02-04 10:04:46: 2026-02-04 10:04:46 [32minfo[39m: OPTIONS /api/users 200 0 - 0.106 ms
2026-02-04 10:04:46: 2026-02-04 10:04:46 [32minfo[39m: GET /api/attendance/2026/2 200 - - 100.498 ms
2026-02-04 10:04:46: 2026-02-04 10:04:46 [32minfo[39m: GET /api/tasks 200 - - 148.928 ms
2026-02-04 10:04:46: 2026-02-04 10:04:46 [32minfo[39m: GET /api/users/all 200 - - 149.299 ms
2026-02-04 10:04:46: 2026-02-04 10:04:46 [32minfo[39m: GET /api/appointments/all 200 - - 180.551 ms
2026-02-04 10:04:46: 2026-02-04 10:04:46 [32minfo[39m: GET /api/appointments/revenue/reports 200 - - 97.043 ms
2026-02-04 10:04:46: 2026-02-04 10:04:46 [32minfo[39m: GET /api/attendance/2026/2 200 - - 148.676 ms
2026-02-04 10:04:46: 2026-02-04 10:04:46 [32minfo[39m: GET /api/attendance/range?start=2026-01-31T18:30:00.000Z&end=2026-02-28T18:29:59.999Z 200 - - 91.590 ms
2026-02-04 10:04:46: 2026-02-04 10:04:46 [32minfo[39m: GET /api/tasks 200 - - 95.362 ms
2026-02-04 10:04:46: 2026-02-04 10:04:46 [32minfo[39m: GET /api/attendance/range?start=2026-01-31T18:30:00.000Z&end=2026-02-28T18:29:59.999Z 200 - - 116.781 ms
2026-02-04 10:04:46: 2026-02-04 10:04:46 [32minfo[39m: GET /api/users/all 200 - - 118.143 ms
2026-02-04 10:04:46: 2026-02-04 10:04:46 [32minfo[39m: GET /api/appointments/all 200 - - 162.900 ms
2026-02-04 10:04:46: 2026-02-04 10:04:46 [32minfo[39m: GET /api/admin-status 200 48 - 65.757 ms
2026-02-04 10:04:46: 2026-02-04 10:04:46 [32minfo[39m: GET /api/appointments/stats?month=2&year=2026 200 11 - 65.016 ms
2026-02-04 10:04:46: 2026-02-04 10:04:46 [32minfo[39m: GET /api/tasks 200 - - 377.710 ms
2026-02-04 10:04:46: 2026-02-04 10:04:46 [32minfo[39m: GET /api/appointments/stats?month=1&year=2026 200 12 - 58.727 ms
2026-02-04 10:04:46: 2026-02-04 10:04:46 [32minfo[39m: GET /api/admin-status 200 48 - 72.802 ms
2026-02-04 10:04:46: 2026-02-04 10:04:46 [32minfo[39m: GET /api/appointments/revenue 200 45 - 100.165 ms
2026-02-04 10:04:46: 2026-02-04 10:04:46 [32minfo[39m: GET /api/appointments/stats?month=2&year=2026 200 11 - 63.277 ms
2026-02-04 10:04:46: 2026-02-04 10:04:46 [32minfo[39m: GET /api/appointments/stats?month=1&year=2026 200 12 - 57.690 ms
2026-02-04 10:04:46: 2026-02-04 10:04:46 [32minfo[39m: GET /api/appointments/revenue 200 45 - 86.152 ms
2026-02-04 10:04:46: [DEBUG] Date range: Wed Feb 04 2026 00:00:00 GMT+0530 (India Standard Time) to Wed Feb 04 2026 23:59:59 GMT+0530 (India Standard Time)
2026-02-04 10:04:46: [DEBUG] Appointment stats found: 0 []
2026-02-04 10:04:46: 2026-02-04 10:04:46 [32minfo[39m: GET /api/users 200 - - 170.185 ms
2026-02-04 10:04:46: [DEBUG] Date range: Wed Feb 04 2026 00:00:00 GMT+0530 (India Standard Time) to Wed Feb 04 2026 23:59:59 GMT+0530 (India Standard Time)
2026-02-04 10:04:46: [DEBUG] Appointment stats found: 0 []
2026-02-04 10:04:46: 2026-02-04 10:04:46 [32minfo[39m: GET /api/users 200 - - 95.978 ms
2026-02-04 10:04:47: 2026-02-04 10:04:47 [32minfo[39m: GET /api/tasks 200 - - 260.036 ms
2026-02-04 10:05:16: 2026-02-04 10:05:16 [32minfo[39m: OPTIONS /api/attendance/2026/2 200 0 - 0.086 ms
2026-02-04 10:05:16: 2026-02-04 10:05:16 [32minfo[39m: GET /api/attendance/2026/2 304 - - 74.114 ms
2026-02-04 10:05:45: 🔗 Recorded user connection: 682d790e78aafec97417cd5f with socket U2TXkyaBLPvgLuFOAAAB
2026-02-04 10:05:46: 2026-02-04 10:05:46 [32minfo[39m: OPTIONS /api/attendance/2026/2 200 0 - 0.080 ms
2026-02-04 10:05:46: 2026-02-04 10:05:46 [32minfo[39m: GET /api/attendance/2026/2 200 - - 73.870 ms
2026-02-04 10:06:16: 2026-02-04 10:06:16 [32minfo[39m: OPTIONS /api/attendance/2026/2 200 0 - 0.084 ms
2026-02-04 10:06:16: 2026-02-04 10:06:16 [32minfo[39m: GET /api/attendance/2026/2 304 - - 75.615 ms
2026-02-04 10:06:45: 🔗 Recorded user connection: 682d790e78aafec97417cd5f with socket U2TXkyaBLPvgLuFOAAAB
2026-02-04 10:06:46: 2026-02-04 10:06:46 [32minfo[39m: OPTIONS /api/attendance/2026/2 200 0 - 0.180 ms
2026-02-04 10:06:46: 2026-02-04 10:06:46 [32minfo[39m: GET /api/attendance/2026/2 304 - - 82.819 ms
2026-02-04 10:07:16: 2026-02-04 10:07:16 [32minfo[39m: OPTIONS /api/attendance/2026/2 200 0 - 0.190 ms
2026-02-04 10:07:16: 2026-02-04 10:07:16 [32minfo[39m: GET /api/attendance/2026/2 304 - - 78.864 ms
2026-02-04 10:07:45: 🔗 Recorded user connection: 682d790e78aafec97417cd5f with socket U2TXkyaBLPvgLuFOAAAB
2026-02-04 10:07:46: 2026-02-04 10:07:46 [32minfo[39m: OPTIONS /api/attendance/2026/2 200 0 - 0.087 ms
2026-02-04 10:07:46: 2026-02-04 10:07:46 [32minfo[39m: GET /api/attendance/2026/2 304 - - 79.158 ms
2026-02-04 10:08:11: ⏰ Session timeout check triggered at 4/2/2026, 10:08:11 am
2026-02-04 10:08:16: 2026-02-04 10:08:16 [32minfo[39m: OPTIONS /api/attendance/2026/2 200 0 - 0.088 ms
2026-02-04 10:08:16: 2026-02-04 10:08:16 [32minfo[39m: GET /api/attendance/2026/2 304 - - 75.472 ms
2026-02-04 10:08:45: 🔗 Recorded user connection: 682d790e78aafec97417cd5f with socket U2TXkyaBLPvgLuFOAAAB
2026-02-04 10:08:46: 2026-02-04 10:08:46 [32minfo[39m: OPTIONS /api/attendance/2026/2 200 0 - 0.228 ms
2026-02-04 10:08:46: 2026-02-04 10:08:46 [32minfo[39m: GET /api/attendance/2026/2 304 - - 77.043 ms
2026-02-04 10:09:16: 2026-02-04 10:09:16 [32minfo[39m: OPTIONS /api/attendance/2026/2 200 0 - 0.091 ms
2026-02-04 10:09:16: 2026-02-04 10:09:16 [32minfo[39m: GET /api/attendance/2026/2 304 - - 81.751 ms
2026-02-04 10:09:45: 🔗 Recorded user connection: 682d790e78aafec97417cd5f with socket U2TXkyaBLPvgLuFOAAAB
2026-02-04 10:09:46: 2026-02-04 10:09:46 [32minfo[39m: OPTIONS /api/attendance/2026/2 200 0 - 0.061 ms
2026-02-04 10:09:46: 2026-02-04 10:09:46 [32minfo[39m: GET /api/attendance/2026/2 304 - - 79.873 ms
2026-02-04 10:10:16: 2026-02-04 10:10:16 [32minfo[39m: OPTIONS /api/attendance/2026/2 200 0 - 0.075 ms
2026-02-04 10:10:16: 2026-02-04 10:10:16 [32minfo[39m: GET /api/attendance/2026/2 304 - - 80.369 ms
2026-02-04 10:10:45: 🔗 Recorded user connection: 682d790e78aafec97417cd5f with socket U2TXkyaBLPvgLuFOAAAB
2026-02-04 10:10:46: 2026-02-04 10:10:46 [32minfo[39m: OPTIONS /api/attendance/2026/2 200 0 - 0.058 ms
2026-02-04 10:10:46: 2026-02-04 10:10:46 [32minfo[39m: GET /api/attendance/2026/2 304 - - 80.646 ms
2026-02-04 10:11:16: 2026-02-04 10:11:16 [32minfo[39m: OPTIONS /api/attendance/2026/2 200 0 - 0.096 ms
2026-02-04 10:11:16: 2026-02-04 10:11:16 [32minfo[39m: GET /api/attendance/2026/2 304 - - 82.190 ms
2026-02-04 10:11:45: 🔗 Recorded user connection: 682d790e78aafec97417cd5f with socket U2TXkyaBLPvgLuFOAAAB
2026-02-04 10:11:46: 2026-02-04 10:11:46 [32minfo[39m: OPTIONS /api/attendance/2026/2 200 0 - 0.174 ms
2026-02-04 10:11:46: 2026-02-04 10:11:46 [32minfo[39m: GET /api/attendance/2026/2 304 - - 86.247 ms
2026-02-04 10:12:17: 2026-02-04 10:12:17 [32minfo[39m: OPTIONS /api/attendance/2026/2 200 0 - 0.083 ms
2026-02-04 10:12:17: 2026-02-04 10:12:17 [32minfo[39m: GET /api/attendance/2026/2 304 - - 81.188 ms
2026-02-04 10:12:45: 🔗 Recorded user connection: 682d790e78aafec97417cd5f with socket U2TXkyaBLPvgLuFOAAAB
2026-02-04 10:12:47: 2026-02-04 10:12:47 [32minfo[39m: OPTIONS /api/attendance/2026/2 200 0 - 0.080 ms
2026-02-04 10:12:47: 2026-02-04 10:12:47 [32minfo[39m: GET /api/attendance/2026/2 304 - - 94.281 ms
2026-02-04 10:13:11: ⏰ Session timeout check triggered at 4/2/2026, 10:13:11 am
2026-02-04 10:13:17: 2026-02-04 10:13:17 [32minfo[39m: OPTIONS /api/attendance/2026/2 200 0 - 0.083 ms
2026-02-04 10:13:17: 2026-02-04 10:13:17 [32minfo[39m: GET /api/attendance/2026/2 304 - - 82.007 ms
2026-02-04 10:13:45: 🔗 Recorded user connection: 682d790e78aafec97417cd5f with socket U2TXkyaBLPvgLuFOAAAB
2026-02-04 10:13:47: 2026-02-04 10:13:47 [32minfo[39m: OPTIONS /api/attendance/2026/2 200 0 - 0.166 ms
2026-02-04 10:13:47: 2026-02-04 10:13:47 [32minfo[39m: GET /api/attendance/2026/2 304 - - 88.470 ms
2026-02-04 10:14:17: 2026-02-04 10:14:17 [32minfo[39m: OPTIONS /api/attendance/2026/2 200 0 - 0.173 ms
2026-02-04 10:14:17: 2026-02-04 10:14:17 [32minfo[39m: GET /api/attendance/2026/2 304 - - 95.087 ms
2026-02-04 10:14:45: 🔗 Recorded user connection: 682d790e78aafec97417cd5f with socket U2TXkyaBLPvgLuFOAAAB
2026-02-04 10:14:47: 2026-02-04 10:14:47 [32minfo[39m: OPTIONS /api/attendance/2026/2 200 0 - 0.057 ms
2026-02-04 10:14:47: 2026-02-04 10:14:47 [32minfo[39m: GET /api/attendance/2026/2 304 - - 84.797 ms
2026-02-04 10:15:17: 2026-02-04 10:15:17 [32minfo[39m: OPTIONS /api/attendance/2026/2 200 0 - 0.345 ms
2026-02-04 10:15:17: 2026-02-04 10:15:17 [32minfo[39m: GET /api/attendance/2026/2 304 - - 85.771 ms
2026-02-04 10:15:45: 🔗 Recorded user connection: 682d790e78aafec97417cd5f with socket U2TXkyaBLPvgLuFOAAAB
2026-02-04 10:15:47: 2026-02-04 10:15:47 [32minfo[39m: OPTIONS /api/attendance/2026/2 200 0 - 0.173 ms
2026-02-04 10:15:47: 2026-02-04 10:15:47 [32minfo[39m: GET /api/attendance/2026/2 304 - - 77.737 ms
2026-02-04 10:16:17: 2026-02-04 10:16:17 [32minfo[39m: OPTIONS /api/attendance/2026/2 200 0 - 0.170 ms
2026-02-04 10:16:17: 2026-02-04 10:16:17 [32minfo[39m: GET /api/attendance/2026/2 304 - - 80.852 ms
2026-02-04 10:16:45: 🔗 Recorded user connection: 682d790e78aafec97417cd5f with socket U2TXkyaBLPvgLuFOAAAB
2026-02-04 10:16:47: 2026-02-04 10:16:47 [32minfo[39m: OPTIONS /api/attendance/2026/2 200 0 - 0.160 ms
2026-02-04 10:16:47: 2026-02-04 10:16:47 [32minfo[39m: GET /api/attendance/2026/2 304 - - 75.215 ms
2026-02-04 10:17:17: 2026-02-04 10:17:17 [32minfo[39m: OPTIONS /api/attendance/2026/2 200 0 - 0.189 ms
2026-02-04 10:17:17: 2026-02-04 10:17:17 [32minfo[39m: GET /api/attendance/2026/2 304 - - 89.751 ms
2026-02-04 10:17:45: 🔗 Recorded user connection: 682d790e78aafec97417cd5f with socket U2TXkyaBLPvgLuFOAAAB
2026-02-04 10:17:47: 2026-02-04 10:17:47 [32minfo[39m: OPTIONS /api/attendance/2026/2 200 0 - 0.170 ms
2026-02-04 10:17:47: 2026-02-04 10:17:47 [32minfo[39m: GET /api/attendance/2026/2 304 - - 88.145 ms
2026-02-04 10:18:11: ⏰ Session timeout check triggered at 4/2/2026, 10:18:11 am
2026-02-04 10:18:17: 2026-02-04 10:18:17 [32minfo[39m: OPTIONS /api/attendance/2026/2 200 0 - 0.170 ms
2026-02-04 10:18:17: 2026-02-04 10:18:17 [32minfo[39m: GET /api/attendance/2026/2 304 - - 83.391 ms
2026-02-04 10:18:45: 🔗 Recorded user connection: 682d790e78aafec97417cd5f with socket U2TXkyaBLPvgLuFOAAAB
2026-02-04 10:18:47: 2026-02-04 10:18:47 [32minfo[39m: OPTIONS /api/attendance/2026/2 200 0 - 0.422 ms
2026-02-04 10:18:47: 2026-02-04 10:18:47 [32minfo[39m: GET /api/attendance/2026/2 304 - - 92.333 ms
2026-02-04 10:19:17: 2026-02-04 10:19:17 [32minfo[39m: OPTIONS /api/attendance/2026/2 200 0 - 0.060 ms
2026-02-04 10:19:17: 2026-02-04 10:19:17 [32minfo[39m: GET /api/attendance/2026/2 304 - - 84.499 ms
2026-02-04 10:19:45: 🔗 Recorded user connection: 682d790e78aafec97417cd5f with socket U2TXkyaBLPvgLuFOAAAB
2026-02-04 10:19:47: 2026-02-04 10:19:47 [32minfo[39m: OPTIONS /api/attendance/2026/2 200 0 - 0.288 ms
2026-02-04 10:19:47: 2026-02-04 10:19:47 [32minfo[39m: GET /api/attendance/2026/2 304 - - 82.769 ms
2026-02-04 10:20:17: 2026-02-04 10:20:17 [32minfo[39m: OPTIONS /api/attendance/2026/2 200 0 - 0.182 ms
2026-02-04 10:20:17: 2026-02-04 10:20:17 [32minfo[39m: GET /api/attendance/2026/2 304 - - 88.109 ms
2026-02-04 10:20:46: 🔗 Recorded user connection: 682d790e78aafec97417cd5f with socket U2TXkyaBLPvgLuFOAAAB
2026-02-04 10:20:47: 2026-02-04 10:20:47 [32minfo[39m: OPTIONS /api/attendance/2026/2 200 0 - 0.175 ms
2026-02-04 10:20:47: 2026-02-04 10:20:47 [32minfo[39m: GET /api/attendance/2026/2 200 - - 91.304 ms
2026-02-04 10:21:17: 2026-02-04 10:21:17 [32minfo[39m: OPTIONS /api/attendance/2026/2 200 0 - 0.058 ms
2026-02-04 10:21:17: 2026-02-04 10:21:17 [32minfo[39m: GET /api/attendance/2026/2 304 - - 84.489 ms
2026-02-04 10:21:46: 🔗 Recorded user connection: 682d790e78aafec97417cd5f with socket U2TXkyaBLPvgLuFOAAAB
2026-02-04 10:21:47: 2026-02-04 10:21:47 [32minfo[39m: OPTIONS /api/attendance/2026/2 200 0 - 0.056 ms
2026-02-04 10:21:47: 2026-02-04 10:21:47 [32minfo[39m: GET /api/attendance/2026/2 304 - - 82.584 ms
2026-02-04 10:22:17: 2026-02-04 10:22:17 [32minfo[39m: OPTIONS /api/attendance/2026/2 200 0 - 0.164 ms
2026-02-04 10:22:17: 2026-02-04 10:22:17 [32minfo[39m: GET /api/attendance/2026/2 304 - - 96.079 ms
2026-02-04 10:22:46: 🔗 Recorded user connection: 682d790e78aafec97417cd5f with socket U2TXkyaBLPvgLuFOAAAB
2026-02-04 10:22:47: 2026-02-04 10:22:47 [32minfo[39m: OPTIONS /api/attendance/2026/2 200 0 - 0.106 ms
2026-02-04 10:22:47: 2026-02-04 10:22:47 [32minfo[39m: GET /api/attendance/2026/2 304 - - 81.953 ms
2026-02-04 10:23:11: ⏰ Session timeout check triggered at 4/2/2026, 10:23:11 am
2026-02-04 10:23:17: 2026-02-04 10:23:17 [32minfo[39m: OPTIONS /api/attendance/2026/2 200 0 - 0.075 ms
2026-02-04 10:23:17: 2026-02-04 10:23:17 [32minfo[39m: GET /api/attendance/2026/2 304 - - 84.396 ms
2026-02-04 10:23:46: 🔗 Recorded user connection: 682d790e78aafec97417cd5f with socket U2TXkyaBLPvgLuFOAAAB
2026-02-04 10:23:47: 2026-02-04 10:23:47 [32minfo[39m: OPTIONS /api/attendance/2026/2 200 0 - 0.138 ms
2026-02-04 10:23:47: 2026-02-04 10:23:47 [32minfo[39m: GET /api/attendance/2026/2 304 - - 82.264 ms
2026-02-04 10:24:17: 2026-02-04 10:24:17 [32minfo[39m: OPTIONS /api/attendance/2026/2 200 0 - 0.059 ms
2026-02-04 10:24:17: 2026-02-04 10:24:17 [32minfo[39m: GET /api/attendance/2026/2 304 - - 88.780 ms
2026-02-04 10:24:46: 🔗 Recorded user connection: 682d790e78aafec97417cd5f with socket U2TXkyaBLPvgLuFOAAAB
2026-02-04 10:24:47: 2026-02-04 10:24:47 [32minfo[39m: OPTIONS /api/attendance/2026/2 200 0 - 0.088 ms
2026-02-04 10:24:47: 2026-02-04 10:24:47 [32minfo[39m: GET /api/attendance/2026/2 304 - - 83.175 ms
2026-02-04 10:25:17: 2026-02-04 10:25:17 [32minfo[39m: OPTIONS /api/attendance/2026/2 200 0 - 0.207 ms
2026-02-04 10:25:17: 2026-02-04 10:25:17 [32minfo[39m: GET /api/attendance/2026/2 304 - - 85.420 ms
2026-02-04 10:25:46: 🔗 Recorded user connection: 682d790e78aafec97417cd5f with socket U2TXkyaBLPvgLuFOAAAB
2026-02-04 10:25:47: 2026-02-04 10:25:47 [32minfo[39m: OPTIONS /api/attendance/2026/2 200 0 - 0.106 ms
2026-02-04 10:25:47: 2026-02-04 10:25:47 [32minfo[39m: GET /api/attendance/2026/2 304 - - 90.615 ms
2026-02-04 10:26:17: 2026-02-04 10:26:17 [32minfo[39m: OPTIONS /api/attendance/2026/2 200 0 - 0.123 ms
2026-02-04 10:26:17: 2026-02-04 10:26:17 [32minfo[39m: GET /api/attendance/2026/2 304 - - 98.106 ms
2026-02-04 10:26:46: 🔗 Recorded user connection: 682d790e78aafec97417cd5f with socket U2TXkyaBLPvgLuFOAAAB
2026-02-04 10:26:47: 2026-02-04 10:26:47 [32minfo[39m: OPTIONS /api/attendance/2026/2 200 0 - 0.079 ms
2026-02-04 10:26:47: 2026-02-04 10:26:47 [32minfo[39m: GET /api/attendance/2026/2 304 - - 81.869 ms
2026-02-04 10:27:17: 2026-02-04 10:27:17 [32minfo[39m: OPTIONS /api/attendance/2026/2 200 0 - 0.060 ms
2026-02-04 10:27:17: 2026-02-04 10:27:17 [32minfo[39m: GET /api/attendance/2026/2 304 - - 88.669 ms
2026-02-04 10:27:46: 🔗 Recorded user connection: 682d790e78aafec97417cd5f with socket U2TXkyaBLPvgLuFOAAAB
2026-02-04 10:27:47: 2026-02-04 10:27:47 [32minfo[39m: OPTIONS /api/attendance/2026/2 200 0 - 0.077 ms
2026-02-04 10:27:47: 2026-02-04 10:27:47 [32minfo[39m: GET /api/attendance/2026/2 304 - - 87.762 ms
2026-02-04 10:28:03: 🔌 Socket U2TXkyaBLPvgLuFOAAAB disconnected. Reason: transport close
2026-02-04 10:28:03: 🚫 Recorded user disconnection: 682d790e78aafec97417cd5f
2026-02-04 10:28:03: 👤 User undefined (682d790e78aafec97417cd5f) disconnected
2026-02-04 10:28:03: 2026-02-04 10:28:03 [32minfo[39m: OPTIONS /api/messages/unread-count 200 0 - 0.085 ms
2026-02-04 10:28:03: 2026-02-04 10:28:03 [32minfo[39m: OPTIONS /api/messages/unread-count 200 0 - 0.050 ms
2026-02-04 10:28:03: 🔌 New socket connection: nq7YkUvsqrn43ha4AAAD
2026-02-04 10:28:03: 🔗 Socket nq7YkUvsqrn43ha4AAAD joined room user_682d790e78aafec97417cd5f (auto-join on connection)
2026-02-04 10:28:03: 🔗 Recorded user connection: 682d790e78aafec97417cd5f with socket nq7YkUvsqrn43ha4AAAD
2026-02-04 10:28:03: 🚪 Socket nq7YkUvsqrn43ha4AAAD joined user room user_682d790e78aafec97417cd5f
2026-02-04 10:28:03: 🚪 Socket nq7YkUvsqrn43ha4AAAD joined user room user_682d790e78aafec97417cd5f
2026-02-04 10:28:03: 🚪 Socket nq7YkUvsqrn43ha4AAAD joined user room user_682d790e78aafec97417cd5f
2026-02-04 10:28:03: 🚪 Socket nq7YkUvsqrn43ha4AAAD joined user room user_682d790e78aafec97417cd5f
2026-02-04 10:28:03: 🔍 [DEBUG] Unread count endpoint hit
2026-02-04 10:28:03: 🔍 [DEBUG] req.user exists: [33mtrue[39m
2026-02-04 10:28:03: 🔍 [DEBUG] req.user.id: 682d790e78aafec97417cd5f
2026-02-04 10:28:03: 🔍 [DEBUG] req.user._id: new ObjectId([32m'682d790e78aafec97417cd5f'[39m)
2026-02-04 10:28:03: 🔍 [DEBUG] Extracted user ID: 682d790e78aafec97417cd5f
2026-02-04 10:28:03: 📬 Fetching unread count for user: 682d790e78aafec97417cd5f
2026-02-04 10:28:03: 🔍 [DEBUG] About to query database...
2026-02-04 10:28:03: 🔍 [DEBUG] Unread count endpoint hit
2026-02-04 10:28:03: 🔍 [DEBUG] req.user exists: [33mtrue[39m
2026-02-04 10:28:03: 🔍 [DEBUG] req.user.id: 682d790e78aafec97417cd5f
2026-02-04 10:28:03: 🔍 [DEBUG] req.user._id: new ObjectId([32m'682d790e78aafec97417cd5f'[39m)
2026-02-04 10:28:03: 🔍 [DEBUG] Extracted user ID: 682d790e78aafec97417cd5f
2026-02-04 10:28:03: 📬 Fetching unread count for user: 682d790e78aafec97417cd5f
2026-02-04 10:28:03: 🔍 [DEBUG] About to query database...
2026-02-04 10:28:03: 🚪 Socket nq7YkUvsqrn43ha4AAAD joined user room user_682d790e78aafec97417cd5f
2026-02-04 10:28:03: 📬 Unread count result: [33m0[39m
2026-02-04 10:28:03: 2026-02-04 10:28:03 [32minfo[39m: GET /api/messages/unread-count 304 - - 57.743 ms
2026-02-04 10:28:03: 📬 Unread count result: [33m0[39m
2026-02-04 10:28:03: 2026-02-04 10:28:03 [32minfo[39m: GET /api/messages/unread-count 200 17 - 62.213 ms
2026-02-04 10:28:04: 2026-02-04 10:28:04 [32minfo[39m: OPTIONS /api/attendance/2026/2 200 0 - 0.085 ms
2026-02-04 10:28:04: 2026-02-04 10:28:04 [32minfo[39m: OPTIONS /api/attendance/2026/2 200 0 - 0.122 ms
2026-02-04 10:28:04: 2026-02-04 10:28:04 [32minfo[39m: OPTIONS /api/users 200 0 - 0.066 ms
2026-02-04 10:28:04: 2026-02-04 10:28:04 [32minfo[39m: GET /api/attendance/2026/2 304 - - 80.825 ms
2026-02-04 10:28:04: 2026-02-04 10:28:04 [32minfo[39m: GET /api/attendance/2026/2 200 - - 95.313 ms
2026-02-04 10:28:04: [DEBUG] Date range: Wed Feb 04 2026 00:00:00 GMT+0530 (India Standard Time) to Wed Feb 04 2026 23:59:59 GMT+0530 (India Standard Time)
2026-02-04 10:28:04: [DEBUG] Appointment stats found: 0 []
2026-02-04 10:28:04: 2026-02-04 10:28:04 [32minfo[39m: GET /api/users 200 - - 151.407 ms
2026-02-04 10:28:11: ⏰ Session timeout check triggered at 4/2/2026, 10:28:11 am
2026-02-04 10:28:32: 2026-02-04 10:28:32 [32minfo[39m: OPTIONS /api/users/68fcc5bfb85c2281711925bb 200 0 - 0.123 ms
2026-02-04 10:28:32: 2026-02-04 10:28:32 [32minfo[39m: OPTIONS /api/users 200 0 - 0.091 ms
2026-02-04 10:28:32: 2026-02-04 10:28:32 [32minfo[39m: PUT /api/users/68fcc5bfb85c2281711925bb 200 - - 58.204 ms
2026-02-04 10:28:32: [DEBUG] Date range: Wed Feb 04 2026 00:00:00 GMT+0530 (India Standard Time) to Wed Feb 04 2026 23:59:59 GMT+0530 (India Standard Time)
2026-02-04 10:28:32: [DEBUG] Appointment stats found: 0 []
2026-02-04 10:28:32: 2026-02-04 10:28:32 [32minfo[39m: GET /api/users 200 - - 141.657 ms
2026-02-04 10:28:32: [DEBUG] Date range: Wed Feb 04 2026 00:00:00 GMT+0530 (India Standard Time) to Wed Feb 04 2026 23:59:59 GMT+0530 (India Standard Time)
2026-02-04 10:28:32: [DEBUG] Appointment stats found: 0 []
2026-02-04 10:28:32: 2026-02-04 10:28:32 [32minfo[39m: GET /api/users 200 - - 154.321 ms
2026-02-04 10:28:34: 2026-02-04 10:28:34 [32minfo[39m: OPTIONS /api/attendance/2026/2 200 0 - 0.113 ms
2026-02-04 10:28:34: 2026-02-04 10:28:34 [32minfo[39m: GET /api/attendance/2026/2 200 - - 74.750 ms
2026-02-04 10:28:36: 🔌 Socket nq7YkUvsqrn43ha4AAAD disconnected. Reason: transport close
2026-02-04 10:28:36: 🚫 Recorded user disconnection: 682d790e78aafec97417cd5f
2026-02-04 10:28:36: 👤 User undefined (682d790e78aafec97417cd5f) disconnected
2026-02-04 10:28:37: 2026-02-04 10:28:37 [32minfo[39m: OPTIONS /api/messages/unread-count 200 0 - 0.084 ms
2026-02-04 10:28:37: 2026-02-04 10:28:37 [32minfo[39m: OPTIONS /api/messages/unread-count 200 0 - 0.085 ms
2026-02-04 10:28:37: 🔌 New socket connection: mChkddHAeGjWdsdpAAAF
2026-02-04 10:28:37: 🔗 Socket mChkddHAeGjWdsdpAAAF joined room user_682d790e78aafec97417cd5f (auto-join on connection)
2026-02-04 10:28:37: 🔗 Recorded user connection: 682d790e78aafec97417cd5f with socket mChkddHAeGjWdsdpAAAF
2026-02-04 10:28:37: 🚪 Socket mChkddHAeGjWdsdpAAAF joined user room user_682d790e78aafec97417cd5f
2026-02-04 10:28:37: 🚪 Socket mChkddHAeGjWdsdpAAAF joined user room user_682d790e78aafec97417cd5f
2026-02-04 10:28:37: 🚪 Socket mChkddHAeGjWdsdpAAAF joined user room user_682d790e78aafec97417cd5f
2026-02-04 10:28:37: 🚪 Socket mChkddHAeGjWdsdpAAAF joined user room user_682d790e78aafec97417cd5f
2026-02-04 10:28:37: 🚪 Socket mChkddHAeGjWdsdpAAAF joined user room user_682d790e78aafec97417cd5f
2026-02-04 10:28:37: 🔍 [DEBUG] Unread count endpoint hit
2026-02-04 10:28:37: 🔍 [DEBUG] req.user exists: [33mtrue[39m
2026-02-04 10:28:37: 🔍 [DEBUG] req.user.id: 682d790e78aafec97417cd5f
2026-02-04 10:28:37: 🔍 [DEBUG] req.user._id: new ObjectId([32m'682d790e78aafec97417cd5f'[39m)
2026-02-04 10:28:37: 🔍 [DEBUG] Extracted user ID: 682d790e78aafec97417cd5f
2026-02-04 10:28:37: 📬 Fetching unread count for user: 682d790e78aafec97417cd5f
2026-02-04 10:28:37: 🔍 [DEBUG] About to query database...
2026-02-04 10:28:37: 🔍 [DEBUG] Unread count endpoint hit
2026-02-04 10:28:37: 🔍 [DEBUG] req.user exists: [33mtrue[39m
2026-02-04 10:28:37: 🔍 [DEBUG] req.user.id: 682d790e78aafec97417cd5f
2026-02-04 10:28:37: 🔍 [DEBUG] req.user._id: new ObjectId([32m'682d790e78aafec97417cd5f'[39m)
2026-02-04 10:28:37: 🔍 [DEBUG] Extracted user ID: 682d790e78aafec97417cd5f
2026-02-04 10:28:37: 📬 Fetching unread count for user: 682d790e78aafec97417cd5f
2026-02-04 10:28:37: 🔍 [DEBUG] About to query database...
2026-02-04 10:28:37: 📬 Unread count result: [33m0[39m
2026-02-04 10:28:37: 2026-02-04 10:28:37 [32minfo[39m: GET /api/messages/unread-count 200 17 - 61.552 ms
2026-02-04 10:28:37: 📬 Unread count result: [33m0[39m
2026-02-04 10:28:37: 2026-02-04 10:28:37 [32minfo[39m: GET /api/messages/unread-count 304 - - 72.658 ms
2026-02-04 10:28:37: 2026-02-04 10:28:37 [32minfo[39m: GET /api/attendance/2026/2 304 - - 76.288 ms
2026-02-04 10:28:37: 2026-02-04 10:28:37 [32minfo[39m: GET /api/attendance/2026/2 200 - - 95.260 ms
2026-02-04 10:28:37: [DEBUG] Date range: Wed Feb 04 2026 00:00:00 GMT+0530 (India Standard Time) to Wed Feb 04 2026 23:59:59 GMT+0530 (India Standard Time)
2026-02-04 10:28:37: [DEBUG] Appointment stats found: 0 []
2026-02-04 10:28:37: 2026-02-04 10:28:37 [32minfo[39m: GET /api/users 200 - - 137.524 ms
2026-02-04 10:29:07: 2026-02-04 10:29:07 [32minfo[39m: OPTIONS /api/attendance/2026/2 200 0 - 0.130 ms
2026-02-04 10:29:07: 2026-02-04 10:29:07 [32minfo[39m: GET /api/attendance/2026/2 304 - - 77.307 ms
2026-02-04 10:29:07: 2026-02-04 10:29:07 [32minfo[39m: OPTIONS /api/auth/logout 200 0 - 0.071 ms
2026-02-04 10:29:07: 2026-02-04 10:29:07 [32minfo[39m: POST /api/auth/logout 200 31 - 1.235 ms
2026-02-04 10:29:07: 2026-02-04 10:29:07 [32minfo[39m: OPTIONS /api/users/logout 200 0 - 0.053 ms
2026-02-04 10:29:07: Received logout for userId: 682d790e78aafec97417cd5f body: { userId: [32m'682d790e78aafec97417cd5f'[39m }
2026-02-04 10:29:08: 2026-02-04 10:29:08 [32minfo[39m: POST /api/users/logout 200 33 - 141.477 ms
2026-02-04 10:29:08: 🔌 Socket mChkddHAeGjWdsdpAAAF disconnected. Reason: client namespace disconnect
2026-02-04 10:29:08: 🚫 Recorded user disconnection: 682d790e78aafec97417cd5f
2026-02-04 10:29:08: 👤 User undefined (682d790e78aafec97417cd5f) disconnected
2026-02-04 10:29:18: 2026-02-04 10:29:18 [32minfo[39m: OPTIONS /api/auth/login 200 0 - 0.107 ms
2026-02-04 10:29:18: Login attempt for user: Dinesh@bny
2026-02-04 10:29:18: Login successful: Dinesh@bny
2026-02-04 10:29:18: 2026-02-04 10:29:18 [32minfo[39m: POST /api/auth/login 200 668 - 230.597 ms
2026-02-04 10:29:18: 2026-02-04 10:29:18 [32minfo[39m: OPTIONS /api/messages/unread-count 200 0 - 0.129 ms
2026-02-04 10:29:18: 🔌 New socket connection: AIT7eG2wPGv2BfbrAAAH
2026-02-04 10:29:18: 🔗 Socket AIT7eG2wPGv2BfbrAAAH joined room user_68fcc5bfb85c2281711925bb (auto-join on connection)
2026-02-04 10:29:18: 🔗 Recorded user connection: 68fcc5bfb85c2281711925bb with socket AIT7eG2wPGv2BfbrAAAH
2026-02-04 10:29:18: 🚪 Socket AIT7eG2wPGv2BfbrAAAH joined user room user_68fcc5bfb85c2281711925bb
2026-02-04 10:29:18: 🚪 Socket AIT7eG2wPGv2BfbrAAAH joined user room user_68fcc5bfb85c2281711925bb
2026-02-04 10:29:19: 🔍 [DEBUG] Unread count endpoint hit
2026-02-04 10:29:19: 🔍 [DEBUG] req.user exists: [33mtrue[39m
2026-02-04 10:29:19: 🔍 [DEBUG] req.user.id: 68fcc5bfb85c2281711925bb
2026-02-04 10:29:19: 🔍 [DEBUG] req.user._id: new ObjectId([32m'68fcc5bfb85c2281711925bb'[39m)
2026-02-04 10:29:19: 🔍 [DEBUG] Extracted user ID: 68fcc5bfb85c2281711925bb
2026-02-04 10:29:19: 📬 Fetching unread count for user: 68fcc5bfb85c2281711925bb
2026-02-04 10:29:19: 🔍 [DEBUG] About to query database...
2026-02-04 10:29:19: 📬 Unread count result: [33m4[39m
2026-02-04 10:29:19: 2026-02-04 10:29:19 [32minfo[39m: GET /api/messages/unread-count 200 17 - 57.875 ms
2026-02-04 10:29:19: 2026-02-04 10:29:19 [32minfo[39m: OPTIONS /api/attendance/2026/2 200 0 - 0.080 ms
2026-02-04 10:29:19: 2026-02-04 10:29:19 [32minfo[39m: OPTIONS /api/users 200 0 - 0.056 ms
2026-02-04 10:29:19: 2026-02-04 10:29:19 [32minfo[39m: OPTIONS /api/attendance/2026/2 200 0 - 0.045 ms
2026-02-04 10:29:19: 2026-02-04 10:29:19 [32minfo[39m: OPTIONS /api/users 200 0 - 0.037 ms
2026-02-04 10:29:19: 2026-02-04 10:29:19 [32minfo[39m: OPTIONS /api/attendance/range?start=2026-01-31T18:30:00.000Z&end=2026-02-28T18:29:59.999Z 200 0 - 0.046 ms
2026-02-04 10:29:19: 2026-02-04 10:29:19 [32minfo[39m: OPTIONS /api/attendance/range?start=2026-01-31T18:30:00.000Z&end=2026-02-28T18:29:59.999Z 200 0 - 0.053 ms
2026-02-04 10:29:19: 2026-02-04 10:29:19 [32minfo[39m: GET /api/attendance/2026/2 200 - - 72.052 ms
2026-02-04 10:29:19: 2026-02-04 10:29:19 [32minfo[39m: GET /api/attendance/2026/2 200 - - 72.522 ms
2026-02-04 10:29:19: 2026-02-04 10:29:19 [32minfo[39m: GET /api/attendance/range?start=2026-01-31T18:30:00.000Z&end=2026-02-28T18:29:59.999Z 200 - - 75.249 ms
2026-02-04 10:29:19: 2026-02-04 10:29:19 [32minfo[39m: GET /api/attendance/range?start=2026-01-31T18:30:00.000Z&end=2026-02-28T18:29:59.999Z 200 - - 75.250 ms
2026-02-04 10:29:19: [DEBUG] Date range: Wed Feb 04 2026 00:00:00 GMT+0530 (India Standard Time) to Wed Feb 04 2026 23:59:59 GMT+0530 (India Standard Time)
2026-02-04 10:29:19: [DEBUG] Appointment stats found: 0 []
2026-02-04 10:29:19: [DEBUG] Date range: Wed Feb 04 2026 00:00:00 GMT+0530 (India Standard Time) to Wed Feb 04 2026 23:59:59 GMT+0530 (India Standard Time)
2026-02-04 10:29:19: [DEBUG] Appointment stats found: 0 []
2026-02-04 10:29:19: 2026-02-04 10:29:19 [32minfo[39m: GET /api/users 200 - - 125.208 ms
2026-02-04 10:29:19: 2026-02-04 10:29:19 [32minfo[39m: GET /api/users 200 - - 129.403 ms
2026-02-04 10:29:29: 2026-02-04 10:29:29 [32minfo[39m: OPTIONS /api/users/me 200 0 - 0.127 ms
2026-02-04 10:29:29: 2026-02-04 10:29:29 [32minfo[39m: OPTIONS /api/users 200 0 - 0.054 ms
2026-02-04 10:29:29: 2026-02-04 10:29:29 [32minfo[39m: OPTIONS /api/users/me 200 0 - 0.046 ms
2026-02-04 10:29:29: 2026-02-04 10:29:29 [32minfo[39m: OPTIONS /api/users 200 0 - 0.037 ms
2026-02-04 10:29:29: 2026-02-04 10:29:29 [32minfo[39m: OPTIONS /api/tasks 200 0 - 0.059 ms
2026-02-04 10:29:29: 2026-02-04 10:29:29 [32minfo[39m: OPTIONS /api/tasks 200 0 - 0.042 ms
2026-02-04 10:29:29: 2026-02-04 10:29:29 [32minfo[39m: GET /api/users/me 200 - - 50.694 ms
2026-02-04 10:29:29: 2026-02-04 10:29:29 [32minfo[39m: GET /api/users/me 200 - - 49.036 ms
2026-02-04 10:29:29: 2026-02-04 10:29:29 [32minfo[39m: GET /api/tasks 200 2 - 47.946 ms
2026-02-04 10:29:29: 2026-02-04 10:29:29 [32minfo[39m: GET /api/tasks 200 2 - 48.867 ms
2026-02-04 10:29:29: [DEBUG] Date range: Wed Feb 04 2026 00:00:00 GMT+0530 (India Standard Time) to Wed Feb 04 2026 23:59:59 GMT+0530 (India Standard Time)
2026-02-04 10:29:29: [DEBUG] Appointment stats found: 0 []
2026-02-04 10:29:29: 2026-02-04 10:29:29 [32minfo[39m: GET /api/users 304 - - 126.947 ms
2026-02-04 10:29:29: [DEBUG] Date range: Wed Feb 04 2026 00:00:00 GMT+0530 (India Standard Time) to Wed Feb 04 2026 23:59:59 GMT+0530 (India Standard Time)
2026-02-04 10:29:29: [DEBUG] Appointment stats found: 0 []
2026-02-04 10:29:29: 2026-02-04 10:29:29 [32minfo[39m: GET /api/users 200 - - 131.239 ms
2026-02-04 10:29:48: 2026-02-04 10:29:48 [32minfo[39m: OPTIONS /api/queries 200 0 - 0.240 ms
2026-02-04 10:29:48: 2026-02-04 10:29:48 [32minfo[39m: OPTIONS /api/users 200 0 - 0.101 ms
2026-02-04 10:29:48: 2026-02-04 10:29:48 [32minfo[39m: OPTIONS /api/users 200 0 - 0.050 ms
2026-02-04 10:29:48: 2026-02-04 10:29:48 [32minfo[39m: OPTIONS /api/queries 200 0 - 0.083 ms
2026-02-04 10:29:48: 2026-02-04 10:29:48 [32minfo[39m: OPTIONS /api/users 200 0 - 0.064 ms
2026-02-04 10:29:48: 2026-02-04 10:29:48 [32minfo[39m: OPTIONS /api/users 200 0 - 0.054 ms
2026-02-04 10:29:48: 2026-02-04 10:29:48 [32minfo[39m: GET /api/queries 200 - - 76.855 ms
2026-02-04 10:29:48: 2026-02-04 10:29:48 [32minfo[39m: GET /api/queries 200 - - 88.500 ms
2026-02-04 10:29:48: [DEBUG] Date range: Wed Feb 04 2026 00:00:00 GMT+0530 (India Standard Time) to Wed Feb 04 2026 23:59:59 GMT+0530 (India Standard Time)
2026-02-04 10:29:48: [DEBUG] Appointment stats found: 0 []
2026-02-04 10:29:48: 2026-02-04 10:29:48 [32minfo[39m: GET /api/users 304 - - 139.903 ms
2026-02-04 10:29:48: [DEBUG] Date range: Wed Feb 04 2026 00:00:00 GMT+0530 (India Standard Time) to Wed Feb 04 2026 23:59:59 GMT+0530 (India Standard Time)
2026-02-04 10:29:48: [DEBUG] Appointment stats found: 0 []
2026-02-04 10:29:48: [DEBUG] Date range: Wed Feb 04 2026 00:00:00 GMT+0530 (India Standard Time) to Wed Feb 04 2026 23:59:59 GMT+0530 (India Standard Time)
2026-02-04 10:29:48: [DEBUG] Appointment stats found: 0 []
2026-02-04 10:29:48: [DEBUG] Date range: Wed Feb 04 2026 00:00:00 GMT+0530 (India Standard Time) to Wed Feb 04 2026 23:59:59 GMT+0530 (India Standard Time)
2026-02-04 10:29:48: [DEBUG] Appointment stats found: 0 []
2026-02-04 10:29:48: 2026-02-04 10:29:48 [32minfo[39m: GET /api/users 200 - - 144.740 ms
2026-02-04 10:29:48: 2026-02-04 10:29:48 [32minfo[39m: GET /api/users 200 - - 149.105 ms
2026-02-04 10:29:48: 2026-02-04 10:29:48 [32minfo[39m: GET /api/users 200 - - 153.911 ms
2026-02-04 10:29:49: 2026-02-04 10:29:49 [32minfo[39m: OPTIONS /api/attendance/2026/2 200 0 - 0.216 ms
2026-02-04 10:29:49: 2026-02-04 10:29:49 [32minfo[39m: GET /api/attendance/2026/2 304 - - 81.456 ms
2026-02-04 10:29:50: 2026-02-04 10:29:50 [32minfo[39m: OPTIONS /api/users/me 200 0 - 0.085 ms
2026-02-04 10:29:50: 2026-02-04 10:29:50 [32minfo[39m: OPTIONS /api/tasks 200 0 - 0.049 ms
2026-02-04 10:29:50: 2026-02-04 10:29:50 [32minfo[39m: OPTIONS /api/users/me 200 0 - 0.058 ms
2026-02-04 10:29:50: 2026-02-04 10:29:50 [32minfo[39m: OPTIONS /api/tasks 200 0 - 0.077 ms
2026-02-04 10:29:50: 2026-02-04 10:29:50 [32minfo[39m: GET /api/users/me 304 - - 48.787 ms
2026-02-04 10:29:50: 2026-02-04 10:29:50 [32minfo[39m: GET /api/tasks 304 - - 48.831 ms
2026-02-04 10:29:50: 2026-02-04 10:29:50 [32minfo[39m: GET /api/tasks 200 2 - 49.701 ms
2026-02-04 10:29:50: 2026-02-04 10:29:50 [32minfo[39m: GET /api/users/me 200 - - 50.115 ms
2026-02-04 10:29:50: [DEBUG] Date range: Wed Feb 04 2026 00:00:00 GMT+0530 (India Standard Time) to Wed Feb 04 2026 23:59:59 GMT+0530 (India Standard Time)
2026-02-04 10:29:50: [DEBUG] Appointment stats found: 0 []
2026-02-04 10:29:50: 2026-02-04 10:29:50 [32minfo[39m: GET /api/users 304 - - 130.165 ms
2026-02-04 10:29:50: [DEBUG] Date range: Wed Feb 04 2026 00:00:00 GMT+0530 (India Standard Time) to Wed Feb 04 2026 23:59:59 GMT+0530 (India Standard Time)
2026-02-04 10:29:50: [DEBUG] Appointment stats found: 0 []
2026-02-04 10:29:50: 2026-02-04 10:29:50 [32minfo[39m: GET /api/users 200 - - 144.184 ms
2026-02-04 10:30:19: 🔗 Recorded user connection: 68fcc5bfb85c2281711925bb with socket AIT7eG2wPGv2BfbrAAAH
2026-02-04 10:30:19: 2026-02-04 10:30:19 [32minfo[39m: OPTIONS /api/attendance/2026/2 200 0 - 0.294 ms
2026-02-04 10:30:19: 2026-02-04 10:30:19 [32minfo[39m: GET /api/attendance/2026/2 304 - - 101.054 ms
2026-02-04 10:30:49: 2026-02-04 10:30:49 [32minfo[39m: OPTIONS /api/attendance/2026/2 200 0 - 0.188 ms
2026-02-04 10:30:49: 2026-02-04 10:30:49 [32minfo[39m: GET /api/attendance/2026/2 304 - - 81.911 ms
2026-02-04 10:31:19: 🔗 Recorded user connection: 68fcc5bfb85c2281711925bb with socket AIT7eG2wPGv2BfbrAAAH
2026-02-04 10:31:19: 2026-02-04 10:31:19 [32minfo[39m: OPTIONS /api/attendance/2026/2 200 0 - 0.192 ms
2026-02-04 10:31:19: 2026-02-04 10:31:19 [32minfo[39m: GET /api/attendance/2026/2 304 - - 79.929 ms
2026-02-04 10:31:49: 2026-02-04 10:31:49 [32minfo[39m: OPTIONS /api/attendance/2026/2 200 0 - 0.176 ms
2026-02-04 10:31:49: 2026-02-04 10:31:49 [32minfo[39m: GET /api/attendance/2026/2 304 - - 85.034 ms
2026-02-04 10:32:13: 2026-02-04 10:32:13 [32minfo[39m: OPTIONS /api/auth/logout 200 0 - 0.061 ms
2026-02-04 10:32:13: 2026-02-04 10:32:13 [32minfo[39m: POST /api/auth/logout 200 31 - 0.529 ms
2026-02-04 10:32:13: 2026-02-04 10:32:13 [32minfo[39m: OPTIONS /api/users/logout 200 0 - 0.058 ms
2026-02-04 10:32:13: Received logout for userId: 68fcc5bfb85c2281711925bb body: { userId: [32m'68fcc5bfb85c2281711925bb'[39m }
2026-02-04 10:32:13: 2026-02-04 10:32:13 [32minfo[39m: POST /api/users/logout 200 33 - 127.538 ms
2026-02-04 10:32:13: 🔌 Socket AIT7eG2wPGv2BfbrAAAH disconnected. Reason: client namespace disconnect
2026-02-04 10:32:13: 🚫 Recorded user disconnection: 68fcc5bfb85c2281711925bb
2026-02-04 10:32:13: 👤 User undefined (68fcc5bfb85c2281711925bb) disconnected
2026-02-04 10:32:20: 2026-02-04 10:32:20 [32minfo[39m: OPTIONS /api/auth/login 200 0 - 0.076 ms
2026-02-04 10:32:20: Login attempt for user: admin
2026-02-04 10:32:20: Login successful: admin
2026-02-04 10:32:20: 2026-02-04 10:32:20 [32minfo[39m: POST /api/auth/login 200 662 - 226.021 ms
2026-02-04 10:32:20: 2026-02-04 10:32:20 [32minfo[39m: OPTIONS /api/messages/unread-count 200 0 - 0.155 ms
2026-02-04 10:32:20: 🔌 New socket connection: vPvWrS6uj-uXJf61AAAJ
2026-02-04 10:32:20: 🔗 Socket vPvWrS6uj-uXJf61AAAJ joined room user_682d790e78aafec97417cd5f (auto-join on connection)
2026-02-04 10:32:20: 🔗 Recorded user connection: 682d790e78aafec97417cd5f with socket vPvWrS6uj-uXJf61AAAJ
2026-02-04 10:32:20: 🚪 Socket vPvWrS6uj-uXJf61AAAJ joined user room user_682d790e78aafec97417cd5f
2026-02-04 10:32:20: 🚪 Socket vPvWrS6uj-uXJf61AAAJ joined user room user_682d790e78aafec97417cd5f
2026-02-04 10:32:21: 🔍 [DEBUG] Unread count endpoint hit
2026-02-04 10:32:21: 🔍 [DEBUG] req.user exists: [33mtrue[39m
2026-02-04 10:32:21: 🔍 [DEBUG] req.user.id: 682d790e78aafec97417cd5f
2026-02-04 10:32:21: 🔍 [DEBUG] req.user._id: new ObjectId([32m'682d790e78aafec97417cd5f'[39m)
2026-02-04 10:32:21: 🔍 [DEBUG] Extracted user ID: 682d790e78aafec97417cd5f
2026-02-04 10:32:21: 📬 Fetching unread count for user: 682d790e78aafec97417cd5f
2026-02-04 10:32:21: 🔍 [DEBUG] About to query database...
2026-02-04 10:32:21: 📬 Unread count result: [33m0[39m
2026-02-04 10:32:21: 2026-02-04 10:32:21 [32minfo[39m: GET /api/messages/unread-count 200 17 - 54.565 ms
2026-02-04 10:32:21: 2026-02-04 10:32:21 [32minfo[39m: OPTIONS /api/attendance/2026/2 200 0 - 0.060 ms
2026-02-04 10:32:21: 2026-02-04 10:32:21 [32minfo[39m: OPTIONS /api/appointments/revenue/reports 200 0 - 0.057 ms
2026-02-04 10:32:21: 2026-02-04 10:32:21 [32minfo[39m: OPTIONS /api/appointments/all 200 0 - 0.054 ms
2026-02-04 10:32:21: 2026-02-04 10:32:21 [32minfo[39m: OPTIONS /api/tasks 200 0 - 0.097 ms
2026-02-04 10:32:21: 2026-02-04 10:32:21 [32minfo[39m: OPTIONS /api/users/all 200 0 - 0.070 ms
2026-02-04 10:32:21: 2026-02-04 10:32:21 [32minfo[39m: OPTIONS /api/tasks 200 0 - 0.048 ms
2026-02-04 10:32:21: 2026-02-04 10:32:21 [32minfo[39m: OPTIONS /api/attendance/range?start=2026-01-31T18:30:00.000Z&end=2026-02-28T18:29:59.999Z 200 0 - 0.114 ms
2026-02-04 10:32:21: 2026-02-04 10:32:21 [32minfo[39m: OPTIONS /api/appointments/revenue/reports 200 0 - 0.051 ms
2026-02-04 10:32:21: 2026-02-04 10:32:21 [32minfo[39m: OPTIONS /api/admin-status 200 0 - 0.106 ms
2026-02-04 10:32:21: 2026-02-04 10:32:21 [32minfo[39m: OPTIONS /api/appointments/all 200 0 - 0.071 ms
2026-02-04 10:32:21: 2026-02-04 10:32:21 [32minfo[39m: OPTIONS /api/appointments/stats?month=2&year=2026 200 0 - 0.080 ms
2026-02-04 10:32:21: 2026-02-04 10:32:21 [32minfo[39m: OPTIONS /api/tasks 200 0 - 0.068 ms
2026-02-04 10:32:21: 2026-02-04 10:32:21 [32minfo[39m: OPTIONS /api/tasks 200 0 - 0.065 ms
2026-02-04 10:32:21: 2026-02-04 10:32:21 [32minfo[39m: OPTIONS /api/appointments/revenue 200 0 - 0.054 ms
2026-02-04 10:32:21: 2026-02-04 10:32:21 [32minfo[39m: OPTIONS /api/users 200 0 - 0.044 ms
2026-02-04 10:32:21: 2026-02-04 10:32:21 [32minfo[39m: OPTIONS /api/users 200 0 - 0.063 ms
2026-02-04 10:32:21: 2026-02-04 10:32:21 [32minfo[39m: OPTIONS /api/attendance/range?start=2026-01-31T18:30:00.000Z&end=2026-02-28T18:29:59.999Z 200 0 - 0.041 ms
2026-02-04 10:32:21: 2026-02-04 10:32:21 [32minfo[39m: OPTIONS /api/appointments/stats?month=1&year=2026 200 0 - 0.035 ms
2026-02-04 10:32:21: 2026-02-04 10:32:21 [32minfo[39m: OPTIONS /api/users/all 200 0 - 0.062 ms
2026-02-04 10:32:21: 2026-02-04 10:32:21 [32minfo[39m: OPTIONS /api/appointments/stats?month=1&year=2026 200 0 - 0.152 ms
2026-02-04 10:32:21: 2026-02-04 10:32:21 [32minfo[39m: OPTIONS /api/appointments/stats?month=2&year=2026 200 0 - 0.075 ms
2026-02-04 10:32:21: 2026-02-04 10:32:21 [32minfo[39m: OPTIONS /api/appointments/revenue 200 0 - 0.048 ms
2026-02-04 10:32:21: 2026-02-04 10:32:21 [32minfo[39m: OPTIONS /api/admin-status 200 0 - 0.049 ms
2026-02-04 10:32:21: 2026-02-04 10:32:21 [32minfo[39m: GET /api/appointments/revenue/reports 304 - - 64.868 ms
2026-02-04 10:32:21: 2026-02-04 10:32:21 [32minfo[39m: GET /api/attendance/2026/2 200 - - 82.978 ms
2026-02-04 10:32:21: 2026-02-04 10:32:21 [32minfo[39m: GET /api/attendance/2026/2 200 - - 85.733 ms
2026-02-04 10:32:21: 2026-02-04 10:32:21 [32minfo[39m: GET /api/tasks 200 - - 94.057 ms
2026-02-04 10:32:21: 2026-02-04 10:32:21 [32minfo[39m: GET /api/users/all 200 - - 108.934 ms
2026-02-04 10:32:21: 2026-02-04 10:32:21 [32minfo[39m: GET /api/appointments/revenue/reports 200 - - 58.715 ms
2026-02-04 10:32:21: 2026-02-04 10:32:21 [32minfo[39m: GET /api/appointments/all 304 - - 158.453 ms
2026-02-04 10:32:21: 2026-02-04 10:32:21 [32minfo[39m: GET /api/admin-status 304 - - 65.023 ms
2026-02-04 10:32:21: 2026-02-04 10:32:21 [32minfo[39m: GET /api/attendance/range?start=2026-01-31T18:30:00.000Z&end=2026-02-28T18:29:59.999Z 200 - - 95.291 ms
2026-02-04 10:32:21: 2026-02-04 10:32:21 [32minfo[39m: GET /api/tasks 200 - - 107.179 ms
2026-02-04 10:32:21: 2026-02-04 10:32:21 [32minfo[39m: GET /api/tasks 200 - - 77.350 ms
2026-02-04 10:32:21: 2026-02-04 10:32:21 [32minfo[39m: GET /api/appointments/revenue 200 45 - 89.857 ms
2026-02-04 10:32:21: 2026-02-04 10:32:21 [32minfo[39m: GET /api/appointments/all 200 - - 149.094 ms
2026-02-04 10:32:21: [DEBUG] Date range: Wed Feb 04 2026 00:00:00 GMT+0530 (India Standard Time) to Wed Feb 04 2026 23:59:59 GMT+0530 (India Standard Time)
2026-02-04 10:32:21: [DEBUG] Appointment stats found: 0 []
2026-02-04 10:32:21: 2026-02-04 10:32:21 [32minfo[39m: GET /api/users 200 - - 129.189 ms
2026-02-04 10:32:21: 2026-02-04 10:32:21 [32minfo[39m: GET /api/appointments/stats?month=1&year=2026 200 12 - 52.758 ms
2026-02-04 10:32:21: 2026-02-04 10:32:21 [32minfo[39m: GET /api/attendance/range?start=2026-01-31T18:30:00.000Z&end=2026-02-28T18:29:59.999Z 200 - - 94.695 ms
2026-02-04 10:32:21: 2026-02-04 10:32:21 [32minfo[39m: GET /api/users/all 200 - - 68.471 ms
2026-02-04 10:32:21: [DEBUG] Date range: Wed Feb 04 2026 00:00:00 GMT+0530 (India Standard Time) to Wed Feb 04 2026 23:59:59 GMT+0530 (India Standard Time)
2026-02-04 10:32:21: [DEBUG] Appointment stats found: 0 []
2026-02-04 10:32:21: 2026-02-04 10:32:21 [32minfo[39m: GET /api/users 200 - - 143.159 ms
2026-02-04 10:32:21: 2026-02-04 10:32:21 [32minfo[39m: GET /api/appointments/stats?month=1&year=2026 304 - - 56.745 ms
2026-02-04 10:32:21: 2026-02-04 10:32:21 [32minfo[39m: GET /api/appointments/stats?month=2&year=2026 200 11 - 52.571 ms
2026-02-04 10:32:21: 2026-02-04 10:32:21 [32minfo[39m: GET /api/appointments/stats?month=2&year=2026 304 - - 285.359 ms
2026-02-04 10:32:21: 2026-02-04 10:32:21 [32minfo[39m: GET /api/tasks 200 - - 281.309 ms
2026-02-04 10:32:21: 2026-02-04 10:32:21 [32minfo[39m: GET /api/admin-status 200 48 - 66.921 ms
2026-02-04 10:32:21: 2026-02-04 10:32:21 [32minfo[39m: GET /api/appointments/revenue 304 - - 81.367 ms
2026-02-04 10:32:28: 2026-02-04 10:32:28 [32minfo[39m: OPTIONS /api/users 200 0 - 0.131 ms
2026-02-04 10:32:28: 2026-02-04 10:32:28 [32minfo[39m: OPTIONS /api/users/me 200 0 - 0.075 ms
2026-02-04 10:32:28: 2026-02-04 10:32:28 [32minfo[39m: OPTIONS /api/tasks 200 0 - 0.068 ms
2026-02-04 10:32:28: 2026-02-04 10:32:28 [32minfo[39m: OPTIONS /api/users/me 200 0 - 0.076 ms
2026-02-04 10:32:28: 2026-02-04 10:32:28 [32minfo[39m: OPTIONS /api/users 200 0 - 0.072 ms
2026-02-04 10:32:28: 2026-02-04 10:32:28 [32minfo[39m: OPTIONS /api/tasks 200 0 - 0.233 ms
2026-02-04 10:32:28: 2026-02-04 10:32:28 [32minfo[39m: GET /api/users/me 200 - - 50.627 ms
2026-02-04 10:32:28: 2026-02-04 10:32:28 [32minfo[39m: GET /api/users/me 200 - - 52.064 ms
2026-02-04 10:32:28: 2026-02-04 10:32:28 [32minfo[39m: GET /api/tasks 304 - - 74.900 ms
2026-02-04 10:32:28: 2026-02-04 10:32:28 [32minfo[39m: GET /api/tasks 200 - - 78.906 ms
2026-02-04 10:32:28: [DEBUG] Date range: Wed Feb 04 2026 00:00:00 GMT+0530 (India Standard Time) to Wed Feb 04 2026 23:59:59 GMT+0530 (India Standard Time)
2026-02-04 10:32:28: [DEBUG] Appointment stats found: 0 []
2026-02-04 10:32:28: 2026-02-04 10:32:28 [32minfo[39m: GET /api/users 304 - - 129.820 ms
2026-02-04 10:32:28: [DEBUG] Date range: Wed Feb 04 2026 00:00:00 GMT+0530 (India Standard Time) to Wed Feb 04 2026 23:59:59 GMT+0530 (India Standard Time)
2026-02-04 10:32:28: [DEBUG] Appointment stats found: 0 []
2026-02-04 10:32:28: 2026-02-04 10:32:28 [32minfo[39m: GET /api/users 200 - - 125.429 ms
2026-02-04 10:32:28: 2026-02-04 10:32:28 [32minfo[39m: OPTIONS /api/reports 200 0 - 0.058 ms
2026-02-04 10:32:28: 2026-02-04 10:32:28 [32minfo[39m: OPTIONS /api/queries 200 0 - 0.033 ms
2026-02-04 10:32:29: 2026-02-04 10:32:29 [32minfo[39m: GET /api/queries 304 - - 70.698 ms
2026-02-04 10:32:29: 2026-02-04 10:32:29 [32minfo[39m: GET /api/queries 200 - - 75.576 ms
2026-02-04 10:32:29: 2026-02-04 10:32:29 [32minfo[39m: GET /api/reports 200 - - 111.387 ms
2026-02-04 10:32:29: 2026-02-04 10:32:29 [32minfo[39m: GET /api/reports 200 - - 145.668 ms
2026-02-04 10:32:51: 2026-02-04 10:32:51 [32minfo[39m: OPTIONS /api/attendance/2026/2 200 0 - 0.520 ms
2026-02-04 10:32:51: 2026-02-04 10:32:51 [32minfo[39m: GET /api/attendance/2026/2 304 - - 86.314 ms
2026-02-04 10:33:11: ⏰ Session timeout check triggered at 4/2/2026, 10:33:11 am
2026-02-04 10:33:20: 🔗 Recorded user connection: 682d790e78aafec97417cd5f with socket vPvWrS6uj-uXJf61AAAJ
2026-02-04 10:33:21: 2026-02-04 10:33:21 [32minfo[39m: OPTIONS /api/attendance/2026/2 200 0 - 0.183 ms
2026-02-04 10:33:21: 2026-02-04 10:33:21 [32minfo[39m: GET /api/attendance/2026/2 200 - - 79.252 ms
2026-02-04 10:33:24: 2026-02-04 10:33:24 [32minfo[39m: OPTIONS /api/auth/logout 200 0 - 0.062 ms
2026-02-04 10:33:24: 2026-02-04 10:33:24 [32minfo[39m: POST /api/auth/logout 200 31 - 0.607 ms
2026-02-04 10:33:24: 2026-02-04 10:33:24 [32minfo[39m: OPTIONS /api/users/logout 200 0 - 0.059 ms
2026-02-04 10:33:24: Received logout for userId: 682d790e78aafec97417cd5f body: { userId: [32m'682d790e78aafec97417cd5f'[39m }
2026-02-04 10:33:24: 2026-02-04 10:33:24 [32minfo[39m: POST /api/users/logout 200 33 - 122.798 ms
2026-02-04 10:33:24: 🔌 Socket vPvWrS6uj-uXJf61AAAJ disconnected. Reason: client namespace disconnect
2026-02-04 10:33:24: 🚫 Recorded user disconnection: 682d790e78aafec97417cd5f
2026-02-04 10:33:24: 👤 User undefined (682d790e78aafec97417cd5f) disconnected
2026-02-04 10:33:37: 2026-02-04 10:33:37 [32minfo[39m: OPTIONS /api/auth/login 200 0 - 0.147 ms
2026-02-04 10:33:37: Login attempt for user: Dinesh@bny
2026-02-04 10:33:37: Login successful: Dinesh@bny
2026-02-04 10:33:37: 2026-02-04 10:33:37 [32minfo[39m: POST /api/auth/login 200 668 - 224.454 ms
2026-02-04 10:33:37: 2026-02-04 10:33:37 [32minfo[39m: OPTIONS /api/messages/unread-count 200 0 - 0.158 ms
2026-02-04 10:33:37: 🔌 New socket connection: Ro95-AnuHQpJKDCQAAAL
2026-02-04 10:33:37: 🔗 Socket Ro95-AnuHQpJKDCQAAAL joined room user_68fcc5bfb85c2281711925bb (auto-join on connection)
2026-02-04 10:33:37: 🔗 Recorded user connection: 68fcc5bfb85c2281711925bb with socket Ro95-AnuHQpJKDCQAAAL
2026-02-04 10:33:37: 🔍 [DEBUG] Unread count endpoint hit
2026-02-04 10:33:37: 🔍 [DEBUG] req.user exists: [33mtrue[39m
2026-02-04 10:33:37: 🔍 [DEBUG] req.user.id: 68fcc5bfb85c2281711925bb
2026-02-04 10:33:37: 🔍 [DEBUG] req.user._id: new ObjectId([32m'68fcc5bfb85c2281711925bb'[39m)
2026-02-04 10:33:37: 🔍 [DEBUG] Extracted user ID: 68fcc5bfb85c2281711925bb
2026-02-04 10:33:37: 📬 Fetching unread count for user: 68fcc5bfb85c2281711925bb
2026-02-04 10:33:37: 🔍 [DEBUG] About to query database...
2026-02-04 10:33:37: 2026-02-04 10:33:37 [32minfo[39m: OPTIONS /api/attendance/2026/2 200 0 - 0.059 ms
2026-02-04 10:33:37: 2026-02-04 10:33:37 [32minfo[39m: OPTIONS /api/users 200 0 - 0.042 ms
2026-02-04 10:33:37: 2026-02-04 10:33:37 [32minfo[39m: OPTIONS /api/attendance/range?start=2026-01-31T18:30:00.000Z&end=2026-02-28T18:29:59.999Z 200 0 - 0.054 ms
2026-02-04 10:33:37: 2026-02-04 10:33:37 [32minfo[39m: OPTIONS /api/users 200 0 - 0.067 ms
2026-02-04 10:33:37: 2026-02-04 10:33:37 [32minfo[39m: OPTIONS /api/attendance/2026/2 200 0 - 0.049 ms
2026-02-04 10:33:37: 2026-02-04 10:33:37 [32minfo[39m: OPTIONS /api/attendance/range?start=2026-01-31T18:30:00.000Z&end=2026-02-28T18:29:59.999Z 200 0 - 0.052 ms
2026-02-04 10:33:37: 📬 Unread count result: [33m4[39m
2026-02-04 10:33:37: 2026-02-04 10:33:37 [32minfo[39m: GET /api/messages/unread-count 200 17 - 54.796 ms
2026-02-04 10:33:37: 🚪 Socket Ro95-AnuHQpJKDCQAAAL joined user room user_68fcc5bfb85c2281711925bb
2026-02-04 10:33:37: 🚪 Socket Ro95-AnuHQpJKDCQAAAL joined user room user_68fcc5bfb85c2281711925bb
2026-02-04 10:33:37: 2026-02-04 10:33:37 [32minfo[39m: GET /api/attendance/2026/2 200 - - 72.877 ms
2026-02-04 10:33:37: 2026-02-04 10:33:37 [32minfo[39m: GET /api/attendance/range?start=2026-01-31T18:30:00.000Z&end=2026-02-28T18:29:59.999Z 200 - - 73.485 ms
2026-02-04 10:33:37: 2026-02-04 10:33:37 [32minfo[39m: GET /api/attendance/2026/2 200 - - 72.861 ms
2026-02-04 10:33:37: 2026-02-04 10:33:37 [32minfo[39m: GET /api/attendance/range?start=2026-01-31T18:30:00.000Z&end=2026-02-28T18:29:59.999Z 200 - - 75.582 ms
2026-02-04 10:33:37: [DEBUG] Date range: Wed Feb 04 2026 00:00:00 GMT+0530 (India Standard Time) to Wed Feb 04 2026 23:59:59 GMT+0530 (India Standard Time)
2026-02-04 10:33:37: [DEBUG] Appointment stats found: 0 []
2026-02-04 10:33:37: 2026-02-04 10:33:37 [32minfo[39m: GET /api/users 200 - - 125.528 ms
2026-02-04 10:33:37: [DEBUG] Date range: Wed Feb 04 2026 00:00:00 GMT+0530 (India Standard Time) to Wed Feb 04 2026 23:59:59 GMT+0530 (India Standard Time)
2026-02-04 10:33:37: [DEBUG] Appointment stats found: 0 []
2026-02-04 10:33:37: 2026-02-04 10:33:37 [32minfo[39m: GET /api/users 200 - - 154.075 ms
2026-02-04 10:34:07: 2026-02-04 10:34:07 [32minfo[39m: OPTIONS /api/attendance/2026/2 200 0 - 0.191 ms
2026-02-04 10:34:07: 2026-02-04 10:34:07 [32minfo[39m: GET /api/attendance/2026/2 304 - - 78.437 ms
2026-02-04 10:34:37: 🔗 Recorded user connection: 68fcc5bfb85c2281711925bb with socket Ro95-AnuHQpJKDCQAAAL
2026-02-04 10:34:37: 2026-02-04 10:34:37 [32minfo[39m: OPTIONS /api/attendance/2026/2 200 0 - 0.051 ms
2026-02-04 10:34:37: 2026-02-04 10:34:37 [32minfo[39m: GET /api/attendance/2026/2 304 - - 72.972 ms
2026-02-04 10:34:54: 🔌 Socket Ro95-AnuHQpJKDCQAAAL disconnected. Reason: transport close
2026-02-04 10:34:54: 🚫 Recorded user disconnection: 68fcc5bfb85c2281711925bb
2026-02-04 10:34:54: 👤 User undefined (68fcc5bfb85c2281711925bb) disconnected
2026-02-04 10:34:54: 2026-02-04 10:34:54 [32minfo[39m: OPTIONS /api/messages/unread-count 200 0 - 0.091 ms
2026-02-04 10:34:54: 2026-02-04 10:34:54 [32minfo[39m: OPTIONS /api/messages/unread-count 200 0 - 0.074 ms
2026-02-04 10:34:54: 🔌 New socket connection: 95kAvQaGGXctNO09AAAN
2026-02-04 10:34:54: 🔗 Socket 95kAvQaGGXctNO09AAAN joined room user_68fcc5bfb85c2281711925bb (auto-join on connection)
2026-02-04 10:34:54: 🔗 Recorded user connection: 68fcc5bfb85c2281711925bb with socket 95kAvQaGGXctNO09AAAN
2026-02-04 10:34:54: 🚪 Socket 95kAvQaGGXctNO09AAAN joined user room user_68fcc5bfb85c2281711925bb
2026-02-04 10:34:54: 🚪 Socket 95kAvQaGGXctNO09AAAN joined user room user_68fcc5bfb85c2281711925bb
2026-02-04 10:34:54: 🚪 Socket 95kAvQaGGXctNO09AAAN joined user room user_68fcc5bfb85c2281711925bb
2026-02-04 10:34:54: 🚪 Socket 95kAvQaGGXctNO09AAAN joined user room user_68fcc5bfb85c2281711925bb
2026-02-04 10:34:54: 🚪 Socket 95kAvQaGGXctNO09AAAN joined user room user_68fcc5bfb85c2281711925bb
2026-02-04 10:34:54: 🔍 [DEBUG] Unread count endpoint hit
2026-02-04 10:34:54: 🔍 [DEBUG] req.user exists: [33mtrue[39m
2026-02-04 10:34:54: 🔍 [DEBUG] req.user.id: 68fcc5bfb85c2281711925bb
2026-02-04 10:34:54: 🔍 [DEBUG] req.user._id: new ObjectId([32m'68fcc5bfb85c2281711925bb'[39m)
2026-02-04 10:34:54: 🔍 [DEBUG] Extracted user ID: 68fcc5bfb85c2281711925bb
2026-02-04 10:34:54: 📬 Fetching unread count for user: 68fcc5bfb85c2281711925bb
2026-02-04 10:34:54: 🔍 [DEBUG] About to query database...
2026-02-04 10:34:54: 🔍 [DEBUG] Unread count endpoint hit
2026-02-04 10:34:54: 🔍 [DEBUG] req.user exists: [33mtrue[39m
2026-02-04 10:34:54: 🔍 [DEBUG] req.user.id: 68fcc5bfb85c2281711925bb
2026-02-04 10:34:54: 🔍 [DEBUG] req.user._id: new ObjectId([32m'68fcc5bfb85c2281711925bb'[39m)
2026-02-04 10:34:54: 🔍 [DEBUG] Extracted user ID: 68fcc5bfb85c2281711925bb
2026-02-04 10:34:54: 📬 Fetching unread count for user: 68fcc5bfb85c2281711925bb
2026-02-04 10:34:54: 🔍 [DEBUG] About to query database...
2026-02-04 10:34:54: 📬 Unread count result: [33m4[39m
2026-02-04 10:34:54: 2026-02-04 10:34:54 [32minfo[39m: GET /api/messages/unread-count 304 - - 52.771 ms
2026-02-04 10:34:54: 📬 Unread count result: [33m4[39m
2026-02-04 10:34:54: 2026-02-04 10:34:54 [32minfo[39m: GET /api/messages/unread-count 200 17 - 58.459 ms
2026-02-04 10:34:54: 2026-02-04 10:34:54 [32minfo[39m: OPTIONS /api/attendance/2026/2 200 0 - 0.083 ms
2026-02-04 10:34:54: 2026-02-04 10:34:54 [32minfo[39m: OPTIONS /api/attendance/2026/2 200 0 - 0.048 ms
2026-02-04 10:34:54: 2026-02-04 10:34:54 [32minfo[39m: OPTIONS /api/users 200 0 - 0.040 ms
2026-02-04 10:34:55: 2026-02-04 10:34:55 [32minfo[39m: OPTIONS /api/users 200 0 - 0.077 ms
2026-02-04 10:34:55: 2026-02-04 10:34:55 [32minfo[39m: OPTIONS /api/attendance/range?start=2026-01-31T18:30:00.000Z&end=2026-02-28T18:29:59.999Z 200 0 - 0.061 ms
2026-02-04 10:34:55: 2026-02-04 10:34:55 [32minfo[39m: OPTIONS /api/attendance/range?start=2026-01-31T18:30:00.000Z&end=2026-02-28T18:29:59.999Z 200 0 - 0.082 ms
2026-02-04 10:34:55: 2026-02-04 10:34:55 [32minfo[39m: GET /api/attendance/2026/2 304 - - 73.740 ms
2026-02-04 10:34:55: 2026-02-04 10:34:55 [32minfo[39m: GET /api/attendance/2026/2 200 - - 77.315 ms
2026-02-04 10:34:55: 2026-02-04 10:34:55 [32minfo[39m: GET /api/attendance/range?start=2026-01-31T18:30:00.000Z&end=2026-02-28T18:29:59.999Z 304 - - 76.604 ms
2026-02-04 10:34:55: 2026-02-04 10:34:55 [32minfo[39m: GET /api/attendance/range?start=2026-01-31T18:30:00.000Z&end=2026-02-28T18:29:59.999Z 200 - - 76.633 ms
2026-02-04 10:34:55: [DEBUG] Date range: Wed Feb 04 2026 00:00:00 GMT+0530 (India Standard Time) to Wed Feb 04 2026 23:59:59 GMT+0530 (India Standard Time)
2026-02-04 10:34:55: [DEBUG] Appointment stats found: 0 []
2026-02-04 10:34:55: [DEBUG] Date range: Wed Feb 04 2026 00:00:00 GMT+0530 (India Standard Time) to Wed Feb 04 2026 23:59:59 GMT+0530 (India Standard Time)
2026-02-04 10:34:55: [DEBUG] Appointment stats found: 0 []
2026-02-04 10:34:55: 2026-02-04 10:34:55 [32minfo[39m: GET /api/users 200 - - 128.718 ms
2026-02-04 10:34:55: 2026-02-04 10:34:55 [32minfo[39m: GET /api/users 200 - - 136.944 ms
2026-02-04 10:34:56: 2026-02-04 10:34:56 [32minfo[39m: OPTIONS /api/users/me 200 0 - 0.073 ms
2026-02-04 10:34:56: 2026-02-04 10:34:56 [32minfo[39m: OPTIONS /api/users/me 200 0 - 0.044 ms
2026-02-04 10:34:56: 2026-02-04 10:34:56 [32minfo[39m: OPTIONS /api/tasks 200 0 - 0.055 ms
2026-02-04 10:34:56: 2026-02-04 10:34:56 [32minfo[39m: OPTIONS /api/tasks 200 0 - 0.048 ms
2026-02-04 10:34:56: 2026-02-04 10:34:56 [32minfo[39m: GET /api/tasks 200 2 - 46.325 ms
2026-02-04 10:34:56: 2026-02-04 10:34:56 [32minfo[39m: GET /api/users/me 200 - - 48.360 ms
2026-02-04 10:34:56: 2026-02-04 10:34:56 [32minfo[39m: GET /api/tasks 200 2 - 48.597 ms
2026-02-04 10:34:56: 2026-02-04 10:34:56 [32minfo[39m: GET /api/users/me 200 - - 49.891 ms
2026-02-04 10:34:56: [DEBUG] Date range: Wed Feb 04 2026 00:00:00 GMT+0530 (India Standard Time) to Wed Feb 04 2026 23:59:59 GMT+0530 (India Standard Time)
2026-02-04 10:34:56: [DEBUG] Appointment stats found: 0 []
2026-02-04 10:34:56: 2026-02-04 10:34:56 [32minfo[39m: GET /api/users 304 - - 124.270 ms
2026-02-04 10:34:56: [DEBUG] Date range: Wed Feb 04 2026 00:00:00 GMT+0530 (India Standard Time) to Wed Feb 04 2026 23:59:59 GMT+0530 (India Standard Time)
2026-02-04 10:34:56: [DEBUG] Appointment stats found: 0 []
2026-02-04 10:34:56: 2026-02-04 10:34:56 [32minfo[39m: GET /api/users 200 - - 128.664 ms
2026-02-04 10:34:56: 2026-02-04 10:34:56 [32minfo[39m: OPTIONS /api/queries 200 0 - 0.115 ms
2026-02-04 10:34:56: 2026-02-04 10:34:56 [32minfo[39m: OPTIONS /api/reports 200 0 - 0.077 ms
2026-02-04 10:34:56: 2026-02-04 10:34:56 [32minfo[39m: GET /api/reports 200 - - 53.830 ms
2026-02-04 10:34:56: 2026-02-04 10:34:56 [32minfo[39m: GET /api/reports 200 - - 52.273 ms
2026-02-04 10:34:56: 2026-02-04 10:34:56 [32minfo[39m: GET /api/queries 304 - - 73.508 ms
2026-02-04 10:34:56: 2026-02-04 10:34:56 [32minfo[39m: GET /api/queries 200 - - 70.020 ms
2026-02-04 10:35:24: 2026-02-04 10:35:24 [32minfo[39m: OPTIONS /api/attendance/2026/2 200 0 - 0.272 ms
2026-02-04 10:35:25: 2026-02-04 10:35:25 [32minfo[39m: GET /api/attendance/2026/2 304 - - 95.276 ms
2026-02-04 10:35:54: 🔗 Recorded user connection: 68fcc5bfb85c2281711925bb with socket 95kAvQaGGXctNO09AAAN
2026-02-04 10:35:54: 2026-02-04 10:35:54 [32minfo[39m: OPTIONS /api/attendance/2026/2 200 0 - 0.077 ms
2026-02-04 10:35:55: 2026-02-04 10:35:55 [32minfo[39m: GET /api/attendance/2026/2 304 - - 76.961 ms
2026-02-04 10:36:25: 2026-02-04 10:36:25 [32minfo[39m: OPTIONS /api/attendance/2026/2 200 0 - 0.165 ms
2026-02-04 10:36:25: 2026-02-04 10:36:25 [32minfo[39m: GET /api/attendance/2026/2 200 - - 84.355 ms
2026-02-04 10:36:54: 🔗 Recorded user connection: 68fcc5bfb85c2281711925bb with socket 95kAvQaGGXctNO09AAAN
2026-02-04 10:36:55: 2026-02-04 10:36:55 [32minfo[39m: OPTIONS /api/attendance/2026/2 200 0 - 0.178 ms
2026-02-04 10:36:55: 2026-02-04 10:36:55 [32minfo[39m: GET /api/attendance/2026/2 304 - - 81.660 ms
2026-02-04 10:37:25: 2026-02-04 10:37:25 [32minfo[39m: OPTIONS /api/attendance/2026/2 200 0 - 0.165 ms
2026-02-04 10:37:25: 2026-02-04 10:37:25 [32minfo[39m: GET /api/attendance/2026/2 304 - - 80.709 ms
2026-02-04 10:37:54: 🔗 Recorded user connection: 68fcc5bfb85c2281711925bb with socket 95kAvQaGGXctNO09AAAN
2026-02-04 10:37:55: 2026-02-04 10:37:55 [32minfo[39m: OPTIONS /api/attendance/2026/2 200 0 - 0.171 ms
2026-02-04 10:37:55: 2026-02-04 10:37:55 [32minfo[39m: GET /api/attendance/2026/2 304 - - 83.950 ms
2026-02-04 10:38:11: ⏰ Session timeout check triggered at 4/2/2026, 10:38:11 am
2026-02-04 10:38:25: 2026-02-04 10:38:25 [32minfo[39m: OPTIONS /api/attendance/2026/2 200 0 - 0.188 ms
2026-02-04 10:38:25: 2026-02-04 10:38:25 [32minfo[39m: GET /api/attendance/2026/2 304 - - 90.950 ms
2026-02-04 10:38:54: 🔗 Recorded user connection: 68fcc5bfb85c2281711925bb with socket 95kAvQaGGXctNO09AAAN
2026-02-04 10:38:55: 2026-02-04 10:38:55 [32minfo[39m: OPTIONS /api/attendance/2026/2 200 0 - 0.053 ms
2026-02-04 10:38:55: 2026-02-04 10:38:55 [32minfo[39m: GET /api/attendance/2026/2 304 - - 70.788 ms
2026-02-04 10:39:25: 2026-02-04 10:39:25 [32minfo[39m: OPTIONS /api/attendance/2026/2 200 0 - 0.055 ms
2026-02-04 10:39:25: 2026-02-04 10:39:25 [32minfo[39m: GET /api/attendance/2026/2 304 - - 71.847 ms
2026-02-04 10:39:54: 🔗 Recorded user connection: 68fcc5bfb85c2281711925bb with socket 95kAvQaGGXctNO09AAAN
2026-02-04 10:39:55: 2026-02-04 10:39:55 [32minfo[39m: OPTIONS /api/attendance/2026/2 200 0 - 0.055 ms
2026-02-04 10:39:55: 2026-02-04 10:39:55 [32minfo[39m: GET /api/attendance/2026/2 304 - - 78.244 ms
2026-02-04 10:40:25: 2026-02-04 10:40:25 [32minfo[39m: OPTIONS /api/attendance/2026/2 200 0 - 0.069 ms
2026-02-04 10:40:25: 2026-02-04 10:40:25 [32minfo[39m: GET /api/attendance/2026/2 304 - - 83.972 ms
2026-02-04 10:40:55: 🔗 Recorded user connection: 68fcc5bfb85c2281711925bb with socket 95kAvQaGGXctNO09AAAN
2026-02-04 10:40:55: 2026-02-04 10:40:55 [32minfo[39m: OPTIONS /api/attendance/2026/2 200 0 - 0.057 ms
2026-02-04 10:40:55: 2026-02-04 10:40:55 [32minfo[39m: GET /api/attendance/2026/2 304 - - 74.306 ms
2026-02-04 10:41:25: 2026-02-04 10:41:25 [32minfo[39m: OPTIONS /api/attendance/2026/2 200 0 - 0.166 ms
2026-02-04 10:41:25: 2026-02-04 10:41:25 [32minfo[39m: GET /api/attendance/2026/2 304 - - 79.822 ms
2026-02-04 10:41:29: 2026-02-04 10:41:29 [32minfo[39m: OPTIONS /api/attendance/range?start=2026-01-31T18:30:00.000Z&end=2026-02-28T18:29:59.999Z 200 0 - 0.050 ms
2026-02-04 10:41:29: 2026-02-04 10:41:29 [32minfo[39m: OPTIONS /api/attendance/range?start=2026-01-31T18:30:00.000Z&end=2026-02-28T18:29:59.999Z 200 0 - 0.119 ms
2026-02-04 10:41:30: 2026-02-04 10:41:30 [32minfo[39m: GET /api/attendance/2026/2 304 - - 81.127 ms
2026-02-04 10:41:30: 2026-02-04 10:41:30 [32minfo[39m: GET /api/attendance/2026/2 200 - - 81.848 ms
2026-02-04 10:41:30: 2026-02-04 10:41:30 [32minfo[39m: GET /api/attendance/range?start=2026-01-31T18:30:00.000Z&end=2026-02-28T18:29:59.999Z 200 - - 75.736 ms
2026-02-04 10:41:30: 2026-02-04 10:41:30 [32minfo[39m: GET /api/attendance/range?start=2026-01-31T18:30:00.000Z&end=2026-02-28T18:29:59.999Z 200 - - 88.119 ms
2026-02-04 10:41:55: 🔗 Recorded user connection: 68fcc5bfb85c2281711925bb with socket 95kAvQaGGXctNO09AAAN
2026-02-04 10:42:00: 2026-02-04 10:42:00 [32minfo[39m: OPTIONS /api/attendance/2026/2 200 0 - 0.141 ms
2026-02-04 10:42:00: 2026-02-04 10:42:00 [32minfo[39m: GET /api/attendance/2026/2 304 - - 76.397 ms
2026-02-04 10:42:30: 2026-02-04 10:42:29 [32minfo[39m: OPTIONS /api/attendance/2026/2 200 0 - 0.056 ms
2026-02-04 10:42:30: 2026-02-04 10:42:30 [32minfo[39m: GET /api/attendance/2026/2 304 - - 73.827 ms
2026-02-04 10:42:55: 🔗 Recorded user connection: 68fcc5bfb85c2281711925bb with socket 95kAvQaGGXctNO09AAAN
2026-02-04 10:42:57: 🔌 Socket 95kAvQaGGXctNO09AAAN disconnected. Reason: transport close
2026-02-04 10:42:57: 🚫 Recorded user disconnection: 68fcc5bfb85c2281711925bb
2026-02-04 10:42:57: 👤 User undefined (68fcc5bfb85c2281711925bb) disconnected
2026-02-04 10:42:58: 2026-02-04 10:42:58 [32minfo[39m: OPTIONS /api/messages/unread-count 200 0 - 0.097 ms
2026-02-04 10:42:58: 2026-02-04 10:42:58 [32minfo[39m: OPTIONS /api/messages/unread-count 200 0 - 0.060 ms
2026-02-04 10:42:58: 🔌 New socket connection: m5K5atdio-Fcm0lRAAAP
2026-02-04 10:42:58: 🔗 Socket m5K5atdio-Fcm0lRAAAP joined room user_68fcc5bfb85c2281711925bb (auto-join on connection)
2026-02-04 10:42:58: 🔗 Recorded user connection: 68fcc5bfb85c2281711925bb with socket m5K5atdio-Fcm0lRAAAP
2026-02-04 10:42:58: 🚪 Socket m5K5atdio-Fcm0lRAAAP joined user room user_68fcc5bfb85c2281711925bb
2026-02-04 10:42:58: 🚪 Socket m5K5atdio-Fcm0lRAAAP joined user room user_68fcc5bfb85c2281711925bb
2026-02-04 10:42:58: 🚪 Socket m5K5atdio-Fcm0lRAAAP joined user room user_68fcc5bfb85c2281711925bb
2026-02-04 10:42:58: 🚪 Socket m5K5atdio-Fcm0lRAAAP joined user room user_68fcc5bfb85c2281711925bb
2026-02-04 10:42:58: 🔍 [DEBUG] Unread count endpoint hit
2026-02-04 10:42:58: 🔍 [DEBUG] req.user exists: [33mtrue[39m
2026-02-04 10:42:58: 🔍 [DEBUG] req.user.id: 68fcc5bfb85c2281711925bb
2026-02-04 10:42:58: 🔍 [DEBUG] req.user._id: new ObjectId([32m'68fcc5bfb85c2281711925bb'[39m)
2026-02-04 10:42:58: 🔍 [DEBUG] Extracted user ID: 68fcc5bfb85c2281711925bb
2026-02-04 10:42:58: 📬 Fetching unread count for user: 68fcc5bfb85c2281711925bb
2026-02-04 10:42:58: 🔍 [DEBUG] About to query database...
2026-02-04 10:42:58: 🔍 [DEBUG] Unread count endpoint hit
2026-02-04 10:42:58: 🔍 [DEBUG] req.user exists: [33mtrue[39m
2026-02-04 10:42:58: 🔍 [DEBUG] req.user.id: 68fcc5bfb85c2281711925bb
2026-02-04 10:42:58: 🔍 [DEBUG] req.user._id: new ObjectId([32m'68fcc5bfb85c2281711925bb'[39m)
2026-02-04 10:42:58: 🔍 [DEBUG] Extracted user ID: 68fcc5bfb85c2281711925bb
2026-02-04 10:42:58: 📬 Fetching unread count for user: 68fcc5bfb85c2281711925bb
2026-02-04 10:42:58: 🔍 [DEBUG] About to query database...
2026-02-04 10:42:58: 🚪 Socket m5K5atdio-Fcm0lRAAAP joined user room user_68fcc5bfb85c2281711925bb
2026-02-04 10:42:58: 📬 Unread count result: [33m4[39m
2026-02-04 10:42:58: 2026-02-04 10:42:58 [32minfo[39m: GET /api/messages/unread-count 200 17 - 52.047 ms
2026-02-04 10:42:58: 📬 Unread count result: [33m4[39m
2026-02-04 10:42:58: 2026-02-04 10:42:58 [32minfo[39m: GET /api/messages/unread-count 304 - - 55.441 ms
2026-02-04 10:42:58: 2026-02-04 10:42:58 [32minfo[39m: OPTIONS /api/attendance/2026/2 200 0 - 0.059 ms
2026-02-04 10:42:58: 2026-02-04 10:42:58 [32minfo[39m: OPTIONS /api/users 200 0 - 0.065 ms
2026-02-04 10:42:58: 2026-02-04 10:42:58 [32minfo[39m: OPTIONS /api/attendance/range?start=2026-01-31T18:30:00.000Z&end=2026-02-28T18:29:59.999Z 200 0 - 0.094 ms
2026-02-04 10:42:58: 2026-02-04 10:42:58 [32minfo[39m: OPTIONS /api/attendance/range?start=2026-01-31T18:30:00.000Z&end=2026-02-28T18:29:59.999Z 200 0 - 0.069 ms
2026-02-04 10:42:58: 2026-02-04 10:42:58 [32minfo[39m: OPTIONS /api/attendance/2026/2 200 0 - 0.045 ms
2026-02-04 10:42:58: 2026-02-04 10:42:58 [32minfo[39m: OPTIONS /api/users 200 0 - 0.068 ms
2026-02-04 10:42:58: 2026-02-04 10:42:58 [32minfo[39m: GET /api/attendance/2026/2 304 - - 74.125 ms
2026-02-04 10:42:58: 2026-02-04 10:42:58 [32minfo[39m: GET /api/attendance/range?start=2026-01-31T18:30:00.000Z&end=2026-02-28T18:29:59.999Z 304 - - 80.610 ms
2026-02-04 10:42:58: 2026-02-04 10:42:58 [32minfo[39m: GET /api/attendance/range?start=2026-01-31T18:30:00.000Z&end=2026-02-28T18:29:59.999Z 200 - - 86.510 ms
2026-02-04 10:42:58: 2026-02-04 10:42:58 [32minfo[39m: GET /api/attendance/2026/2 200 - - 100.811 ms
2026-02-04 10:42:58: [DEBUG] Date range: Wed Feb 04 2026 00:00:00 GMT+0530 (India Standard Time) to Wed Feb 04 2026 23:59:59 GMT+0530 (India Standard Time)
2026-02-04 10:42:58: [DEBUG] Appointment stats found: 0 []
2026-02-04 10:42:58: 2026-02-04 10:42:58 [32minfo[39m: GET /api/users 200 - - 128.738 ms
2026-02-04 10:42:58: [DEBUG] Date range: Wed Feb 04 2026 00:00:00 GMT+0530 (India Standard Time) to Wed Feb 04 2026 23:59:59 GMT+0530 (India Standard Time)
2026-02-04 10:42:58: [DEBUG] Appointment stats found: 0 []
2026-02-04 10:42:58: 2026-02-04 10:42:58 [32minfo[39m: GET /api/users 200 - - 140.455 ms
2026-02-04 10:43:01: 2026-02-04 10:43:01 [32minfo[39m: OPTIONS /api/users/me 200 0 - 0.133 ms
2026-02-04 10:43:01: 2026-02-04 10:43:01 [32minfo[39m: OPTIONS /api/tasks 200 0 - 0.053 ms
2026-02-04 10:43:01: 2026-02-04 10:43:01 [32minfo[39m: OPTIONS /api/users/me 200 0 - 0.053 ms
2026-02-04 10:43:01: 2026-02-04 10:43:01 [32minfo[39m: OPTIONS /api/tasks 200 0 - 0.044 ms
2026-02-04 10:43:01: 2026-02-04 10:43:01 [32minfo[39m: GET /api/tasks 304 - - 47.435 ms
2026-02-04 10:43:01: 2026-02-04 10:43:01 [32minfo[39m: GET /api/tasks 200 2 - 48.409 ms
2026-02-04 10:43:01: 2026-02-04 10:43:01 [32minfo[39m: GET /api/users/me 200 - - 52.772 ms
2026-02-04 10:43:01: 2026-02-04 10:43:01 [32minfo[39m: GET /api/users/me 200 - - 49.573 ms
2026-02-04 10:43:01: [DEBUG] Date range: Wed Feb 04 2026 00:00:00 GMT+0530 (India Standard Time) to Wed Feb 04 2026 23:59:59 GMT+0530 (India Standard Time)
2026-02-04 10:43:01: [DEBUG] Appointment stats found: 0 []
2026-02-04 10:43:01: 2026-02-04 10:43:01 [32minfo[39m: GET /api/users 304 - - 126.476 ms
2026-02-04 10:43:01: [DEBUG] Date range: Wed Feb 04 2026 00:00:00 GMT+0530 (India Standard Time) to Wed Feb 04 2026 23:59:59 GMT+0530 (India Standard Time)
2026-02-04 10:43:01: [DEBUG] Appointment stats found: 0 []
2026-02-04 10:43:01: 2026-02-04 10:43:01 [32minfo[39m: GET /api/users 200 - - 134.429 ms
2026-02-04 10:43:01: 2026-02-04 10:43:01 [32minfo[39m: OPTIONS /api/queries 200 0 - 0.106 ms
2026-02-04 10:43:01: 2026-02-04 10:43:01 [32minfo[39m: OPTIONS /api/reports 200 0 - 0.048 ms
2026-02-04 10:43:01: 2026-02-04 10:43:01 [32minfo[39m: GET /api/reports 304 - - 53.005 ms
2026-02-04 10:43:01: 2026-02-04 10:43:01 [32minfo[39m: GET /api/reports 200 - - 51.383 ms
2026-02-04 10:43:01: 2026-02-04 10:43:01 [32minfo[39m: GET /api/queries 304 - - 72.386 ms
2026-02-04 10:43:01: 2026-02-04 10:43:01 [32minfo[39m: GET /api/queries 200 - - 89.985 ms
2026-02-04 10:43:11: ⏰ Session timeout check triggered at 4/2/2026, 10:43:11 am
2026-02-04 10:43:28: 2026-02-04 10:43:28 [32minfo[39m: OPTIONS /api/attendance/2026/2 200 0 - 0.279 ms
2026-02-04 10:43:28: 2026-02-04 10:43:28 [32minfo[39m: GET /api/attendance/2026/2 304 - - 82.950 ms
2026-02-04 10:43:44: 2026-02-04 10:43:44 [32minfo[39m: OPTIONS /api/users/register 200 0 - 0.083 ms
2026-02-04 10:43:44: 2026-02-04 10:43:44 [32minfo[39m: POST /api/users/register 403 53 - 27.290 ms
2026-02-04 10:43:58: 🔗 Recorded user connection: 68fcc5bfb85c2281711925bb with socket m5K5atdio-Fcm0lRAAAP
2026-02-04 10:43:58: 2026-02-04 10:43:58 [32minfo[39m: OPTIONS /api/attendance/2026/2 200 0 - 0.092 ms
2026-02-04 10:43:58: 2026-02-04 10:43:58 [32minfo[39m: GET /api/attendance/2026/2 304 - - 76.594 ms
2026-02-04 10:44:28: 2026-02-04 10:44:28 [32minfo[39m: OPTIONS /api/attendance/2026/2 200 0 - 0.094 ms
2026-02-04 10:44:28: 2026-02-04 10:44:28 [32minfo[39m: GET /api/attendance/2026/2 304 - - 74.978 ms
2026-02-04 10:44:58: 🔗 Recorded user connection: 68fcc5bfb85c2281711925bb with socket m5K5atdio-Fcm0lRAAAP
2026-02-04 10:44:58: 2026-02-04 10:44:58 [32minfo[39m: OPTIONS /api/attendance/2026/2 200 0 - 0.082 ms
2026-02-04 10:44:58: 2026-02-04 10:44:58 [32minfo[39m: GET /api/attendance/2026/2 304 - - 74.030 ms
2026-02-04 10:45:28: 2026-02-04 10:45:28 [32minfo[39m: OPTIONS /api/attendance/2026/2 200 0 - 0.063 ms
2026-02-04 10:45:28: 2026-02-04 10:45:28 [32minfo[39m: GET /api/attendance/2026/2 304 - - 72.531 ms
2026-02-04 10:45:58: 🔗 Recorded user connection: 68fcc5bfb85c2281711925bb with socket m5K5atdio-Fcm0lRAAAP
2026-02-04 10:45:58: 2026-02-04 10:45:58 [32minfo[39m: OPTIONS /api/attendance/2026/2 200 0 - 0.092 ms
2026-02-04 10:45:58: 2026-02-04 10:45:58 [32minfo[39m: GET /api/attendance/2026/2 304 - - 75.312 ms
2026-02-04 10:45:59: 2026-02-04 10:45:59 [32minfo[39m: OPTIONS /api/attendance/range?start=2026-01-31T18:30:00.000Z&end=2026-02-28T18:29:59.999Z 200 0 - 0.067 ms
2026-02-04 10:45:59: 2026-02-04 10:45:59 [32minfo[39m: OPTIONS /api/attendance/range?start=2026-01-31T18:30:00.000Z&end=2026-02-28T18:29:59.999Z 200 0 - 0.045 ms
2026-02-04 10:45:59: 2026-02-04 10:45:59 [32minfo[39m: GET /api/attendance/range?start=2026-01-31T18:30:00.000Z&end=2026-02-28T18:29:59.999Z 304 - - 71.577 ms
2026-02-04 10:45:59: 2026-02-04 10:45:59 [32minfo[39m: GET /api/attendance/range?start=2026-01-31T18:30:00.000Z&end=2026-02-28T18:29:59.999Z 200 - - 72.263 ms
2026-02-04 10:46:28: 2026-02-04 10:46:28 [32minfo[39m: OPTIONS /api/attendance/2026/2 200 0 - 0.074 ms
2026-02-04 10:46:28: 2026-02-04 10:46:28 [32minfo[39m: GET /api/attendance/2026/2 304 - - 73.249 ms
2026-02-04 10:46:29: 2026-02-04 10:46:29 [32minfo[39m: OPTIONS /api/attendance/range?start=2026-01-31T18:30:00.000Z&end=2026-02-28T18:29:59.999Z 200 0 - 0.155 ms
2026-02-04 10:46:29: 2026-02-04 10:46:29 [32minfo[39m: GET /api/attendance/range?start=2026-01-31T18:30:00.000Z&end=2026-02-28T18:29:59.999Z 200 - - 83.045 ms
2026-02-04 10:46:59: 🔗 Recorded user connection: 68fcc5bfb85c2281711925bb with socket m5K5atdio-Fcm0lRAAAP
2026-02-04 10:46:59: 2026-02-04 10:46:59 [32minfo[39m: OPTIONS /api/attendance/2026/2 200 0 - 0.260 ms
2026-02-04 10:46:59: 2026-02-04 10:46:59 [32minfo[39m: GET /api/attendance/2026/2 200 - - 78.524 ms
2026-02-04 10:47:29: 2026-02-04 10:47:29 [32minfo[39m: OPTIONS /api/attendance/2026/2 200 0 - 0.171 ms
2026-02-04 10:47:29: 2026-02-04 10:47:29 [32minfo[39m: GET /api/attendance/2026/2 304 - - 88.934 ms
2026-02-04 10:47:59: 🔗 Recorded user connection: 68fcc5bfb85c2281711925bb with socket m5K5atdio-Fcm0lRAAAP
2026-02-04 10:47:59: 2026-02-04 10:47:59 [32minfo[39m: OPTIONS /api/attendance/2026/2 200 0 - 0.079 ms
2026-02-04 10:47:59: 2026-02-04 10:47:59 [32minfo[39m: GET /api/attendance/2026/2 304 - - 72.326 ms
2026-02-04 10:48:11: ⏰ Session timeout check triggered at 4/2/2026, 10:48:11 am
2026-02-04 10:48:29: 2026-02-04 10:48:29 [32minfo[39m: OPTIONS /api/attendance/2026/2 200 0 - 0.166 ms
2026-02-04 10:48:29: 2026-02-04 10:48:29 [32minfo[39m: GET /api/attendance/2026/2 304 - - 77.729 ms
2026-02-04 10:48:59: 🔗 Recorded user connection: 68fcc5bfb85c2281711925bb with socket m5K5atdio-Fcm0lRAAAP
2026-02-04 10:48:59: 2026-02-04 10:48:59 [32minfo[39m: OPTIONS /api/attendance/2026/2 200 0 - 0.148 ms
2026-02-04 10:48:59: 2026-02-04 10:48:59 [32minfo[39m: GET /api/attendance/2026/2 304 - - 103.260 ms
2026-02-04 10:49:29: 2026-02-04 10:49:29 [32minfo[39m: OPTIONS /api/attendance/2026/2 200 0 - 0.167 ms
2026-02-04 10:49:29: 2026-02-04 10:49:29 [32minfo[39m: GET /api/attendance/2026/2 304 - - 97.343 ms
2026-02-04 10:49:59: 🔗 Recorded user connection: 68fcc5bfb85c2281711925bb with socket m5K5atdio-Fcm0lRAAAP
2026-02-04 10:49:59: 2026-02-04 10:49:59 [32minfo[39m: OPTIONS /api/attendance/2026/2 200 0 - 0.165 ms
2026-02-04 10:49:59: 2026-02-04 10:49:59 [32minfo[39m: GET /api/attendance/2026/2 304 - - 102.487 ms
2026-02-04 10:50:08: 🔌 Socket m5K5atdio-Fcm0lRAAAP disconnected. Reason: transport close
2026-02-04 10:50:08: 🚫 Recorded user disconnection: 68fcc5bfb85c2281711925bb
2026-02-04 10:50:08: 👤 User undefined (68fcc5bfb85c2281711925bb) disconnected
2026-02-04 10:50:09: 2026-02-04 10:50:09 [32minfo[39m: OPTIONS /api/messages/unread-count 200 0 - 0.101 ms
2026-02-04 10:50:09: 2026-02-04 10:50:09 [32minfo[39m: OPTIONS /api/messages/unread-count 200 0 - 0.061 ms
2026-02-04 10:50:09: 🔌 New socket connection: wjU3CtpkjP097FmeAAAR
2026-02-04 10:50:09: 🔗 Socket wjU3CtpkjP097FmeAAAR joined room user_68fcc5bfb85c2281711925bb (auto-join on connection)
2026-02-04 10:50:09: 🔗 Recorded user connection: 68fcc5bfb85c2281711925bb with socket wjU3CtpkjP097FmeAAAR
2026-02-04 10:50:09: 🚪 Socket wjU3CtpkjP097FmeAAAR joined user room user_68fcc5bfb85c2281711925bb
2026-02-04 10:50:09: 🚪 Socket wjU3CtpkjP097FmeAAAR joined user room user_68fcc5bfb85c2281711925bb
2026-02-04 10:50:09: 🚪 Socket wjU3CtpkjP097FmeAAAR joined user room user_68fcc5bfb85c2281711925bb
2026-02-04 10:50:09: 🚪 Socket wjU3CtpkjP097FmeAAAR joined user room user_68fcc5bfb85c2281711925bb
2026-02-04 10:50:09: 🔍 [DEBUG] Unread count endpoint hit
2026-02-04 10:50:09: 🔍 [DEBUG] req.user exists: [33mtrue[39m
2026-02-04 10:50:09: 🔍 [DEBUG] req.user.id: 68fcc5bfb85c2281711925bb
2026-02-04 10:50:09: 🔍 [DEBUG] req.user._id: new ObjectId([32m'68fcc5bfb85c2281711925bb'[39m)
2026-02-04 10:50:09: 🔍 [DEBUG] Extracted user ID: 68fcc5bfb85c2281711925bb
2026-02-04 10:50:09: 📬 Fetching unread count for user: 68fcc5bfb85c2281711925bb
2026-02-04 10:50:09: 🔍 [DEBUG] About to query database...
2026-02-04 10:50:09: 🔍 [DEBUG] Unread count endpoint hit
2026-02-04 10:50:09: 🔍 [DEBUG] req.user exists: [33mtrue[39m
2026-02-04 10:50:09: 🔍 [DEBUG] req.user.id: 68fcc5bfb85c2281711925bb
2026-02-04 10:50:09: 🔍 [DEBUG] req.user._id: new ObjectId([32m'68fcc5bfb85c2281711925bb'[39m)
2026-02-04 10:50:09: 🔍 [DEBUG] Extracted user ID: 68fcc5bfb85c2281711925bb
2026-02-04 10:50:09: 📬 Fetching unread count for user: 68fcc5bfb85c2281711925bb
2026-02-04 10:50:09: 🔍 [DEBUG] About to query database...
2026-02-04 10:50:09: 🚪 Socket wjU3CtpkjP097FmeAAAR joined user room user_68fcc5bfb85c2281711925bb
2026-02-04 10:50:09: 📬 Unread count result: [33m4[39m
2026-02-04 10:50:09: 2026-02-04 10:50:09 [32minfo[39m: GET /api/messages/unread-count 304 - - 59.964 ms
2026-02-04 10:50:09: 📬 Unread count result: [33m4[39m
2026-02-04 10:50:09: 2026-02-04 10:50:09 [32minfo[39m: GET /api/messages/unread-count 200 17 - 67.493 ms
2026-02-04 10:50:09: 2026-02-04 10:50:09 [32minfo[39m: OPTIONS /api/attendance/2026/2 200 0 - 0.095 ms
2026-02-04 10:50:09: 2026-02-04 10:50:09 [32minfo[39m: OPTIONS /api/attendance/range?start=2026-01-31T18:30:00.000Z&end=2026-02-28T18:29:59.999Z 200 0 - 0.055 ms
2026-02-04 10:50:09: 2026-02-04 10:50:09 [32minfo[39m: OPTIONS /api/attendance/2026/2 200 0 - 0.054 ms
2026-02-04 10:50:09: 2026-02-04 10:50:09 [32minfo[39m: OPTIONS /api/attendance/range?start=2026-01-31T18:30:00.000Z&end=2026-02-28T18:29:59.999Z 200 0 - 0.058 ms
2026-02-04 10:50:09: 2026-02-04 10:50:09 [32minfo[39m: OPTIONS /api/users 200 0 - 0.114 ms
2026-02-04 10:50:09: 2026-02-04 10:50:09 [32minfo[39m: OPTIONS /api/users 200 0 - 0.083 ms
2026-02-04 10:50:09: 2026-02-04 10:50:09 [32minfo[39m: GET /api/attendance/range?start=2026-01-31T18:30:00.000Z&end=2026-02-28T18:29:59.999Z 304 - - 89.930 ms
2026-02-04 10:50:09: 2026-02-04 10:50:09 [32minfo[39m: GET /api/attendance/2026/2 304 - - 99.032 ms
2026-02-04 10:50:09: 2026-02-04 10:50:09 [32minfo[39m: GET /api/attendance/range?start=2026-01-31T18:30:00.000Z&end=2026-02-28T18:29:59.999Z 200 - - 86.856 ms
2026-02-04 10:50:09: 2026-02-04 10:50:09 [32minfo[39m: GET /api/attendance/2026/2 200 - - 94.483 ms
2026-02-04 10:50:09: [DEBUG] Date range: Wed Feb 04 2026 00:00:00 GMT+0530 (India Standard Time) to Wed Feb 04 2026 23:59:59 GMT+0530 (India Standard Time)
2026-02-04 10:50:09: [DEBUG] Appointment stats found: 0 []
2026-02-04 10:50:09: [DEBUG] Date range: Wed Feb 04 2026 00:00:00 GMT+0530 (India Standard Time) to Wed Feb 04 2026 23:59:59 GMT+0530 (India Standard Time)
2026-02-04 10:50:09: [DEBUG] Appointment stats found: 0 []
2026-02-04 10:50:09: 2026-02-04 10:50:09 [32minfo[39m: GET /api/users 200 - - 165.784 ms
2026-02-04 10:50:09: 2026-02-04 10:50:09 [32minfo[39m: GET /api/users 200 - - 171.390 ms
2026-02-04 10:50:16: 2026-02-04 10:50:16 [32minfo[39m: OPTIONS /api/users 200 0 - 0.075 ms
2026-02-04 10:50:16: 2026-02-04 10:50:16 [32minfo[39m: OPTIONS /api/users/me 200 0 - 0.072 ms
2026-02-04 10:50:16: 2026-02-04 10:50:16 [32minfo[39m: OPTIONS /api/users/me 200 0 - 0.064 ms
2026-02-04 10:50:16: 2026-02-04 10:50:16 [32minfo[39m: OPTIONS /api/users 200 0 - 0.068 ms
2026-02-04 10:50:16: 2026-02-04 10:50:16 [32minfo[39m: OPTIONS /api/tasks 200 0 - 0.073 ms
2026-02-04 10:50:16: 2026-02-04 10:50:16 [32minfo[39m: OPTIONS /api/tasks 200 0 - 0.034 ms
2026-02-04 10:50:16: 2026-02-04 10:50:16 [32minfo[39m: GET /api/tasks 200 2 - 54.874 ms
2026-02-04 10:50:16: 2026-02-04 10:50:16 [32minfo[39m: GET /api/tasks 304 - - 55.029 ms
2026-02-04 10:50:16: 2026-02-04 10:50:16 [32minfo[39m: GET /api/users/me 200 - - 63.604 ms
2026-02-04 10:50:16: 2026-02-04 10:50:16 [32minfo[39m: GET /api/users/me 200 - - 65.133 ms
2026-02-04 10:50:16: [DEBUG] Date range: Wed Feb 04 2026 00:00:00 GMT+0530 (India Standard Time) to Wed Feb 04 2026 23:59:59 GMT+0530 (India Standard Time)
2026-02-04 10:50:16: [DEBUG] Appointment stats found: 0 []
2026-02-04 10:50:16: [DEBUG] Date range: Wed Feb 04 2026 00:00:00 GMT+0530 (India Standard Time) to Wed Feb 04 2026 23:59:59 GMT+0530 (India Standard Time)
2026-02-04 10:50:16: [DEBUG] Appointment stats found: 0 []
2026-02-04 10:50:16: 2026-02-04 10:50:16 [32minfo[39m: GET /api/users 200 - - 164.987 ms
2026-02-04 10:50:16: 2026-02-04 10:50:16 [32minfo[39m: GET /api/users 200 - - 165.010 ms
2026-02-04 10:50:16: 2026-02-04 10:50:16 [32minfo[39m: OPTIONS /api/queries 200 0 - 0.063 ms
2026-02-04 10:50:16: 2026-02-04 10:50:16 [32minfo[39m: OPTIONS /api/reports 200 0 - 0.056 ms
2026-02-04 10:50:16: 2026-02-04 10:50:16 [32minfo[39m: GET /api/reports 304 - - 64.734 ms
2026-02-04 10:50:16: 2026-02-04 10:50:16 [32minfo[39m: GET /api/reports 200 - - 64.049 ms
2026-02-04 10:50:16: 2026-02-04 10:50:16 [32minfo[39m: GET /api/queries 304 - - 101.845 ms
2026-02-04 10:50:16: 2026-02-04 10:50:16 [32minfo[39m: GET /api/queries 200 - - 95.144 ms
2026-02-04 10:50:39: 2026-02-04 10:50:39 [32minfo[39m: OPTIONS /api/users/register 200 0 - 0.081 ms
2026-02-04 10:50:39: 2026-02-04 10:50:39 [32minfo[39m: POST /api/users/register 403 53 - 32.821 ms
2026-02-04 10:50:43: 2026-02-04 10:50:43 [32minfo[39m: OPTIONS /api/attendance/2026/2 200 0 - 0.104 ms
2026-02-04 10:50:43: 2026-02-04 10:50:43 [32minfo[39m: GET /api/attendance/2026/2 304 - - 104.813 ms
2026-02-04 10:50:45: 🔌 Socket wjU3CtpkjP097FmeAAAR disconnected. Reason: transport close
2026-02-04 10:50:45: 🚫 Recorded user disconnection: 68fcc5bfb85c2281711925bb
2026-02-04 10:50:45: 👤 User undefined (68fcc5bfb85c2281711925bb) disconnected
2026-02-04 10:50:45: 2026-02-04 10:50:45 [32minfo[39m: OPTIONS /api/messages/unread-count 200 0 - 0.056 ms
2026-02-04 10:50:45: 2026-02-04 10:50:45 [32minfo[39m: OPTIONS /api/messages/unread-count 200 0 - 0.056 ms
2026-02-04 10:50:45: 🔌 New socket connection: mX05enRBtlaZT3KqAAAT
2026-02-04 10:50:45: 🔗 Socket mX05enRBtlaZT3KqAAAT joined room user_68fcc5bfb85c2281711925bb (auto-join on connection)
2026-02-04 10:50:45: 🔗 Recorded user connection: 68fcc5bfb85c2281711925bb with socket mX05enRBtlaZT3KqAAAT
2026-02-04 10:50:45: 🚪 Socket mX05enRBtlaZT3KqAAAT joined user room user_68fcc5bfb85c2281711925bb
2026-02-04 10:50:45: 🚪 Socket mX05enRBtlaZT3KqAAAT joined user room user_68fcc5bfb85c2281711925bb
2026-02-04 10:50:45: 🚪 Socket mX05enRBtlaZT3KqAAAT joined user room user_68fcc5bfb85c2281711925bb
2026-02-04 10:50:45: 🚪 Socket mX05enRBtlaZT3KqAAAT joined user room user_68fcc5bfb85c2281711925bb
2026-02-04 10:50:45: 🚪 Socket mX05enRBtlaZT3KqAAAT joined user room user_68fcc5bfb85c2281711925bb
2026-02-04 10:50:45: 🔍 [DEBUG] Unread count endpoint hit
2026-02-04 10:50:45: 🔍 [DEBUG] req.user exists: [33mtrue[39m
2026-02-04 10:50:45: 🔍 [DEBUG] req.user.id: 68fcc5bfb85c2281711925bb
2026-02-04 10:50:45: 🔍 [DEBUG] req.user._id: new ObjectId([32m'68fcc5bfb85c2281711925bb'[39m)
2026-02-04 10:50:45: 🔍 [DEBUG] Extracted user ID: 68fcc5bfb85c2281711925bb
2026-02-04 10:50:45: 📬 Fetching unread count for user: 68fcc5bfb85c2281711925bb
2026-02-04 10:50:45: 🔍 [DEBUG] About to query database...
2026-02-04 10:50:45: 🔍 [DEBUG] Unread count endpoint hit
2026-02-04 10:50:45: 🔍 [DEBUG] req.user exists: [33mtrue[39m
2026-02-04 10:50:45: 🔍 [DEBUG] req.user.id: 68fcc5bfb85c2281711925bb
2026-02-04 10:50:45: 🔍 [DEBUG] req.user._id: new ObjectId([32m'68fcc5bfb85c2281711925bb'[39m)
2026-02-04 10:50:45: 🔍 [DEBUG] Extracted user ID: 68fcc5bfb85c2281711925bb
2026-02-04 10:50:45: 📬 Fetching unread count for user: 68fcc5bfb85c2281711925bb
2026-02-04 10:50:45: 🔍 [DEBUG] About to query database...
2026-02-04 10:50:45: 📬 Unread count result: [33m4[39m
2026-02-04 10:50:45: 2026-02-04 10:50:45 [32minfo[39m: GET /api/messages/unread-count 200 17 - 66.939 ms
2026-02-04 10:50:45: 📬 Unread count result: [33m4[39m
2026-02-04 10:50:45: 2026-02-04 10:50:45 [32minfo[39m: GET /api/messages/unread-count 304 - - 71.489 ms
2026-02-04 10:50:45: 2026-02-04 10:50:45 [32minfo[39m: OPTIONS /api/users 200 0 - 0.060 ms
2026-02-04 10:50:45: 2026-02-04 10:50:45 [32minfo[39m: GET /api/attendance/2026/2 304 - - 93.303 ms
2026-02-04 10:50:45: 2026-02-04 10:50:45 [32minfo[39m: GET /api/attendance/2026/2 200 - - 93.605 ms
2026-02-04 10:50:45: [DEBUG] Date range: Wed Feb 04 2026 00:00:00 GMT+0530 (India Standard Time) to Wed Feb 04 2026 23:59:59 GMT+0530 (India Standard Time)
2026-02-04 10:50:45: [DEBUG] Appointment stats found: 0 []
2026-02-04 10:50:45: 2026-02-04 10:50:45 [32minfo[39m: GET /api/users 200 - - 165.502 ms
2026-02-04 10:50:46: 🔌 Socket mX05enRBtlaZT3KqAAAT disconnected. Reason: transport close
2026-02-04 10:50:46: 🚫 Recorded user disconnection: 68fcc5bfb85c2281711925bb
2026-02-04 10:50:46: 👤 User undefined (68fcc5bfb85c2281711925bb) disconnected
2026-02-04 10:50:46: 2026-02-04 10:50:46 [32minfo[39m: GET /api/messages/unread-count - - - - ms
2026-02-04 10:50:46: 2026-02-04 10:50:46 [32minfo[39m: GET /api/messages/unread-count - - - - ms
2026-02-04 10:50:46: 🔍 [DEBUG] Unread count endpoint hit
2026-02-04 10:50:46: 🔍 [DEBUG] req.user exists: [33mtrue[39m
2026-02-04 10:50:46: 🔍 [DEBUG] req.user.id: 68fcc5bfb85c2281711925bb
2026-02-04 10:50:46: 🔍 [DEBUG] req.user._id: new ObjectId([32m'68fcc5bfb85c2281711925bb'[39m)
2026-02-04 10:50:46: 🔍 [DEBUG] Extracted user ID: 68fcc5bfb85c2281711925bb
2026-02-04 10:50:46: 📬 Fetching unread count for user: 68fcc5bfb85c2281711925bb
2026-02-04 10:50:46: 🔍 [DEBUG] About to query database...
2026-02-04 10:50:46: 🔍 [DEBUG] Unread count endpoint hit
2026-02-04 10:50:46: 🔍 [DEBUG] req.user exists: [33mtrue[39m
2026-02-04 10:50:46: 🔍 [DEBUG] req.user.id: 68fcc5bfb85c2281711925bb
2026-02-04 10:50:46: 🔍 [DEBUG] req.user._id: new ObjectId([32m'68fcc5bfb85c2281711925bb'[39m)
2026-02-04 10:50:46: 🔍 [DEBUG] Extracted user ID: 68fcc5bfb85c2281711925bb
2026-02-04 10:50:46: 📬 Fetching unread count for user: 68fcc5bfb85c2281711925bb
2026-02-04 10:50:46: 🔍 [DEBUG] About to query database...
2026-02-04 10:50:46: 📬 Unread count result: [33m4[39m
2026-02-04 10:50:47: 📬 Unread count result: [33m4[39m
2026-02-04 10:50:47: 2026-02-04 10:50:47 [32minfo[39m: OPTIONS /api/messages/unread-count 200 0 - 0.056 ms
2026-02-04 10:50:47: 2026-02-04 10:50:47 [32minfo[39m: OPTIONS /api/messages/unread-count 200 0 - 0.096 ms
2026-02-04 10:50:47: 🔌 New socket connection: JaG66wvCBwRsD-0tAAAW
2026-02-04 10:50:47: 🔗 Socket JaG66wvCBwRsD-0tAAAW joined room user_68fcc5bfb85c2281711925bb (auto-join on connection)
2026-02-04 10:50:47: 🔗 Recorded user connection: 68fcc5bfb85c2281711925bb with socket JaG66wvCBwRsD-0tAAAW
2026-02-04 10:50:47: 🚪 Socket JaG66wvCBwRsD-0tAAAW joined user room user_68fcc5bfb85c2281711925bb
2026-02-04 10:50:47: 🚪 Socket JaG66wvCBwRsD-0tAAAW joined user room user_68fcc5bfb85c2281711925bb
2026-02-04 10:50:47: 🚪 Socket JaG66wvCBwRsD-0tAAAW joined user room user_68fcc5bfb85c2281711925bb
2026-02-04 10:50:47: 🚪 Socket JaG66wvCBwRsD-0tAAAW joined user room user_68fcc5bfb85c2281711925bb
2026-02-04 10:50:47: 🚪 Socket JaG66wvCBwRsD-0tAAAW joined user room user_68fcc5bfb85c2281711925bb
2026-02-04 10:50:47: 🔍 [DEBUG] Unread count endpoint hit
2026-02-04 10:50:47: 🔍 [DEBUG] req.user exists: [33mtrue[39m
2026-02-04 10:50:47: 🔍 [DEBUG] req.user.id: 68fcc5bfb85c2281711925bb
2026-02-04 10:50:47: 🔍 [DEBUG] req.user._id: new ObjectId([32m'68fcc5bfb85c2281711925bb'[39m)
2026-02-04 10:50:47: 🔍 [DEBUG] Extracted user ID: 68fcc5bfb85c2281711925bb
2026-02-04 10:50:47: 📬 Fetching unread count for user: 68fcc5bfb85c2281711925bb
2026-02-04 10:50:47: 🔍 [DEBUG] About to query database...
2026-02-04 10:50:47: 🔍 [DEBUG] Unread count endpoint hit
2026-02-04 10:50:47: 🔍 [DEBUG] req.user exists: [33mtrue[39m
2026-02-04 10:50:47: 🔍 [DEBUG] req.user.id: 68fcc5bfb85c2281711925bb
2026-02-04 10:50:47: 🔍 [DEBUG] req.user._id: new ObjectId([32m'68fcc5bfb85c2281711925bb'[39m)
2026-02-04 10:50:47: 🔍 [DEBUG] Extracted user ID: 68fcc5bfb85c2281711925bb
2026-02-04 10:50:47: 📬 Fetching unread count for user: 68fcc5bfb85c2281711925bb
2026-02-04 10:50:47: 🔍 [DEBUG] About to query database...
2026-02-04 10:50:47: 📬 Unread count result: [33m4[39m
2026-02-04 10:50:47: 2026-02-04 10:50:47 [32minfo[39m: GET /api/messages/unread-count 304 - - 71.858 ms
2026-02-04 10:50:47: 📬 Unread count result: [33m4[39m
2026-02-04 10:50:47: 2026-02-04 10:50:47 [32minfo[39m: GET /api/messages/unread-count 200 17 - 71.143 ms
2026-02-04 10:50:47: 2026-02-04 10:50:47 [32minfo[39m: GET /api/attendance/2026/2 304 - - 93.713 ms
2026-02-04 10:50:47: 2026-02-04 10:50:47 [32minfo[39m: GET /api/attendance/2026/2 200 - - 99.350 ms
2026-02-04 10:50:47: [DEBUG] Date range: Wed Feb 04 2026 00:00:00 GMT+0530 (India Standard Time) to Wed Feb 04 2026 23:59:59 GMT+0530 (India Standard Time)
2026-02-04 10:50:47: [DEBUG] Appointment stats found: 0 []
2026-02-04 10:50:48: 2026-02-04 10:50:48 [32minfo[39m: GET /api/users 200 - - 160.800 ms
2026-02-04 10:51:17: 2026-02-04 10:51:17 [32minfo[39m: OPTIONS /api/attendance/2026/2 200 0 - 0.445 ms
2026-02-04 10:51:17: 2026-02-04 10:51:17 [32minfo[39m: GET /api/attendance/2026/2 304 - - 101.629 ms
2026-02-04 10:51:28: 2026-02-04 10:51:28 [32minfo[39m: OPTIONS /api/users/register 200 0 - 0.117 ms
2026-02-04 10:51:28: 2026-02-04 10:51:28 [32minfo[39m: POST /api/users/register 403 53 - 33.519 ms
2026-02-04 10:53:02: 🔗 Recorded user connection: 68fcc5bfb85c2281711925bb with socket JaG66wvCBwRsD-0tAAAW
2026-02-04 10:53:02: 2026-02-04 10:53:02 [32minfo[39m: OPTIONS /api/attendance/2026/2 200 0 - 0.116 ms
2026-02-04 10:53:02: 2026-02-04 10:53:02 [32minfo[39m: GET /api/attendance/2026/2 304 - - 102.285 ms
2026-02-04 10:53:11: ⏰ Session timeout check triggered at 4/2/2026, 10:53:11 am
2026-02-04 10:53:33: 2026-02-04 10:53:33 [32minfo[39m: OPTIONS /api/attendance/2026/2 200 0 - 0.074 ms
2026-02-04 10:53:33: 2026-02-04 10:53:33 [32minfo[39m: GET /api/attendance/2026/2 304 - - 97.776 ms
2026-02-04 10:54:02: 🔗 Recorded user connection: 68fcc5bfb85c2281711925bb with socket JaG66wvCBwRsD-0tAAAW
2026-02-04 10:54:03: 2026-02-04 10:54:03 [32minfo[39m: OPTIONS /api/attendance/2026/2 200 0 - 0.054 ms
2026-02-04 10:54:03: 2026-02-04 10:54:03 [32minfo[39m: GET /api/attendance/2026/2 304 - - 106.408 ms
2026-02-04 10:54:33: 2026-02-04 10:54:33 [32minfo[39m: OPTIONS /api/attendance/2026/2 200 0 - 0.060 ms
2026-02-04 10:54:33: 2026-02-04 10:54:33 [32minfo[39m: GET /api/attendance/2026/2 304 - - 104.125 ms
2026-02-04 10:55:02: 🔗 Recorded user connection: 68fcc5bfb85c2281711925bb with socket JaG66wvCBwRsD-0tAAAW
2026-02-04 10:55:04: 2026-02-04 10:55:04 [32minfo[39m: OPTIONS /api/attendance/2026/2 200 0 - 0.049 ms
2026-02-04 10:55:04: 2026-02-04 10:55:04 [32minfo[39m: GET /api/attendance/2026/2 304 - - 93.593 ms
2026-02-04 10:55:34: 2026-02-04 10:55:34 [32minfo[39m: OPTIONS /api/attendance/2026/2 200 0 - 0.053 ms
2026-02-04 10:55:34: 2026-02-04 10:55:34 [32minfo[39m: GET /api/attendance/2026/2 304 - - 100.501 ms
2026-02-04 10:56:02: 🔗 Recorded user connection: 68fcc5bfb85c2281711925bb with socket JaG66wvCBwRsD-0tAAAW
2026-02-04 10:56:04: 2026-02-04 10:56:04 [32minfo[39m: OPTIONS /api/attendance/2026/2 200 0 - 0.050 ms
2026-02-04 10:56:04: 2026-02-04 10:56:04 [32minfo[39m: GET /api/attendance/2026/2 304 - - 103.792 ms
2026-02-04 10:56:34: 2026-02-04 10:56:34 [32minfo[39m: OPTIONS /api/attendance/2026/2 200 0 - 0.086 ms
2026-02-04 10:56:34: 2026-02-04 10:56:34 [32minfo[39m: GET /api/attendance/2026/2 304 - - 96.545 ms
2026-02-04 10:57:02: 🔗 Recorded user connection: 68fcc5bfb85c2281711925bb with socket JaG66wvCBwRsD-0tAAAW
2026-02-04 10:57:04: 2026-02-04 10:57:04 [32minfo[39m: OPTIONS /api/attendance/2026/2 200 0 - 0.073 ms
2026-02-04 10:57:04: 2026-02-04 10:57:04 [32minfo[39m: GET /api/attendance/2026/2 304 - - 106.097 ms
2026-02-04 10:57:34: 2026-02-04 10:57:34 [32minfo[39m: OPTIONS /api/attendance/2026/2 200 0 - 0.104 ms
2026-02-04 10:57:34: 2026-02-04 10:57:34 [32minfo[39m: GET /api/attendance/2026/2 304 - - 105.611 ms
2026-02-04 10:58:03: 🔗 Recorded user connection: 68fcc5bfb85c2281711925bb with socket JaG66wvCBwRsD-0tAAAW
2026-02-04 10:58:05: 2026-02-04 10:58:05 [32minfo[39m: OPTIONS /api/attendance/2026/2 200 0 - 0.097 ms
2026-02-04 10:58:05: 2026-02-04 10:58:05 [32minfo[39m: GET /api/attendance/2026/2 304 - - 102.237 ms
